subscription_id	call_id	duration_sec	ts
S01578	W0000001	920	2025-02-12T21:17:00Z
S01578	W0000002	107	2025-02-22T13:37:00Z
S01578	W0000003	1293	2025-02-25T21:55:00Z
S01578	W0000004	613	2025-02-05T21:46:00Z
S01578	W0000005	1451	2025-02-06T15:23:00Z
S01578	W0000006	74	2025-02-27T14:45:00Z
S01578	W0000007	873	2025-02-28T07:19:00Z
S01578	W0000008	1106	2025-02-16T04:05:00Z
S01578	W0000009	998	2025-02-07T12:21:00Z
S01578	W0000010	465	2025-02-01T01:38:00Z
S01578	W0000011	1790	2025-02-09T17:07:00Z
S01578	W0000012	1457	2025-02-27T16:35:00Z
S01578	W0000013	1533	2025-02-22T14:19:00Z
S01578	W0000014	677	2025-02-24T17:46:00Z
S01578	W0000015	1550	2025-02-14T20:50:00Z
S01578	W0000016	1408	2025-02-11T07:50:00Z
S01578	W0000017	1381	2025-02-05T10:53:00Z
S01764	W0000018	522	2025-02-28T01:24:00Z
S01764	W0000019	1221	2025-02-10T00:57:00Z
S01764	W0000020	353	2025-02-10T16:39:00Z
S01764	W0000021	1746	2025-02-23T20:36:00Z
S01764	W0000022	1405	2025-02-16T10:27:00Z
S00652	W0000023	1748	2025-02-13T19:06:00Z
S00652	W0000024	335	2025-02-05T19:46:00Z
S00652	W0000025	1583	2025-02-08T19:42:00Z
S00652	W0000026	1735	2025-02-17T00:40:00Z
S00652	W0000027	693	2025-02-12T16:08:00Z
S00652	W0000028	1175	2025-02-20T17:23:00Z
S00652	W0000029	982	2025-02-04T23:54:00Z
S00652	W0000030	440	2025-02-03T19:38:00Z
S00652	W0000031	1279	2025-02-25T18:09:00Z
S00652	W0000032	306	2025-02-12T17:07:00Z
S00652	W0000033	601	2025-02-17T01:41:00Z
S00652	W0000034	1675	2025-02-05T02:45:00Z
S00652	W0000035	1263	2025-02-13T10:12:00Z
S00652	W0000036	1430	2025-02-27T11:13:00Z
S00652	W0000037	675	2025-02-25T05:35:00Z
S00652	W0000038	1125	2025-02-17T18:41:00Z
S00652	W0000039	1698	2025-02-24T17:59:00Z
S00652	W0000040	493	2025-02-08T13:22:00Z
S00652	W0000041	261	2025-02-24T20:29:00Z
S00652	W0000042	1092	2025-02-28T11:27:00Z
S00652	W0000043	531	2025-02-13T00:54:00Z
S00881	W0000044	116	2025-02-13T12:16:00Z
S00881	W0000045	454	2025-02-08T02:11:00Z
S00881	W0000046	84	2025-02-04T12:46:00Z
S00881	W0000047	793	2025-02-02T10:45:00Z
S00881	W0000048	1475	2025-02-04T00:52:00Z
S00881	W0000049	278	2025-02-05T11:06:00Z
S00881	W0000050	568	2025-02-24T12:08:00Z
S00881	W0000051	1264	2025-02-23T16:59:00Z
S00881	W0000052	161	2025-02-12T02:46:00Z
S00881	W0000053	1785	2025-02-04T14:55:00Z
S00881	W0000054	1393	2025-02-08T22:37:00Z
S00881	W0000055	1788	2025-02-17T07:20:00Z
S00881	W0000056	1604	2025-02-20T13:48:00Z
S00881	W0000057	722	2025-02-19T00:40:00Z
S00881	W0000058	231	2025-02-02T11:35:00Z
S00881	W0000059	350	2025-02-23T05:05:00Z
S00881	W0000060	630	2025-02-20T03:25:00Z
S00881	W0000061	721	2025-02-17T14:46:00Z
S00881	W0000062	1423	2025-02-19T08:59:00Z
S00881	W0000063	457	2025-02-09T21:53:00Z
S00881	W0000064	1628	2025-02-05T16:47:00Z
S00881	W0000065	1688	2025-02-25T22:32:00Z
S00881	W0000066	632	2025-02-04T17:44:00Z
S00881	W0000067	828	2025-02-03T23:58:00Z
S00881	W0000068	707	2025-02-04T07:22:00Z
S00881	W0000069	49	2025-02-19T22:56:00Z
S00881	W0000070	1304	2025-02-01T03:58:00Z
S00881	W0000071	64	2025-02-01T21:08:00Z
S00801	W0000072	1424	2025-02-16T00:43:00Z
S00801	W0000073	1561	2025-02-12T09:39:00Z
S00801	W0000074	1418	2025-02-28T00:46:00Z
S00801	W0000075	107	2025-02-16T21:15:00Z
S00801	W0000076	1464	2025-02-06T02:41:00Z
S00801	W0000077	290	2025-02-12T14:29:00Z
S00801	W0000078	732	2025-02-01T23:55:00Z
S00801	W0000079	421	2025-02-01T11:59:00Z
S00801	W0000080	1746	2025-02-12T16:04:00Z
S00801	W0000081	1394	2025-02-11T18:58:00Z
S00801	W0000082	1163	2025-02-07T03:49:00Z
S00801	W0000083	812	2025-02-14T13:19:00Z
S00801	W0000084	735	2025-02-25T18:20:00Z
S00801	W0000085	1471	2025-02-05T08:13:00Z
S00801	W0000086	1744	2025-02-25T11:58:00Z
S00801	W0000087	929	2025-02-01T20:29:00Z
S00801	W0000088	769	2025-02-21T11:10:00Z
S00801	W0000089	472	2025-02-28T15:03:00Z
S00801	W0000090	225	2025-02-13T18:32:00Z
S00801	W0000091	1747	2025-02-17T06:00:00Z
S00801	W0000092	329	2025-02-24T04:08:00Z
S00801	W0000093	321	2025-02-25T16:42:00Z
S00801	W0000094	1617	2025-02-05T01:51:00Z
S00801	W0000095	1321	2025-02-11T15:33:00Z
S00801	W0000096	739	2025-02-16T20:21:00Z
S00801	W0000097	1666	2025-02-28T06:17:00Z
S00801	W0000098	279	2025-02-13T04:55:00Z
S00742	W0000099	344	2025-02-12T10:53:00Z
S00742	W0000100	1524	2025-02-20T13:22:00Z
S00742	W0000101	171	2025-02-04T06:35:00Z
S00742	W0000102	1509	2025-02-27T01:22:00Z
S00742	W0000103	1464	2025-02-10T23:02:00Z
S00742	W0000104	292	2025-02-27T07:17:00Z
S00742	W0000105	1537	2025-02-23T22:18:00Z
S00742	W0000106	1526	2025-02-03T17:48:00Z
S00742	W0000107	650	2025-02-28T14:34:00Z
S00742	W0000108	810	2025-02-19T14:31:00Z
S00742	W0000109	1025	2025-02-08T04:13:00Z
S00742	W0000110	346	2025-02-13T23:49:00Z
S00742	W0000111	1045	2025-02-07T08:39:00Z
S00742	W0000112	1165	2025-02-09T03:20:00Z
S01892	W0000113	1229	2025-02-15T15:17:00Z
S01892	W0000114	941	2025-02-28T19:16:00Z
S01892	W0000115	433	2025-02-19T11:59:00Z
S01892	W0000116	1677	2025-02-26T07:01:00Z
S01892	W0000117	773	2025-02-21T08:53:00Z
S01892	W0000118	730	2025-02-26T14:48:00Z
S01892	W0000119	1309	2025-02-18T04:40:00Z
S01892	W0000120	1028	2025-02-11T05:14:00Z
S01705	W0000121	1204	2025-02-19T16:04:00Z
S01705	W0000122	519	2025-02-01T13:42:00Z
S01705	W0000123	939	2025-02-24T03:25:00Z
S01705	W0000124	363	2025-02-25T16:28:00Z
S01705	W0000125	692	2025-02-14T15:28:00Z
S01705	W0000126	703	2025-02-16T01:42:00Z
S01705	W0000127	966	2025-02-18T14:12:00Z
S01705	W0000128	1424	2025-02-24T16:09:00Z
S01002	W0000129	525	2025-02-27T20:10:00Z
S01002	W0000130	1176	2025-02-11T05:31:00Z
S01002	W0000131	1125	2025-02-28T08:55:00Z
S01002	W0000132	1099	2025-02-16T11:29:00Z
S01002	W0000133	1084	2025-02-01T16:56:00Z
S01002	W0000134	1791	2025-02-06T12:33:00Z
S01002	W0000135	1153	2025-02-23T08:53:00Z
S01002	W0000136	812	2025-02-05T20:26:00Z
S01002	W0000137	1799	2025-02-14T01:55:00Z
S01002	W0000138	994	2025-02-08T23:12:00Z
S01002	W0000139	810	2025-02-27T18:55:00Z
S01002	W0000140	1140	2025-02-19T00:20:00Z
S01002	W0000141	1707	2025-02-23T02:15:00Z
S01002	W0000142	1439	2025-02-03T23:44:00Z
S01002	W0000143	502	2025-02-25T12:31:00Z
S01002	W0000144	1698	2025-02-17T06:38:00Z
S01002	W0000145	64	2025-02-08T13:20:00Z
S01002	W0000146	928	2025-02-21T08:55:00Z
S01002	W0000147	925	2025-02-15T10:13:00Z
S01002	W0000148	1402	2025-02-21T04:41:00Z
S01002	W0000149	821	2025-02-12T08:47:00Z
S01002	W0000150	1342	2025-02-03T10:56:00Z
S01002	W0000151	145	2025-02-18T02:36:00Z
S01002	W0000152	1771	2025-02-22T22:20:00Z
S01002	W0000153	1709	2025-02-01T00:24:00Z
S01002	W0000154	921	2025-02-06T09:11:00Z
S01002	W0000155	1643	2025-02-15T22:06:00Z
S01002	W0000156	1288	2025-02-03T03:57:00Z
S01853	W0000157	993	2025-02-11T08:36:00Z
S01853	W0000158	1531	2025-02-23T22:55:00Z
S01853	W0000159	868	2025-02-13T01:43:00Z
S01853	W0000160	1706	2025-02-13T08:54:00Z
S01853	W0000161	315	2025-02-05T14:33:00Z
S01853	W0000162	1211	2025-02-28T15:43:00Z
S01853	W0000163	634	2025-02-04T05:02:00Z
S01853	W0000164	1208	2025-02-09T00:51:00Z
S01853	W0000165	820	2025-02-15T06:15:00Z
S01853	W0000166	204	2025-02-14T10:09:00Z
S01853	W0000167	226	2025-02-09T03:49:00Z
S01853	W0000168	1255	2025-02-07T19:56:00Z
S01853	W0000169	1700	2025-02-07T01:44:00Z
S01853	W0000170	1382	2025-02-28T10:01:00Z
S01853	W0000171	1768	2025-02-06T03:50:00Z
S01853	W0000172	1326	2025-02-24T18:14:00Z
S01853	W0000173	577	2025-02-03T04:34:00Z
S01853	W0000174	23	2025-02-04T04:47:00Z
S00180	W0000175	211	2025-02-15T22:18:00Z
S00180	W0000176	829	2025-02-16T01:39:00Z
S00180	W0000177	615	2025-02-09T21:09:00Z
S00180	W0000178	933	2025-02-26T22:28:00Z
S00463	W0000179	999	2025-02-11T10:17:00Z
S00463	W0000180	1687	2025-02-04T06:45:00Z
S00463	W0000181	531	2025-02-04T18:41:00Z
S00463	W0000182	380	2025-02-05T19:18:00Z
S00463	W0000183	852	2025-02-22T15:59:00Z
S00764	W0000184	602	2025-02-17T02:53:00Z
S00764	W0000185	1289	2025-02-05T12:36:00Z
S00764	W0000186	1738	2025-02-25T20:13:00Z
S00764	W0000187	1707	2025-02-04T14:52:00Z
S00764	W0000188	114	2025-02-12T18:43:00Z
S00764	W0000189	1745	2025-02-13T08:32:00Z
S00764	W0000190	1174	2025-02-22T19:33:00Z
S00764	W0000191	530	2025-02-03T12:07:00Z
S00764	W0000192	751	2025-02-19T18:53:00Z
S00764	W0000193	741	2025-02-01T19:15:00Z
S00764	W0000194	785	2025-02-17T11:13:00Z
S00764	W0000195	1364	2025-02-28T12:47:00Z
S00764	W0000196	304	2025-02-12T02:29:00Z
S00764	W0000197	459	2025-02-16T09:49:00Z
S00764	W0000198	97	2025-02-06T09:05:00Z
S00764	W0000199	512	2025-02-21T19:55:00Z
S00764	W0000200	231	2025-02-13T11:34:00Z
S00764	W0000201	1526	2025-02-14T14:31:00Z
S00764	W0000202	841	2025-02-20T12:47:00Z
S00764	W0000203	282	2025-02-05T10:04:00Z
S00764	W0000204	1728	2025-02-21T11:27:00Z
S00764	W0000205	1523	2025-02-01T21:21:00Z
S01904	W0000206	1091	2025-02-28T02:55:00Z
S01904	W0000207	414	2025-02-12T04:56:00Z
S01904	W0000208	662	2025-02-22T18:07:00Z
S01904	W0000209	686	2025-02-17T02:22:00Z
S01904	W0000210	1278	2025-02-06T20:43:00Z
S01693	W0000211	225	2025-02-20T22:43:00Z
S01693	W0000212	313	2025-02-26T08:02:00Z
S01693	W0000213	1236	2025-02-21T22:21:00Z
S01693	W0000214	682	2025-02-14T00:44:00Z
S01693	W0000215	566	2025-02-17T23:34:00Z
S01693	W0000216	754	2025-02-07T11:57:00Z
S01693	W0000217	486	2025-02-22T20:32:00Z
S01693	W0000218	1789	2025-02-06T12:02:00Z
S01693	W0000219	231	2025-02-10T01:46:00Z
S01693	W0000220	164	2025-02-14T02:16:00Z
S01693	W0000221	777	2025-02-09T14:48:00Z
S01693	W0000222	1173	2025-02-27T23:42:00Z
S01693	W0000223	1480	2025-02-09T08:36:00Z
S01693	W0000224	363	2025-02-26T00:15:00Z
S01693	W0000225	838	2025-02-02T10:48:00Z
S01693	W0000226	895	2025-02-15T05:48:00Z
S01693	W0000227	769	2025-02-13T12:19:00Z
S01693	W0000228	1054	2025-02-13T00:52:00Z
S01693	W0000229	1217	2025-02-22T04:58:00Z
S01693	W0000230	887	2025-02-09T11:09:00Z
S01693	W0000231	1684	2025-02-03T01:34:00Z
S01693	W0000232	1179	2025-02-02T22:35:00Z
S01693	W0000233	991	2025-02-10T00:28:00Z
S01693	W0000234	1042	2025-02-23T11:57:00Z
S01693	W0000235	1716	2025-02-04T05:14:00Z
S01693	W0000236	792	2025-02-27T14:20:00Z
S01693	W0000237	1401	2025-02-14T22:11:00Z
S01693	W0000238	1676	2025-02-25T23:11:00Z
S01693	W0000239	756	2025-02-16T20:54:00Z
S00698	W0000240	129	2025-02-22T10:41:00Z
S00698	W0000241	1141	2025-02-23T04:00:00Z
S00698	W0000242	1343	2025-02-18T07:11:00Z
S00698	W0000243	1413	2025-02-23T07:52:00Z
S00698	W0000244	1153	2025-02-22T00:41:00Z
S00698	W0000245	858	2025-02-26T09:01:00Z
S00698	W0000246	176	2025-02-02T09:44:00Z
S00698	W0000247	1116	2025-02-28T19:06:00Z
S00698	W0000248	720	2025-02-07T19:23:00Z
S00698	W0000249	1195	2025-02-26T08:17:00Z
S00698	W0000250	307	2025-02-09T17:45:00Z
S00698	W0000251	780	2025-02-17T10:57:00Z
S00834	W0000252	668	2025-02-14T22:22:00Z
S00834	W0000253	404	2025-02-16T05:44:00Z
S00834	W0000254	1383	2025-02-10T03:36:00Z
S00834	W0000255	824	2025-02-14T12:16:00Z
S00834	W0000256	1710	2025-02-25T18:03:00Z
S00834	W0000257	1718	2025-02-09T16:04:00Z
S00834	W0000258	1130	2025-02-12T03:53:00Z
S00834	W0000259	634	2025-02-02T07:34:00Z
S00834	W0000260	1307	2025-02-15T13:32:00Z
S00834	W0000261	870	2025-02-02T19:55:00Z
S00834	W0000262	502	2025-02-16T20:27:00Z
S00834	W0000263	1045	2025-02-27T08:56:00Z
S00834	W0000264	403	2025-02-13T14:34:00Z
S00834	W0000265	832	2025-02-12T07:24:00Z
S00834	W0000266	1778	2025-02-07T11:54:00Z
S00834	W0000267	1411	2025-02-09T10:07:00Z
S00834	W0000268	1198	2025-02-03T13:32:00Z
S00834	W0000269	833	2025-02-20T03:58:00Z
S00834	W0000270	745	2025-02-24T12:40:00Z
S00367	W0000271	951	2025-02-16T20:37:00Z
S00367	W0000272	1002	2025-02-07T20:14:00Z
S00367	W0000273	1257	2025-02-02T17:14:00Z
S00367	W0000274	648	2025-02-10T22:02:00Z
S01371	W0000275	1688	2025-02-25T22:51:00Z
S01371	W0000276	524	2025-02-08T16:37:00Z
S01371	W0000277	37	2025-02-14T22:52:00Z
S01371	W0000278	208	2025-02-27T14:27:00Z
S01371	W0000279	1603	2025-02-15T02:29:00Z
S01371	W0000280	207	2025-02-22T02:54:00Z
S01371	W0000281	932	2025-02-08T08:39:00Z
S01371	W0000282	1299	2025-02-25T05:40:00Z
S01371	W0000283	680	2025-02-09T13:26:00Z
S01371	W0000284	547	2025-02-05T09:07:00Z
S01371	W0000285	337	2025-02-27T05:28:00Z
S01371	W0000286	418	2025-02-04T13:33:00Z
S01371	W0000287	1126	2025-02-17T13:48:00Z
S01371	W0000288	1243	2025-02-19T03:15:00Z
S01371	W0000289	1411	2025-02-28T01:33:00Z
S01371	W0000290	1571	2025-02-25T07:14:00Z
S01488	W0000291	660	2025-02-11T02:51:00Z
S01488	W0000292	384	2025-02-03T21:40:00Z
S01488	W0000293	1658	2025-02-15T13:17:00Z
S01488	W0000294	588	2025-02-01T04:19:00Z
S01488	W0000295	1453	2025-02-16T04:27:00Z
S01488	W0000296	1200	2025-02-03T17:48:00Z
S01488	W0000297	1521	2025-02-23T14:02:00Z
S01488	W0000298	792	2025-02-21T00:10:00Z
S01488	W0000299	194	2025-02-10T23:24:00Z
S01488	W0000300	1576	2025-02-21T09:41:00Z
S01488	W0000301	1798	2025-02-10T07:48:00Z
S01488	W0000302	1319	2025-02-05T13:58:00Z
S01488	W0000303	1476	2025-02-27T19:48:00Z
S01488	W0000304	148	2025-02-27T19:48:00Z
S01488	W0000305	607	2025-02-01T13:25:00Z
S01488	W0000306	100	2025-02-26T09:27:00Z
S01488	W0000307	164	2025-02-15T04:02:00Z
S01488	W0000308	588	2025-02-15T18:17:00Z
S01488	W0000309	666	2025-02-22T08:02:00Z
S01488	W0000310	566	2025-02-09T14:39:00Z
S01488	W0000311	1790	2025-02-25T21:05:00Z
S01488	W0000312	547	2025-02-13T22:22:00Z
S01488	W0000313	1224	2025-02-03T08:37:00Z
S01488	W0000314	881	2025-02-22T23:18:00Z
S01488	W0000315	1127	2025-02-09T23:30:00Z
S01754	W0000316	747	2025-02-02T07:29:00Z
S01754	W0000317	1753	2025-02-16T07:03:00Z
S01754	W0000318	1323	2025-02-06T01:36:00Z
S01754	W0000319	1107	2025-02-22T09:26:00Z
S01754	W0000320	214	2025-02-19T00:50:00Z
S01754	W0000321	1552	2025-02-08T21:05:00Z
S01754	W0000322	927	2025-02-15T10:37:00Z
S01754	W0000323	1544	2025-02-06T14:32:00Z
S01754	W0000324	277	2025-02-21T04:11:00Z
S01754	W0000325	1426	2025-02-03T14:49:00Z
S01754	W0000326	614	2025-02-09T08:51:00Z
S01754	W0000327	908	2025-02-12T18:09:00Z
S01754	W0000328	314	2025-02-08T01:42:00Z
S01754	W0000329	890	2025-02-05T17:06:00Z
S01754	W0000330	1232	2025-02-17T04:12:00Z
S01754	W0000331	297	2025-02-09T13:31:00Z
S01754	W0000332	375	2025-02-14T01:27:00Z
S01754	W0000333	1481	2025-02-06T14:56:00Z
S01754	W0000334	1535	2025-02-07T11:28:00Z
S01754	W0000335	1295	2025-02-08T11:16:00Z
S01754	W0000336	818	2025-02-03T09:47:00Z
S01754	W0000337	875	2025-02-26T05:24:00Z
S01754	W0000338	1564	2025-02-17T20:39:00Z
S01754	W0000339	1086	2025-02-11T17:43:00Z
S01754	W0000340	1521	2025-02-05T12:09:00Z
S01754	W0000341	1248	2025-02-18T11:53:00Z
S01754	W0000342	811	2025-02-16T05:33:00Z
S01754	W0000343	710	2025-02-15T18:31:00Z
S01263	W0000344	653	2025-02-15T20:42:00Z
S01263	W0000345	1758	2025-02-05T05:51:00Z
S01263	W0000346	913	2025-02-14T08:39:00Z
S01263	W0000347	684	2025-02-04T05:59:00Z
S01263	W0000348	446	2025-02-03T23:09:00Z
S01263	W0000349	98	2025-02-08T00:15:00Z
S01263	W0000350	1125	2025-02-10T08:23:00Z
S01263	W0000351	1657	2025-02-08T08:18:00Z
S01263	W0000352	312	2025-02-07T05:10:00Z
S01263	W0000353	195	2025-02-27T21:58:00Z
S01263	W0000354	979	2025-02-15T14:11:00Z
S01263	W0000355	1172	2025-02-18T07:45:00Z
S01263	W0000356	467	2025-02-02T08:25:00Z
S01263	W0000357	739	2025-02-02T21:50:00Z
S01263	W0000358	1643	2025-02-19T15:58:00Z
S01263	W0000359	1684	2025-02-11T16:12:00Z
S01263	W0000360	1543	2025-02-06T08:18:00Z
S01263	W0000361	200	2025-02-16T23:08:00Z
S01263	W0000362	200	2025-02-06T15:34:00Z
S01944	W0000363	1779	2025-02-18T03:45:00Z
S01944	W0000364	1100	2025-02-13T20:09:00Z
S01944	W0000365	778	2025-02-06T22:48:00Z
S01944	W0000366	1532	2025-02-05T01:48:00Z
S01944	W0000367	661	2025-02-10T10:15:00Z
S01944	W0000368	1476	2025-02-15T14:22:00Z
S01944	W0000369	1233	2025-02-13T19:16:00Z
S01944	W0000370	1713	2025-02-10T08:19:00Z
S01944	W0000371	1536	2025-02-10T10:03:00Z
S01944	W0000372	1105	2025-02-15T20:00:00Z
S01944	W0000373	1341	2025-02-27T01:40:00Z
S01944	W0000374	1257	2025-02-23T08:28:00Z
S01944	W0000375	1475	2025-02-14T15:30:00Z
S01944	W0000376	280	2025-02-25T08:37:00Z
S01944	W0000377	225	2025-02-23T01:20:00Z
S01944	W0000378	547	2025-02-27T10:48:00Z
S01944	W0000379	756	2025-02-23T09:00:00Z
S01944	W0000380	650	2025-02-11T07:38:00Z
S01944	W0000381	824	2025-02-11T23:03:00Z
S01944	W0000382	48	2025-02-17T13:25:00Z
S01944	W0000383	473	2025-02-27T15:26:00Z
S01944	W0000384	992	2025-02-21T06:52:00Z
S01944	W0000385	1101	2025-02-05T05:37:00Z
S01944	W0000386	1779	2025-02-27T07:43:00Z
S01944	W0000387	1172	2025-02-03T07:47:00Z
S01944	W0000388	455	2025-02-04T08:28:00Z
S01944	W0000389	1468	2025-02-03T14:19:00Z
S01944	W0000390	377	2025-02-02T10:28:00Z
S00645	W0000391	160	2025-02-26T02:32:00Z
S00645	W0000392	1110	2025-02-22T21:53:00Z
S00645	W0000393	1298	2025-02-23T01:25:00Z
S00645	W0000394	473	2025-02-10T05:45:00Z
S00645	W0000395	1373	2025-02-03T15:02:00Z
S00645	W0000396	457	2025-02-13T05:07:00Z
S00645	W0000397	213	2025-02-04T02:54:00Z
S00645	W0000398	375	2025-02-18T10:11:00Z
S00645	W0000399	1718	2025-02-28T06:32:00Z
S00645	W0000400	1242	2025-02-03T14:09:00Z
S00645	W0000401	1628	2025-02-23T21:04:00Z
S00645	W0000402	36	2025-02-20T11:39:00Z
S00645	W0000403	1787	2025-02-05T16:48:00Z
S00645	W0000404	1318	2025-02-24T07:49:00Z
S00645	W0000405	1734	2025-02-24T01:58:00Z
S00645	W0000406	925	2025-02-10T21:28:00Z
S00645	W0000407	94	2025-02-28T07:13:00Z
S00645	W0000408	200	2025-02-17T07:54:00Z
S00645	W0000409	667	2025-02-22T22:13:00Z
S01544	W0000410	1654	2025-02-24T19:37:00Z
S01544	W0000411	392	2025-02-02T00:01:00Z
S01544	W0000412	1212	2025-02-04T12:29:00Z
S01544	W0000413	763	2025-02-08T08:32:00Z
S01544	W0000414	813	2025-02-17T19:58:00Z
S01544	W0000415	763	2025-02-21T00:48:00Z
S01544	W0000416	995	2025-02-04T01:38:00Z
S01544	W0000417	863	2025-02-05T23:21:00Z
S01544	W0000418	842	2025-02-17T21:19:00Z
S01544	W0000419	179	2025-02-09T09:13:00Z
S01544	W0000420	635	2025-02-13T01:54:00Z
S01544	W0000421	934	2025-02-23T10:44:00Z
S01544	W0000422	1490	2025-02-18T02:22:00Z
S01544	W0000423	1214	2025-02-08T17:52:00Z
S01544	W0000424	448	2025-02-09T09:10:00Z
S01544	W0000425	437	2025-02-27T15:31:00Z
S01544	W0000426	1362	2025-02-19T22:53:00Z
S01544	W0000427	1261	2025-02-22T00:11:00Z
S01544	W0000428	308	2025-02-04T04:29:00Z
S01544	W0000429	237	2025-02-03T15:06:00Z
S01121	W0000430	850	2025-02-27T08:21:00Z
S01121	W0000431	1105	2025-02-23T04:06:00Z
S01121	W0000432	1008	2025-02-06T04:29:00Z
S01121	W0000433	255	2025-02-08T05:43:00Z
S01121	W0000434	292	2025-02-17T10:50:00Z
S01121	W0000435	1037	2025-02-10T11:53:00Z
S01121	W0000436	983	2025-02-08T19:07:00Z
S01121	W0000437	1049	2025-02-28T07:13:00Z
S01121	W0000438	200	2025-02-21T16:23:00Z
S01653	W0000439	1444	2025-02-04T03:19:00Z
S01653	W0000440	395	2025-02-02T15:22:00Z
S01653	W0000441	1056	2025-02-16T12:03:00Z
S01653	W0000442	36	2025-02-22T05:06:00Z
S01653	W0000443	1666	2025-02-13T21:40:00Z
S01653	W0000444	124	2025-02-15T21:49:00Z
S01653	W0000445	1744	2025-02-01T02:31:00Z
S01653	W0000446	400	2025-02-24T14:13:00Z
S01653	W0000447	1701	2025-02-18T17:52:00Z
S01653	W0000448	1518	2025-02-02T08:42:00Z
S01653	W0000449	149	2025-02-24T19:38:00Z
S00730	W0000450	1514	2025-02-25T10:54:00Z
S00730	W0000451	1359	2025-02-08T16:10:00Z
S00730	W0000452	1089	2025-02-03T06:54:00Z
S00730	W0000453	47	2025-02-25T21:11:00Z
S00730	W0000454	870	2025-02-24T09:52:00Z
S00730	W0000455	35	2025-02-20T00:03:00Z
S00730	W0000456	734	2025-02-10T13:08:00Z
S00730	W0000457	163	2025-02-15T09:33:00Z
S00730	W0000458	1443	2025-02-13T17:58:00Z
S00730	W0000459	789	2025-02-27T16:51:00Z
S00730	W0000460	793	2025-02-10T01:55:00Z
S00360	W0000461	255	2025-02-16T04:39:00Z
S00360	W0000462	897	2025-02-20T19:53:00Z
S00360	W0000463	1251	2025-02-18T15:27:00Z
S00360	W0000464	349	2025-02-23T17:29:00Z
S00360	W0000465	226	2025-02-03T22:30:00Z
S00360	W0000466	947	2025-02-28T15:49:00Z
S00360	W0000467	1309	2025-02-18T14:32:00Z
S00360	W0000468	1057	2025-02-09T02:22:00Z
S00360	W0000469	523	2025-02-15T06:30:00Z
S00360	W0000470	54	2025-02-20T09:20:00Z
S00360	W0000471	1738	2025-02-19T21:14:00Z
S00360	W0000472	131	2025-02-09T16:43:00Z
S00360	W0000473	1216	2025-02-21T22:24:00Z
S00360	W0000474	1209	2025-02-18T10:15:00Z
S00360	W0000475	706	2025-02-16T00:01:00Z
S00360	W0000476	1694	2025-02-15T09:49:00Z
S00360	W0000477	453	2025-02-26T14:41:00Z
S00429	W0000478	1280	2025-02-02T22:00:00Z
S00429	W0000479	1635	2025-02-01T09:10:00Z
S00429	W0000480	501	2025-02-14T21:27:00Z
S00429	W0000481	1074	2025-02-13T01:34:00Z
S00429	W0000482	974	2025-02-15T21:40:00Z
S00429	W0000483	103	2025-02-27T19:55:00Z
S00429	W0000484	1679	2025-02-18T08:46:00Z
S00429	W0000485	1034	2025-02-12T02:55:00Z
S00429	W0000486	311	2025-02-18T16:06:00Z
S00429	W0000487	45	2025-02-03T17:17:00Z
S00429	W0000488	940	2025-02-12T01:49:00Z
S01579	W0000489	1147	2025-02-25T15:41:00Z
S01579	W0000490	131	2025-02-05T11:37:00Z
S01579	W0000491	626	2025-02-16T14:27:00Z
S01579	W0000492	1452	2025-02-15T10:59:00Z
S01579	W0000493	1254	2025-02-26T23:38:00Z
S01579	W0000494	426	2025-02-21T14:09:00Z
S01579	W0000495	1580	2025-02-26T17:55:00Z
S01579	W0000496	204	2025-02-28T15:46:00Z
S01579	W0000497	1478	2025-02-02T08:57:00Z
S01579	W0000498	551	2025-02-21T19:22:00Z
S01579	W0000499	546	2025-02-11T15:17:00Z
S01579	W0000500	90	2025-02-21T00:06:00Z
S01579	W0000501	456	2025-02-23T08:24:00Z
S01579	W0000502	572	2025-02-24T03:18:00Z
S01579	W0000503	1667	2025-02-20T07:30:00Z
S01579	W0000504	387	2025-02-20T03:00:00Z
S01579	W0000505	715	2025-02-26T10:13:00Z
S01579	W0000506	623	2025-02-09T05:27:00Z
S01579	W0000507	201	2025-02-24T05:57:00Z
S01579	W0000508	911	2025-02-06T10:59:00Z
S01579	W0000509	576	2025-02-13T23:21:00Z
S01579	W0000510	91	2025-02-16T06:10:00Z
S01579	W0000511	863	2025-02-25T05:11:00Z
S01579	W0000512	1438	2025-02-05T21:57:00Z
S01579	W0000513	1032	2025-02-06T10:13:00Z
S01579	W0000514	1414	2025-02-27T09:22:00Z
S01579	W0000515	920	2025-02-12T09:39:00Z
S01579	W0000516	104	2025-02-21T02:07:00Z
S01580	W0000517	304	2025-02-10T02:06:00Z
S01580	W0000518	693	2025-02-05T13:10:00Z
S01580	W0000519	1636	2025-02-19T13:05:00Z
S01580	W0000520	546	2025-02-14T21:54:00Z
S01580	W0000521	202	2025-02-02T14:09:00Z
S01580	W0000522	619	2025-02-15T12:52:00Z
S01580	W0000523	1328	2025-02-17T00:15:00Z
S01580	W0000524	938	2025-02-15T18:09:00Z
S01580	W0000525	998	2025-02-26T10:11:00Z
S01580	W0000526	746	2025-02-20T17:20:00Z
S01580	W0000527	1720	2025-02-18T20:11:00Z
S01580	W0000528	268	2025-02-05T06:33:00Z
S01580	W0000529	1357	2025-02-02T16:56:00Z
S01580	W0000530	693	2025-02-05T04:45:00Z
S01580	W0000531	248	2025-02-09T20:57:00Z
S01580	W0000532	1046	2025-02-20T09:03:00Z
S01580	W0000533	864	2025-02-18T08:29:00Z
S01580	W0000534	1516	2025-02-16T22:29:00Z
S01916	W0000535	1668	2025-02-19T20:37:00Z
S01916	W0000536	144	2025-02-11T14:57:00Z
S01916	W0000537	1060	2025-02-12T13:23:00Z
S01916	W0000538	1299	2025-02-27T01:33:00Z
S01916	W0000539	1749	2025-02-19T04:35:00Z
S01916	W0000540	735	2025-02-01T13:32:00Z
S00549	W0000541	1728	2025-02-17T02:00:00Z
S00549	W0000542	1633	2025-02-15T17:27:00Z
S00549	W0000543	1558	2025-02-18T02:06:00Z
S00549	W0000544	776	2025-02-25T03:12:00Z
S00549	W0000545	710	2025-02-05T15:29:00Z
S00549	W0000546	1546	2025-02-12T04:43:00Z
S00549	W0000547	138	2025-02-21T00:53:00Z
S00549	W0000548	1128	2025-02-21T14:08:00Z
S00549	W0000549	1112	2025-02-16T00:23:00Z
S00549	W0000550	1456	2025-02-01T05:38:00Z
S00549	W0000551	1342	2025-02-22T04:32:00Z
S00549	W0000552	979	2025-02-24T18:33:00Z
S00549	W0000553	1516	2025-02-18T15:13:00Z
S00549	W0000554	758	2025-02-02T05:37:00Z
S00549	W0000555	394	2025-02-14T23:11:00Z
S00549	W0000556	214	2025-02-26T16:25:00Z
S00549	W0000557	652	2025-02-18T16:56:00Z
S00549	W0000558	853	2025-02-21T15:33:00Z
S00549	W0000559	54	2025-02-13T10:50:00Z
S00549	W0000560	798	2025-02-13T03:31:00Z
S00549	W0000561	1150	2025-02-20T23:38:00Z
S00549	W0000562	336	2025-02-26T00:40:00Z
S00549	W0000563	1266	2025-02-27T18:45:00Z
S00257	W0000564	1655	2025-02-27T14:36:00Z
S00257	W0000565	1218	2025-02-19T10:10:00Z
S00257	W0000566	1108	2025-02-13T11:25:00Z
S00257	W0000567	827	2025-02-21T22:08:00Z
S00257	W0000568	680	2025-02-06T12:50:00Z
S00257	W0000569	993	2025-02-17T07:33:00Z
S00257	W0000570	1126	2025-02-03T05:46:00Z
S00257	W0000571	1719	2025-02-16T22:49:00Z
S00257	W0000572	1079	2025-02-05T23:51:00Z
S00257	W0000573	400	2025-02-23T00:12:00Z
S00257	W0000574	385	2025-02-08T13:50:00Z
S00257	W0000575	1715	2025-02-10T06:25:00Z
S00257	W0000576	193	2025-02-07T08:43:00Z
S00257	W0000577	1798	2025-02-26T14:45:00Z
S00257	W0000578	73	2025-02-13T10:32:00Z
S00257	W0000579	1530	2025-02-28T12:38:00Z
S00257	W0000580	131	2025-02-21T12:42:00Z
S00257	W0000581	22	2025-02-19T17:51:00Z
S00257	W0000582	188	2025-02-19T07:51:00Z
S00257	W0000583	484	2025-02-16T00:00:00Z
S00257	W0000584	1613	2025-02-18T07:01:00Z
S00257	W0000585	1312	2025-02-20T02:05:00Z
S00257	W0000586	896	2025-02-05T14:42:00Z
S00257	W0000587	1546	2025-02-13T07:55:00Z
S00257	W0000588	1027	2025-02-03T13:39:00Z
S00257	W0000589	1773	2025-02-19T14:45:00Z
S00257	W0000590	1774	2025-02-14T18:17:00Z
S00257	W0000591	816	2025-02-27T05:27:00Z
S00257	W0000592	1110	2025-02-27T09:48:00Z
S00257	W0000593	1537	2025-02-11T04:53:00Z
S00107	W0000594	774	2025-02-26T14:27:00Z
S00107	W0000595	255	2025-02-04T06:52:00Z
S00107	W0000596	842	2025-02-03T23:18:00Z
S00107	W0000597	624	2025-02-26T16:35:00Z
S00107	W0000598	1470	2025-02-21T02:34:00Z
S00107	W0000599	1659	2025-02-14T10:09:00Z
S00107	W0000600	1264	2025-02-23T07:42:00Z
S00107	W0000601	72	2025-02-28T18:16:00Z
S00107	W0000602	1503	2025-02-20T21:41:00Z
S00107	W0000603	680	2025-02-26T10:10:00Z
S00107	W0000604	40	2025-02-27T17:31:00Z
S00107	W0000605	1375	2025-02-16T19:14:00Z
S00107	W0000606	1268	2025-02-10T17:13:00Z
S00107	W0000607	131	2025-02-14T00:57:00Z
S00107	W0000608	84	2025-02-24T20:47:00Z
S00107	W0000609	1069	2025-02-26T00:28:00Z
S00107	W0000610	138	2025-02-02T23:12:00Z
S00107	W0000611	884	2025-02-19T02:49:00Z
S00107	W0000612	1674	2025-02-23T17:42:00Z
S00107	W0000613	740	2025-02-06T00:04:00Z
S00107	W0000614	170	2025-02-27T01:02:00Z
S00107	W0000615	878	2025-02-17T19:32:00Z
S00107	W0000616	362	2025-02-27T14:35:00Z
S00107	W0000617	1571	2025-02-06T05:24:00Z
S00107	W0000618	496	2025-02-21T08:28:00Z
S00107	W0000619	1023	2025-02-25T03:03:00Z
S00107	W0000620	1423	2025-02-03T22:04:00Z
S00773	W0000621	852	2025-02-02T11:35:00Z
S00773	W0000622	385	2025-02-20T12:40:00Z
S00773	W0000623	816	2025-02-25T18:44:00Z
S00773	W0000624	1599	2025-02-21T00:03:00Z
S00773	W0000625	1799	2025-02-12T23:03:00Z
S00773	W0000626	1017	2025-02-08T22:47:00Z
S00773	W0000627	757	2025-02-17T13:31:00Z
S00773	W0000628	227	2025-02-20T08:11:00Z
S01946	W0000629	1517	2025-02-23T20:04:00Z
S01946	W0000630	454	2025-02-08T22:06:00Z
S01946	W0000631	517	2025-02-16T09:57:00Z
S01946	W0000632	652	2025-02-26T10:58:00Z
S01946	W0000633	960	2025-02-18T02:34:00Z
S01946	W0000634	553	2025-02-02T18:02:00Z
S01946	W0000635	360	2025-02-13T10:27:00Z
S01542	W0000636	322	2025-02-17T10:45:00Z
S01542	W0000637	273	2025-02-23T02:49:00Z
S01542	W0000638	595	2025-02-26T01:35:00Z
S01542	W0000639	1380	2025-02-14T06:45:00Z
S01542	W0000640	353	2025-02-05T15:09:00Z
S01542	W0000641	959	2025-02-13T03:28:00Z
S01542	W0000642	175	2025-02-08T16:01:00Z
S01542	W0000643	1111	2025-02-14T23:57:00Z
S01542	W0000644	274	2025-02-06T13:04:00Z
S00443	W0000645	1776	2025-02-11T23:37:00Z
S00443	W0000646	1477	2025-02-16T00:19:00Z
S00443	W0000647	1735	2025-02-22T19:22:00Z
S00443	W0000648	1160	2025-02-27T14:15:00Z
S00443	W0000649	532	2025-02-28T22:31:00Z
S00443	W0000650	1296	2025-02-05T21:25:00Z
S01550	W0000651	246	2025-02-09T05:25:00Z
S01550	W0000652	1088	2025-02-27T16:40:00Z
S01550	W0000653	1741	2025-02-23T19:44:00Z
S01550	W0000654	1458	2025-02-12T14:59:00Z
S01550	W0000655	1259	2025-02-04T12:24:00Z
S01550	W0000656	1423	2025-02-13T22:40:00Z
S01550	W0000657	567	2025-02-21T13:55:00Z
S01550	W0000658	1153	2025-02-26T14:53:00Z
S01550	W0000659	1371	2025-02-07T20:58:00Z
S01550	W0000660	640	2025-02-08T16:53:00Z
S01550	W0000661	1785	2025-02-12T03:27:00Z
S01550	W0000662	1749	2025-02-08T21:43:00Z
S01911	W0000663	860	2025-02-07T02:24:00Z
S01911	W0000664	214	2025-02-14T23:31:00Z
S01911	W0000665	980	2025-02-24T22:30:00Z
S01911	W0000666	619	2025-02-12T05:41:00Z
S01911	W0000667	464	2025-02-10T01:49:00Z
S01911	W0000668	267	2025-02-07T05:41:00Z
S01911	W0000669	398	2025-02-05T22:30:00Z
S01911	W0000670	1587	2025-02-24T00:34:00Z
S01911	W0000671	1311	2025-02-25T11:11:00Z
S01911	W0000672	1196	2025-02-25T09:12:00Z
S01911	W0000673	1059	2025-02-02T19:02:00Z
S01911	W0000674	1139	2025-02-07T11:29:00Z
S01911	W0000675	1532	2025-02-23T14:48:00Z
S01911	W0000676	763	2025-02-20T12:10:00Z
S01911	W0000677	1157	2025-02-11T21:21:00Z
S01911	W0000678	325	2025-02-02T15:40:00Z
S01911	W0000679	859	2025-02-17T17:26:00Z
S01911	W0000680	1227	2025-02-06T07:58:00Z
S01911	W0000681	1397	2025-02-03T22:50:00Z
S01911	W0000682	1326	2025-02-16T06:23:00Z
S01911	W0000683	48	2025-02-02T18:39:00Z
S01911	W0000684	120	2025-02-24T06:21:00Z
S01911	W0000685	48	2025-02-03T01:39:00Z
S00394	W0000686	127	2025-02-12T04:07:00Z
S00394	W0000687	61	2025-02-18T08:21:00Z
S00394	W0000688	284	2025-02-24T02:27:00Z
S00394	W0000689	123	2025-02-08T23:52:00Z
S00394	W0000690	618	2025-02-14T01:59:00Z
S00394	W0000691	1598	2025-02-06T18:22:00Z
S00394	W0000692	251	2025-02-02T15:55:00Z
S00394	W0000693	1438	2025-02-11T11:23:00Z
S01606	W0000694	1322	2025-02-05T10:35:00Z
S01606	W0000695	211	2025-02-28T08:17:00Z
S01606	W0000696	748	2025-02-15T06:33:00Z
S01606	W0000697	919	2025-02-25T21:13:00Z
S01606	W0000698	1727	2025-02-07T05:05:00Z
S01606	W0000699	68	2025-02-15T00:52:00Z
S01606	W0000700	1471	2025-02-23T16:31:00Z
S01606	W0000701	1141	2025-02-17T09:22:00Z
S01606	W0000702	1262	2025-02-04T15:09:00Z
S01606	W0000703	1400	2025-02-26T05:00:00Z
S01606	W0000704	796	2025-02-23T21:00:00Z
S01606	W0000705	1751	2025-02-17T04:21:00Z
S01606	W0000706	1019	2025-02-15T06:01:00Z
S01606	W0000707	1185	2025-02-27T00:21:00Z
S01271	W0000708	1215	2025-02-26T13:05:00Z
S01271	W0000709	273	2025-02-18T21:02:00Z
S01271	W0000710	1583	2025-02-20T02:25:00Z
S01271	W0000711	1797	2025-02-16T00:12:00Z
S01271	W0000712	50	2025-02-23T09:16:00Z
S01271	W0000713	690	2025-02-10T04:17:00Z
S01271	W0000714	117	2025-02-21T06:49:00Z
S01439	W0000715	936	2025-02-16T22:51:00Z
S01439	W0000716	1448	2025-02-18T17:38:00Z
S01439	W0000717	319	2025-02-09T08:08:00Z
S01439	W0000718	1671	2025-02-27T08:19:00Z
S01439	W0000719	1372	2025-02-05T09:10:00Z
S01439	W0000720	1005	2025-02-05T17:36:00Z
S01439	W0000721	563	2025-02-05T02:06:00Z
S01439	W0000722	1545	2025-02-04T15:56:00Z
S01439	W0000723	835	2025-02-02T12:23:00Z
S01439	W0000724	92	2025-02-21T23:47:00Z
S01439	W0000725	1495	2025-02-19T19:23:00Z
S01439	W0000726	1055	2025-02-24T01:40:00Z
S01439	W0000727	1795	2025-02-04T16:37:00Z
S01437	W0000728	55	2025-02-14T04:44:00Z
S01437	W0000729	493	2025-02-15T07:00:00Z
S01437	W0000730	735	2025-02-04T17:34:00Z
S01437	W0000731	361	2025-02-13T03:40:00Z
S01437	W0000732	344	2025-02-23T11:28:00Z
S01437	W0000733	1684	2025-02-01T09:30:00Z
S01437	W0000734	739	2025-02-21T21:13:00Z
S01437	W0000735	1153	2025-02-09T10:07:00Z
S01437	W0000736	318	2025-02-21T17:43:00Z
S01338	W0000737	196	2025-02-04T23:29:00Z
S01338	W0000738	805	2025-02-06T23:42:00Z
S01338	W0000739	1108	2025-02-27T06:31:00Z
S01338	W0000740	1325	2025-02-28T21:35:00Z
S01338	W0000741	1068	2025-02-24T00:09:00Z
S01338	W0000742	618	2025-02-11T17:17:00Z
S01338	W0000743	1275	2025-02-25T10:17:00Z
S01338	W0000744	230	2025-02-28T11:18:00Z
S01338	W0000745	173	2025-02-11T06:47:00Z
S00206	W0000746	1093	2025-02-19T00:57:00Z
S00206	W0000747	299	2025-02-27T09:05:00Z
S00206	W0000748	1568	2025-02-03T20:17:00Z
S00206	W0000749	232	2025-02-05T21:16:00Z
S00206	W0000750	1699	2025-02-12T00:37:00Z
S00206	W0000751	1624	2025-02-10T21:15:00Z
S00206	W0000752	1364	2025-02-07T04:32:00Z
S00206	W0000753	1032	2025-02-28T16:53:00Z
S00206	W0000754	1120	2025-02-04T12:39:00Z
S00206	W0000755	542	2025-02-27T02:13:00Z
S00206	W0000756	1169	2025-02-03T15:53:00Z
S00206	W0000757	714	2025-02-13T08:54:00Z
S00206	W0000758	1607	2025-02-20T16:20:00Z
S00206	W0000759	34	2025-02-04T06:18:00Z
S00206	W0000760	1371	2025-02-07T23:36:00Z
S00206	W0000761	704	2025-02-13T15:58:00Z
S00206	W0000762	691	2025-02-10T07:24:00Z
S00206	W0000763	843	2025-02-05T05:35:00Z
S00206	W0000764	151	2025-02-06T22:04:00Z
S00206	W0000765	691	2025-02-03T19:32:00Z
S00206	W0000766	101	2025-02-05T15:36:00Z
S00206	W0000767	1028	2025-02-01T16:10:00Z
S01573	W0000768	1299	2025-02-06T18:12:00Z
S01573	W0000769	1147	2025-02-14T20:10:00Z
S01573	W0000770	907	2025-02-17T16:05:00Z
S01573	W0000771	1621	2025-02-07T18:20:00Z
S01573	W0000772	921	2025-02-18T14:00:00Z
S01573	W0000773	379	2025-02-01T07:54:00Z
S01573	W0000774	319	2025-02-21T05:40:00Z
S01573	W0000775	179	2025-02-21T01:59:00Z
S01573	W0000776	1237	2025-02-13T04:56:00Z
S01573	W0000777	736	2025-02-05T17:04:00Z
S01813	W0000778	712	2025-02-22T00:37:00Z
S01813	W0000779	1360	2025-02-01T01:37:00Z
S01813	W0000780	898	2025-02-07T21:00:00Z
S01813	W0000781	319	2025-02-05T06:44:00Z
S01813	W0000782	682	2025-02-01T16:25:00Z
S01813	W0000783	669	2025-02-22T04:48:00Z
S01813	W0000784	708	2025-02-19T23:53:00Z
S01813	W0000785	1645	2025-02-03T14:34:00Z
S01813	W0000786	518	2025-02-22T07:32:00Z
S01813	W0000787	748	2025-02-01T04:50:00Z
S01813	W0000788	824	2025-02-09T17:32:00Z
S01813	W0000789	854	2025-02-28T12:27:00Z
S01813	W0000790	803	2025-02-20T19:42:00Z
S00840	W0000791	914	2025-02-03T01:03:00Z
S00840	W0000792	382	2025-02-20T12:02:00Z
S00840	W0000793	1293	2025-02-19T20:50:00Z
S00840	W0000794	134	2025-02-14T18:27:00Z
S00840	W0000795	242	2025-02-20T22:23:00Z
S00840	W0000796	162	2025-02-18T17:17:00Z
S00840	W0000797	621	2025-02-20T08:55:00Z
S00840	W0000798	1369	2025-02-22T01:21:00Z
S00840	W0000799	491	2025-02-06T05:06:00Z
S00840	W0000800	229	2025-02-18T22:58:00Z
S00840	W0000801	833	2025-02-26T06:00:00Z
S00840	W0000802	1722	2025-02-24T10:25:00Z
S00840	W0000803	1152	2025-02-01T13:35:00Z
S00840	W0000804	1555	2025-02-17T22:15:00Z
S00840	W0000805	1608	2025-02-18T05:33:00Z
S00840	W0000806	1566	2025-02-10T21:08:00Z
S00840	W0000807	1264	2025-02-05T06:19:00Z
S00840	W0000808	1764	2025-02-21T18:51:00Z
S00808	W0000809	42	2025-02-11T02:34:00Z
S00808	W0000810	1425	2025-02-05T14:36:00Z
S00808	W0000811	825	2025-02-27T09:19:00Z
S00808	W0000812	476	2025-02-25T17:38:00Z
S00808	W0000813	1398	2025-02-22T12:31:00Z
S00808	W0000814	623	2025-02-16T18:54:00Z
S00808	W0000815	1244	2025-02-01T21:36:00Z
S00808	W0000816	1333	2025-02-03T15:52:00Z
S00808	W0000817	1231	2025-02-04T04:51:00Z
S00808	W0000818	1646	2025-02-22T04:10:00Z
S00808	W0000819	1384	2025-02-14T04:57:00Z
S00808	W0000820	906	2025-02-06T18:41:00Z
S00808	W0000821	160	2025-02-22T06:37:00Z
S00808	W0000822	370	2025-02-15T15:10:00Z
S00808	W0000823	1477	2025-02-03T12:12:00Z
S00808	W0000824	1669	2025-02-24T01:45:00Z
S00808	W0000825	1548	2025-02-27T21:55:00Z
S00808	W0000826	731	2025-02-03T19:27:00Z
S00808	W0000827	942	2025-02-24T08:59:00Z
S00211	W0000828	750	2025-02-20T13:00:00Z
S00211	W0000829	1166	2025-02-24T05:20:00Z
S00211	W0000830	323	2025-02-08T18:42:00Z
S00211	W0000831	1298	2025-02-17T16:30:00Z
S00211	W0000832	499	2025-02-21T23:27:00Z
S00211	W0000833	1362	2025-02-07T20:38:00Z
S00211	W0000834	1768	2025-02-26T09:49:00Z
S00211	W0000835	1258	2025-02-07T21:53:00Z
S00211	W0000836	1389	2025-02-22T13:14:00Z
S00211	W0000837	1224	2025-02-02T02:39:00Z
S00211	W0000838	655	2025-02-11T00:34:00Z
S00211	W0000839	423	2025-02-12T04:55:00Z
S00211	W0000840	699	2025-02-14T18:56:00Z
S00211	W0000841	1512	2025-02-05T07:37:00Z
S00211	W0000842	1723	2025-02-13T09:04:00Z
S00211	W0000843	1619	2025-02-10T01:34:00Z
S00211	W0000844	968	2025-02-11T20:07:00Z
S00211	W0000845	1621	2025-02-03T07:30:00Z
S00211	W0000846	1039	2025-02-18T16:01:00Z
S00211	W0000847	1522	2025-02-22T04:31:00Z
S00211	W0000848	1330	2025-02-03T21:17:00Z
S00211	W0000849	454	2025-02-03T09:36:00Z
S00211	W0000850	1697	2025-02-04T11:01:00Z
S00211	W0000851	229	2025-02-07T11:20:00Z
S00211	W0000852	883	2025-02-05T18:39:00Z
S01337	W0000853	708	2025-02-09T18:03:00Z
S01337	W0000854	1106	2025-02-06T20:51:00Z
S01337	W0000855	465	2025-02-28T15:43:00Z
S01337	W0000856	1772	2025-02-04T03:17:00Z
S01337	W0000857	166	2025-02-11T07:55:00Z
S01337	W0000858	758	2025-02-13T06:12:00Z
S01337	W0000859	1664	2025-02-01T17:29:00Z
S01337	W0000860	246	2025-02-22T23:03:00Z
S01337	W0000861	906	2025-02-27T23:24:00Z
S01337	W0000862	683	2025-02-16T19:39:00Z
S01337	W0000863	1054	2025-02-01T07:07:00Z
S01337	W0000864	1711	2025-02-02T00:44:00Z
S00617	W0000865	705	2025-02-14T09:44:00Z
S00617	W0000866	1354	2025-02-07T17:49:00Z
S00617	W0000867	675	2025-02-14T20:40:00Z
S00617	W0000868	1139	2025-02-14T17:19:00Z
S00617	W0000869	1672	2025-02-23T19:52:00Z
S00617	W0000870	1668	2025-02-20T17:23:00Z
S00617	W0000871	1294	2025-02-01T23:32:00Z
S00617	W0000872	1117	2025-02-19T18:50:00Z
S00617	W0000873	1773	2025-02-08T14:38:00Z
S00617	W0000874	618	2025-02-03T19:09:00Z
S00617	W0000875	593	2025-02-13T00:37:00Z
S00617	W0000876	201	2025-02-28T18:57:00Z
S00617	W0000877	816	2025-02-01T12:14:00Z
S00617	W0000878	1390	2025-02-24T16:33:00Z
S00617	W0000879	554	2025-02-23T21:33:00Z
S00617	W0000880	804	2025-02-10T00:16:00Z
S00617	W0000881	1300	2025-02-12T17:07:00Z
S00617	W0000882	1054	2025-02-12T14:24:00Z
S00617	W0000883	1150	2025-02-04T08:53:00Z
S00617	W0000884	775	2025-02-26T23:19:00Z
S00617	W0000885	92	2025-02-09T15:59:00Z
S00617	W0000886	551	2025-02-07T18:24:00Z
S00617	W0000887	1318	2025-02-27T16:10:00Z
S00617	W0000888	1285	2025-02-15T03:06:00Z
S00617	W0000889	1427	2025-02-20T02:08:00Z
S00617	W0000890	214	2025-02-18T08:55:00Z
S00617	W0000891	547	2025-02-01T03:55:00Z
S00313	W0000892	136	2025-02-09T22:10:00Z
S00313	W0000893	331	2025-02-14T11:03:00Z
S00313	W0000894	499	2025-02-25T18:08:00Z
S00313	W0000895	271	2025-02-08T20:16:00Z
S00313	W0000896	1039	2025-02-21T01:36:00Z
S00313	W0000897	1512	2025-02-26T11:37:00Z
S00313	W0000898	756	2025-02-16T04:54:00Z
S00313	W0000899	923	2025-02-27T04:07:00Z
S00313	W0000900	1537	2025-02-07T02:21:00Z
S00313	W0000901	1572	2025-02-07T02:42:00Z
S00313	W0000902	1430	2025-02-10T07:25:00Z
S00313	W0000903	1064	2025-02-26T23:41:00Z
S00313	W0000904	1344	2025-02-18T13:18:00Z
S00313	W0000905	765	2025-02-12T21:49:00Z
S00313	W0000906	161	2025-02-18T19:36:00Z
S00313	W0000907	1735	2025-02-19T13:06:00Z
S00313	W0000908	1407	2025-02-15T21:14:00Z
S00313	W0000909	158	2025-02-07T12:46:00Z
S00313	W0000910	1433	2025-02-04T09:50:00Z
S00313	W0000911	1720	2025-02-06T01:34:00Z
S00313	W0000912	1752	2025-02-08T01:04:00Z
S00313	W0000913	561	2025-02-03T03:09:00Z
S00674	W0000914	188	2025-02-15T10:08:00Z
S00674	W0000915	502	2025-02-23T20:07:00Z
S00674	W0000916	59	2025-02-16T01:32:00Z
S00674	W0000917	1537	2025-02-23T16:42:00Z
S00674	W0000918	1784	2025-02-08T08:27:00Z
S00674	W0000919	1169	2025-02-03T05:55:00Z
S00674	W0000920	635	2025-02-07T21:32:00Z
S00674	W0000921	368	2025-02-05T15:20:00Z
S00674	W0000922	1632	2025-02-22T07:43:00Z
S00674	W0000923	164	2025-02-28T03:05:00Z
S00674	W0000924	1459	2025-02-15T13:24:00Z
S00674	W0000925	1639	2025-02-01T11:40:00Z
S00674	W0000926	1162	2025-02-23T21:17:00Z
S00674	W0000927	689	2025-02-23T19:09:00Z
S00674	W0000928	1307	2025-02-19T20:20:00Z
S00674	W0000929	834	2025-02-18T03:50:00Z
S00741	W0000930	1542	2025-02-27T19:42:00Z
S00741	W0000931	673	2025-02-15T17:53:00Z
S00741	W0000932	472	2025-02-11T03:36:00Z
S00741	W0000933	1785	2025-02-11T11:47:00Z
S00741	W0000934	867	2025-02-21T10:27:00Z
S00741	W0000935	705	2025-02-07T20:14:00Z
S00741	W0000936	237	2025-02-20T15:24:00Z
S00741	W0000937	152	2025-02-16T11:09:00Z
S00741	W0000938	1304	2025-02-18T19:35:00Z
S00741	W0000939	724	2025-02-16T20:35:00Z
S00741	W0000940	236	2025-02-02T19:21:00Z
S00741	W0000941	595	2025-02-13T23:56:00Z
S00741	W0000942	999	2025-02-14T06:44:00Z
S00741	W0000943	342	2025-02-23T04:22:00Z
S00741	W0000944	287	2025-02-19T02:13:00Z
S00741	W0000945	1044	2025-02-13T01:35:00Z
S00741	W0000946	642	2025-02-07T22:02:00Z
S00741	W0000947	1495	2025-02-18T01:21:00Z
S00741	W0000948	416	2025-02-03T06:12:00Z
S00741	W0000949	767	2025-02-13T11:51:00Z
S00741	W0000950	1652	2025-02-17T08:54:00Z
S00741	W0000951	1568	2025-02-17T00:49:00Z
S00741	W0000952	710	2025-02-23T17:03:00Z
S00741	W0000953	1765	2025-02-08T14:47:00Z
S00741	W0000954	1064	2025-02-26T04:52:00Z
S00741	W0000955	628	2025-02-20T11:52:00Z
S00741	W0000956	1606	2025-02-08T05:48:00Z
S00741	W0000957	1136	2025-02-13T23:07:00Z
S00741	W0000958	1613	2025-02-24T07:36:00Z
S00741	W0000959	267	2025-02-06T11:28:00Z
S01226	W0000960	1246	2025-02-08T04:26:00Z
S01226	W0000961	1749	2025-02-21T12:44:00Z
S01226	W0000962	275	2025-02-05T23:13:00Z
S01226	W0000963	1674	2025-02-18T13:21:00Z
S01226	W0000964	1231	2025-02-24T13:25:00Z
S01226	W0000965	757	2025-02-21T21:25:00Z
S01226	W0000966	1330	2025-02-15T01:12:00Z
S01226	W0000967	1497	2025-02-02T06:05:00Z
S01226	W0000968	1131	2025-02-20T12:56:00Z
S01226	W0000969	1596	2025-02-18T08:20:00Z
S01226	W0000970	1269	2025-02-11T20:29:00Z
S01226	W0000971	573	2025-02-12T20:36:00Z
S01226	W0000972	1092	2025-02-25T03:00:00Z
S01226	W0000973	264	2025-02-11T02:38:00Z
S01226	W0000974	1591	2025-02-19T21:51:00Z
S00680	W0000975	161	2025-02-04T04:06:00Z
S00680	W0000976	720	2025-02-02T06:22:00Z
S00680	W0000977	432	2025-02-03T07:18:00Z
S00680	W0000978	1491	2025-02-05T20:44:00Z
S00680	W0000979	693	2025-02-10T13:24:00Z
S00680	W0000980	1039	2025-02-26T15:02:00Z
S00680	W0000981	808	2025-02-17T16:32:00Z
S00680	W0000982	205	2025-02-25T07:47:00Z
S00680	W0000983	136	2025-02-04T16:51:00Z
S00680	W0000984	514	2025-02-21T16:31:00Z
S00680	W0000985	216	2025-02-01T03:48:00Z
S00680	W0000986	853	2025-02-02T04:34:00Z
S00680	W0000987	240	2025-02-22T08:25:00Z
S00680	W0000988	1315	2025-02-02T01:18:00Z
S00680	W0000989	158	2025-02-12T11:04:00Z
S00680	W0000990	578	2025-02-05T17:01:00Z
S00680	W0000991	1526	2025-02-17T10:53:00Z
S00680	W0000992	985	2025-02-24T17:45:00Z
S00680	W0000993	463	2025-02-17T10:53:00Z
S00680	W0000994	1253	2025-02-16T00:22:00Z
S00680	W0000995	456	2025-02-10T20:58:00Z
S00680	W0000996	157	2025-02-23T03:55:00Z
S00680	W0000997	1786	2025-02-11T22:10:00Z
S00680	W0000998	50	2025-02-10T23:47:00Z
S01466	W0000999	1168	2025-02-05T22:36:00Z
S01466	W0001000	1260	2025-02-18T00:34:00Z
S01466	W0001001	1723	2025-02-07T10:25:00Z
S01466	W0001002	1360	2025-02-16T16:23:00Z
S01466	W0001003	1079	2025-02-07T15:57:00Z
S01466	W0001004	1179	2025-02-02T17:40:00Z
S01466	W0001005	269	2025-02-17T19:46:00Z
S01466	W0001006	338	2025-02-23T15:34:00Z
S01466	W0001007	1453	2025-02-07T00:05:00Z
S01466	W0001008	494	2025-02-20T22:18:00Z
S01466	W0001009	917	2025-02-11T13:34:00Z
S01466	W0001010	1160	2025-02-09T20:33:00Z
S01466	W0001011	1372	2025-02-01T01:54:00Z
S01466	W0001012	455	2025-02-01T09:45:00Z
S01466	W0001013	1040	2025-02-26T19:28:00Z
S01466	W0001014	1717	2025-02-15T13:09:00Z
S00226	W0001015	509	2025-02-11T15:35:00Z
S00226	W0001016	712	2025-02-08T13:13:00Z
S00226	W0001017	1601	2025-02-14T18:04:00Z
S00226	W0001018	1256	2025-02-28T19:30:00Z
S00226	W0001019	1257	2025-02-20T12:03:00Z
S00226	W0001020	1205	2025-02-19T21:50:00Z
S00226	W0001021	994	2025-02-28T16:24:00Z
S00226	W0001022	143	2025-02-09T11:03:00Z
S00226	W0001023	246	2025-02-16T13:12:00Z
S00226	W0001024	1254	2025-02-09T05:39:00Z
S00226	W0001025	341	2025-02-02T22:39:00Z
S00226	W0001026	1291	2025-02-04T06:51:00Z
S00226	W0001027	247	2025-02-06T15:58:00Z
S00226	W0001028	468	2025-02-06T04:48:00Z
S00226	W0001029	240	2025-02-20T04:16:00Z
S00226	W0001030	258	2025-02-16T17:18:00Z
S00226	W0001031	838	2025-02-26T09:46:00Z
S00226	W0001032	546	2025-02-06T12:52:00Z
S00226	W0001033	1786	2025-02-07T03:55:00Z
S00226	W0001034	1461	2025-02-06T07:10:00Z
S00226	W0001035	260	2025-02-04T01:44:00Z
S00226	W0001036	201	2025-02-14T09:06:00Z
S00226	W0001037	856	2025-02-14T17:33:00Z
S00226	W0001038	920	2025-02-03T12:15:00Z
S00226	W0001039	299	2025-02-08T22:18:00Z
S00226	W0001040	938	2025-02-19T05:55:00Z
S00226	W0001041	654	2025-02-08T11:31:00Z
S00226	W0001042	857	2025-02-03T18:52:00Z
S00226	W0001043	502	2025-02-25T04:32:00Z
S01538	W0001044	1522	2025-02-06T00:18:00Z
S01538	W0001045	815	2025-02-21T06:12:00Z
S01538	W0001046	76	2025-02-07T21:02:00Z
S01538	W0001047	1644	2025-02-12T02:19:00Z
S01538	W0001048	1412	2025-02-02T08:27:00Z
S01538	W0001049	1101	2025-02-06T02:28:00Z
S01538	W0001050	1200	2025-02-21T13:15:00Z
S01538	W0001051	1116	2025-02-15T04:35:00Z
S01538	W0001052	895	2025-02-02T04:16:00Z
S01538	W0001053	1297	2025-02-01T12:55:00Z
S01538	W0001054	356	2025-02-22T19:00:00Z
S01538	W0001055	1692	2025-02-16T20:13:00Z
S01538	W0001056	1278	2025-02-25T08:36:00Z
S01538	W0001057	526	2025-02-18T15:12:00Z
S01538	W0001058	1301	2025-02-26T15:17:00Z
S01624	W0001059	721	2025-02-06T18:46:00Z
S01624	W0001060	967	2025-02-28T21:12:00Z
S01624	W0001061	1412	2025-02-21T02:04:00Z
S01624	W0001062	884	2025-02-27T17:37:00Z
S01935	W0001063	1533	2025-02-22T23:54:00Z
S01935	W0001064	560	2025-02-20T10:02:00Z
S01935	W0001065	1269	2025-02-27T23:32:00Z
S01935	W0001066	909	2025-02-27T20:13:00Z
S01935	W0001067	125	2025-02-03T14:05:00Z
S01935	W0001068	841	2025-02-28T12:21:00Z
S01935	W0001069	1582	2025-02-26T18:12:00Z
S01935	W0001070	1752	2025-02-08T16:46:00Z
S01935	W0001071	1003	2025-02-04T10:42:00Z
S01935	W0001072	898	2025-02-28T07:20:00Z
S01935	W0001073	1632	2025-02-09T15:53:00Z
S01935	W0001074	725	2025-02-05T15:53:00Z
S01935	W0001075	1421	2025-02-23T12:24:00Z
S01935	W0001076	1021	2025-02-13T22:56:00Z
S01935	W0001077	1144	2025-02-04T09:40:00Z
S01935	W0001078	244	2025-02-23T16:58:00Z
S01935	W0001079	225	2025-02-19T11:21:00Z
S01935	W0001080	1265	2025-02-05T05:18:00Z
S01935	W0001081	1151	2025-02-16T03:50:00Z
S01935	W0001082	1800	2025-02-07T20:35:00Z
S01935	W0001083	815	2025-02-09T09:58:00Z
S01935	W0001084	1086	2025-02-10T17:00:00Z
S01935	W0001085	789	2025-02-17T01:36:00Z
S01935	W0001086	1406	2025-02-18T08:43:00Z
S01935	W0001087	362	2025-02-27T19:48:00Z
S01935	W0001088	1065	2025-02-22T01:35:00Z
S01935	W0001089	929	2025-02-01T18:09:00Z
S01935	W0001090	169	2025-02-07T19:45:00Z
S01312	W0001091	318	2025-02-23T06:38:00Z
S01312	W0001092	870	2025-02-11T07:52:00Z
S01312	W0001093	541	2025-02-08T04:01:00Z
S01312	W0001094	344	2025-02-27T01:22:00Z
S01312	W0001095	192	2025-02-19T15:27:00Z
S01312	W0001096	1732	2025-02-15T18:58:00Z
S01312	W0001097	1770	2025-02-18T00:11:00Z
S01376	W0001098	1751	2025-02-18T15:36:00Z
S01376	W0001099	758	2025-02-17T12:22:00Z
S01376	W0001100	1670	2025-02-19T00:09:00Z
S01376	W0001101	835	2025-02-02T11:58:00Z
S01376	W0001102	789	2025-02-19T19:32:00Z
S01376	W0001103	35	2025-02-22T08:31:00Z
S01376	W0001104	644	2025-02-23T03:11:00Z
S01376	W0001105	1094	2025-02-03T09:23:00Z
S01376	W0001106	1723	2025-02-04T12:28:00Z
S01376	W0001107	1530	2025-02-20T22:44:00Z
S01376	W0001108	1669	2025-02-24T09:11:00Z
S01376	W0001109	572	2025-02-05T09:33:00Z
S01376	W0001110	836	2025-02-02T11:37:00Z
S01376	W0001111	602	2025-02-10T08:34:00Z
S01376	W0001112	527	2025-02-25T10:41:00Z
S01376	W0001113	181	2025-02-14T06:06:00Z
S01376	W0001114	892	2025-02-02T12:15:00Z
S01376	W0001115	1659	2025-02-13T20:15:00Z
S01376	W0001116	1667	2025-02-05T05:45:00Z
S01376	W0001117	254	2025-02-12T01:22:00Z
S01376	W0001118	844	2025-02-23T04:55:00Z
S01376	W0001119	1433	2025-02-06T01:32:00Z
S01673	W0001120	55	2025-02-21T01:06:00Z
S01673	W0001121	807	2025-02-27T07:35:00Z
S01673	W0001122	1795	2025-02-14T19:27:00Z
S01673	W0001123	355	2025-02-05T21:40:00Z
S01673	W0001124	1230	2025-02-11T11:17:00Z
S01673	W0001125	1705	2025-02-13T16:44:00Z
S01673	W0001126	633	2025-02-06T10:29:00Z
S01673	W0001127	656	2025-02-06T05:44:00Z
S01673	W0001128	1540	2025-02-10T05:14:00Z
S01673	W0001129	893	2025-02-27T03:15:00Z
S01673	W0001130	1687	2025-02-27T10:11:00Z
S00314	W0001131	69	2025-02-07T20:30:00Z
S00314	W0001132	864	2025-02-04T04:44:00Z
S00314	W0001133	694	2025-02-10T06:56:00Z
S00314	W0001134	1052	2025-02-27T00:42:00Z
S00314	W0001135	812	2025-02-08T20:54:00Z
S00314	W0001136	668	2025-02-06T05:36:00Z
S00314	W0001137	1578	2025-02-12T02:19:00Z
S00314	W0001138	1439	2025-02-22T02:26:00Z
S00314	W0001139	549	2025-02-19T21:53:00Z
S00314	W0001140	1340	2025-02-04T03:19:00Z
S00314	W0001141	935	2025-02-13T21:15:00Z
S00486	W0001142	102	2025-02-25T21:30:00Z
S00486	W0001143	1549	2025-02-13T04:03:00Z
S00486	W0001144	1659	2025-02-05T04:27:00Z
S00486	W0001145	362	2025-02-27T16:29:00Z
S00486	W0001146	611	2025-02-20T20:50:00Z
S00486	W0001147	1288	2025-02-14T14:32:00Z
S00486	W0001148	302	2025-02-04T23:05:00Z
S00486	W0001149	1717	2025-02-01T03:47:00Z
S00486	W0001150	891	2025-02-22T06:55:00Z
S00486	W0001151	683	2025-02-17T10:06:00Z
S00486	W0001152	727	2025-02-18T01:34:00Z
S00486	W0001153	938	2025-02-18T13:32:00Z
S00486	W0001154	1406	2025-02-01T10:47:00Z
S00486	W0001155	1487	2025-02-01T08:32:00Z
S00486	W0001156	1195	2025-02-27T01:38:00Z
S00486	W0001157	1434	2025-02-10T16:21:00Z
S01404	W0001158	606	2025-02-12T14:27:00Z
S01404	W0001159	1557	2025-02-10T14:32:00Z
S01404	W0001160	883	2025-02-14T03:48:00Z
S01404	W0001161	299	2025-02-13T21:11:00Z
S01404	W0001162	1407	2025-02-27T21:27:00Z
S01404	W0001163	1733	2025-02-11T21:13:00Z
S01404	W0001164	1541	2025-02-18T19:08:00Z
S01404	W0001165	1014	2025-02-15T06:31:00Z
S01404	W0001166	491	2025-02-11T16:19:00Z
S01404	W0001167	146	2025-02-11T12:05:00Z
S01404	W0001168	964	2025-02-02T23:27:00Z
S01404	W0001169	518	2025-02-27T22:24:00Z
S01404	W0001170	1140	2025-02-03T13:05:00Z
S01404	W0001171	717	2025-02-28T15:09:00Z
S01404	W0001172	350	2025-02-22T08:21:00Z
S01404	W0001173	1390	2025-02-15T22:11:00Z
S01404	W0001174	407	2025-02-19T05:36:00Z
S01404	W0001175	1008	2025-02-04T16:25:00Z
S01404	W0001176	1152	2025-02-14T17:35:00Z
S01404	W0001177	1447	2025-02-27T20:49:00Z
S00640	W0001178	380	2025-02-28T06:24:00Z
S00640	W0001179	668	2025-02-13T13:49:00Z
S00640	W0001180	473	2025-02-28T14:03:00Z
S00640	W0001181	731	2025-02-28T18:48:00Z
S00640	W0001182	404	2025-02-01T18:55:00Z
S00640	W0001183	587	2025-02-07T16:33:00Z
S00640	W0001184	1065	2025-02-07T06:02:00Z
S00640	W0001185	846	2025-02-04T17:56:00Z
S00640	W0001186	1076	2025-02-08T04:48:00Z
S00640	W0001187	1000	2025-02-27T21:19:00Z
S00640	W0001188	1107	2025-02-16T17:43:00Z
S00640	W0001189	1469	2025-02-02T08:50:00Z
S00640	W0001190	965	2025-02-22T16:11:00Z
S00640	W0001191	1491	2025-02-19T22:51:00Z
S01837	W0001192	511	2025-02-13T16:48:00Z
S01837	W0001193	1015	2025-02-14T21:12:00Z
S01837	W0001194	1210	2025-02-19T00:39:00Z
S01837	W0001195	657	2025-02-10T18:03:00Z
S01837	W0001196	359	2025-02-15T09:15:00Z
S01837	W0001197	892	2025-02-11T18:42:00Z
S01837	W0001198	800	2025-02-22T08:35:00Z
S01837	W0001199	1131	2025-02-14T03:30:00Z
S01837	W0001200	881	2025-02-18T13:31:00Z
S01837	W0001201	838	2025-02-28T16:12:00Z
S01837	W0001202	696	2025-02-28T10:03:00Z
S01837	W0001203	997	2025-02-18T02:12:00Z
S01837	W0001204	1766	2025-02-09T23:01:00Z
S01837	W0001205	1678	2025-02-06T17:53:00Z
S01837	W0001206	1558	2025-02-16T03:26:00Z
S01837	W0001207	655	2025-02-05T15:53:00Z
S01837	W0001208	728	2025-02-13T03:53:00Z
S01837	W0001209	855	2025-02-10T13:17:00Z
S01837	W0001210	180	2025-02-13T13:15:00Z
S01837	W0001211	169	2025-02-28T04:04:00Z
S01837	W0001212	1073	2025-02-03T19:22:00Z
S01837	W0001213	810	2025-02-13T22:14:00Z
S01837	W0001214	1300	2025-02-15T15:01:00Z
S00597	W0001215	1101	2025-02-19T14:16:00Z
S00597	W0001216	603	2025-02-27T08:18:00Z
S00597	W0001217	1734	2025-02-02T03:37:00Z
S00597	W0001218	1233	2025-02-24T07:14:00Z
S00597	W0001219	1107	2025-02-06T11:54:00Z
S00597	W0001220	1797	2025-02-21T19:43:00Z
S00597	W0001221	726	2025-02-06T16:49:00Z
S00597	W0001222	456	2025-02-06T21:55:00Z
S00597	W0001223	998	2025-02-25T02:49:00Z
S00597	W0001224	1081	2025-02-16T14:37:00Z
S00597	W0001225	699	2025-02-28T14:18:00Z
S01465	W0001226	1689	2025-02-28T18:20:00Z
S01465	W0001227	550	2025-02-02T22:25:00Z
S01465	W0001228	576	2025-02-15T10:37:00Z
S01465	W0001229	171	2025-02-06T05:53:00Z
S01465	W0001230	1466	2025-02-14T01:13:00Z
S01465	W0001231	1770	2025-02-09T05:48:00Z
S01465	W0001232	821	2025-02-15T11:54:00Z
S01465	W0001233	1575	2025-02-25T14:55:00Z
S01465	W0001234	1210	2025-02-10T18:13:00Z
S01465	W0001235	1325	2025-02-03T11:27:00Z
S01465	W0001236	659	2025-02-21T05:39:00Z
S00579	W0001237	604	2025-02-11T02:26:00Z
S00579	W0001238	910	2025-02-17T03:41:00Z
S00579	W0001239	747	2025-02-23T02:48:00Z
S00579	W0001240	1652	2025-02-12T06:36:00Z
S00579	W0001241	1595	2025-02-24T21:16:00Z
S00579	W0001242	1771	2025-02-23T20:38:00Z
S00579	W0001243	1102	2025-02-10T04:53:00Z
S00579	W0001244	1556	2025-02-25T01:59:00Z
S00579	W0001245	1331	2025-02-20T01:07:00Z
S00579	W0001246	1737	2025-02-04T08:57:00Z
S00579	W0001247	1102	2025-02-11T20:40:00Z
S00579	W0001248	723	2025-02-26T18:19:00Z
S00579	W0001249	1213	2025-02-23T04:47:00Z
S00579	W0001250	1710	2025-02-26T19:25:00Z
S00579	W0001251	1030	2025-02-02T06:23:00Z
S00579	W0001252	181	2025-02-07T09:34:00Z
S00579	W0001253	496	2025-02-28T21:25:00Z
S00579	W0001254	1365	2025-02-07T23:59:00Z
S00579	W0001255	1086	2025-02-14T09:47:00Z
S00579	W0001256	102	2025-02-04T10:52:00Z
S00579	W0001257	432	2025-02-15T16:39:00Z
S00579	W0001258	29	2025-02-01T23:52:00Z
S00579	W0001259	1280	2025-02-25T23:37:00Z
S00579	W0001260	1002	2025-02-19T09:58:00Z
S00579	W0001261	1347	2025-02-08T16:27:00Z
S00724	W0001262	1022	2025-02-20T12:05:00Z
S00724	W0001263	56	2025-02-12T01:33:00Z
S00724	W0001264	1235	2025-02-17T16:29:00Z
S00724	W0001265	1429	2025-02-03T03:40:00Z
S00724	W0001266	939	2025-02-02T01:46:00Z
S00724	W0001267	952	2025-02-22T06:05:00Z
S00724	W0001268	463	2025-02-02T18:53:00Z
S00724	W0001269	1718	2025-02-23T22:08:00Z
S01244	W0001270	675	2025-02-23T12:31:00Z
S01244	W0001271	687	2025-02-23T03:02:00Z
S01244	W0001272	663	2025-02-27T16:24:00Z
S01244	W0001273	441	2025-02-28T00:56:00Z
S01244	W0001274	1607	2025-02-17T03:07:00Z
S01244	W0001275	438	2025-02-20T08:24:00Z
S01244	W0001276	1678	2025-02-27T04:35:00Z
S01244	W0001277	1538	2025-02-08T00:28:00Z
S01244	W0001278	644	2025-02-23T09:44:00Z
S01244	W0001279	1545	2025-02-25T21:28:00Z
S01244	W0001280	1564	2025-02-25T17:28:00Z
S01244	W0001281	558	2025-02-09T12:12:00Z
S01421	W0001282	642	2025-02-11T18:20:00Z
S01421	W0001283	1311	2025-02-18T18:18:00Z
S01421	W0001284	1126	2025-02-05T05:54:00Z
S01421	W0001285	1686	2025-02-14T16:09:00Z
S01421	W0001286	399	2025-02-11T11:05:00Z
S01421	W0001287	1557	2025-02-17T19:41:00Z
S01421	W0001288	388	2025-02-05T21:46:00Z
S01421	W0001289	404	2025-02-28T05:05:00Z
S01421	W0001290	301	2025-02-23T10:46:00Z
S01421	W0001291	288	2025-02-06T02:57:00Z
S01421	W0001292	450	2025-02-06T18:27:00Z
S01421	W0001293	758	2025-02-05T09:23:00Z
S01421	W0001294	1633	2025-02-04T00:03:00Z
S00496	W0001295	1249	2025-02-27T21:50:00Z
S00496	W0001296	466	2025-02-02T02:40:00Z
S00496	W0001297	360	2025-02-12T16:11:00Z
S00496	W0001298	1536	2025-02-03T18:43:00Z
S00496	W0001299	1487	2025-02-02T13:42:00Z
S00496	W0001300	1360	2025-02-24T11:35:00Z
S00496	W0001301	1192	2025-02-24T10:45:00Z
S00496	W0001302	353	2025-02-22T04:10:00Z
S00496	W0001303	1438	2025-02-05T23:35:00Z
S00496	W0001304	1041	2025-02-18T03:52:00Z
S00496	W0001305	651	2025-02-06T10:06:00Z
S00496	W0001306	601	2025-02-26T03:37:00Z
S00496	W0001307	606	2025-02-17T04:30:00Z
S00496	W0001308	894	2025-02-04T23:52:00Z
S00496	W0001309	1424	2025-02-11T12:47:00Z
S00496	W0001310	1701	2025-02-28T05:27:00Z
S00496	W0001311	125	2025-02-19T18:57:00Z
S00496	W0001312	282	2025-02-19T07:51:00Z
S00496	W0001313	554	2025-02-17T22:16:00Z
S00496	W0001314	733	2025-02-16T17:25:00Z
S00496	W0001315	977	2025-02-24T22:08:00Z
S00496	W0001316	1731	2025-02-22T05:11:00Z
S00496	W0001317	1738	2025-02-02T09:29:00Z
S00496	W0001318	683	2025-02-02T04:19:00Z
S00496	W0001319	947	2025-02-24T15:18:00Z
S00496	W0001320	1151	2025-02-12T19:06:00Z
S00496	W0001321	963	2025-02-07T18:02:00Z
S00496	W0001322	410	2025-02-15T08:11:00Z
S00496	W0001323	138	2025-02-15T06:15:00Z
S00496	W0001324	682	2025-02-26T18:12:00Z
S00695	W0001325	685	2025-02-22T23:12:00Z
S00695	W0001326	54	2025-02-18T21:33:00Z
S00695	W0001327	1198	2025-02-17T19:45:00Z
S00695	W0001328	79	2025-02-27T04:10:00Z
S00695	W0001329	100	2025-02-16T11:29:00Z
S00695	W0001330	1636	2025-02-20T00:22:00Z
S00695	W0001331	560	2025-02-23T06:29:00Z
S00695	W0001332	47	2025-02-13T03:42:00Z
S00695	W0001333	1254	2025-02-20T02:50:00Z
S00695	W0001334	149	2025-02-11T07:50:00Z
S00695	W0001335	496	2025-02-12T11:49:00Z
S00695	W0001336	879	2025-02-11T15:23:00Z
S00695	W0001337	1420	2025-02-09T08:54:00Z
S00695	W0001338	1088	2025-02-20T17:44:00Z
S00695	W0001339	883	2025-02-09T11:59:00Z
S00695	W0001340	1675	2025-02-08T14:48:00Z
S00695	W0001341	1654	2025-02-21T21:06:00Z
S00695	W0001342	1673	2025-02-17T10:40:00Z
S00695	W0001343	475	2025-02-06T20:56:00Z
S00695	W0001344	1186	2025-02-23T19:41:00Z
S00695	W0001345	1641	2025-02-08T15:40:00Z
S00695	W0001346	1499	2025-02-15T18:43:00Z
S00695	W0001347	1613	2025-02-22T13:27:00Z
S00695	W0001348	791	2025-02-01T13:49:00Z
S00695	W0001349	1454	2025-02-07T02:18:00Z
S00805	W0001350	278	2025-02-22T20:21:00Z
S00805	W0001351	1715	2025-02-24T06:20:00Z
S00805	W0001352	863	2025-02-07T04:45:00Z
S00805	W0001353	861	2025-02-22T20:45:00Z
S00805	W0001354	830	2025-02-04T20:22:00Z
S00805	W0001355	809	2025-02-02T13:09:00Z
S00805	W0001356	1174	2025-02-26T23:45:00Z
S00805	W0001357	602	2025-02-14T09:43:00Z
S00805	W0001358	492	2025-02-05T07:30:00Z
S01265	W0001359	1725	2025-02-07T16:11:00Z
S01265	W0001360	1410	2025-02-13T11:50:00Z
S01265	W0001361	565	2025-02-11T23:46:00Z
S01265	W0001362	94	2025-02-09T09:12:00Z
S01265	W0001363	1076	2025-02-16T09:18:00Z
S01265	W0001364	1771	2025-02-13T11:33:00Z
S01265	W0001365	724	2025-02-25T16:17:00Z
S01265	W0001366	1186	2025-02-04T09:43:00Z
S01265	W0001367	1718	2025-02-05T11:00:00Z
S01265	W0001368	326	2025-02-25T00:32:00Z
S01265	W0001369	1372	2025-02-22T04:28:00Z
S01265	W0001370	252	2025-02-07T07:22:00Z
S01265	W0001371	292	2025-02-17T18:25:00Z
S01265	W0001372	1509	2025-02-23T01:02:00Z
S01265	W0001373	905	2025-02-17T10:29:00Z
S01265	W0001374	789	2025-02-15T09:49:00Z
S01265	W0001375	84	2025-02-17T09:02:00Z
S01265	W0001376	325	2025-02-22T02:36:00Z
S01265	W0001377	83	2025-02-21T14:40:00Z
S01265	W0001378	408	2025-02-19T15:52:00Z
S01265	W0001379	1360	2025-02-12T05:55:00Z
S01265	W0001380	358	2025-02-20T09:19:00Z
S01265	W0001381	698	2025-02-20T15:06:00Z
S01265	W0001382	899	2025-02-03T19:41:00Z
S01265	W0001383	665	2025-02-28T04:19:00Z
S01265	W0001384	1633	2025-02-09T13:32:00Z
S01265	W0001385	1789	2025-02-24T18:35:00Z
S01265	W0001386	559	2025-02-11T23:16:00Z
S01265	W0001387	1718	2025-02-23T05:00:00Z
S01265	W0001388	1106	2025-02-08T16:09:00Z
S01080	W0001389	466	2025-02-19T19:53:00Z
S01080	W0001390	744	2025-02-20T01:00:00Z
S01080	W0001391	1447	2025-02-11T00:41:00Z
S01080	W0001392	1731	2025-02-07T13:14:00Z
S01080	W0001393	1304	2025-02-22T04:05:00Z
S01080	W0001394	65	2025-02-27T12:58:00Z
S01080	W0001395	1673	2025-02-22T13:05:00Z
S01080	W0001396	1197	2025-02-01T01:58:00Z
S01080	W0001397	728	2025-02-21T23:49:00Z
S01080	W0001398	1745	2025-02-07T15:22:00Z
S01080	W0001399	887	2025-02-23T20:03:00Z
S01080	W0001400	1628	2025-02-16T18:23:00Z
S01080	W0001401	938	2025-02-14T03:18:00Z
S01080	W0001402	1083	2025-02-25T07:17:00Z
S01080	W0001403	742	2025-02-06T12:17:00Z
S01080	W0001404	393	2025-02-28T03:07:00Z
S01080	W0001405	1596	2025-02-17T11:43:00Z
S01080	W0001406	528	2025-02-14T04:53:00Z
S01080	W0001407	1797	2025-02-02T20:00:00Z
S01080	W0001408	44	2025-02-10T02:42:00Z
S01080	W0001409	1647	2025-02-20T10:39:00Z
S01080	W0001410	110	2025-02-26T18:54:00Z
S01080	W0001411	962	2025-02-27T10:37:00Z
S01080	W0001412	30	2025-02-06T17:46:00Z
S01080	W0001413	1267	2025-02-19T08:51:00Z
S01080	W0001414	208	2025-02-24T23:34:00Z
S01080	W0001415	785	2025-02-02T21:43:00Z
S00546	W0001416	1276	2025-02-05T20:38:00Z
S00546	W0001417	354	2025-02-25T20:17:00Z
S00546	W0001418	192	2025-02-16T11:41:00Z
S00546	W0001419	1149	2025-02-03T01:54:00Z
S00546	W0001420	193	2025-02-28T01:42:00Z
S00546	W0001421	1233	2025-02-25T18:50:00Z
S00546	W0001422	1519	2025-02-10T19:14:00Z
S00546	W0001423	1075	2025-02-27T04:43:00Z
S00546	W0001424	1794	2025-02-13T15:47:00Z
S00546	W0001425	770	2025-02-03T15:30:00Z
S00546	W0001426	878	2025-02-28T22:27:00Z
S00546	W0001427	179	2025-02-09T15:17:00Z
S00546	W0001428	277	2025-02-09T07:33:00Z
S00546	W0001429	1121	2025-02-20T05:21:00Z
S00546	W0001430	764	2025-02-08T06:41:00Z
S00546	W0001431	1107	2025-02-05T08:05:00Z
S00546	W0001432	1012	2025-02-11T15:00:00Z
S00546	W0001433	745	2025-02-01T06:48:00Z
S00546	W0001434	415	2025-02-28T22:42:00Z
S00546	W0001435	153	2025-02-21T21:13:00Z
S00546	W0001436	867	2025-02-04T23:33:00Z
S01382	W0001437	487	2025-02-19T18:55:00Z
S01382	W0001438	575	2025-02-19T14:01:00Z
S01382	W0001439	1676	2025-02-20T03:39:00Z
S01382	W0001440	187	2025-02-27T15:21:00Z
S01474	W0001441	574	2025-02-27T06:28:00Z
S01474	W0001442	1424	2025-02-26T11:36:00Z
S01474	W0001443	734	2025-02-19T20:52:00Z
S01474	W0001444	1117	2025-02-27T04:41:00Z
S01474	W0001445	869	2025-02-11T20:58:00Z
S01474	W0001446	219	2025-02-16T21:19:00Z
S01474	W0001447	244	2025-02-08T21:08:00Z
S01474	W0001448	1362	2025-02-11T09:16:00Z
S01474	W0001449	116	2025-02-24T12:21:00Z
S01474	W0001450	1253	2025-02-05T23:57:00Z
S01474	W0001451	1043	2025-02-22T07:34:00Z
S01474	W0001452	154	2025-02-04T04:14:00Z
S01474	W0001453	1133	2025-02-21T07:53:00Z
S01474	W0001454	1311	2025-02-24T05:18:00Z
S01474	W0001455	1246	2025-02-20T05:45:00Z
S01474	W0001456	395	2025-02-19T10:22:00Z
S01474	W0001457	1261	2025-02-06T05:57:00Z
S01474	W0001458	1523	2025-02-26T06:05:00Z
S01474	W0001459	455	2025-02-26T16:07:00Z
S01474	W0001460	860	2025-02-23T16:15:00Z
S01474	W0001461	1146	2025-02-15T05:37:00Z
S01474	W0001462	1755	2025-02-22T22:13:00Z
S01474	W0001463	1784	2025-02-24T08:05:00Z
S01474	W0001464	1438	2025-02-23T03:05:00Z
S00444	W0001465	1122	2025-02-04T14:28:00Z
S00444	W0001466	937	2025-02-08T19:41:00Z
S00444	W0001467	991	2025-02-06T13:00:00Z
S00444	W0001468	416	2025-02-03T00:40:00Z
S00444	W0001469	1194	2025-02-06T02:38:00Z
S00444	W0001470	1356	2025-02-18T04:36:00Z
S00444	W0001471	217	2025-02-23T20:57:00Z
S00444	W0001472	1477	2025-02-18T01:35:00Z
S00444	W0001473	1048	2025-02-03T00:28:00Z
S00444	W0001474	1175	2025-02-04T05:19:00Z
S00444	W0001475	825	2025-02-15T02:14:00Z
S00444	W0001476	303	2025-02-15T21:06:00Z
S00444	W0001477	1080	2025-02-25T09:08:00Z
S00444	W0001478	995	2025-02-23T18:37:00Z
S00444	W0001479	907	2025-02-06T23:29:00Z
S00444	W0001480	1384	2025-02-10T20:32:00Z
S00444	W0001481	1129	2025-02-13T10:10:00Z
S00444	W0001482	1698	2025-02-06T01:53:00Z
S00444	W0001483	1337	2025-02-26T08:37:00Z
S01857	W0001484	534	2025-02-11T16:28:00Z
S01857	W0001485	28	2025-02-25T07:09:00Z
S01857	W0001486	993	2025-02-27T17:50:00Z
S01857	W0001487	603	2025-02-07T13:37:00Z
S01857	W0001488	958	2025-02-14T01:33:00Z
S01857	W0001489	134	2025-02-02T23:05:00Z
S01857	W0001490	1292	2025-02-23T07:44:00Z
S01857	W0001491	906	2025-02-13T16:05:00Z
S01857	W0001492	831	2025-02-08T05:00:00Z
S01857	W0001493	1384	2025-02-24T00:02:00Z
S01857	W0001494	356	2025-02-03T16:47:00Z
S01857	W0001495	1461	2025-02-04T14:15:00Z
S01857	W0001496	1347	2025-02-23T20:50:00Z
S01857	W0001497	1459	2025-02-25T15:45:00Z
S01857	W0001498	1353	2025-02-13T05:04:00Z
S01857	W0001499	1036	2025-02-16T23:45:00Z
S00317	W0001500	1777	2025-02-26T10:02:00Z
S00317	W0001501	1118	2025-02-03T09:44:00Z
S00317	W0001502	881	2025-02-22T13:24:00Z
S00317	W0001503	1638	2025-02-15T03:58:00Z
S00317	W0001504	265	2025-02-21T05:00:00Z
S00317	W0001505	898	2025-02-15T09:46:00Z
S00317	W0001506	656	2025-02-08T18:31:00Z
S00317	W0001507	1537	2025-02-05T19:44:00Z
S00317	W0001508	1115	2025-02-22T05:42:00Z
S00317	W0001509	994	2025-02-13T09:25:00Z
S00317	W0001510	435	2025-02-21T01:01:00Z
S00317	W0001511	540	2025-02-27T19:15:00Z
S00317	W0001512	468	2025-02-21T09:05:00Z
S00317	W0001513	255	2025-02-23T08:26:00Z
S00317	W0001514	968	2025-02-05T15:43:00Z
S00317	W0001515	222	2025-02-26T03:51:00Z
S00317	W0001516	1001	2025-02-04T11:24:00Z
S00317	W0001517	893	2025-02-07T08:19:00Z
S00317	W0001518	750	2025-02-25T03:47:00Z
S00317	W0001519	1401	2025-02-24T16:10:00Z
S01176	W0001520	295	2025-02-12T14:10:00Z
S01176	W0001521	754	2025-02-09T23:28:00Z
S01176	W0001522	1550	2025-02-07T05:32:00Z
S01176	W0001523	979	2025-02-18T06:21:00Z
S01176	W0001524	677	2025-02-21T18:59:00Z
S01176	W0001525	139	2025-02-13T23:14:00Z
S01176	W0001526	699	2025-02-23T23:11:00Z
S01176	W0001527	1592	2025-02-18T12:57:00Z
S00075	W0001528	1118	2025-02-03T10:36:00Z
S00075	W0001529	1000	2025-02-22T09:10:00Z
S00075	W0001530	1241	2025-02-20T04:08:00Z
S00075	W0001531	992	2025-02-05T17:11:00Z
S00075	W0001532	297	2025-02-06T07:40:00Z
S00075	W0001533	978	2025-02-13T14:29:00Z
S00075	W0001534	1153	2025-02-07T17:54:00Z
S00075	W0001535	1613	2025-02-06T10:17:00Z
S00075	W0001536	205	2025-02-04T05:27:00Z
S00075	W0001537	1019	2025-02-05T16:01:00Z
S00075	W0001538	1436	2025-02-25T08:04:00Z
S00075	W0001539	1318	2025-02-01T02:10:00Z
S00075	W0001540	1701	2025-02-04T15:57:00Z
S00075	W0001541	270	2025-02-12T06:03:00Z
S00075	W0001542	1470	2025-02-14T06:42:00Z
S00075	W0001543	1231	2025-02-07T15:08:00Z
S00075	W0001544	635	2025-02-13T01:46:00Z
S00075	W0001545	447	2025-02-15T02:26:00Z
S00075	W0001546	463	2025-02-12T08:01:00Z
S00075	W0001547	1744	2025-02-22T22:59:00Z
S00075	W0001548	595	2025-02-05T14:29:00Z
S00075	W0001549	268	2025-02-23T22:56:00Z
S00075	W0001550	744	2025-02-17T01:22:00Z
S00606	W0001551	1501	2025-02-04T06:39:00Z
S00606	W0001552	1762	2025-02-08T04:54:00Z
S00606	W0001553	503	2025-02-17T16:32:00Z
S00606	W0001554	1428	2025-02-18T20:41:00Z
S00606	W0001555	1330	2025-02-07T11:38:00Z
S00606	W0001556	1510	2025-02-11T20:09:00Z
S00606	W0001557	1285	2025-02-14T03:38:00Z
S00606	W0001558	1781	2025-02-10T13:41:00Z
S00606	W0001559	1252	2025-02-03T10:10:00Z
S00606	W0001560	489	2025-02-28T04:33:00Z
S00606	W0001561	43	2025-02-13T20:40:00Z
S00606	W0001562	179	2025-02-11T10:07:00Z
S00606	W0001563	1445	2025-02-06T10:30:00Z
S00606	W0001564	1458	2025-02-05T15:43:00Z
S00606	W0001565	1031	2025-02-23T20:52:00Z
S00606	W0001566	1602	2025-02-11T18:43:00Z
S00606	W0001567	1350	2025-02-17T05:12:00Z
S00606	W0001568	1790	2025-02-25T02:25:00Z
S00606	W0001569	1530	2025-02-22T01:15:00Z
S00606	W0001570	1248	2025-02-09T00:14:00Z
S00606	W0001571	824	2025-02-09T12:59:00Z
S00606	W0001572	926	2025-02-28T03:18:00Z
S00606	W0001573	129	2025-02-09T09:20:00Z
S00606	W0001574	1778	2025-02-20T17:15:00Z
S00606	W0001575	490	2025-02-05T16:14:00Z
S00606	W0001576	956	2025-02-13T18:58:00Z
S01966	W0001577	1785	2025-02-08T04:48:00Z
S01966	W0001578	694	2025-02-16T02:00:00Z
S01966	W0001579	409	2025-02-13T17:05:00Z
S01966	W0001580	659	2025-02-24T20:03:00Z
S01966	W0001581	566	2025-02-21T12:50:00Z
S01966	W0001582	362	2025-02-20T01:35:00Z
S01966	W0001583	1343	2025-02-28T09:41:00Z
S01966	W0001584	893	2025-02-11T07:53:00Z
S01966	W0001585	505	2025-02-22T15:40:00Z
S01966	W0001586	243	2025-02-21T22:57:00Z
S01966	W0001587	1054	2025-02-13T16:16:00Z
S01966	W0001588	1296	2025-02-18T08:00:00Z
S01966	W0001589	1569	2025-02-11T10:02:00Z
S00953	W0001590	1533	2025-02-16T16:11:00Z
S00953	W0001591	1620	2025-02-21T04:35:00Z
S00953	W0001592	684	2025-02-20T21:08:00Z
S00953	W0001593	1105	2025-02-19T07:04:00Z
S00953	W0001594	1003	2025-02-25T21:51:00Z
S00953	W0001595	1452	2025-02-23T10:33:00Z
S00037	W0001596	1790	2025-02-25T14:37:00Z
S00037	W0001597	562	2025-02-06T14:39:00Z
S00037	W0001598	1581	2025-02-05T12:36:00Z
S00037	W0001599	587	2025-02-12T10:59:00Z
S00037	W0001600	1220	2025-02-12T05:37:00Z
S00037	W0001601	99	2025-02-17T21:33:00Z
S00037	W0001602	1394	2025-02-09T03:37:00Z
S00037	W0001603	1763	2025-02-05T22:25:00Z
S00037	W0001604	1786	2025-02-07T21:18:00Z
S00037	W0001605	1141	2025-02-20T21:31:00Z
S00037	W0001606	845	2025-02-13T11:26:00Z
S00037	W0001607	1156	2025-02-26T22:26:00Z
S00037	W0001608	932	2025-02-03T06:25:00Z
S00037	W0001609	1063	2025-02-14T19:59:00Z
S00037	W0001610	873	2025-02-17T21:01:00Z
S00037	W0001611	230	2025-02-23T09:46:00Z
S00037	W0001612	1796	2025-02-28T07:46:00Z
S00037	W0001613	1489	2025-02-03T15:57:00Z
S00037	W0001614	1645	2025-02-25T11:07:00Z
S00037	W0001615	1259	2025-02-20T11:09:00Z
S00037	W0001616	678	2025-02-28T21:25:00Z
S00037	W0001617	258	2025-02-28T11:02:00Z
S00037	W0001618	618	2025-02-28T05:45:00Z
S00037	W0001619	1353	2025-02-22T00:13:00Z
S00037	W0001620	629	2025-02-26T17:29:00Z
S00037	W0001621	1233	2025-02-27T09:46:00Z
S00037	W0001622	453	2025-02-25T08:13:00Z
S00037	W0001623	292	2025-02-13T17:39:00Z
S00037	W0001624	872	2025-02-12T09:11:00Z
S00037	W0001625	553	2025-02-04T22:09:00Z
S00368	W0001626	566	2025-02-28T15:54:00Z
S00368	W0001627	1077	2025-02-02T18:25:00Z
S00368	W0001628	1048	2025-02-19T04:13:00Z
S00368	W0001629	301	2025-02-25T12:45:00Z
S00368	W0001630	1740	2025-02-23T06:44:00Z
S00368	W0001631	1305	2025-02-05T11:54:00Z
S00368	W0001632	1783	2025-02-08T03:25:00Z
S00368	W0001633	245	2025-02-11T04:28:00Z
S00368	W0001634	1303	2025-02-18T22:43:00Z
S00368	W0001635	304	2025-02-21T08:23:00Z
S00368	W0001636	279	2025-02-21T13:09:00Z
S00368	W0001637	952	2025-02-16T23:31:00Z
S00368	W0001638	1665	2025-02-19T03:18:00Z
S00368	W0001639	801	2025-02-06T05:28:00Z
S00368	W0001640	235	2025-02-03T14:25:00Z
S00368	W0001641	604	2025-02-27T21:34:00Z
S00368	W0001642	1174	2025-02-09T11:43:00Z
S00368	W0001643	1310	2025-02-24T05:00:00Z
S00368	W0001644	1186	2025-02-21T00:37:00Z
S00368	W0001645	1581	2025-02-02T19:12:00Z
S00368	W0001646	1308	2025-02-05T19:19:00Z
S00368	W0001647	475	2025-02-28T22:21:00Z
S00368	W0001648	690	2025-02-14T05:09:00Z
S00368	W0001649	453	2025-02-11T14:53:00Z
S00368	W0001650	1622	2025-02-08T22:18:00Z
S00368	W0001651	1332	2025-02-02T00:22:00Z
S00368	W0001652	289	2025-02-09T13:11:00Z
S00368	W0001653	878	2025-02-20T04:50:00Z
S00368	W0001654	83	2025-02-26T10:58:00Z
S00368	W0001655	327	2025-02-02T04:00:00Z
S01609	W0001656	439	2025-02-12T19:09:00Z
S01609	W0001657	1353	2025-02-11T23:21:00Z
S01609	W0001658	452	2025-02-15T16:17:00Z
S01609	W0001659	1270	2025-02-11T23:01:00Z
S01609	W0001660	1115	2025-02-22T21:13:00Z
S01609	W0001661	848	2025-02-06T12:29:00Z
S01609	W0001662	414	2025-02-12T04:40:00Z
S01609	W0001663	1226	2025-02-25T04:37:00Z
S01609	W0001664	1180	2025-02-23T15:11:00Z
S01609	W0001665	173	2025-02-20T03:23:00Z
S01609	W0001666	957	2025-02-21T03:38:00Z
S01609	W0001667	512	2025-02-12T17:20:00Z
S01609	W0001668	1216	2025-02-28T19:22:00Z
S01609	W0001669	109	2025-02-13T07:15:00Z
S01609	W0001670	800	2025-02-18T15:52:00Z
S01609	W0001671	1403	2025-02-03T03:30:00Z
S01609	W0001672	804	2025-02-09T03:18:00Z
S01609	W0001673	1508	2025-02-20T04:47:00Z
S01609	W0001674	765	2025-02-26T02:12:00Z
S01609	W0001675	717	2025-02-07T15:31:00Z
S01609	W0001676	1427	2025-02-01T22:32:00Z
S01609	W0001677	539	2025-02-13T08:23:00Z
S01609	W0001678	786	2025-02-23T13:47:00Z
S01609	W0001679	1337	2025-02-15T09:03:00Z
S01609	W0001680	734	2025-02-20T21:45:00Z
S01165	W0001681	1291	2025-02-21T01:15:00Z
S01165	W0001682	949	2025-02-09T03:11:00Z
S01165	W0001683	558	2025-02-21T23:19:00Z
S01165	W0001684	707	2025-02-27T19:24:00Z
S01165	W0001685	793	2025-02-04T10:16:00Z
S01165	W0001686	1620	2025-02-10T13:21:00Z
S01165	W0001687	428	2025-02-03T23:46:00Z
S01165	W0001688	815	2025-02-09T16:26:00Z
S01165	W0001689	429	2025-02-18T11:58:00Z
S01165	W0001690	1276	2025-02-18T18:32:00Z
S01165	W0001691	1284	2025-02-28T21:15:00Z
S01165	W0001692	1297	2025-02-02T19:04:00Z
S01165	W0001693	389	2025-02-25T03:44:00Z
S01165	W0001694	1653	2025-02-23T09:36:00Z
S01165	W0001695	1478	2025-02-17T21:43:00Z
S01825	W0001696	786	2025-02-23T07:42:00Z
S01825	W0001697	71	2025-02-04T04:31:00Z
S01825	W0001698	469	2025-02-01T14:11:00Z
S01825	W0001699	134	2025-02-15T12:14:00Z
S01825	W0001700	644	2025-02-15T02:04:00Z
S01825	W0001701	137	2025-02-09T05:09:00Z
S01825	W0001702	24	2025-02-01T00:44:00Z
S01825	W0001703	1414	2025-02-01T05:18:00Z
S01825	W0001704	163	2025-02-02T06:56:00Z
S01825	W0001705	1508	2025-02-02T12:37:00Z
S01825	W0001706	1635	2025-02-10T00:10:00Z
S01825	W0001707	924	2025-02-06T18:57:00Z
S01825	W0001708	904	2025-02-14T23:11:00Z
S01825	W0001709	506	2025-02-17T07:15:00Z
S01825	W0001710	1608	2025-02-20T09:34:00Z
S01825	W0001711	1242	2025-02-21T17:31:00Z
S01825	W0001712	561	2025-02-01T06:08:00Z
S01825	W0001713	1281	2025-02-03T03:13:00Z
S01825	W0001714	1201	2025-02-27T12:34:00Z
S01825	W0001715	190	2025-02-06T01:29:00Z
S00649	W0001716	934	2025-02-21T09:31:00Z
S00649	W0001717	1592	2025-02-17T14:40:00Z
S00649	W0001718	183	2025-02-02T04:33:00Z
S00649	W0001719	1760	2025-02-23T03:07:00Z
S00649	W0001720	1128	2025-02-26T08:28:00Z
S00649	W0001721	455	2025-02-11T19:24:00Z
S00649	W0001722	1277	2025-02-13T07:55:00Z
S00649	W0001723	1269	2025-02-04T04:02:00Z
S00649	W0001724	1793	2025-02-04T23:39:00Z
S00649	W0001725	1259	2025-02-22T19:02:00Z
S00649	W0001726	142	2025-02-19T19:12:00Z
S00649	W0001727	1410	2025-02-18T09:09:00Z
S00649	W0001728	764	2025-02-03T02:15:00Z
S00649	W0001729	1783	2025-02-24T10:43:00Z
S00649	W0001730	199	2025-02-05T01:35:00Z
S00649	W0001731	460	2025-02-19T16:05:00Z
S00649	W0001732	785	2025-02-14T05:25:00Z
S00649	W0001733	590	2025-02-01T16:07:00Z
S00649	W0001734	1315	2025-02-08T00:02:00Z
S00649	W0001735	336	2025-02-17T22:05:00Z
S00649	W0001736	1479	2025-02-11T04:35:00Z
S00649	W0001737	1033	2025-02-25T07:29:00Z
S00649	W0001738	888	2025-02-27T09:51:00Z
S00649	W0001739	214	2025-02-02T08:37:00Z
S00649	W0001740	543	2025-02-02T08:09:00Z
S00649	W0001741	1081	2025-02-23T06:31:00Z
S00649	W0001742	1064	2025-02-28T11:33:00Z
S00649	W0001743	1117	2025-02-18T18:39:00Z
S00649	W0001744	1414	2025-02-19T01:41:00Z
S00649	W0001745	490	2025-02-17T04:03:00Z
S00748	W0001746	1611	2025-02-07T00:23:00Z
S00748	W0001747	1788	2025-02-20T07:41:00Z
S00748	W0001748	23	2025-02-22T11:36:00Z
S00748	W0001749	1409	2025-02-18T07:54:00Z
S00748	W0001750	723	2025-02-02T03:24:00Z
S00748	W0001751	674	2025-02-24T18:17:00Z
S00748	W0001752	1095	2025-02-10T02:14:00Z
S00748	W0001753	580	2025-02-21T01:31:00Z
S00748	W0001754	1786	2025-02-05T04:17:00Z
S00748	W0001755	93	2025-02-15T03:02:00Z
S00748	W0001756	1776	2025-02-09T13:42:00Z
S00748	W0001757	1378	2025-02-06T06:23:00Z
S00748	W0001758	423	2025-02-15T00:26:00Z
S01594	W0001759	910	2025-02-20T09:16:00Z
S01594	W0001760	787	2025-02-07T09:25:00Z
S01594	W0001761	1155	2025-02-06T12:47:00Z
S01594	W0001762	161	2025-02-16T09:30:00Z
S01594	W0001763	1331	2025-02-01T22:44:00Z
S01594	W0001764	1071	2025-02-18T15:46:00Z
S01594	W0001765	1383	2025-02-08T18:16:00Z
S01594	W0001766	165	2025-02-16T12:37:00Z
S01594	W0001767	1386	2025-02-21T17:09:00Z
S01594	W0001768	1716	2025-02-07T00:32:00Z
S01594	W0001769	1279	2025-02-22T02:12:00Z
S01594	W0001770	454	2025-02-03T20:46:00Z
S01594	W0001771	1800	2025-02-10T15:52:00Z
S01594	W0001772	1257	2025-02-24T16:57:00Z
S01594	W0001773	119	2025-02-14T05:03:00Z
S01594	W0001774	1299	2025-02-18T09:12:00Z
S01594	W0001775	398	2025-02-28T16:13:00Z
S01594	W0001776	1422	2025-02-22T11:08:00Z
S01594	W0001777	413	2025-02-17T19:41:00Z
S01594	W0001778	605	2025-02-15T23:30:00Z
S00148	W0001779	496	2025-02-23T18:13:00Z
S00148	W0001780	1064	2025-02-08T22:27:00Z
S00148	W0001781	443	2025-02-23T01:00:00Z
S00148	W0001782	735	2025-02-10T07:09:00Z
S00148	W0001783	1189	2025-02-12T19:10:00Z
S00148	W0001784	1101	2025-02-12T12:48:00Z
S00148	W0001785	1764	2025-02-12T19:58:00Z
S00148	W0001786	91	2025-02-06T03:36:00Z
S00148	W0001787	55	2025-02-24T23:59:00Z
S00148	W0001788	438	2025-02-23T21:20:00Z
S00148	W0001789	1449	2025-02-28T03:15:00Z
S00148	W0001790	1422	2025-02-26T02:06:00Z
S00148	W0001791	897	2025-02-10T06:31:00Z
S00148	W0001792	1316	2025-02-12T03:08:00Z
S00148	W0001793	1077	2025-02-19T23:48:00Z
S00148	W0001794	83	2025-02-13T07:36:00Z
S00148	W0001795	701	2025-02-20T09:24:00Z
S00148	W0001796	733	2025-02-08T01:35:00Z
S00148	W0001797	667	2025-02-12T13:34:00Z
S00148	W0001798	1666	2025-02-12T09:12:00Z
S00148	W0001799	321	2025-02-24T10:58:00Z
S00148	W0001800	455	2025-02-13T20:25:00Z
S00148	W0001801	248	2025-02-19T10:05:00Z
S00148	W0001802	755	2025-02-27T14:29:00Z
S00148	W0001803	408	2025-02-28T16:11:00Z
S00148	W0001804	456	2025-02-18T14:10:00Z
S00148	W0001805	1790	2025-02-16T14:03:00Z
S00347	W0001806	1759	2025-02-08T05:15:00Z
S00347	W0001807	650	2025-02-19T23:26:00Z
S00347	W0001808	1307	2025-02-03T11:26:00Z
S00347	W0001809	794	2025-02-15T19:22:00Z
S00347	W0001810	1252	2025-02-28T18:22:00Z
S00347	W0001811	754	2025-02-28T16:31:00Z
S00347	W0001812	1435	2025-02-26T01:21:00Z
S00347	W0001813	1726	2025-02-01T08:56:00Z
S00347	W0001814	80	2025-02-27T22:20:00Z
S00347	W0001815	1551	2025-02-26T00:08:00Z
S00349	W0001816	664	2025-02-03T03:54:00Z
S00349	W0001817	903	2025-02-17T23:51:00Z
S00349	W0001818	1545	2025-02-12T23:49:00Z
S00349	W0001819	1149	2025-02-04T18:32:00Z
S00349	W0001820	543	2025-02-22T19:17:00Z
S00349	W0001821	1281	2025-02-21T19:33:00Z
S00349	W0001822	1046	2025-02-12T20:11:00Z
S00349	W0001823	678	2025-02-08T20:44:00Z
S00349	W0001824	269	2025-02-13T14:07:00Z
S00349	W0001825	223	2025-02-07T12:57:00Z
S00349	W0001826	741	2025-02-11T03:44:00Z
S00349	W0001827	1074	2025-02-12T15:22:00Z
S00349	W0001828	1142	2025-02-21T12:23:00Z
S00349	W0001829	417	2025-02-18T16:07:00Z
S00349	W0001830	1697	2025-02-24T13:23:00Z
S00349	W0001831	205	2025-02-18T10:19:00Z
S00349	W0001832	1177	2025-02-28T02:04:00Z
S00349	W0001833	319	2025-02-15T09:46:00Z
S00349	W0001834	544	2025-02-27T18:02:00Z
S00349	W0001835	653	2025-02-03T00:00:00Z
S00349	W0001836	288	2025-02-27T15:43:00Z
S00349	W0001837	666	2025-02-15T14:07:00Z
S00349	W0001838	473	2025-02-22T08:32:00Z
S00349	W0001839	1032	2025-02-26T03:04:00Z
S00349	W0001840	1692	2025-02-20T18:07:00Z
S00349	W0001841	1043	2025-02-07T05:49:00Z
S00349	W0001842	1576	2025-02-16T16:20:00Z
S00349	W0001843	1161	2025-02-11T05:58:00Z
S00349	W0001844	1109	2025-02-12T12:00:00Z
S00349	W0001845	180	2025-02-19T22:55:00Z
S00683	W0001846	1445	2025-02-14T11:26:00Z
S00683	W0001847	558	2025-02-17T03:02:00Z
S00683	W0001848	271	2025-02-18T18:00:00Z
S00683	W0001849	180	2025-02-03T15:24:00Z
S00683	W0001850	1573	2025-02-08T15:47:00Z
S00683	W0001851	1374	2025-02-17T17:26:00Z
S00683	W0001852	1221	2025-02-08T19:57:00Z
S00683	W0001853	1759	2025-02-27T22:41:00Z
S00683	W0001854	1154	2025-02-05T02:08:00Z
S00683	W0001855	293	2025-02-26T02:45:00Z
S00683	W0001856	565	2025-02-08T08:05:00Z
S00683	W0001857	1774	2025-02-26T01:05:00Z
S00683	W0001858	1017	2025-02-15T18:45:00Z
S00683	W0001859	1545	2025-02-18T23:51:00Z
S00683	W0001860	21	2025-02-27T21:27:00Z
S01847	W0001861	271	2025-02-22T14:29:00Z
S01847	W0001862	78	2025-02-04T05:35:00Z
S01847	W0001863	738	2025-02-23T16:15:00Z
S01847	W0001864	1701	2025-02-06T23:32:00Z
S01847	W0001865	445	2025-02-18T06:08:00Z
S01847	W0001866	1616	2025-02-17T00:17:00Z
S01847	W0001867	1154	2025-02-27T17:32:00Z
S01847	W0001868	510	2025-02-18T05:12:00Z
S01847	W0001869	1777	2025-02-04T16:08:00Z
S01847	W0001870	1383	2025-02-23T02:40:00Z
S01847	W0001871	1434	2025-02-04T07:56:00Z
S01847	W0001872	945	2025-02-19T01:34:00Z
S01847	W0001873	1764	2025-02-27T09:00:00Z
S01847	W0001874	1482	2025-02-23T21:12:00Z
S00614	W0001875	880	2025-02-04T21:11:00Z
S00614	W0001876	238	2025-02-17T06:53:00Z
S00614	W0001877	1140	2025-02-16T07:20:00Z
S00614	W0001878	642	2025-02-02T09:57:00Z
S00614	W0001879	439	2025-02-01T04:06:00Z
S00614	W0001880	976	2025-02-26T08:32:00Z
S00614	W0001881	957	2025-02-10T19:38:00Z
S00614	W0001882	1791	2025-02-12T07:34:00Z
S00614	W0001883	1680	2025-02-10T20:59:00Z
S00614	W0001884	68	2025-02-26T23:41:00Z
S00614	W0001885	493	2025-02-06T10:23:00Z
S00614	W0001886	857	2025-02-15T19:27:00Z
S00614	W0001887	1180	2025-02-04T21:30:00Z
S00614	W0001888	1237	2025-02-03T23:40:00Z
S00614	W0001889	1552	2025-02-18T15:57:00Z
S00614	W0001890	1700	2025-02-08T20:14:00Z
S00614	W0001891	718	2025-02-06T11:40:00Z
S00614	W0001892	748	2025-02-18T13:02:00Z
S00614	W0001893	1224	2025-02-24T14:57:00Z
S00614	W0001894	1427	2025-02-11T15:14:00Z
S00614	W0001895	767	2025-02-02T07:45:00Z
S00614	W0001896	1679	2025-02-15T16:47:00Z
S00614	W0001897	759	2025-02-02T01:19:00Z
S00604	W0001898	641	2025-02-21T12:46:00Z
S00604	W0001899	1581	2025-02-12T08:27:00Z
S00604	W0001900	62	2025-02-09T15:28:00Z
S00604	W0001901	1579	2025-02-23T08:19:00Z
S00604	W0001902	1093	2025-02-04T00:48:00Z
S00604	W0001903	1567	2025-02-07T10:19:00Z
S00604	W0001904	1348	2025-02-14T02:20:00Z
S00604	W0001905	274	2025-02-14T15:54:00Z
S00604	W0001906	966	2025-02-23T11:42:00Z
S00604	W0001907	592	2025-02-27T10:10:00Z
S00604	W0001908	189	2025-02-08T15:38:00Z
S00604	W0001909	1265	2025-02-25T02:26:00Z
S00604	W0001910	1170	2025-02-04T10:57:00Z
S00604	W0001911	357	2025-02-05T23:31:00Z
S00141	W0001912	1248	2025-02-14T19:39:00Z
S00141	W0001913	743	2025-02-06T21:04:00Z
S00141	W0001914	652	2025-02-08T18:11:00Z
S00141	W0001915	461	2025-02-13T10:32:00Z
S00141	W0001916	844	2025-02-26T11:50:00Z
S00141	W0001917	1675	2025-02-22T07:42:00Z
S00141	W0001918	530	2025-02-25T16:06:00Z
S00141	W0001919	106	2025-02-28T19:49:00Z
S00141	W0001920	1710	2025-02-08T21:40:00Z
S00141	W0001921	687	2025-02-08T01:09:00Z
S00141	W0001922	1093	2025-02-09T11:42:00Z
S00141	W0001923	600	2025-02-16T04:06:00Z
S00141	W0001924	1332	2025-02-15T18:34:00Z
S00694	W0001925	1163	2025-02-10T02:21:00Z
S00694	W0001926	1261	2025-02-26T03:55:00Z
S00694	W0001927	1074	2025-02-24T06:59:00Z
S00694	W0001928	1051	2025-02-04T13:35:00Z
S00694	W0001929	1171	2025-02-01T03:43:00Z
S00694	W0001930	271	2025-02-24T09:27:00Z
S00694	W0001931	1190	2025-02-10T05:49:00Z
S00694	W0001932	789	2025-02-21T21:06:00Z
S00694	W0001933	1441	2025-02-05T23:31:00Z
S00694	W0001934	1420	2025-02-13T03:34:00Z
S00694	W0001935	504	2025-02-21T15:48:00Z
S00694	W0001936	816	2025-02-23T14:41:00Z
S00694	W0001937	471	2025-02-16T04:56:00Z
S00694	W0001938	968	2025-02-17T08:18:00Z
S00694	W0001939	322	2025-02-11T08:45:00Z
S00694	W0001940	511	2025-02-04T20:52:00Z
S00694	W0001941	1194	2025-02-14T15:35:00Z
S00694	W0001942	257	2025-02-23T11:22:00Z
S00694	W0001943	1486	2025-02-23T14:07:00Z
S00694	W0001944	1384	2025-02-14T03:52:00Z
S00694	W0001945	674	2025-02-27T20:18:00Z
S00694	W0001946	116	2025-02-01T06:56:00Z
S00694	W0001947	1014	2025-02-09T21:16:00Z
S00694	W0001948	39	2025-02-08T00:07:00Z
S00694	W0001949	1374	2025-02-17T12:58:00Z
S01410	W0001950	1583	2025-02-22T17:02:00Z
S01410	W0001951	617	2025-02-07T01:15:00Z
S01410	W0001952	722	2025-02-09T12:39:00Z
S01410	W0001953	1720	2025-02-06T03:29:00Z
S01410	W0001954	1317	2025-02-23T06:23:00Z
S01410	W0001955	1122	2025-02-02T05:35:00Z
S01410	W0001956	1291	2025-02-14T23:18:00Z
S01410	W0001957	916	2025-02-16T17:41:00Z
S01410	W0001958	1675	2025-02-05T04:04:00Z
S01410	W0001959	249	2025-02-13T23:33:00Z
S01410	W0001960	195	2025-02-11T12:16:00Z
S01410	W0001961	705	2025-02-17T15:32:00Z
S01473	W0001962	1453	2025-02-09T23:41:00Z
S01473	W0001963	1069	2025-02-24T18:30:00Z
S01473	W0001964	489	2025-02-18T13:56:00Z
S01473	W0001965	351	2025-02-20T04:15:00Z
S01473	W0001966	79	2025-02-06T10:16:00Z
S00082	W0001967	355	2025-02-03T07:26:00Z
S00082	W0001968	228	2025-02-13T21:41:00Z
S00082	W0001969	1777	2025-02-24T16:58:00Z
S00082	W0001970	710	2025-02-08T13:11:00Z
S00082	W0001971	327	2025-02-01T01:41:00Z
S00082	W0001972	1168	2025-02-22T09:32:00Z
S00082	W0001973	1489	2025-02-20T21:30:00Z
S00082	W0001974	1362	2025-02-27T08:46:00Z
S00082	W0001975	1520	2025-02-03T07:32:00Z
S00082	W0001976	1271	2025-02-17T20:56:00Z
S00082	W0001977	1765	2025-02-10T03:31:00Z
S00082	W0001978	603	2025-02-28T18:24:00Z
S00082	W0001979	1470	2025-02-14T13:39:00Z
S00082	W0001980	1015	2025-02-18T07:03:00Z
S00082	W0001981	563	2025-02-10T04:05:00Z
S00082	W0001982	1542	2025-02-20T11:19:00Z
S00082	W0001983	1612	2025-02-13T19:43:00Z
S00082	W0001984	184	2025-02-23T11:23:00Z
S00082	W0001985	1187	2025-02-25T20:44:00Z
S00082	W0001986	651	2025-02-14T13:45:00Z
S00082	W0001987	1738	2025-02-15T02:12:00Z
S00082	W0001988	105	2025-02-26T15:45:00Z
S00082	W0001989	455	2025-02-23T20:20:00Z
S00082	W0001990	268	2025-02-14T14:35:00Z
S01808	W0001991	766	2025-02-27T11:06:00Z
S01808	W0001992	1764	2025-02-02T10:17:00Z
S01808	W0001993	1290	2025-02-06T19:14:00Z
S01808	W0001994	1616	2025-02-04T11:54:00Z
S01808	W0001995	356	2025-02-24T13:07:00Z
S01808	W0001996	804	2025-02-17T07:26:00Z
S01808	W0001997	145	2025-02-18T08:18:00Z
S01808	W0001998	817	2025-02-09T14:46:00Z
S01808	W0001999	895	2025-02-04T18:41:00Z
S01808	W0002000	1022	2025-02-13T01:15:00Z
S01808	W0002001	1464	2025-02-21T08:27:00Z
S01808	W0002002	1591	2025-02-28T02:05:00Z
S01808	W0002003	281	2025-02-03T01:13:00Z
S01808	W0002004	614	2025-02-21T22:17:00Z
S01808	W0002005	718	2025-02-11T15:50:00Z
S01808	W0002006	1599	2025-02-13T03:49:00Z
S01808	W0002007	1111	2025-02-27T13:00:00Z
S01808	W0002008	1315	2025-02-26T09:40:00Z
S01808	W0002009	1131	2025-02-18T08:32:00Z
S01808	W0002010	153	2025-02-14T02:26:00Z
S01808	W0002011	422	2025-02-27T19:29:00Z
S01808	W0002012	1644	2025-02-15T15:48:00Z
S01808	W0002013	1458	2025-02-05T05:14:00Z
S01808	W0002014	1664	2025-02-25T05:38:00Z
S01745	W0002015	1760	2025-02-10T20:05:00Z
S01745	W0002016	238	2025-02-25T06:54:00Z
S01745	W0002017	114	2025-02-18T12:21:00Z
S01745	W0002018	1526	2025-02-13T22:11:00Z
S01745	W0002019	509	2025-02-10T22:11:00Z
S01745	W0002020	320	2025-02-11T08:40:00Z
S01745	W0002021	691	2025-02-15T13:20:00Z
S01745	W0002022	887	2025-02-25T13:44:00Z
S01745	W0002023	1387	2025-02-10T20:50:00Z
S01745	W0002024	1394	2025-02-23T00:36:00Z
S01745	W0002025	177	2025-02-08T09:45:00Z
S01745	W0002026	51	2025-02-16T22:35:00Z
S01745	W0002027	1568	2025-02-27T00:00:00Z
S01745	W0002028	1075	2025-02-21T03:22:00Z
S01745	W0002029	1666	2025-02-01T15:56:00Z
S00508	W0002030	1511	2025-02-27T07:53:00Z
S00508	W0002031	667	2025-02-18T07:57:00Z
S00508	W0002032	1402	2025-02-13T19:09:00Z
S00508	W0002033	1587	2025-02-16T08:35:00Z
S00508	W0002034	760	2025-02-18T09:43:00Z
S00508	W0002035	394	2025-02-08T03:55:00Z
S00508	W0002036	469	2025-02-14T05:22:00Z
S00508	W0002037	1199	2025-02-19T02:32:00Z
S00508	W0002038	834	2025-02-21T18:17:00Z
S00508	W0002039	33	2025-02-21T21:43:00Z
S00508	W0002040	93	2025-02-22T23:11:00Z
S00508	W0002041	1603	2025-02-10T21:19:00Z
S00508	W0002042	592	2025-02-02T05:08:00Z
S00508	W0002043	1299	2025-02-22T14:37:00Z
S00508	W0002044	1547	2025-02-02T14:34:00Z
S00508	W0002045	1440	2025-02-08T06:06:00Z
S00508	W0002046	600	2025-02-06T08:47:00Z
S00508	W0002047	1144	2025-02-01T23:01:00Z
S00508	W0002048	271	2025-02-24T22:25:00Z
S00508	W0002049	1556	2025-02-04T19:24:00Z
S00508	W0002050	1630	2025-02-17T07:29:00Z
S00508	W0002051	731	2025-02-24T01:34:00Z
S00508	W0002052	383	2025-02-09T06:33:00Z
S00508	W0002053	284	2025-02-25T17:34:00Z
S00508	W0002054	130	2025-02-22T21:40:00Z
S00508	W0002055	738	2025-02-26T19:01:00Z
S00508	W0002056	1786	2025-02-17T05:01:00Z
S00508	W0002057	1146	2025-02-25T21:15:00Z
S00508	W0002058	1076	2025-02-25T20:16:00Z
S00508	W0002059	1294	2025-02-24T11:12:00Z
S00478	W0002060	844	2025-02-04T14:31:00Z
S00478	W0002061	639	2025-02-04T06:10:00Z
S00478	W0002062	1760	2025-02-23T15:53:00Z
S00478	W0002063	164	2025-02-14T07:36:00Z
S00478	W0002064	1547	2025-02-25T17:23:00Z
S00478	W0002065	1131	2025-02-24T00:17:00Z
S00478	W0002066	789	2025-02-24T20:20:00Z
S00478	W0002067	1721	2025-02-06T16:01:00Z
S00478	W0002068	1614	2025-02-10T14:10:00Z
S00478	W0002069	1559	2025-02-22T02:42:00Z
S00478	W0002070	1780	2025-02-12T21:23:00Z
S00478	W0002071	1608	2025-02-17T18:58:00Z
S01841	W0002072	1492	2025-02-13T12:51:00Z
S01841	W0002073	1702	2025-02-27T14:30:00Z
S01841	W0002074	159	2025-02-15T05:38:00Z
S01841	W0002075	195	2025-02-05T01:58:00Z
S01841	W0002076	544	2025-02-17T22:51:00Z
S01841	W0002077	967	2025-02-11T16:23:00Z
S01841	W0002078	760	2025-02-25T03:31:00Z
S01841	W0002079	1285	2025-02-06T06:49:00Z
S01841	W0002080	740	2025-02-04T22:02:00Z
S00223	W0002081	1761	2025-02-13T09:54:00Z
S00223	W0002082	851	2025-02-20T01:46:00Z
S00223	W0002083	1574	2025-02-13T06:49:00Z
S00223	W0002084	792	2025-02-11T14:24:00Z
S00223	W0002085	609	2025-02-09T17:26:00Z
S00223	W0002086	1673	2025-02-27T18:44:00Z
S00223	W0002087	151	2025-02-25T05:58:00Z
S00223	W0002088	899	2025-02-21T04:29:00Z
S00223	W0002089	636	2025-02-11T02:36:00Z
S00223	W0002090	220	2025-02-24T14:32:00Z
S00223	W0002091	390	2025-02-03T01:54:00Z
S00223	W0002092	616	2025-02-12T07:25:00Z
S00223	W0002093	150	2025-02-16T23:44:00Z
S00223	W0002094	1074	2025-02-16T12:50:00Z
S00223	W0002095	1008	2025-02-14T21:52:00Z
S00223	W0002096	1460	2025-02-25T15:03:00Z
S00223	W0002097	341	2025-02-11T09:43:00Z
S00223	W0002098	1524	2025-02-19T05:58:00Z
S01704	W0002099	220	2025-02-26T05:35:00Z
S01704	W0002100	474	2025-02-06T09:04:00Z
S01704	W0002101	383	2025-02-16T16:11:00Z
S01704	W0002102	956	2025-02-02T10:26:00Z
S01704	W0002103	232	2025-02-16T05:00:00Z
S01704	W0002104	1198	2025-02-15T11:03:00Z
S01704	W0002105	420	2025-02-18T06:05:00Z
S01704	W0002106	987	2025-02-09T00:11:00Z
S01704	W0002107	556	2025-02-07T06:48:00Z
S01704	W0002108	527	2025-02-17T14:45:00Z
S01704	W0002109	1464	2025-02-18T13:23:00Z
S01704	W0002110	1616	2025-02-20T05:37:00Z
S01704	W0002111	25	2025-02-05T13:53:00Z
S01704	W0002112	146	2025-02-09T21:00:00Z
S01704	W0002113	1596	2025-02-23T02:25:00Z
S01704	W0002114	76	2025-02-19T02:08:00Z
S01704	W0002115	1636	2025-02-17T05:46:00Z
S01704	W0002116	304	2025-02-10T14:40:00Z
S01704	W0002117	1717	2025-02-24T10:32:00Z
S01704	W0002118	1033	2025-02-11T10:47:00Z
S01704	W0002119	1476	2025-02-23T18:42:00Z
S01704	W0002120	1094	2025-02-02T23:13:00Z
S01730	W0002121	1550	2025-02-23T01:07:00Z
S01730	W0002122	1710	2025-02-13T00:40:00Z
S01730	W0002123	1240	2025-02-25T08:39:00Z
S01730	W0002124	253	2025-02-12T00:29:00Z
S01730	W0002125	1382	2025-02-03T00:59:00Z
S01730	W0002126	1028	2025-02-22T22:31:00Z
S01730	W0002127	1031	2025-02-11T21:34:00Z
S01730	W0002128	357	2025-02-13T14:45:00Z
S01730	W0002129	152	2025-02-05T17:02:00Z
S01730	W0002130	784	2025-02-13T06:07:00Z
S01730	W0002131	1310	2025-02-04T22:04:00Z
S01730	W0002132	1520	2025-02-16T14:39:00Z
S01730	W0002133	296	2025-02-14T14:59:00Z
S01730	W0002134	1603	2025-02-05T15:27:00Z
S01730	W0002135	672	2025-02-27T00:50:00Z
S01730	W0002136	822	2025-02-13T03:03:00Z
S01730	W0002137	1112	2025-02-23T20:40:00Z
S01730	W0002138	601	2025-02-08T09:57:00Z
S01730	W0002139	1064	2025-02-28T20:32:00Z
S01730	W0002140	438	2025-02-05T07:41:00Z
S01730	W0002141	523	2025-02-26T00:17:00Z
S01730	W0002142	72	2025-02-14T05:51:00Z
S01730	W0002143	253	2025-02-01T02:33:00Z
S01730	W0002144	384	2025-02-06T06:25:00Z
S01730	W0002145	1405	2025-02-24T08:40:00Z
S00752	W0002146	1200	2025-02-27T15:25:00Z
S00752	W0002147	31	2025-02-17T21:15:00Z
S00752	W0002148	708	2025-02-10T16:01:00Z
S00752	W0002149	1770	2025-02-28T20:10:00Z
S00752	W0002150	1395	2025-02-14T07:35:00Z
S00752	W0002151	563	2025-02-21T07:31:00Z
S00908	W0002152	142	2025-02-04T15:12:00Z
S00908	W0002153	663	2025-02-12T16:12:00Z
S00908	W0002154	434	2025-02-10T14:35:00Z
S00908	W0002155	1180	2025-02-01T07:59:00Z
S00908	W0002156	819	2025-02-26T16:26:00Z
S00908	W0002157	509	2025-02-06T15:59:00Z
S00908	W0002158	259	2025-02-26T17:42:00Z
S00908	W0002159	408	2025-02-08T13:39:00Z
S00908	W0002160	1270	2025-02-12T09:07:00Z
S00908	W0002161	1682	2025-02-16T05:50:00Z
S00908	W0002162	1766	2025-02-25T15:58:00Z
S00908	W0002163	1097	2025-02-13T21:21:00Z
S00908	W0002164	928	2025-02-10T09:04:00Z
S00908	W0002165	1712	2025-02-20T20:54:00Z
S00908	W0002166	808	2025-02-16T15:27:00Z
S00908	W0002167	1460	2025-02-14T08:30:00Z
S00908	W0002168	286	2025-02-26T20:49:00Z
S00908	W0002169	947	2025-02-18T01:04:00Z
S00908	W0002170	31	2025-02-22T13:21:00Z
S00908	W0002171	155	2025-02-05T13:56:00Z
S00908	W0002172	1297	2025-02-08T00:22:00Z
S00908	W0002173	634	2025-02-12T11:05:00Z
S00908	W0002174	347	2025-02-26T21:27:00Z
S00908	W0002175	1493	2025-02-07T07:22:00Z
S00908	W0002176	942	2025-02-27T09:25:00Z
S00908	W0002177	788	2025-02-15T19:08:00Z
S01876	W0002178	323	2025-02-03T00:50:00Z
S01876	W0002179	272	2025-02-05T15:39:00Z
S01876	W0002180	1687	2025-02-03T01:35:00Z
S01876	W0002181	323	2025-02-24T10:40:00Z
S01876	W0002182	1446	2025-02-25T04:21:00Z
S00483	W0002183	178	2025-02-23T07:00:00Z
S00483	W0002184	107	2025-02-15T09:48:00Z
S00483	W0002185	201	2025-02-18T01:27:00Z
S00483	W0002186	264	2025-02-12T17:04:00Z
S00351	W0002187	1492	2025-02-25T11:52:00Z
S00351	W0002188	1712	2025-02-19T05:29:00Z
S00351	W0002189	1026	2025-02-12T00:21:00Z
S00351	W0002190	1252	2025-02-26T15:44:00Z
S00351	W0002191	1248	2025-02-05T18:39:00Z
S00351	W0002192	531	2025-02-15T04:35:00Z
S00351	W0002193	1258	2025-02-28T18:35:00Z
S00351	W0002194	616	2025-02-03T01:10:00Z
S00351	W0002195	767	2025-02-04T05:49:00Z
S00351	W0002196	1673	2025-02-11T22:55:00Z
S00351	W0002197	1351	2025-02-03T19:07:00Z
S00351	W0002198	1117	2025-02-12T21:45:00Z
S00351	W0002199	1556	2025-02-01T13:35:00Z
S00351	W0002200	506	2025-02-09T18:51:00Z
S00351	W0002201	334	2025-02-22T07:27:00Z
S00351	W0002202	1466	2025-02-09T06:08:00Z
S00351	W0002203	839	2025-02-24T23:02:00Z
S00351	W0002204	149	2025-02-22T12:10:00Z
S00351	W0002205	136	2025-02-06T23:11:00Z
S00351	W0002206	128	2025-02-10T02:06:00Z
S00351	W0002207	865	2025-02-06T11:20:00Z
S00351	W0002208	57	2025-02-25T23:49:00Z
S00351	W0002209	527	2025-02-24T11:34:00Z
S00351	W0002210	39	2025-02-20T12:48:00Z
S00351	W0002211	448	2025-02-23T09:50:00Z
S00505	W0002212	1342	2025-02-05T08:40:00Z
S00505	W0002213	1142	2025-02-11T11:11:00Z
S00505	W0002214	717	2025-02-02T10:29:00Z
S00505	W0002215	326	2025-02-20T14:38:00Z
S01587	W0002216	342	2025-02-12T17:32:00Z
S01587	W0002217	642	2025-02-22T19:02:00Z
S01587	W0002218	1711	2025-02-06T05:53:00Z
S01587	W0002219	820	2025-02-27T12:42:00Z
S01587	W0002220	1002	2025-02-24T18:26:00Z
S01587	W0002221	40	2025-02-02T03:06:00Z
S01587	W0002222	1050	2025-02-26T18:49:00Z
S01587	W0002223	947	2025-02-25T01:22:00Z
S01587	W0002224	237	2025-02-15T20:02:00Z
S01587	W0002225	1561	2025-02-26T02:50:00Z
S01587	W0002226	1246	2025-02-17T14:39:00Z
S01587	W0002227	1011	2025-02-16T02:58:00Z
S01587	W0002228	654	2025-02-24T22:04:00Z
S01587	W0002229	675	2025-02-06T11:30:00Z
S01587	W0002230	1625	2025-02-03T13:58:00Z
S01587	W0002231	1482	2025-02-07T15:19:00Z
S01587	W0002232	1679	2025-02-22T19:15:00Z
S01587	W0002233	1636	2025-02-10T01:14:00Z
S01587	W0002234	1124	2025-02-06T19:11:00Z
S01587	W0002235	175	2025-02-26T03:27:00Z
S01587	W0002236	1645	2025-02-01T08:15:00Z
S01587	W0002237	1571	2025-02-02T14:34:00Z
S01587	W0002238	1070	2025-02-04T02:56:00Z
S01587	W0002239	1421	2025-02-11T17:13:00Z
S01587	W0002240	198	2025-02-23T21:42:00Z
S01587	W0002241	1743	2025-02-13T23:11:00Z
S01969	W0002242	347	2025-02-16T18:08:00Z
S01969	W0002243	1206	2025-02-02T23:09:00Z
S01969	W0002244	264	2025-02-12T20:35:00Z
S01969	W0002245	1227	2025-02-03T22:25:00Z
S01969	W0002246	1473	2025-02-27T01:49:00Z
S01969	W0002247	668	2025-02-25T19:12:00Z
S01969	W0002248	1359	2025-02-25T09:32:00Z
S01969	W0002249	584	2025-02-08T05:08:00Z
S01969	W0002250	1362	2025-02-14T16:55:00Z
S01969	W0002251	900	2025-02-20T19:20:00Z
S01451	W0002252	721	2025-02-13T09:46:00Z
S01451	W0002253	45	2025-02-12T08:03:00Z
S01451	W0002254	43	2025-02-02T11:07:00Z
S01451	W0002255	130	2025-02-11T22:35:00Z
S01451	W0002256	1211	2025-02-26T19:11:00Z
S01451	W0002257	260	2025-02-12T20:39:00Z
S01451	W0002258	951	2025-02-19T16:51:00Z
S01451	W0002259	53	2025-02-16T20:11:00Z
S01451	W0002260	864	2025-02-25T02:19:00Z
S01451	W0002261	890	2025-02-02T04:03:00Z
S01451	W0002262	1717	2025-02-26T03:04:00Z
S01451	W0002263	1761	2025-02-19T22:55:00Z
S01451	W0002264	1512	2025-02-11T00:55:00Z
S01451	W0002265	720	2025-02-21T19:39:00Z
S01451	W0002266	1499	2025-02-19T04:12:00Z
S01451	W0002267	542	2025-02-13T01:52:00Z
S01451	W0002268	1283	2025-02-24T21:56:00Z
S00070	W0002269	1126	2025-02-03T09:47:00Z
S00070	W0002270	1770	2025-02-28T06:42:00Z
S00070	W0002271	1048	2025-02-16T17:42:00Z
S00070	W0002272	1538	2025-02-02T19:38:00Z
S00070	W0002273	468	2025-02-03T11:11:00Z
S00070	W0002274	772	2025-02-15T16:17:00Z
S00070	W0002275	1705	2025-02-18T15:22:00Z
S00070	W0002276	1563	2025-02-02T01:22:00Z
S00070	W0002277	338	2025-02-16T08:49:00Z
S00070	W0002278	171	2025-02-10T01:37:00Z
S00070	W0002279	1798	2025-02-21T09:19:00Z
S00070	W0002280	981	2025-02-07T05:31:00Z
S00070	W0002281	1561	2025-02-21T07:56:00Z
S00070	W0002282	1199	2025-02-14T07:34:00Z
S00070	W0002283	1172	2025-02-15T20:08:00Z
S00070	W0002284	1291	2025-02-17T05:29:00Z
S00070	W0002285	694	2025-02-14T03:17:00Z
S00070	W0002286	241	2025-02-17T05:30:00Z
S00070	W0002287	165	2025-02-17T08:26:00Z
S00070	W0002288	832	2025-02-02T03:36:00Z
S00070	W0002289	46	2025-02-18T04:51:00Z
S00070	W0002290	986	2025-02-18T19:12:00Z
S00070	W0002291	1521	2025-02-16T14:07:00Z
S00070	W0002292	1516	2025-02-23T21:32:00Z
S00070	W0002293	147	2025-02-22T22:37:00Z
S00070	W0002294	1540	2025-02-02T10:55:00Z
S00070	W0002295	1199	2025-02-25T14:49:00Z
S01690	W0002296	1464	2025-02-01T03:42:00Z
S01690	W0002297	235	2025-02-21T23:19:00Z
S01690	W0002298	1359	2025-02-01T01:02:00Z
S01690	W0002299	510	2025-02-07T17:04:00Z
S01690	W0002300	803	2025-02-09T00:28:00Z
S01690	W0002301	1487	2025-02-04T11:29:00Z
S01690	W0002302	1408	2025-02-09T04:01:00Z
S01690	W0002303	502	2025-02-05T06:55:00Z
S01690	W0002304	1079	2025-02-02T14:16:00Z
S01690	W0002305	1638	2025-02-17T03:55:00Z
S01690	W0002306	87	2025-02-19T13:03:00Z
S01690	W0002307	1541	2025-02-09T10:33:00Z
S01690	W0002308	454	2025-02-09T22:31:00Z
S01690	W0002309	774	2025-02-07T05:04:00Z
S01690	W0002310	1275	2025-02-04T20:43:00Z
S01690	W0002311	747	2025-02-24T00:57:00Z
S01690	W0002312	1594	2025-02-26T07:52:00Z
S01690	W0002313	861	2025-02-13T12:58:00Z
S01690	W0002314	532	2025-02-06T17:39:00Z
S01690	W0002315	735	2025-02-27T23:00:00Z
S01690	W0002316	550	2025-02-06T09:32:00Z
S01690	W0002317	1534	2025-02-25T11:38:00Z
S01690	W0002318	1199	2025-02-26T23:20:00Z
S01861	W0002319	398	2025-02-02T02:47:00Z
S01861	W0002320	866	2025-02-21T23:23:00Z
S01861	W0002321	1023	2025-02-18T21:20:00Z
S01861	W0002322	1565	2025-02-21T07:09:00Z
S01861	W0002323	660	2025-02-26T11:19:00Z
S01861	W0002324	1384	2025-02-15T11:59:00Z
S01861	W0002325	1702	2025-02-04T13:39:00Z
S01861	W0002326	951	2025-02-04T03:50:00Z
S01861	W0002327	1274	2025-02-18T15:03:00Z
S01861	W0002328	339	2025-02-24T00:38:00Z
S01861	W0002329	420	2025-02-19T04:57:00Z
S01861	W0002330	1601	2025-02-19T23:52:00Z
S01861	W0002331	1279	2025-02-21T03:45:00Z
S01861	W0002332	813	2025-02-24T20:03:00Z
S01861	W0002333	372	2025-02-11T00:26:00Z
S01861	W0002334	236	2025-02-26T05:43:00Z
S00806	W0002335	915	2025-02-02T18:37:00Z
S00806	W0002336	1088	2025-02-26T10:10:00Z
S00806	W0002337	711	2025-02-07T17:20:00Z
S00806	W0002338	1046	2025-02-14T09:47:00Z
S00806	W0002339	1543	2025-02-25T16:48:00Z
S00806	W0002340	1585	2025-02-11T06:23:00Z
S00806	W0002341	1242	2025-02-11T18:28:00Z
S00806	W0002342	1752	2025-02-02T16:25:00Z
S00806	W0002343	340	2025-02-22T02:23:00Z
S00806	W0002344	318	2025-02-09T12:37:00Z
S00806	W0002345	58	2025-02-26T00:36:00Z
S00806	W0002346	745	2025-02-12T05:27:00Z
S00806	W0002347	503	2025-02-06T05:28:00Z
S00806	W0002348	1456	2025-02-11T16:11:00Z
S00806	W0002349	449	2025-02-03T06:52:00Z
S00806	W0002350	1545	2025-02-09T15:43:00Z
S00806	W0002351	363	2025-02-19T04:06:00Z
S00806	W0002352	1229	2025-02-18T11:02:00Z
S00414	W0002353	1694	2025-02-14T02:32:00Z
S00414	W0002354	21	2025-02-06T17:25:00Z
S00414	W0002355	382	2025-02-06T01:26:00Z
S00414	W0002356	615	2025-02-28T10:13:00Z
S00414	W0002357	1333	2025-02-05T09:03:00Z
S00414	W0002358	663	2025-02-27T21:43:00Z
S00414	W0002359	1777	2025-02-18T16:49:00Z
S00414	W0002360	475	2025-02-20T06:28:00Z
S00414	W0002361	1391	2025-02-18T09:59:00Z
S00414	W0002362	570	2025-02-27T17:10:00Z
S00414	W0002363	1588	2025-02-14T17:55:00Z
S00414	W0002364	1631	2025-02-12T18:42:00Z
S00414	W0002365	1256	2025-02-22T16:40:00Z
S00414	W0002366	163	2025-02-17T08:20:00Z
S00414	W0002367	1111	2025-02-25T07:43:00Z
S00414	W0002368	839	2025-02-17T06:06:00Z
S01365	W0002369	1195	2025-02-14T07:28:00Z
S01365	W0002370	1732	2025-02-13T21:06:00Z
S01365	W0002371	1745	2025-02-25T18:17:00Z
S01365	W0002372	1765	2025-02-23T11:36:00Z
S01365	W0002373	1460	2025-02-18T01:27:00Z
S01365	W0002374	677	2025-02-03T20:16:00Z
S01365	W0002375	798	2025-02-05T17:28:00Z
S01365	W0002376	137	2025-02-08T15:08:00Z
S01365	W0002377	421	2025-02-24T18:28:00Z
S01365	W0002378	370	2025-02-05T18:30:00Z
S01365	W0002379	919	2025-02-25T02:21:00Z
S01365	W0002380	646	2025-02-21T08:16:00Z
S01365	W0002381	1144	2025-02-27T06:40:00Z
S01365	W0002382	931	2025-02-24T07:03:00Z
S01365	W0002383	1737	2025-02-21T22:10:00Z
S01365	W0002384	1324	2025-02-20T12:51:00Z
S01365	W0002385	1670	2025-02-26T20:51:00Z
S01581	W0002386	1755	2025-02-12T11:25:00Z
S01581	W0002387	778	2025-02-07T13:28:00Z
S01581	W0002388	1373	2025-02-02T14:30:00Z
S01581	W0002389	621	2025-02-23T07:08:00Z
S01581	W0002390	1778	2025-02-21T05:37:00Z
S01581	W0002391	1236	2025-02-07T12:54:00Z
S01581	W0002392	860	2025-02-19T03:49:00Z
S01581	W0002393	951	2025-02-22T01:50:00Z
S01221	W0002394	953	2025-02-19T17:59:00Z
S01221	W0002395	755	2025-02-03T13:27:00Z
S01221	W0002396	807	2025-02-16T23:16:00Z
S01221	W0002397	69	2025-02-12T10:40:00Z
S01221	W0002398	565	2025-02-19T14:14:00Z
S01221	W0002399	382	2025-02-18T14:20:00Z
S01221	W0002400	106	2025-02-10T16:06:00Z
S01221	W0002401	257	2025-02-15T09:30:00Z
S01221	W0002402	799	2025-02-19T19:22:00Z
S01221	W0002403	1780	2025-02-09T11:12:00Z
S01221	W0002404	1181	2025-02-18T05:41:00Z
S01221	W0002405	112	2025-02-25T10:56:00Z
S01221	W0002406	1554	2025-02-27T09:52:00Z
S01221	W0002407	1391	2025-02-16T10:36:00Z
S01221	W0002408	1498	2025-02-09T10:51:00Z
S01221	W0002409	1565	2025-02-09T17:22:00Z
S01221	W0002410	1077	2025-02-01T00:10:00Z
S00159	W0002411	569	2025-02-08T18:12:00Z
S00159	W0002412	1359	2025-02-05T11:45:00Z
S00159	W0002413	1617	2025-02-21T08:19:00Z
S00159	W0002414	98	2025-02-07T16:32:00Z
S00159	W0002415	400	2025-02-07T07:19:00Z
S00159	W0002416	95	2025-02-21T18:36:00Z
S00159	W0002417	560	2025-02-16T10:46:00Z
S00159	W0002418	1252	2025-02-09T06:35:00Z
S00159	W0002419	1524	2025-02-03T12:07:00Z
S00159	W0002420	248	2025-02-20T00:17:00Z
S00146	W0002421	721	2025-02-04T03:26:00Z
S00146	W0002422	225	2025-02-09T14:42:00Z
S00146	W0002423	78	2025-02-21T02:45:00Z
S00146	W0002424	64	2025-02-16T21:27:00Z
S00146	W0002425	1592	2025-02-23T12:40:00Z
S00146	W0002426	984	2025-02-07T06:48:00Z
S00146	W0002427	1059	2025-02-18T03:53:00Z
S00146	W0002428	153	2025-02-06T18:30:00Z
S00146	W0002429	334	2025-02-28T03:04:00Z
S00146	W0002430	481	2025-02-15T21:15:00Z
S00146	W0002431	827	2025-02-18T20:26:00Z
S00146	W0002432	101	2025-02-15T11:28:00Z
S00146	W0002433	1690	2025-02-23T05:49:00Z
S00146	W0002434	156	2025-02-12T01:54:00Z
S00146	W0002435	547	2025-02-05T19:09:00Z
S00146	W0002436	518	2025-02-23T20:13:00Z
S00146	W0002437	1201	2025-02-24T06:08:00Z
S00146	W0002438	1738	2025-02-09T15:14:00Z
S00146	W0002439	1242	2025-02-07T03:03:00Z
S00146	W0002440	54	2025-02-27T04:15:00Z
S00146	W0002441	992	2025-02-16T03:23:00Z
S00146	W0002442	1388	2025-02-15T23:26:00Z
S00146	W0002443	532	2025-02-05T23:30:00Z
S00146	W0002444	1324	2025-02-09T07:06:00Z
S00146	W0002445	1117	2025-02-10T00:45:00Z
S00146	W0002446	1417	2025-02-01T05:58:00Z
S00146	W0002447	1358	2025-02-11T19:44:00Z
S00146	W0002448	939	2025-02-14T18:18:00Z
S00146	W0002449	894	2025-02-13T10:27:00Z
S00779	W0002450	1372	2025-02-10T16:39:00Z
S00779	W0002451	991	2025-02-20T20:05:00Z
S00779	W0002452	58	2025-02-23T15:26:00Z
S00779	W0002453	567	2025-02-16T14:56:00Z
S00779	W0002454	515	2025-02-20T12:51:00Z
S00779	W0002455	286	2025-02-06T01:03:00Z
S00779	W0002456	736	2025-02-19T14:21:00Z
S00779	W0002457	1055	2025-02-09T03:49:00Z
S00779	W0002458	799	2025-02-12T08:19:00Z
S00779	W0002459	447	2025-02-02T03:22:00Z
S00779	W0002460	1651	2025-02-11T02:35:00Z
S00779	W0002461	726	2025-02-06T19:59:00Z
S01678	W0002462	313	2025-02-22T14:31:00Z
S01678	W0002463	55	2025-02-22T00:52:00Z
S01678	W0002464	522	2025-02-05T10:14:00Z
S01678	W0002465	872	2025-02-20T15:34:00Z
S01678	W0002466	102	2025-02-10T03:39:00Z
S01678	W0002467	1719	2025-02-17T22:07:00Z
S01678	W0002468	1370	2025-02-19T05:09:00Z
S01678	W0002469	1336	2025-02-03T08:26:00Z
S01678	W0002470	654	2025-02-09T11:32:00Z
S01678	W0002471	1261	2025-02-20T05:10:00Z
S01678	W0002472	1092	2025-02-20T15:48:00Z
S01678	W0002473	74	2025-02-05T17:08:00Z
S01678	W0002474	1761	2025-02-12T06:12:00Z
S01678	W0002475	510	2025-02-15T12:53:00Z
S01678	W0002476	923	2025-02-12T16:22:00Z
S01678	W0002477	53	2025-02-09T00:31:00Z
S01678	W0002478	178	2025-02-22T09:23:00Z
S01678	W0002479	226	2025-02-26T07:24:00Z
S01678	W0002480	280	2025-02-23T16:24:00Z
S01678	W0002481	1580	2025-02-17T09:04:00Z
S01678	W0002482	1137	2025-02-13T13:41:00Z
S01678	W0002483	1497	2025-02-02T08:17:00Z
S01678	W0002484	1576	2025-02-19T17:33:00Z
S01678	W0002485	675	2025-02-23T14:53:00Z
S01678	W0002486	1769	2025-02-11T12:26:00Z
S01759	W0002487	688	2025-02-27T14:01:00Z
S01759	W0002488	1757	2025-02-15T14:32:00Z
S01759	W0002489	456	2025-02-10T13:00:00Z
S01759	W0002490	159	2025-02-02T19:08:00Z
S01759	W0002491	1735	2025-02-20T21:03:00Z
S01759	W0002492	1020	2025-02-01T15:54:00Z
S01759	W0002493	550	2025-02-07T00:33:00Z
S01759	W0002494	486	2025-02-10T01:22:00Z
S01759	W0002495	243	2025-02-12T17:44:00Z
S01759	W0002496	1273	2025-02-14T14:59:00Z
S01759	W0002497	118	2025-02-28T02:57:00Z
S01759	W0002498	710	2025-02-14T14:42:00Z
S01759	W0002499	1688	2025-02-05T19:19:00Z
S01759	W0002500	1040	2025-02-18T21:23:00Z
S01759	W0002501	1208	2025-02-23T04:53:00Z
S01759	W0002502	784	2025-02-13T19:07:00Z
S01789	W0002503	1452	2025-02-08T02:58:00Z
S01789	W0002504	180	2025-02-04T01:52:00Z
S01789	W0002505	190	2025-02-27T18:12:00Z
S01789	W0002506	1098	2025-02-03T18:42:00Z
S01789	W0002507	1357	2025-02-14T04:06:00Z
S01789	W0002508	531	2025-02-24T19:33:00Z
S01789	W0002509	1694	2025-02-02T08:31:00Z
S01789	W0002510	616	2025-02-20T12:45:00Z
S01789	W0002511	806	2025-02-25T23:45:00Z
S01789	W0002512	806	2025-02-03T22:13:00Z
S01789	W0002513	1665	2025-02-07T14:00:00Z
S01789	W0002514	1788	2025-02-06T02:33:00Z
S01789	W0002515	1178	2025-02-02T16:28:00Z
S01789	W0002516	1489	2025-02-24T09:48:00Z
S01789	W0002517	1387	2025-02-04T03:53:00Z
S01789	W0002518	1152	2025-02-27T10:25:00Z
S01789	W0002519	1780	2025-02-16T02:48:00Z
S01789	W0002520	1117	2025-02-07T12:35:00Z
S01789	W0002521	878	2025-02-02T19:25:00Z
S01789	W0002522	1622	2025-02-11T07:02:00Z
S01789	W0002523	145	2025-02-23T05:36:00Z
S01789	W0002524	753	2025-02-11T05:55:00Z
S01789	W0002525	125	2025-02-08T08:33:00Z
S01789	W0002526	1657	2025-02-24T20:16:00Z
S01789	W0002527	1234	2025-02-14T08:13:00Z
S01789	W0002528	713	2025-02-08T23:11:00Z
S01789	W0002529	623	2025-02-21T14:58:00Z
S01789	W0002530	1108	2025-02-28T19:38:00Z
S01789	W0002531	1615	2025-02-03T02:52:00Z
S01450	W0002532	835	2025-02-19T01:16:00Z
S01450	W0002533	1083	2025-02-07T05:50:00Z
S01450	W0002534	492	2025-02-18T12:13:00Z
S01450	W0002535	241	2025-02-20T00:47:00Z
S01450	W0002536	541	2025-02-02T01:48:00Z
S01450	W0002537	681	2025-02-17T01:56:00Z
S01450	W0002538	1450	2025-02-02T04:34:00Z
S01450	W0002539	1232	2025-02-13T07:54:00Z
S01450	W0002540	1702	2025-02-04T06:30:00Z
S01450	W0002541	1487	2025-02-05T15:19:00Z
S01450	W0002542	1526	2025-02-15T13:04:00Z
S01450	W0002543	806	2025-02-22T01:35:00Z
S01450	W0002544	1518	2025-02-09T05:59:00Z
S01450	W0002545	325	2025-02-04T23:45:00Z
S01450	W0002546	1610	2025-02-15T19:30:00Z
S01450	W0002547	714	2025-02-06T06:42:00Z
S00595	W0002548	223	2025-02-10T19:44:00Z
S00595	W0002549	1435	2025-02-10T15:06:00Z
S00595	W0002550	328	2025-02-16T08:27:00Z
S00595	W0002551	862	2025-02-06T21:53:00Z
S00595	W0002552	1275	2025-02-01T05:15:00Z
S00595	W0002553	1523	2025-02-11T18:49:00Z
S00595	W0002554	1470	2025-02-02T09:38:00Z
S00595	W0002555	1313	2025-02-03T09:25:00Z
S00595	W0002556	1239	2025-02-15T04:52:00Z
S01941	W0002557	756	2025-02-23T01:45:00Z
S01941	W0002558	1389	2025-02-16T22:38:00Z
S01941	W0002559	784	2025-02-08T04:16:00Z
S01941	W0002560	185	2025-02-04T01:34:00Z
S01941	W0002561	1210	2025-02-21T16:24:00Z
S01941	W0002562	23	2025-02-01T09:33:00Z
S01941	W0002563	1451	2025-02-27T13:48:00Z
S01941	W0002564	1091	2025-02-23T09:39:00Z
S01941	W0002565	165	2025-02-18T12:46:00Z
S01941	W0002566	1060	2025-02-28T18:43:00Z
S00802	W0002567	1717	2025-02-16T05:15:00Z
S00802	W0002568	222	2025-02-26T07:24:00Z
S00802	W0002569	49	2025-02-25T21:23:00Z
S00802	W0002570	558	2025-02-05T04:11:00Z
S00802	W0002571	438	2025-02-01T11:15:00Z
S00802	W0002572	1161	2025-02-12T01:46:00Z
S00802	W0002573	580	2025-02-09T15:26:00Z
S00802	W0002574	510	2025-02-15T03:01:00Z
S01395	W0002575	945	2025-02-24T18:21:00Z
S01395	W0002576	554	2025-02-23T20:22:00Z
S01395	W0002577	964	2025-02-02T23:49:00Z
S01395	W0002578	1693	2025-02-28T07:03:00Z
S01395	W0002579	1051	2025-02-22T17:10:00Z
S01395	W0002580	1272	2025-02-14T11:29:00Z
S01395	W0002581	592	2025-02-26T07:55:00Z
S01395	W0002582	172	2025-02-02T19:33:00Z
S01395	W0002583	1393	2025-02-18T11:26:00Z
S01395	W0002584	1631	2025-02-11T06:00:00Z
S01395	W0002585	1022	2025-02-09T23:58:00Z
S01395	W0002586	1060	2025-02-04T03:57:00Z
S01395	W0002587	1039	2025-02-08T07:34:00Z
S01395	W0002588	1737	2025-02-14T03:04:00Z
S01395	W0002589	575	2025-02-18T03:01:00Z
S00396	W0002590	1076	2025-02-05T23:11:00Z
S00396	W0002591	435	2025-02-25T01:18:00Z
S00396	W0002592	191	2025-02-11T15:56:00Z
S00396	W0002593	1249	2025-02-02T21:03:00Z
S00396	W0002594	1354	2025-02-08T10:57:00Z
S00396	W0002595	1051	2025-02-27T17:22:00Z
S00396	W0002596	1279	2025-02-15T22:43:00Z
S00396	W0002597	109	2025-02-10T16:41:00Z
S00396	W0002598	1722	2025-02-13T06:22:00Z
S00396	W0002599	751	2025-02-09T05:03:00Z
S00396	W0002600	1259	2025-02-06T05:48:00Z
S00396	W0002601	1191	2025-02-13T23:45:00Z
S00396	W0002602	982	2025-02-14T02:36:00Z
S00888	W0002603	1179	2025-02-02T08:12:00Z
S00888	W0002604	1264	2025-02-02T07:03:00Z
S00888	W0002605	38	2025-02-22T10:00:00Z
S00888	W0002606	924	2025-02-17T07:57:00Z
S00888	W0002607	1227	2025-02-27T21:04:00Z
S00888	W0002608	1175	2025-02-07T14:41:00Z
S00888	W0002609	366	2025-02-18T09:40:00Z
S00888	W0002610	1800	2025-02-24T08:57:00Z
S00888	W0002611	665	2025-02-03T14:18:00Z
S00888	W0002612	1347	2025-02-16T22:32:00Z
S00888	W0002613	1349	2025-02-05T22:55:00Z
S01441	W0002614	91	2025-02-14T18:08:00Z
S01441	W0002615	1574	2025-02-20T23:59:00Z
S01441	W0002616	1285	2025-02-20T18:03:00Z
S01441	W0002617	567	2025-02-12T01:47:00Z
S01441	W0002618	869	2025-02-01T08:31:00Z
S01441	W0002619	1224	2025-02-22T22:06:00Z
S01441	W0002620	1777	2025-02-02T05:34:00Z
S01441	W0002621	1200	2025-02-01T16:31:00Z
S01441	W0002622	1225	2025-02-03T21:47:00Z
S01441	W0002623	1255	2025-02-04T14:53:00Z
S01441	W0002624	697	2025-02-18T04:26:00Z
S01441	W0002625	1102	2025-02-01T09:11:00Z
S01441	W0002626	525	2025-02-11T21:24:00Z
S01441	W0002627	424	2025-02-01T01:52:00Z
S01441	W0002628	93	2025-02-02T07:00:00Z
S01441	W0002629	756	2025-02-11T16:04:00Z
S01441	W0002630	36	2025-02-21T21:22:00Z
S01441	W0002631	594	2025-02-17T09:07:00Z
S01441	W0002632	289	2025-02-02T06:57:00Z
S01441	W0002633	378	2025-02-22T06:46:00Z
S01441	W0002634	1357	2025-02-04T14:19:00Z
S01441	W0002635	1251	2025-02-16T05:02:00Z
S01441	W0002636	1609	2025-02-08T14:26:00Z
S01441	W0002637	976	2025-02-24T07:07:00Z
S01384	W0002638	1469	2025-02-17T12:28:00Z
S01384	W0002639	167	2025-02-22T00:11:00Z
S01384	W0002640	1428	2025-02-20T07:22:00Z
S01384	W0002641	1038	2025-02-09T15:56:00Z
S01384	W0002642	1070	2025-02-05T04:19:00Z
S01384	W0002643	1773	2025-02-28T10:00:00Z
S01384	W0002644	1550	2025-02-15T19:43:00Z
S01384	W0002645	1698	2025-02-05T16:45:00Z
S01384	W0002646	408	2025-02-18T18:59:00Z
S01384	W0002647	1204	2025-02-06T16:15:00Z
S01384	W0002648	936	2025-02-13T17:54:00Z
S01384	W0002649	1560	2025-02-26T07:06:00Z
S01836	W0002650	1109	2025-02-03T02:12:00Z
S01836	W0002651	437	2025-02-19T23:36:00Z
S01836	W0002652	1685	2025-02-23T16:42:00Z
S01836	W0002653	536	2025-02-10T03:58:00Z
S01836	W0002654	577	2025-02-09T20:42:00Z
S01836	W0002655	1185	2025-02-12T12:50:00Z
S01836	W0002656	531	2025-02-04T03:41:00Z
S01836	W0002657	376	2025-02-02T09:27:00Z
S01836	W0002658	682	2025-02-05T21:09:00Z
S01836	W0002659	1302	2025-02-01T10:10:00Z
S01836	W0002660	709	2025-02-15T00:00:00Z
S01836	W0002661	343	2025-02-01T04:38:00Z
S01192	W0002662	1118	2025-02-03T19:45:00Z
S01192	W0002663	926	2025-02-24T16:59:00Z
S01192	W0002664	407	2025-02-20T02:24:00Z
S01192	W0002665	639	2025-02-07T18:40:00Z
S01192	W0002666	1628	2025-02-26T08:10:00Z
S01192	W0002667	430	2025-02-23T08:13:00Z
S01192	W0002668	1153	2025-02-11T17:51:00Z
S01192	W0002669	654	2025-02-19T21:58:00Z
S01192	W0002670	1664	2025-02-04T08:52:00Z
S01192	W0002671	900	2025-02-12T23:08:00Z
S01192	W0002672	1039	2025-02-20T05:26:00Z
S01192	W0002673	1152	2025-02-11T20:00:00Z
S01192	W0002674	1563	2025-02-20T06:24:00Z
S01192	W0002675	683	2025-02-09T02:11:00Z
S01192	W0002676	1494	2025-02-22T22:08:00Z
S01192	W0002677	238	2025-02-20T09:54:00Z
S01192	W0002678	1129	2025-02-24T14:40:00Z
S01192	W0002679	1355	2025-02-12T15:04:00Z
S01192	W0002680	503	2025-02-06T19:21:00Z
S01192	W0002681	595	2025-02-03T12:18:00Z
S01192	W0002682	1224	2025-02-18T04:56:00Z
S01192	W0002683	575	2025-02-22T22:14:00Z
S01192	W0002684	671	2025-02-27T22:39:00Z
S01095	W0002685	1124	2025-02-17T10:41:00Z
S01095	W0002686	1192	2025-02-17T09:27:00Z
S01095	W0002687	90	2025-02-25T13:11:00Z
S01095	W0002688	1688	2025-02-13T18:37:00Z
S01095	W0002689	384	2025-02-14T09:58:00Z
S01095	W0002690	353	2025-02-26T14:47:00Z
S01095	W0002691	586	2025-02-26T17:38:00Z
S01095	W0002692	1294	2025-02-26T02:21:00Z
S01095	W0002693	1410	2025-02-23T12:24:00Z
S01095	W0002694	767	2025-02-25T14:36:00Z
S01095	W0002695	1055	2025-02-16T13:30:00Z
S01095	W0002696	231	2025-02-21T14:09:00Z
S01095	W0002697	1288	2025-02-01T12:47:00Z
S01095	W0002698	1548	2025-02-16T02:22:00Z
S01095	W0002699	550	2025-02-21T21:56:00Z
S01095	W0002700	763	2025-02-26T14:51:00Z
S01095	W0002701	203	2025-02-21T09:20:00Z
S01095	W0002702	1370	2025-02-19T15:19:00Z
S01095	W0002703	78	2025-02-20T13:30:00Z
S01095	W0002704	400	2025-02-01T10:13:00Z
S01095	W0002705	1230	2025-02-04T12:16:00Z
S01095	W0002706	131	2025-02-08T17:01:00Z
S00497	W0002707	309	2025-02-28T13:54:00Z
S00497	W0002708	1390	2025-02-07T20:09:00Z
S00497	W0002709	824	2025-02-17T10:36:00Z
S00497	W0002710	77	2025-02-03T20:55:00Z
S00497	W0002711	1523	2025-02-13T23:42:00Z
S00497	W0002712	394	2025-02-25T15:53:00Z
S00497	W0002713	170	2025-02-07T20:51:00Z
S00497	W0002714	54	2025-02-27T03:07:00Z
S00497	W0002715	419	2025-02-14T08:03:00Z
S00497	W0002716	543	2025-02-09T15:19:00Z
S00497	W0002717	568	2025-02-10T05:41:00Z
S00497	W0002718	33	2025-02-17T08:40:00Z
S00582	W0002719	1762	2025-02-22T06:27:00Z
S00582	W0002720	1341	2025-02-17T04:16:00Z
S00582	W0002721	1706	2025-02-27T03:06:00Z
S00582	W0002722	749	2025-02-15T06:23:00Z
S00582	W0002723	124	2025-02-11T21:41:00Z
S00582	W0002724	977	2025-02-01T14:03:00Z
S00582	W0002725	1109	2025-02-03T11:50:00Z
S00582	W0002726	628	2025-02-27T09:13:00Z
S00582	W0002727	1308	2025-02-07T05:11:00Z
S00582	W0002728	137	2025-02-23T10:58:00Z
S00582	W0002729	192	2025-02-23T13:48:00Z
S00582	W0002730	1626	2025-02-16T06:52:00Z
S00582	W0002731	252	2025-02-13T05:59:00Z
S00582	W0002732	480	2025-02-28T16:23:00Z
S00582	W0002733	561	2025-02-01T12:43:00Z
S00582	W0002734	175	2025-02-26T05:00:00Z
S00582	W0002735	1213	2025-02-14T06:09:00Z
S00582	W0002736	263	2025-02-18T04:15:00Z
S00582	W0002737	1649	2025-02-17T03:35:00Z
S00582	W0002738	1337	2025-02-10T15:14:00Z
S00582	W0002739	1400	2025-02-09T14:55:00Z
S00582	W0002740	798	2025-02-02T22:09:00Z
S00582	W0002741	1678	2025-02-10T10:03:00Z
S00582	W0002742	317	2025-02-08T18:27:00Z
S00582	W0002743	1365	2025-02-26T23:18:00Z
S00582	W0002744	1498	2025-02-09T00:28:00Z
S00582	W0002745	1520	2025-02-04T17:14:00Z
S01062	W0002746	656	2025-02-07T12:21:00Z
S01062	W0002747	97	2025-02-11T13:53:00Z
S01062	W0002748	962	2025-02-01T04:00:00Z
S01062	W0002749	430	2025-02-27T21:30:00Z
S01062	W0002750	1433	2025-02-19T06:48:00Z
S01062	W0002751	999	2025-02-23T13:08:00Z
S01062	W0002752	1115	2025-02-11T17:30:00Z
S01062	W0002753	1485	2025-02-09T14:27:00Z
S00117	W0002754	1327	2025-02-13T17:27:00Z
S00117	W0002755	1244	2025-02-06T01:08:00Z
S00117	W0002756	474	2025-02-01T21:59:00Z
S00117	W0002757	970	2025-02-13T11:15:00Z
S00117	W0002758	1074	2025-02-09T18:34:00Z
S00117	W0002759	1650	2025-02-08T00:06:00Z
S00117	W0002760	743	2025-02-03T13:57:00Z
S00117	W0002761	1611	2025-02-08T01:39:00Z
S00117	W0002762	1652	2025-02-12T10:44:00Z
S00117	W0002763	1723	2025-02-14T17:25:00Z
S00117	W0002764	1562	2025-02-24T07:40:00Z
S00117	W0002765	640	2025-02-15T23:49:00Z
S00117	W0002766	707	2025-02-16T21:37:00Z
S00117	W0002767	1652	2025-02-18T11:17:00Z
S00117	W0002768	868	2025-02-24T14:41:00Z
S00117	W0002769	170	2025-02-10T14:57:00Z
S00117	W0002770	1446	2025-02-17T19:42:00Z
S00117	W0002771	889	2025-02-10T17:42:00Z
S00328	W0002772	253	2025-02-25T04:16:00Z
S00328	W0002773	553	2025-02-10T13:16:00Z
S00328	W0002774	68	2025-02-12T09:54:00Z
S00328	W0002775	829	2025-02-27T15:10:00Z
S00328	W0002776	1784	2025-02-17T12:11:00Z
S00328	W0002777	1685	2025-02-22T10:28:00Z
S00328	W0002778	1762	2025-02-12T04:49:00Z
S00328	W0002779	475	2025-02-26T17:57:00Z
S00328	W0002780	832	2025-02-16T05:14:00Z
S00328	W0002781	388	2025-02-11T22:13:00Z
S00328	W0002782	730	2025-02-01T19:34:00Z
S00328	W0002783	1761	2025-02-22T15:04:00Z
S00328	W0002784	149	2025-02-02T04:30:00Z
S00328	W0002785	688	2025-02-04T04:29:00Z
S00328	W0002786	1408	2025-02-01T13:53:00Z
S00328	W0002787	382	2025-02-03T17:22:00Z
S00328	W0002788	1675	2025-02-06T03:10:00Z
S00328	W0002789	319	2025-02-25T03:41:00Z
S00328	W0002790	499	2025-02-16T04:35:00Z
S00328	W0002791	211	2025-02-06T10:26:00Z
S00946	W0002792	110	2025-02-25T21:53:00Z
S00946	W0002793	190	2025-02-17T03:31:00Z
S00946	W0002794	1527	2025-02-11T22:45:00Z
S00946	W0002795	814	2025-02-01T01:43:00Z
S00946	W0002796	337	2025-02-24T09:03:00Z
S00946	W0002797	488	2025-02-06T04:29:00Z
S00946	W0002798	1134	2025-02-22T01:14:00Z
S00946	W0002799	631	2025-02-23T13:42:00Z
S00946	W0002800	987	2025-02-01T19:23:00Z
S00946	W0002801	1776	2025-02-27T14:50:00Z
S00946	W0002802	1231	2025-02-18T12:46:00Z
S00946	W0002803	1064	2025-02-17T02:38:00Z
S00946	W0002804	1399	2025-02-08T16:34:00Z
S00946	W0002805	995	2025-02-10T02:51:00Z
S00946	W0002806	670	2025-02-08T16:34:00Z
S00946	W0002807	83	2025-02-26T21:43:00Z
S00946	W0002808	1125	2025-02-28T13:11:00Z
S00946	W0002809	166	2025-02-08T08:58:00Z
S00946	W0002810	1674	2025-02-23T21:05:00Z
S00946	W0002811	1549	2025-02-03T04:25:00Z
S00946	W0002812	1188	2025-02-13T19:10:00Z
S00946	W0002813	1192	2025-02-20T14:32:00Z
S00946	W0002814	809	2025-02-15T14:19:00Z
S00946	W0002815	1099	2025-02-18T17:08:00Z
S01680	W0002816	1063	2025-02-10T05:55:00Z
S01680	W0002817	1642	2025-02-05T21:36:00Z
S01680	W0002818	288	2025-02-11T20:52:00Z
S01680	W0002819	45	2025-02-14T03:57:00Z
S01680	W0002820	1556	2025-02-03T15:24:00Z
S01680	W0002821	627	2025-02-09T06:52:00Z
S01680	W0002822	264	2025-02-10T01:07:00Z
S01680	W0002823	516	2025-02-23T11:38:00Z
S01680	W0002824	930	2025-02-02T06:36:00Z
S01680	W0002825	615	2025-02-03T13:41:00Z
S01680	W0002826	1304	2025-02-28T15:31:00Z
S01680	W0002827	91	2025-02-28T02:43:00Z
S01680	W0002828	1663	2025-02-06T08:01:00Z
S01680	W0002829	1222	2025-02-07T14:03:00Z
S01680	W0002830	679	2025-02-06T15:39:00Z
S01680	W0002831	1578	2025-02-17T16:38:00Z
S01680	W0002832	1133	2025-02-21T06:37:00Z
S01680	W0002833	1789	2025-02-05T17:13:00Z
S01680	W0002834	600	2025-02-04T03:56:00Z
S01680	W0002835	173	2025-02-16T04:51:00Z
S01141	W0002836	1026	2025-02-10T15:05:00Z
S01141	W0002837	724	2025-02-12T12:15:00Z
S01141	W0002838	727	2025-02-25T05:24:00Z
S01141	W0002839	815	2025-02-26T12:34:00Z
S01141	W0002840	1452	2025-02-02T16:20:00Z
S01141	W0002841	1115	2025-02-25T19:38:00Z
S01141	W0002842	1311	2025-02-26T07:26:00Z
S01141	W0002843	600	2025-02-08T19:30:00Z
S01141	W0002844	1764	2025-02-13T20:06:00Z
S01141	W0002845	1702	2025-02-27T17:23:00Z
S01141	W0002846	618	2025-02-08T13:10:00Z
S01141	W0002847	772	2025-02-07T04:28:00Z
S01141	W0002848	1484	2025-02-20T19:14:00Z
S01141	W0002849	1296	2025-02-26T22:57:00Z
S01141	W0002850	1154	2025-02-17T04:50:00Z
S01141	W0002851	1029	2025-02-20T11:06:00Z
S01141	W0002852	1681	2025-02-23T16:41:00Z
S01141	W0002853	415	2025-02-18T21:07:00Z
S01141	W0002854	261	2025-02-13T03:43:00Z
S01141	W0002855	1349	2025-02-24T19:24:00Z
S01141	W0002856	1310	2025-02-21T19:37:00Z
S01141	W0002857	868	2025-02-22T06:21:00Z
S01141	W0002858	885	2025-02-03T04:34:00Z
S01141	W0002859	230	2025-02-08T09:17:00Z
S01141	W0002860	1702	2025-02-20T06:00:00Z
S01141	W0002861	1100	2025-02-01T11:06:00Z
S01141	W0002862	1077	2025-02-10T07:34:00Z
S01141	W0002863	362	2025-02-21T18:27:00Z
S01211	W0002864	544	2025-02-18T09:53:00Z
S01211	W0002865	1588	2025-02-10T19:20:00Z
S01211	W0002866	1432	2025-02-20T04:52:00Z
S01211	W0002867	1220	2025-02-23T16:42:00Z
S01211	W0002868	1293	2025-02-21T10:08:00Z
S01211	W0002869	1331	2025-02-05T03:57:00Z
S01211	W0002870	1681	2025-02-07T01:50:00Z
S01211	W0002871	1529	2025-02-12T00:11:00Z
S01211	W0002872	380	2025-02-25T07:17:00Z
S01211	W0002873	28	2025-02-19T03:53:00Z
S01211	W0002874	485	2025-02-10T19:28:00Z
S01211	W0002875	707	2025-02-12T11:04:00Z
S01211	W0002876	224	2025-02-14T09:53:00Z
S01211	W0002877	1149	2025-02-06T06:18:00Z
S01332	W0002878	151	2025-02-20T02:49:00Z
S01332	W0002879	780	2025-02-12T01:41:00Z
S01332	W0002880	1052	2025-02-21T15:10:00Z
S01332	W0002881	1234	2025-02-23T19:14:00Z
S01332	W0002882	1408	2025-02-13T08:18:00Z
S01332	W0002883	695	2025-02-07T19:19:00Z
S01332	W0002884	588	2025-02-19T08:57:00Z
S01332	W0002885	585	2025-02-05T06:50:00Z
S01332	W0002886	754	2025-02-12T10:54:00Z
S01332	W0002887	27	2025-02-23T15:35:00Z
S01332	W0002888	857	2025-02-20T22:07:00Z
S01332	W0002889	1610	2025-02-25T22:43:00Z
S01332	W0002890	1531	2025-02-03T15:26:00Z
S01332	W0002891	1533	2025-02-10T13:01:00Z
S01332	W0002892	1511	2025-02-16T21:49:00Z
S01332	W0002893	1728	2025-02-05T17:05:00Z
S01332	W0002894	937	2025-02-23T20:41:00Z
S01332	W0002895	242	2025-02-08T22:42:00Z
S01332	W0002896	247	2025-02-22T15:14:00Z
S01332	W0002897	1687	2025-02-19T22:52:00Z
S01332	W0002898	797	2025-02-14T06:12:00Z
S01332	W0002899	1028	2025-02-11T22:54:00Z
S01332	W0002900	39	2025-02-13T03:54:00Z
S01332	W0002901	1108	2025-02-24T08:18:00Z
S01332	W0002902	185	2025-02-28T17:54:00Z
S01332	W0002903	567	2025-02-10T07:33:00Z
S01332	W0002904	634	2025-02-10T19:03:00Z
S01332	W0002905	789	2025-02-07T19:58:00Z
S01332	W0002906	941	2025-02-18T04:41:00Z
S01332	W0002907	1497	2025-02-24T10:49:00Z
S01942	W0002908	1013	2025-02-08T10:05:00Z
S01942	W0002909	1307	2025-02-01T09:22:00Z
S01942	W0002910	1092	2025-02-21T02:03:00Z
S01942	W0002911	1120	2025-02-06T02:05:00Z
S01942	W0002912	1656	2025-02-27T22:33:00Z
S01942	W0002913	479	2025-02-17T04:38:00Z
S01942	W0002914	1160	2025-02-14T13:18:00Z
S01942	W0002915	1652	2025-02-27T08:42:00Z
S01942	W0002916	1742	2025-02-18T08:15:00Z
S01942	W0002917	986	2025-02-18T18:13:00Z
S01942	W0002918	995	2025-02-08T21:20:00Z
S01942	W0002919	1486	2025-02-19T23:31:00Z
S01942	W0002920	765	2025-02-01T08:23:00Z
S01942	W0002921	904	2025-02-07T03:05:00Z
S01942	W0002922	1698	2025-02-11T08:09:00Z
S01942	W0002923	457	2025-02-04T03:52:00Z
S01942	W0002924	928	2025-02-28T05:01:00Z
S01942	W0002925	1618	2025-02-13T01:44:00Z
S01942	W0002926	681	2025-02-09T06:42:00Z
S01942	W0002927	1316	2025-02-28T02:12:00Z
S01942	W0002928	196	2025-02-24T13:50:00Z
S01942	W0002929	598	2025-02-06T11:25:00Z
S00233	W0002930	553	2025-02-15T06:18:00Z
S00233	W0002931	1344	2025-02-09T18:09:00Z
S00233	W0002932	593	2025-02-13T12:33:00Z
S00233	W0002933	1603	2025-02-01T11:23:00Z
S00233	W0002934	1111	2025-02-12T11:01:00Z
S00233	W0002935	1181	2025-02-15T14:57:00Z
S00233	W0002936	1321	2025-02-01T20:40:00Z
S00233	W0002937	1793	2025-02-21T09:51:00Z
S00233	W0002938	281	2025-02-12T12:25:00Z
S00233	W0002939	1306	2025-02-01T18:39:00Z
S00233	W0002940	57	2025-02-21T22:40:00Z
S00233	W0002941	335	2025-02-11T16:40:00Z
S00233	W0002942	1444	2025-02-13T23:59:00Z
S00233	W0002943	1429	2025-02-16T13:20:00Z
S00233	W0002944	53	2025-02-13T20:00:00Z
S00233	W0002945	772	2025-02-11T03:49:00Z
S00233	W0002946	1172	2025-02-18T03:23:00Z
S00233	W0002947	347	2025-02-18T03:45:00Z
S00233	W0002948	411	2025-02-08T15:23:00Z
S00233	W0002949	454	2025-02-22T14:55:00Z
S00233	W0002950	589	2025-02-11T04:03:00Z
S00233	W0002951	730	2025-02-08T03:45:00Z
S00233	W0002952	957	2025-02-10T11:29:00Z
S00233	W0002953	433	2025-02-01T22:04:00Z
S00233	W0002954	1062	2025-02-05T02:40:00Z
S00233	W0002955	913	2025-02-21T19:24:00Z
S00233	W0002956	793	2025-02-27T23:28:00Z
S00233	W0002957	435	2025-02-10T10:41:00Z
S00233	W0002958	1673	2025-02-01T11:16:00Z
S00233	W0002959	124	2025-02-17T07:38:00Z
S01755	W0002960	635	2025-02-07T05:59:00Z
S01755	W0002961	1779	2025-02-11T22:57:00Z
S01755	W0002962	1206	2025-02-07T18:19:00Z
S01755	W0002963	1470	2025-02-22T18:28:00Z
S01755	W0002964	110	2025-02-23T02:28:00Z
S01755	W0002965	1163	2025-02-16T10:06:00Z
S01755	W0002966	1231	2025-02-05T02:48:00Z
S01755	W0002967	764	2025-02-11T07:10:00Z
S01755	W0002968	862	2025-02-17T08:38:00Z
S01755	W0002969	526	2025-02-12T07:12:00Z
S01755	W0002970	1049	2025-02-01T00:27:00Z
S00337	W0002971	876	2025-02-10T21:00:00Z
S00337	W0002972	1627	2025-02-20T17:53:00Z
S00337	W0002973	784	2025-02-22T00:06:00Z
S00337	W0002974	380	2025-02-28T17:53:00Z
S00337	W0002975	319	2025-02-11T08:18:00Z
S00337	W0002976	1417	2025-02-12T06:32:00Z
S00337	W0002977	1138	2025-02-10T16:21:00Z
S00337	W0002978	1289	2025-02-08T07:53:00Z
S00337	W0002979	1393	2025-02-12T23:28:00Z
S00337	W0002980	1706	2025-02-05T00:05:00Z
S00337	W0002981	1363	2025-02-05T02:35:00Z
S00337	W0002982	805	2025-02-26T09:46:00Z
S01592	W0002983	987	2025-02-20T17:45:00Z
S01592	W0002984	855	2025-02-15T20:39:00Z
S01592	W0002985	533	2025-02-24T00:38:00Z
S01592	W0002986	1419	2025-02-07T13:19:00Z
S01592	W0002987	1338	2025-02-15T19:42:00Z
S01592	W0002988	54	2025-02-25T22:12:00Z
S01592	W0002989	80	2025-02-16T19:10:00Z
S01592	W0002990	309	2025-02-13T09:24:00Z
S01592	W0002991	305	2025-02-02T07:17:00Z
S01592	W0002992	1648	2025-02-16T14:32:00Z
S01592	W0002993	1638	2025-02-17T11:32:00Z
S01592	W0002994	654	2025-02-12T02:27:00Z
S01592	W0002995	1591	2025-02-28T03:39:00Z
S01592	W0002996	1305	2025-02-08T06:17:00Z
S01592	W0002997	118	2025-02-14T06:50:00Z
S01592	W0002998	850	2025-02-26T06:16:00Z
S01592	W0002999	1544	2025-02-02T10:38:00Z
S01592	W0003000	646	2025-02-28T03:03:00Z
S01592	W0003001	163	2025-02-25T17:27:00Z
S01267	W0003002	50	2025-02-21T13:35:00Z
S01267	W0003003	514	2025-02-08T01:14:00Z
S01267	W0003004	1398	2025-02-19T22:50:00Z
S01267	W0003005	1472	2025-02-18T03:50:00Z
S01267	W0003006	1510	2025-02-11T07:54:00Z
S01267	W0003007	1519	2025-02-08T01:17:00Z
S01267	W0003008	1663	2025-02-26T01:23:00Z
S01267	W0003009	1163	2025-02-04T19:12:00Z
S01267	W0003010	1746	2025-02-10T21:37:00Z
S01267	W0003011	1508	2025-02-24T05:52:00Z
S01267	W0003012	725	2025-02-02T10:25:00Z
S01267	W0003013	1631	2025-02-18T15:36:00Z
S01267	W0003014	983	2025-02-18T14:01:00Z
S01267	W0003015	115	2025-02-13T15:48:00Z
S01267	W0003016	992	2025-02-22T23:45:00Z
S01267	W0003017	700	2025-02-03T11:20:00Z
S01267	W0003018	778	2025-02-04T21:55:00Z
S01267	W0003019	1602	2025-02-22T19:51:00Z
S01267	W0003020	573	2025-02-27T04:44:00Z
S01267	W0003021	70	2025-02-26T10:11:00Z
S01267	W0003022	55	2025-02-11T05:09:00Z
S01267	W0003023	121	2025-02-03T00:55:00Z
S01267	W0003024	798	2025-02-06T21:09:00Z
S01267	W0003025	614	2025-02-27T06:00:00Z
S01267	W0003026	932	2025-02-17T10:50:00Z
S01267	W0003027	649	2025-02-21T11:04:00Z
S01267	W0003028	799	2025-02-14T09:22:00Z
S01267	W0003029	1037	2025-02-11T06:03:00Z
S00909	W0003030	479	2025-02-25T05:59:00Z
S00909	W0003031	805	2025-02-20T19:21:00Z
S00909	W0003032	133	2025-02-09T22:56:00Z
S00909	W0003033	1262	2025-02-12T05:13:00Z
S00909	W0003034	1005	2025-02-07T07:45:00Z
S00909	W0003035	1255	2025-02-16T19:35:00Z
S00909	W0003036	171	2025-02-18T01:17:00Z
S00909	W0003037	720	2025-02-03T08:17:00Z
S00909	W0003038	172	2025-02-26T00:25:00Z
S00909	W0003039	863	2025-02-12T08:23:00Z
S00909	W0003040	789	2025-02-09T18:11:00Z
S00909	W0003041	920	2025-02-28T20:05:00Z
S00909	W0003042	445	2025-02-07T01:19:00Z
S00909	W0003043	323	2025-02-10T09:11:00Z
S00909	W0003044	1519	2025-02-21T22:10:00Z
S00909	W0003045	732	2025-02-07T08:18:00Z
S00909	W0003046	1366	2025-02-24T18:03:00Z
S00909	W0003047	1382	2025-02-23T06:09:00Z
S00909	W0003048	1748	2025-02-23T10:54:00Z
S00909	W0003049	1057	2025-02-05T15:04:00Z
S00909	W0003050	435	2025-02-02T00:29:00Z
S00909	W0003051	107	2025-02-23T00:42:00Z
S00909	W0003052	321	2025-02-17T14:51:00Z
S00909	W0003053	142	2025-02-18T20:34:00Z
S00909	W0003054	700	2025-02-05T08:14:00Z
S00909	W0003055	1660	2025-02-18T19:03:00Z
S00909	W0003056	1132	2025-02-19T21:58:00Z
S00909	W0003057	1492	2025-02-12T10:15:00Z
S00909	W0003058	566	2025-02-28T06:32:00Z
S01472	W0003059	715	2025-02-27T08:30:00Z
S01472	W0003060	1213	2025-02-26T09:26:00Z
S01472	W0003061	1117	2025-02-07T17:03:00Z
S01472	W0003062	622	2025-02-25T05:16:00Z
S01472	W0003063	1559	2025-02-01T23:40:00Z
S01472	W0003064	33	2025-02-07T23:43:00Z
S01472	W0003065	1116	2025-02-24T22:18:00Z
S01472	W0003066	1727	2025-02-28T14:07:00Z
S01472	W0003067	801	2025-02-23T19:46:00Z
S01472	W0003068	1338	2025-02-05T11:00:00Z
S01472	W0003069	528	2025-02-11T14:53:00Z
S01472	W0003070	1694	2025-02-21T22:36:00Z
S01472	W0003071	511	2025-02-15T20:19:00Z
S01472	W0003072	589	2025-02-09T19:45:00Z
S01472	W0003073	209	2025-02-10T15:38:00Z
S01472	W0003074	1041	2025-02-20T09:33:00Z
S01472	W0003075	1359	2025-02-13T18:09:00Z
S01472	W0003076	474	2025-02-06T11:04:00Z
S00679	W0003077	224	2025-02-21T17:32:00Z
S00679	W0003078	563	2025-02-14T09:12:00Z
S00679	W0003079	378	2025-02-08T04:29:00Z
S00679	W0003080	207	2025-02-05T10:08:00Z
S00679	W0003081	810	2025-02-10T20:27:00Z
S00679	W0003082	1210	2025-02-22T21:20:00Z
S00679	W0003083	213	2025-02-08T19:46:00Z
S00679	W0003084	153	2025-02-27T01:30:00Z
S00679	W0003085	1725	2025-02-19T00:57:00Z
S00679	W0003086	558	2025-02-06T20:48:00Z
S00679	W0003087	1715	2025-02-13T07:46:00Z
S00679	W0003088	1324	2025-02-20T08:15:00Z
S00679	W0003089	171	2025-02-22T13:47:00Z
S00679	W0003090	1501	2025-02-14T20:25:00Z
S00679	W0003091	1319	2025-02-16T00:18:00Z
S00679	W0003092	202	2025-02-19T14:48:00Z
S00679	W0003093	1320	2025-02-07T19:49:00Z
S00679	W0003094	1281	2025-02-24T19:06:00Z
S00679	W0003095	1309	2025-02-25T07:07:00Z
S00679	W0003096	313	2025-02-09T10:10:00Z
S00679	W0003097	824	2025-02-01T23:46:00Z
S00679	W0003098	367	2025-02-09T17:34:00Z
S00679	W0003099	722	2025-02-20T03:21:00Z
S00679	W0003100	1584	2025-02-19T20:12:00Z
S00679	W0003101	1038	2025-02-07T06:27:00Z
S00679	W0003102	484	2025-02-12T06:40:00Z
S00679	W0003103	958	2025-02-28T17:56:00Z
S00679	W0003104	920	2025-02-01T09:56:00Z
S01130	W0003105	1759	2025-02-16T18:32:00Z
S01130	W0003106	250	2025-02-04T14:54:00Z
S01130	W0003107	1157	2025-02-14T10:34:00Z
S01130	W0003108	1416	2025-02-17T18:35:00Z
S01130	W0003109	1201	2025-02-18T15:26:00Z
S01130	W0003110	1035	2025-02-02T11:21:00Z
S01130	W0003111	294	2025-02-15T13:30:00Z
S01130	W0003112	1703	2025-02-16T01:56:00Z
S01130	W0003113	1183	2025-02-05T15:02:00Z
S01130	W0003114	1401	2025-02-16T15:09:00Z
S01130	W0003115	1793	2025-02-20T17:33:00Z
S01130	W0003116	1482	2025-02-27T08:40:00Z
S01130	W0003117	1419	2025-02-18T20:39:00Z
S01130	W0003118	1196	2025-02-13T05:52:00Z
S01130	W0003119	1633	2025-02-20T21:39:00Z
S01130	W0003120	680	2025-02-13T10:13:00Z
S01130	W0003121	140	2025-02-07T03:29:00Z
S01130	W0003122	1298	2025-02-07T21:21:00Z
S01130	W0003123	1301	2025-02-22T01:46:00Z
S01130	W0003124	116	2025-02-28T20:01:00Z
S01130	W0003125	165	2025-02-14T11:41:00Z
S01130	W0003126	944	2025-02-24T21:51:00Z
S01130	W0003127	1411	2025-02-02T03:52:00Z
S01130	W0003128	1496	2025-02-19T14:48:00Z
S00221	W0003129	1713	2025-02-01T16:27:00Z
S00221	W0003130	783	2025-02-16T18:25:00Z
S00221	W0003131	1415	2025-02-07T00:33:00Z
S00221	W0003132	780	2025-02-12T10:49:00Z
S00404	W0003133	70	2025-02-25T15:27:00Z
S00404	W0003134	693	2025-02-07T11:16:00Z
S00404	W0003135	1396	2025-02-02T19:09:00Z
S00404	W0003136	1207	2025-02-13T15:32:00Z
S00404	W0003137	1272	2025-02-17T19:00:00Z
S00404	W0003138	201	2025-02-20T00:24:00Z
S00404	W0003139	872	2025-02-05T16:46:00Z
S00404	W0003140	672	2025-02-19T08:54:00Z
S00404	W0003141	334	2025-02-07T13:48:00Z
S00404	W0003142	1031	2025-02-11T00:25:00Z
S00404	W0003143	1625	2025-02-06T19:52:00Z
S00404	W0003144	804	2025-02-26T06:39:00Z
S00404	W0003145	843	2025-02-01T20:46:00Z
S00404	W0003146	569	2025-02-26T00:26:00Z
S00404	W0003147	1156	2025-02-28T04:28:00Z
S00404	W0003148	203	2025-02-17T18:50:00Z
S00404	W0003149	185	2025-02-28T11:23:00Z
S00404	W0003150	473	2025-02-14T16:45:00Z
S00404	W0003151	165	2025-02-11T10:32:00Z
S00404	W0003152	1072	2025-02-19T16:11:00Z
S00404	W0003153	827	2025-02-04T07:01:00Z
S00404	W0003154	1563	2025-02-20T05:51:00Z
S00404	W0003155	755	2025-02-07T19:38:00Z
S00404	W0003156	1336	2025-02-03T17:38:00Z
S00948	W0003157	1035	2025-02-24T11:32:00Z
S00948	W0003158	1244	2025-02-02T07:03:00Z
S00948	W0003159	1436	2025-02-27T08:50:00Z
S00948	W0003160	1632	2025-02-28T19:16:00Z
S00948	W0003161	525	2025-02-20T20:35:00Z
S00948	W0003162	717	2025-02-11T03:23:00Z
S00948	W0003163	810	2025-02-01T16:40:00Z
S00948	W0003164	471	2025-02-13T11:26:00Z
S00948	W0003165	23	2025-02-24T19:58:00Z
S00948	W0003166	261	2025-02-20T22:00:00Z
S00948	W0003167	530	2025-02-21T17:29:00Z
S00948	W0003168	796	2025-02-18T23:12:00Z
S00948	W0003169	353	2025-02-12T22:17:00Z
S00948	W0003170	879	2025-02-05T15:19:00Z
S00948	W0003171	985	2025-02-13T16:22:00Z
S00948	W0003172	925	2025-02-20T20:57:00Z
S01662	W0003173	251	2025-02-15T18:49:00Z
S01662	W0003174	497	2025-02-11T02:09:00Z
S01662	W0003175	24	2025-02-20T01:33:00Z
S01662	W0003176	1566	2025-02-10T14:52:00Z
S01662	W0003177	1534	2025-02-08T05:31:00Z
S01662	W0003178	1706	2025-02-06T19:08:00Z
S01662	W0003179	1508	2025-02-04T22:52:00Z
S01662	W0003180	1464	2025-02-14T22:22:00Z
S01662	W0003181	438	2025-02-21T19:15:00Z
S01662	W0003182	1497	2025-02-11T00:26:00Z
S01662	W0003183	644	2025-02-23T14:33:00Z
S01662	W0003184	731	2025-02-08T05:06:00Z
S01662	W0003185	1110	2025-02-23T16:19:00Z
S01662	W0003186	1748	2025-02-25T23:32:00Z
S01662	W0003187	656	2025-02-23T15:10:00Z
S01662	W0003188	275	2025-02-16T06:31:00Z
S01577	W0003189	641	2025-02-22T11:46:00Z
S01577	W0003190	702	2025-02-17T08:30:00Z
S01577	W0003191	312	2025-02-07T12:45:00Z
S01577	W0003192	1469	2025-02-10T14:33:00Z
S01577	W0003193	858	2025-02-16T02:36:00Z
S01577	W0003194	1082	2025-02-11T00:39:00Z
S01577	W0003195	64	2025-02-08T19:25:00Z
S01577	W0003196	1576	2025-02-08T19:51:00Z
S01874	W0003197	975	2025-02-17T03:24:00Z
S01874	W0003198	459	2025-02-27T13:31:00Z
S01874	W0003199	31	2025-02-05T03:07:00Z
S01874	W0003200	360	2025-02-12T16:27:00Z
S01874	W0003201	514	2025-02-24T10:12:00Z
S01874	W0003202	877	2025-02-19T10:20:00Z
S01874	W0003203	647	2025-02-09T05:01:00Z
S01874	W0003204	1203	2025-02-12T16:08:00Z
S01874	W0003205	828	2025-02-21T20:12:00Z
S01874	W0003206	1028	2025-02-12T13:14:00Z
S01874	W0003207	344	2025-02-27T06:06:00Z
S01874	W0003208	1565	2025-02-11T04:51:00Z
S01874	W0003209	1017	2025-02-20T22:08:00Z
S01874	W0003210	438	2025-02-08T01:17:00Z
S01874	W0003211	433	2025-02-14T16:03:00Z
S01874	W0003212	1700	2025-02-26T19:13:00Z
S01874	W0003213	683	2025-02-21T22:57:00Z
S01874	W0003214	440	2025-02-15T02:58:00Z
S00922	W0003215	316	2025-02-09T02:09:00Z
S00922	W0003216	1579	2025-02-21T15:21:00Z
S00922	W0003217	1074	2025-02-28T20:03:00Z
S00922	W0003218	975	2025-02-02T16:53:00Z
S00922	W0003219	824	2025-02-23T04:41:00Z
S00922	W0003220	520	2025-02-26T08:05:00Z
S00922	W0003221	127	2025-02-24T07:14:00Z
S00922	W0003222	53	2025-02-27T04:46:00Z
S00922	W0003223	804	2025-02-03T07:26:00Z
S00922	W0003224	1126	2025-02-10T08:42:00Z
S00922	W0003225	800	2025-02-07T13:10:00Z
S00922	W0003226	987	2025-02-21T02:07:00Z
S00922	W0003227	1666	2025-02-21T05:36:00Z
S00922	W0003228	192	2025-02-25T06:38:00Z
S00922	W0003229	797	2025-02-09T00:02:00Z
S00922	W0003230	327	2025-02-09T05:36:00Z
S00922	W0003231	846	2025-02-01T11:41:00Z
S00922	W0003232	550	2025-02-12T21:40:00Z
S00922	W0003233	1420	2025-02-12T16:12:00Z
S00922	W0003234	1252	2025-02-09T16:55:00Z
S00922	W0003235	1616	2025-02-19T01:47:00Z
S00922	W0003236	1362	2025-02-14T11:59:00Z
S00922	W0003237	242	2025-02-25T10:08:00Z
S00922	W0003238	1749	2025-02-09T12:07:00Z
S00922	W0003239	492	2025-02-14T06:28:00Z
S00922	W0003240	1528	2025-02-10T23:33:00Z
S00922	W0003241	1441	2025-02-22T06:49:00Z
S00922	W0003242	1251	2025-02-24T23:36:00Z
S00922	W0003243	1143	2025-02-03T09:29:00Z
S00094	W0003244	71	2025-02-08T13:48:00Z
S00094	W0003245	1003	2025-02-06T22:53:00Z
S00094	W0003246	496	2025-02-21T12:38:00Z
S00094	W0003247	797	2025-02-27T13:56:00Z
S00094	W0003248	1159	2025-02-13T07:16:00Z
S00094	W0003249	574	2025-02-21T13:53:00Z
S00094	W0003250	404	2025-02-18T07:27:00Z
S00094	W0003251	214	2025-02-09T21:24:00Z
S00094	W0003252	920	2025-02-14T06:03:00Z
S00094	W0003253	442	2025-02-01T18:20:00Z
S00094	W0003254	984	2025-02-13T09:59:00Z
S00094	W0003255	365	2025-02-18T07:23:00Z
S00094	W0003256	82	2025-02-10T22:02:00Z
S00094	W0003257	310	2025-02-13T22:21:00Z
S00094	W0003258	1323	2025-02-28T17:24:00Z
S00094	W0003259	118	2025-02-26T19:52:00Z
S00094	W0003260	876	2025-02-04T03:24:00Z
S00094	W0003261	843	2025-02-08T10:04:00Z
S00094	W0003262	61	2025-02-25T03:40:00Z
S00094	W0003263	404	2025-02-21T05:12:00Z
S00094	W0003264	1177	2025-02-28T13:59:00Z
S00094	W0003265	839	2025-02-17T06:09:00Z
S00094	W0003266	365	2025-02-17T02:03:00Z
S00094	W0003267	354	2025-02-08T20:15:00Z
S00094	W0003268	1461	2025-02-11T22:53:00Z
S00668	W0003269	613	2025-02-01T22:19:00Z
S00668	W0003270	74	2025-02-03T04:30:00Z
S00668	W0003271	840	2025-02-07T16:10:00Z
S00668	W0003272	954	2025-02-17T01:06:00Z
S00668	W0003273	132	2025-02-23T21:22:00Z
S00668	W0003274	946	2025-02-05T12:53:00Z
S00668	W0003275	797	2025-02-21T01:29:00Z
S00668	W0003276	1461	2025-02-02T13:36:00Z
S00668	W0003277	842	2025-02-05T14:35:00Z
S00668	W0003278	769	2025-02-24T02:08:00Z
S00668	W0003279	1106	2025-02-05T23:57:00Z
S00668	W0003280	588	2025-02-05T10:25:00Z
S00668	W0003281	710	2025-02-16T18:42:00Z
S00668	W0003282	340	2025-02-18T07:19:00Z
S00668	W0003283	1024	2025-02-26T23:40:00Z
S00668	W0003284	387	2025-02-15T14:22:00Z
S00668	W0003285	1192	2025-02-13T08:38:00Z
S00668	W0003286	1720	2025-02-11T03:24:00Z
S01607	W0003287	1397	2025-02-28T02:48:00Z
S01607	W0003288	791	2025-02-25T03:51:00Z
S01607	W0003289	629	2025-02-23T05:00:00Z
S01607	W0003290	267	2025-02-10T08:08:00Z
S01607	W0003291	790	2025-02-03T10:40:00Z
S01607	W0003292	1410	2025-02-20T22:18:00Z
S01607	W0003293	1355	2025-02-14T05:40:00Z
S01607	W0003294	1638	2025-02-24T06:32:00Z
S01607	W0003295	1056	2025-02-25T14:16:00Z
S01607	W0003296	843	2025-02-09T21:40:00Z
S01607	W0003297	217	2025-02-27T20:02:00Z
S01607	W0003298	478	2025-02-20T10:32:00Z
S01607	W0003299	905	2025-02-21T19:44:00Z
S01607	W0003300	1730	2025-02-12T19:20:00Z
S01607	W0003301	1626	2025-02-01T17:51:00Z
S01607	W0003302	1241	2025-02-24T23:21:00Z
S01607	W0003303	1722	2025-02-26T02:15:00Z
S01607	W0003304	143	2025-02-11T12:22:00Z
S01607	W0003305	282	2025-02-19T14:02:00Z
S01607	W0003306	1253	2025-02-27T20:07:00Z
S01607	W0003307	1469	2025-02-24T17:56:00Z
S01607	W0003308	253	2025-02-20T10:40:00Z
S01607	W0003309	115	2025-02-07T13:13:00Z
S01607	W0003310	1116	2025-02-17T20:33:00Z
S01159	W0003311	679	2025-02-05T06:20:00Z
S01159	W0003312	43	2025-02-05T07:38:00Z
S01159	W0003313	508	2025-02-23T18:28:00Z
S01159	W0003314	823	2025-02-05T14:59:00Z
S01159	W0003315	1549	2025-02-16T01:55:00Z
S01159	W0003316	594	2025-02-04T08:06:00Z
S01159	W0003317	1492	2025-02-02T11:54:00Z
S01159	W0003318	853	2025-02-25T14:11:00Z
S01159	W0003319	886	2025-02-25T07:47:00Z
S01159	W0003320	385	2025-02-18T11:10:00Z
S01159	W0003321	1473	2025-02-25T02:17:00Z
S01159	W0003322	593	2025-02-17T05:49:00Z
S01159	W0003323	434	2025-02-05T13:15:00Z
S01159	W0003324	1116	2025-02-17T11:11:00Z
S01159	W0003325	433	2025-02-07T10:13:00Z
S01159	W0003326	1463	2025-02-27T00:17:00Z
S01159	W0003327	862	2025-02-05T11:19:00Z
S01159	W0003328	49	2025-02-07T20:34:00Z
S01159	W0003329	147	2025-02-06T00:19:00Z
S01159	W0003330	977	2025-02-23T07:23:00Z
S01159	W0003331	280	2025-02-07T16:33:00Z
S01159	W0003332	1320	2025-02-22T16:48:00Z
S01159	W0003333	1413	2025-02-14T09:30:00Z
S01159	W0003334	910	2025-02-15T07:36:00Z
S01159	W0003335	201	2025-02-25T08:28:00Z
S01159	W0003336	1543	2025-02-21T14:38:00Z
S01159	W0003337	1713	2025-02-12T10:17:00Z
S01159	W0003338	1498	2025-02-02T01:37:00Z
S00457	W0003339	1261	2025-02-14T16:47:00Z
S00457	W0003340	1496	2025-02-19T08:21:00Z
S00457	W0003341	427	2025-02-12T07:55:00Z
S00457	W0003342	361	2025-02-16T06:13:00Z
S00457	W0003343	505	2025-02-11T00:39:00Z
S00457	W0003344	211	2025-02-02T06:12:00Z
S00457	W0003345	945	2025-02-17T07:57:00Z
S00457	W0003346	443	2025-02-13T09:59:00Z
S00457	W0003347	222	2025-02-21T17:30:00Z
S00457	W0003348	1168	2025-02-03T21:51:00Z
S00457	W0003349	828	2025-02-08T16:21:00Z
S00457	W0003350	1640	2025-02-14T19:07:00Z
S00457	W0003351	590	2025-02-07T21:47:00Z
S00457	W0003352	1158	2025-02-27T21:58:00Z
S00457	W0003353	1535	2025-02-15T12:42:00Z
S00457	W0003354	1694	2025-02-19T04:24:00Z
S00457	W0003355	343	2025-02-09T12:08:00Z
S00457	W0003356	137	2025-02-24T11:37:00Z
S00457	W0003357	910	2025-02-14T07:54:00Z
S00457	W0003358	1603	2025-02-26T05:33:00Z
S00457	W0003359	1079	2025-02-02T04:12:00Z
S00457	W0003360	88	2025-02-28T03:52:00Z
S00457	W0003361	32	2025-02-19T06:03:00Z
S00457	W0003362	1770	2025-02-02T03:04:00Z
S01000	W0003363	219	2025-02-26T13:49:00Z
S01000	W0003364	1292	2025-02-11T16:22:00Z
S01000	W0003365	1683	2025-02-18T15:37:00Z
S01000	W0003366	243	2025-02-15T01:47:00Z
S01000	W0003367	935	2025-02-05T18:35:00Z
S01000	W0003368	992	2025-02-17T15:28:00Z
S01000	W0003369	1685	2025-02-01T22:20:00Z
S01000	W0003370	58	2025-02-24T06:39:00Z
S01000	W0003371	945	2025-02-08T13:13:00Z
S01000	W0003372	1000	2025-02-09T00:27:00Z
S01000	W0003373	835	2025-02-23T08:07:00Z
S01000	W0003374	738	2025-02-22T03:27:00Z
S01000	W0003375	1500	2025-02-22T00:12:00Z
S01000	W0003376	747	2025-02-19T12:59:00Z
S01000	W0003377	1587	2025-02-06T12:41:00Z
S01000	W0003378	788	2025-02-05T02:49:00Z
S01000	W0003379	1210	2025-02-15T16:03:00Z
S01000	W0003380	1736	2025-02-04T13:04:00Z
S01000	W0003381	1473	2025-02-08T22:08:00Z
S01000	W0003382	997	2025-02-15T06:16:00Z
S01000	W0003383	1120	2025-02-03T13:21:00Z
S01000	W0003384	793	2025-02-21T11:11:00Z
S01000	W0003385	1067	2025-02-16T11:35:00Z
S01000	W0003386	759	2025-02-14T17:04:00Z
S01000	W0003387	1477	2025-02-03T04:39:00Z
S01811	W0003388	1287	2025-02-17T21:07:00Z
S01811	W0003389	1609	2025-02-13T11:16:00Z
S01811	W0003390	120	2025-02-07T15:31:00Z
S01811	W0003391	1146	2025-02-28T01:23:00Z
S01811	W0003392	336	2025-02-14T00:35:00Z
S01811	W0003393	949	2025-02-18T18:25:00Z
S01811	W0003394	1426	2025-02-17T22:36:00Z
S01811	W0003395	799	2025-02-09T01:20:00Z
S01811	W0003396	525	2025-02-22T10:38:00Z
S01811	W0003397	1707	2025-02-23T22:33:00Z
S01811	W0003398	975	2025-02-23T21:38:00Z
S01811	W0003399	1184	2025-02-03T14:30:00Z
S01811	W0003400	807	2025-02-28T17:08:00Z
S01811	W0003401	589	2025-02-16T13:26:00Z
S01811	W0003402	280	2025-02-06T06:20:00Z
S01811	W0003403	890	2025-02-21T21:52:00Z
S01605	W0003404	76	2025-02-20T04:31:00Z
S01605	W0003405	1569	2025-02-15T09:24:00Z
S01605	W0003406	1235	2025-02-14T23:39:00Z
S01605	W0003407	75	2025-02-06T08:36:00Z
S01605	W0003408	1610	2025-02-28T16:16:00Z
S01605	W0003409	1403	2025-02-24T09:35:00Z
S01605	W0003410	1154	2025-02-09T08:18:00Z
S01605	W0003411	1043	2025-02-07T07:01:00Z
S01605	W0003412	1012	2025-02-13T20:21:00Z
S01605	W0003413	1659	2025-02-22T17:57:00Z
S01605	W0003414	936	2025-02-08T13:34:00Z
S01605	W0003415	298	2025-02-18T06:59:00Z
S01605	W0003416	1353	2025-02-27T03:34:00Z
S01605	W0003417	1021	2025-02-13T16:55:00Z
S01605	W0003418	659	2025-02-04T15:46:00Z
S01605	W0003419	55	2025-02-05T17:34:00Z
S01605	W0003420	478	2025-02-25T00:16:00Z
S01605	W0003421	526	2025-02-12T15:40:00Z
S01605	W0003422	1363	2025-02-25T04:57:00Z
S01605	W0003423	1477	2025-02-12T23:41:00Z
S01605	W0003424	179	2025-02-20T17:50:00Z
S01605	W0003425	290	2025-02-10T16:01:00Z
S01605	W0003426	1614	2025-02-25T11:09:00Z
S01605	W0003427	1315	2025-02-25T03:30:00Z
S01605	W0003428	250	2025-02-05T23:47:00Z
S01605	W0003429	894	2025-02-05T23:36:00Z
S01605	W0003430	168	2025-02-03T15:16:00Z
S01605	W0003431	455	2025-02-20T20:26:00Z
S01871	W0003432	483	2025-02-09T11:10:00Z
S01871	W0003433	374	2025-02-28T09:19:00Z
S01871	W0003434	1106	2025-02-20T10:40:00Z
S01871	W0003435	26	2025-02-18T01:05:00Z
S01871	W0003436	965	2025-02-04T07:13:00Z
S01871	W0003437	156	2025-02-25T12:06:00Z
S01871	W0003438	957	2025-02-25T03:46:00Z
S00062	W0003439	1096	2025-02-22T00:08:00Z
S00062	W0003440	169	2025-02-06T11:28:00Z
S00062	W0003441	848	2025-02-10T08:53:00Z
S00062	W0003442	43	2025-02-13T15:02:00Z
S00062	W0003443	92	2025-02-03T16:34:00Z
S00062	W0003444	1121	2025-02-12T19:41:00Z
S00062	W0003445	1044	2025-02-13T14:13:00Z
S00062	W0003446	1008	2025-02-23T21:16:00Z
S00062	W0003447	1755	2025-02-01T03:06:00Z
S00062	W0003448	931	2025-02-08T19:34:00Z
S00062	W0003449	1314	2025-02-03T20:25:00Z
S00062	W0003450	1236	2025-02-09T07:36:00Z
S00062	W0003451	295	2025-02-24T10:12:00Z
S00062	W0003452	1661	2025-02-21T01:19:00Z
S00062	W0003453	1506	2025-02-05T14:54:00Z
S00062	W0003454	1136	2025-02-10T22:19:00Z
S00062	W0003455	1034	2025-02-26T23:06:00Z
S00062	W0003456	1067	2025-02-19T23:59:00Z
S00062	W0003457	514	2025-02-22T08:35:00Z
S00062	W0003458	677	2025-02-08T18:48:00Z
S01760	W0003459	230	2025-02-23T03:40:00Z
S01760	W0003460	606	2025-02-27T21:47:00Z
S01760	W0003461	681	2025-02-27T01:07:00Z
S01760	W0003462	1465	2025-02-10T04:53:00Z
S01760	W0003463	1450	2025-02-18T12:17:00Z
S01760	W0003464	1743	2025-02-25T06:04:00Z
S01760	W0003465	997	2025-02-10T20:07:00Z
S01760	W0003466	1510	2025-02-08T21:37:00Z
S01760	W0003467	112	2025-02-24T02:33:00Z
S01760	W0003468	1208	2025-02-14T04:53:00Z
S01760	W0003469	455	2025-02-18T18:51:00Z
S01760	W0003470	434	2025-02-13T19:36:00Z
S01760	W0003471	1190	2025-02-16T03:58:00Z
S01760	W0003472	426	2025-02-10T00:03:00Z
S01760	W0003473	1389	2025-02-24T07:55:00Z
S01760	W0003474	303	2025-02-04T22:27:00Z
S01760	W0003475	604	2025-02-17T13:15:00Z
S01760	W0003476	510	2025-02-23T23:25:00Z
S01760	W0003477	1355	2025-02-25T16:57:00Z
S01760	W0003478	482	2025-02-20T11:54:00Z
S01760	W0003479	604	2025-02-20T08:06:00Z
S01760	W0003480	917	2025-02-15T12:38:00Z
S01760	W0003481	85	2025-02-16T15:50:00Z
S00719	W0003482	1709	2025-02-05T00:46:00Z
S00719	W0003483	224	2025-02-14T13:31:00Z
S00719	W0003484	460	2025-02-02T12:07:00Z
S00719	W0003485	1045	2025-02-01T07:01:00Z
S00719	W0003486	981	2025-02-24T18:03:00Z
S00719	W0003487	1482	2025-02-27T02:42:00Z
S00719	W0003488	329	2025-02-04T02:43:00Z
S00719	W0003489	91	2025-02-28T15:10:00Z
S00719	W0003490	1244	2025-02-18T05:22:00Z
S00719	W0003491	173	2025-02-15T15:45:00Z
S00719	W0003492	732	2025-02-21T10:29:00Z
S00719	W0003493	64	2025-02-01T21:21:00Z
S00719	W0003494	220	2025-02-14T13:48:00Z
S00364	W0003495	1663	2025-02-02T13:17:00Z
S00364	W0003496	928	2025-02-20T20:50:00Z
S00364	W0003497	669	2025-02-24T07:20:00Z
S00364	W0003498	843	2025-02-18T17:09:00Z
S00364	W0003499	1072	2025-02-19T01:50:00Z
S00364	W0003500	1436	2025-02-16T07:59:00Z
S00364	W0003501	1715	2025-02-04T08:02:00Z
S00364	W0003502	119	2025-02-07T10:36:00Z
S00364	W0003503	1656	2025-02-24T01:01:00Z
S00364	W0003504	566	2025-02-14T19:02:00Z
S00364	W0003505	173	2025-02-15T14:29:00Z
S00340	W0003506	1364	2025-02-08T08:24:00Z
S00340	W0003507	1006	2025-02-14T20:58:00Z
S00340	W0003508	794	2025-02-20T12:32:00Z
S00340	W0003509	583	2025-02-12T20:52:00Z
S00340	W0003510	565	2025-02-20T08:33:00Z
S00340	W0003511	1477	2025-02-02T06:20:00Z
S00340	W0003512	1222	2025-02-25T19:04:00Z
S00340	W0003513	181	2025-02-20T02:54:00Z
S00340	W0003514	409	2025-02-11T00:44:00Z
S00340	W0003515	355	2025-02-10T11:39:00Z
S00340	W0003516	447	2025-02-18T14:26:00Z
S00340	W0003517	1329	2025-02-14T20:45:00Z
S00340	W0003518	794	2025-02-06T16:49:00Z
S00340	W0003519	388	2025-02-05T03:16:00Z
S00340	W0003520	161	2025-02-14T03:10:00Z
S00340	W0003521	114	2025-02-07T04:44:00Z
S00340	W0003522	1139	2025-02-21T16:10:00Z
S00340	W0003523	1390	2025-02-09T18:07:00Z
S00340	W0003524	1484	2025-02-22T01:44:00Z
S00340	W0003525	1734	2025-02-27T02:58:00Z
S00340	W0003526	1512	2025-02-03T01:38:00Z
S00340	W0003527	1524	2025-02-06T03:11:00Z
S00340	W0003528	1795	2025-02-09T14:44:00Z
S01393	W0003529	1415	2025-02-18T08:59:00Z
S01393	W0003530	657	2025-02-07T03:59:00Z
S01393	W0003531	281	2025-02-22T10:35:00Z
S01393	W0003532	751	2025-02-06T05:46:00Z
S01393	W0003533	645	2025-02-24T06:11:00Z
S01393	W0003534	911	2025-02-02T06:50:00Z
S01393	W0003535	1035	2025-02-04T04:28:00Z
S01393	W0003536	365	2025-02-16T22:42:00Z
S01393	W0003537	1561	2025-02-03T02:02:00Z
S01393	W0003538	1211	2025-02-14T12:10:00Z
S01393	W0003539	638	2025-02-08T22:24:00Z
S01393	W0003540	710	2025-02-21T17:15:00Z
S01393	W0003541	184	2025-02-22T21:18:00Z
S01393	W0003542	1105	2025-02-17T04:53:00Z
S01393	W0003543	517	2025-02-23T17:08:00Z
S01393	W0003544	64	2025-02-02T20:04:00Z
S01393	W0003545	1626	2025-02-24T05:50:00Z
S01393	W0003546	1660	2025-02-06T11:31:00Z
S01393	W0003547	217	2025-02-23T17:24:00Z
S01393	W0003548	926	2025-02-12T01:18:00Z
S01393	W0003549	1011	2025-02-14T20:52:00Z
S01393	W0003550	109	2025-02-06T20:37:00Z
S01393	W0003551	565	2025-02-15T14:04:00Z
S00425	W0003552	1030	2025-02-02T04:09:00Z
S00425	W0003553	1691	2025-02-03T00:50:00Z
S00425	W0003554	160	2025-02-14T16:29:00Z
S00425	W0003555	878	2025-02-26T03:42:00Z
S00425	W0003556	1708	2025-02-03T07:42:00Z
S00425	W0003557	1097	2025-02-17T10:00:00Z
S00425	W0003558	587	2025-02-12T04:23:00Z
S00425	W0003559	698	2025-02-08T12:23:00Z
S00425	W0003560	871	2025-02-19T11:41:00Z
S00425	W0003561	1692	2025-02-23T06:43:00Z
S00425	W0003562	772	2025-02-11T02:50:00Z
S00425	W0003563	681	2025-02-28T02:02:00Z
S00425	W0003564	491	2025-02-20T10:17:00Z
S00425	W0003565	1218	2025-02-21T15:14:00Z
S00425	W0003566	111	2025-02-13T20:33:00Z
S00425	W0003567	1764	2025-02-14T13:28:00Z
S00425	W0003568	1182	2025-02-01T01:55:00Z
S00425	W0003569	883	2025-02-22T13:56:00Z
S00425	W0003570	824	2025-02-11T05:02:00Z
S00899	W0003571	1642	2025-02-21T01:19:00Z
S00899	W0003572	1124	2025-02-18T23:51:00Z
S00899	W0003573	407	2025-02-05T01:54:00Z
S00899	W0003574	1396	2025-02-27T07:30:00Z
S00899	W0003575	228	2025-02-21T17:09:00Z
S00899	W0003576	1317	2025-02-21T05:01:00Z
S00899	W0003577	698	2025-02-02T04:40:00Z
S00899	W0003578	805	2025-02-01T07:55:00Z
S00899	W0003579	54	2025-02-14T10:39:00Z
S00899	W0003580	141	2025-02-16T22:32:00Z
S00899	W0003581	1701	2025-02-05T15:44:00Z
S00899	W0003582	345	2025-02-03T02:41:00Z
S00899	W0003583	1164	2025-02-13T06:04:00Z
S00899	W0003584	1508	2025-02-20T19:54:00Z
S00899	W0003585	160	2025-02-19T17:51:00Z
S00899	W0003586	1249	2025-02-01T04:51:00Z
S00899	W0003587	479	2025-02-03T01:20:00Z
S00899	W0003588	655	2025-02-28T01:44:00Z
S00899	W0003589	1542	2025-02-22T00:28:00Z
S00899	W0003590	863	2025-02-19T02:41:00Z
S00899	W0003591	50	2025-02-16T06:35:00Z
S00067	W0003592	490	2025-02-21T04:22:00Z
S00067	W0003593	982	2025-02-20T01:30:00Z
S00067	W0003594	1357	2025-02-09T05:45:00Z
S00067	W0003595	1680	2025-02-17T14:18:00Z
S00067	W0003596	1697	2025-02-15T00:34:00Z
S00067	W0003597	644	2025-02-24T21:07:00Z
S00067	W0003598	1553	2025-02-08T17:26:00Z
S00067	W0003599	1171	2025-02-21T04:35:00Z
S00067	W0003600	80	2025-02-27T05:59:00Z
S00067	W0003601	1577	2025-02-03T01:59:00Z
S00067	W0003602	1688	2025-02-21T14:48:00Z
S00067	W0003603	851	2025-02-11T15:19:00Z
S00067	W0003604	740	2025-02-07T17:20:00Z
S00067	W0003605	282	2025-02-28T07:15:00Z
S00067	W0003606	1145	2025-02-22T09:51:00Z
S01553	W0003607	1404	2025-02-14T03:46:00Z
S01553	W0003608	1515	2025-02-13T02:09:00Z
S01553	W0003609	109	2025-02-13T05:40:00Z
S01553	W0003610	1076	2025-02-23T14:45:00Z
S01553	W0003611	772	2025-02-25T05:33:00Z
S01553	W0003612	1467	2025-02-06T23:57:00Z
S01553	W0003613	399	2025-02-13T05:28:00Z
S01553	W0003614	555	2025-02-27T09:15:00Z
S01553	W0003615	581	2025-02-25T15:47:00Z
S01553	W0003616	198	2025-02-06T12:01:00Z
S01553	W0003617	789	2025-02-24T02:01:00Z
S01553	W0003618	1674	2025-02-16T23:39:00Z
S01553	W0003619	894	2025-02-03T21:59:00Z
S01553	W0003620	1340	2025-02-23T00:42:00Z
S01553	W0003621	1328	2025-02-24T00:43:00Z
S01286	W0003622	759	2025-02-16T17:17:00Z
S01286	W0003623	498	2025-02-27T02:41:00Z
S01286	W0003624	915	2025-02-03T11:13:00Z
S01286	W0003625	906	2025-02-22T18:54:00Z
S01286	W0003626	634	2025-02-03T05:45:00Z
S01286	W0003627	1710	2025-02-01T17:15:00Z
S01286	W0003628	863	2025-02-25T05:34:00Z
S01286	W0003629	598	2025-02-24T22:47:00Z
S01286	W0003630	700	2025-02-01T02:25:00Z
S01286	W0003631	1763	2025-02-03T09:14:00Z
S01286	W0003632	904	2025-02-27T20:55:00Z
S01286	W0003633	1239	2025-02-13T23:02:00Z
S01286	W0003634	1630	2025-02-13T12:31:00Z
S01286	W0003635	1075	2025-02-06T20:24:00Z
S01286	W0003636	1782	2025-02-18T15:10:00Z
S01286	W0003637	1370	2025-02-19T04:24:00Z
S01286	W0003638	217	2025-02-20T16:52:00Z
S01286	W0003639	731	2025-02-05T19:59:00Z
S01286	W0003640	546	2025-02-08T01:43:00Z
S01286	W0003641	1568	2025-02-03T03:04:00Z
S01286	W0003642	85	2025-02-15T16:30:00Z
S01286	W0003643	215	2025-02-06T17:23:00Z
S01286	W0003644	1785	2025-02-13T20:36:00Z
S01286	W0003645	1198	2025-02-23T23:28:00Z
S01286	W0003646	1671	2025-02-11T21:18:00Z
S00625	W0003647	188	2025-02-11T21:46:00Z
S00625	W0003648	627	2025-02-26T05:37:00Z
S00625	W0003649	1408	2025-02-05T15:08:00Z
S00625	W0003650	660	2025-02-28T11:22:00Z
S00625	W0003651	1633	2025-02-18T12:24:00Z
S00625	W0003652	781	2025-02-01T17:06:00Z
S00625	W0003653	212	2025-02-20T09:38:00Z
S00625	W0003654	201	2025-02-25T09:07:00Z
S00625	W0003655	77	2025-02-12T05:56:00Z
S00625	W0003656	1417	2025-02-19T14:08:00Z
S00625	W0003657	166	2025-02-14T13:32:00Z
S00625	W0003658	1188	2025-02-20T14:54:00Z
S00625	W0003659	1423	2025-02-25T02:17:00Z
S00625	W0003660	1408	2025-02-24T16:01:00Z
S00217	W0003661	254	2025-02-15T21:35:00Z
S00217	W0003662	1092	2025-02-15T12:47:00Z
S00217	W0003663	1088	2025-02-04T03:47:00Z
S00217	W0003664	1166	2025-02-22T17:39:00Z
S00217	W0003665	1034	2025-02-25T16:15:00Z
S00217	W0003666	432	2025-02-14T04:56:00Z
S00217	W0003667	1740	2025-02-14T04:01:00Z
S00217	W0003668	316	2025-02-17T03:40:00Z
S00217	W0003669	1651	2025-02-14T13:16:00Z
S00217	W0003670	435	2025-02-06T22:18:00Z
S00217	W0003671	133	2025-02-25T21:38:00Z
S00217	W0003672	98	2025-02-18T19:06:00Z
S00217	W0003673	274	2025-02-20T07:11:00Z
S00217	W0003674	926	2025-02-22T12:10:00Z
S00217	W0003675	326	2025-02-10T06:36:00Z
S00217	W0003676	458	2025-02-26T06:30:00Z
S00217	W0003677	1330	2025-02-17T15:58:00Z
S00217	W0003678	1055	2025-02-20T03:58:00Z
S01706	W0003679	976	2025-02-22T08:27:00Z
S01706	W0003680	388	2025-02-23T11:44:00Z
S01706	W0003681	1631	2025-02-25T15:36:00Z
S01706	W0003682	447	2025-02-21T21:53:00Z
S01706	W0003683	1697	2025-02-19T20:10:00Z
S01706	W0003684	1560	2025-02-26T06:23:00Z
S01706	W0003685	1678	2025-02-19T17:35:00Z
S01706	W0003686	466	2025-02-06T12:21:00Z
S00931	W0003687	903	2025-02-04T01:00:00Z
S00931	W0003688	791	2025-02-09T14:06:00Z
S00931	W0003689	466	2025-02-20T14:12:00Z
S00931	W0003690	102	2025-02-24T04:11:00Z
S00931	W0003691	617	2025-02-27T05:12:00Z
S00931	W0003692	1334	2025-02-13T01:08:00Z
S00931	W0003693	1277	2025-02-08T23:06:00Z
S00931	W0003694	1579	2025-02-02T02:16:00Z
S00931	W0003695	1711	2025-02-11T15:31:00Z
S00931	W0003696	1047	2025-02-15T19:52:00Z
S00931	W0003697	742	2025-02-11T09:50:00Z
S00931	W0003698	693	2025-02-13T18:49:00Z
S00931	W0003699	1161	2025-02-08T07:24:00Z
S01063	W0003700	1026	2025-02-11T19:48:00Z
S01063	W0003701	322	2025-02-22T15:02:00Z
S01063	W0003702	969	2025-02-02T11:45:00Z
S01063	W0003703	1513	2025-02-18T03:08:00Z
S01063	W0003704	1059	2025-02-18T11:04:00Z
S01063	W0003705	339	2025-02-09T03:58:00Z
S01063	W0003706	91	2025-02-26T18:40:00Z
S01063	W0003707	1004	2025-02-10T19:01:00Z
S01063	W0003708	741	2025-02-10T11:42:00Z
S01063	W0003709	742	2025-02-19T00:15:00Z
S01063	W0003710	1111	2025-02-25T04:24:00Z
S01063	W0003711	1526	2025-02-08T09:24:00Z
S01063	W0003712	838	2025-02-28T13:57:00Z
S01063	W0003713	1624	2025-02-26T19:55:00Z
S01063	W0003714	605	2025-02-17T18:05:00Z
S01063	W0003715	1619	2025-02-12T17:20:00Z
S01063	W0003716	1765	2025-02-03T14:51:00Z
S01063	W0003717	421	2025-02-19T02:04:00Z
S01063	W0003718	1627	2025-02-15T10:50:00Z
S01063	W0003719	988	2025-02-08T03:37:00Z
S00534	W0003720	320	2025-02-18T04:25:00Z
S00534	W0003721	825	2025-02-01T23:28:00Z
S00534	W0003722	333	2025-02-03T21:10:00Z
S00534	W0003723	954	2025-02-04T11:06:00Z
S00534	W0003724	1516	2025-02-05T22:05:00Z
S00534	W0003725	189	2025-02-15T01:33:00Z
S01109	W0003726	973	2025-02-26T11:51:00Z
S01109	W0003727	461	2025-02-18T05:55:00Z
S01109	W0003728	217	2025-02-12T00:43:00Z
S01109	W0003729	94	2025-02-22T06:05:00Z
S01109	W0003730	1553	2025-02-19T11:59:00Z
S01109	W0003731	787	2025-02-27T20:28:00Z
S01109	W0003732	154	2025-02-28T08:29:00Z
S01109	W0003733	220	2025-02-16T09:34:00Z
S01109	W0003734	1407	2025-02-24T11:57:00Z
S01109	W0003735	1206	2025-02-18T12:47:00Z
S01109	W0003736	270	2025-02-21T10:04:00Z
S01109	W0003737	1111	2025-02-27T17:12:00Z
S01109	W0003738	704	2025-02-08T15:10:00Z
S01109	W0003739	1286	2025-02-17T04:57:00Z
S01109	W0003740	1723	2025-02-01T09:57:00Z
S01109	W0003741	1467	2025-02-18T13:14:00Z
S01109	W0003742	103	2025-02-26T09:24:00Z
S01109	W0003743	835	2025-02-21T11:05:00Z
S01109	W0003744	1674	2025-02-27T18:07:00Z
S01109	W0003745	631	2025-02-05T03:21:00Z
S01109	W0003746	1406	2025-02-21T16:45:00Z
S01109	W0003747	232	2025-02-04T22:38:00Z
S01109	W0003748	396	2025-02-20T22:30:00Z
S01109	W0003749	1182	2025-02-09T23:04:00Z
S01109	W0003750	268	2025-02-17T04:31:00Z
S01109	W0003751	669	2025-02-08T03:33:00Z
S01109	W0003752	290	2025-02-21T17:46:00Z
S01109	W0003753	820	2025-02-27T13:25:00Z
S01109	W0003754	1063	2025-02-18T00:51:00Z
S01225	W0003755	1046	2025-02-25T08:32:00Z
S01225	W0003756	199	2025-02-01T05:53:00Z
S01225	W0003757	1144	2025-02-25T23:03:00Z
S01225	W0003758	1075	2025-02-24T22:20:00Z
S01225	W0003759	959	2025-02-09T11:03:00Z
S01225	W0003760	542	2025-02-28T15:09:00Z
S01225	W0003761	68	2025-02-19T15:49:00Z
S01225	W0003762	836	2025-02-26T08:05:00Z
S01427	W0003763	1707	2025-02-03T00:04:00Z
S01427	W0003764	1183	2025-02-16T16:54:00Z
S01427	W0003765	1262	2025-02-17T23:00:00Z
S01427	W0003766	1469	2025-02-18T13:57:00Z
S01427	W0003767	198	2025-02-13T05:48:00Z
S01427	W0003768	499	2025-02-24T19:13:00Z
S01427	W0003769	1127	2025-02-04T19:01:00Z
S01427	W0003770	608	2025-02-10T02:56:00Z
S01427	W0003771	1574	2025-02-27T19:37:00Z
S01427	W0003772	58	2025-02-27T04:21:00Z
S01427	W0003773	255	2025-02-22T15:12:00Z
S01427	W0003774	737	2025-02-20T08:12:00Z
S01427	W0003775	291	2025-02-06T01:32:00Z
S01427	W0003776	400	2025-02-20T00:41:00Z
S01427	W0003777	524	2025-02-12T01:41:00Z
S01427	W0003778	1468	2025-02-09T12:20:00Z
S00628	W0003779	595	2025-02-19T07:09:00Z
S00628	W0003780	1302	2025-02-19T06:03:00Z
S00628	W0003781	1199	2025-02-09T17:32:00Z
S00628	W0003782	1648	2025-02-03T10:09:00Z
S00628	W0003783	281	2025-02-03T06:04:00Z
S00628	W0003784	393	2025-02-12T15:18:00Z
S00628	W0003785	1619	2025-02-26T00:50:00Z
S00628	W0003786	1463	2025-02-03T13:08:00Z
S00628	W0003787	36	2025-02-27T08:42:00Z
S00628	W0003788	448	2025-02-05T04:32:00Z
S00628	W0003789	1343	2025-02-01T17:59:00Z
S00628	W0003790	1758	2025-02-16T06:43:00Z
S00628	W0003791	1439	2025-02-14T15:19:00Z
S00628	W0003792	1002	2025-02-13T04:50:00Z
S00628	W0003793	1225	2025-02-17T12:54:00Z
S00628	W0003794	1273	2025-02-24T13:42:00Z
S00628	W0003795	336	2025-02-28T03:18:00Z
S00628	W0003796	1609	2025-02-17T12:04:00Z
S00628	W0003797	1332	2025-02-06T08:06:00Z
S00628	W0003798	1596	2025-02-27T00:45:00Z
S00628	W0003799	1496	2025-02-26T00:13:00Z
S00628	W0003800	1428	2025-02-05T05:01:00Z
S00628	W0003801	1268	2025-02-28T22:26:00Z
S00628	W0003802	1552	2025-02-26T04:01:00Z
S00628	W0003803	878	2025-02-28T12:48:00Z
S01863	W0003804	1121	2025-02-03T13:00:00Z
S01863	W0003805	323	2025-02-14T13:59:00Z
S01863	W0003806	1274	2025-02-13T09:17:00Z
S01863	W0003807	949	2025-02-15T22:22:00Z
S01863	W0003808	1152	2025-02-23T10:19:00Z
S01863	W0003809	144	2025-02-18T00:03:00Z
S01863	W0003810	273	2025-02-07T18:10:00Z
S01863	W0003811	1490	2025-02-27T01:29:00Z
S01863	W0003812	1268	2025-02-16T01:58:00Z
S01863	W0003813	1618	2025-02-23T09:15:00Z
S01863	W0003814	1253	2025-02-15T16:33:00Z
S01863	W0003815	318	2025-02-24T16:36:00Z
S01863	W0003816	1392	2025-02-04T08:48:00Z
S00073	W0003817	262	2025-02-08T23:49:00Z
S00073	W0003818	23	2025-02-07T16:08:00Z
S00073	W0003819	1689	2025-02-16T17:33:00Z
S00073	W0003820	1440	2025-02-06T01:51:00Z
S00073	W0003821	825	2025-02-06T02:42:00Z
S00073	W0003822	624	2025-02-13T20:34:00Z
S00073	W0003823	1215	2025-02-05T14:16:00Z
S00073	W0003824	821	2025-02-04T14:08:00Z
S00073	W0003825	355	2025-02-03T04:54:00Z
S00073	W0003826	247	2025-02-28T16:35:00Z
S00073	W0003827	1111	2025-02-25T10:17:00Z
S00073	W0003828	1313	2025-02-08T21:42:00Z
S00073	W0003829	1337	2025-02-24T10:12:00Z
S00073	W0003830	684	2025-02-25T16:57:00Z
S00073	W0003831	1019	2025-02-02T21:38:00Z
S00073	W0003832	760	2025-02-20T16:38:00Z
S00073	W0003833	1784	2025-02-08T22:49:00Z
S00073	W0003834	1389	2025-02-06T15:33:00Z
S00073	W0003835	956	2025-02-07T21:13:00Z
S00073	W0003836	1377	2025-02-06T09:47:00Z
S00073	W0003837	1202	2025-02-21T12:17:00Z
S00073	W0003838	386	2025-02-06T22:21:00Z
S00073	W0003839	149	2025-02-08T13:00:00Z
S00073	W0003840	1204	2025-02-09T06:38:00Z
S00073	W0003841	695	2025-02-07T02:24:00Z
S00073	W0003842	443	2025-02-16T12:17:00Z
S00073	W0003843	1059	2025-02-26T01:46:00Z
S00073	W0003844	702	2025-02-03T15:12:00Z
S00073	W0003845	980	2025-02-26T16:50:00Z
S00755	W0003846	1729	2025-02-28T06:14:00Z
S00755	W0003847	677	2025-02-18T02:50:00Z
S00755	W0003848	1401	2025-02-02T05:42:00Z
S00755	W0003849	184	2025-02-07T02:18:00Z
S00755	W0003850	1769	2025-02-12T02:08:00Z
S00755	W0003851	459	2025-02-04T16:20:00Z
S00755	W0003852	128	2025-02-02T15:33:00Z
S00755	W0003853	701	2025-02-12T09:18:00Z
S00755	W0003854	864	2025-02-04T04:51:00Z
S00755	W0003855	857	2025-02-21T19:14:00Z
S00755	W0003856	1006	2025-02-28T14:58:00Z
S01272	W0003857	1189	2025-02-07T21:32:00Z
S01272	W0003858	278	2025-02-26T14:16:00Z
S01272	W0003859	559	2025-02-27T01:04:00Z
S01272	W0003860	675	2025-02-12T20:30:00Z
S01272	W0003861	1490	2025-02-18T00:19:00Z
S01272	W0003862	1144	2025-02-22T21:17:00Z
S00751	W0003863	1434	2025-02-08T11:09:00Z
S00751	W0003864	648	2025-02-23T22:29:00Z
S00751	W0003865	1721	2025-02-09T08:05:00Z
S00751	W0003866	1270	2025-02-28T12:11:00Z
S00751	W0003867	429	2025-02-07T04:52:00Z
S00751	W0003868	1498	2025-02-04T06:19:00Z
S00751	W0003869	556	2025-02-12T14:01:00Z
S00751	W0003870	218	2025-02-09T05:35:00Z
S00751	W0003871	1712	2025-02-28T16:14:00Z
S00751	W0003872	1228	2025-02-14T01:24:00Z
S00751	W0003873	1444	2025-02-24T04:04:00Z
S00751	W0003874	491	2025-02-26T23:05:00Z
S00751	W0003875	273	2025-02-09T15:35:00Z
S00751	W0003876	1508	2025-02-03T12:30:00Z
S00751	W0003877	1364	2025-02-05T04:40:00Z
S00751	W0003878	1205	2025-02-07T08:37:00Z
S00751	W0003879	541	2025-02-01T13:12:00Z
S00751	W0003880	1308	2025-02-10T14:46:00Z
S00751	W0003881	1291	2025-02-09T07:09:00Z
S00751	W0003882	1535	2025-02-10T21:23:00Z
S00751	W0003883	1522	2025-02-06T12:08:00Z
S00751	W0003884	1324	2025-02-24T06:28:00Z
S00751	W0003885	79	2025-02-01T03:52:00Z
S00751	W0003886	327	2025-02-20T15:37:00Z
S00751	W0003887	1714	2025-02-24T01:47:00Z
S01191	W0003888	1000	2025-02-10T05:00:00Z
S01191	W0003889	1059	2025-02-16T05:27:00Z
S01191	W0003890	439	2025-02-18T07:58:00Z
S01191	W0003891	684	2025-02-17T05:24:00Z
S01191	W0003892	646	2025-02-04T08:41:00Z
S01191	W0003893	1108	2025-02-10T23:53:00Z
S01191	W0003894	220	2025-02-23T16:18:00Z
S01191	W0003895	630	2025-02-22T01:59:00Z
S01191	W0003896	1221	2025-02-20T11:08:00Z
S01191	W0003897	1158	2025-02-23T20:51:00Z
S01191	W0003898	1221	2025-02-14T06:19:00Z
S01191	W0003899	1594	2025-02-21T17:16:00Z
S01191	W0003900	699	2025-02-13T07:30:00Z
S01191	W0003901	1493	2025-02-22T23:14:00Z
S01191	W0003902	60	2025-02-13T18:17:00Z
S01191	W0003903	1385	2025-02-06T22:22:00Z
S01191	W0003904	515	2025-02-17T05:28:00Z
S01191	W0003905	1797	2025-02-18T00:14:00Z
S01191	W0003906	1280	2025-02-27T01:38:00Z
S01191	W0003907	120	2025-02-03T18:20:00Z
S00901	W0003908	892	2025-02-02T10:39:00Z
S00901	W0003909	1594	2025-02-12T19:43:00Z
S00901	W0003910	997	2025-02-20T06:55:00Z
S00901	W0003911	1442	2025-02-05T20:21:00Z
S00901	W0003912	48	2025-02-13T11:32:00Z
S00901	W0003913	1250	2025-02-28T06:20:00Z
S01692	W0003914	1405	2025-02-09T06:45:00Z
S01692	W0003915	279	2025-02-06T08:08:00Z
S01692	W0003916	97	2025-02-02T05:13:00Z
S01692	W0003917	727	2025-02-09T19:47:00Z
S01692	W0003918	658	2025-02-21T02:45:00Z
S01692	W0003919	1428	2025-02-08T12:03:00Z
S01692	W0003920	128	2025-02-14T23:46:00Z
S01692	W0003921	506	2025-02-21T19:22:00Z
S01692	W0003922	349	2025-02-24T02:57:00Z
S01692	W0003923	1068	2025-02-25T11:00:00Z
S01692	W0003924	455	2025-02-08T02:54:00Z
S01692	W0003925	373	2025-02-13T06:13:00Z
S01692	W0003926	37	2025-02-04T07:04:00Z
S01692	W0003927	625	2025-02-05T22:40:00Z
S01692	W0003928	938	2025-02-28T12:22:00Z
S01692	W0003929	542	2025-02-13T11:48:00Z
S01692	W0003930	1158	2025-02-23T18:46:00Z
S01692	W0003931	1019	2025-02-19T15:41:00Z
S01692	W0003932	236	2025-02-28T10:25:00Z
S01692	W0003933	129	2025-02-08T19:14:00Z
S01692	W0003934	114	2025-02-05T20:09:00Z
S01692	W0003935	787	2025-02-19T00:54:00Z
S01692	W0003936	307	2025-02-28T16:55:00Z
S01692	W0003937	1595	2025-02-08T16:51:00Z
S01692	W0003938	155	2025-02-12T01:17:00Z
S01692	W0003939	245	2025-02-10T20:27:00Z
S01692	W0003940	235	2025-02-07T20:17:00Z
S01692	W0003941	578	2025-02-21T20:43:00Z
S01741	W0003942	446	2025-02-03T02:57:00Z
S01741	W0003943	1681	2025-02-23T02:13:00Z
S01741	W0003944	1744	2025-02-14T06:53:00Z
S01741	W0003945	905	2025-02-23T07:00:00Z
S01741	W0003946	1787	2025-02-20T14:46:00Z
S00995	W0003947	1534	2025-02-07T10:23:00Z
S00995	W0003948	1624	2025-02-26T16:56:00Z
S00995	W0003949	736	2025-02-11T18:01:00Z
S00995	W0003950	576	2025-02-26T01:17:00Z
S00995	W0003951	799	2025-02-26T00:15:00Z
S00995	W0003952	1386	2025-02-13T23:48:00Z
S00995	W0003953	71	2025-02-22T20:19:00Z
S00995	W0003954	338	2025-02-14T00:46:00Z
S00995	W0003955	324	2025-02-15T06:51:00Z
S00995	W0003956	29	2025-02-19T19:34:00Z
S00995	W0003957	1444	2025-02-03T17:36:00Z
S00995	W0003958	433	2025-02-16T18:03:00Z
S00995	W0003959	1235	2025-02-01T17:36:00Z
S00995	W0003960	1458	2025-02-21T16:48:00Z
S00995	W0003961	1099	2025-02-13T22:39:00Z
S00995	W0003962	162	2025-02-03T18:17:00Z
S00995	W0003963	1551	2025-02-23T21:39:00Z
S00995	W0003964	827	2025-02-04T13:44:00Z
S00995	W0003965	157	2025-02-17T01:53:00Z
S00995	W0003966	1082	2025-02-19T10:39:00Z
S01478	W0003967	1262	2025-02-18T00:02:00Z
S01478	W0003968	1276	2025-02-28T18:54:00Z
S01478	W0003969	1639	2025-02-10T03:46:00Z
S01478	W0003970	572	2025-02-11T06:49:00Z
S01478	W0003971	1587	2025-02-03T14:55:00Z
S01478	W0003972	1793	2025-02-05T08:37:00Z
S01478	W0003973	1002	2025-02-10T12:59:00Z
S01478	W0003974	206	2025-02-25T19:12:00Z
S01478	W0003975	1739	2025-02-11T20:37:00Z
S01478	W0003976	849	2025-02-24T08:24:00Z
S01478	W0003977	188	2025-02-27T10:25:00Z
S01478	W0003978	437	2025-02-07T12:44:00Z
S01478	W0003979	1398	2025-02-26T17:20:00Z
S01478	W0003980	1444	2025-02-25T22:55:00Z
S01478	W0003981	1783	2025-02-05T00:08:00Z
S01478	W0003982	581	2025-02-25T23:45:00Z
S01478	W0003983	875	2025-02-02T13:01:00Z
S00197	W0003984	280	2025-02-25T17:16:00Z
S00197	W0003985	1061	2025-02-18T13:59:00Z
S00197	W0003986	72	2025-02-02T23:51:00Z
S00197	W0003987	736	2025-02-04T16:43:00Z
S00197	W0003988	528	2025-02-09T15:45:00Z
S00197	W0003989	285	2025-02-05T19:50:00Z
S00197	W0003990	1666	2025-02-10T23:27:00Z
S00197	W0003991	314	2025-02-02T16:38:00Z
S00197	W0003992	850	2025-02-17T01:53:00Z
S00197	W0003993	1135	2025-02-01T17:23:00Z
S00197	W0003994	560	2025-02-02T22:13:00Z
S00197	W0003995	316	2025-02-02T17:08:00Z
S00197	W0003996	632	2025-02-11T22:32:00Z
S00197	W0003997	257	2025-02-01T00:59:00Z
S00197	W0003998	1545	2025-02-05T21:40:00Z
S00197	W0003999	1317	2025-02-22T01:02:00Z
S00197	W0004000	524	2025-02-18T07:52:00Z
S00197	W0004001	176	2025-02-27T12:01:00Z
S00197	W0004002	914	2025-02-16T19:32:00Z
S00197	W0004003	1324	2025-02-07T17:24:00Z
S00197	W0004004	1309	2025-02-05T01:25:00Z
S00197	W0004005	1212	2025-02-01T00:08:00Z
S00197	W0004006	884	2025-02-15T11:20:00Z
S00197	W0004007	1164	2025-02-03T15:01:00Z
S00197	W0004008	1640	2025-02-08T03:32:00Z
S00197	W0004009	1053	2025-02-07T11:59:00Z
S00921	W0004010	1102	2025-02-03T09:45:00Z
S00921	W0004011	690	2025-02-22T15:40:00Z
S00921	W0004012	1103	2025-02-18T07:38:00Z
S00921	W0004013	1252	2025-02-09T15:45:00Z
S00921	W0004014	725	2025-02-05T06:46:00Z
S00921	W0004015	1082	2025-02-01T05:51:00Z
S00921	W0004016	1725	2025-02-23T13:18:00Z
S00921	W0004017	76	2025-02-17T17:24:00Z
S00921	W0004018	176	2025-02-05T15:26:00Z
S00921	W0004019	1656	2025-02-03T16:46:00Z
S00657	W0004020	1281	2025-02-08T10:10:00Z
S00657	W0004021	1739	2025-02-20T00:57:00Z
S00657	W0004022	55	2025-02-14T03:33:00Z
S00657	W0004023	1589	2025-02-16T23:15:00Z
S00657	W0004024	667	2025-02-27T17:53:00Z
S00657	W0004025	1191	2025-02-14T06:04:00Z
S00657	W0004026	388	2025-02-21T05:10:00Z
S01249	W0004027	1774	2025-02-20T08:45:00Z
S01249	W0004028	1256	2025-02-21T14:40:00Z
S01249	W0004029	595	2025-02-03T20:10:00Z
S01249	W0004030	1381	2025-02-19T10:35:00Z
S01249	W0004031	622	2025-02-28T13:53:00Z
S01249	W0004032	364	2025-02-07T03:34:00Z
S01249	W0004033	657	2025-02-26T18:07:00Z
S01249	W0004034	440	2025-02-28T19:59:00Z
S01249	W0004035	1624	2025-02-07T14:47:00Z
S01249	W0004036	675	2025-02-15T18:33:00Z
S01249	W0004037	1660	2025-02-28T23:26:00Z
S01249	W0004038	1294	2025-02-26T07:10:00Z
S01249	W0004039	431	2025-02-27T23:38:00Z
S01249	W0004040	1034	2025-02-23T00:03:00Z
S01249	W0004041	792	2025-02-19T20:07:00Z
S01249	W0004042	1640	2025-02-26T12:55:00Z
S01249	W0004043	1777	2025-02-22T02:16:00Z
S01249	W0004044	193	2025-02-24T08:11:00Z
S01249	W0004045	1591	2025-02-05T05:54:00Z
S01249	W0004046	1179	2025-02-26T14:58:00Z
S01249	W0004047	1627	2025-02-10T07:04:00Z
S01249	W0004048	1062	2025-02-24T07:28:00Z
S01249	W0004049	569	2025-02-07T19:53:00Z
S01987	W0004050	434	2025-02-02T02:21:00Z
S01987	W0004051	913	2025-02-21T03:02:00Z
S01987	W0004052	1262	2025-02-06T15:06:00Z
S01987	W0004053	921	2025-02-01T02:21:00Z
S01987	W0004054	201	2025-02-25T21:47:00Z
S01987	W0004055	1479	2025-02-01T22:26:00Z
S01987	W0004056	1497	2025-02-20T18:14:00Z
S01987	W0004057	697	2025-02-01T14:15:00Z
S01987	W0004058	767	2025-02-04T07:15:00Z
S01987	W0004059	506	2025-02-09T03:31:00Z
S01987	W0004060	1712	2025-02-13T00:40:00Z
S01987	W0004061	295	2025-02-17T17:54:00Z
S00958	W0004062	1455	2025-02-22T22:44:00Z
S00958	W0004063	695	2025-02-20T00:35:00Z
S00958	W0004064	1604	2025-02-27T01:25:00Z
S00958	W0004065	1411	2025-02-07T12:13:00Z
S00958	W0004066	1290	2025-02-12T10:44:00Z
S00958	W0004067	723	2025-02-07T05:09:00Z
S00958	W0004068	397	2025-02-05T18:14:00Z
S00958	W0004069	329	2025-02-13T23:44:00Z
S00958	W0004070	593	2025-02-19T15:03:00Z
S00958	W0004071	1799	2025-02-28T06:11:00Z
S00958	W0004072	1411	2025-02-21T01:44:00Z
S00958	W0004073	1108	2025-02-13T19:41:00Z
S00958	W0004074	488	2025-02-12T13:55:00Z
S00958	W0004075	651	2025-02-20T04:09:00Z
S00958	W0004076	1124	2025-02-19T14:38:00Z
S00958	W0004077	252	2025-02-08T15:51:00Z
S00958	W0004078	162	2025-02-22T03:17:00Z
S00958	W0004079	517	2025-02-02T01:38:00Z
S00958	W0004080	952	2025-02-09T02:27:00Z
S00958	W0004081	1717	2025-02-07T09:42:00Z
S00958	W0004082	498	2025-02-03T04:43:00Z
S00958	W0004083	424	2025-02-18T02:25:00Z
S00958	W0004084	284	2025-02-18T18:16:00Z
S00958	W0004085	900	2025-02-22T01:02:00Z
S00958	W0004086	358	2025-02-07T05:40:00Z
S00958	W0004087	1401	2025-02-04T04:38:00Z
S00958	W0004088	175	2025-02-06T21:45:00Z
S00885	W0004089	1793	2025-02-25T17:26:00Z
S00885	W0004090	442	2025-02-28T08:24:00Z
S00885	W0004091	441	2025-02-27T17:14:00Z
S00885	W0004092	231	2025-02-11T05:27:00Z
S00885	W0004093	657	2025-02-20T08:13:00Z
S00885	W0004094	1441	2025-02-22T06:51:00Z
S00885	W0004095	704	2025-02-01T08:21:00Z
S00885	W0004096	21	2025-02-11T06:53:00Z
S00885	W0004097	1280	2025-02-21T10:31:00Z
S00885	W0004098	167	2025-02-07T16:16:00Z
S00885	W0004099	1229	2025-02-02T18:44:00Z
S00885	W0004100	1070	2025-02-08T09:03:00Z
S00885	W0004101	1192	2025-02-04T07:13:00Z
S00885	W0004102	918	2025-02-11T08:03:00Z
S00885	W0004103	402	2025-02-22T08:19:00Z
S00413	W0004104	1517	2025-02-26T13:25:00Z
S00413	W0004105	703	2025-02-12T16:26:00Z
S00413	W0004106	1336	2025-02-12T04:29:00Z
S00413	W0004107	1099	2025-02-16T06:18:00Z
S00413	W0004108	1106	2025-02-23T04:20:00Z
S00413	W0004109	616	2025-02-02T01:28:00Z
S00413	W0004110	498	2025-02-09T09:06:00Z
S00413	W0004111	1130	2025-02-19T13:36:00Z
S00413	W0004112	589	2025-02-23T14:12:00Z
S00413	W0004113	892	2025-02-13T21:02:00Z
S00413	W0004114	854	2025-02-26T00:26:00Z
S00413	W0004115	670	2025-02-14T00:15:00Z
S00413	W0004116	1249	2025-02-27T14:48:00Z
S00413	W0004117	1653	2025-02-27T23:34:00Z
S00413	W0004118	149	2025-02-09T18:14:00Z
S01634	W0004119	1327	2025-02-20T05:30:00Z
S01634	W0004120	911	2025-02-11T23:22:00Z
S01634	W0004121	162	2025-02-17T17:21:00Z
S01634	W0004122	167	2025-02-13T13:28:00Z
S01634	W0004123	55	2025-02-26T04:28:00Z
S01634	W0004124	639	2025-02-12T23:48:00Z
S01634	W0004125	431	2025-02-17T18:36:00Z
S01634	W0004126	1551	2025-02-24T01:11:00Z
S01634	W0004127	562	2025-02-25T15:31:00Z
S01634	W0004128	59	2025-02-16T13:08:00Z
S01634	W0004129	331	2025-02-04T19:39:00Z
S01634	W0004130	494	2025-02-03T03:12:00Z
S01551	W0004131	382	2025-02-20T19:29:00Z
S01551	W0004132	773	2025-02-07T08:44:00Z
S01551	W0004133	1460	2025-02-27T08:48:00Z
S01551	W0004134	1573	2025-02-24T00:29:00Z
S01551	W0004135	718	2025-02-02T15:16:00Z
S01551	W0004136	1661	2025-02-04T04:11:00Z
S01551	W0004137	454	2025-02-11T02:15:00Z
S01551	W0004138	491	2025-02-22T05:04:00Z
S01551	W0004139	381	2025-02-16T14:12:00Z
S01551	W0004140	1043	2025-02-18T00:21:00Z
S01551	W0004141	844	2025-02-02T20:29:00Z
S01551	W0004142	1197	2025-02-26T05:54:00Z
S01551	W0004143	1107	2025-02-19T08:22:00Z
S01551	W0004144	1622	2025-02-28T19:57:00Z
S01551	W0004145	187	2025-02-08T16:21:00Z
S01551	W0004146	136	2025-02-05T10:41:00Z
S01551	W0004147	1403	2025-02-08T01:04:00Z
S01551	W0004148	344	2025-02-13T10:09:00Z
S01551	W0004149	1043	2025-02-11T23:25:00Z
S01551	W0004150	1053	2025-02-08T22:24:00Z
S01551	W0004151	1480	2025-02-10T20:28:00Z
S01551	W0004152	31	2025-02-17T13:30:00Z
S01551	W0004153	350	2025-02-09T14:44:00Z
S01551	W0004154	1481	2025-02-27T15:47:00Z
S01912	W0004155	592	2025-02-18T04:16:00Z
S01912	W0004156	958	2025-02-08T04:32:00Z
S01912	W0004157	807	2025-02-17T22:23:00Z
S01912	W0004158	634	2025-02-19T05:41:00Z
S01912	W0004159	1777	2025-02-20T04:45:00Z
S01912	W0004160	323	2025-02-12T18:10:00Z
S01912	W0004161	915	2025-02-13T04:39:00Z
S01912	W0004162	1587	2025-02-02T01:21:00Z
S01912	W0004163	505	2025-02-18T01:05:00Z
S01912	W0004164	151	2025-02-27T07:00:00Z
S01912	W0004165	1567	2025-02-07T09:32:00Z
S01912	W0004166	1451	2025-02-11T12:49:00Z
S01912	W0004167	781	2025-02-28T18:20:00Z
S01912	W0004168	321	2025-02-03T04:28:00Z
S01912	W0004169	1247	2025-02-23T14:06:00Z
S01912	W0004170	377	2025-02-09T00:31:00Z
S01912	W0004171	449	2025-02-15T16:21:00Z
S01912	W0004172	167	2025-02-18T17:15:00Z
S01912	W0004173	401	2025-02-23T02:23:00Z
S01912	W0004174	1509	2025-02-09T14:41:00Z
S01912	W0004175	1018	2025-02-18T08:32:00Z
S01767	W0004176	652	2025-02-23T04:38:00Z
S01767	W0004177	651	2025-02-25T20:36:00Z
S01767	W0004178	60	2025-02-07T23:36:00Z
S01767	W0004179	756	2025-02-24T21:21:00Z
S01767	W0004180	682	2025-02-19T16:13:00Z
S01767	W0004181	139	2025-02-22T08:19:00Z
S01767	W0004182	1547	2025-02-07T14:10:00Z
S01767	W0004183	989	2025-02-15T05:19:00Z
S01767	W0004184	1180	2025-02-24T22:24:00Z
S01767	W0004185	731	2025-02-08T10:45:00Z
S01627	W0004186	1478	2025-02-23T17:54:00Z
S01627	W0004187	417	2025-02-14T13:47:00Z
S01627	W0004188	1223	2025-02-08T06:21:00Z
S01627	W0004189	781	2025-02-05T00:26:00Z
S01627	W0004190	1389	2025-02-13T22:23:00Z
S01627	W0004191	394	2025-02-02T06:52:00Z
S01627	W0004192	657	2025-02-09T02:34:00Z
S01627	W0004193	424	2025-02-04T19:29:00Z
S01627	W0004194	376	2025-02-18T05:13:00Z
S01467	W0004195	1770	2025-02-08T16:43:00Z
S01467	W0004196	94	2025-02-11T06:23:00Z
S01467	W0004197	880	2025-02-18T07:50:00Z
S01467	W0004198	1596	2025-02-18T09:22:00Z
S01467	W0004199	366	2025-02-12T18:23:00Z
S01467	W0004200	1581	2025-02-13T04:58:00Z
S01467	W0004201	924	2025-02-02T10:13:00Z
S01467	W0004202	1395	2025-02-26T20:30:00Z
S01467	W0004203	1066	2025-02-17T17:56:00Z
S01467	W0004204	727	2025-02-05T04:57:00Z
S01467	W0004205	214	2025-02-02T00:30:00Z
S01467	W0004206	96	2025-02-05T00:06:00Z
S01467	W0004207	1166	2025-02-22T02:54:00Z
S01467	W0004208	918	2025-02-26T12:48:00Z
S01467	W0004209	1453	2025-02-07T17:18:00Z
S01467	W0004210	625	2025-02-21T02:51:00Z
S01467	W0004211	304	2025-02-03T02:22:00Z
S01467	W0004212	1033	2025-02-11T14:59:00Z
S01467	W0004213	114	2025-02-12T22:20:00Z
S01467	W0004214	797	2025-02-24T04:46:00Z
S01467	W0004215	1756	2025-02-18T02:03:00Z
S01467	W0004216	895	2025-02-13T06:18:00Z
S01055	W0004217	30	2025-02-05T05:52:00Z
S01055	W0004218	276	2025-02-05T10:17:00Z
S01055	W0004219	113	2025-02-23T10:32:00Z
S01055	W0004220	851	2025-02-10T05:40:00Z
S01055	W0004221	646	2025-02-23T17:00:00Z
S01055	W0004222	870	2025-02-14T04:18:00Z
S01055	W0004223	181	2025-02-05T04:09:00Z
S01055	W0004224	431	2025-02-26T01:05:00Z
S01055	W0004225	517	2025-02-26T20:31:00Z
S00969	W0004226	617	2025-02-21T05:32:00Z
S00969	W0004227	569	2025-02-11T21:57:00Z
S00969	W0004228	495	2025-02-16T15:40:00Z
S00969	W0004229	1425	2025-02-26T08:16:00Z
S00969	W0004230	1388	2025-02-26T08:55:00Z
S00969	W0004231	1054	2025-02-03T07:01:00Z
S00969	W0004232	1769	2025-02-24T02:42:00Z
S00969	W0004233	1762	2025-02-28T22:19:00Z
S00969	W0004234	1236	2025-02-11T15:06:00Z
S00969	W0004235	462	2025-02-27T14:34:00Z
S00969	W0004236	627	2025-02-20T21:10:00Z
S01302	W0004237	221	2025-02-02T09:35:00Z
S01302	W0004238	522	2025-02-13T16:22:00Z
S01302	W0004239	1410	2025-02-06T05:04:00Z
S01302	W0004240	1472	2025-02-21T03:57:00Z
S01302	W0004241	892	2025-02-18T06:18:00Z
S01302	W0004242	1359	2025-02-01T21:33:00Z
S01302	W0004243	258	2025-02-23T04:36:00Z
S01302	W0004244	66	2025-02-18T23:43:00Z
S01302	W0004245	958	2025-02-06T16:57:00Z
S01429	W0004246	1618	2025-02-08T18:46:00Z
S01429	W0004247	374	2025-02-22T03:53:00Z
S01429	W0004248	1597	2025-02-22T09:35:00Z
S01429	W0004249	145	2025-02-13T08:20:00Z
S01429	W0004250	1765	2025-02-16T02:59:00Z
S01429	W0004251	267	2025-02-21T16:50:00Z
S01429	W0004252	699	2025-02-06T07:49:00Z
S01429	W0004253	1407	2025-02-28T20:26:00Z
S01429	W0004254	147	2025-02-01T12:53:00Z
S01429	W0004255	469	2025-02-08T20:39:00Z
S01429	W0004256	308	2025-02-19T20:38:00Z
S01429	W0004257	1785	2025-02-12T04:29:00Z
S01429	W0004258	1133	2025-02-01T04:51:00Z
S01429	W0004259	837	2025-02-11T18:58:00Z
S01429	W0004260	1070	2025-02-11T15:22:00Z
S01429	W0004261	150	2025-02-05T10:04:00Z
S01429	W0004262	538	2025-02-18T22:49:00Z
S01429	W0004263	1617	2025-02-05T05:38:00Z
S01429	W0004264	892	2025-02-25T03:18:00Z
S01429	W0004265	821	2025-02-15T22:05:00Z
S01429	W0004266	1332	2025-02-08T12:48:00Z
S01429	W0004267	1737	2025-02-09T16:28:00Z
S01132	W0004268	1752	2025-02-23T16:19:00Z
S01132	W0004269	246	2025-02-19T12:06:00Z
S01132	W0004270	1106	2025-02-26T01:53:00Z
S01132	W0004271	40	2025-02-19T19:43:00Z
S01132	W0004272	747	2025-02-20T10:34:00Z
S01132	W0004273	984	2025-02-25T19:58:00Z
S01132	W0004274	1590	2025-02-01T13:54:00Z
S01132	W0004275	125	2025-02-23T10:28:00Z
S01132	W0004276	188	2025-02-11T16:09:00Z
S01132	W0004277	1078	2025-02-20T13:46:00Z
S01132	W0004278	1144	2025-02-03T15:27:00Z
S01132	W0004279	785	2025-02-04T10:48:00Z
S01132	W0004280	618	2025-02-18T01:25:00Z
S01132	W0004281	707	2025-02-14T06:56:00Z
S01132	W0004282	1089	2025-02-23T00:42:00Z
S01132	W0004283	413	2025-02-22T03:53:00Z
S01132	W0004284	290	2025-02-10T11:59:00Z
S01132	W0004285	590	2025-02-04T02:12:00Z
S01132	W0004286	437	2025-02-16T22:58:00Z
S01132	W0004287	817	2025-02-17T16:48:00Z
S01132	W0004288	1637	2025-02-03T14:32:00Z
S01132	W0004289	335	2025-02-24T01:53:00Z
S01132	W0004290	1235	2025-02-04T19:58:00Z
S00409	W0004291	949	2025-02-03T22:30:00Z
S00409	W0004292	1406	2025-02-06T15:54:00Z
S00409	W0004293	26	2025-02-03T23:55:00Z
S00409	W0004294	1578	2025-02-26T03:21:00Z
S00409	W0004295	200	2025-02-21T02:52:00Z
S00409	W0004296	1351	2025-02-08T09:20:00Z
S00409	W0004297	1740	2025-02-18T06:38:00Z
S00409	W0004298	1343	2025-02-20T01:30:00Z
S00409	W0004299	1520	2025-02-02T05:42:00Z
S00409	W0004300	1624	2025-02-14T00:24:00Z
S00409	W0004301	48	2025-02-04T09:21:00Z
S00409	W0004302	678	2025-02-17T00:15:00Z
S00409	W0004303	339	2025-02-26T02:58:00Z
S00409	W0004304	775	2025-02-26T20:25:00Z
S00409	W0004305	1479	2025-02-05T08:52:00Z
S00409	W0004306	1507	2025-02-27T00:19:00Z
S00409	W0004307	118	2025-02-10T13:32:00Z
S00409	W0004308	1520	2025-02-12T23:42:00Z
S00409	W0004309	1400	2025-02-20T01:57:00Z
S00409	W0004310	830	2025-02-14T12:51:00Z
S00409	W0004311	348	2025-02-13T10:26:00Z
S00409	W0004312	1778	2025-02-28T18:21:00Z
S00409	W0004313	56	2025-02-06T17:30:00Z
S00409	W0004314	827	2025-02-22T00:26:00Z
S00653	W0004315	1577	2025-02-18T16:26:00Z
S00653	W0004316	1632	2025-02-25T11:45:00Z
S00653	W0004317	1564	2025-02-15T02:14:00Z
S00653	W0004318	1333	2025-02-01T03:23:00Z
S00653	W0004319	1078	2025-02-10T14:43:00Z
S00653	W0004320	1626	2025-02-07T22:05:00Z
S00653	W0004321	1529	2025-02-03T11:30:00Z
S00653	W0004322	1058	2025-02-21T09:38:00Z
S00653	W0004323	1228	2025-02-06T21:18:00Z
S00653	W0004324	912	2025-02-21T05:43:00Z
S00653	W0004325	504	2025-02-06T07:45:00Z
S00653	W0004326	379	2025-02-22T06:41:00Z
S00653	W0004327	1037	2025-02-26T12:32:00Z
S00653	W0004328	657	2025-02-04T07:41:00Z
S00653	W0004329	514	2025-02-13T11:25:00Z
S00653	W0004330	675	2025-02-21T08:55:00Z
S00653	W0004331	1327	2025-02-07T09:46:00Z
S00653	W0004332	592	2025-02-18T10:31:00Z
S00653	W0004333	303	2025-02-02T16:18:00Z
S00653	W0004334	1027	2025-02-08T17:55:00Z
S00653	W0004335	996	2025-02-10T06:26:00Z
S00627	W0004336	1434	2025-02-25T00:06:00Z
S00627	W0004337	1563	2025-02-18T12:26:00Z
S00627	W0004338	1187	2025-02-07T06:25:00Z
S00627	W0004339	1045	2025-02-13T17:54:00Z
S00627	W0004340	1454	2025-02-03T11:48:00Z
S00627	W0004341	274	2025-02-22T04:33:00Z
S00627	W0004342	715	2025-02-05T06:01:00Z
S00627	W0004343	1548	2025-02-21T18:06:00Z
S00627	W0004344	1122	2025-02-20T04:11:00Z
S00627	W0004345	963	2025-02-25T18:50:00Z
S00627	W0004346	1514	2025-02-03T02:46:00Z
S00691	W0004347	231	2025-02-15T09:13:00Z
S00691	W0004348	1647	2025-02-21T00:24:00Z
S00691	W0004349	1565	2025-02-21T06:45:00Z
S00691	W0004350	1607	2025-02-04T09:42:00Z
S00691	W0004351	989	2025-02-11T03:36:00Z
S00691	W0004352	430	2025-02-25T19:24:00Z
S00691	W0004353	905	2025-02-19T03:16:00Z
S00691	W0004354	100	2025-02-20T08:46:00Z
S00691	W0004355	936	2025-02-06T19:32:00Z
S00691	W0004356	1459	2025-02-07T10:00:00Z
S00691	W0004357	586	2025-02-15T10:20:00Z
S00691	W0004358	1507	2025-02-18T02:48:00Z
S00691	W0004359	298	2025-02-22T05:25:00Z
S00691	W0004360	1387	2025-02-03T20:51:00Z
S00691	W0004361	1485	2025-02-07T00:10:00Z
S00691	W0004362	312	2025-02-27T18:47:00Z
S00691	W0004363	1589	2025-02-07T23:02:00Z
S00691	W0004364	191	2025-02-03T16:38:00Z
S00691	W0004365	1026	2025-02-03T22:55:00Z
S00691	W0004366	269	2025-02-24T09:26:00Z
S00691	W0004367	287	2025-02-09T05:39:00Z
S00691	W0004368	1735	2025-02-24T19:03:00Z
S00691	W0004369	202	2025-02-21T10:59:00Z
S00691	W0004370	792	2025-02-21T16:42:00Z
S00691	W0004371	1516	2025-02-12T00:35:00Z
S00691	W0004372	280	2025-02-05T08:44:00Z
S00691	W0004373	519	2025-02-12T18:02:00Z
S00691	W0004374	812	2025-02-12T09:22:00Z
S00134	W0004375	1010	2025-02-12T05:07:00Z
S00134	W0004376	1206	2025-02-26T20:43:00Z
S00134	W0004377	1444	2025-02-15T19:54:00Z
S00134	W0004378	645	2025-02-13T20:37:00Z
S00134	W0004379	34	2025-02-04T02:09:00Z
S00134	W0004380	1348	2025-02-28T18:35:00Z
S00134	W0004381	759	2025-02-02T21:28:00Z
S00134	W0004382	1035	2025-02-14T05:49:00Z
S00957	W0004383	551	2025-02-08T00:55:00Z
S00957	W0004384	372	2025-02-15T00:05:00Z
S00957	W0004385	401	2025-02-18T05:05:00Z
S00957	W0004386	283	2025-02-25T04:07:00Z
S00957	W0004387	1592	2025-02-02T00:49:00Z
S00957	W0004388	318	2025-02-18T07:08:00Z
S00957	W0004389	1265	2025-02-04T04:03:00Z
S00957	W0004390	867	2025-02-10T21:03:00Z
S00957	W0004391	352	2025-02-26T14:04:00Z
S00957	W0004392	1776	2025-02-24T14:21:00Z
S00957	W0004393	695	2025-02-14T13:01:00Z
S00957	W0004394	1594	2025-02-27T13:51:00Z
S00957	W0004395	1410	2025-02-09T03:51:00Z
S00957	W0004396	1350	2025-02-04T09:11:00Z
S00957	W0004397	51	2025-02-16T11:39:00Z
S00957	W0004398	117	2025-02-03T23:20:00Z
S00957	W0004399	1329	2025-02-17T12:35:00Z
S00957	W0004400	989	2025-02-21T22:58:00Z
S00957	W0004401	466	2025-02-02T02:23:00Z
S00957	W0004402	889	2025-02-19T11:54:00Z
S00957	W0004403	1216	2025-02-19T08:19:00Z
S00957	W0004404	32	2025-02-15T09:29:00Z
S00957	W0004405	1036	2025-02-13T05:50:00Z
S00957	W0004406	1555	2025-02-11T07:20:00Z
S00957	W0004407	1198	2025-02-09T10:55:00Z
S00957	W0004408	163	2025-02-12T04:01:00Z
S00957	W0004409	764	2025-02-12T15:25:00Z
S00957	W0004410	477	2025-02-05T13:52:00Z
S00338	W0004411	778	2025-02-16T23:29:00Z
S00338	W0004412	1340	2025-02-16T15:37:00Z
S00338	W0004413	226	2025-02-24T22:09:00Z
S00338	W0004414	66	2025-02-10T02:44:00Z
S00338	W0004415	551	2025-02-03T22:30:00Z
S00338	W0004416	817	2025-02-14T08:09:00Z
S00338	W0004417	740	2025-02-15T07:03:00Z
S00338	W0004418	1511	2025-02-21T07:10:00Z
S00338	W0004419	829	2025-02-27T03:17:00Z
S00338	W0004420	1762	2025-02-02T02:07:00Z
S00338	W0004421	1411	2025-02-14T23:37:00Z
S00338	W0004422	1637	2025-02-07T09:50:00Z
S00338	W0004423	500	2025-02-02T13:00:00Z
S00338	W0004424	1620	2025-02-13T09:28:00Z
S00338	W0004425	1274	2025-02-02T12:40:00Z
S01174	W0004426	95	2025-02-27T09:42:00Z
S01174	W0004427	1072	2025-02-16T00:32:00Z
S01174	W0004428	457	2025-02-20T23:25:00Z
S01174	W0004429	1253	2025-02-17T10:34:00Z
S01174	W0004430	1505	2025-02-22T18:37:00Z
S01174	W0004431	616	2025-02-24T11:58:00Z
S01174	W0004432	1586	2025-02-04T01:12:00Z
S01174	W0004433	869	2025-02-07T19:14:00Z
S01174	W0004434	155	2025-02-09T09:27:00Z
S01174	W0004435	1080	2025-02-28T15:57:00Z
S01174	W0004436	1471	2025-02-15T13:33:00Z
S01174	W0004437	1089	2025-02-01T04:53:00Z
S01174	W0004438	746	2025-02-25T12:56:00Z
S01174	W0004439	1153	2025-02-10T01:39:00Z
S01174	W0004440	844	2025-02-25T08:33:00Z
S01174	W0004441	413	2025-02-09T09:23:00Z
S01174	W0004442	24	2025-02-11T18:35:00Z
S01174	W0004443	1224	2025-02-04T06:12:00Z
S01174	W0004444	835	2025-02-28T21:31:00Z
S01174	W0004445	1713	2025-02-03T23:23:00Z
S00955	W0004446	1281	2025-02-12T22:00:00Z
S00955	W0004447	1519	2025-02-03T20:49:00Z
S00955	W0004448	975	2025-02-23T01:10:00Z
S00955	W0004449	1264	2025-02-11T22:32:00Z
S00440	W0004450	426	2025-02-27T20:29:00Z
S00440	W0004451	114	2025-02-02T22:07:00Z
S00440	W0004452	1418	2025-02-10T05:47:00Z
S00440	W0004453	1042	2025-02-24T08:09:00Z
S00440	W0004454	610	2025-02-10T00:55:00Z
S00440	W0004455	1235	2025-02-22T09:40:00Z
S01010	W0004456	1127	2025-02-27T00:37:00Z
S01010	W0004457	723	2025-02-21T12:52:00Z
S01010	W0004458	1066	2025-02-11T21:54:00Z
S01010	W0004459	30	2025-02-02T15:11:00Z
S01010	W0004460	316	2025-02-01T01:03:00Z
S01010	W0004461	716	2025-02-19T17:34:00Z
S01010	W0004462	1719	2025-02-06T11:48:00Z
S01010	W0004463	464	2025-02-19T01:39:00Z
S01010	W0004464	1344	2025-02-03T11:10:00Z
S01010	W0004465	1427	2025-02-02T20:23:00Z
S01010	W0004466	862	2025-02-24T22:10:00Z
S01010	W0004467	1024	2025-02-09T01:26:00Z
S00664	W0004468	686	2025-02-10T14:17:00Z
S00664	W0004469	641	2025-02-14T19:34:00Z
S00664	W0004470	874	2025-02-24T15:55:00Z
S00664	W0004471	94	2025-02-28T16:35:00Z
S00664	W0004472	226	2025-02-13T08:59:00Z
S00664	W0004473	1615	2025-02-14T23:08:00Z
S00664	W0004474	814	2025-02-04T10:45:00Z
S00664	W0004475	1411	2025-02-24T13:34:00Z
S00664	W0004476	1738	2025-02-27T21:41:00Z
S00664	W0004477	659	2025-02-26T10:50:00Z
S00664	W0004478	382	2025-02-19T12:44:00Z
S00664	W0004479	309	2025-02-04T23:28:00Z
S00664	W0004480	1438	2025-02-02T03:55:00Z
S00664	W0004481	400	2025-02-06T13:04:00Z
S00664	W0004482	365	2025-02-02T03:00:00Z
S00664	W0004483	298	2025-02-23T23:27:00Z
S00664	W0004484	213	2025-02-27T12:26:00Z
S00664	W0004485	284	2025-02-23T22:41:00Z
S00664	W0004486	917	2025-02-03T06:02:00Z
S00488	W0004487	1380	2025-02-06T07:35:00Z
S00488	W0004488	1572	2025-02-28T13:10:00Z
S00488	W0004489	737	2025-02-09T08:41:00Z
S00488	W0004490	1690	2025-02-21T22:07:00Z
S00488	W0004491	1707	2025-02-06T00:03:00Z
S00488	W0004492	278	2025-02-01T21:48:00Z
S00488	W0004493	320	2025-02-24T11:05:00Z
S00488	W0004494	549	2025-02-09T11:15:00Z
S00488	W0004495	864	2025-02-03T01:04:00Z
S00488	W0004496	792	2025-02-04T03:51:00Z
S00488	W0004497	1796	2025-02-01T14:22:00Z
S00488	W0004498	1101	2025-02-17T02:26:00Z
S00488	W0004499	606	2025-02-22T08:32:00Z
S00488	W0004500	562	2025-02-16T07:49:00Z
S00488	W0004501	46	2025-02-06T01:51:00Z
S00488	W0004502	356	2025-02-19T09:52:00Z
S00488	W0004503	44	2025-02-16T05:53:00Z
S00488	W0004504	267	2025-02-02T12:59:00Z
S00769	W0004505	899	2025-02-10T16:29:00Z
S00769	W0004506	880	2025-02-12T01:33:00Z
S00769	W0004507	375	2025-02-22T11:38:00Z
S00769	W0004508	662	2025-02-20T22:04:00Z
S00769	W0004509	1156	2025-02-14T22:50:00Z
S00769	W0004510	1440	2025-02-10T15:34:00Z
S00769	W0004511	324	2025-02-06T03:39:00Z
S00769	W0004512	1085	2025-02-01T22:42:00Z
S00769	W0004513	1681	2025-02-17T06:35:00Z
S00769	W0004514	45	2025-02-17T16:46:00Z
S00769	W0004515	28	2025-02-15T22:36:00Z
S00769	W0004516	424	2025-02-28T23:47:00Z
S00353	W0004517	1754	2025-02-23T15:31:00Z
S00353	W0004518	1640	2025-02-19T03:52:00Z
S00353	W0004519	500	2025-02-11T08:31:00Z
S00353	W0004520	1672	2025-02-10T01:12:00Z
S00353	W0004521	718	2025-02-06T01:08:00Z
S00353	W0004522	1604	2025-02-04T15:39:00Z
S00353	W0004523	253	2025-02-05T13:46:00Z
S00353	W0004524	778	2025-02-23T14:41:00Z
S00353	W0004525	744	2025-02-19T18:47:00Z
S00353	W0004526	1516	2025-02-07T20:07:00Z
S00353	W0004527	89	2025-02-07T15:59:00Z
S00353	W0004528	330	2025-02-07T05:35:00Z
S00353	W0004529	1271	2025-02-05T16:01:00Z
S00353	W0004530	862	2025-02-11T08:48:00Z
S00353	W0004531	952	2025-02-10T18:58:00Z
S00353	W0004532	1530	2025-02-28T06:18:00Z
S00353	W0004533	855	2025-02-01T02:55:00Z
S00353	W0004534	37	2025-02-20T12:17:00Z
S00353	W0004535	942	2025-02-04T16:57:00Z
S00353	W0004536	495	2025-02-07T06:51:00Z
S00353	W0004537	1582	2025-02-11T19:00:00Z
S00353	W0004538	577	2025-02-24T14:00:00Z
S00353	W0004539	1684	2025-02-16T09:24:00Z
S00353	W0004540	1310	2025-02-26T17:58:00Z
S00353	W0004541	162	2025-02-17T06:35:00Z
S00353	W0004542	1545	2025-02-07T17:02:00Z
S00353	W0004543	819	2025-02-05T10:58:00Z
S00353	W0004544	1272	2025-02-22T12:40:00Z
S00353	W0004545	1039	2025-02-18T21:30:00Z
S00353	W0004546	1552	2025-02-20T07:22:00Z
S01844	W0004547	897	2025-02-13T00:39:00Z
S01844	W0004548	172	2025-02-20T17:17:00Z
S01844	W0004549	861	2025-02-28T05:08:00Z
S01844	W0004550	956	2025-02-19T12:40:00Z
S01844	W0004551	641	2025-02-12T21:45:00Z
S01844	W0004552	707	2025-02-22T18:21:00Z
S01844	W0004553	191	2025-02-10T21:52:00Z
S01844	W0004554	467	2025-02-12T10:20:00Z
S01844	W0004555	598	2025-02-23T08:38:00Z
S01844	W0004556	1014	2025-02-14T05:50:00Z
S01844	W0004557	136	2025-02-25T05:40:00Z
S01844	W0004558	1309	2025-02-06T16:25:00Z
S01844	W0004559	1755	2025-02-20T14:33:00Z
S01844	W0004560	1560	2025-02-25T02:45:00Z
S01844	W0004561	656	2025-02-02T21:32:00Z
S01844	W0004562	802	2025-02-16T06:13:00Z
S01844	W0004563	728	2025-02-07T01:18:00Z
S01844	W0004564	1262	2025-02-01T23:09:00Z
S01844	W0004565	627	2025-02-03T07:19:00Z
S01844	W0004566	155	2025-02-04T01:36:00Z
S01844	W0004567	515	2025-02-16T01:32:00Z
S01844	W0004568	755	2025-02-19T23:19:00Z
S01844	W0004569	1005	2025-02-17T10:57:00Z
S01844	W0004570	1410	2025-02-05T13:32:00Z
S01844	W0004571	1150	2025-02-10T20:16:00Z
S01844	W0004572	1020	2025-02-07T11:21:00Z
S01844	W0004573	1057	2025-02-14T16:00:00Z
S01844	W0004574	572	2025-02-28T01:44:00Z
S00475	W0004575	1451	2025-02-13T04:39:00Z
S00475	W0004576	1134	2025-02-16T14:42:00Z
S00475	W0004577	542	2025-02-27T07:07:00Z
S00475	W0004578	1468	2025-02-18T03:39:00Z
S00475	W0004579	951	2025-02-02T19:27:00Z
S00475	W0004580	1743	2025-02-26T18:25:00Z
S00475	W0004581	123	2025-02-12T16:18:00Z
S00475	W0004582	1168	2025-02-24T12:43:00Z
S00475	W0004583	1666	2025-02-11T08:02:00Z
S00475	W0004584	1229	2025-02-16T07:46:00Z
S00475	W0004585	282	2025-02-04T04:54:00Z
S00475	W0004586	781	2025-02-27T09:36:00Z
S00475	W0004587	177	2025-02-10T19:19:00Z
S00475	W0004588	118	2025-02-04T06:28:00Z
S00475	W0004589	970	2025-02-03T15:36:00Z
S00475	W0004590	999	2025-02-27T02:52:00Z
S00475	W0004591	737	2025-02-03T21:36:00Z
S00475	W0004592	1044	2025-02-15T08:34:00Z
S00475	W0004593	1333	2025-02-13T14:07:00Z
S00475	W0004594	1407	2025-02-22T22:05:00Z
S00475	W0004595	1762	2025-02-25T22:51:00Z
S00475	W0004596	1024	2025-02-21T06:02:00Z
S00475	W0004597	333	2025-02-19T10:40:00Z
S00475	W0004598	1007	2025-02-02T14:39:00Z
S00475	W0004599	986	2025-02-02T14:45:00Z
S00475	W0004600	503	2025-02-27T01:23:00Z
S00475	W0004601	1245	2025-02-01T10:02:00Z
S00475	W0004602	430	2025-02-04T09:23:00Z
S00475	W0004603	433	2025-02-06T06:28:00Z
S00475	W0004604	1354	2025-02-09T23:02:00Z
S01638	W0004605	1337	2025-02-27T01:53:00Z
S01638	W0004606	1012	2025-02-07T17:24:00Z
S01638	W0004607	1668	2025-02-06T19:14:00Z
S01638	W0004608	103	2025-02-08T08:54:00Z
S01638	W0004609	803	2025-02-14T02:28:00Z
S01638	W0004610	601	2025-02-02T12:16:00Z
S01638	W0004611	467	2025-02-13T20:37:00Z
S01638	W0004612	1110	2025-02-05T18:36:00Z
S00963	W0004613	284	2025-02-05T10:26:00Z
S00963	W0004614	677	2025-02-14T00:24:00Z
S00963	W0004615	1235	2025-02-25T13:22:00Z
S00963	W0004616	49	2025-02-13T20:09:00Z
S00963	W0004617	613	2025-02-18T05:58:00Z
S00963	W0004618	1486	2025-02-22T02:39:00Z
S00963	W0004619	977	2025-02-27T03:05:00Z
S00963	W0004620	1747	2025-02-14T02:03:00Z
S00963	W0004621	1322	2025-02-28T12:54:00Z
S00963	W0004622	493	2025-02-15T06:03:00Z
S00963	W0004623	288	2025-02-11T02:26:00Z
S00963	W0004624	1685	2025-02-12T04:25:00Z
S00963	W0004625	1407	2025-02-03T23:30:00Z
S00963	W0004626	1342	2025-02-17T08:52:00Z
S00963	W0004627	1733	2025-02-11T01:48:00Z
S00963	W0004628	975	2025-02-17T20:38:00Z
S00963	W0004629	1388	2025-02-23T05:11:00Z
S00963	W0004630	90	2025-02-25T07:29:00Z
S00963	W0004631	721	2025-02-21T17:00:00Z
S00963	W0004632	1444	2025-02-12T16:42:00Z
S00963	W0004633	820	2025-02-06T14:04:00Z
S00963	W0004634	825	2025-02-06T22:49:00Z
S00963	W0004635	444	2025-02-10T21:25:00Z
S00963	W0004636	625	2025-02-18T04:11:00Z
S00963	W0004637	906	2025-02-12T04:07:00Z
S00963	W0004638	1069	2025-02-04T02:09:00Z
S00963	W0004639	1518	2025-02-01T12:50:00Z
S00963	W0004640	875	2025-02-06T17:56:00Z
S00282	W0004641	1186	2025-02-19T07:52:00Z
S00282	W0004642	1359	2025-02-24T07:14:00Z
S00282	W0004643	588	2025-02-15T23:29:00Z
S00282	W0004644	1286	2025-02-21T11:26:00Z
S00282	W0004645	241	2025-02-27T07:11:00Z
S00282	W0004646	445	2025-02-20T01:38:00Z
S00282	W0004647	566	2025-02-06T23:47:00Z
S00282	W0004648	385	2025-02-19T13:59:00Z
S00282	W0004649	436	2025-02-20T07:17:00Z
S00282	W0004650	1145	2025-02-07T17:06:00Z
S00282	W0004651	438	2025-02-10T18:16:00Z
S00282	W0004652	758	2025-02-07T10:44:00Z
S00282	W0004653	242	2025-02-19T08:16:00Z
S00282	W0004654	1143	2025-02-15T21:02:00Z
S00282	W0004655	164	2025-02-22T12:33:00Z
S00282	W0004656	1180	2025-02-17T00:08:00Z
S00282	W0004657	1550	2025-02-27T06:40:00Z
S00282	W0004658	170	2025-02-13T04:52:00Z
S00282	W0004659	714	2025-02-15T11:23:00Z
S00282	W0004660	1770	2025-02-07T13:46:00Z
S00282	W0004661	60	2025-02-04T13:00:00Z
S00282	W0004662	1433	2025-02-25T10:10:00Z
S00282	W0004663	1189	2025-02-26T22:56:00Z
S00282	W0004664	339	2025-02-21T15:34:00Z
S00282	W0004665	1007	2025-02-02T16:36:00Z
S00282	W0004666	1263	2025-02-24T13:50:00Z
S00282	W0004667	1758	2025-02-06T14:04:00Z
S00735	W0004668	256	2025-02-07T04:03:00Z
S00735	W0004669	1410	2025-02-24T04:59:00Z
S00735	W0004670	955	2025-02-21T19:06:00Z
S00735	W0004671	1662	2025-02-12T18:37:00Z
S00735	W0004672	1521	2025-02-27T22:55:00Z
S00735	W0004673	1430	2025-02-23T02:45:00Z
S00735	W0004674	1457	2025-02-04T16:33:00Z
S00735	W0004675	1124	2025-02-02T09:35:00Z
S00735	W0004676	751	2025-02-16T19:17:00Z
S00735	W0004677	1412	2025-02-13T09:20:00Z
S00735	W0004678	985	2025-02-02T08:25:00Z
S00735	W0004679	1127	2025-02-28T11:53:00Z
S00735	W0004680	728	2025-02-08T13:32:00Z
S00735	W0004681	1057	2025-02-05T23:51:00Z
S00735	W0004682	1800	2025-02-02T09:49:00Z
S00735	W0004683	1168	2025-02-10T08:25:00Z
S00735	W0004684	771	2025-02-05T21:36:00Z
S00529	W0004685	52	2025-02-18T23:06:00Z
S00529	W0004686	25	2025-02-24T10:35:00Z
S00529	W0004687	1439	2025-02-08T19:58:00Z
S00529	W0004688	771	2025-02-24T03:40:00Z
S00529	W0004689	588	2025-02-02T12:19:00Z
S00529	W0004690	977	2025-02-11T08:16:00Z
S00529	W0004691	768	2025-02-03T23:03:00Z
S00529	W0004692	1525	2025-02-12T18:53:00Z
S00529	W0004693	119	2025-02-23T12:33:00Z
S00529	W0004694	75	2025-02-18T13:01:00Z
S00529	W0004695	126	2025-02-02T17:16:00Z
S00529	W0004696	676	2025-02-08T04:07:00Z
S00529	W0004697	1112	2025-02-16T19:45:00Z
S00529	W0004698	289	2025-02-21T12:04:00Z
S00529	W0004699	1115	2025-02-21T20:26:00Z
S00529	W0004700	45	2025-02-20T07:35:00Z
S00529	W0004701	509	2025-02-02T18:43:00Z
S00529	W0004702	425	2025-02-28T11:41:00Z
S00529	W0004703	595	2025-02-24T01:25:00Z
S00529	W0004704	100	2025-02-16T07:24:00Z
S00529	W0004705	1245	2025-02-18T05:14:00Z
S00069	W0004706	1456	2025-02-11T04:32:00Z
S00069	W0004707	1279	2025-02-22T21:54:00Z
S00069	W0004708	622	2025-02-04T04:31:00Z
S00069	W0004709	318	2025-02-25T06:18:00Z
S00069	W0004710	736	2025-02-06T05:07:00Z
S00069	W0004711	918	2025-02-01T05:52:00Z
S00069	W0004712	1476	2025-02-23T19:43:00Z
S00069	W0004713	1204	2025-02-02T18:48:00Z
S00069	W0004714	1640	2025-02-22T08:30:00Z
S00069	W0004715	482	2025-02-02T09:50:00Z
S00069	W0004716	1661	2025-02-11T00:16:00Z
S00069	W0004717	1445	2025-02-04T20:29:00Z
S00069	W0004718	1309	2025-02-08T05:39:00Z
S00069	W0004719	1091	2025-02-04T03:01:00Z
S00069	W0004720	768	2025-02-20T08:42:00Z
S00069	W0004721	1715	2025-02-09T21:05:00Z
S00069	W0004722	455	2025-02-19T17:15:00Z
S00069	W0004723	846	2025-02-14T05:20:00Z
S00069	W0004724	1415	2025-02-13T23:32:00Z
S00069	W0004725	622	2025-02-17T20:03:00Z
S01405	W0004726	292	2025-02-23T20:28:00Z
S01405	W0004727	851	2025-02-07T11:24:00Z
S01405	W0004728	206	2025-02-17T17:23:00Z
S01405	W0004729	240	2025-02-02T12:16:00Z
S01405	W0004730	1795	2025-02-28T07:46:00Z
S01405	W0004731	1392	2025-02-13T06:00:00Z
S01405	W0004732	297	2025-02-19T07:24:00Z
S01405	W0004733	310	2025-02-02T14:22:00Z
S01405	W0004734	588	2025-02-01T01:05:00Z
S01405	W0004735	98	2025-02-26T15:31:00Z
S01405	W0004736	333	2025-02-17T01:55:00Z
S01405	W0004737	920	2025-02-24T12:04:00Z
S01405	W0004738	1020	2025-02-20T06:04:00Z
S01405	W0004739	1479	2025-02-02T01:49:00Z
S01405	W0004740	1468	2025-02-11T21:46:00Z
S01405	W0004741	649	2025-02-07T04:46:00Z
S01957	W0004742	904	2025-02-16T10:11:00Z
S01957	W0004743	1272	2025-02-25T16:01:00Z
S01957	W0004744	422	2025-02-04T21:59:00Z
S01957	W0004745	1746	2025-02-01T13:01:00Z
S01957	W0004746	1624	2025-02-11T08:25:00Z
S01957	W0004747	1118	2025-02-08T04:24:00Z
S01957	W0004748	351	2025-02-06T23:13:00Z
S01957	W0004749	471	2025-02-18T14:17:00Z
S01957	W0004750	713	2025-02-03T20:55:00Z
S01957	W0004751	1189	2025-02-27T08:13:00Z
S01957	W0004752	849	2025-02-22T18:45:00Z
S01957	W0004753	1534	2025-02-02T08:40:00Z
S01957	W0004754	947	2025-02-10T09:22:00Z
S01957	W0004755	1669	2025-02-21T04:24:00Z
S01957	W0004756	1455	2025-02-22T01:54:00Z
S01957	W0004757	1022	2025-02-10T00:45:00Z
S01957	W0004758	1627	2025-02-14T17:50:00Z
S01957	W0004759	1167	2025-02-23T09:31:00Z
S01957	W0004760	1231	2025-02-12T18:47:00Z
S01957	W0004761	53	2025-02-22T06:08:00Z
S01957	W0004762	675	2025-02-02T12:23:00Z
S01957	W0004763	1784	2025-02-03T18:00:00Z
S00875	W0004764	36	2025-02-16T23:40:00Z
S00875	W0004765	561	2025-02-18T06:07:00Z
S00875	W0004766	886	2025-02-16T17:03:00Z
S00875	W0004767	1112	2025-02-28T10:18:00Z
S00875	W0004768	477	2025-02-10T21:02:00Z
S00875	W0004769	1448	2025-02-24T19:24:00Z
S00875	W0004770	1439	2025-02-20T06:24:00Z
S00875	W0004771	1153	2025-02-07T02:42:00Z
S00875	W0004772	332	2025-02-09T12:55:00Z
S00875	W0004773	1744	2025-02-18T00:42:00Z
S00875	W0004774	722	2025-02-03T02:30:00Z
S00875	W0004775	744	2025-02-15T17:44:00Z
S00875	W0004776	630	2025-02-19T08:45:00Z
S00875	W0004777	652	2025-02-04T16:56:00Z
S00875	W0004778	1083	2025-02-18T14:28:00Z
S00875	W0004779	391	2025-02-10T04:34:00Z
S00875	W0004780	513	2025-02-17T00:31:00Z
S00875	W0004781	1368	2025-02-09T08:55:00Z
S00875	W0004782	1027	2025-02-02T10:48:00Z
S00669	W0004783	1532	2025-02-23T05:13:00Z
S00669	W0004784	476	2025-02-09T22:46:00Z
S00669	W0004785	1066	2025-02-18T09:57:00Z
S00669	W0004786	1039	2025-02-16T15:15:00Z
S00669	W0004787	499	2025-02-03T22:28:00Z
S00669	W0004788	88	2025-02-26T19:12:00Z
S00669	W0004789	295	2025-02-12T05:35:00Z
S00669	W0004790	834	2025-02-01T03:19:00Z
S00669	W0004791	327	2025-02-19T11:18:00Z
S00669	W0004792	1124	2025-02-09T16:38:00Z
S00669	W0004793	1510	2025-02-16T08:09:00Z
S00669	W0004794	552	2025-02-28T15:06:00Z
S00669	W0004795	1517	2025-02-21T03:10:00Z
S00378	W0004796	258	2025-02-25T12:11:00Z
S00378	W0004797	1137	2025-02-04T05:08:00Z
S00378	W0004798	988	2025-02-09T22:52:00Z
S00378	W0004799	937	2025-02-24T21:02:00Z
S00378	W0004800	1338	2025-02-01T03:33:00Z
S00378	W0004801	766	2025-02-06T23:12:00Z
S00378	W0004802	1527	2025-02-13T11:49:00Z
S00378	W0004803	661	2025-02-15T16:37:00Z
S00378	W0004804	330	2025-02-17T15:42:00Z
S01509	W0004805	1798	2025-02-12T14:59:00Z
S01509	W0004806	523	2025-02-04T07:38:00Z
S01509	W0004807	799	2025-02-24T15:09:00Z
S01509	W0004808	421	2025-02-10T11:34:00Z
S01682	W0004809	691	2025-02-04T18:51:00Z
S01682	W0004810	892	2025-02-01T13:14:00Z
S01682	W0004811	312	2025-02-10T18:44:00Z
S01682	W0004812	1696	2025-02-18T06:22:00Z
S01682	W0004813	1059	2025-02-06T14:22:00Z
S01682	W0004814	324	2025-02-06T00:00:00Z
S01682	W0004815	1207	2025-02-07T09:10:00Z
S01682	W0004816	607	2025-02-08T19:00:00Z
S01682	W0004817	1541	2025-02-23T15:09:00Z
S01682	W0004818	1153	2025-02-24T03:57:00Z
S01682	W0004819	1785	2025-02-04T12:39:00Z
S01682	W0004820	425	2025-02-20T01:11:00Z
S01682	W0004821	152	2025-02-23T18:04:00Z
S01682	W0004822	1356	2025-02-01T16:08:00Z
S01682	W0004823	1209	2025-02-19T12:23:00Z
S01682	W0004824	1257	2025-02-05T13:05:00Z
S01682	W0004825	83	2025-02-23T22:00:00Z
S01682	W0004826	515	2025-02-27T15:26:00Z
S01682	W0004827	804	2025-02-13T13:56:00Z
S01682	W0004828	1414	2025-02-11T07:27:00Z
S01938	W0004829	344	2025-02-28T07:35:00Z
S01938	W0004830	1623	2025-02-18T20:48:00Z
S01938	W0004831	1654	2025-02-02T13:03:00Z
S01938	W0004832	1140	2025-02-26T14:26:00Z
S01938	W0004833	443	2025-02-03T01:31:00Z
S01938	W0004834	103	2025-02-07T05:30:00Z
S01938	W0004835	228	2025-02-01T20:02:00Z
S01938	W0004836	1631	2025-02-28T14:06:00Z
S01938	W0004837	224	2025-02-20T18:51:00Z
S01938	W0004838	356	2025-02-17T07:56:00Z
S01938	W0004839	165	2025-02-24T16:00:00Z
S01938	W0004840	697	2025-02-22T10:08:00Z
S01938	W0004841	1660	2025-02-18T19:09:00Z
S01938	W0004842	993	2025-02-15T02:12:00Z
S01938	W0004843	148	2025-02-13T10:32:00Z
S01938	W0004844	562	2025-02-05T20:16:00Z
S01938	W0004845	986	2025-02-05T08:08:00Z
S01938	W0004846	307	2025-02-23T08:52:00Z
S01938	W0004847	172	2025-02-12T02:08:00Z
S01938	W0004848	427	2025-02-17T02:51:00Z
S01938	W0004849	1741	2025-02-09T22:29:00Z
S01938	W0004850	637	2025-02-10T01:58:00Z
S01938	W0004851	839	2025-02-18T14:46:00Z
S01938	W0004852	76	2025-02-07T14:05:00Z
S01938	W0004853	502	2025-02-12T12:44:00Z
S01938	W0004854	180	2025-02-02T19:14:00Z
S01938	W0004855	1578	2025-02-23T05:17:00Z
S00863	W0004856	1004	2025-02-03T23:00:00Z
S00863	W0004857	802	2025-02-13T10:37:00Z
S00863	W0004858	85	2025-02-02T17:38:00Z
S00863	W0004859	127	2025-02-18T11:08:00Z
S00863	W0004860	628	2025-02-18T17:23:00Z
S00863	W0004861	498	2025-02-15T04:29:00Z
S00863	W0004862	1546	2025-02-01T09:28:00Z
S00863	W0004863	155	2025-02-17T15:48:00Z
S00863	W0004864	155	2025-02-02T15:01:00Z
S00863	W0004865	1233	2025-02-12T21:09:00Z
S00863	W0004866	167	2025-02-07T18:13:00Z
S00863	W0004867	1336	2025-02-22T13:48:00Z
S00863	W0004868	1144	2025-02-25T06:44:00Z
S00863	W0004869	1187	2025-02-14T19:57:00Z
S00863	W0004870	1798	2025-02-10T14:00:00Z
S00863	W0004871	1305	2025-02-17T08:23:00Z
S00863	W0004872	309	2025-02-27T16:09:00Z
S00863	W0004873	1713	2025-02-25T21:34:00Z
S00863	W0004874	256	2025-02-02T01:17:00Z
S00863	W0004875	883	2025-02-20T04:55:00Z
S00863	W0004876	806	2025-02-24T08:36:00Z
S00863	W0004877	906	2025-02-28T22:34:00Z
S00863	W0004878	83	2025-02-03T22:43:00Z
S00863	W0004879	600	2025-02-21T12:44:00Z
S00863	W0004880	498	2025-02-11T14:35:00Z
S00863	W0004881	379	2025-02-20T03:35:00Z
S00838	W0004882	1458	2025-02-02T02:04:00Z
S00838	W0004883	184	2025-02-09T14:10:00Z
S00838	W0004884	1427	2025-02-12T07:51:00Z
S00838	W0004885	1135	2025-02-27T09:34:00Z
S00838	W0004886	250	2025-02-10T22:35:00Z
S00838	W0004887	1290	2025-02-09T06:49:00Z
S00838	W0004888	918	2025-02-11T05:32:00Z
S00838	W0004889	1115	2025-02-04T02:17:00Z
S00838	W0004890	1359	2025-02-18T14:57:00Z
S00838	W0004891	523	2025-02-18T18:53:00Z
S00838	W0004892	1764	2025-02-15T02:40:00Z
S00838	W0004893	430	2025-02-15T10:27:00Z
S00838	W0004894	466	2025-02-08T23:01:00Z
S00838	W0004895	1486	2025-02-11T15:44:00Z
S00838	W0004896	651	2025-02-20T08:03:00Z
S00838	W0004897	906	2025-02-15T06:35:00Z
S00838	W0004898	283	2025-02-25T03:35:00Z
S00838	W0004899	1593	2025-02-03T02:16:00Z
S00838	W0004900	1133	2025-02-25T15:04:00Z
S00838	W0004901	1405	2025-02-13T09:54:00Z
S00838	W0004902	879	2025-02-22T10:18:00Z
S00838	W0004903	1370	2025-02-21T16:56:00Z
S00838	W0004904	825	2025-02-18T07:31:00Z
S00838	W0004905	1597	2025-02-25T09:29:00Z
S00838	W0004906	902	2025-02-20T14:06:00Z
S00838	W0004907	1079	2025-02-28T10:08:00Z
S00838	W0004908	1298	2025-02-08T16:53:00Z
S00838	W0004909	518	2025-02-19T21:37:00Z
S00838	W0004910	1184	2025-02-10T02:58:00Z
S00420	W0004911	1684	2025-02-18T19:15:00Z
S00420	W0004912	953	2025-02-21T06:56:00Z
S00420	W0004913	1666	2025-02-07T00:31:00Z
S00420	W0004914	512	2025-02-04T00:32:00Z
S00420	W0004915	160	2025-02-11T22:58:00Z
S00420	W0004916	1111	2025-02-06T22:22:00Z
S00420	W0004917	458	2025-02-03T12:20:00Z
S00420	W0004918	1744	2025-02-13T12:32:00Z
S00420	W0004919	1792	2025-02-27T19:57:00Z
S00420	W0004920	1462	2025-02-26T09:10:00Z
S00420	W0004921	506	2025-02-28T16:34:00Z
S00420	W0004922	102	2025-02-04T12:29:00Z
S00904	W0004923	1153	2025-02-26T04:38:00Z
S00904	W0004924	886	2025-02-11T22:26:00Z
S00904	W0004925	1478	2025-02-02T05:29:00Z
S00904	W0004926	732	2025-02-10T10:09:00Z
S00904	W0004927	1539	2025-02-02T04:33:00Z
S00904	W0004928	1662	2025-02-07T22:03:00Z
S00904	W0004929	920	2025-02-21T15:55:00Z
S00904	W0004930	1159	2025-02-15T11:39:00Z
S00904	W0004931	1363	2025-02-15T16:20:00Z
S01339	W0004932	637	2025-02-02T03:15:00Z
S01339	W0004933	1436	2025-02-27T03:47:00Z
S01339	W0004934	101	2025-02-09T11:49:00Z
S01339	W0004935	1038	2025-02-25T17:32:00Z
S01339	W0004936	295	2025-02-06T12:28:00Z
S01339	W0004937	672	2025-02-01T03:25:00Z
S01339	W0004938	611	2025-02-24T18:06:00Z
S01339	W0004939	27	2025-02-26T19:44:00Z
S01414	W0004940	300	2025-02-20T11:40:00Z
S01414	W0004941	373	2025-02-01T21:16:00Z
S01414	W0004942	970	2025-02-12T03:54:00Z
S01414	W0004943	853	2025-02-17T11:04:00Z
S01414	W0004944	1135	2025-02-12T15:45:00Z
S01414	W0004945	185	2025-02-13T19:55:00Z
S01414	W0004946	1345	2025-02-15T19:30:00Z
S01414	W0004947	364	2025-02-13T08:08:00Z
S01414	W0004948	1498	2025-02-02T05:59:00Z
S01414	W0004949	1675	2025-02-01T22:24:00Z
S01414	W0004950	1128	2025-02-04T02:55:00Z
S01414	W0004951	971	2025-02-04T15:23:00Z
S01414	W0004952	800	2025-02-07T01:22:00Z
S01414	W0004953	85	2025-02-20T23:20:00Z
S01414	W0004954	349	2025-02-03T14:20:00Z
S01414	W0004955	580	2025-02-14T18:53:00Z
S01414	W0004956	522	2025-02-09T04:38:00Z
S01414	W0004957	929	2025-02-01T22:49:00Z
S00977	W0004958	1692	2025-02-09T02:51:00Z
S00977	W0004959	1362	2025-02-09T03:51:00Z
S00977	W0004960	1564	2025-02-02T17:47:00Z
S00977	W0004961	61	2025-02-18T18:45:00Z
S00977	W0004962	1330	2025-02-21T05:49:00Z
S00977	W0004963	1350	2025-02-16T04:10:00Z
S00977	W0004964	1258	2025-02-10T00:41:00Z
S00977	W0004965	1262	2025-02-21T22:25:00Z
S00977	W0004966	980	2025-02-23T04:57:00Z
S00977	W0004967	811	2025-02-03T20:43:00Z
S00977	W0004968	633	2025-02-08T12:10:00Z
S00977	W0004969	1663	2025-02-24T05:52:00Z
S00977	W0004970	906	2025-02-09T10:04:00Z
S01620	W0004971	1701	2025-02-15T19:43:00Z
S01620	W0004972	1217	2025-02-26T02:06:00Z
S01620	W0004973	1546	2025-02-27T13:59:00Z
S01620	W0004974	985	2025-02-08T20:00:00Z
S01620	W0004975	1301	2025-02-17T13:14:00Z
S01620	W0004976	142	2025-02-27T14:12:00Z
S01620	W0004977	433	2025-02-01T20:42:00Z
S01620	W0004978	1348	2025-02-14T12:53:00Z
S01620	W0004979	925	2025-02-15T18:37:00Z
S01620	W0004980	1478	2025-02-23T17:16:00Z
S01620	W0004981	570	2025-02-07T06:25:00Z
S01620	W0004982	1043	2025-02-13T18:35:00Z
S01620	W0004983	299	2025-02-15T16:24:00Z
S01620	W0004984	1159	2025-02-18T08:46:00Z
S01620	W0004985	544	2025-02-17T23:19:00Z
S00581	W0004986	834	2025-02-24T17:59:00Z
S00581	W0004987	338	2025-02-03T01:49:00Z
S00581	W0004988	1530	2025-02-22T17:37:00Z
S00581	W0004989	1597	2025-02-05T05:08:00Z
S00581	W0004990	608	2025-02-20T06:50:00Z
S00581	W0004991	320	2025-02-10T20:56:00Z
S00581	W0004992	533	2025-02-24T21:27:00Z
S00581	W0004993	684	2025-02-19T14:37:00Z
S00581	W0004994	242	2025-02-24T03:27:00Z
S00581	W0004995	547	2025-02-17T01:08:00Z
S00581	W0004996	818	2025-02-09T13:37:00Z
S00581	W0004997	1662	2025-02-05T23:56:00Z
S00581	W0004998	1051	2025-02-19T19:35:00Z
S00581	W0004999	1107	2025-02-20T08:12:00Z
S00581	W0005000	582	2025-02-14T21:25:00Z
S00581	W0005001	495	2025-02-09T03:24:00Z
S00581	W0005002	369	2025-02-19T20:47:00Z
S00581	W0005003	1623	2025-02-08T04:09:00Z
S00581	W0005004	882	2025-02-16T03:08:00Z
S00581	W0005005	66	2025-02-14T00:37:00Z
S00581	W0005006	1728	2025-02-28T03:03:00Z
S00581	W0005007	804	2025-02-11T20:37:00Z
S00581	W0005008	1150	2025-02-13T06:42:00Z
S00581	W0005009	994	2025-02-20T06:46:00Z
S00581	W0005010	960	2025-02-18T01:40:00Z
S00581	W0005011	1753	2025-02-13T05:31:00Z
S00581	W0005012	1010	2025-02-12T14:32:00Z
S00581	W0005013	48	2025-02-03T02:20:00Z
S00581	W0005014	746	2025-02-07T11:21:00Z
S00132	W0005015	1632	2025-02-06T18:11:00Z
S00132	W0005016	1659	2025-02-27T13:54:00Z
S00132	W0005017	764	2025-02-16T20:59:00Z
S00132	W0005018	683	2025-02-16T04:26:00Z
S00132	W0005019	1115	2025-02-26T20:54:00Z
S00132	W0005020	1035	2025-02-06T15:48:00Z
S00132	W0005021	1407	2025-02-23T04:58:00Z
S00132	W0005022	1376	2025-02-10T22:07:00Z
S00132	W0005023	195	2025-02-20T01:23:00Z
S00132	W0005024	526	2025-02-27T12:26:00Z
S00132	W0005025	901	2025-02-13T04:13:00Z
S00132	W0005026	349	2025-02-23T22:16:00Z
S00132	W0005027	912	2025-02-06T15:51:00Z
S00132	W0005028	1422	2025-02-03T21:52:00Z
S00132	W0005029	1043	2025-02-19T05:50:00Z
S00132	W0005030	1080	2025-02-10T19:01:00Z
S00132	W0005031	1391	2025-02-19T17:11:00Z
S00132	W0005032	117	2025-02-27T15:23:00Z
S00132	W0005033	712	2025-02-10T08:59:00Z
S00132	W0005034	45	2025-02-13T14:58:00Z
S00132	W0005035	757	2025-02-02T21:29:00Z
S00132	W0005036	236	2025-02-05T06:18:00Z
S00132	W0005037	120	2025-02-06T06:12:00Z
S00132	W0005038	1219	2025-02-17T14:25:00Z
S00132	W0005039	261	2025-02-22T14:33:00Z
S01142	W0005040	930	2025-02-19T23:04:00Z
S01142	W0005041	1050	2025-02-07T22:39:00Z
S01142	W0005042	334	2025-02-23T02:41:00Z
S01142	W0005043	22	2025-02-28T16:03:00Z
S01142	W0005044	425	2025-02-16T09:41:00Z
S01142	W0005045	1217	2025-02-23T03:06:00Z
S01142	W0005046	504	2025-02-16T09:44:00Z
S00208	W0005047	1310	2025-02-16T14:56:00Z
S00208	W0005048	608	2025-02-18T14:47:00Z
S00208	W0005049	1502	2025-02-27T17:13:00Z
S00208	W0005050	78	2025-02-21T04:26:00Z
S00208	W0005051	1407	2025-02-09T07:00:00Z
S01346	W0005052	1580	2025-02-23T13:25:00Z
S01346	W0005053	1398	2025-02-12T15:44:00Z
S01346	W0005054	1376	2025-02-12T16:22:00Z
S01346	W0005055	1390	2025-02-12T15:10:00Z
S01346	W0005056	782	2025-02-26T23:36:00Z
S01809	W0005057	426	2025-02-19T21:32:00Z
S01809	W0005058	1712	2025-02-08T12:50:00Z
S01809	W0005059	492	2025-02-02T04:49:00Z
S01809	W0005060	733	2025-02-06T08:52:00Z
S01809	W0005061	1561	2025-02-15T10:24:00Z
S01809	W0005062	1257	2025-02-16T12:48:00Z
S01809	W0005063	956	2025-02-16T10:16:00Z
S01809	W0005064	825	2025-02-22T03:25:00Z
S01809	W0005065	310	2025-02-06T05:50:00Z
S01809	W0005066	313	2025-02-22T04:02:00Z
S01809	W0005067	900	2025-02-27T23:07:00Z
S01809	W0005068	211	2025-02-14T13:49:00Z
S01809	W0005069	839	2025-02-27T17:58:00Z
S01809	W0005070	743	2025-02-10T22:08:00Z
S01809	W0005071	203	2025-02-11T19:14:00Z
S01809	W0005072	1602	2025-02-17T17:44:00Z
S01809	W0005073	1495	2025-02-04T12:39:00Z
S01809	W0005074	673	2025-02-27T09:55:00Z
S01809	W0005075	1768	2025-02-02T15:33:00Z
S01809	W0005076	215	2025-02-09T12:16:00Z
S01809	W0005077	611	2025-02-16T09:00:00Z
S01809	W0005078	1265	2025-02-18T00:18:00Z
S01809	W0005079	124	2025-02-22T01:27:00Z
S01809	W0005080	246	2025-02-24T22:25:00Z
S01809	W0005081	1762	2025-02-07T15:27:00Z
S01809	W0005082	402	2025-02-24T23:23:00Z
S01809	W0005083	1634	2025-02-22T20:36:00Z
S01809	W0005084	453	2025-02-05T19:56:00Z
S01617	W0005085	233	2025-02-25T20:05:00Z
S01617	W0005086	910	2025-02-20T11:39:00Z
S01617	W0005087	155	2025-02-06T00:55:00Z
S01617	W0005088	877	2025-02-13T13:09:00Z
S01617	W0005089	1040	2025-02-03T18:46:00Z
S01617	W0005090	766	2025-02-26T14:17:00Z
S01617	W0005091	1364	2025-02-24T09:19:00Z
S01617	W0005092	1677	2025-02-18T01:01:00Z
S01617	W0005093	1477	2025-02-22T14:10:00Z
S01617	W0005094	436	2025-02-01T02:25:00Z
S01617	W0005095	619	2025-02-01T18:47:00Z
S01617	W0005096	1630	2025-02-24T18:04:00Z
S01617	W0005097	1631	2025-02-01T21:56:00Z
S01617	W0005098	250	2025-02-27T01:17:00Z
S01617	W0005099	1754	2025-02-17T01:30:00Z
S01617	W0005100	639	2025-02-24T12:28:00Z
S01617	W0005101	123	2025-02-08T19:45:00Z
S01617	W0005102	368	2025-02-14T15:39:00Z
S01617	W0005103	483	2025-02-06T20:54:00Z
S01617	W0005104	93	2025-02-11T12:56:00Z
S01617	W0005105	134	2025-02-21T07:57:00Z
S01617	W0005106	711	2025-02-23T12:48:00Z
S01617	W0005107	618	2025-02-08T04:58:00Z
S01617	W0005108	718	2025-02-18T16:54:00Z
S01617	W0005109	674	2025-02-12T04:16:00Z
S01617	W0005110	1533	2025-02-28T01:09:00Z
S01617	W0005111	817	2025-02-21T21:36:00Z
S00876	W0005112	402	2025-02-16T14:35:00Z
S00876	W0005113	1213	2025-02-09T15:07:00Z
S00876	W0005114	771	2025-02-09T06:03:00Z
S00876	W0005115	52	2025-02-14T19:02:00Z
S00876	W0005116	1560	2025-02-16T02:42:00Z
S00876	W0005117	1136	2025-02-10T15:43:00Z
S00876	W0005118	1129	2025-02-19T02:31:00Z
S00876	W0005119	92	2025-02-11T17:59:00Z
S00876	W0005120	1089	2025-02-05T07:35:00Z
S00876	W0005121	1753	2025-02-03T14:21:00Z
S00876	W0005122	374	2025-02-25T19:46:00Z
S00876	W0005123	865	2025-02-25T04:01:00Z
S00876	W0005124	1160	2025-02-15T11:57:00Z
S00876	W0005125	329	2025-02-23T09:27:00Z
S00876	W0005126	359	2025-02-05T07:34:00Z
S00876	W0005127	1435	2025-02-18T01:55:00Z
S00876	W0005128	349	2025-02-11T13:15:00Z
S00876	W0005129	753	2025-02-21T12:28:00Z
S00876	W0005130	485	2025-02-03T20:24:00Z
S00876	W0005131	1495	2025-02-13T12:49:00Z
S00876	W0005132	477	2025-02-15T05:09:00Z
S00876	W0005133	673	2025-02-07T02:48:00Z
S00876	W0005134	1600	2025-02-11T23:53:00Z
S00876	W0005135	522	2025-02-23T05:38:00Z
S00876	W0005136	212	2025-02-13T20:44:00Z
S00876	W0005137	274	2025-02-07T01:58:00Z
S00876	W0005138	1369	2025-02-06T16:05:00Z
S00876	W0005139	1789	2025-02-05T21:29:00Z
S00876	W0005140	1526	2025-02-26T01:18:00Z
S01172	W0005141	577	2025-02-09T09:59:00Z
S01172	W0005142	993	2025-02-05T02:35:00Z
S01172	W0005143	774	2025-02-19T15:13:00Z
S01172	W0005144	260	2025-02-13T06:12:00Z
S01172	W0005145	1392	2025-02-21T16:32:00Z
S01172	W0005146	477	2025-02-20T17:20:00Z
S01172	W0005147	384	2025-02-04T07:02:00Z
S01172	W0005148	253	2025-02-17T15:02:00Z
S01172	W0005149	1143	2025-02-15T11:37:00Z
S01172	W0005150	1617	2025-02-28T08:14:00Z
S01172	W0005151	1067	2025-02-18T07:24:00Z
S01172	W0005152	1224	2025-02-13T17:27:00Z
S01172	W0005153	212	2025-02-02T04:34:00Z
S01172	W0005154	1509	2025-02-18T08:28:00Z
S01172	W0005155	1382	2025-02-27T03:00:00Z
S01172	W0005156	893	2025-02-18T17:40:00Z
S01172	W0005157	865	2025-02-24T21:59:00Z
S01172	W0005158	541	2025-02-14T07:34:00Z
S00407	W0005159	1753	2025-02-08T18:45:00Z
S00407	W0005160	1133	2025-02-27T11:15:00Z
S00407	W0005161	1022	2025-02-05T12:22:00Z
S00407	W0005162	1354	2025-02-22T01:24:00Z
S00407	W0005163	67	2025-02-05T03:31:00Z
S00407	W0005164	1268	2025-02-18T10:22:00Z
S01290	W0005165	776	2025-02-14T05:32:00Z
S01290	W0005166	712	2025-02-18T06:37:00Z
S01290	W0005167	1217	2025-02-11T15:05:00Z
S01290	W0005168	1105	2025-02-05T22:06:00Z
S01290	W0005169	274	2025-02-17T10:02:00Z
S01161	W0005170	967	2025-02-16T03:16:00Z
S01161	W0005171	926	2025-02-25T12:30:00Z
S01161	W0005172	1719	2025-02-19T03:47:00Z
S01161	W0005173	1427	2025-02-13T18:59:00Z
S01161	W0005174	595	2025-02-14T04:45:00Z
S01161	W0005175	78	2025-02-15T01:58:00Z
S01161	W0005176	1293	2025-02-27T08:46:00Z
S01161	W0005177	1083	2025-02-04T04:13:00Z
S01161	W0005178	655	2025-02-01T10:46:00Z
S01161	W0005179	1281	2025-02-16T05:21:00Z
S01161	W0005180	1278	2025-02-25T21:34:00Z
S01161	W0005181	431	2025-02-12T13:54:00Z
S01161	W0005182	224	2025-02-23T19:19:00Z
S01161	W0005183	1675	2025-02-07T02:53:00Z
S01161	W0005184	1296	2025-02-15T20:57:00Z
S01161	W0005185	273	2025-02-26T00:20:00Z
S01161	W0005186	1248	2025-02-13T08:44:00Z
S01161	W0005187	1796	2025-02-20T02:26:00Z
S01161	W0005188	1576	2025-02-11T20:51:00Z
S01161	W0005189	1458	2025-02-02T02:29:00Z
S01161	W0005190	1231	2025-02-22T21:46:00Z
S01161	W0005191	390	2025-02-13T19:07:00Z
S01161	W0005192	1024	2025-02-15T22:17:00Z
S01161	W0005193	1735	2025-02-17T01:00:00Z
S01161	W0005194	1186	2025-02-13T23:39:00Z
S01161	W0005195	1383	2025-02-17T07:07:00Z
S01161	W0005196	1626	2025-02-16T17:43:00Z
S01161	W0005197	792	2025-02-06T01:18:00Z
S00498	W0005198	219	2025-02-24T15:31:00Z
S00498	W0005199	538	2025-02-04T06:58:00Z
S00498	W0005200	1353	2025-02-09T20:21:00Z
S00498	W0005201	1444	2025-02-25T17:15:00Z
S00498	W0005202	284	2025-02-12T03:54:00Z
S00498	W0005203	1767	2025-02-04T02:33:00Z
S00498	W0005204	1012	2025-02-08T07:38:00Z
S00498	W0005205	1466	2025-02-28T23:51:00Z
S00498	W0005206	363	2025-02-14T13:44:00Z
S00498	W0005207	1463	2025-02-27T04:37:00Z
S00498	W0005208	307	2025-02-27T21:02:00Z
S00498	W0005209	1192	2025-02-08T17:12:00Z
S00498	W0005210	1256	2025-02-20T16:26:00Z
S00498	W0005211	1251	2025-02-16T11:03:00Z
S00498	W0005212	1224	2025-02-27T19:50:00Z
S00498	W0005213	959	2025-02-14T09:37:00Z
S00498	W0005214	1790	2025-02-28T17:55:00Z
S00498	W0005215	793	2025-02-02T10:39:00Z
S00498	W0005216	1638	2025-02-04T09:38:00Z
S00498	W0005217	725	2025-02-05T05:03:00Z
S00498	W0005218	1046	2025-02-09T21:09:00Z
S00498	W0005219	49	2025-02-19T12:48:00Z
S00498	W0005220	1110	2025-02-25T05:32:00Z
S00498	W0005221	1394	2025-02-07T20:00:00Z
S00498	W0005222	656	2025-02-01T06:48:00Z
S00498	W0005223	441	2025-02-09T01:00:00Z
S00498	W0005224	1308	2025-02-18T16:32:00Z
S00498	W0005225	451	2025-02-12T17:02:00Z
S00498	W0005226	1179	2025-02-21T04:12:00Z
S00498	W0005227	1032	2025-02-25T11:47:00Z
S01251	W0005228	980	2025-02-15T19:18:00Z
S01251	W0005229	1569	2025-02-17T01:49:00Z
S01251	W0005230	1793	2025-02-14T06:45:00Z
S01251	W0005231	779	2025-02-03T06:47:00Z
S01251	W0005232	1317	2025-02-06T05:55:00Z
S01251	W0005233	1574	2025-02-02T19:20:00Z
S01251	W0005234	1694	2025-02-18T19:24:00Z
S01251	W0005235	683	2025-02-10T21:17:00Z
S01251	W0005236	572	2025-02-01T08:35:00Z
S01251	W0005237	1395	2025-02-09T21:42:00Z
S01251	W0005238	672	2025-02-25T10:43:00Z
S01251	W0005239	131	2025-02-15T18:43:00Z
S01251	W0005240	1288	2025-02-15T19:20:00Z
S01251	W0005241	798	2025-02-02T06:34:00Z
S01251	W0005242	635	2025-02-13T02:34:00Z
S01251	W0005243	331	2025-02-19T14:08:00Z
S01251	W0005244	1541	2025-02-10T07:17:00Z
S01251	W0005245	786	2025-02-20T18:00:00Z
S01251	W0005246	239	2025-02-12T15:46:00Z
S01047	W0005247	171	2025-02-18T12:36:00Z
S01047	W0005248	1198	2025-02-04T21:32:00Z
S01047	W0005249	957	2025-02-22T10:02:00Z
S01047	W0005250	1777	2025-02-07T13:38:00Z
S01047	W0005251	632	2025-02-14T08:06:00Z
S01047	W0005252	647	2025-02-12T03:21:00Z
S01047	W0005253	1494	2025-02-04T22:43:00Z
S01047	W0005254	405	2025-02-20T23:33:00Z
S01047	W0005255	1242	2025-02-13T21:22:00Z
S01047	W0005256	1317	2025-02-09T05:00:00Z
S01047	W0005257	625	2025-02-25T16:20:00Z
S01047	W0005258	866	2025-02-27T20:36:00Z
S01047	W0005259	1305	2025-02-27T07:05:00Z
S01047	W0005260	1684	2025-02-20T03:46:00Z
S01047	W0005261	1678	2025-02-17T22:31:00Z
S01047	W0005262	726	2025-02-25T19:17:00Z
S00307	W0005263	516	2025-02-18T06:44:00Z
S00307	W0005264	1642	2025-02-26T23:14:00Z
S00307	W0005265	543	2025-02-18T00:09:00Z
S00307	W0005266	72	2025-02-14T16:03:00Z
S00307	W0005267	42	2025-02-28T23:42:00Z
S00307	W0005268	860	2025-02-14T06:09:00Z
S00307	W0005269	861	2025-02-21T09:06:00Z
S00307	W0005270	1387	2025-02-05T12:59:00Z
S00307	W0005271	133	2025-02-28T08:29:00Z
S00307	W0005272	1562	2025-02-16T18:52:00Z
S00307	W0005273	1510	2025-02-28T05:44:00Z
S00307	W0005274	228	2025-02-17T02:24:00Z
S00307	W0005275	1250	2025-02-11T19:04:00Z
S00307	W0005276	1053	2025-02-14T19:24:00Z
S00307	W0005277	377	2025-02-21T21:00:00Z
S00203	W0005278	597	2025-02-01T01:30:00Z
S00203	W0005279	651	2025-02-03T08:19:00Z
S00203	W0005280	220	2025-02-01T12:03:00Z
S00203	W0005281	1187	2025-02-13T19:56:00Z
S00203	W0005282	1752	2025-02-05T22:26:00Z
S00203	W0005283	244	2025-02-04T11:51:00Z
S00203	W0005284	1679	2025-02-10T01:02:00Z
S00203	W0005285	1659	2025-02-16T04:06:00Z
S00203	W0005286	993	2025-02-04T01:31:00Z
S00203	W0005287	1379	2025-02-27T22:16:00Z
S00203	W0005288	1097	2025-02-21T23:27:00Z
S00203	W0005289	609	2025-02-03T02:51:00Z
S00203	W0005290	128	2025-02-01T01:38:00Z
S00203	W0005291	1474	2025-02-08T07:52:00Z
S00689	W0005292	235	2025-02-22T08:30:00Z
S00689	W0005293	631	2025-02-03T10:33:00Z
S00689	W0005294	461	2025-02-12T19:21:00Z
S00689	W0005295	820	2025-02-01T16:55:00Z
S00689	W0005296	1465	2025-02-25T05:08:00Z
S00689	W0005297	1352	2025-02-22T10:17:00Z
S00689	W0005298	802	2025-02-21T14:32:00Z
S00689	W0005299	1090	2025-02-20T14:39:00Z
S00689	W0005300	1266	2025-02-18T11:58:00Z
S00689	W0005301	693	2025-02-03T09:25:00Z
S00689	W0005302	658	2025-02-03T09:28:00Z
S00689	W0005303	735	2025-02-06T21:38:00Z
S00689	W0005304	1152	2025-02-08T14:09:00Z
S00689	W0005305	1655	2025-02-22T10:31:00Z
S00689	W0005306	453	2025-02-06T02:43:00Z
S00098	W0005307	589	2025-02-21T23:29:00Z
S00098	W0005308	1399	2025-02-25T01:07:00Z
S00098	W0005309	1036	2025-02-25T13:38:00Z
S00098	W0005310	1097	2025-02-12T10:54:00Z
S00098	W0005311	1353	2025-02-13T05:45:00Z
S00098	W0005312	1681	2025-02-15T09:43:00Z
S00098	W0005313	821	2025-02-04T08:44:00Z
S00098	W0005314	1466	2025-02-11T04:42:00Z
S00098	W0005315	761	2025-02-24T13:34:00Z
S00098	W0005316	258	2025-02-12T13:04:00Z
S00098	W0005317	641	2025-02-23T08:16:00Z
S00098	W0005318	160	2025-02-15T04:18:00Z
S00098	W0005319	1612	2025-02-26T10:06:00Z
S00098	W0005320	246	2025-02-18T03:17:00Z
S00098	W0005321	1529	2025-02-05T14:34:00Z
S00098	W0005322	1171	2025-02-15T20:53:00Z
S00098	W0005323	969	2025-02-03T18:01:00Z
S00098	W0005324	450	2025-02-18T00:46:00Z
S00098	W0005325	314	2025-02-02T12:34:00Z
S00098	W0005326	810	2025-02-27T19:28:00Z
S00098	W0005327	1407	2025-02-01T06:36:00Z
S00098	W0005328	1715	2025-02-17T18:29:00Z
S00098	W0005329	637	2025-02-14T08:36:00Z
S00098	W0005330	1074	2025-02-09T07:50:00Z
S00098	W0005331	994	2025-02-02T01:09:00Z
S00098	W0005332	1227	2025-02-13T22:10:00Z
S00098	W0005333	1680	2025-02-24T06:16:00Z
S00098	W0005334	574	2025-02-02T21:27:00Z
S00098	W0005335	1689	2025-02-07T06:04:00Z
S01926	W0005336	1641	2025-02-21T21:53:00Z
S01926	W0005337	1313	2025-02-12T17:51:00Z
S01926	W0005338	393	2025-02-13T06:47:00Z
S01926	W0005339	853	2025-02-28T12:28:00Z
S01926	W0005340	212	2025-02-13T14:09:00Z
S01926	W0005341	1005	2025-02-04T15:36:00Z
S01926	W0005342	572	2025-02-08T01:26:00Z
S01926	W0005343	429	2025-02-25T16:46:00Z
S01926	W0005344	1464	2025-02-17T21:47:00Z
S01926	W0005345	1440	2025-02-04T23:34:00Z
S01926	W0005346	1399	2025-02-24T07:04:00Z
S01926	W0005347	67	2025-02-03T17:04:00Z
S01926	W0005348	1202	2025-02-22T00:56:00Z
S01926	W0005349	1080	2025-02-15T11:14:00Z
S01926	W0005350	1277	2025-02-23T01:24:00Z
S01926	W0005351	1778	2025-02-22T06:08:00Z
S01926	W0005352	879	2025-02-01T02:06:00Z
S01926	W0005353	1652	2025-02-21T18:53:00Z
S01926	W0005354	878	2025-02-25T10:35:00Z
S01926	W0005355	715	2025-02-09T07:31:00Z
S01926	W0005356	749	2025-02-09T05:34:00Z
S01926	W0005357	329	2025-02-26T16:06:00Z
S01926	W0005358	1714	2025-02-07T06:52:00Z
S01926	W0005359	433	2025-02-01T04:29:00Z
S01926	W0005360	1766	2025-02-07T13:49:00Z
S01926	W0005361	1139	2025-02-01T21:14:00Z
S01926	W0005362	443	2025-02-12T15:59:00Z
S00936	W0005363	741	2025-02-01T07:28:00Z
S00936	W0005364	1789	2025-02-06T04:43:00Z
S00936	W0005365	442	2025-02-09T19:45:00Z
S00936	W0005366	1500	2025-02-02T22:41:00Z
S00936	W0005367	1107	2025-02-22T14:38:00Z
S00936	W0005368	1637	2025-02-10T15:22:00Z
S00936	W0005369	734	2025-02-01T17:45:00Z
S00936	W0005370	1024	2025-02-22T01:11:00Z
S00936	W0005371	892	2025-02-26T15:52:00Z
S00936	W0005372	478	2025-02-01T10:40:00Z
S00936	W0005373	658	2025-02-18T22:17:00Z
S00936	W0005374	654	2025-02-18T20:52:00Z
S00936	W0005375	1497	2025-02-23T04:57:00Z
S00936	W0005376	186	2025-02-10T04:10:00Z
S00936	W0005377	91	2025-02-28T17:29:00Z
S00936	W0005378	1416	2025-02-13T17:28:00Z
S00936	W0005379	546	2025-02-22T21:24:00Z
S00936	W0005380	1534	2025-02-09T02:01:00Z
S00936	W0005381	696	2025-02-01T21:42:00Z
S01960	W0005382	1798	2025-02-10T01:26:00Z
S01960	W0005383	1099	2025-02-01T06:14:00Z
S01960	W0005384	1370	2025-02-18T06:54:00Z
S01960	W0005385	336	2025-02-08T19:00:00Z
S01960	W0005386	609	2025-02-18T14:22:00Z
S01960	W0005387	580	2025-02-15T13:04:00Z
S01960	W0005388	125	2025-02-11T14:00:00Z
S01960	W0005389	1423	2025-02-15T21:01:00Z
S01960	W0005390	1179	2025-02-15T14:58:00Z
S01960	W0005391	1762	2025-02-27T21:53:00Z
S01960	W0005392	1379	2025-02-11T15:30:00Z
S01960	W0005393	997	2025-02-27T16:32:00Z
S01960	W0005394	1399	2025-02-24T01:52:00Z
S01960	W0005395	653	2025-02-02T02:15:00Z
S01960	W0005396	1520	2025-02-06T00:38:00Z
S01960	W0005397	1029	2025-02-18T22:30:00Z
S01960	W0005398	976	2025-02-14T06:26:00Z
S01960	W0005399	1474	2025-02-01T04:31:00Z
S01960	W0005400	1310	2025-02-24T00:53:00Z
S01960	W0005401	1367	2025-02-14T01:39:00Z
S01960	W0005402	813	2025-02-04T23:20:00Z
S01548	W0005403	108	2025-02-16T16:45:00Z
S01548	W0005404	840	2025-02-02T16:20:00Z
S01548	W0005405	1523	2025-02-20T16:56:00Z
S01548	W0005406	1017	2025-02-16T10:32:00Z
S01548	W0005407	1162	2025-02-16T01:42:00Z
S01548	W0005408	134	2025-02-23T02:07:00Z
S01548	W0005409	630	2025-02-14T17:38:00Z
S01548	W0005410	1449	2025-02-19T20:23:00Z
S01548	W0005411	1754	2025-02-11T20:51:00Z
S01548	W0005412	284	2025-02-12T06:02:00Z
S01548	W0005413	1368	2025-02-10T22:23:00Z
S01548	W0005414	1562	2025-02-05T10:52:00Z
S01548	W0005415	180	2025-02-28T00:00:00Z
S01548	W0005416	135	2025-02-20T07:57:00Z
S01548	W0005417	1054	2025-02-23T21:25:00Z
S01548	W0005418	903	2025-02-05T15:34:00Z
S01548	W0005419	1155	2025-02-22T14:34:00Z
S01548	W0005420	322	2025-02-24T20:02:00Z
S01548	W0005421	1219	2025-02-16T02:53:00Z
S01947	W0005422	1730	2025-02-23T06:22:00Z
S01947	W0005423	1316	2025-02-06T04:06:00Z
S01947	W0005424	947	2025-02-18T03:01:00Z
S01947	W0005425	198	2025-02-15T06:39:00Z
S01947	W0005426	1770	2025-02-02T01:52:00Z
S01947	W0005427	1630	2025-02-22T19:26:00Z
S01947	W0005428	570	2025-02-16T00:45:00Z
S01947	W0005429	366	2025-02-14T03:38:00Z
S01947	W0005430	784	2025-02-20T11:03:00Z
S01947	W0005431	1032	2025-02-05T16:59:00Z
S01947	W0005432	1081	2025-02-24T06:32:00Z
S01947	W0005433	1311	2025-02-17T20:05:00Z
S01947	W0005434	1436	2025-02-10T00:03:00Z
S01947	W0005435	1294	2025-02-10T01:23:00Z
S01947	W0005436	856	2025-02-26T12:36:00Z
S01947	W0005437	206	2025-02-03T09:46:00Z
S01947	W0005438	1292	2025-02-28T05:48:00Z
S01947	W0005439	626	2025-02-17T02:11:00Z
S01947	W0005440	288	2025-02-06T18:36:00Z
S01947	W0005441	1584	2025-02-13T15:39:00Z
S01037	W0005442	297	2025-02-04T11:36:00Z
S01037	W0005443	1108	2025-02-06T20:37:00Z
S01037	W0005444	1519	2025-02-13T00:35:00Z
S01037	W0005445	1041	2025-02-23T13:34:00Z
S01037	W0005446	1294	2025-02-17T04:46:00Z
S01037	W0005447	956	2025-02-10T22:58:00Z
S01037	W0005448	1680	2025-02-15T22:33:00Z
S01037	W0005449	481	2025-02-05T22:41:00Z
S01037	W0005450	1369	2025-02-22T22:52:00Z
S01037	W0005451	1268	2025-02-07T13:17:00Z
S01037	W0005452	1307	2025-02-08T08:00:00Z
S01037	W0005453	718	2025-02-26T02:12:00Z
S01037	W0005454	1073	2025-02-17T17:10:00Z
S01037	W0005455	60	2025-02-04T18:33:00Z
S01037	W0005456	737	2025-02-27T05:54:00Z
S01037	W0005457	918	2025-02-06T17:34:00Z
S01037	W0005458	1153	2025-02-28T20:15:00Z
S01037	W0005459	714	2025-02-18T00:28:00Z
S01037	W0005460	1562	2025-02-18T20:06:00Z
S01037	W0005461	938	2025-02-10T15:24:00Z
S01037	W0005462	201	2025-02-19T12:54:00Z
S01827	W0005463	1484	2025-02-26T08:01:00Z
S01827	W0005464	1212	2025-02-02T21:16:00Z
S01827	W0005465	1591	2025-02-07T04:40:00Z
S01827	W0005466	267	2025-02-05T17:42:00Z
S01827	W0005467	1075	2025-02-09T12:32:00Z
S01827	W0005468	698	2025-02-09T03:59:00Z
S01827	W0005469	110	2025-02-27T21:49:00Z
S01827	W0005470	1678	2025-02-26T13:47:00Z
S01827	W0005471	1110	2025-02-28T11:15:00Z
S01827	W0005472	685	2025-02-03T07:37:00Z
S01827	W0005473	1580	2025-02-01T07:37:00Z
S01827	W0005474	438	2025-02-14T00:30:00Z
S01827	W0005475	1367	2025-02-03T10:57:00Z
S01827	W0005476	221	2025-02-22T15:51:00Z
S01827	W0005477	404	2025-02-25T17:45:00Z
S01827	W0005478	877	2025-02-11T06:17:00Z
S01827	W0005479	46	2025-02-13T09:05:00Z
S01827	W0005480	937	2025-02-15T01:50:00Z
S01827	W0005481	1511	2025-02-02T16:13:00Z
S01827	W0005482	632	2025-02-28T14:02:00Z
S01827	W0005483	33	2025-02-19T14:09:00Z
S01827	W0005484	615	2025-02-25T17:23:00Z
S01827	W0005485	718	2025-02-20T02:17:00Z
S01827	W0005486	272	2025-02-04T15:02:00Z
S01827	W0005487	229	2025-02-20T10:01:00Z
S01827	W0005488	492	2025-02-13T02:41:00Z
S01827	W0005489	542	2025-02-01T05:42:00Z
S01827	W0005490	647	2025-02-22T16:56:00Z
S01827	W0005491	1525	2025-02-26T13:15:00Z
S01827	W0005492	1648	2025-02-13T02:09:00Z
S00157	W0005493	1222	2025-02-13T07:43:00Z
S00157	W0005494	1723	2025-02-27T12:13:00Z
S00157	W0005495	1031	2025-02-09T20:22:00Z
S00157	W0005496	277	2025-02-24T22:11:00Z
S00157	W0005497	280	2025-02-14T20:39:00Z
S00157	W0005498	841	2025-02-19T08:27:00Z
S00157	W0005499	685	2025-02-17T10:16:00Z
S00157	W0005500	346	2025-02-22T22:14:00Z
S00157	W0005501	554	2025-02-22T20:31:00Z
S00157	W0005502	1159	2025-02-02T09:25:00Z
S00157	W0005503	337	2025-02-13T22:24:00Z
S00157	W0005504	358	2025-02-17T02:21:00Z
S00157	W0005505	235	2025-02-18T19:47:00Z
S00157	W0005506	1118	2025-02-28T19:25:00Z
S00593	W0005507	1319	2025-02-23T04:08:00Z
S00593	W0005508	1118	2025-02-20T18:05:00Z
S00593	W0005509	636	2025-02-26T12:35:00Z
S00593	W0005510	539	2025-02-25T05:20:00Z
S00593	W0005511	1105	2025-02-27T01:32:00Z
S00593	W0005512	1401	2025-02-06T00:11:00Z
S01523	W0005513	1551	2025-02-09T21:15:00Z
S01523	W0005514	1473	2025-02-12T08:45:00Z
S01523	W0005515	28	2025-02-05T18:46:00Z
S01523	W0005516	477	2025-02-06T20:04:00Z
S01523	W0005517	229	2025-02-25T10:08:00Z
S01523	W0005518	418	2025-02-02T19:10:00Z
S01523	W0005519	370	2025-02-10T09:04:00Z
S01523	W0005520	1601	2025-02-09T07:49:00Z
S01523	W0005521	657	2025-02-13T12:15:00Z
S01523	W0005522	819	2025-02-27T07:39:00Z
S01523	W0005523	1103	2025-02-22T07:24:00Z
S01523	W0005524	783	2025-02-11T06:24:00Z
S01523	W0005525	1554	2025-02-28T19:54:00Z
S01523	W0005526	1559	2025-02-27T18:35:00Z
S01523	W0005527	79	2025-02-07T05:52:00Z
S01523	W0005528	1139	2025-02-06T06:33:00Z
S01523	W0005529	914	2025-02-16T05:20:00Z
S01523	W0005530	540	2025-02-28T01:51:00Z
S01296	W0005531	1352	2025-02-26T15:52:00Z
S01296	W0005532	773	2025-02-04T05:38:00Z
S01296	W0005533	944	2025-02-23T10:52:00Z
S01296	W0005534	879	2025-02-08T02:24:00Z
S01296	W0005535	924	2025-02-17T18:59:00Z
S01296	W0005536	1775	2025-02-06T11:13:00Z
S01296	W0005537	1482	2025-02-10T05:56:00Z
S01264	W0005538	192	2025-02-24T17:49:00Z
S01264	W0005539	932	2025-02-05T03:14:00Z
S01264	W0005540	577	2025-02-09T07:06:00Z
S01264	W0005541	1338	2025-02-25T07:49:00Z
S01264	W0005542	1773	2025-02-21T11:24:00Z
S01264	W0005543	1708	2025-02-18T21:40:00Z
S01264	W0005544	51	2025-02-23T07:36:00Z
S01264	W0005545	1100	2025-02-13T01:31:00Z
S01264	W0005546	1128	2025-02-26T18:29:00Z
S01264	W0005547	115	2025-02-02T13:33:00Z
S01264	W0005548	1074	2025-02-01T00:41:00Z
S01264	W0005549	351	2025-02-11T13:15:00Z
S01264	W0005550	1450	2025-02-19T01:13:00Z
S01264	W0005551	828	2025-02-18T22:15:00Z
S01264	W0005552	125	2025-02-15T05:06:00Z
S01264	W0005553	1608	2025-02-19T05:44:00Z
S01264	W0005554	1012	2025-02-12T15:41:00Z
S01264	W0005555	706	2025-02-16T08:38:00Z
S01264	W0005556	1251	2025-02-18T21:31:00Z
S01264	W0005557	45	2025-02-18T02:59:00Z
S01264	W0005558	1625	2025-02-13T12:24:00Z
S01264	W0005559	1167	2025-02-16T05:45:00Z
S01264	W0005560	1224	2025-02-07T07:55:00Z
S01264	W0005561	1489	2025-02-15T01:45:00Z
S00542	W0005562	88	2025-02-10T01:46:00Z
S00542	W0005563	174	2025-02-13T03:37:00Z
S00542	W0005564	102	2025-02-02T04:23:00Z
S00542	W0005565	1361	2025-02-15T06:11:00Z
S00542	W0005566	1400	2025-02-12T02:17:00Z
S00542	W0005567	1159	2025-02-04T16:49:00Z
S00542	W0005568	533	2025-02-22T19:30:00Z
S00542	W0005569	711	2025-02-26T11:42:00Z
S00542	W0005570	1040	2025-02-17T19:15:00Z
S00542	W0005571	741	2025-02-16T18:36:00Z
S00542	W0005572	1340	2025-02-22T05:22:00Z
S00542	W0005573	1051	2025-02-10T14:27:00Z
S00542	W0005574	108	2025-02-08T14:12:00Z
S00542	W0005575	637	2025-02-01T17:55:00Z
S00542	W0005576	1678	2025-02-21T07:06:00Z
S00542	W0005577	667	2025-02-15T05:09:00Z
S00542	W0005578	591	2025-02-08T01:49:00Z
S00542	W0005579	1682	2025-02-22T05:43:00Z
S00542	W0005580	204	2025-02-08T22:16:00Z
S00542	W0005581	1241	2025-02-14T13:53:00Z
S00542	W0005582	589	2025-02-25T20:57:00Z
S00542	W0005583	1171	2025-02-22T23:46:00Z
S00542	W0005584	779	2025-02-16T16:42:00Z
S00542	W0005585	700	2025-02-26T19:19:00Z
S00542	W0005586	483	2025-02-21T02:03:00Z
S00542	W0005587	1078	2025-02-08T23:35:00Z
S00542	W0005588	1556	2025-02-25T09:49:00Z
S00542	W0005589	1527	2025-02-13T02:43:00Z
S00542	W0005590	963	2025-02-08T23:55:00Z
S00542	W0005591	656	2025-02-22T00:18:00Z
S01513	W0005592	1248	2025-02-07T20:01:00Z
S01513	W0005593	525	2025-02-20T07:23:00Z
S01513	W0005594	1702	2025-02-19T15:47:00Z
S01513	W0005595	957	2025-02-02T20:18:00Z
S01513	W0005596	235	2025-02-06T12:39:00Z
S01513	W0005597	1046	2025-02-26T21:17:00Z
S01513	W0005598	978	2025-02-19T21:13:00Z
S01513	W0005599	34	2025-02-26T11:50:00Z
S01513	W0005600	213	2025-02-18T13:20:00Z
S01513	W0005601	946	2025-02-01T15:24:00Z
S01513	W0005602	468	2025-02-10T02:06:00Z
S01513	W0005603	1187	2025-02-18T06:46:00Z
S01513	W0005604	1394	2025-02-20T16:53:00Z
S01513	W0005605	198	2025-02-04T00:54:00Z
S01513	W0005606	1212	2025-02-26T01:58:00Z
S01513	W0005607	779	2025-02-13T23:57:00Z
S01513	W0005608	1790	2025-02-18T23:23:00Z
S01513	W0005609	758	2025-02-19T18:18:00Z
S01513	W0005610	1367	2025-02-08T10:36:00Z
S01513	W0005611	163	2025-02-11T10:05:00Z
S00038	W0005612	115	2025-02-25T04:58:00Z
S00038	W0005613	34	2025-02-25T09:38:00Z
S00038	W0005614	839	2025-02-17T15:33:00Z
S00038	W0005615	597	2025-02-04T08:14:00Z
S00038	W0005616	405	2025-02-14T18:06:00Z
S00038	W0005617	1636	2025-02-11T06:14:00Z
S00038	W0005618	1487	2025-02-07T15:17:00Z
S00038	W0005619	1133	2025-02-05T05:33:00Z
S00038	W0005620	381	2025-02-21T04:16:00Z
S00038	W0005621	215	2025-02-25T10:32:00Z
S00038	W0005622	1152	2025-02-10T16:51:00Z
S00038	W0005623	816	2025-02-26T17:57:00Z
S00038	W0005624	1397	2025-02-27T19:54:00Z
S01867	W0005625	1289	2025-02-14T01:50:00Z
S01867	W0005626	787	2025-02-01T07:38:00Z
S01867	W0005627	658	2025-02-16T15:43:00Z
S01867	W0005628	1703	2025-02-20T20:50:00Z
S01867	W0005629	1679	2025-02-07T14:38:00Z
S01867	W0005630	1050	2025-02-04T12:48:00Z
S01867	W0005631	1295	2025-02-20T23:02:00Z
S01867	W0005632	1053	2025-02-04T08:42:00Z
S01867	W0005633	503	2025-02-15T21:57:00Z
S01867	W0005634	281	2025-02-03T17:47:00Z
S01867	W0005635	1067	2025-02-17T19:46:00Z
S01867	W0005636	1369	2025-02-16T14:29:00Z
S01867	W0005637	1681	2025-02-28T20:45:00Z
S01867	W0005638	1397	2025-02-02T10:16:00Z
S01867	W0005639	1692	2025-02-04T05:01:00Z
S01867	W0005640	47	2025-02-21T01:25:00Z
S01867	W0005641	1042	2025-02-01T17:46:00Z
S01867	W0005642	657	2025-02-28T02:38:00Z
S01867	W0005643	556	2025-02-15T18:38:00Z
S01867	W0005644	1096	2025-02-15T14:40:00Z
S01867	W0005645	692	2025-02-17T10:17:00Z
S01867	W0005646	65	2025-02-05T22:40:00Z
S01867	W0005647	869	2025-02-08T21:43:00Z
S01867	W0005648	399	2025-02-11T21:44:00Z
S01867	W0005649	326	2025-02-28T15:59:00Z
S01187	W0005650	778	2025-02-14T15:48:00Z
S01187	W0005651	772	2025-02-28T00:02:00Z
S01187	W0005652	411	2025-02-07T07:27:00Z
S01187	W0005653	1469	2025-02-11T19:23:00Z
S01728	W0005654	1387	2025-02-09T16:00:00Z
S01728	W0005655	1470	2025-02-14T03:52:00Z
S01728	W0005656	1536	2025-02-08T16:47:00Z
S01728	W0005657	1318	2025-02-14T20:14:00Z
S01728	W0005658	1016	2025-02-11T20:07:00Z
S01728	W0005659	902	2025-02-13T17:33:00Z
S01728	W0005660	452	2025-02-22T19:54:00Z
S01728	W0005661	1047	2025-02-17T07:58:00Z
S01728	W0005662	1090	2025-02-02T06:49:00Z
S01728	W0005663	556	2025-02-07T08:58:00Z
S01728	W0005664	394	2025-02-19T01:44:00Z
S01728	W0005665	343	2025-02-28T18:04:00Z
S01728	W0005666	852	2025-02-24T02:58:00Z
S01728	W0005667	315	2025-02-09T08:06:00Z
S01728	W0005668	336	2025-02-26T15:36:00Z
S01728	W0005669	1099	2025-02-14T10:59:00Z
S01728	W0005670	1374	2025-02-07T18:38:00Z
S01728	W0005671	1692	2025-02-11T15:13:00Z
S01728	W0005672	1126	2025-02-10T07:29:00Z
S01728	W0005673	1639	2025-02-22T11:24:00Z
S01728	W0005674	301	2025-02-17T00:43:00Z
S01728	W0005675	456	2025-02-06T17:23:00Z
S01728	W0005676	822	2025-02-08T23:19:00Z
S01728	W0005677	878	2025-02-10T05:36:00Z
S01751	W0005678	1688	2025-02-15T03:51:00Z
S01751	W0005679	109	2025-02-10T23:13:00Z
S01751	W0005680	1596	2025-02-03T18:42:00Z
S01751	W0005681	930	2025-02-07T00:54:00Z
S01751	W0005682	1220	2025-02-27T03:39:00Z
S01751	W0005683	314	2025-02-05T03:14:00Z
S01751	W0005684	368	2025-02-25T03:24:00Z
S01751	W0005685	455	2025-02-07T03:14:00Z
S01751	W0005686	418	2025-02-28T14:40:00Z
S00164	W0005687	1554	2025-02-09T06:46:00Z
S00164	W0005688	1443	2025-02-24T06:32:00Z
S00164	W0005689	136	2025-02-03T14:08:00Z
S00164	W0005690	77	2025-02-09T13:43:00Z
S00164	W0005691	1102	2025-02-11T16:48:00Z
S00164	W0005692	1105	2025-02-22T08:31:00Z
S00164	W0005693	1667	2025-02-16T12:38:00Z
S00164	W0005694	1284	2025-02-26T23:23:00Z
S00164	W0005695	1064	2025-02-23T02:12:00Z
S00164	W0005696	1713	2025-02-06T09:08:00Z
S00164	W0005697	380	2025-02-12T05:04:00Z
S00164	W0005698	198	2025-02-21T18:11:00Z
S00164	W0005699	200	2025-02-03T22:29:00Z
S00164	W0005700	1309	2025-02-04T12:40:00Z
S00164	W0005701	1018	2025-02-06T19:49:00Z
S00164	W0005702	1270	2025-02-06T23:06:00Z
S00164	W0005703	1410	2025-02-28T05:24:00Z
S00164	W0005704	29	2025-02-22T05:57:00Z
S00164	W0005705	249	2025-02-20T16:15:00Z
S00164	W0005706	296	2025-02-12T17:29:00Z
S01835	W0005707	1337	2025-02-19T16:38:00Z
S01835	W0005708	1686	2025-02-27T21:29:00Z
S01835	W0005709	779	2025-02-24T17:56:00Z
S01835	W0005710	1017	2025-02-22T13:46:00Z
S01835	W0005711	1118	2025-02-04T06:43:00Z
S01835	W0005712	423	2025-02-07T03:48:00Z
S01835	W0005713	480	2025-02-23T13:03:00Z
S01835	W0005714	769	2025-02-07T08:27:00Z
S01835	W0005715	1011	2025-02-07T02:47:00Z
S01835	W0005716	44	2025-02-20T12:55:00Z
S01835	W0005717	685	2025-02-24T06:47:00Z
S01835	W0005718	565	2025-02-08T00:24:00Z
S01835	W0005719	1517	2025-02-23T00:45:00Z
S01835	W0005720	880	2025-02-05T00:49:00Z
S01835	W0005721	1288	2025-02-02T22:04:00Z
S01835	W0005722	1399	2025-02-20T01:41:00Z
S01835	W0005723	705	2025-02-03T20:10:00Z
S01835	W0005724	215	2025-02-07T11:56:00Z
S01835	W0005725	1244	2025-02-18T23:07:00Z
S01835	W0005726	149	2025-02-23T13:36:00Z
S01835	W0005727	1202	2025-02-28T11:24:00Z
S01835	W0005728	1007	2025-02-12T12:53:00Z
S01835	W0005729	612	2025-02-02T02:29:00Z
S01835	W0005730	1272	2025-02-19T13:04:00Z
S01835	W0005731	574	2025-02-04T21:57:00Z
S01835	W0005732	547	2025-02-14T07:19:00Z
S01814	W0005733	647	2025-02-22T23:31:00Z
S01814	W0005734	1139	2025-02-21T11:04:00Z
S01814	W0005735	1040	2025-02-23T20:57:00Z
S01814	W0005736	567	2025-02-23T00:01:00Z
S01814	W0005737	464	2025-02-07T03:03:00Z
S01814	W0005738	802	2025-02-01T23:45:00Z
S01814	W0005739	572	2025-02-24T08:23:00Z
S01814	W0005740	784	2025-02-25T16:29:00Z
S01814	W0005741	362	2025-02-25T12:21:00Z
S01814	W0005742	157	2025-02-20T13:36:00Z
S01814	W0005743	1341	2025-02-16T04:08:00Z
S01814	W0005744	691	2025-02-07T20:18:00Z
S01814	W0005745	909	2025-02-21T01:13:00Z
S00297	W0005746	1231	2025-02-09T11:40:00Z
S00297	W0005747	282	2025-02-16T08:04:00Z
S00297	W0005748	409	2025-02-05T13:43:00Z
S00297	W0005749	279	2025-02-01T18:17:00Z
S00297	W0005750	663	2025-02-16T20:23:00Z
S00297	W0005751	232	2025-02-27T12:30:00Z
S00297	W0005752	1473	2025-02-23T12:48:00Z
S00297	W0005753	766	2025-02-02T18:04:00Z
S00297	W0005754	204	2025-02-02T18:11:00Z
S00297	W0005755	193	2025-02-23T10:51:00Z
S00297	W0005756	759	2025-02-23T09:16:00Z
S00297	W0005757	809	2025-02-01T17:13:00Z
S00297	W0005758	1131	2025-02-02T08:18:00Z
S00297	W0005759	1352	2025-02-27T04:16:00Z
S00297	W0005760	948	2025-02-21T08:24:00Z
S00297	W0005761	1174	2025-02-10T14:43:00Z
S00297	W0005762	980	2025-02-27T01:58:00Z
S00297	W0005763	1665	2025-02-20T21:04:00Z
S00297	W0005764	1352	2025-02-09T14:03:00Z
S00297	W0005765	1120	2025-02-03T18:52:00Z
S00297	W0005766	1704	2025-02-09T18:06:00Z
S00297	W0005767	745	2025-02-26T15:31:00Z
S00503	W0005768	1024	2025-02-07T06:38:00Z
S00503	W0005769	1056	2025-02-15T11:27:00Z
S00503	W0005770	1016	2025-02-24T20:26:00Z
S00503	W0005771	31	2025-02-28T14:57:00Z
S00503	W0005772	349	2025-02-28T06:10:00Z
S00503	W0005773	1673	2025-02-27T11:22:00Z
S00503	W0005774	702	2025-02-26T11:13:00Z
S00503	W0005775	1600	2025-02-26T18:06:00Z
S00503	W0005776	1618	2025-02-10T07:30:00Z
S00503	W0005777	1557	2025-02-23T17:22:00Z
S00503	W0005778	112	2025-02-23T17:17:00Z
S00503	W0005779	999	2025-02-07T03:08:00Z
S00503	W0005780	941	2025-02-19T18:43:00Z
S00503	W0005781	1308	2025-02-17T12:10:00Z
S00503	W0005782	138	2025-02-21T07:14:00Z
S00503	W0005783	771	2025-02-06T07:51:00Z
S00503	W0005784	1639	2025-02-12T23:49:00Z
S00503	W0005785	1261	2025-02-06T11:42:00Z
S00503	W0005786	683	2025-02-09T13:58:00Z
S00503	W0005787	506	2025-02-08T14:56:00Z
S00503	W0005788	460	2025-02-07T07:42:00Z
S00503	W0005789	1759	2025-02-07T19:27:00Z
S00503	W0005790	903	2025-02-23T01:07:00Z
S00873	W0005791	1232	2025-02-16T13:07:00Z
S00873	W0005792	1465	2025-02-28T12:17:00Z
S00873	W0005793	444	2025-02-02T21:16:00Z
S00873	W0005794	377	2025-02-12T08:07:00Z
S01511	W0005795	1096	2025-02-11T03:39:00Z
S01511	W0005796	828	2025-02-20T15:22:00Z
S01511	W0005797	528	2025-02-06T01:24:00Z
S01511	W0005798	360	2025-02-21T15:57:00Z
S01511	W0005799	589	2025-02-24T21:17:00Z
S01511	W0005800	782	2025-02-05T17:19:00Z
S01511	W0005801	861	2025-02-07T23:36:00Z
S01511	W0005802	617	2025-02-03T09:08:00Z
S01511	W0005803	102	2025-02-16T13:21:00Z
S01511	W0005804	231	2025-02-11T01:12:00Z
S01511	W0005805	879	2025-02-21T12:09:00Z
S01511	W0005806	586	2025-02-09T15:40:00Z
S01511	W0005807	1784	2025-02-02T12:14:00Z
S01511	W0005808	385	2025-02-18T02:24:00Z
S01511	W0005809	947	2025-02-21T17:45:00Z
S01511	W0005810	1250	2025-02-15T00:02:00Z
S01511	W0005811	319	2025-02-16T20:28:00Z
S01511	W0005812	702	2025-02-02T18:04:00Z
S01511	W0005813	1687	2025-02-11T22:35:00Z
S01511	W0005814	1288	2025-02-25T12:54:00Z
S01511	W0005815	885	2025-02-11T14:23:00Z
S01511	W0005816	1563	2025-02-12T10:56:00Z
S01511	W0005817	894	2025-02-01T16:10:00Z
S01511	W0005818	703	2025-02-14T15:21:00Z
S01511	W0005819	1367	2025-02-10T21:55:00Z
S01511	W0005820	1273	2025-02-01T03:45:00Z
S01511	W0005821	189	2025-02-05T01:06:00Z
S01511	W0005822	1790	2025-02-03T16:04:00Z
S01511	W0005823	640	2025-02-12T12:50:00Z
S01003	W0005824	217	2025-02-03T16:52:00Z
S01003	W0005825	1246	2025-02-13T18:14:00Z
S01003	W0005826	283	2025-02-01T05:55:00Z
S01003	W0005827	21	2025-02-15T05:57:00Z
S01003	W0005828	1552	2025-02-20T19:38:00Z
S01003	W0005829	309	2025-02-02T05:31:00Z
S01003	W0005830	1462	2025-02-05T01:04:00Z
S01003	W0005831	391	2025-02-09T00:05:00Z
S01003	W0005832	595	2025-02-28T21:30:00Z
S01003	W0005833	1339	2025-02-20T11:19:00Z
S01003	W0005834	230	2025-02-11T03:16:00Z
S01003	W0005835	1484	2025-02-12T11:43:00Z
S01003	W0005836	351	2025-02-05T03:22:00Z
S01003	W0005837	1687	2025-02-25T01:35:00Z
S01003	W0005838	1368	2025-02-08T00:55:00Z
S01096	W0005839	1667	2025-02-14T00:12:00Z
S01096	W0005840	163	2025-02-26T01:16:00Z
S01096	W0005841	586	2025-02-03T03:15:00Z
S01096	W0005842	216	2025-02-18T23:52:00Z
S01096	W0005843	132	2025-02-02T05:51:00Z
S01096	W0005844	1130	2025-02-27T19:05:00Z
S01096	W0005845	1419	2025-02-27T03:10:00Z
S01354	W0005846	1785	2025-02-16T23:37:00Z
S01354	W0005847	498	2025-02-15T13:13:00Z
S01354	W0005848	845	2025-02-23T10:46:00Z
S01354	W0005849	1263	2025-02-28T01:57:00Z
S01354	W0005850	750	2025-02-25T21:50:00Z
S01354	W0005851	369	2025-02-03T08:03:00Z
S01354	W0005852	1595	2025-02-09T17:55:00Z
S01354	W0005853	791	2025-02-27T21:53:00Z
S01354	W0005854	590	2025-02-15T08:53:00Z
S01354	W0005855	520	2025-02-09T03:11:00Z
S01354	W0005856	184	2025-02-02T12:55:00Z
S01354	W0005857	155	2025-02-18T22:32:00Z
S01354	W0005858	194	2025-02-13T00:34:00Z
S01354	W0005859	1494	2025-02-27T03:40:00Z
S01354	W0005860	750	2025-02-15T00:51:00Z
S01354	W0005861	541	2025-02-26T05:30:00Z
S01354	W0005862	1208	2025-02-10T21:16:00Z
S01354	W0005863	682	2025-02-23T07:23:00Z
S01354	W0005864	124	2025-02-06T01:21:00Z
S01354	W0005865	223	2025-02-20T05:54:00Z
S01354	W0005866	755	2025-02-27T04:44:00Z
S01354	W0005867	85	2025-02-08T14:18:00Z
S01354	W0005868	149	2025-02-23T23:49:00Z
S01354	W0005869	390	2025-02-11T20:17:00Z
S01354	W0005870	799	2025-02-18T07:48:00Z
S01354	W0005871	597	2025-02-24T23:04:00Z
S01354	W0005872	150	2025-02-06T15:12:00Z
S00362	W0005873	1539	2025-02-22T19:11:00Z
S00362	W0005874	554	2025-02-15T12:05:00Z
S00362	W0005875	1225	2025-02-22T00:07:00Z
S00362	W0005876	385	2025-02-10T09:59:00Z
S00362	W0005877	583	2025-02-26T10:19:00Z
S00362	W0005878	501	2025-02-20T22:05:00Z
S00362	W0005879	1703	2025-02-15T17:06:00Z
S00362	W0005880	1792	2025-02-08T20:14:00Z
S00362	W0005881	1463	2025-02-08T21:12:00Z
S00362	W0005882	403	2025-02-08T17:58:00Z
S00362	W0005883	213	2025-02-25T13:57:00Z
S00362	W0005884	425	2025-02-18T13:01:00Z
S00362	W0005885	848	2025-02-07T22:06:00Z
S00362	W0005886	155	2025-02-28T06:56:00Z
S00709	W0005887	234	2025-02-08T02:47:00Z
S00709	W0005888	1434	2025-02-23T21:48:00Z
S00709	W0005889	571	2025-02-06T15:29:00Z
S00709	W0005890	96	2025-02-11T15:37:00Z
S00709	W0005891	1767	2025-02-05T10:14:00Z
S00709	W0005892	1524	2025-02-18T09:48:00Z
S00709	W0005893	1529	2025-02-02T15:42:00Z
S00709	W0005894	811	2025-02-12T12:06:00Z
S00709	W0005895	629	2025-02-16T17:49:00Z
S00709	W0005896	1335	2025-02-11T00:05:00Z
S00709	W0005897	1271	2025-02-07T10:50:00Z
S00709	W0005898	1052	2025-02-27T05:51:00Z
S00709	W0005899	99	2025-02-22T05:20:00Z
S00709	W0005900	940	2025-02-14T06:06:00Z
S00709	W0005901	720	2025-02-27T02:33:00Z
S00709	W0005902	1384	2025-02-08T15:53:00Z
S00709	W0005903	1202	2025-02-17T13:02:00Z
S00709	W0005904	924	2025-02-04T21:16:00Z
S00709	W0005905	1036	2025-02-25T01:50:00Z
S01967	W0005906	1763	2025-02-20T12:03:00Z
S01967	W0005907	1132	2025-02-22T22:48:00Z
S01967	W0005908	177	2025-02-14T18:15:00Z
S01967	W0005909	1795	2025-02-05T06:40:00Z
S01967	W0005910	1289	2025-02-24T01:18:00Z
S01967	W0005911	460	2025-02-19T17:41:00Z
S01967	W0005912	709	2025-02-05T08:24:00Z
S01967	W0005913	491	2025-02-13T12:37:00Z
S01967	W0005914	160	2025-02-11T21:49:00Z
S01967	W0005915	825	2025-02-22T06:28:00Z
S01967	W0005916	1604	2025-02-20T01:03:00Z
S01967	W0005917	920	2025-02-11T19:49:00Z
S01967	W0005918	506	2025-02-05T17:02:00Z
S01967	W0005919	242	2025-02-19T18:36:00Z
S01967	W0005920	130	2025-02-07T12:38:00Z
S01967	W0005921	1253	2025-02-19T05:54:00Z
S01967	W0005922	777	2025-02-17T16:27:00Z
S01967	W0005923	1405	2025-02-14T18:13:00Z
S01967	W0005924	1585	2025-02-02T04:38:00Z
S01967	W0005925	174	2025-02-28T17:04:00Z
S01967	W0005926	1727	2025-02-06T19:51:00Z
S01967	W0005927	1244	2025-02-16T17:19:00Z
S00836	W0005928	24	2025-02-17T06:17:00Z
S00836	W0005929	969	2025-02-22T03:00:00Z
S00836	W0005930	616	2025-02-15T13:49:00Z
S00836	W0005931	550	2025-02-12T12:14:00Z
S00836	W0005932	772	2025-02-09T12:50:00Z
S00836	W0005933	324	2025-02-09T00:46:00Z
S00836	W0005934	49	2025-02-01T16:35:00Z
S00836	W0005935	811	2025-02-19T00:56:00Z
S00836	W0005936	1471	2025-02-17T13:30:00Z
S00836	W0005937	657	2025-02-26T12:33:00Z
S00836	W0005938	891	2025-02-25T14:15:00Z
S00836	W0005939	1263	2025-02-26T19:38:00Z
S00836	W0005940	512	2025-02-18T07:46:00Z
S00836	W0005941	1349	2025-02-07T14:34:00Z
S00836	W0005942	921	2025-02-10T15:42:00Z
S00836	W0005943	421	2025-02-22T16:10:00Z
S00836	W0005944	521	2025-02-03T07:59:00Z
S01782	W0005945	231	2025-02-10T03:42:00Z
S01782	W0005946	1563	2025-02-04T23:05:00Z
S01782	W0005947	1146	2025-02-13T13:39:00Z
S01782	W0005948	1588	2025-02-04T08:51:00Z
S01782	W0005949	892	2025-02-05T18:18:00Z
S01782	W0005950	918	2025-02-14T10:27:00Z
S01782	W0005951	1198	2025-02-08T22:22:00Z
S01782	W0005952	1723	2025-02-18T15:10:00Z
S01782	W0005953	47	2025-02-07T19:05:00Z
S01782	W0005954	1776	2025-02-20T18:26:00Z
S01782	W0005955	1334	2025-02-11T12:10:00Z
S01782	W0005956	234	2025-02-18T22:53:00Z
S01782	W0005957	1130	2025-02-05T08:19:00Z
S01782	W0005958	1652	2025-02-03T02:34:00Z
S00589	W0005959	613	2025-02-03T01:03:00Z
S00589	W0005960	323	2025-02-11T13:39:00Z
S00589	W0005961	1507	2025-02-26T04:05:00Z
S00589	W0005962	1359	2025-02-24T20:42:00Z
S00589	W0005963	1531	2025-02-22T11:51:00Z
S00589	W0005964	1537	2025-02-27T12:38:00Z
S00235	W0005965	291	2025-02-19T03:57:00Z
S00235	W0005966	988	2025-02-14T22:55:00Z
S00235	W0005967	1673	2025-02-15T15:54:00Z
S00235	W0005968	593	2025-02-11T02:09:00Z
S00235	W0005969	69	2025-02-18T06:45:00Z
S00235	W0005970	1590	2025-02-24T10:53:00Z
S00235	W0005971	931	2025-02-23T21:51:00Z
S00235	W0005972	533	2025-02-18T11:16:00Z
S00235	W0005973	1377	2025-02-25T13:22:00Z
S00235	W0005974	67	2025-02-13T18:52:00Z
S00235	W0005975	517	2025-02-08T05:49:00Z
S00235	W0005976	1710	2025-02-08T17:59:00Z
S00235	W0005977	997	2025-02-01T19:08:00Z
S00235	W0005978	1055	2025-02-12T23:53:00Z
S00235	W0005979	174	2025-02-22T20:49:00Z
S00235	W0005980	846	2025-02-03T18:48:00Z
S00235	W0005981	516	2025-02-22T21:13:00Z
S00235	W0005982	1563	2025-02-04T04:23:00Z
S00235	W0005983	361	2025-02-26T11:02:00Z
S00235	W0005984	1199	2025-02-27T20:04:00Z
S00235	W0005985	1427	2025-02-03T05:39:00Z
S00235	W0005986	1705	2025-02-12T23:13:00Z
S00235	W0005987	1226	2025-02-18T20:30:00Z
S00235	W0005988	1547	2025-02-06T03:27:00Z
S00235	W0005989	1553	2025-02-17T15:58:00Z
S00235	W0005990	1588	2025-02-06T06:57:00Z
S00941	W0005991	1560	2025-02-10T08:44:00Z
S00941	W0005992	291	2025-02-22T13:38:00Z
S00941	W0005993	1649	2025-02-24T23:59:00Z
S00941	W0005994	760	2025-02-10T17:00:00Z
S00941	W0005995	1510	2025-02-07T07:24:00Z
S00941	W0005996	527	2025-02-13T20:41:00Z
S00941	W0005997	1270	2025-02-08T03:00:00Z
S00941	W0005998	1444	2025-02-27T22:58:00Z
S00941	W0005999	1096	2025-02-12T17:35:00Z
S00941	W0006000	624	2025-02-19T13:31:00Z
S00941	W0006001	1155	2025-02-03T07:38:00Z
S00941	W0006002	1639	2025-02-09T14:20:00Z
S00941	W0006003	1233	2025-02-12T14:58:00Z
S00941	W0006004	1089	2025-02-27T20:20:00Z
S00941	W0006005	1699	2025-02-16T16:42:00Z
S00941	W0006006	382	2025-02-05T12:06:00Z
S00941	W0006007	1260	2025-02-03T08:20:00Z
S00941	W0006008	1539	2025-02-15T07:24:00Z
S00941	W0006009	584	2025-02-19T17:54:00Z
S00941	W0006010	1780	2025-02-22T01:56:00Z
S00944	W0006011	1300	2025-02-11T05:00:00Z
S00944	W0006012	673	2025-02-10T22:32:00Z
S00944	W0006013	1765	2025-02-25T07:19:00Z
S00944	W0006014	277	2025-02-25T23:42:00Z
S00944	W0006015	553	2025-02-11T18:42:00Z
S00944	W0006016	23	2025-02-01T08:16:00Z
S00944	W0006017	360	2025-02-23T10:48:00Z
S00944	W0006018	1030	2025-02-04T08:40:00Z
S00944	W0006019	517	2025-02-01T14:50:00Z
S00944	W0006020	1696	2025-02-21T07:48:00Z
S00944	W0006021	478	2025-02-24T00:57:00Z
S00944	W0006022	1443	2025-02-12T06:25:00Z
S00944	W0006023	351	2025-02-20T22:37:00Z
S00944	W0006024	1252	2025-02-03T22:24:00Z
S00944	W0006025	831	2025-02-02T12:16:00Z
S00944	W0006026	1792	2025-02-25T22:27:00Z
S00944	W0006027	402	2025-02-25T04:44:00Z
S00944	W0006028	1314	2025-02-09T19:41:00Z
S00944	W0006029	1059	2025-02-14T01:20:00Z
S00944	W0006030	1136	2025-02-26T16:29:00Z
S01567	W0006031	1058	2025-02-24T11:52:00Z
S01567	W0006032	990	2025-02-07T12:31:00Z
S01567	W0006033	821	2025-02-22T01:09:00Z
S01567	W0006034	1000	2025-02-16T07:19:00Z
S01567	W0006035	1541	2025-02-06T00:28:00Z
S01567	W0006036	382	2025-02-20T02:59:00Z
S01567	W0006037	899	2025-02-20T02:42:00Z
S01567	W0006038	727	2025-02-10T17:00:00Z
S01567	W0006039	208	2025-02-16T12:51:00Z
S01353	W0006040	1248	2025-02-19T16:44:00Z
S01353	W0006041	676	2025-02-21T18:30:00Z
S01353	W0006042	97	2025-02-03T03:08:00Z
S01353	W0006043	1033	2025-02-04T19:00:00Z
S01353	W0006044	942	2025-02-17T19:05:00Z
S01353	W0006045	940	2025-02-24T14:39:00Z
S01353	W0006046	499	2025-02-24T18:39:00Z
S01353	W0006047	46	2025-02-07T17:38:00Z
S01353	W0006048	455	2025-02-12T16:15:00Z
S01353	W0006049	69	2025-02-14T18:02:00Z
S01353	W0006050	638	2025-02-21T19:56:00Z
S01353	W0006051	417	2025-02-07T15:06:00Z
S01353	W0006052	1702	2025-02-03T00:37:00Z
S01353	W0006053	636	2025-02-05T12:42:00Z
S01353	W0006054	1587	2025-02-24T17:35:00Z
S01353	W0006055	1511	2025-02-27T19:13:00Z
S01353	W0006056	222	2025-02-13T07:49:00Z
S01353	W0006057	1423	2025-02-28T18:19:00Z
S01353	W0006058	196	2025-02-06T23:03:00Z
S01353	W0006059	899	2025-02-08T20:37:00Z
S01353	W0006060	1121	2025-02-14T00:01:00Z
S01353	W0006061	750	2025-02-15T22:43:00Z
S01353	W0006062	861	2025-02-18T04:20:00Z
S00809	W0006063	79	2025-02-11T13:01:00Z
S00809	W0006064	1396	2025-02-18T09:30:00Z
S00809	W0006065	1736	2025-02-17T16:36:00Z
S00809	W0006066	1605	2025-02-22T20:22:00Z
S00809	W0006067	1013	2025-02-07T05:32:00Z
S00055	W0006068	650	2025-02-20T22:53:00Z
S00055	W0006069	578	2025-02-03T06:21:00Z
S00055	W0006070	1346	2025-02-10T14:31:00Z
S00055	W0006071	1703	2025-02-27T19:48:00Z
S00055	W0006072	1557	2025-02-23T14:54:00Z
S00055	W0006073	1795	2025-02-09T02:23:00Z
S00055	W0006074	971	2025-02-03T15:26:00Z
S00055	W0006075	1264	2025-02-09T11:49:00Z
S00055	W0006076	608	2025-02-28T03:09:00Z
S00055	W0006077	846	2025-02-17T04:30:00Z
S00055	W0006078	1753	2025-02-03T16:26:00Z
S00055	W0006079	705	2025-02-14T23:12:00Z
S00055	W0006080	345	2025-02-15T12:47:00Z
S00055	W0006081	723	2025-02-24T20:23:00Z
S00055	W0006082	1476	2025-02-24T03:20:00Z
S00055	W0006083	973	2025-02-04T21:15:00Z
S00055	W0006084	1786	2025-02-14T11:35:00Z
S00055	W0006085	515	2025-02-15T03:50:00Z
S00055	W0006086	1458	2025-02-12T21:04:00Z
S00055	W0006087	1004	2025-02-17T07:44:00Z
S00055	W0006088	131	2025-02-03T18:08:00Z
S00055	W0006089	1081	2025-02-08T13:40:00Z
S00055	W0006090	524	2025-02-17T10:46:00Z
S01449	W0006091	470	2025-02-11T12:31:00Z
S01449	W0006092	324	2025-02-09T18:17:00Z
S01449	W0006093	962	2025-02-25T19:46:00Z
S01449	W0006094	795	2025-02-03T18:28:00Z
S01449	W0006095	629	2025-02-13T15:26:00Z
S01449	W0006096	1742	2025-02-27T20:11:00Z
S01449	W0006097	244	2025-02-12T00:57:00Z
S01449	W0006098	1377	2025-02-13T21:15:00Z
S01449	W0006099	646	2025-02-09T16:40:00Z
S01449	W0006100	1244	2025-02-17T05:23:00Z
S01449	W0006101	30	2025-02-25T11:33:00Z
S01449	W0006102	1654	2025-02-13T15:18:00Z
S01449	W0006103	204	2025-02-27T07:31:00Z
S01449	W0006104	1473	2025-02-02T12:29:00Z
S01449	W0006105	763	2025-02-14T23:02:00Z
S01449	W0006106	440	2025-02-20T09:12:00Z
S01449	W0006107	1227	2025-02-16T17:13:00Z
S01901	W0006108	1521	2025-02-11T13:41:00Z
S01901	W0006109	819	2025-02-28T20:43:00Z
S01901	W0006110	1084	2025-02-22T03:09:00Z
S01901	W0006111	28	2025-02-21T11:02:00Z
S01901	W0006112	1377	2025-02-24T14:34:00Z
S01850	W0006113	1200	2025-02-22T01:30:00Z
S01850	W0006114	1368	2025-02-18T15:41:00Z
S01850	W0006115	1204	2025-02-11T02:53:00Z
S01850	W0006116	202	2025-02-28T06:19:00Z
S01850	W0006117	332	2025-02-16T00:28:00Z
S01850	W0006118	1054	2025-02-15T11:33:00Z
S01850	W0006119	1532	2025-02-12T11:22:00Z
S01850	W0006120	1381	2025-02-28T22:19:00Z
S01850	W0006121	1208	2025-02-22T04:11:00Z
S01850	W0006122	1317	2025-02-19T18:59:00Z
S01850	W0006123	1297	2025-02-17T07:11:00Z
S01850	W0006124	1799	2025-02-07T15:31:00Z
S01850	W0006125	913	2025-02-23T15:05:00Z
S01850	W0006126	167	2025-02-12T03:05:00Z
S01850	W0006127	893	2025-02-09T16:25:00Z
S01850	W0006128	1200	2025-02-17T21:27:00Z
S01850	W0006129	1773	2025-02-01T08:48:00Z
S01850	W0006130	161	2025-02-05T08:00:00Z
S01850	W0006131	1356	2025-02-25T22:49:00Z
S01850	W0006132	805	2025-02-07T07:10:00Z
S01850	W0006133	53	2025-02-17T08:51:00Z
S01850	W0006134	1160	2025-02-17T04:54:00Z
S01850	W0006135	1323	2025-02-13T21:09:00Z
S01850	W0006136	861	2025-02-16T23:37:00Z
S01850	W0006137	334	2025-02-19T21:15:00Z
S01850	W0006138	768	2025-02-23T18:01:00Z
S01868	W0006139	1720	2025-02-25T18:26:00Z
S01868	W0006140	1643	2025-02-27T21:22:00Z
S01868	W0006141	48	2025-02-19T00:29:00Z
S01868	W0006142	387	2025-02-27T17:54:00Z
S01868	W0006143	196	2025-02-27T02:19:00Z
S01868	W0006144	265	2025-02-24T17:30:00Z
S01868	W0006145	1674	2025-02-03T00:22:00Z
S01868	W0006146	1674	2025-02-20T12:47:00Z
S01868	W0006147	1479	2025-02-09T08:24:00Z
S01868	W0006148	127	2025-02-06T17:36:00Z
S01868	W0006149	456	2025-02-22T19:56:00Z
S01868	W0006150	770	2025-02-03T14:21:00Z
S01868	W0006151	1524	2025-02-02T19:14:00Z
S01868	W0006152	1116	2025-02-14T01:40:00Z
S00519	W0006153	969	2025-02-03T05:47:00Z
S00519	W0006154	264	2025-02-27T02:40:00Z
S00519	W0006155	1480	2025-02-08T17:21:00Z
S00519	W0006156	1097	2025-02-18T22:20:00Z
S00519	W0006157	577	2025-02-06T10:16:00Z
S00519	W0006158	284	2025-02-12T15:28:00Z
S00519	W0006159	1278	2025-02-27T16:24:00Z
S00519	W0006160	497	2025-02-02T20:12:00Z
S00519	W0006161	229	2025-02-12T23:14:00Z
S00519	W0006162	1572	2025-02-17T09:13:00Z
S00519	W0006163	954	2025-02-11T15:43:00Z
S00519	W0006164	1549	2025-02-23T05:17:00Z
S00519	W0006165	421	2025-02-25T20:13:00Z
S00519	W0006166	1368	2025-02-11T16:17:00Z
S00519	W0006167	685	2025-02-21T15:32:00Z
S00519	W0006168	79	2025-02-12T08:26:00Z
S01848	W0006169	1419	2025-02-22T20:50:00Z
S01848	W0006170	600	2025-02-01T09:50:00Z
S01848	W0006171	1200	2025-02-17T12:47:00Z
S01848	W0006172	442	2025-02-01T00:37:00Z
S01848	W0006173	1235	2025-02-04T23:01:00Z
S01848	W0006174	252	2025-02-06T03:38:00Z
S01848	W0006175	1596	2025-02-10T16:33:00Z
S01848	W0006176	1525	2025-02-17T09:36:00Z
S01848	W0006177	704	2025-02-02T14:53:00Z
S01848	W0006178	1224	2025-02-12T06:28:00Z
S01848	W0006179	844	2025-02-22T04:34:00Z
S01848	W0006180	718	2025-02-10T06:19:00Z
S01848	W0006181	1728	2025-02-20T09:57:00Z
S01848	W0006182	475	2025-02-26T20:48:00Z
S01848	W0006183	915	2025-02-08T11:01:00Z
S01848	W0006184	177	2025-02-17T03:41:00Z
S00084	W0006185	1352	2025-02-15T00:04:00Z
S00084	W0006186	790	2025-02-10T03:24:00Z
S00084	W0006187	27	2025-02-19T08:28:00Z
S00084	W0006188	1015	2025-02-20T14:51:00Z
S00084	W0006189	197	2025-02-01T10:48:00Z
S00084	W0006190	1611	2025-02-09T04:35:00Z
S00084	W0006191	1068	2025-02-23T11:04:00Z
S00084	W0006192	832	2025-02-24T14:02:00Z
S00084	W0006193	1433	2025-02-11T23:53:00Z
S00084	W0006194	1613	2025-02-26T08:11:00Z
S00084	W0006195	1614	2025-02-11T11:10:00Z
S00084	W0006196	447	2025-02-24T01:07:00Z
S00084	W0006197	244	2025-02-13T02:27:00Z
S00084	W0006198	666	2025-02-07T13:53:00Z
S00084	W0006199	720	2025-02-22T06:33:00Z
S00084	W0006200	630	2025-02-21T12:43:00Z
S00084	W0006201	1377	2025-02-09T19:38:00Z
S00084	W0006202	1029	2025-02-24T01:01:00Z
S00084	W0006203	1491	2025-02-17T23:02:00Z
S01977	W0006204	775	2025-02-05T15:30:00Z
S01977	W0006205	1631	2025-02-16T23:23:00Z
S01977	W0006206	1661	2025-02-25T17:13:00Z
S01977	W0006207	966	2025-02-06T00:08:00Z
S01977	W0006208	1603	2025-02-11T19:12:00Z
S01977	W0006209	384	2025-02-18T21:02:00Z
S01977	W0006210	153	2025-02-24T06:32:00Z
S01977	W0006211	166	2025-02-03T20:45:00Z
S01977	W0006212	172	2025-02-22T16:26:00Z
S01977	W0006213	462	2025-02-02T15:35:00Z
S01977	W0006214	605	2025-02-16T23:09:00Z
S01977	W0006215	680	2025-02-03T15:06:00Z
S01977	W0006216	217	2025-02-07T23:31:00Z
S01977	W0006217	189	2025-02-12T03:58:00Z
S01977	W0006218	1038	2025-02-03T18:08:00Z
S01977	W0006219	808	2025-02-21T20:05:00Z
S01364	W0006220	98	2025-02-26T01:27:00Z
S01364	W0006221	1723	2025-02-17T18:25:00Z
S01364	W0006222	1272	2025-02-21T16:01:00Z
S01364	W0006223	196	2025-02-28T07:50:00Z
S01364	W0006224	689	2025-02-08T04:11:00Z
S01364	W0006225	476	2025-02-13T23:02:00Z
S01364	W0006226	1457	2025-02-05T00:52:00Z
S01364	W0006227	711	2025-02-04T08:14:00Z
S01364	W0006228	645	2025-02-20T08:07:00Z
S01894	W0006229	1084	2025-02-02T16:50:00Z
S01894	W0006230	124	2025-02-12T07:06:00Z
S01894	W0006231	548	2025-02-18T06:17:00Z
S01894	W0006232	1160	2025-02-10T16:21:00Z
S01894	W0006233	1529	2025-02-07T15:17:00Z
S01894	W0006234	920	2025-02-10T08:18:00Z
S01894	W0006235	1797	2025-02-21T10:05:00Z
S01894	W0006236	757	2025-02-26T14:04:00Z
S01894	W0006237	245	2025-02-18T20:18:00Z
S01894	W0006238	1427	2025-02-03T18:49:00Z
S01894	W0006239	539	2025-02-13T23:45:00Z
S01894	W0006240	850	2025-02-18T20:58:00Z
S01894	W0006241	614	2025-02-21T05:48:00Z
S01894	W0006242	1055	2025-02-20T00:44:00Z
S01894	W0006243	1417	2025-02-05T20:32:00Z
S01894	W0006244	1675	2025-02-12T16:53:00Z
S01894	W0006245	1126	2025-02-16T15:00:00Z
S01894	W0006246	283	2025-02-23T15:08:00Z
S01894	W0006247	1140	2025-02-10T17:21:00Z
S01894	W0006248	1134	2025-02-28T14:38:00Z
S01894	W0006249	1529	2025-02-01T05:07:00Z
S01894	W0006250	1775	2025-02-15T10:07:00Z
S00267	W0006251	1746	2025-02-28T22:12:00Z
S00267	W0006252	1281	2025-02-25T04:13:00Z
S00267	W0006253	1688	2025-02-17T21:44:00Z
S00267	W0006254	1754	2025-02-08T21:30:00Z
S00267	W0006255	997	2025-02-18T22:56:00Z
S00267	W0006256	537	2025-02-13T05:27:00Z
S00267	W0006257	1091	2025-02-16T03:33:00Z
S00267	W0006258	122	2025-02-02T11:20:00Z
S00267	W0006259	930	2025-02-27T02:45:00Z
S00267	W0006260	199	2025-02-04T08:06:00Z
S00267	W0006261	1358	2025-02-26T18:10:00Z
S00267	W0006262	1579	2025-02-04T01:04:00Z
S00267	W0006263	480	2025-02-17T17:14:00Z
S00267	W0006264	235	2025-02-11T04:50:00Z
S00267	W0006265	714	2025-02-24T14:51:00Z
S00267	W0006266	113	2025-02-14T17:18:00Z
S00267	W0006267	942	2025-02-18T06:34:00Z
S00267	W0006268	1512	2025-02-01T03:12:00Z
S01239	W0006269	1404	2025-02-03T07:17:00Z
S01239	W0006270	1561	2025-02-01T00:08:00Z
S01239	W0006271	789	2025-02-12T10:50:00Z
S01239	W0006272	1291	2025-02-15T11:42:00Z
S01239	W0006273	1640	2025-02-13T18:33:00Z
S01239	W0006274	88	2025-02-11T13:14:00Z
S01239	W0006275	1483	2025-02-22T22:24:00Z
S01239	W0006276	471	2025-02-27T08:08:00Z
S01995	W0006277	1575	2025-02-27T02:58:00Z
S01995	W0006278	1428	2025-02-03T07:43:00Z
S01995	W0006279	1110	2025-02-13T11:04:00Z
S01995	W0006280	1102	2025-02-17T19:39:00Z
S01995	W0006281	1709	2025-02-21T12:38:00Z
S01995	W0006282	1555	2025-02-03T15:51:00Z
S01995	W0006283	1538	2025-02-27T08:28:00Z
S01995	W0006284	396	2025-02-10T04:27:00Z
S01995	W0006285	49	2025-02-07T01:21:00Z
S01995	W0006286	650	2025-02-27T14:38:00Z
S01995	W0006287	236	2025-02-23T07:48:00Z
S01995	W0006288	1621	2025-02-20T16:08:00Z
S01995	W0006289	884	2025-02-22T18:18:00Z
S01995	W0006290	993	2025-02-09T19:01:00Z
S01995	W0006291	442	2025-02-05T09:07:00Z
S01995	W0006292	1126	2025-02-10T06:10:00Z
S01995	W0006293	579	2025-02-25T13:20:00Z
S01973	W0006294	117	2025-02-10T05:36:00Z
S01973	W0006295	330	2025-02-28T09:52:00Z
S01973	W0006296	1061	2025-02-25T17:43:00Z
S01973	W0006297	903	2025-02-20T02:42:00Z
S01973	W0006298	1516	2025-02-20T02:26:00Z
S01973	W0006299	1721	2025-02-19T14:57:00Z
S01973	W0006300	352	2025-02-02T14:43:00Z
S01973	W0006301	1767	2025-02-20T03:10:00Z
S01973	W0006302	1164	2025-02-24T09:08:00Z
S01973	W0006303	1582	2025-02-25T21:12:00Z
S01973	W0006304	1783	2025-02-28T09:47:00Z
S01973	W0006305	1640	2025-02-26T06:20:00Z
S01973	W0006306	1540	2025-02-25T01:10:00Z
S01958	W0006307	682	2025-02-14T23:46:00Z
S01958	W0006308	1475	2025-02-26T10:43:00Z
S01958	W0006309	575	2025-02-26T01:30:00Z
S01958	W0006310	1234	2025-02-03T17:41:00Z
S01283	W0006311	1266	2025-02-19T16:26:00Z
S01283	W0006312	1508	2025-02-06T21:28:00Z
S01283	W0006313	83	2025-02-23T02:42:00Z
S01283	W0006314	953	2025-02-19T15:45:00Z
S01283	W0006315	1092	2025-02-24T02:27:00Z
S01254	W0006316	1340	2025-02-18T02:43:00Z
S01254	W0006317	1227	2025-02-23T03:42:00Z
S01254	W0006318	864	2025-02-02T13:42:00Z
S01254	W0006319	194	2025-02-23T20:07:00Z
S01254	W0006320	1129	2025-02-15T08:56:00Z
S01254	W0006321	565	2025-02-19T13:05:00Z
S01254	W0006322	1603	2025-02-13T05:26:00Z
S01254	W0006323	1374	2025-02-16T12:45:00Z
S01254	W0006324	881	2025-02-02T21:14:00Z
S01254	W0006325	297	2025-02-10T21:46:00Z
S01254	W0006326	509	2025-02-26T12:52:00Z
S00343	W0006327	1005	2025-02-17T06:16:00Z
S00343	W0006328	85	2025-02-27T14:00:00Z
S00343	W0006329	390	2025-02-15T09:21:00Z
S00343	W0006330	172	2025-02-20T15:04:00Z
S00343	W0006331	978	2025-02-12T23:58:00Z
S00343	W0006332	276	2025-02-03T00:23:00Z
S00343	W0006333	1797	2025-02-10T23:51:00Z
S00343	W0006334	1626	2025-02-03T02:15:00Z
S00343	W0006335	738	2025-02-09T20:29:00Z
S00343	W0006336	1632	2025-02-01T10:19:00Z
S00343	W0006337	1412	2025-02-14T23:16:00Z
S00343	W0006338	1118	2025-02-22T06:31:00Z
S00343	W0006339	194	2025-02-23T15:17:00Z
S00343	W0006340	554	2025-02-23T04:28:00Z
S00343	W0006341	198	2025-02-18T14:44:00Z
S00343	W0006342	1594	2025-02-22T00:01:00Z
S01964	W0006343	1397	2025-02-23T23:12:00Z
S01964	W0006344	793	2025-02-12T19:27:00Z
S01964	W0006345	1582	2025-02-26T16:42:00Z
S01964	W0006346	744	2025-02-17T11:36:00Z
S01964	W0006347	1226	2025-02-02T02:34:00Z
S01964	W0006348	680	2025-02-28T14:22:00Z
S01964	W0006349	1575	2025-02-25T15:54:00Z
S01964	W0006350	28	2025-02-01T02:25:00Z
S01964	W0006351	1484	2025-02-21T15:28:00Z
S01964	W0006352	1520	2025-02-19T00:52:00Z
S01964	W0006353	1536	2025-02-20T15:06:00Z
S01964	W0006354	1190	2025-02-23T08:22:00Z
S01964	W0006355	970	2025-02-09T16:46:00Z
S01964	W0006356	1314	2025-02-23T05:08:00Z
S01964	W0006357	307	2025-02-02T13:48:00Z
S01964	W0006358	1096	2025-02-13T02:37:00Z
S01964	W0006359	1392	2025-02-16T14:32:00Z
S00768	W0006360	1769	2025-02-16T19:23:00Z
S00768	W0006361	30	2025-02-10T04:16:00Z
S00768	W0006362	139	2025-02-02T13:10:00Z
S00768	W0006363	1527	2025-02-10T19:20:00Z
S00768	W0006364	1561	2025-02-13T18:25:00Z
S00768	W0006365	127	2025-02-16T05:03:00Z
S00768	W0006366	266	2025-02-24T16:24:00Z
S00768	W0006367	25	2025-02-11T09:59:00Z
S00768	W0006368	97	2025-02-24T11:35:00Z
S00768	W0006369	453	2025-02-20T04:07:00Z
S00768	W0006370	1065	2025-02-14T05:51:00Z
S00768	W0006371	956	2025-02-18T01:23:00Z
S00768	W0006372	772	2025-02-28T02:22:00Z
S00768	W0006373	1694	2025-02-23T20:06:00Z
S01514	W0006374	1276	2025-02-18T02:45:00Z
S01514	W0006375	1177	2025-02-09T16:05:00Z
S01514	W0006376	1425	2025-02-26T14:54:00Z
S01514	W0006377	1488	2025-02-13T20:55:00Z
S01514	W0006378	1377	2025-02-10T10:26:00Z
S01514	W0006379	1021	2025-02-26T23:26:00Z
S01514	W0006380	103	2025-02-18T10:24:00Z
S01514	W0006381	1173	2025-02-05T06:56:00Z
S01514	W0006382	1377	2025-02-06T05:15:00Z
S01514	W0006383	673	2025-02-01T06:03:00Z
S01514	W0006384	305	2025-02-01T19:36:00Z
S01514	W0006385	227	2025-02-22T14:45:00Z
S01514	W0006386	431	2025-02-20T04:32:00Z
S01514	W0006387	239	2025-02-05T20:43:00Z
S01514	W0006388	1578	2025-02-05T05:18:00Z
S01514	W0006389	1128	2025-02-12T22:45:00Z
S01514	W0006390	1718	2025-02-01T19:37:00Z
S01514	W0006391	388	2025-02-26T17:51:00Z
S01514	W0006392	1248	2025-02-09T15:28:00Z
S01514	W0006393	872	2025-02-24T06:16:00Z
S00395	W0006394	1541	2025-02-13T05:28:00Z
S00395	W0006395	1356	2025-02-13T01:08:00Z
S00395	W0006396	1798	2025-02-17T02:03:00Z
S00395	W0006397	943	2025-02-22T17:21:00Z
S00395	W0006398	707	2025-02-12T18:26:00Z
S00395	W0006399	173	2025-02-18T09:42:00Z
S00395	W0006400	1770	2025-02-23T06:57:00Z
S00395	W0006401	1351	2025-02-20T15:51:00Z
S00395	W0006402	1040	2025-02-12T03:40:00Z
S00395	W0006403	190	2025-02-19T08:45:00Z
S00395	W0006404	1761	2025-02-02T17:33:00Z
S00395	W0006405	1507	2025-02-24T12:04:00Z
S00395	W0006406	251	2025-02-16T20:18:00Z
S00395	W0006407	174	2025-02-26T06:09:00Z
S00395	W0006408	797	2025-02-12T11:45:00Z
S00395	W0006409	278	2025-02-11T20:55:00Z
S00991	W0006410	1696	2025-02-03T06:12:00Z
S00991	W0006411	187	2025-02-27T02:30:00Z
S00991	W0006412	348	2025-02-26T09:13:00Z
S00991	W0006413	1692	2025-02-10T17:17:00Z
S00991	W0006414	1451	2025-02-11T14:35:00Z
S00991	W0006415	1787	2025-02-17T02:56:00Z
S00991	W0006416	1673	2025-02-10T04:46:00Z
S00991	W0006417	1554	2025-02-03T20:04:00Z
S00991	W0006418	549	2025-02-11T08:29:00Z
S00991	W0006419	747	2025-02-22T18:14:00Z
S00991	W0006420	1363	2025-02-03T10:19:00Z
S00991	W0006421	971	2025-02-09T14:08:00Z
S00991	W0006422	246	2025-02-22T20:09:00Z
S01584	W0006423	131	2025-02-23T16:36:00Z
S01584	W0006424	1728	2025-02-14T21:53:00Z
S01584	W0006425	126	2025-02-17T18:21:00Z
S01584	W0006426	363	2025-02-16T05:43:00Z
S01584	W0006427	612	2025-02-13T23:41:00Z
S01584	W0006428	941	2025-02-23T00:51:00Z
S01584	W0006429	507	2025-02-12T18:38:00Z
S01584	W0006430	367	2025-02-20T23:58:00Z
S01584	W0006431	1162	2025-02-13T06:18:00Z
S01584	W0006432	1691	2025-02-02T04:36:00Z
S01584	W0006433	1192	2025-02-25T02:55:00Z
S01584	W0006434	343	2025-02-11T01:55:00Z
S00759	W0006435	689	2025-02-17T14:37:00Z
S00759	W0006436	1789	2025-02-27T02:48:00Z
S00759	W0006437	729	2025-02-09T20:01:00Z
S00759	W0006438	894	2025-02-15T07:18:00Z
S00759	W0006439	1333	2025-02-16T09:13:00Z
S00759	W0006440	1534	2025-02-12T23:52:00Z
S00759	W0006441	795	2025-02-10T16:41:00Z
S00759	W0006442	338	2025-02-04T15:21:00Z
S00759	W0006443	1110	2025-02-09T23:13:00Z
S00759	W0006444	767	2025-02-11T19:54:00Z
S00759	W0006445	1493	2025-02-23T05:52:00Z
S00759	W0006446	1215	2025-02-13T02:37:00Z
S00759	W0006447	1414	2025-02-23T04:48:00Z
S00759	W0006448	989	2025-02-24T02:07:00Z
S00759	W0006449	1376	2025-02-11T11:43:00Z
S01331	W0006450	1089	2025-02-17T18:58:00Z
S01331	W0006451	556	2025-02-27T13:48:00Z
S01331	W0006452	1499	2025-02-08T13:51:00Z
S01331	W0006453	728	2025-02-25T22:18:00Z
S01331	W0006454	640	2025-02-06T18:20:00Z
S01331	W0006455	1169	2025-02-21T05:47:00Z
S01331	W0006456	461	2025-02-01T20:29:00Z
S01331	W0006457	680	2025-02-19T16:14:00Z
S01331	W0006458	1612	2025-02-01T13:26:00Z
S01331	W0006459	1713	2025-02-19T09:52:00Z
S01331	W0006460	1197	2025-02-23T02:51:00Z
S01331	W0006461	360	2025-02-06T14:54:00Z
S01331	W0006462	544	2025-02-21T14:26:00Z
S01331	W0006463	514	2025-02-02T04:20:00Z
S01331	W0006464	905	2025-02-14T21:14:00Z
S00849	W0006465	1752	2025-02-07T12:47:00Z
S00849	W0006466	61	2025-02-11T01:05:00Z
S00849	W0006467	475	2025-02-13T07:02:00Z
S00849	W0006468	605	2025-02-13T04:58:00Z
S00849	W0006469	787	2025-02-19T19:27:00Z
S00849	W0006470	751	2025-02-15T08:46:00Z
S00849	W0006471	1648	2025-02-03T11:08:00Z
S00849	W0006472	1744	2025-02-07T02:54:00Z
S00849	W0006473	1521	2025-02-10T17:14:00Z
S00849	W0006474	483	2025-02-28T20:39:00Z
S00849	W0006475	332	2025-02-13T19:16:00Z
S00849	W0006476	1732	2025-02-14T14:34:00Z
S00849	W0006477	215	2025-02-15T03:02:00Z
S00849	W0006478	530	2025-02-10T08:38:00Z
S00849	W0006479	1037	2025-02-20T09:30:00Z
S00849	W0006480	1583	2025-02-21T02:53:00Z
S00849	W0006481	412	2025-02-06T03:47:00Z
S00849	W0006482	1219	2025-02-05T10:44:00Z
S00849	W0006483	1118	2025-02-26T06:57:00Z
S00849	W0006484	1145	2025-02-02T07:23:00Z
S00849	W0006485	476	2025-02-13T21:52:00Z
S00849	W0006486	387	2025-02-09T17:03:00Z
S00849	W0006487	969	2025-02-08T07:26:00Z
S00849	W0006488	1203	2025-02-23T17:25:00Z
S00675	W0006489	996	2025-02-19T08:38:00Z
S00675	W0006490	1504	2025-02-03T04:58:00Z
S00675	W0006491	1072	2025-02-26T11:41:00Z
S00675	W0006492	1540	2025-02-26T23:45:00Z
S00675	W0006493	1112	2025-02-19T20:38:00Z
S00675	W0006494	1376	2025-02-15T13:56:00Z
S00675	W0006495	640	2025-02-06T05:46:00Z
S00675	W0006496	1542	2025-02-24T23:57:00Z
S00675	W0006497	1340	2025-02-10T21:08:00Z
S00675	W0006498	634	2025-02-06T15:04:00Z
S00675	W0006499	343	2025-02-04T18:18:00Z
S00675	W0006500	464	2025-02-03T19:16:00Z
S00675	W0006501	175	2025-02-24T01:30:00Z
S00675	W0006502	417	2025-02-18T15:02:00Z
S00675	W0006503	1599	2025-02-16T23:08:00Z
S00675	W0006504	813	2025-02-05T00:22:00Z
S00675	W0006505	1665	2025-02-08T20:28:00Z
S00675	W0006506	36	2025-02-27T02:12:00Z
S00615	W0006507	1032	2025-02-09T03:15:00Z
S00615	W0006508	1354	2025-02-01T13:26:00Z
S00615	W0006509	397	2025-02-24T15:48:00Z
S00615	W0006510	1589	2025-02-28T22:14:00Z
S00615	W0006511	1391	2025-02-20T17:42:00Z
S00615	W0006512	1408	2025-02-24T15:25:00Z
S00615	W0006513	715	2025-02-08T18:41:00Z
S00615	W0006514	77	2025-02-17T23:18:00Z
S00615	W0006515	1491	2025-02-02T08:00:00Z
S00615	W0006516	1589	2025-02-11T02:49:00Z
S00615	W0006517	1284	2025-02-01T06:36:00Z
S00615	W0006518	1481	2025-02-02T08:57:00Z
S00615	W0006519	1034	2025-02-12T17:20:00Z
S00615	W0006520	320	2025-02-01T06:50:00Z
S00615	W0006521	217	2025-02-20T05:58:00Z
S00615	W0006522	349	2025-02-20T19:12:00Z
S00615	W0006523	1267	2025-02-01T11:11:00Z
S00615	W0006524	150	2025-02-04T00:28:00Z
S00615	W0006525	71	2025-02-10T05:05:00Z
S00615	W0006526	1689	2025-02-22T19:54:00Z
S01676	W0006527	687	2025-02-26T05:02:00Z
S01676	W0006528	664	2025-02-17T10:47:00Z
S01676	W0006529	1735	2025-02-05T20:44:00Z
S01676	W0006530	1789	2025-02-01T22:24:00Z
S00022	W0006531	788	2025-02-20T04:54:00Z
S00022	W0006532	286	2025-02-07T22:24:00Z
S00022	W0006533	819	2025-02-17T23:02:00Z
S00022	W0006534	627	2025-02-08T21:14:00Z
S00022	W0006535	1772	2025-02-24T06:23:00Z
S00022	W0006536	1795	2025-02-22T11:56:00Z
S00022	W0006537	1721	2025-02-26T01:50:00Z
S00022	W0006538	1122	2025-02-18T11:27:00Z
S00022	W0006539	156	2025-02-22T01:57:00Z
S00022	W0006540	715	2025-02-07T19:42:00Z
S00022	W0006541	637	2025-02-07T02:14:00Z
S00022	W0006542	551	2025-02-02T20:06:00Z
S00022	W0006543	414	2025-02-07T19:43:00Z
S00022	W0006544	775	2025-02-09T12:22:00Z
S00022	W0006545	196	2025-02-08T02:17:00Z
S00022	W0006546	158	2025-02-20T02:40:00Z
S00022	W0006547	911	2025-02-16T04:27:00Z
S00022	W0006548	1404	2025-02-07T21:17:00Z
S00022	W0006549	1731	2025-02-06T06:57:00Z
S00022	W0006550	1188	2025-02-21T10:25:00Z
S00022	W0006551	1070	2025-02-13T20:46:00Z
S00022	W0006552	962	2025-02-27T09:46:00Z
S00022	W0006553	1544	2025-02-06T20:45:00Z
S00022	W0006554	1781	2025-02-25T15:52:00Z
S00022	W0006555	442	2025-02-07T05:23:00Z
S00022	W0006556	887	2025-02-11T02:53:00Z
S00022	W0006557	1312	2025-02-12T10:18:00Z
S00022	W0006558	1061	2025-02-12T15:19:00Z
S00022	W0006559	1237	2025-02-12T12:48:00Z
S01092	W0006560	1173	2025-02-16T15:54:00Z
S01092	W0006561	673	2025-02-26T15:38:00Z
S01092	W0006562	1582	2025-02-13T16:25:00Z
S01092	W0006563	1086	2025-02-01T20:49:00Z
S01092	W0006564	34	2025-02-04T02:26:00Z
S01092	W0006565	72	2025-02-18T13:17:00Z
S01092	W0006566	1214	2025-02-04T09:19:00Z
S01092	W0006567	662	2025-02-11T22:25:00Z
S01092	W0006568	273	2025-02-21T10:31:00Z
S01092	W0006569	267	2025-02-20T00:49:00Z
S01092	W0006570	156	2025-02-23T08:58:00Z
S01092	W0006571	190	2025-02-28T06:18:00Z
S01092	W0006572	1489	2025-02-01T11:10:00Z
S01092	W0006573	1700	2025-02-22T11:12:00Z
S01092	W0006574	1383	2025-02-05T19:26:00Z
S01092	W0006575	819	2025-02-05T18:39:00Z
S01092	W0006576	1540	2025-02-05T06:51:00Z
S01092	W0006577	618	2025-02-26T02:17:00Z
S01092	W0006578	1394	2025-02-13T14:59:00Z
S01092	W0006579	1344	2025-02-06T16:18:00Z
S00723	W0006580	923	2025-02-14T21:13:00Z
S00723	W0006581	118	2025-02-02T19:09:00Z
S00723	W0006582	1773	2025-02-05T17:28:00Z
S00723	W0006583	704	2025-02-20T07:11:00Z
S00723	W0006584	108	2025-02-08T15:12:00Z
S00723	W0006585	1357	2025-02-14T08:52:00Z
S00723	W0006586	648	2025-02-05T15:43:00Z
S00723	W0006587	1347	2025-02-05T16:15:00Z
S00723	W0006588	1031	2025-02-26T19:23:00Z
S00723	W0006589	170	2025-02-09T13:01:00Z
S00723	W0006590	399	2025-02-13T11:04:00Z
S00723	W0006591	808	2025-02-13T19:54:00Z
S00723	W0006592	503	2025-02-25T14:32:00Z
S00723	W0006593	809	2025-02-09T22:17:00Z
S00723	W0006594	604	2025-02-26T05:30:00Z
S00723	W0006595	1368	2025-02-28T02:49:00Z
S00723	W0006596	455	2025-02-02T15:25:00Z
S00723	W0006597	514	2025-02-28T08:34:00Z
S00723	W0006598	1278	2025-02-27T03:21:00Z
S00723	W0006599	1336	2025-02-16T21:10:00Z
S00723	W0006600	1601	2025-02-07T10:14:00Z
S00723	W0006601	1669	2025-02-19T12:18:00Z
S01167	W0006602	1418	2025-02-24T14:31:00Z
S01167	W0006603	45	2025-02-23T19:48:00Z
S01167	W0006604	516	2025-02-22T03:13:00Z
S01167	W0006605	287	2025-02-06T04:57:00Z
S01167	W0006606	1752	2025-02-12T10:54:00Z
S01167	W0006607	1614	2025-02-09T10:21:00Z
S01167	W0006608	1260	2025-02-10T14:43:00Z
S01167	W0006609	1674	2025-02-15T21:28:00Z
S01167	W0006610	332	2025-02-07T02:51:00Z
S01167	W0006611	293	2025-02-01T14:38:00Z
S01167	W0006612	223	2025-02-08T04:11:00Z
S01167	W0006613	716	2025-02-02T11:12:00Z
S01890	W0006614	223	2025-02-14T21:45:00Z
S01890	W0006615	266	2025-02-04T05:00:00Z
S01890	W0006616	1768	2025-02-16T05:02:00Z
S01890	W0006617	446	2025-02-23T06:20:00Z
S01890	W0006618	1217	2025-02-14T17:51:00Z
S01890	W0006619	780	2025-02-12T13:23:00Z
S01890	W0006620	522	2025-02-01T07:48:00Z
S01890	W0006621	527	2025-02-13T21:09:00Z
S01890	W0006622	1209	2025-02-17T07:58:00Z
S01890	W0006623	818	2025-02-20T20:02:00Z
S01890	W0006624	1213	2025-02-22T10:27:00Z
S01890	W0006625	150	2025-02-04T05:20:00Z
S01890	W0006626	1180	2025-02-02T15:48:00Z
S01890	W0006627	580	2025-02-03T04:37:00Z
S01890	W0006628	647	2025-02-21T06:46:00Z
S01890	W0006629	1407	2025-02-14T21:31:00Z
S01890	W0006630	564	2025-02-14T18:24:00Z
S01890	W0006631	469	2025-02-08T00:28:00Z
S01890	W0006632	919	2025-02-03T03:27:00Z
S01890	W0006633	320	2025-02-19T09:24:00Z
S01890	W0006634	975	2025-02-24T10:26:00Z
S01890	W0006635	532	2025-02-17T21:39:00Z
S01890	W0006636	237	2025-02-03T20:53:00Z
S01890	W0006637	772	2025-02-02T17:29:00Z
S01890	W0006638	136	2025-02-09T04:44:00Z
S01890	W0006639	1710	2025-02-09T03:18:00Z
S01890	W0006640	1541	2025-02-18T12:21:00Z
S01890	W0006641	266	2025-02-25T03:31:00Z
S00650	W0006642	217	2025-02-09T11:39:00Z
S00650	W0006643	267	2025-02-19T16:36:00Z
S00650	W0006644	466	2025-02-09T02:58:00Z
S00650	W0006645	214	2025-02-10T07:56:00Z
S00650	W0006646	139	2025-02-27T20:17:00Z
S00650	W0006647	412	2025-02-12T16:59:00Z
S00650	W0006648	1271	2025-02-17T20:03:00Z
S00650	W0006649	1678	2025-02-17T17:03:00Z
S00650	W0006650	972	2025-02-26T09:44:00Z
S00650	W0006651	315	2025-02-27T21:30:00Z
S00650	W0006652	621	2025-02-24T16:25:00Z
S00650	W0006653	611	2025-02-17T18:19:00Z
S00650	W0006654	25	2025-02-04T03:29:00Z
S00650	W0006655	1535	2025-02-17T12:33:00Z
S01274	W0006656	1494	2025-02-19T13:59:00Z
S01274	W0006657	849	2025-02-28T23:42:00Z
S01274	W0006658	1720	2025-02-10T12:32:00Z
S01274	W0006659	807	2025-02-03T07:55:00Z
S01274	W0006660	1514	2025-02-06T17:52:00Z
S01274	W0006661	1449	2025-02-25T04:42:00Z
S01274	W0006662	1271	2025-02-01T08:44:00Z
S01274	W0006663	1422	2025-02-05T12:08:00Z
S01274	W0006664	855	2025-02-08T17:05:00Z
S01274	W0006665	231	2025-02-13T07:01:00Z
S01274	W0006666	235	2025-02-26T15:54:00Z
S01274	W0006667	893	2025-02-23T11:01:00Z
S01274	W0006668	1697	2025-02-02T23:35:00Z
S01274	W0006669	402	2025-02-07T10:32:00Z
S01274	W0006670	135	2025-02-09T22:19:00Z
S01274	W0006671	1599	2025-02-07T19:00:00Z
S01274	W0006672	259	2025-02-18T11:15:00Z
S00776	W0006673	390	2025-02-24T21:52:00Z
S00776	W0006674	831	2025-02-24T00:17:00Z
S00776	W0006675	1751	2025-02-10T09:45:00Z
S00776	W0006676	1725	2025-02-15T19:36:00Z
S00776	W0006677	1266	2025-02-13T12:28:00Z
S00776	W0006678	306	2025-02-21T14:59:00Z
S00776	W0006679	421	2025-02-23T23:54:00Z
S00776	W0006680	1271	2025-02-07T15:14:00Z
S00776	W0006681	1187	2025-02-05T01:37:00Z
S00776	W0006682	1060	2025-02-05T17:33:00Z
S00776	W0006683	1184	2025-02-01T10:48:00Z
S00776	W0006684	1096	2025-02-12T23:23:00Z
S00776	W0006685	980	2025-02-20T13:25:00Z
S00776	W0006686	988	2025-02-24T16:22:00Z
S00776	W0006687	1722	2025-02-23T05:32:00Z
S00776	W0006688	1494	2025-02-09T06:26:00Z
S00776	W0006689	1358	2025-02-19T10:14:00Z
S00776	W0006690	703	2025-02-09T14:12:00Z
S00776	W0006691	1465	2025-02-28T13:21:00Z
S00776	W0006692	783	2025-02-23T16:55:00Z
S00776	W0006693	1721	2025-02-11T14:00:00Z
S00776	W0006694	39	2025-02-12T16:11:00Z
S00526	W0006695	656	2025-02-28T15:47:00Z
S00526	W0006696	1650	2025-02-14T02:19:00Z
S00526	W0006697	232	2025-02-22T20:39:00Z
S00526	W0006698	1578	2025-02-16T04:04:00Z
S00526	W0006699	1702	2025-02-09T16:06:00Z
S00526	W0006700	120	2025-02-14T11:20:00Z
S00526	W0006701	1715	2025-02-11T16:51:00Z
S00526	W0006702	1520	2025-02-09T10:21:00Z
S00526	W0006703	412	2025-02-16T19:13:00Z
S00526	W0006704	336	2025-02-22T04:09:00Z
S00526	W0006705	1273	2025-02-01T21:10:00Z
S00526	W0006706	1474	2025-02-01T11:38:00Z
S00526	W0006707	1015	2025-02-21T04:50:00Z
S00526	W0006708	1705	2025-02-14T20:39:00Z
S00526	W0006709	1456	2025-02-25T07:30:00Z
S00526	W0006710	1751	2025-02-13T15:50:00Z
S00526	W0006711	917	2025-02-05T11:24:00Z
S00526	W0006712	220	2025-02-21T02:48:00Z
S00526	W0006713	1614	2025-02-13T11:39:00Z
S00526	W0006714	97	2025-02-03T12:25:00Z
S00526	W0006715	633	2025-02-14T07:04:00Z
S00599	W0006716	1219	2025-02-27T17:51:00Z
S00599	W0006717	1534	2025-02-23T10:52:00Z
S00599	W0006718	1599	2025-02-21T02:05:00Z
S00599	W0006719	802	2025-02-06T23:12:00Z
S00599	W0006720	513	2025-02-13T05:35:00Z
S00599	W0006721	291	2025-02-05T10:57:00Z
S00599	W0006722	185	2025-02-26T10:38:00Z
S00599	W0006723	997	2025-02-27T15:20:00Z
S00599	W0006724	623	2025-02-18T22:30:00Z
S00599	W0006725	1093	2025-02-20T02:38:00Z
S00599	W0006726	671	2025-02-13T11:08:00Z
S00599	W0006727	850	2025-02-18T17:59:00Z
S00599	W0006728	178	2025-02-25T00:16:00Z
S00599	W0006729	1020	2025-02-08T16:06:00Z
S00599	W0006730	701	2025-02-14T13:47:00Z
S00599	W0006731	829	2025-02-09T07:27:00Z
S00599	W0006732	1189	2025-02-07T18:32:00Z
S00599	W0006733	402	2025-02-16T17:04:00Z
S00599	W0006734	1705	2025-02-02T23:15:00Z
S00599	W0006735	1109	2025-02-04T20:12:00Z
S00599	W0006736	257	2025-02-06T11:00:00Z
S00599	W0006737	65	2025-02-11T22:31:00Z
S00199	W0006738	1126	2025-02-18T03:50:00Z
S00199	W0006739	504	2025-02-15T17:28:00Z
S00199	W0006740	1343	2025-02-24T15:59:00Z
S00199	W0006741	1454	2025-02-03T13:35:00Z
S00199	W0006742	248	2025-02-19T17:56:00Z
S00199	W0006743	646	2025-02-10T09:09:00Z
S00199	W0006744	81	2025-02-26T03:45:00Z
S00199	W0006745	418	2025-02-13T03:26:00Z
S00199	W0006746	554	2025-02-02T00:42:00Z
S00199	W0006747	1265	2025-02-22T15:44:00Z
S00199	W0006748	507	2025-02-07T19:12:00Z
S00199	W0006749	1014	2025-02-09T09:05:00Z
S00199	W0006750	1438	2025-02-25T05:09:00Z
S00199	W0006751	750	2025-02-16T16:32:00Z
S00199	W0006752	1678	2025-02-02T14:48:00Z
S00199	W0006753	1242	2025-02-06T11:46:00Z
S00199	W0006754	1136	2025-02-10T11:27:00Z
S00799	W0006755	1171	2025-02-11T23:39:00Z
S00799	W0006756	851	2025-02-12T13:31:00Z
S00799	W0006757	1392	2025-02-08T11:17:00Z
S00799	W0006758	886	2025-02-11T13:38:00Z
S00799	W0006759	253	2025-02-10T21:07:00Z
S00799	W0006760	686	2025-02-14T22:18:00Z
S00799	W0006761	24	2025-02-26T18:36:00Z
S00799	W0006762	1222	2025-02-02T01:39:00Z
S00799	W0006763	473	2025-02-02T17:17:00Z
S00799	W0006764	1327	2025-02-13T18:50:00Z
S00799	W0006765	1109	2025-02-14T21:10:00Z
S00799	W0006766	1362	2025-02-19T17:27:00Z
S00799	W0006767	1728	2025-02-03T09:30:00Z
S00799	W0006768	512	2025-02-17T22:58:00Z
S00799	W0006769	1392	2025-02-10T00:54:00Z
S00374	W0006770	455	2025-02-27T00:01:00Z
S00374	W0006771	1666	2025-02-25T18:12:00Z
S00374	W0006772	1361	2025-02-08T22:39:00Z
S00374	W0006773	1639	2025-02-11T15:39:00Z
S00374	W0006774	1696	2025-02-22T00:18:00Z
S00374	W0006775	609	2025-02-13T23:01:00Z
S00374	W0006776	1411	2025-02-08T15:57:00Z
S00374	W0006777	1278	2025-02-16T22:34:00Z
S00374	W0006778	866	2025-02-01T02:02:00Z
S00374	W0006779	164	2025-02-12T03:42:00Z
S00374	W0006780	1055	2025-02-07T17:21:00Z
S00374	W0006781	526	2025-02-23T22:31:00Z
S00481	W0006782	996	2025-02-07T03:35:00Z
S00481	W0006783	1219	2025-02-01T18:57:00Z
S00481	W0006784	1660	2025-02-10T02:00:00Z
S00481	W0006785	731	2025-02-21T11:13:00Z
S00481	W0006786	962	2025-02-13T12:03:00Z
S00481	W0006787	1532	2025-02-05T09:04:00Z
S00481	W0006788	809	2025-02-15T01:06:00Z
S00481	W0006789	1657	2025-02-27T16:07:00Z
S00481	W0006790	222	2025-02-08T17:30:00Z
S01496	W0006791	346	2025-02-19T14:45:00Z
S01496	W0006792	30	2025-02-24T12:55:00Z
S01496	W0006793	670	2025-02-13T00:22:00Z
S01496	W0006794	1623	2025-02-19T05:59:00Z
S01496	W0006795	1304	2025-02-04T21:57:00Z
S01496	W0006796	114	2025-02-14T23:23:00Z
S01496	W0006797	1784	2025-02-04T17:12:00Z
S01496	W0006798	286	2025-02-18T12:28:00Z
S01496	W0006799	1426	2025-02-25T08:00:00Z
S01496	W0006800	557	2025-02-15T07:08:00Z
S01496	W0006801	91	2025-02-09T04:18:00Z
S01496	W0006802	1343	2025-02-17T16:14:00Z
S01496	W0006803	935	2025-02-02T04:18:00Z
S01496	W0006804	1767	2025-02-16T02:21:00Z
S01496	W0006805	1340	2025-02-17T21:57:00Z
S01496	W0006806	1766	2025-02-27T10:27:00Z
S01496	W0006807	1769	2025-02-12T04:43:00Z
S01496	W0006808	1457	2025-02-10T16:11:00Z
S01496	W0006809	232	2025-02-11T10:42:00Z
S01496	W0006810	1672	2025-02-10T10:33:00Z
S01496	W0006811	854	2025-02-24T04:05:00Z
S01496	W0006812	1475	2025-02-08T05:04:00Z
S01496	W0006813	248	2025-02-25T10:33:00Z
S01496	W0006814	266	2025-02-17T17:22:00Z
S01496	W0006815	401	2025-02-11T11:02:00Z
S01496	W0006816	589	2025-02-25T19:13:00Z
S01496	W0006817	1668	2025-02-10T00:24:00Z
S01023	W0006818	92	2025-02-11T00:00:00Z
S01023	W0006819	173	2025-02-28T11:36:00Z
S01023	W0006820	546	2025-02-26T00:16:00Z
S01023	W0006821	1671	2025-02-18T21:57:00Z
S01023	W0006822	1649	2025-02-27T19:18:00Z
S01023	W0006823	847	2025-02-07T06:06:00Z
S00992	W0006824	1521	2025-02-25T21:28:00Z
S00992	W0006825	522	2025-02-11T13:05:00Z
S00992	W0006826	1022	2025-02-25T01:15:00Z
S00992	W0006827	949	2025-02-13T04:40:00Z
S00992	W0006828	349	2025-02-20T22:13:00Z
S00910	W0006829	905	2025-02-12T20:41:00Z
S00910	W0006830	932	2025-02-17T15:39:00Z
S00910	W0006831	783	2025-02-12T14:23:00Z
S00910	W0006832	1667	2025-02-11T01:07:00Z
S00910	W0006833	1263	2025-02-07T04:19:00Z
S00910	W0006834	1611	2025-02-15T03:52:00Z
S00910	W0006835	336	2025-02-14T05:54:00Z
S00910	W0006836	1220	2025-02-08T13:58:00Z
S00910	W0006837	1496	2025-02-10T02:47:00Z
S00910	W0006838	714	2025-02-05T23:37:00Z
S00910	W0006839	504	2025-02-28T01:26:00Z
S00910	W0006840	915	2025-02-08T16:32:00Z
S00910	W0006841	1542	2025-02-19T15:50:00Z
S00910	W0006842	1191	2025-02-15T15:48:00Z
S00910	W0006843	1032	2025-02-03T01:27:00Z
S00910	W0006844	151	2025-02-06T07:00:00Z
S01385	W0006845	477	2025-02-19T12:27:00Z
S01385	W0006846	519	2025-02-16T03:40:00Z
S01385	W0006847	986	2025-02-01T11:24:00Z
S01385	W0006848	243	2025-02-11T22:26:00Z
S01385	W0006849	1193	2025-02-09T01:34:00Z
S01385	W0006850	564	2025-02-01T22:14:00Z
S01385	W0006851	798	2025-02-27T13:08:00Z
S01385	W0006852	1135	2025-02-11T14:43:00Z
S01385	W0006853	896	2025-02-01T16:06:00Z
S01385	W0006854	413	2025-02-24T10:29:00Z
S01385	W0006855	480	2025-02-26T12:34:00Z
S01385	W0006856	470	2025-02-25T02:24:00Z
S01385	W0006857	878	2025-02-12T22:58:00Z
S01385	W0006858	914	2025-02-13T18:51:00Z
S01385	W0006859	1534	2025-02-10T06:45:00Z
S01385	W0006860	1573	2025-02-26T14:27:00Z
S01385	W0006861	356	2025-02-15T09:21:00Z
S01385	W0006862	890	2025-02-21T02:53:00Z
S01385	W0006863	1751	2025-02-13T19:06:00Z
S01385	W0006864	730	2025-02-15T08:51:00Z
S01385	W0006865	184	2025-02-05T18:17:00Z
S01385	W0006866	1320	2025-02-11T14:08:00Z
S01385	W0006867	105	2025-02-02T07:12:00Z
S01385	W0006868	1363	2025-02-18T14:37:00Z
S01385	W0006869	1016	2025-02-06T05:06:00Z
S01799	W0006870	1541	2025-02-02T01:35:00Z
S01799	W0006871	518	2025-02-23T17:57:00Z
S01799	W0006872	1430	2025-02-07T02:50:00Z
S01799	W0006873	484	2025-02-04T00:12:00Z
S01799	W0006874	1047	2025-02-24T15:12:00Z
S01799	W0006875	424	2025-02-07T09:11:00Z
S01799	W0006876	749	2025-02-05T14:04:00Z
S01799	W0006877	1398	2025-02-22T18:53:00Z
S01799	W0006878	460	2025-02-22T11:11:00Z
S01799	W0006879	1028	2025-02-17T01:52:00Z
S01799	W0006880	1416	2025-02-22T05:21:00Z
S01799	W0006881	273	2025-02-03T17:25:00Z
S01799	W0006882	681	2025-02-28T19:39:00Z
S01799	W0006883	269	2025-02-12T00:44:00Z
S01799	W0006884	748	2025-02-28T22:11:00Z
S01154	W0006885	1311	2025-02-16T12:15:00Z
S01154	W0006886	115	2025-02-03T23:15:00Z
S01154	W0006887	799	2025-02-01T11:22:00Z
S01154	W0006888	1796	2025-02-14T15:33:00Z
S01154	W0006889	766	2025-02-23T14:44:00Z
S01154	W0006890	171	2025-02-13T13:59:00Z
S01154	W0006891	60	2025-02-26T16:48:00Z
S01154	W0006892	1443	2025-02-23T10:33:00Z
S01154	W0006893	69	2025-02-12T02:39:00Z
S01154	W0006894	276	2025-02-15T22:53:00Z
S01154	W0006895	1457	2025-02-05T04:01:00Z
S01154	W0006896	336	2025-02-25T16:16:00Z
S01154	W0006897	1785	2025-02-11T08:24:00Z
S01154	W0006898	143	2025-02-24T21:23:00Z
S01154	W0006899	1459	2025-02-13T23:31:00Z
S01154	W0006900	997	2025-02-05T20:42:00Z
S01154	W0006901	1619	2025-02-08T19:45:00Z
S01154	W0006902	1472	2025-02-24T09:22:00Z
S01154	W0006903	370	2025-02-04T12:16:00Z
S01154	W0006904	1709	2025-02-02T08:33:00Z
S01154	W0006905	713	2025-02-27T08:57:00Z
S00145	W0006906	501	2025-02-21T18:14:00Z
S00145	W0006907	963	2025-02-27T07:01:00Z
S00145	W0006908	991	2025-02-10T12:29:00Z
S00145	W0006909	719	2025-02-17T10:00:00Z
S00145	W0006910	1050	2025-02-13T13:52:00Z
S00145	W0006911	1636	2025-02-21T21:55:00Z
S00145	W0006912	1312	2025-02-24T10:36:00Z
S00145	W0006913	279	2025-02-26T14:57:00Z
S00145	W0006914	475	2025-02-19T13:31:00Z
S00145	W0006915	258	2025-02-04T00:40:00Z
S00145	W0006916	267	2025-02-22T21:13:00Z
S00145	W0006917	296	2025-02-06T09:03:00Z
S00145	W0006918	798	2025-02-23T23:24:00Z
S00145	W0006919	915	2025-02-27T16:54:00Z
S00145	W0006920	697	2025-02-23T20:38:00Z
S00145	W0006921	1255	2025-02-01T05:20:00Z
S00145	W0006922	1548	2025-02-06T03:53:00Z
S00145	W0006923	594	2025-02-07T21:24:00Z
S00145	W0006924	239	2025-02-18T09:33:00Z
S00145	W0006925	371	2025-02-13T05:35:00Z
S00145	W0006926	161	2025-02-16T13:55:00Z
S01199	W0006927	1034	2025-02-25T17:04:00Z
S01199	W0006928	503	2025-02-20T17:39:00Z
S01199	W0006929	1041	2025-02-24T06:11:00Z
S01199	W0006930	1059	2025-02-08T06:45:00Z
S01199	W0006931	848	2025-02-22T09:45:00Z
S01199	W0006932	729	2025-02-18T06:27:00Z
S01199	W0006933	988	2025-02-10T07:48:00Z
S01199	W0006934	895	2025-02-13T06:03:00Z
S01199	W0006935	325	2025-02-21T13:36:00Z
S01199	W0006936	1348	2025-02-18T20:50:00Z
S01199	W0006937	152	2025-02-25T01:36:00Z
S01199	W0006938	27	2025-02-23T21:46:00Z
S01199	W0006939	1332	2025-02-09T03:33:00Z
S01199	W0006940	520	2025-02-09T20:58:00Z
S01199	W0006941	1544	2025-02-18T03:28:00Z
S01199	W0006942	1735	2025-02-11T17:23:00Z
S01199	W0006943	1101	2025-02-20T22:21:00Z
S01199	W0006944	1378	2025-02-23T03:59:00Z
S01199	W0006945	548	2025-02-12T09:23:00Z
S01199	W0006946	159	2025-02-09T00:59:00Z
S00080	W0006947	70	2025-02-03T09:08:00Z
S00080	W0006948	691	2025-02-25T10:24:00Z
S00080	W0006949	506	2025-02-15T22:38:00Z
S00080	W0006950	1449	2025-02-06T09:52:00Z
S00080	W0006951	1680	2025-02-25T10:10:00Z
S00080	W0006952	1331	2025-02-27T02:09:00Z
S00080	W0006953	1011	2025-02-17T19:18:00Z
S00080	W0006954	1236	2025-02-26T22:17:00Z
S00080	W0006955	1191	2025-02-19T16:21:00Z
S00080	W0006956	535	2025-02-14T05:27:00Z
S00080	W0006957	195	2025-02-09T03:27:00Z
S00080	W0006958	1206	2025-02-11T19:42:00Z
S00080	W0006959	700	2025-02-27T00:52:00Z
S00080	W0006960	466	2025-02-16T04:09:00Z
S00080	W0006961	1117	2025-02-23T17:53:00Z
S00080	W0006962	111	2025-02-03T03:37:00Z
S00511	W0006963	1329	2025-02-07T18:28:00Z
S00511	W0006964	135	2025-02-07T17:26:00Z
S00511	W0006965	1137	2025-02-26T09:48:00Z
S00511	W0006966	1786	2025-02-10T18:48:00Z
S00511	W0006967	1382	2025-02-14T00:20:00Z
S00511	W0006968	1425	2025-02-20T05:17:00Z
S00511	W0006969	1766	2025-02-03T17:12:00Z
S00511	W0006970	719	2025-02-13T18:29:00Z
S00511	W0006971	1716	2025-02-28T00:16:00Z
S00511	W0006972	421	2025-02-10T01:38:00Z
S00511	W0006973	1499	2025-02-02T08:09:00Z
S00511	W0006974	272	2025-02-16T02:25:00Z
S00511	W0006975	1493	2025-02-22T23:08:00Z
S00511	W0006976	100	2025-02-26T23:38:00Z
S00511	W0006977	900	2025-02-25T23:46:00Z
S00511	W0006978	125	2025-02-28T03:18:00Z
S00511	W0006979	443	2025-02-27T09:31:00Z
S00511	W0006980	215	2025-02-06T21:37:00Z
S00511	W0006981	1035	2025-02-09T13:03:00Z
S00511	W0006982	1280	2025-02-07T02:30:00Z
S00511	W0006983	798	2025-02-11T04:49:00Z
S00511	W0006984	1711	2025-02-04T21:53:00Z
S00511	W0006985	1231	2025-02-22T10:31:00Z
S00511	W0006986	478	2025-02-02T16:37:00Z
S00511	W0006987	1668	2025-02-25T09:31:00Z
S00511	W0006988	863	2025-02-18T12:27:00Z
S00511	W0006989	1695	2025-02-01T15:22:00Z
S00511	W0006990	1371	2025-02-22T20:04:00Z
S00511	W0006991	865	2025-02-23T12:06:00Z
S00511	W0006992	808	2025-02-03T17:41:00Z
S01043	W0006993	698	2025-02-19T22:22:00Z
S01043	W0006994	1544	2025-02-21T01:09:00Z
S01043	W0006995	683	2025-02-10T18:46:00Z
S01043	W0006996	110	2025-02-16T11:19:00Z
S01043	W0006997	1578	2025-02-11T07:00:00Z
S01043	W0006998	376	2025-02-17T00:02:00Z
S01043	W0006999	1112	2025-02-02T13:55:00Z
S01043	W0007000	1161	2025-02-26T15:41:00Z
S01043	W0007001	1576	2025-02-27T18:30:00Z
S01043	W0007002	1022	2025-02-02T15:13:00Z
S01043	W0007003	975	2025-02-04T22:51:00Z
S01043	W0007004	923	2025-02-23T13:50:00Z
S01043	W0007005	1497	2025-02-13T12:32:00Z
S01043	W0007006	1412	2025-02-05T00:18:00Z
S01043	W0007007	1582	2025-02-21T08:10:00Z
S01043	W0007008	591	2025-02-24T04:45:00Z
S01043	W0007009	255	2025-02-20T23:49:00Z
S01043	W0007010	745	2025-02-11T13:03:00Z
S00726	W0007011	1318	2025-02-05T07:23:00Z
S00726	W0007012	1162	2025-02-26T09:45:00Z
S00726	W0007013	1659	2025-02-25T20:35:00Z
S00726	W0007014	1153	2025-02-10T17:25:00Z
S00726	W0007015	1665	2025-02-08T20:14:00Z
S00726	W0007016	681	2025-02-02T08:50:00Z
S00726	W0007017	859	2025-02-07T05:20:00Z
S00726	W0007018	536	2025-02-19T02:18:00Z
S00726	W0007019	402	2025-02-18T16:54:00Z
S00726	W0007020	256	2025-02-03T00:49:00Z
S00726	W0007021	929	2025-02-21T22:39:00Z
S00726	W0007022	1680	2025-02-21T15:25:00Z
S00726	W0007023	1634	2025-02-25T17:45:00Z
S00726	W0007024	617	2025-02-20T19:55:00Z
S00726	W0007025	302	2025-02-08T14:30:00Z
S00726	W0007026	297	2025-02-11T06:40:00Z
S00726	W0007027	492	2025-02-16T11:42:00Z
S00726	W0007028	1130	2025-02-05T04:43:00Z
S00726	W0007029	198	2025-02-22T20:17:00Z
S00726	W0007030	1663	2025-02-28T11:24:00Z
S00726	W0007031	148	2025-02-19T14:33:00Z
S00726	W0007032	1226	2025-02-13T20:51:00Z
S00726	W0007033	680	2025-02-23T12:44:00Z
S00726	W0007034	168	2025-02-17T07:04:00Z
S00726	W0007035	1273	2025-02-09T10:47:00Z
S00726	W0007036	406	2025-02-05T19:37:00Z
S01859	W0007037	519	2025-02-16T02:06:00Z
S01859	W0007038	1267	2025-02-10T04:21:00Z
S01859	W0007039	597	2025-02-02T01:15:00Z
S01859	W0007040	1147	2025-02-09T22:16:00Z
S01859	W0007041	1010	2025-02-26T21:23:00Z
S01859	W0007042	1573	2025-02-12T21:53:00Z
S01859	W0007043	1089	2025-02-18T13:31:00Z
S01859	W0007044	1020	2025-02-16T16:01:00Z
S01859	W0007045	1390	2025-02-11T19:20:00Z
S01859	W0007046	205	2025-02-16T00:13:00Z
S01859	W0007047	425	2025-02-25T09:04:00Z
S01859	W0007048	753	2025-02-03T15:18:00Z
S01859	W0007049	996	2025-02-27T02:55:00Z
S01859	W0007050	1627	2025-02-04T22:26:00Z
S01859	W0007051	1059	2025-02-15T01:15:00Z
S01859	W0007052	785	2025-02-23T12:57:00Z
S01859	W0007053	600	2025-02-04T23:21:00Z
S01859	W0007054	261	2025-02-20T19:11:00Z
S01859	W0007055	419	2025-02-21T06:19:00Z
S01859	W0007056	68	2025-02-22T15:03:00Z
S01859	W0007057	301	2025-02-22T22:24:00Z
S01859	W0007058	777	2025-02-10T17:42:00Z
S01859	W0007059	1339	2025-02-17T03:02:00Z
S01859	W0007060	129	2025-02-25T19:11:00Z
S01859	W0007061	241	2025-02-12T13:03:00Z
S01859	W0007062	1148	2025-02-18T13:07:00Z
S01859	W0007063	534	2025-02-05T17:11:00Z
S00402	W0007064	1649	2025-02-01T20:57:00Z
S00402	W0007065	22	2025-02-27T03:05:00Z
S00402	W0007066	60	2025-02-18T16:29:00Z
S00402	W0007067	1631	2025-02-14T00:12:00Z
S00402	W0007068	1650	2025-02-28T18:44:00Z
S00402	W0007069	185	2025-02-28T04:30:00Z
S00402	W0007070	1657	2025-02-16T02:28:00Z
S00402	W0007071	1769	2025-02-05T16:19:00Z
S00402	W0007072	1168	2025-02-24T17:02:00Z
S00402	W0007073	375	2025-02-16T18:36:00Z
S00402	W0007074	719	2025-02-24T00:12:00Z
S00402	W0007075	21	2025-02-11T08:09:00Z
S00402	W0007076	1131	2025-02-12T13:01:00Z
S00402	W0007077	1140	2025-02-13T15:52:00Z
S00402	W0007078	466	2025-02-12T04:13:00Z
S00402	W0007079	463	2025-02-05T16:02:00Z
S00402	W0007080	1008	2025-02-17T07:12:00Z
S00402	W0007081	317	2025-02-17T05:06:00Z
S00402	W0007082	1225	2025-02-04T15:23:00Z
S00402	W0007083	710	2025-02-03T11:30:00Z
S00402	W0007084	916	2025-02-04T05:54:00Z
S00402	W0007085	1012	2025-02-25T22:08:00Z
S00402	W0007086	1235	2025-02-28T05:05:00Z
S00402	W0007087	428	2025-02-01T22:54:00Z
S00402	W0007088	1040	2025-02-02T06:23:00Z
S00833	W0007089	695	2025-02-28T08:20:00Z
S00833	W0007090	767	2025-02-26T05:10:00Z
S00833	W0007091	199	2025-02-01T22:28:00Z
S00833	W0007092	91	2025-02-10T11:17:00Z
S00833	W0007093	573	2025-02-12T00:44:00Z
S00833	W0007094	721	2025-02-26T07:05:00Z
S00833	W0007095	202	2025-02-28T15:43:00Z
S00833	W0007096	1224	2025-02-09T16:55:00Z
S00833	W0007097	873	2025-02-25T06:16:00Z
S00833	W0007098	321	2025-02-15T15:04:00Z
S00833	W0007099	1006	2025-02-03T23:45:00Z
S00833	W0007100	1141	2025-02-06T05:24:00Z
S01959	W0007101	1747	2025-02-22T19:10:00Z
S01959	W0007102	1482	2025-02-28T10:37:00Z
S01959	W0007103	931	2025-02-10T09:20:00Z
S01959	W0007104	1143	2025-02-14T05:49:00Z
S01183	W0007105	454	2025-02-02T09:48:00Z
S01183	W0007106	59	2025-02-18T15:38:00Z
S01183	W0007107	1611	2025-02-20T10:40:00Z
S01183	W0007108	1225	2025-02-11T12:14:00Z
S01183	W0007109	1356	2025-02-04T01:50:00Z
S01183	W0007110	1491	2025-02-25T18:50:00Z
S01183	W0007111	1102	2025-02-03T06:58:00Z
S01183	W0007112	1717	2025-02-05T13:04:00Z
S01183	W0007113	701	2025-02-01T08:01:00Z
S01183	W0007114	706	2025-02-13T17:21:00Z
S01183	W0007115	1151	2025-02-04T22:16:00Z
S01183	W0007116	433	2025-02-13T13:48:00Z
S01183	W0007117	63	2025-02-13T17:15:00Z
S01183	W0007118	598	2025-02-16T02:18:00Z
S01183	W0007119	718	2025-02-11T07:19:00Z
S01183	W0007120	993	2025-02-02T19:40:00Z
S01183	W0007121	183	2025-02-03T21:19:00Z
S01183	W0007122	483	2025-02-13T05:03:00Z
S01183	W0007123	889	2025-02-20T23:25:00Z
S01183	W0007124	1421	2025-02-26T04:55:00Z
S01183	W0007125	1440	2025-02-16T17:33:00Z
S01183	W0007126	353	2025-02-10T14:16:00Z
S01183	W0007127	1339	2025-02-12T10:29:00Z
S01183	W0007128	1351	2025-02-04T08:40:00Z
S01183	W0007129	1770	2025-02-15T18:37:00Z
S01739	W0007130	934	2025-02-19T12:38:00Z
S01739	W0007131	594	2025-02-15T04:55:00Z
S01739	W0007132	1771	2025-02-24T18:24:00Z
S01739	W0007133	990	2025-02-08T16:19:00Z
S01739	W0007134	1779	2025-02-18T03:12:00Z
S01739	W0007135	1207	2025-02-06T13:40:00Z
S01032	W0007136	1771	2025-02-20T09:49:00Z
S01032	W0007137	1618	2025-02-28T01:38:00Z
S01032	W0007138	497	2025-02-23T19:02:00Z
S01032	W0007139	1604	2025-02-19T04:51:00Z
S01032	W0007140	162	2025-02-10T17:18:00Z
S01032	W0007141	279	2025-02-06T10:39:00Z
S01032	W0007142	404	2025-02-12T12:20:00Z
S01032	W0007143	1419	2025-02-23T08:36:00Z
S01032	W0007144	1166	2025-02-23T12:03:00Z
S01032	W0007145	699	2025-02-17T08:18:00Z
S01032	W0007146	1167	2025-02-22T11:59:00Z
S01032	W0007147	1401	2025-02-09T10:48:00Z
S01032	W0007148	423	2025-02-24T04:45:00Z
S01032	W0007149	939	2025-02-04T00:00:00Z
S01032	W0007150	703	2025-02-17T18:11:00Z
S01032	W0007151	78	2025-02-20T06:03:00Z
S01032	W0007152	121	2025-02-21T23:27:00Z
S01032	W0007153	1493	2025-02-21T00:55:00Z
S01032	W0007154	271	2025-02-28T15:50:00Z
S01032	W0007155	1214	2025-02-19T07:38:00Z
S01032	W0007156	1476	2025-02-02T07:14:00Z
S01032	W0007157	823	2025-02-12T00:19:00Z
S01032	W0007158	806	2025-02-04T17:04:00Z
S01032	W0007159	891	2025-02-20T14:06:00Z
S01127	W0007160	87	2025-02-08T02:19:00Z
S01127	W0007161	60	2025-02-15T12:28:00Z
S01127	W0007162	333	2025-02-08T09:06:00Z
S01127	W0007163	518	2025-02-09T06:07:00Z
S01127	W0007164	838	2025-02-27T02:58:00Z
S01127	W0007165	257	2025-02-27T11:33:00Z
S01127	W0007166	1054	2025-02-27T13:31:00Z
S01127	W0007167	1713	2025-02-04T08:14:00Z
S01127	W0007168	1024	2025-02-21T09:01:00Z
S01127	W0007169	1064	2025-02-24T09:48:00Z
S01127	W0007170	1046	2025-02-10T10:26:00Z
S01127	W0007171	225	2025-02-20T18:59:00Z
S01127	W0007172	1438	2025-02-26T00:17:00Z
S01127	W0007173	1190	2025-02-08T14:40:00Z
S01127	W0007174	1422	2025-02-11T15:31:00Z
S01127	W0007175	658	2025-02-07T20:18:00Z
S01127	W0007176	678	2025-02-06T08:06:00Z
S01127	W0007177	112	2025-02-19T05:20:00Z
S01127	W0007178	656	2025-02-19T20:23:00Z
S01127	W0007179	48	2025-02-27T19:41:00Z
S01127	W0007180	1686	2025-02-15T11:06:00Z
S00902	W0007181	715	2025-02-01T12:25:00Z
S00902	W0007182	1180	2025-02-03T01:15:00Z
S00902	W0007183	1586	2025-02-15T18:43:00Z
S00902	W0007184	1588	2025-02-09T22:18:00Z
S00902	W0007185	1152	2025-02-15T02:06:00Z
S00902	W0007186	431	2025-02-23T21:09:00Z
S00902	W0007187	1204	2025-02-14T13:21:00Z
S00902	W0007188	491	2025-02-15T16:19:00Z
S00739	W0007189	1444	2025-02-01T17:38:00Z
S00739	W0007190	1487	2025-02-08T01:08:00Z
S00739	W0007191	1679	2025-02-06T17:19:00Z
S00739	W0007192	1505	2025-02-04T07:06:00Z
S00739	W0007193	457	2025-02-23T19:42:00Z
S00739	W0007194	1103	2025-02-12T06:37:00Z
S00739	W0007195	658	2025-02-17T12:16:00Z
S00739	W0007196	578	2025-02-23T23:34:00Z
S00739	W0007197	1673	2025-02-27T07:52:00Z
S00739	W0007198	1138	2025-02-20T09:44:00Z
S00739	W0007199	1030	2025-02-11T06:21:00Z
S00739	W0007200	1774	2025-02-24T23:06:00Z
S00739	W0007201	250	2025-02-13T21:51:00Z
S01433	W0007202	181	2025-02-10T08:46:00Z
S01433	W0007203	289	2025-02-02T00:51:00Z
S01433	W0007204	845	2025-02-22T07:56:00Z
S01433	W0007205	662	2025-02-23T11:39:00Z
S01433	W0007206	950	2025-02-28T09:56:00Z
S01433	W0007207	329	2025-02-23T04:09:00Z
S01433	W0007208	1362	2025-02-12T08:17:00Z
S01433	W0007209	43	2025-02-05T08:12:00Z
S01433	W0007210	1109	2025-02-11T19:53:00Z
S00638	W0007211	1562	2025-02-20T11:31:00Z
S00638	W0007212	1286	2025-02-26T22:11:00Z
S00638	W0007213	383	2025-02-21T23:33:00Z
S00638	W0007214	912	2025-02-23T19:58:00Z
S00638	W0007215	745	2025-02-16T17:12:00Z
S00638	W0007216	878	2025-02-17T04:24:00Z
S00638	W0007217	44	2025-02-26T09:40:00Z
S00638	W0007218	688	2025-02-18T06:49:00Z
S00638	W0007219	786	2025-02-22T18:15:00Z
S00638	W0007220	225	2025-02-24T09:05:00Z
S00638	W0007221	1493	2025-02-15T13:04:00Z
S00638	W0007222	522	2025-02-22T09:44:00Z
S00638	W0007223	277	2025-02-15T15:46:00Z
S00638	W0007224	166	2025-02-11T05:16:00Z
S00638	W0007225	1623	2025-02-27T14:57:00Z
S00638	W0007226	1362	2025-02-12T00:37:00Z
S00638	W0007227	1295	2025-02-28T05:54:00Z
S00638	W0007228	615	2025-02-07T03:41:00Z
S00638	W0007229	872	2025-02-27T16:16:00Z
S00638	W0007230	593	2025-02-22T22:47:00Z
S00638	W0007231	336	2025-02-28T18:32:00Z
S00638	W0007232	1498	2025-02-21T08:06:00Z
S01530	W0007233	553	2025-02-07T19:57:00Z
S01530	W0007234	1207	2025-02-22T20:19:00Z
S01530	W0007235	451	2025-02-12T03:19:00Z
S01530	W0007236	653	2025-02-13T04:40:00Z
S01530	W0007237	1118	2025-02-21T07:06:00Z
S01530	W0007238	331	2025-02-16T14:27:00Z
S01530	W0007239	1440	2025-02-02T09:52:00Z
S01530	W0007240	1054	2025-02-12T09:49:00Z
S01530	W0007241	1274	2025-02-09T21:20:00Z
S01530	W0007242	1242	2025-02-20T05:05:00Z
S01530	W0007243	1614	2025-02-25T16:03:00Z
S01530	W0007244	1633	2025-02-06T04:28:00Z
S01530	W0007245	932	2025-02-26T14:34:00Z
S01530	W0007246	231	2025-02-16T09:06:00Z
S01530	W0007247	180	2025-02-06T06:23:00Z
S01530	W0007248	1705	2025-02-05T13:36:00Z
S01530	W0007249	218	2025-02-05T18:43:00Z
S01530	W0007250	1283	2025-02-15T21:51:00Z
S00216	W0007251	1708	2025-02-21T02:12:00Z
S00216	W0007252	1186	2025-02-22T08:35:00Z
S00216	W0007253	1003	2025-02-28T03:12:00Z
S00216	W0007254	999	2025-02-22T21:42:00Z
S00216	W0007255	1577	2025-02-10T17:15:00Z
S00216	W0007256	1796	2025-02-23T16:32:00Z
S00216	W0007257	1234	2025-02-15T13:49:00Z
S00216	W0007258	1793	2025-02-06T16:23:00Z
S00216	W0007259	81	2025-02-18T01:34:00Z
S00216	W0007260	1091	2025-02-08T09:30:00Z
S00216	W0007261	1223	2025-02-04T02:39:00Z
S00216	W0007262	509	2025-02-09T20:31:00Z
S00216	W0007263	1488	2025-02-25T00:58:00Z
S00254	W0007264	758	2025-02-10T05:46:00Z
S00254	W0007265	414	2025-02-10T05:18:00Z
S00254	W0007266	1541	2025-02-22T05:53:00Z
S00254	W0007267	1535	2025-02-15T07:59:00Z
S00254	W0007268	1656	2025-02-06T07:54:00Z
S00254	W0007269	429	2025-02-17T19:37:00Z
S00254	W0007270	1450	2025-02-27T01:55:00Z
S00254	W0007271	286	2025-02-04T17:43:00Z
S00254	W0007272	976	2025-02-22T04:34:00Z
S00254	W0007273	1349	2025-02-09T09:04:00Z
S00254	W0007274	1473	2025-02-08T20:05:00Z
S00254	W0007275	1605	2025-02-22T08:39:00Z
S00254	W0007276	1770	2025-02-19T12:43:00Z
S00254	W0007277	1280	2025-02-20T03:16:00Z
S00254	W0007278	1433	2025-02-07T20:31:00Z
S00254	W0007279	515	2025-02-23T01:49:00Z
S00254	W0007280	1620	2025-02-25T11:47:00Z
S00254	W0007281	535	2025-02-01T17:30:00Z
S00254	W0007282	1675	2025-02-14T06:35:00Z
S00254	W0007283	1455	2025-02-02T03:24:00Z
S00254	W0007284	1299	2025-02-07T07:20:00Z
S00254	W0007285	268	2025-02-26T23:03:00Z
S00254	W0007286	1786	2025-02-22T10:19:00Z
S00254	W0007287	1250	2025-02-13T07:25:00Z
S00254	W0007288	1755	2025-02-24T05:17:00Z
S00520	W0007289	1724	2025-02-09T07:00:00Z
S00520	W0007290	475	2025-02-13T18:01:00Z
S00520	W0007291	1494	2025-02-11T13:09:00Z
S00520	W0007292	1481	2025-02-16T16:48:00Z
S00520	W0007293	724	2025-02-16T01:07:00Z
S00520	W0007294	676	2025-02-02T20:35:00Z
S00793	W0007295	863	2025-02-25T12:34:00Z
S00793	W0007296	443	2025-02-08T07:45:00Z
S00793	W0007297	1199	2025-02-23T19:33:00Z
S00793	W0007298	862	2025-02-08T07:17:00Z
S00793	W0007299	1009	2025-02-14T22:13:00Z
S00793	W0007300	1035	2025-02-26T05:30:00Z
S00793	W0007301	28	2025-02-28T05:30:00Z
S00793	W0007302	716	2025-02-24T22:10:00Z
S00793	W0007303	29	2025-02-12T08:14:00Z
S00793	W0007304	1403	2025-02-01T04:20:00Z
S00793	W0007305	589	2025-02-17T23:55:00Z
S00793	W0007306	1488	2025-02-22T02:03:00Z
S00793	W0007307	1671	2025-02-17T01:58:00Z
S00793	W0007308	1515	2025-02-03T17:45:00Z
S00793	W0007309	1196	2025-02-20T10:07:00Z
S00793	W0007310	81	2025-02-05T05:49:00Z
S00793	W0007311	1696	2025-02-27T17:29:00Z
S00793	W0007312	1302	2025-02-10T17:25:00Z
S00793	W0007313	992	2025-02-04T09:51:00Z
S00793	W0007314	734	2025-02-11T12:13:00Z
S01711	W0007315	29	2025-02-13T21:09:00Z
S01711	W0007316	270	2025-02-26T14:58:00Z
S01711	W0007317	1244	2025-02-03T10:13:00Z
S01711	W0007318	461	2025-02-04T00:23:00Z
S01711	W0007319	1633	2025-02-15T00:57:00Z
S01088	W0007320	200	2025-02-04T15:07:00Z
S01088	W0007321	589	2025-02-17T03:19:00Z
S01088	W0007322	190	2025-02-08T18:25:00Z
S01088	W0007323	1757	2025-02-10T20:11:00Z
S01088	W0007324	1385	2025-02-20T06:38:00Z
S01088	W0007325	1600	2025-02-06T07:56:00Z
S01088	W0007326	1009	2025-02-25T18:35:00Z
S01088	W0007327	1286	2025-02-24T23:18:00Z
S01088	W0007328	1605	2025-02-17T11:50:00Z
S01088	W0007329	1650	2025-02-03T04:40:00Z
S01088	W0007330	1397	2025-02-21T19:39:00Z
S01088	W0007331	1368	2025-02-15T15:57:00Z
S01088	W0007332	1544	2025-02-27T00:50:00Z
S01088	W0007333	1726	2025-02-24T02:55:00Z
S01088	W0007334	1484	2025-02-03T12:31:00Z
S01088	W0007335	615	2025-02-21T03:40:00Z
S01088	W0007336	1119	2025-02-12T17:27:00Z
S01088	W0007337	1358	2025-02-07T18:28:00Z
S00240	W0007338	371	2025-02-11T13:24:00Z
S00240	W0007339	744	2025-02-06T20:09:00Z
S00240	W0007340	992	2025-02-15T23:56:00Z
S00240	W0007341	1698	2025-02-25T18:36:00Z
S00240	W0007342	1411	2025-02-10T23:15:00Z
S00240	W0007343	293	2025-02-13T02:13:00Z
S00240	W0007344	708	2025-02-02T11:12:00Z
S00240	W0007345	1094	2025-02-06T19:51:00Z
S00240	W0007346	905	2025-02-06T19:45:00Z
S00240	W0007347	1420	2025-02-21T02:43:00Z
S00240	W0007348	604	2025-02-21T23:15:00Z
S00240	W0007349	128	2025-02-08T05:24:00Z
S00240	W0007350	1377	2025-02-05T20:46:00Z
S00240	W0007351	1732	2025-02-26T17:44:00Z
S00240	W0007352	259	2025-02-27T13:18:00Z
S00240	W0007353	60	2025-02-23T11:34:00Z
S00240	W0007354	95	2025-02-15T20:31:00Z
S00240	W0007355	1420	2025-02-09T12:44:00Z
S00240	W0007356	1422	2025-02-17T10:08:00Z
S00240	W0007357	1205	2025-02-23T01:17:00Z
S00240	W0007358	639	2025-02-01T06:10:00Z
S00240	W0007359	309	2025-02-20T22:43:00Z
S00240	W0007360	360	2025-02-27T23:38:00Z
S00240	W0007361	1493	2025-02-24T18:09:00Z
S00240	W0007362	920	2025-02-11T04:18:00Z
S00240	W0007363	1625	2025-02-16T16:00:00Z
S00564	W0007364	192	2025-02-23T20:35:00Z
S00564	W0007365	1560	2025-02-15T06:24:00Z
S00564	W0007366	1184	2025-02-12T14:46:00Z
S00564	W0007367	1399	2025-02-24T12:35:00Z
S00564	W0007368	1099	2025-02-09T19:53:00Z
S00564	W0007369	558	2025-02-14T17:53:00Z
S00564	W0007370	244	2025-02-17T15:40:00Z
S00564	W0007371	678	2025-02-23T21:40:00Z
S00564	W0007372	632	2025-02-13T00:21:00Z
S00564	W0007373	237	2025-02-14T15:00:00Z
S00564	W0007374	1207	2025-02-02T06:22:00Z
S00564	W0007375	1381	2025-02-11T14:24:00Z
S00564	W0007376	116	2025-02-13T03:16:00Z
S00564	W0007377	1509	2025-02-10T07:18:00Z
S00564	W0007378	1573	2025-02-04T14:25:00Z
S00564	W0007379	1175	2025-02-18T13:01:00Z
S00564	W0007380	402	2025-02-01T06:35:00Z
S00564	W0007381	1261	2025-02-27T06:04:00Z
S00564	W0007382	1650	2025-02-18T13:22:00Z
S00564	W0007383	111	2025-02-25T10:14:00Z
S00564	W0007384	1395	2025-02-24T01:33:00Z
S00564	W0007385	500	2025-02-11T05:24:00Z
S00564	W0007386	204	2025-02-15T15:14:00Z
S00401	W0007387	483	2025-02-24T17:39:00Z
S00401	W0007388	1286	2025-02-26T01:34:00Z
S00401	W0007389	754	2025-02-02T11:08:00Z
S00401	W0007390	658	2025-02-20T13:18:00Z
S00401	W0007391	1650	2025-02-22T21:26:00Z
S00401	W0007392	1182	2025-02-28T08:08:00Z
S00401	W0007393	622	2025-02-22T14:44:00Z
S00401	W0007394	207	2025-02-01T07:56:00Z
S00401	W0007395	168	2025-02-19T14:08:00Z
S00401	W0007396	234	2025-02-15T00:20:00Z
S00401	W0007397	968	2025-02-14T00:05:00Z
S00401	W0007398	1462	2025-02-17T13:07:00Z
S00401	W0007399	1725	2025-02-02T03:58:00Z
S00401	W0007400	987	2025-02-22T06:43:00Z
S00401	W0007401	730	2025-02-25T01:43:00Z
S00401	W0007402	986	2025-02-12T22:01:00Z
S00401	W0007403	1388	2025-02-15T18:49:00Z
S00401	W0007404	1376	2025-02-04T17:58:00Z
S00401	W0007405	1014	2025-02-13T15:37:00Z
S00401	W0007406	522	2025-02-26T01:22:00Z
S00401	W0007407	889	2025-02-01T14:52:00Z
S00401	W0007408	562	2025-02-02T00:38:00Z
S00401	W0007409	720	2025-02-22T16:02:00Z
S00401	W0007410	333	2025-02-21T10:55:00Z
S00401	W0007411	911	2025-02-06T00:25:00Z
S00401	W0007412	540	2025-02-09T06:13:00Z
S00401	W0007413	567	2025-02-23T23:29:00Z
S01333	W0007414	1459	2025-02-26T20:26:00Z
S01333	W0007415	708	2025-02-11T07:43:00Z
S01333	W0007416	1217	2025-02-19T20:55:00Z
S01333	W0007417	86	2025-02-24T02:16:00Z
S01333	W0007418	358	2025-02-10T10:48:00Z
S01333	W0007419	1514	2025-02-15T03:20:00Z
S01333	W0007420	123	2025-02-19T12:01:00Z
S01333	W0007421	597	2025-02-21T23:34:00Z
S01333	W0007422	337	2025-02-12T10:26:00Z
S01333	W0007423	564	2025-02-08T11:30:00Z
S01333	W0007424	599	2025-02-16T16:23:00Z
S01333	W0007425	647	2025-02-04T02:14:00Z
S01333	W0007426	413	2025-02-10T03:59:00Z
S01333	W0007427	88	2025-02-25T21:10:00Z
S01333	W0007428	1312	2025-02-22T14:10:00Z
S01333	W0007429	1751	2025-02-06T19:52:00Z
S01210	W0007430	1576	2025-02-01T08:38:00Z
S01210	W0007431	1217	2025-02-28T18:35:00Z
S01210	W0007432	350	2025-02-08T02:49:00Z
S01210	W0007433	198	2025-02-21T18:41:00Z
S01210	W0007434	1182	2025-02-19T11:02:00Z
S01210	W0007435	414	2025-02-27T23:15:00Z
S01210	W0007436	1543	2025-02-15T16:02:00Z
S01210	W0007437	1639	2025-02-12T18:56:00Z
S01210	W0007438	927	2025-02-23T01:54:00Z
S01210	W0007439	1702	2025-02-28T20:20:00Z
S01210	W0007440	69	2025-02-24T16:56:00Z
S01210	W0007441	1482	2025-02-05T13:32:00Z
S01210	W0007442	1794	2025-02-10T00:50:00Z
S01210	W0007443	247	2025-02-26T22:40:00Z
S01210	W0007444	1574	2025-02-28T06:25:00Z
S01210	W0007445	1743	2025-02-22T02:15:00Z
S01210	W0007446	1426	2025-02-25T03:01:00Z
S01210	W0007447	1085	2025-02-16T17:35:00Z
S01210	W0007448	1665	2025-02-18T16:00:00Z
S00377	W0007449	655	2025-02-21T00:45:00Z
S00377	W0007450	1090	2025-02-11T15:46:00Z
S00377	W0007451	554	2025-02-22T17:54:00Z
S00377	W0007452	1436	2025-02-24T19:41:00Z
S00377	W0007453	49	2025-02-26T15:15:00Z
S00377	W0007454	1233	2025-02-19T15:28:00Z
S00377	W0007455	1763	2025-02-20T13:24:00Z
S00377	W0007456	535	2025-02-19T18:46:00Z
S00377	W0007457	1522	2025-02-20T05:48:00Z
S00377	W0007458	598	2025-02-25T02:57:00Z
S00377	W0007459	540	2025-02-24T05:40:00Z
S00377	W0007460	438	2025-02-01T08:55:00Z
S00377	W0007461	1558	2025-02-18T12:12:00Z
S00377	W0007462	877	2025-02-16T20:36:00Z
S00377	W0007463	1075	2025-02-22T02:33:00Z
S00377	W0007464	1013	2025-02-20T10:29:00Z
S00377	W0007465	189	2025-02-11T15:36:00Z
S00377	W0007466	1539	2025-02-14T13:08:00Z
S00377	W0007467	676	2025-02-27T15:18:00Z
S00377	W0007468	1460	2025-02-10T09:03:00Z
S00377	W0007469	593	2025-02-12T22:10:00Z
S00377	W0007470	1530	2025-02-13T21:36:00Z
S00377	W0007471	1003	2025-02-02T13:29:00Z
S00377	W0007472	1239	2025-02-03T22:16:00Z
S00377	W0007473	1747	2025-02-09T06:27:00Z
S01510	W0007474	561	2025-02-04T18:56:00Z
S01510	W0007475	1735	2025-02-03T17:51:00Z
S01510	W0007476	429	2025-02-04T04:34:00Z
S01510	W0007477	1196	2025-02-08T00:03:00Z
S01510	W0007478	1632	2025-02-12T14:52:00Z
S01510	W0007479	64	2025-02-24T05:33:00Z
S01510	W0007480	1399	2025-02-15T19:05:00Z
S01510	W0007481	769	2025-02-10T08:57:00Z
S01510	W0007482	1584	2025-02-27T18:54:00Z
S01510	W0007483	1530	2025-02-01T23:07:00Z
S01510	W0007484	1753	2025-02-12T02:12:00Z
S01510	W0007485	1134	2025-02-06T03:13:00Z
S01510	W0007486	661	2025-02-03T11:43:00Z
S01510	W0007487	258	2025-02-01T02:41:00Z
S01510	W0007488	1439	2025-02-27T14:00:00Z
S01510	W0007489	248	2025-02-02T05:40:00Z
S01510	W0007490	1545	2025-02-25T16:31:00Z
S01510	W0007491	1048	2025-02-12T10:11:00Z
S01510	W0007492	939	2025-02-17T01:24:00Z
S01510	W0007493	1350	2025-02-04T15:24:00Z
S01510	W0007494	784	2025-02-20T12:42:00Z
S01510	W0007495	167	2025-02-05T18:49:00Z
S01510	W0007496	745	2025-02-13T13:22:00Z
S01510	W0007497	306	2025-02-24T20:40:00Z
S01510	W0007498	1455	2025-02-28T21:32:00Z
S01510	W0007499	1733	2025-02-15T07:23:00Z
S01510	W0007500	907	2025-02-21T09:42:00Z
S00533	W0007501	1221	2025-02-17T02:55:00Z
S00533	W0007502	909	2025-02-02T02:50:00Z
S00533	W0007503	702	2025-02-21T13:34:00Z
S00533	W0007504	1206	2025-02-26T01:21:00Z
S00533	W0007505	1704	2025-02-21T16:00:00Z
S00533	W0007506	215	2025-02-22T08:24:00Z
S00533	W0007507	1227	2025-02-12T12:26:00Z
S00533	W0007508	1334	2025-02-26T03:46:00Z
S00533	W0007509	544	2025-02-23T16:13:00Z
S00533	W0007510	444	2025-02-13T01:33:00Z
S01372	W0007511	1604	2025-02-07T10:05:00Z
S01372	W0007512	1304	2025-02-22T10:31:00Z
S01372	W0007513	810	2025-02-18T15:42:00Z
S01372	W0007514	779	2025-02-23T20:55:00Z
S01372	W0007515	1772	2025-02-15T17:19:00Z
S00329	W0007516	1210	2025-02-14T23:24:00Z
S00329	W0007517	621	2025-02-15T23:58:00Z
S00329	W0007518	981	2025-02-08T06:32:00Z
S00329	W0007519	1763	2025-02-09T17:55:00Z
S00329	W0007520	136	2025-02-16T00:59:00Z
S00329	W0007521	222	2025-02-16T07:31:00Z
S00329	W0007522	1631	2025-02-12T02:46:00Z
S00329	W0007523	1455	2025-02-17T08:20:00Z
S00329	W0007524	1716	2025-02-20T13:04:00Z
S00329	W0007525	1263	2025-02-18T21:49:00Z
S00329	W0007526	277	2025-02-28T22:55:00Z
S00329	W0007527	1733	2025-02-04T13:09:00Z
S00329	W0007528	103	2025-02-07T08:30:00Z
S00329	W0007529	809	2025-02-16T00:14:00Z
S00329	W0007530	47	2025-02-16T12:07:00Z
S00329	W0007531	484	2025-02-18T21:36:00Z
S00329	W0007532	1628	2025-02-27T20:25:00Z
S00329	W0007533	863	2025-02-21T16:01:00Z
S00329	W0007534	1398	2025-02-06T16:42:00Z
S00329	W0007535	75	2025-02-20T00:55:00Z
S00329	W0007536	1798	2025-02-22T14:05:00Z
S00329	W0007537	1007	2025-02-19T11:46:00Z
S00329	W0007538	1488	2025-02-17T05:30:00Z
S00329	W0007539	1375	2025-02-09T10:35:00Z
S00329	W0007540	187	2025-02-03T01:37:00Z
S00329	W0007541	201	2025-02-20T06:30:00Z
S00189	W0007542	849	2025-02-15T12:52:00Z
S00189	W0007543	843	2025-02-02T05:55:00Z
S00189	W0007544	1155	2025-02-28T02:10:00Z
S00189	W0007545	683	2025-02-02T12:34:00Z
S00189	W0007546	163	2025-02-15T02:47:00Z
S00189	W0007547	1121	2025-02-17T02:49:00Z
S00189	W0007548	1423	2025-02-15T21:11:00Z
S00189	W0007549	894	2025-02-09T22:41:00Z
S00189	W0007550	1365	2025-02-26T00:12:00Z
S00189	W0007551	284	2025-02-03T10:02:00Z
S00189	W0007552	1086	2025-02-02T19:33:00Z
S00189	W0007553	1336	2025-02-11T03:23:00Z
S00688	W0007554	740	2025-02-10T23:54:00Z
S00688	W0007555	589	2025-02-15T21:05:00Z
S00688	W0007556	1319	2025-02-15T14:58:00Z
S00688	W0007557	1038	2025-02-19T16:59:00Z
S00688	W0007558	1134	2025-02-02T18:50:00Z
S00688	W0007559	1226	2025-02-01T19:14:00Z
S00688	W0007560	485	2025-02-21T15:18:00Z
S00688	W0007561	1328	2025-02-02T13:39:00Z
S00688	W0007562	315	2025-02-03T03:28:00Z
S00688	W0007563	1436	2025-02-08T03:40:00Z
S00688	W0007564	898	2025-02-08T15:32:00Z
S00688	W0007565	1747	2025-02-28T18:07:00Z
S00688	W0007566	1776	2025-02-04T01:57:00Z
S00688	W0007567	585	2025-02-22T18:17:00Z
S00688	W0007568	1761	2025-02-15T17:20:00Z
S00688	W0007569	548	2025-02-07T09:28:00Z
S00688	W0007570	1770	2025-02-24T09:33:00Z
S00688	W0007571	889	2025-02-04T08:01:00Z
S00688	W0007572	1320	2025-02-23T17:57:00Z
S00688	W0007573	849	2025-02-10T19:42:00Z
S00688	W0007574	1771	2025-02-17T18:37:00Z
S00688	W0007575	862	2025-02-15T03:32:00Z
S00688	W0007576	146	2025-02-23T20:23:00Z
S00688	W0007577	1268	2025-02-15T18:25:00Z
S00688	W0007578	802	2025-02-21T20:16:00Z
S00194	W0007579	1705	2025-02-06T19:46:00Z
S00194	W0007580	1455	2025-02-09T19:07:00Z
S00194	W0007581	812	2025-02-07T12:05:00Z
S00194	W0007582	1260	2025-02-08T06:42:00Z
S00194	W0007583	836	2025-02-21T17:35:00Z
S00194	W0007584	777	2025-02-08T05:55:00Z
S00194	W0007585	1456	2025-02-01T08:31:00Z
S00194	W0007586	963	2025-02-27T13:20:00Z
S00194	W0007587	1014	2025-02-10T02:44:00Z
S00194	W0007588	1287	2025-02-17T17:21:00Z
S00194	W0007589	1356	2025-02-19T14:04:00Z
S00194	W0007590	423	2025-02-05T18:45:00Z
S00194	W0007591	1196	2025-02-18T15:07:00Z
S00194	W0007592	239	2025-02-16T20:34:00Z
S00194	W0007593	497	2025-02-22T09:40:00Z
S00194	W0007594	971	2025-02-14T03:26:00Z
S00194	W0007595	1280	2025-02-18T16:29:00Z
S00194	W0007596	41	2025-02-24T23:05:00Z
S00194	W0007597	1767	2025-02-06T17:32:00Z
S00194	W0007598	253	2025-02-24T09:46:00Z
S00194	W0007599	947	2025-02-17T00:36:00Z
S00194	W0007600	346	2025-02-13T18:44:00Z
S00194	W0007601	877	2025-02-22T14:05:00Z
S00194	W0007602	320	2025-02-11T02:09:00Z
S00194	W0007603	55	2025-02-12T17:23:00Z
S00672	W0007604	690	2025-02-02T09:10:00Z
S00672	W0007605	1334	2025-02-03T14:59:00Z
S00672	W0007606	428	2025-02-19T01:41:00Z
S00672	W0007607	1364	2025-02-04T11:12:00Z
S00672	W0007608	441	2025-02-10T21:59:00Z
S00672	W0007609	167	2025-02-22T02:11:00Z
S00672	W0007610	656	2025-02-17T21:05:00Z
S00672	W0007611	684	2025-02-26T22:27:00Z
S00672	W0007612	356	2025-02-05T03:39:00Z
S00672	W0007613	1205	2025-02-21T14:34:00Z
S00120	W0007614	128	2025-02-19T14:24:00Z
S00120	W0007615	867	2025-02-19T00:43:00Z
S00120	W0007616	513	2025-02-16T08:11:00Z
S00120	W0007617	1583	2025-02-06T02:31:00Z
S00120	W0007618	439	2025-02-08T23:49:00Z
S00120	W0007619	238	2025-02-22T08:09:00Z
S00120	W0007620	948	2025-02-03T18:55:00Z
S00120	W0007621	1066	2025-02-11T08:06:00Z
S00120	W0007622	1136	2025-02-06T05:30:00Z
S00120	W0007623	1292	2025-02-16T19:45:00Z
S00120	W0007624	1777	2025-02-18T22:18:00Z
S00120	W0007625	862	2025-02-14T17:46:00Z
S00120	W0007626	1646	2025-02-27T04:22:00Z
S00120	W0007627	1148	2025-02-18T16:38:00Z
S00120	W0007628	332	2025-02-02T22:31:00Z
S00120	W0007629	1200	2025-02-14T09:43:00Z
S01152	W0007630	1294	2025-02-07T05:43:00Z
S01152	W0007631	995	2025-02-06T19:57:00Z
S01152	W0007632	135	2025-02-21T18:44:00Z
S01152	W0007633	635	2025-02-03T15:19:00Z
S01152	W0007634	582	2025-02-25T22:31:00Z
S01152	W0007635	1358	2025-02-14T12:09:00Z
S01152	W0007636	1368	2025-02-07T11:24:00Z
S01152	W0007637	1400	2025-02-14T05:31:00Z
S01152	W0007638	415	2025-02-19T10:24:00Z
S01152	W0007639	1413	2025-02-03T16:41:00Z
S01152	W0007640	1232	2025-02-21T11:52:00Z
S01152	W0007641	476	2025-02-27T02:18:00Z
S01152	W0007642	1397	2025-02-24T22:55:00Z
S01152	W0007643	903	2025-02-15T04:49:00Z
S01152	W0007644	162	2025-02-17T13:18:00Z
S01152	W0007645	1573	2025-02-17T23:26:00Z
S01152	W0007646	269	2025-02-22T09:31:00Z
S01152	W0007647	888	2025-02-26T08:22:00Z
S01152	W0007648	1657	2025-02-13T09:13:00Z
S01152	W0007649	978	2025-02-18T18:14:00Z
S01152	W0007650	1326	2025-02-07T17:18:00Z
S01152	W0007651	1230	2025-02-02T11:41:00Z
S01152	W0007652	35	2025-02-13T05:02:00Z
S01152	W0007653	707	2025-02-07T06:33:00Z
S01152	W0007654	608	2025-02-01T08:35:00Z
S01152	W0007655	1494	2025-02-23T09:29:00Z
S00924	W0007656	1074	2025-02-01T22:23:00Z
S00924	W0007657	643	2025-02-24T21:04:00Z
S00924	W0007658	1183	2025-02-15T15:22:00Z
S00924	W0007659	234	2025-02-02T01:32:00Z
S00924	W0007660	686	2025-02-25T04:25:00Z
S00924	W0007661	1597	2025-02-11T04:51:00Z
S00924	W0007662	46	2025-02-18T06:51:00Z
S00924	W0007663	1597	2025-02-10T17:20:00Z
S00924	W0007664	779	2025-02-13T04:07:00Z
S00924	W0007665	847	2025-02-15T22:05:00Z
S00924	W0007666	782	2025-02-10T11:36:00Z
S00924	W0007667	1462	2025-02-14T07:27:00Z
S00924	W0007668	92	2025-02-20T05:18:00Z
S00924	W0007669	374	2025-02-17T23:13:00Z
S00924	W0007670	371	2025-02-06T10:20:00Z
S00924	W0007671	945	2025-02-11T21:10:00Z
S00924	W0007672	1010	2025-02-16T07:39:00Z
S00924	W0007673	234	2025-02-13T00:43:00Z
S00924	W0007674	224	2025-02-28T09:36:00Z
S00924	W0007675	234	2025-02-03T11:24:00Z
S00924	W0007676	897	2025-02-24T15:00:00Z
S00924	W0007677	991	2025-02-03T05:31:00Z
S00924	W0007678	263	2025-02-16T13:39:00Z
S00924	W0007679	1744	2025-02-04T19:23:00Z
S00924	W0007680	570	2025-02-01T23:03:00Z
S00924	W0007681	836	2025-02-19T17:17:00Z
S00924	W0007682	1211	2025-02-20T01:48:00Z
S00924	W0007683	1249	2025-02-15T02:14:00Z
S00924	W0007684	1354	2025-02-21T07:39:00Z
S00924	W0007685	1292	2025-02-17T18:01:00Z
S00608	W0007686	652	2025-02-26T00:19:00Z
S00608	W0007687	263	2025-02-22T11:20:00Z
S00608	W0007688	219	2025-02-13T15:44:00Z
S00608	W0007689	188	2025-02-04T03:38:00Z
S00608	W0007690	525	2025-02-10T18:17:00Z
S00608	W0007691	688	2025-02-16T02:21:00Z
S00608	W0007692	1084	2025-02-27T02:16:00Z
S00608	W0007693	119	2025-02-17T13:02:00Z
S00608	W0007694	751	2025-02-26T18:35:00Z
S00608	W0007695	1122	2025-02-16T08:37:00Z
S00608	W0007696	1049	2025-02-09T08:52:00Z
S00608	W0007697	677	2025-02-19T20:24:00Z
S00357	W0007698	873	2025-02-26T13:10:00Z
S00357	W0007699	1113	2025-02-01T16:03:00Z
S00357	W0007700	730	2025-02-08T01:56:00Z
S00357	W0007701	430	2025-02-28T06:54:00Z
S00357	W0007702	776	2025-02-08T00:49:00Z
S00357	W0007703	1542	2025-02-21T08:26:00Z
S00357	W0007704	387	2025-02-08T10:21:00Z
S00357	W0007705	1212	2025-02-09T05:26:00Z
S00357	W0007706	922	2025-02-03T10:59:00Z
S00357	W0007707	1706	2025-02-03T10:29:00Z
S00357	W0007708	673	2025-02-24T00:46:00Z
S00357	W0007709	1245	2025-02-21T23:26:00Z
S00357	W0007710	896	2025-02-03T10:32:00Z
S00662	W0007711	1043	2025-02-11T16:19:00Z
S00662	W0007712	1355	2025-02-05T13:54:00Z
S00662	W0007713	1602	2025-02-27T08:38:00Z
S00662	W0007714	380	2025-02-05T17:51:00Z
S00662	W0007715	1240	2025-02-01T08:32:00Z
S00662	W0007716	1129	2025-02-11T21:49:00Z
S00662	W0007717	1068	2025-02-15T06:28:00Z
S00662	W0007718	217	2025-02-07T01:05:00Z
S00662	W0007719	1497	2025-02-15T14:54:00Z
S00662	W0007720	923	2025-02-11T08:51:00Z
S01559	W0007721	953	2025-02-03T17:07:00Z
S01559	W0007722	1525	2025-02-07T10:07:00Z
S01559	W0007723	217	2025-02-22T19:29:00Z
S01559	W0007724	1597	2025-02-19T11:21:00Z
S01559	W0007725	535	2025-02-06T17:53:00Z
S01559	W0007726	1350	2025-02-21T05:04:00Z
S01559	W0007727	1349	2025-02-22T12:13:00Z
S01559	W0007728	396	2025-02-16T09:36:00Z
S01559	W0007729	1220	2025-02-02T11:24:00Z
S01559	W0007730	319	2025-02-18T15:13:00Z
S01559	W0007731	1489	2025-02-03T18:07:00Z
S01559	W0007732	1046	2025-02-09T01:54:00Z
S01559	W0007733	698	2025-02-07T13:54:00Z
S01559	W0007734	563	2025-02-28T23:12:00Z
S01559	W0007735	1146	2025-02-14T15:09:00Z
S01559	W0007736	753	2025-02-25T09:23:00Z
S01559	W0007737	1667	2025-02-07T00:32:00Z
S01559	W0007738	1333	2025-02-02T13:34:00Z
S01559	W0007739	1385	2025-02-06T10:46:00Z
S01559	W0007740	1117	2025-02-02T13:30:00Z
S01559	W0007741	1198	2025-02-08T08:02:00Z
S01559	W0007742	1737	2025-02-07T07:30:00Z
S01559	W0007743	292	2025-02-21T06:14:00Z
S01559	W0007744	210	2025-02-20T17:56:00Z
S01559	W0007745	185	2025-02-10T09:14:00Z
S01559	W0007746	1621	2025-02-28T23:49:00Z
S00865	W0007747	1427	2025-02-23T13:01:00Z
S00865	W0007748	1277	2025-02-07T03:47:00Z
S00865	W0007749	241	2025-02-13T02:33:00Z
S00865	W0007750	1417	2025-02-10T22:12:00Z
S00865	W0007751	1411	2025-02-27T09:31:00Z
S00865	W0007752	1327	2025-02-03T17:50:00Z
S00865	W0007753	1364	2025-02-11T06:03:00Z
S01038	W0007754	1567	2025-02-23T04:57:00Z
S01038	W0007755	1400	2025-02-25T23:31:00Z
S01038	W0007756	120	2025-02-15T09:10:00Z
S01038	W0007757	1578	2025-02-21T10:58:00Z
S01038	W0007758	1039	2025-02-04T03:57:00Z
S01038	W0007759	1438	2025-02-05T12:35:00Z
S01038	W0007760	315	2025-02-12T01:34:00Z
S01038	W0007761	1743	2025-02-28T19:05:00Z
S01038	W0007762	227	2025-02-20T00:26:00Z
S01038	W0007763	509	2025-02-20T20:12:00Z
S01038	W0007764	1208	2025-02-19T08:52:00Z
S01038	W0007765	639	2025-02-01T20:32:00Z
S01038	W0007766	624	2025-02-18T23:21:00Z
S01038	W0007767	124	2025-02-26T16:43:00Z
S01038	W0007768	1271	2025-02-28T10:36:00Z
S01038	W0007769	367	2025-02-03T18:20:00Z
S01038	W0007770	1486	2025-02-15T07:31:00Z
S01038	W0007771	73	2025-02-23T13:41:00Z
S01038	W0007772	1464	2025-02-07T09:31:00Z
S01038	W0007773	440	2025-02-04T00:53:00Z
S01038	W0007774	1731	2025-02-09T16:56:00Z
S01038	W0007775	257	2025-02-21T07:53:00Z
S01038	W0007776	510	2025-02-27T05:03:00Z
S01937	W0007777	436	2025-02-26T21:51:00Z
S01937	W0007778	454	2025-02-21T07:45:00Z
S01937	W0007779	372	2025-02-24T14:20:00Z
S01937	W0007780	227	2025-02-22T14:44:00Z
S01937	W0007781	1791	2025-02-16T15:43:00Z
S00722	W0007782	1402	2025-02-13T15:22:00Z
S00722	W0007783	1481	2025-02-26T11:59:00Z
S00722	W0007784	468	2025-02-01T08:01:00Z
S00722	W0007785	1406	2025-02-15T07:23:00Z
S00722	W0007786	590	2025-02-04T09:58:00Z
S00722	W0007787	647	2025-02-22T06:52:00Z
S00722	W0007788	92	2025-02-21T20:17:00Z
S00722	W0007789	1445	2025-02-02T12:28:00Z
S00722	W0007790	646	2025-02-03T19:57:00Z
S00722	W0007791	1413	2025-02-22T18:59:00Z
S00722	W0007792	1561	2025-02-07T01:26:00Z
S00228	W0007793	1552	2025-02-18T00:03:00Z
S00228	W0007794	1730	2025-02-02T03:50:00Z
S00228	W0007795	885	2025-02-15T15:26:00Z
S00228	W0007796	296	2025-02-15T18:16:00Z
S00228	W0007797	1398	2025-02-06T06:08:00Z
S00228	W0007798	632	2025-02-04T06:13:00Z
S00228	W0007799	612	2025-02-11T10:22:00Z
S00228	W0007800	1015	2025-02-09T10:19:00Z
S00228	W0007801	1192	2025-02-24T22:49:00Z
S00228	W0007802	679	2025-02-24T20:45:00Z
S00228	W0007803	1284	2025-02-14T00:23:00Z
S00228	W0007804	375	2025-02-26T01:36:00Z
S00228	W0007805	1222	2025-02-03T23:14:00Z
S00228	W0007806	572	2025-02-15T17:25:00Z
S00228	W0007807	1617	2025-02-27T16:37:00Z
S00228	W0007808	952	2025-02-05T03:08:00Z
S00228	W0007809	987	2025-02-13T06:35:00Z
S00228	W0007810	45	2025-02-25T10:23:00Z
S00228	W0007811	804	2025-02-15T00:51:00Z
S00228	W0007812	383	2025-02-02T19:39:00Z
S00228	W0007813	1139	2025-02-03T12:46:00Z
S00228	W0007814	929	2025-02-22T23:51:00Z
S00228	W0007815	29	2025-02-28T15:43:00Z
S00228	W0007816	653	2025-02-22T04:53:00Z
S00228	W0007817	1494	2025-02-21T14:36:00Z
S00228	W0007818	831	2025-02-21T20:48:00Z
S00228	W0007819	788	2025-02-14T16:47:00Z
S00228	W0007820	333	2025-02-02T23:47:00Z
S00228	W0007821	1719	2025-02-26T12:15:00Z
S00228	W0007822	386	2025-02-04T17:07:00Z
S01831	W0007823	251	2025-02-23T17:21:00Z
S01831	W0007824	462	2025-02-01T00:02:00Z
S01831	W0007825	1798	2025-02-19T07:27:00Z
S01831	W0007826	591	2025-02-24T14:29:00Z
S01831	W0007827	538	2025-02-22T10:23:00Z
S01831	W0007828	509	2025-02-01T10:55:00Z
S01831	W0007829	901	2025-02-09T07:25:00Z
S01831	W0007830	687	2025-02-13T14:53:00Z
S00390	W0007831	215	2025-02-22T08:35:00Z
S00390	W0007832	384	2025-02-12T22:50:00Z
S00390	W0007833	1747	2025-02-27T17:53:00Z
S00390	W0007834	1385	2025-02-27T17:19:00Z
S00390	W0007835	353	2025-02-04T10:23:00Z
S00390	W0007836	65	2025-02-17T01:57:00Z
S00390	W0007837	961	2025-02-12T23:43:00Z
S00390	W0007838	1627	2025-02-06T11:13:00Z
S00462	W0007839	214	2025-02-28T04:11:00Z
S00462	W0007840	262	2025-02-24T02:59:00Z
S00462	W0007841	193	2025-02-03T01:36:00Z
S00462	W0007842	911	2025-02-25T09:11:00Z
S00462	W0007843	46	2025-02-16T20:09:00Z
S00462	W0007844	1150	2025-02-07T20:45:00Z
S00462	W0007845	519	2025-02-18T15:20:00Z
S00462	W0007846	98	2025-02-26T02:36:00Z
S00462	W0007847	453	2025-02-10T06:15:00Z
S00462	W0007848	1621	2025-02-03T13:22:00Z
S00462	W0007849	1156	2025-02-06T17:11:00Z
S00462	W0007850	928	2025-02-06T17:34:00Z
S00462	W0007851	45	2025-02-26T05:20:00Z
S00462	W0007852	581	2025-02-22T20:16:00Z
S00462	W0007853	1280	2025-02-17T10:59:00Z
S00462	W0007854	1640	2025-02-09T15:14:00Z
S00462	W0007855	948	2025-02-27T23:56:00Z
S01291	W0007856	493	2025-02-05T03:41:00Z
S01291	W0007857	992	2025-02-11T10:53:00Z
S01291	W0007858	604	2025-02-07T05:02:00Z
S01291	W0007859	518	2025-02-11T16:02:00Z
S01291	W0007860	366	2025-02-20T02:20:00Z
S01291	W0007861	242	2025-02-17T08:33:00Z
S01291	W0007862	847	2025-02-07T18:55:00Z
S01291	W0007863	307	2025-02-19T00:30:00Z
S01291	W0007864	1511	2025-02-28T19:09:00Z
S01291	W0007865	559	2025-02-13T06:20:00Z
S01291	W0007866	1046	2025-02-20T20:23:00Z
S01291	W0007867	37	2025-02-24T08:14:00Z
S01291	W0007868	676	2025-02-03T14:42:00Z
S01291	W0007869	333	2025-02-19T14:10:00Z
S01291	W0007870	1745	2025-02-09T05:30:00Z
S01291	W0007871	1305	2025-02-06T13:51:00Z
S01291	W0007872	896	2025-02-01T22:30:00Z
S01291	W0007873	480	2025-02-15T01:43:00Z
S01291	W0007874	670	2025-02-08T06:41:00Z
S01291	W0007875	1486	2025-02-13T02:23:00Z
S01291	W0007876	890	2025-02-06T08:44:00Z
S01291	W0007877	1473	2025-02-17T12:10:00Z
S01291	W0007878	839	2025-02-19T13:08:00Z
S01291	W0007879	740	2025-02-10T17:18:00Z
S01291	W0007880	832	2025-02-27T20:28:00Z
S01291	W0007881	740	2025-02-16T07:46:00Z
S01291	W0007882	411	2025-02-20T06:21:00Z
S01291	W0007883	568	2025-02-09T04:34:00Z
S01291	W0007884	1412	2025-02-09T16:12:00Z
S00670	W0007885	219	2025-02-20T16:07:00Z
S00670	W0007886	1574	2025-02-19T05:52:00Z
S00670	W0007887	1582	2025-02-03T17:10:00Z
S00670	W0007888	549	2025-02-10T03:55:00Z
S00670	W0007889	1193	2025-02-15T08:42:00Z
S00670	W0007890	629	2025-02-17T09:57:00Z
S00670	W0007891	1115	2025-02-16T20:22:00Z
S00670	W0007892	938	2025-02-02T16:30:00Z
S00303	W0007893	448	2025-02-06T01:41:00Z
S00303	W0007894	1788	2025-02-18T03:03:00Z
S00303	W0007895	979	2025-02-20T17:30:00Z
S00303	W0007896	181	2025-02-23T10:54:00Z
S00303	W0007897	582	2025-02-25T10:41:00Z
S00303	W0007898	1106	2025-02-12T04:10:00Z
S00303	W0007899	121	2025-02-13T02:03:00Z
S01237	W0007900	885	2025-02-12T21:45:00Z
S01237	W0007901	1379	2025-02-16T11:13:00Z
S01237	W0007902	1367	2025-02-28T23:24:00Z
S01237	W0007903	1404	2025-02-17T21:28:00Z
S01237	W0007904	872	2025-02-09T10:04:00Z
S01237	W0007905	943	2025-02-27T18:41:00Z
S01237	W0007906	482	2025-02-13T00:18:00Z
S01237	W0007907	1409	2025-02-03T07:58:00Z
S01237	W0007908	367	2025-02-05T01:13:00Z
S01237	W0007909	1750	2025-02-18T08:24:00Z
S01237	W0007910	1221	2025-02-20T19:21:00Z
S01237	W0007911	1648	2025-02-05T16:36:00Z
S01237	W0007912	1509	2025-02-10T19:46:00Z
S01237	W0007913	1173	2025-02-28T14:40:00Z
S01237	W0007914	387	2025-02-11T19:46:00Z
S01237	W0007915	452	2025-02-01T17:45:00Z
S01237	W0007916	1182	2025-02-16T01:19:00Z
S01237	W0007917	1305	2025-02-09T22:32:00Z
S01237	W0007918	793	2025-02-12T13:42:00Z
S01237	W0007919	1157	2025-02-05T02:47:00Z
S01237	W0007920	1452	2025-02-25T16:35:00Z
S01237	W0007921	1647	2025-02-26T13:11:00Z
S01237	W0007922	55	2025-02-28T07:07:00Z
S01237	W0007923	1333	2025-02-20T11:40:00Z
S01237	W0007924	743	2025-02-02T09:36:00Z
S00262	W0007925	1262	2025-02-20T00:27:00Z
S00262	W0007926	1093	2025-02-28T17:08:00Z
S00262	W0007927	1073	2025-02-23T18:58:00Z
S00262	W0007928	1107	2025-02-25T08:54:00Z
S00262	W0007929	815	2025-02-28T10:41:00Z
S00262	W0007930	1048	2025-02-22T17:09:00Z
S00262	W0007931	225	2025-02-23T22:45:00Z
S00262	W0007932	1421	2025-02-04T19:26:00Z
S00262	W0007933	1126	2025-02-27T10:03:00Z
S00262	W0007934	1499	2025-02-03T10:25:00Z
S00262	W0007935	1412	2025-02-03T19:11:00Z
S00262	W0007936	1304	2025-02-07T05:17:00Z
S00262	W0007937	1213	2025-02-11T08:30:00Z
S00262	W0007938	788	2025-02-16T18:48:00Z
S00262	W0007939	663	2025-02-23T09:47:00Z
S00262	W0007940	1606	2025-02-17T13:57:00Z
S00239	W0007941	1659	2025-02-22T05:26:00Z
S00239	W0007942	54	2025-02-03T08:45:00Z
S00239	W0007943	356	2025-02-05T19:26:00Z
S00239	W0007944	1240	2025-02-12T02:47:00Z
S00239	W0007945	1398	2025-02-19T09:14:00Z
S00239	W0007946	1076	2025-02-16T00:01:00Z
S00239	W0007947	1454	2025-02-18T02:34:00Z
S00239	W0007948	49	2025-02-22T17:23:00Z
S00239	W0007949	1285	2025-02-03T23:40:00Z
S00239	W0007950	1681	2025-02-23T09:04:00Z
S00239	W0007951	486	2025-02-11T02:58:00Z
S00239	W0007952	944	2025-02-22T07:08:00Z
S00239	W0007953	1718	2025-02-05T14:07:00Z
S00239	W0007954	1710	2025-02-12T06:12:00Z
S00239	W0007955	83	2025-02-21T01:27:00Z
S00239	W0007956	1293	2025-02-03T18:58:00Z
S00239	W0007957	407	2025-02-09T12:53:00Z
S00239	W0007958	817	2025-02-02T21:54:00Z
S00239	W0007959	832	2025-02-22T02:27:00Z
S01724	W0007960	838	2025-02-28T21:58:00Z
S01724	W0007961	1133	2025-02-11T04:52:00Z
S01724	W0007962	1228	2025-02-19T20:52:00Z
S01724	W0007963	734	2025-02-08T18:26:00Z
S01724	W0007964	1334	2025-02-23T21:52:00Z
S01724	W0007965	267	2025-02-20T05:53:00Z
S01724	W0007966	608	2025-02-18T13:05:00Z
S01724	W0007967	1040	2025-02-16T18:53:00Z
S01724	W0007968	1284	2025-02-11T09:08:00Z
S01724	W0007969	1194	2025-02-05T20:08:00Z
S01724	W0007970	1062	2025-02-18T07:44:00Z
S01724	W0007971	1478	2025-02-03T06:02:00Z
S01724	W0007972	1318	2025-02-16T14:23:00Z
S01724	W0007973	760	2025-02-05T22:06:00Z
S01724	W0007974	216	2025-02-13T07:58:00Z
S01724	W0007975	1414	2025-02-26T14:25:00Z
S01724	W0007976	450	2025-02-05T03:51:00Z
S01724	W0007977	890	2025-02-01T11:23:00Z
S01724	W0007978	1282	2025-02-27T14:17:00Z
S01724	W0007979	1684	2025-02-27T05:23:00Z
S01724	W0007980	1449	2025-02-01T12:00:00Z
S01724	W0007981	1242	2025-02-06T16:33:00Z
S01724	W0007982	58	2025-02-12T01:28:00Z
S01724	W0007983	1307	2025-02-22T10:32:00Z
S01724	W0007984	160	2025-02-01T00:16:00Z
S01724	W0007985	1629	2025-02-25T07:21:00Z
S01547	W0007986	330	2025-02-28T20:50:00Z
S01547	W0007987	1563	2025-02-02T00:09:00Z
S01547	W0007988	829	2025-02-01T11:10:00Z
S01547	W0007989	1442	2025-02-12T15:21:00Z
S01547	W0007990	137	2025-02-19T16:33:00Z
S01547	W0007991	151	2025-02-19T08:12:00Z
S01664	W0007992	214	2025-02-11T04:44:00Z
S01664	W0007993	749	2025-02-01T15:51:00Z
S01664	W0007994	1578	2025-02-08T18:31:00Z
S01664	W0007995	821	2025-02-05T23:13:00Z
S01664	W0007996	1553	2025-02-10T04:28:00Z
S01664	W0007997	1644	2025-02-01T12:01:00Z
S01664	W0007998	339	2025-02-07T12:44:00Z
S01664	W0007999	582	2025-02-08T21:23:00Z
S01664	W0008000	464	2025-02-01T05:50:00Z
S01664	W0008001	507	2025-02-20T06:35:00Z
S01664	W0008002	1553	2025-02-19T19:53:00Z
S01664	W0008003	1412	2025-02-03T02:03:00Z
S01664	W0008004	407	2025-02-22T14:03:00Z
S01664	W0008005	1786	2025-02-12T03:19:00Z
S01664	W0008006	458	2025-02-19T17:31:00Z
S01664	W0008007	59	2025-02-19T05:10:00Z
S01664	W0008008	684	2025-02-03T16:47:00Z
S01664	W0008009	1585	2025-02-24T19:19:00Z
S01664	W0008010	1704	2025-02-15T06:45:00Z
S01664	W0008011	988	2025-02-13T15:59:00Z
S01664	W0008012	1653	2025-02-11T03:21:00Z
S01664	W0008013	854	2025-02-28T15:56:00Z
S01664	W0008014	919	2025-02-11T15:52:00Z
S01664	W0008015	156	2025-02-03T16:43:00Z
S01664	W0008016	826	2025-02-15T03:05:00Z
S01664	W0008017	1666	2025-02-08T20:09:00Z
S01664	W0008018	1240	2025-02-28T09:58:00Z
S01664	W0008019	1544	2025-02-22T05:33:00Z
S01664	W0008020	382	2025-02-21T17:46:00Z
S01838	W0008021	1460	2025-02-27T16:16:00Z
S01838	W0008022	634	2025-02-04T15:43:00Z
S01838	W0008023	329	2025-02-25T02:33:00Z
S01838	W0008024	1704	2025-02-13T06:44:00Z
S01838	W0008025	1137	2025-02-28T22:49:00Z
S01838	W0008026	683	2025-02-14T11:13:00Z
S01838	W0008027	1660	2025-02-18T05:05:00Z
S01838	W0008028	320	2025-02-16T06:37:00Z
S01838	W0008029	749	2025-02-03T13:55:00Z
S01838	W0008030	1027	2025-02-02T04:19:00Z
S01838	W0008031	1614	2025-02-21T16:42:00Z
S01838	W0008032	1759	2025-02-15T23:55:00Z
S01838	W0008033	35	2025-02-18T17:00:00Z
S01838	W0008034	40	2025-02-03T13:35:00Z
S01838	W0008035	94	2025-02-18T23:49:00Z
S01838	W0008036	1630	2025-02-13T12:37:00Z
S01838	W0008037	1456	2025-02-13T00:09:00Z
S01838	W0008038	89	2025-02-10T19:14:00Z
S01838	W0008039	736	2025-02-20T11:18:00Z
S01824	W0008040	1072	2025-02-12T08:06:00Z
S01824	W0008041	328	2025-02-05T02:03:00Z
S01824	W0008042	1521	2025-02-10T05:29:00Z
S01824	W0008043	258	2025-02-04T05:56:00Z
S01824	W0008044	1590	2025-02-22T13:53:00Z
S01824	W0008045	1071	2025-02-14T23:44:00Z
S01824	W0008046	578	2025-02-19T21:30:00Z
S01824	W0008047	1498	2025-02-20T09:01:00Z
S01824	W0008048	370	2025-02-04T00:20:00Z
S01824	W0008049	288	2025-02-04T13:21:00Z
S01824	W0008050	452	2025-02-23T03:27:00Z
S01824	W0008051	1123	2025-02-17T03:56:00Z
S01824	W0008052	623	2025-02-11T17:26:00Z
S01824	W0008053	117	2025-02-12T16:18:00Z
S01824	W0008054	387	2025-02-17T15:43:00Z
S01824	W0008055	170	2025-02-04T13:38:00Z
S01824	W0008056	333	2025-02-11T21:34:00Z
S01824	W0008057	647	2025-02-04T22:52:00Z
S00803	W0008058	1512	2025-02-17T07:57:00Z
S00803	W0008059	51	2025-02-15T22:06:00Z
S00803	W0008060	1423	2025-02-13T07:06:00Z
S00803	W0008061	1211	2025-02-04T15:10:00Z
S00803	W0008062	1394	2025-02-18T00:14:00Z
S00803	W0008063	982	2025-02-14T00:15:00Z
S00803	W0008064	1564	2025-02-07T18:45:00Z
S00803	W0008065	878	2025-02-16T11:40:00Z
S00803	W0008066	151	2025-02-03T04:42:00Z
S00803	W0008067	757	2025-02-24T17:52:00Z
S00803	W0008068	581	2025-02-13T21:06:00Z
S00803	W0008069	640	2025-02-25T17:59:00Z
S00803	W0008070	154	2025-02-15T00:33:00Z
S00803	W0008071	1190	2025-02-17T14:06:00Z
S00803	W0008072	1321	2025-02-25T20:18:00Z
S00803	W0008073	428	2025-02-05T15:50:00Z
S00803	W0008074	695	2025-02-28T17:42:00Z
S00803	W0008075	454	2025-02-10T10:01:00Z
S00803	W0008076	1586	2025-02-01T02:31:00Z
S00803	W0008077	1053	2025-02-22T22:35:00Z
S00803	W0008078	104	2025-02-13T20:39:00Z
S00803	W0008079	1355	2025-02-06T08:27:00Z
S00803	W0008080	961	2025-02-11T06:47:00Z
S00803	W0008081	1418	2025-02-13T13:10:00Z
S00803	W0008082	1455	2025-02-14T11:12:00Z
S01462	W0008083	535	2025-02-03T05:31:00Z
S01462	W0008084	1048	2025-02-05T22:14:00Z
S01462	W0008085	185	2025-02-08T12:34:00Z
S01462	W0008086	251	2025-02-22T20:08:00Z
S01462	W0008087	573	2025-02-25T22:30:00Z
S01462	W0008088	1599	2025-02-21T09:05:00Z
S01462	W0008089	909	2025-02-10T19:30:00Z
S01462	W0008090	242	2025-02-22T11:00:00Z
S01284	W0008091	272	2025-02-27T06:21:00Z
S01284	W0008092	1510	2025-02-25T22:18:00Z
S01284	W0008093	1700	2025-02-09T06:20:00Z
S01284	W0008094	1575	2025-02-20T07:55:00Z
S01284	W0008095	338	2025-02-06T07:29:00Z
S01284	W0008096	1181	2025-02-02T11:33:00Z
S01284	W0008097	448	2025-02-07T14:09:00Z
S01284	W0008098	1444	2025-02-10T09:45:00Z
S01284	W0008099	1049	2025-02-19T07:19:00Z
S01284	W0008100	287	2025-02-03T08:32:00Z
S01756	W0008101	141	2025-02-18T22:04:00Z
S01756	W0008102	1118	2025-02-14T14:30:00Z
S01756	W0008103	350	2025-02-04T07:55:00Z
S01756	W0008104	336	2025-02-15T23:44:00Z
S01756	W0008105	1184	2025-02-08T12:37:00Z
S01756	W0008106	614	2025-02-25T02:20:00Z
S01756	W0008107	463	2025-02-24T09:48:00Z
S01756	W0008108	1411	2025-02-21T03:11:00Z
S01756	W0008109	747	2025-02-11T00:17:00Z
S01756	W0008110	831	2025-02-11T06:20:00Z
S01756	W0008111	134	2025-02-22T08:52:00Z
S01756	W0008112	1345	2025-02-05T12:25:00Z
S01769	W0008113	889	2025-02-19T21:39:00Z
S01769	W0008114	1679	2025-02-18T05:28:00Z
S01769	W0008115	1655	2025-02-19T21:27:00Z
S01769	W0008116	967	2025-02-09T07:25:00Z
S01769	W0008117	1137	2025-02-05T12:08:00Z
S01769	W0008118	1224	2025-02-21T00:06:00Z
S01769	W0008119	1657	2025-02-08T21:40:00Z
S01769	W0008120	500	2025-02-02T13:23:00Z
S01769	W0008121	200	2025-02-18T08:13:00Z
S01769	W0008122	138	2025-02-18T23:05:00Z
S01769	W0008123	561	2025-02-18T14:37:00Z
S01769	W0008124	1542	2025-02-12T20:15:00Z
S01769	W0008125	1278	2025-02-20T08:19:00Z
S01769	W0008126	1043	2025-02-25T22:54:00Z
S01769	W0008127	1459	2025-02-14T00:01:00Z
S01769	W0008128	1547	2025-02-17T10:45:00Z
S01769	W0008129	1608	2025-02-15T18:12:00Z
S01769	W0008130	142	2025-02-17T21:01:00Z
S01769	W0008131	1677	2025-02-24T23:19:00Z
S01769	W0008132	173	2025-02-26T10:53:00Z
S01769	W0008133	1349	2025-02-26T16:32:00Z
S01769	W0008134	1772	2025-02-15T05:50:00Z
S01769	W0008135	789	2025-02-09T10:36:00Z
S01769	W0008136	1436	2025-02-27T14:51:00Z
S01769	W0008137	592	2025-02-19T08:25:00Z
S01769	W0008138	1005	2025-02-07T03:50:00Z
S01769	W0008139	605	2025-02-17T16:45:00Z
S01769	W0008140	770	2025-02-09T04:03:00Z
S01769	W0008141	887	2025-02-09T08:10:00Z
S00331	W0008142	1374	2025-02-20T04:59:00Z
S00331	W0008143	1315	2025-02-09T12:16:00Z
S00331	W0008144	1245	2025-02-21T22:30:00Z
S00331	W0008145	165	2025-02-04T01:15:00Z
S00331	W0008146	382	2025-02-10T02:17:00Z
S00331	W0008147	1223	2025-02-04T17:00:00Z
S00331	W0008148	1365	2025-02-09T07:21:00Z
S00331	W0008149	1654	2025-02-02T10:31:00Z
S00331	W0008150	861	2025-02-11T14:47:00Z
S00331	W0008151	799	2025-02-21T11:39:00Z
S00331	W0008152	692	2025-02-07T03:08:00Z
S00331	W0008153	1304	2025-02-26T01:03:00Z
S00331	W0008154	1013	2025-02-26T23:15:00Z
S00331	W0008155	68	2025-02-24T09:44:00Z
S00331	W0008156	898	2025-02-18T15:05:00Z
S00331	W0008157	418	2025-02-27T11:44:00Z
S00331	W0008158	1255	2025-02-16T12:10:00Z
S00331	W0008159	178	2025-02-13T04:23:00Z
S00331	W0008160	535	2025-02-23T23:02:00Z
S00331	W0008161	1469	2025-02-23T03:44:00Z
S00331	W0008162	953	2025-02-02T12:28:00Z
S00331	W0008163	1069	2025-02-25T15:42:00Z
S00331	W0008164	1423	2025-02-13T05:27:00Z
S00331	W0008165	382	2025-02-20T09:59:00Z
S00331	W0008166	1037	2025-02-24T17:01:00Z
S00144	W0008167	763	2025-02-04T19:22:00Z
S00144	W0008168	394	2025-02-01T22:00:00Z
S00144	W0008169	916	2025-02-25T06:15:00Z
S00144	W0008170	288	2025-02-01T19:26:00Z
S00144	W0008171	79	2025-02-03T02:55:00Z
S00144	W0008172	1688	2025-02-09T00:15:00Z
S00144	W0008173	1053	2025-02-16T15:03:00Z
S00144	W0008174	1351	2025-02-12T22:04:00Z
S00144	W0008175	584	2025-02-10T12:59:00Z
S00144	W0008176	212	2025-02-15T02:47:00Z
S00144	W0008177	88	2025-02-26T16:50:00Z
S00144	W0008178	784	2025-02-22T04:43:00Z
S00144	W0008179	594	2025-02-02T10:16:00Z
S00144	W0008180	150	2025-02-07T05:16:00Z
S00144	W0008181	1407	2025-02-20T02:18:00Z
S00484	W0008182	161	2025-02-03T15:27:00Z
S00484	W0008183	472	2025-02-02T10:05:00Z
S00484	W0008184	692	2025-02-03T00:31:00Z
S00484	W0008185	429	2025-02-20T17:36:00Z
S00484	W0008186	1162	2025-02-22T13:30:00Z
S00484	W0008187	1619	2025-02-20T16:16:00Z
S00484	W0008188	635	2025-02-11T13:19:00Z
S00484	W0008189	1012	2025-02-04T22:50:00Z
S00484	W0008190	621	2025-02-18T22:31:00Z
S00484	W0008191	1024	2025-02-15T04:08:00Z
S00484	W0008192	98	2025-02-25T02:34:00Z
S00484	W0008193	292	2025-02-08T13:41:00Z
S00484	W0008194	1557	2025-02-11T03:50:00Z
S00484	W0008195	1581	2025-02-07T10:00:00Z
S00484	W0008196	1594	2025-02-09T23:27:00Z
S00484	W0008197	1462	2025-02-02T13:12:00Z
S00484	W0008198	1651	2025-02-25T20:55:00Z
S00484	W0008199	150	2025-02-03T03:37:00Z
S00484	W0008200	633	2025-02-27T16:41:00Z
S00484	W0008201	481	2025-02-05T04:35:00Z
S00484	W0008202	232	2025-02-18T21:23:00Z
S00484	W0008203	347	2025-02-05T14:28:00Z
S00484	W0008204	308	2025-02-03T15:57:00Z
S00484	W0008205	1112	2025-02-13T02:26:00Z
S00484	W0008206	1770	2025-02-27T15:47:00Z
S00484	W0008207	1333	2025-02-14T13:20:00Z
S00484	W0008208	805	2025-02-26T21:29:00Z
S00636	W0008209	230	2025-02-04T11:54:00Z
S00636	W0008210	1503	2025-02-03T04:48:00Z
S00636	W0008211	53	2025-02-26T09:17:00Z
S00636	W0008212	61	2025-02-01T01:05:00Z
S00636	W0008213	1411	2025-02-17T09:00:00Z
S00636	W0008214	549	2025-02-25T00:17:00Z
S00636	W0008215	1375	2025-02-15T16:28:00Z
S00636	W0008216	1591	2025-02-03T05:03:00Z
S00636	W0008217	1067	2025-02-08T08:04:00Z
S00636	W0008218	839	2025-02-20T03:17:00Z
S00636	W0008219	1608	2025-02-16T07:07:00Z
S00636	W0008220	222	2025-02-17T23:53:00Z
S00636	W0008221	1724	2025-02-06T11:24:00Z
S00636	W0008222	617	2025-02-26T09:55:00Z
S00636	W0008223	1106	2025-02-06T08:48:00Z
S00636	W0008224	166	2025-02-18T04:13:00Z
S00636	W0008225	271	2025-02-23T15:39:00Z
S00636	W0008226	1156	2025-02-04T18:06:00Z
S00671	W0008227	134	2025-02-09T22:29:00Z
S00671	W0008228	859	2025-02-18T22:44:00Z
S00671	W0008229	840	2025-02-21T11:40:00Z
S00671	W0008230	1064	2025-02-25T08:56:00Z
S00671	W0008231	1053	2025-02-10T01:22:00Z
S00671	W0008232	1364	2025-02-22T10:49:00Z
S00671	W0008233	173	2025-02-02T19:15:00Z
S00671	W0008234	1096	2025-02-23T04:20:00Z
S00530	W0008235	837	2025-02-19T12:32:00Z
S00530	W0008236	1113	2025-02-01T23:57:00Z
S00530	W0008237	874	2025-02-07T14:17:00Z
S00530	W0008238	762	2025-02-14T01:26:00Z
S00530	W0008239	384	2025-02-02T12:06:00Z
S00530	W0008240	1748	2025-02-24T08:31:00Z
S00530	W0008241	797	2025-02-10T11:52:00Z
S00530	W0008242	1285	2025-02-11T23:37:00Z
S00530	W0008243	1399	2025-02-18T16:46:00Z
S00530	W0008244	1395	2025-02-01T15:10:00Z
S00530	W0008245	859	2025-02-22T15:27:00Z
S00530	W0008246	1615	2025-02-28T19:12:00Z
S00920	W0008247	1534	2025-02-04T12:28:00Z
S00920	W0008248	678	2025-02-10T03:33:00Z
S00920	W0008249	1173	2025-02-28T13:55:00Z
S00920	W0008250	1347	2025-02-21T15:33:00Z
S00920	W0008251	1182	2025-02-03T04:22:00Z
S00920	W0008252	1146	2025-02-09T12:15:00Z
S00920	W0008253	585	2025-02-06T22:09:00Z
S00920	W0008254	1722	2025-02-23T06:16:00Z
S00920	W0008255	1271	2025-02-06T15:24:00Z
S00920	W0008256	273	2025-02-19T10:43:00Z
S00920	W0008257	991	2025-02-21T19:08:00Z
S00920	W0008258	1231	2025-02-10T15:40:00Z
S00920	W0008259	1337	2025-02-05T12:38:00Z
S01545	W0008260	1418	2025-02-15T03:08:00Z
S01545	W0008261	1187	2025-02-08T13:54:00Z
S01545	W0008262	821	2025-02-26T03:46:00Z
S01545	W0008263	1388	2025-02-20T06:07:00Z
S01545	W0008264	843	2025-02-05T18:21:00Z
S01545	W0008265	1066	2025-02-11T13:04:00Z
S01545	W0008266	1130	2025-02-15T08:16:00Z
S01545	W0008267	1287	2025-02-01T04:26:00Z
S01545	W0008268	1228	2025-02-21T11:22:00Z
S01545	W0008269	1712	2025-02-08T05:47:00Z
S01545	W0008270	850	2025-02-13T22:31:00Z
S01545	W0008271	524	2025-02-15T21:04:00Z
S01545	W0008272	1432	2025-02-13T03:39:00Z
S01545	W0008273	1435	2025-02-10T04:31:00Z
S01545	W0008274	1179	2025-02-06T15:27:00Z
S01545	W0008275	1213	2025-02-27T01:43:00Z
S01545	W0008276	92	2025-02-26T15:04:00Z
S01545	W0008277	630	2025-02-19T08:18:00Z
S01545	W0008278	1255	2025-02-03T21:21:00Z
S01545	W0008279	476	2025-02-25T14:57:00Z
S01545	W0008280	428	2025-02-10T01:13:00Z
S01545	W0008281	828	2025-02-10T17:37:00Z
S01545	W0008282	785	2025-02-10T07:16:00Z
S01545	W0008283	1359	2025-02-24T16:23:00Z
S00113	W0008284	1545	2025-02-05T08:38:00Z
S00113	W0008285	406	2025-02-12T23:01:00Z
S00113	W0008286	62	2025-02-13T20:37:00Z
S00113	W0008287	990	2025-02-20T18:24:00Z
S00113	W0008288	306	2025-02-08T12:32:00Z
S00113	W0008289	70	2025-02-08T22:16:00Z
S00113	W0008290	1538	2025-02-09T08:51:00Z
S00580	W0008291	1286	2025-02-17T23:38:00Z
S00580	W0008292	578	2025-02-25T22:15:00Z
S00580	W0008293	675	2025-02-02T04:55:00Z
S00580	W0008294	1387	2025-02-18T07:31:00Z
S00580	W0008295	1211	2025-02-25T07:43:00Z
S00580	W0008296	1653	2025-02-15T17:48:00Z
S00455	W0008297	404	2025-02-20T11:38:00Z
S00455	W0008298	798	2025-02-16T02:54:00Z
S00455	W0008299	515	2025-02-08T01:47:00Z
S00455	W0008300	365	2025-02-20T15:39:00Z
S00455	W0008301	72	2025-02-01T21:25:00Z
S00455	W0008302	139	2025-02-20T06:49:00Z
S00455	W0008303	550	2025-02-01T22:33:00Z
S00455	W0008304	616	2025-02-26T01:44:00Z
S00455	W0008305	947	2025-02-16T11:05:00Z
S00455	W0008306	1424	2025-02-06T09:09:00Z
S00455	W0008307	1565	2025-02-01T18:51:00Z
S00455	W0008308	658	2025-02-28T14:32:00Z
S00455	W0008309	1558	2025-02-18T23:12:00Z
S00455	W0008310	1423	2025-02-22T15:04:00Z
S00455	W0008311	1059	2025-02-05T23:19:00Z
S00455	W0008312	443	2025-02-19T18:09:00Z
S00455	W0008313	1169	2025-02-28T05:48:00Z
S00455	W0008314	84	2025-02-23T12:00:00Z
S01086	W0008315	468	2025-02-19T12:34:00Z
S01086	W0008316	212	2025-02-18T05:22:00Z
S01086	W0008317	1496	2025-02-13T12:45:00Z
S01086	W0008318	968	2025-02-18T10:15:00Z
S01086	W0008319	1578	2025-02-10T13:08:00Z
S01086	W0008320	1621	2025-02-15T21:39:00Z
S01086	W0008321	1689	2025-02-13T03:26:00Z
S01086	W0008322	473	2025-02-17T04:52:00Z
S01086	W0008323	1722	2025-02-04T22:48:00Z
S01086	W0008324	713	2025-02-11T08:59:00Z
S01086	W0008325	1316	2025-02-15T16:49:00Z
S01086	W0008326	1366	2025-02-18T10:02:00Z
S01086	W0008327	1392	2025-02-04T02:05:00Z
S01086	W0008328	71	2025-02-13T13:18:00Z
S01086	W0008329	1241	2025-02-05T00:18:00Z
S01086	W0008330	1513	2025-02-10T23:16:00Z
S01086	W0008331	1108	2025-02-22T15:00:00Z
S01086	W0008332	1469	2025-02-14T03:10:00Z
S01086	W0008333	122	2025-02-11T00:20:00Z
S01086	W0008334	1213	2025-02-22T23:28:00Z
S01086	W0008335	84	2025-02-20T16:57:00Z
S01086	W0008336	1688	2025-02-08T21:35:00Z
S01368	W0008337	1200	2025-02-09T17:56:00Z
S01368	W0008338	1324	2025-02-14T09:41:00Z
S01368	W0008339	580	2025-02-22T08:52:00Z
S01368	W0008340	711	2025-02-28T12:28:00Z
S01368	W0008341	1020	2025-02-24T12:01:00Z
S01368	W0008342	628	2025-02-16T12:12:00Z
S01368	W0008343	943	2025-02-18T23:51:00Z
S01368	W0008344	150	2025-02-23T03:43:00Z
S01368	W0008345	56	2025-02-17T21:56:00Z
S01368	W0008346	1616	2025-02-22T18:05:00Z
S01368	W0008347	1222	2025-02-02T20:38:00Z
S01390	W0008348	285	2025-02-01T08:54:00Z
S01390	W0008349	1783	2025-02-21T09:51:00Z
S01390	W0008350	1410	2025-02-24T23:10:00Z
S01390	W0008351	1403	2025-02-22T17:56:00Z
S01390	W0008352	323	2025-02-23T22:39:00Z
S01390	W0008353	1769	2025-02-27T00:24:00Z
S01390	W0008354	1545	2025-02-21T01:50:00Z
S01390	W0008355	498	2025-02-06T17:35:00Z
S01390	W0008356	120	2025-02-20T16:46:00Z
S01390	W0008357	1183	2025-02-25T15:24:00Z
S01390	W0008358	602	2025-02-17T04:24:00Z
S01390	W0008359	626	2025-02-19T22:08:00Z
S01390	W0008360	360	2025-02-19T17:02:00Z
S01390	W0008361	384	2025-02-18T20:26:00Z
S01390	W0008362	250	2025-02-22T04:19:00Z
S01390	W0008363	1326	2025-02-11T19:44:00Z
S01390	W0008364	272	2025-02-19T17:27:00Z
S01390	W0008365	948	2025-02-02T23:17:00Z
S01390	W0008366	855	2025-02-04T22:08:00Z
S01390	W0008367	622	2025-02-16T22:38:00Z
S01390	W0008368	401	2025-02-24T13:13:00Z
S01390	W0008369	616	2025-02-28T02:29:00Z
S01390	W0008370	207	2025-02-10T09:02:00Z
S01390	W0008371	525	2025-02-25T22:26:00Z
S00777	W0008372	1019	2025-02-07T07:55:00Z
S00777	W0008373	233	2025-02-23T14:54:00Z
S00777	W0008374	1381	2025-02-06T01:14:00Z
S00777	W0008375	139	2025-02-21T02:21:00Z
S00777	W0008376	375	2025-02-13T22:24:00Z
S00777	W0008377	1072	2025-02-04T21:59:00Z
S00777	W0008378	313	2025-02-01T05:15:00Z
S00777	W0008379	1165	2025-02-07T08:52:00Z
S00777	W0008380	431	2025-02-07T08:53:00Z
S00777	W0008381	698	2025-02-25T18:49:00Z
S00777	W0008382	1512	2025-02-11T12:53:00Z
S00777	W0008383	439	2025-02-16T22:22:00Z
S00777	W0008384	993	2025-02-16T00:08:00Z
S00777	W0008385	1557	2025-02-08T16:29:00Z
S00777	W0008386	25	2025-02-27T11:55:00Z
S00777	W0008387	1674	2025-02-06T15:34:00Z
S00777	W0008388	1053	2025-02-18T16:51:00Z
S00777	W0008389	706	2025-02-06T18:57:00Z
S00777	W0008390	1272	2025-02-13T02:05:00Z
S00308	W0008391	588	2025-02-28T09:25:00Z
S00308	W0008392	80	2025-02-28T20:12:00Z
S00308	W0008393	1587	2025-02-28T15:49:00Z
S00308	W0008394	218	2025-02-19T21:08:00Z
S00308	W0008395	1186	2025-02-20T02:15:00Z
S00308	W0008396	1346	2025-02-23T10:07:00Z
S00308	W0008397	84	2025-02-18T14:55:00Z
S00308	W0008398	1459	2025-02-14T08:09:00Z
S00308	W0008399	416	2025-02-24T19:59:00Z
S00308	W0008400	1075	2025-02-28T22:54:00Z
S00308	W0008401	1706	2025-02-10T11:41:00Z
S00308	W0008402	675	2025-02-14T05:13:00Z
S00308	W0008403	913	2025-02-06T14:48:00Z
S00308	W0008404	639	2025-02-12T18:48:00Z
S00308	W0008405	1570	2025-02-14T18:36:00Z
S00308	W0008406	1518	2025-02-28T17:04:00Z
S00308	W0008407	829	2025-02-27T12:00:00Z
S01184	W0008408	972	2025-02-09T10:35:00Z
S01184	W0008409	654	2025-02-25T06:58:00Z
S01184	W0008410	354	2025-02-26T06:23:00Z
S01184	W0008411	736	2025-02-23T11:42:00Z
S01184	W0008412	294	2025-02-28T22:44:00Z
S01184	W0008413	416	2025-02-11T15:40:00Z
S01184	W0008414	511	2025-02-13T07:16:00Z
S01184	W0008415	327	2025-02-12T19:29:00Z
S01184	W0008416	247	2025-02-05T14:02:00Z
S01184	W0008417	566	2025-02-01T19:52:00Z
S01209	W0008418	1428	2025-02-20T13:08:00Z
S01209	W0008419	914	2025-02-02T01:00:00Z
S01209	W0008420	882	2025-02-13T22:50:00Z
S01209	W0008421	1337	2025-02-01T13:34:00Z
S01209	W0008422	967	2025-02-09T12:03:00Z
S01209	W0008423	1775	2025-02-07T06:54:00Z
S01209	W0008424	647	2025-02-06T21:56:00Z
S01209	W0008425	1284	2025-02-19T14:14:00Z
S01209	W0008426	1314	2025-02-19T12:59:00Z
S01209	W0008427	987	2025-02-16T07:25:00Z
S01209	W0008428	31	2025-02-02T03:22:00Z
S01209	W0008429	1076	2025-02-19T04:05:00Z
S01909	W0008430	1354	2025-02-06T08:47:00Z
S01909	W0008431	1126	2025-02-07T09:27:00Z
S01909	W0008432	529	2025-02-03T19:10:00Z
S01909	W0008433	458	2025-02-16T22:31:00Z
S01909	W0008434	230	2025-02-10T09:50:00Z
S01909	W0008435	1745	2025-02-06T21:22:00Z
S01909	W0008436	751	2025-02-04T12:48:00Z
S01909	W0008437	1518	2025-02-23T01:44:00Z
S01909	W0008438	884	2025-02-26T22:18:00Z
S01909	W0008439	1620	2025-02-18T10:45:00Z
S01909	W0008440	555	2025-02-28T07:45:00Z
S01909	W0008441	150	2025-02-16T18:54:00Z
S01909	W0008442	1759	2025-02-02T20:12:00Z
S01909	W0008443	349	2025-02-26T12:37:00Z
S01909	W0008444	636	2025-02-15T17:36:00Z
S01909	W0008445	1725	2025-02-08T15:06:00Z
S01909	W0008446	866	2025-02-09T03:42:00Z
S01909	W0008447	757	2025-02-11T18:08:00Z
S01909	W0008448	307	2025-02-03T14:44:00Z
S01909	W0008449	1497	2025-02-19T09:13:00Z
S01909	W0008450	193	2025-02-02T04:33:00Z
S01909	W0008451	1594	2025-02-07T06:57:00Z
S01909	W0008452	1207	2025-02-03T13:21:00Z
S01909	W0008453	124	2025-02-27T17:19:00Z
S01615	W0008454	829	2025-02-10T23:34:00Z
S01615	W0008455	1658	2025-02-16T14:49:00Z
S01615	W0008456	490	2025-02-04T21:20:00Z
S01615	W0008457	558	2025-02-07T12:07:00Z
S01615	W0008458	1738	2025-02-15T02:38:00Z
S01615	W0008459	893	2025-02-05T03:19:00Z
S01615	W0008460	640	2025-02-15T05:48:00Z
S01615	W0008461	1268	2025-02-25T08:05:00Z
S01615	W0008462	1507	2025-02-02T13:08:00Z
S01615	W0008463	1124	2025-02-15T11:07:00Z
S01615	W0008464	1645	2025-02-11T07:25:00Z
S01615	W0008465	1492	2025-02-06T05:02:00Z
S01615	W0008466	631	2025-02-01T04:10:00Z
S01615	W0008467	88	2025-02-15T10:10:00Z
S01615	W0008468	1501	2025-02-28T14:14:00Z
S01615	W0008469	167	2025-02-11T05:10:00Z
S01615	W0008470	1551	2025-02-16T19:48:00Z
S00932	W0008471	1075	2025-02-03T21:32:00Z
S00932	W0008472	339	2025-02-07T01:20:00Z
S00932	W0008473	727	2025-02-05T05:21:00Z
S00932	W0008474	1124	2025-02-03T07:13:00Z
S00932	W0008475	204	2025-02-12T21:17:00Z
S00932	W0008476	1143	2025-02-26T13:14:00Z
S00066	W0008477	72	2025-02-06T01:30:00Z
S00066	W0008478	1800	2025-02-25T10:47:00Z
S00066	W0008479	521	2025-02-16T19:30:00Z
S00066	W0008480	1444	2025-02-20T06:13:00Z
S00066	W0008481	272	2025-02-02T15:05:00Z
S00066	W0008482	280	2025-02-05T21:43:00Z
S00066	W0008483	247	2025-02-10T17:53:00Z
S00066	W0008484	1112	2025-02-21T06:52:00Z
S00066	W0008485	74	2025-02-26T22:22:00Z
S00066	W0008486	1366	2025-02-16T23:42:00Z
S00066	W0008487	1479	2025-02-15T02:52:00Z
S00066	W0008488	569	2025-02-28T13:39:00Z
S00066	W0008489	631	2025-02-19T14:27:00Z
S00066	W0008490	601	2025-02-15T01:56:00Z
S00066	W0008491	1110	2025-02-24T13:15:00Z
S00066	W0008492	994	2025-02-24T00:09:00Z
S00066	W0008493	1292	2025-02-23T07:54:00Z
S00066	W0008494	1563	2025-02-18T10:20:00Z
S00066	W0008495	385	2025-02-02T00:44:00Z
S00066	W0008496	696	2025-02-16T19:27:00Z
S00066	W0008497	1310	2025-02-20T21:37:00Z
S00066	W0008498	1473	2025-02-10T00:54:00Z
S00066	W0008499	1799	2025-02-06T15:22:00Z
S00315	W0008500	1535	2025-02-24T12:53:00Z
S00315	W0008501	1018	2025-02-19T23:31:00Z
S00315	W0008502	223	2025-02-15T01:54:00Z
S00315	W0008503	200	2025-02-24T09:12:00Z
S00315	W0008504	408	2025-02-23T03:41:00Z
S00315	W0008505	254	2025-02-15T09:21:00Z
S00315	W0008506	581	2025-02-10T19:27:00Z
S00315	W0008507	176	2025-02-15T23:40:00Z
S00315	W0008508	299	2025-02-28T01:21:00Z
S00315	W0008509	344	2025-02-25T12:12:00Z
S00315	W0008510	538	2025-02-01T23:11:00Z
S00315	W0008511	1123	2025-02-15T09:04:00Z
S00315	W0008512	460	2025-02-09T14:38:00Z
S00940	W0008513	79	2025-02-02T20:16:00Z
S00940	W0008514	1398	2025-02-04T18:58:00Z
S00940	W0008515	1553	2025-02-16T00:02:00Z
S00940	W0008516	1797	2025-02-10T21:29:00Z
S00940	W0008517	112	2025-02-07T19:06:00Z
S00940	W0008518	862	2025-02-24T05:19:00Z
S00940	W0008519	1177	2025-02-16T04:58:00Z
S00940	W0008520	436	2025-02-16T01:39:00Z
S00940	W0008521	1139	2025-02-27T19:56:00Z
S00940	W0008522	185	2025-02-12T02:53:00Z
S00940	W0008523	780	2025-02-22T19:55:00Z
S00940	W0008524	811	2025-02-27T06:17:00Z
S00940	W0008525	669	2025-02-08T17:08:00Z
S00940	W0008526	1267	2025-02-07T17:35:00Z
S00940	W0008527	676	2025-02-03T16:30:00Z
S00940	W0008528	1172	2025-02-07T00:47:00Z
S00940	W0008529	31	2025-02-22T07:31:00Z
S00940	W0008530	1749	2025-02-03T10:34:00Z
S00940	W0008531	310	2025-02-22T16:44:00Z
S00940	W0008532	566	2025-02-08T05:26:00Z
S00940	W0008533	1194	2025-02-08T02:41:00Z
S00940	W0008534	1352	2025-02-12T00:27:00Z
S00940	W0008535	950	2025-02-27T10:18:00Z
S00940	W0008536	1706	2025-02-23T17:49:00Z
S00940	W0008537	413	2025-02-12T08:52:00Z
S00940	W0008538	1553	2025-02-13T23:53:00Z
S00940	W0008539	892	2025-02-15T11:33:00Z
S00940	W0008540	1434	2025-02-07T12:35:00Z
S00280	W0008541	639	2025-02-15T00:43:00Z
S00280	W0008542	348	2025-02-09T11:20:00Z
S00280	W0008543	337	2025-02-06T11:21:00Z
S00280	W0008544	1295	2025-02-13T15:15:00Z
S00280	W0008545	602	2025-02-16T00:50:00Z
S00280	W0008546	1625	2025-02-20T02:07:00Z
S00280	W0008547	729	2025-02-22T00:41:00Z
S00280	W0008548	62	2025-02-04T17:23:00Z
S00280	W0008549	1097	2025-02-15T16:59:00Z
S00280	W0008550	114	2025-02-27T06:53:00Z
S00280	W0008551	983	2025-02-08T12:28:00Z
S00280	W0008552	1084	2025-02-08T18:45:00Z
S00280	W0008553	244	2025-02-10T07:39:00Z
S00280	W0008554	1203	2025-02-16T22:33:00Z
S00280	W0008555	1404	2025-02-10T11:30:00Z
S00280	W0008556	468	2025-02-19T06:58:00Z
S00280	W0008557	1628	2025-02-11T07:15:00Z
S00280	W0008558	1166	2025-02-27T05:48:00Z
S00280	W0008559	295	2025-02-28T21:47:00Z
S00280	W0008560	821	2025-02-18T02:08:00Z
S00280	W0008561	546	2025-02-13T14:58:00Z
S00280	W0008562	70	2025-02-10T04:46:00Z
S00280	W0008563	1515	2025-02-27T17:22:00Z
S00280	W0008564	1484	2025-02-07T10:54:00Z
S00280	W0008565	1206	2025-02-28T05:19:00Z
S00280	W0008566	1016	2025-02-05T12:17:00Z
S00280	W0008567	620	2025-02-13T23:44:00Z
S00280	W0008568	1235	2025-02-25T12:06:00Z
S00280	W0008569	550	2025-02-17T13:05:00Z
S00138	W0008570	1089	2025-02-11T05:36:00Z
S00138	W0008571	162	2025-02-12T15:05:00Z
S00138	W0008572	1399	2025-02-20T10:34:00Z
S00138	W0008573	767	2025-02-16T12:11:00Z
S00138	W0008574	1111	2025-02-04T23:44:00Z
S00138	W0008575	20	2025-02-05T14:44:00Z
S00138	W0008576	1227	2025-02-10T20:16:00Z
S00138	W0008577	218	2025-02-16T01:53:00Z
S00138	W0008578	539	2025-02-04T12:18:00Z
S00138	W0008579	47	2025-02-15T02:51:00Z
S01552	W0008580	933	2025-02-27T14:27:00Z
S01552	W0008581	1618	2025-02-06T04:48:00Z
S01552	W0008582	226	2025-02-15T10:41:00Z
S01552	W0008583	174	2025-02-21T13:41:00Z
S01552	W0008584	1479	2025-02-25T04:25:00Z
S01552	W0008585	1692	2025-02-10T05:25:00Z
S01552	W0008586	703	2025-02-09T19:24:00Z
S01552	W0008587	1032	2025-02-28T00:32:00Z
S01552	W0008588	1307	2025-02-08T23:30:00Z
S01552	W0008589	1263	2025-02-02T17:59:00Z
S01552	W0008590	353	2025-02-11T23:13:00Z
S01552	W0008591	114	2025-02-10T07:35:00Z
S01552	W0008592	203	2025-02-08T06:10:00Z
S01552	W0008593	664	2025-02-16T14:25:00Z
S01552	W0008594	765	2025-02-05T10:40:00Z
S01552	W0008595	1671	2025-02-27T14:43:00Z
S01552	W0008596	1583	2025-02-07T16:52:00Z
S01552	W0008597	1306	2025-02-20T05:04:00Z
S01552	W0008598	511	2025-02-02T07:38:00Z
S01552	W0008599	1343	2025-02-20T20:15:00Z
S01552	W0008600	678	2025-02-27T08:12:00Z
S01102	W0008601	1207	2025-02-25T15:12:00Z
S01102	W0008602	1580	2025-02-25T12:07:00Z
S01102	W0008603	1378	2025-02-21T10:20:00Z
S01102	W0008604	170	2025-02-26T06:36:00Z
S01102	W0008605	509	2025-02-12T23:37:00Z
S01102	W0008606	1616	2025-02-24T02:16:00Z
S01102	W0008607	1062	2025-02-01T03:20:00Z
S01102	W0008608	1010	2025-02-09T04:38:00Z
S01102	W0008609	610	2025-02-19T14:18:00Z
S01102	W0008610	299	2025-02-22T18:44:00Z
S01102	W0008611	570	2025-02-03T11:13:00Z
S01102	W0008612	81	2025-02-25T23:57:00Z
S01102	W0008613	886	2025-02-18T12:24:00Z
S01866	W0008614	422	2025-02-26T19:06:00Z
S01866	W0008615	401	2025-02-27T03:39:00Z
S01866	W0008616	201	2025-02-26T14:08:00Z
S01866	W0008617	65	2025-02-23T21:51:00Z
S01866	W0008618	1110	2025-02-03T05:40:00Z
S01866	W0008619	990	2025-02-17T08:40:00Z
S01866	W0008620	1690	2025-02-13T19:23:00Z
S01866	W0008621	901	2025-02-15T00:02:00Z
S01866	W0008622	1745	2025-02-26T18:54:00Z
S01866	W0008623	1321	2025-02-15T15:55:00Z
S01866	W0008624	416	2025-02-26T08:34:00Z
S01866	W0008625	1446	2025-02-04T02:18:00Z
S01866	W0008626	957	2025-02-22T23:27:00Z
S01866	W0008627	1509	2025-02-05T00:28:00Z
S00371	W0008628	1570	2025-02-03T18:25:00Z
S00371	W0008629	307	2025-02-09T21:41:00Z
S00371	W0008630	1434	2025-02-02T06:14:00Z
S00371	W0008631	1771	2025-02-02T08:57:00Z
S00371	W0008632	1133	2025-02-01T05:44:00Z
S01988	W0008633	264	2025-02-13T16:15:00Z
S01988	W0008634	1091	2025-02-18T04:07:00Z
S01988	W0008635	191	2025-02-11T03:43:00Z
S01988	W0008636	1111	2025-02-02T19:13:00Z
S01988	W0008637	340	2025-02-23T16:09:00Z
S01988	W0008638	1264	2025-02-07T21:09:00Z
S01988	W0008639	1002	2025-02-12T05:31:00Z
S01988	W0008640	1294	2025-02-02T10:47:00Z
S01988	W0008641	1067	2025-02-19T14:16:00Z
S01988	W0008642	90	2025-02-03T16:37:00Z
S01988	W0008643	369	2025-02-27T09:07:00Z
S01988	W0008644	1772	2025-02-20T19:53:00Z
S01988	W0008645	631	2025-02-05T03:00:00Z
S01988	W0008646	632	2025-02-01T05:21:00Z
S01988	W0008647	1260	2025-02-23T02:42:00Z
S01988	W0008648	1787	2025-02-10T14:55:00Z
S01988	W0008649	1544	2025-02-28T18:48:00Z
S01988	W0008650	871	2025-02-17T18:44:00Z
S01988	W0008651	1321	2025-02-27T16:13:00Z
S01988	W0008652	463	2025-02-26T03:45:00Z
S01988	W0008653	974	2025-02-24T02:06:00Z
S01988	W0008654	1158	2025-02-01T14:05:00Z
S01988	W0008655	828	2025-02-15T00:01:00Z
S01988	W0008656	251	2025-02-17T04:43:00Z
S00789	W0008657	143	2025-02-12T12:48:00Z
S00789	W0008658	1089	2025-02-20T04:46:00Z
S00789	W0008659	1719	2025-02-17T04:14:00Z
S00789	W0008660	317	2025-02-04T17:25:00Z
S00789	W0008661	291	2025-02-17T20:07:00Z
S00789	W0008662	949	2025-02-02T12:54:00Z
S00789	W0008663	180	2025-02-22T08:39:00Z
S00789	W0008664	1070	2025-02-22T13:04:00Z
S00789	W0008665	1438	2025-02-07T04:24:00Z
S00789	W0008666	829	2025-02-13T03:51:00Z
S00789	W0008667	217	2025-02-15T02:23:00Z
S00789	W0008668	980	2025-02-05T15:54:00Z
S00789	W0008669	1478	2025-02-11T19:33:00Z
S00789	W0008670	285	2025-02-03T13:48:00Z
S00789	W0008671	43	2025-02-09T15:50:00Z
S00789	W0008672	397	2025-02-14T09:21:00Z
S00789	W0008673	1383	2025-02-12T07:35:00Z
S01137	W0008674	618	2025-02-04T11:18:00Z
S01137	W0008675	379	2025-02-11T00:20:00Z
S01137	W0008676	1040	2025-02-23T15:44:00Z
S01137	W0008677	1372	2025-02-03T11:11:00Z
S01137	W0008678	168	2025-02-02T11:58:00Z
S01137	W0008679	1749	2025-02-27T04:33:00Z
S01137	W0008680	1150	2025-02-02T22:43:00Z
S01137	W0008681	1429	2025-02-07T14:23:00Z
S01137	W0008682	1059	2025-02-03T12:42:00Z
S01137	W0008683	1125	2025-02-20T15:15:00Z
S01137	W0008684	1543	2025-02-03T20:12:00Z
S01310	W0008685	1570	2025-02-05T01:07:00Z
S01310	W0008686	595	2025-02-14T19:29:00Z
S01310	W0008687	187	2025-02-21T23:18:00Z
S01310	W0008688	1402	2025-02-01T17:55:00Z
S01310	W0008689	1126	2025-02-12T10:18:00Z
S01310	W0008690	1208	2025-02-06T09:14:00Z
S01310	W0008691	840	2025-02-24T23:59:00Z
S01310	W0008692	683	2025-02-20T17:52:00Z
S01310	W0008693	382	2025-02-18T14:49:00Z
S01762	W0008694	733	2025-02-26T19:25:00Z
S01762	W0008695	1711	2025-02-26T08:12:00Z
S01762	W0008696	1680	2025-02-17T03:55:00Z
S01762	W0008697	1006	2025-02-16T05:33:00Z
S01762	W0008698	470	2025-02-20T17:12:00Z
S01762	W0008699	976	2025-02-16T14:44:00Z
S01762	W0008700	303	2025-02-07T07:47:00Z
S01762	W0008701	782	2025-02-22T11:59:00Z
S01762	W0008702	1361	2025-02-17T06:18:00Z
S00613	W0008703	809	2025-02-02T21:51:00Z
S00613	W0008704	162	2025-02-10T06:50:00Z
S00613	W0008705	826	2025-02-19T11:43:00Z
S00613	W0008706	1319	2025-02-26T12:58:00Z
S00613	W0008707	727	2025-02-12T19:38:00Z
S00613	W0008708	1734	2025-02-23T21:20:00Z
S00613	W0008709	496	2025-02-17T21:41:00Z
S00613	W0008710	664	2025-02-09T09:09:00Z
S00613	W0008711	1068	2025-02-01T05:49:00Z
S00613	W0008712	167	2025-02-15T23:36:00Z
S00613	W0008713	858	2025-02-20T23:38:00Z
S00613	W0008714	1026	2025-02-08T23:29:00Z
S00613	W0008715	437	2025-02-03T14:53:00Z
S00613	W0008716	1434	2025-02-18T03:43:00Z
S00613	W0008717	196	2025-02-24T01:04:00Z
S00613	W0008718	1794	2025-02-26T08:40:00Z
S00613	W0008719	727	2025-02-15T09:19:00Z
S00613	W0008720	1037	2025-02-12T20:18:00Z
S00613	W0008721	1337	2025-02-10T06:48:00Z
S00613	W0008722	26	2025-02-03T03:17:00Z
S00613	W0008723	872	2025-02-13T22:12:00Z
S00613	W0008724	1070	2025-02-03T20:00:00Z
S00613	W0008725	1465	2025-02-25T16:42:00Z
S00613	W0008726	126	2025-02-19T15:39:00Z
S00613	W0008727	577	2025-02-16T08:48:00Z
S00613	W0008728	1295	2025-02-07T13:48:00Z
S00613	W0008729	1786	2025-02-15T01:58:00Z
S00601	W0008730	45	2025-02-03T21:45:00Z
S00601	W0008731	933	2025-02-24T21:15:00Z
S00601	W0008732	826	2025-02-23T23:12:00Z
S00601	W0008733	1623	2025-02-09T16:40:00Z
S00601	W0008734	1281	2025-02-28T14:26:00Z
S00601	W0008735	331	2025-02-08T20:40:00Z
S00601	W0008736	721	2025-02-17T10:56:00Z
S00601	W0008737	423	2025-02-23T06:13:00Z
S00601	W0008738	565	2025-02-26T02:58:00Z
S00601	W0008739	1611	2025-02-11T15:17:00Z
S00601	W0008740	1377	2025-02-14T03:14:00Z
S00601	W0008741	498	2025-02-14T20:12:00Z
S00601	W0008742	1786	2025-02-14T03:38:00Z
S00601	W0008743	549	2025-02-23T03:38:00Z
S00601	W0008744	1116	2025-02-09T04:22:00Z
S00601	W0008745	1084	2025-02-17T06:40:00Z
S00601	W0008746	790	2025-02-05T20:03:00Z
S00601	W0008747	1789	2025-02-11T05:17:00Z
S00601	W0008748	1715	2025-02-24T12:52:00Z
S00601	W0008749	43	2025-02-22T08:39:00Z
S00601	W0008750	732	2025-02-22T23:29:00Z
S00601	W0008751	372	2025-02-07T08:55:00Z
S01298	W0008752	518	2025-02-20T16:21:00Z
S01298	W0008753	1291	2025-02-05T22:22:00Z
S01298	W0008754	1757	2025-02-08T05:28:00Z
S01298	W0008755	1528	2025-02-27T14:05:00Z
S01298	W0008756	1735	2025-02-18T03:49:00Z
S01298	W0008757	1744	2025-02-27T19:58:00Z
S01298	W0008758	308	2025-02-19T21:32:00Z
S01298	W0008759	1462	2025-02-06T03:30:00Z
S01298	W0008760	94	2025-02-18T21:44:00Z
S01298	W0008761	1026	2025-02-26T15:21:00Z
S01298	W0008762	1510	2025-02-08T00:30:00Z
S01298	W0008763	1677	2025-02-08T21:07:00Z
S01298	W0008764	1001	2025-02-06T09:10:00Z
S01298	W0008765	213	2025-02-28T07:36:00Z
S01298	W0008766	965	2025-02-16T17:47:00Z
S01598	W0008767	1148	2025-02-26T11:02:00Z
S01598	W0008768	60	2025-02-24T03:29:00Z
S01598	W0008769	307	2025-02-18T14:05:00Z
S01598	W0008770	262	2025-02-15T18:16:00Z
S00045	W0008771	492	2025-02-06T20:33:00Z
S00045	W0008772	1283	2025-02-02T16:05:00Z
S00045	W0008773	140	2025-02-05T12:08:00Z
S00045	W0008774	460	2025-02-24T14:36:00Z
S00045	W0008775	93	2025-02-09T12:20:00Z
S00045	W0008776	487	2025-02-06T14:35:00Z
S00045	W0008777	392	2025-02-09T13:03:00Z
S00045	W0008778	1442	2025-02-10T14:43:00Z
S00045	W0008779	1335	2025-02-17T21:54:00Z
S00045	W0008780	125	2025-02-17T03:55:00Z
S00045	W0008781	1441	2025-02-07T02:01:00Z
S00045	W0008782	1649	2025-02-09T22:14:00Z
S00045	W0008783	213	2025-02-27T17:37:00Z
S00045	W0008784	669	2025-02-28T15:12:00Z
S00045	W0008785	1417	2025-02-24T04:06:00Z
S00045	W0008786	855	2025-02-20T14:19:00Z
S00045	W0008787	1096	2025-02-04T17:32:00Z
S00045	W0008788	516	2025-02-01T17:50:00Z
S00045	W0008789	141	2025-02-05T10:31:00Z
S00045	W0008790	529	2025-02-01T00:32:00Z
S00045	W0008791	1449	2025-02-17T15:08:00Z
S00045	W0008792	323	2025-02-25T08:03:00Z
S00045	W0008793	1682	2025-02-13T08:20:00Z
S00045	W0008794	1772	2025-02-24T00:55:00Z
S00045	W0008795	1348	2025-02-03T22:24:00Z
S00045	W0008796	483	2025-02-18T06:30:00Z
S00045	W0008797	954	2025-02-07T14:33:00Z
S00045	W0008798	259	2025-02-23T10:58:00Z
S00045	W0008799	115	2025-02-18T22:12:00Z
S01327	W0008800	1704	2025-02-11T08:52:00Z
S01327	W0008801	885	2025-02-10T04:17:00Z
S01327	W0008802	1563	2025-02-16T10:26:00Z
S01327	W0008803	1617	2025-02-14T23:54:00Z
S01327	W0008804	1790	2025-02-03T16:29:00Z
S01327	W0008805	1565	2025-02-21T14:34:00Z
S00747	W0008806	873	2025-02-07T16:07:00Z
S00747	W0008807	691	2025-02-05T11:38:00Z
S00747	W0008808	1013	2025-02-04T22:42:00Z
S00747	W0008809	1091	2025-02-23T18:42:00Z
S00747	W0008810	954	2025-02-02T15:42:00Z
S00747	W0008811	1626	2025-02-13T18:55:00Z
S00747	W0008812	1042	2025-02-25T01:43:00Z
S00747	W0008813	1424	2025-02-24T15:39:00Z
S00747	W0008814	501	2025-02-26T16:02:00Z
S00747	W0008815	959	2025-02-27T15:10:00Z
S00747	W0008816	991	2025-02-17T05:06:00Z
S00747	W0008817	1425	2025-02-04T18:02:00Z
S00747	W0008818	103	2025-02-19T06:57:00Z
S00747	W0008819	123	2025-02-05T15:30:00Z
S00747	W0008820	676	2025-02-24T01:59:00Z
S00747	W0008821	342	2025-02-28T20:56:00Z
S01323	W0008822	553	2025-02-06T00:36:00Z
S01323	W0008823	1681	2025-02-23T06:19:00Z
S01323	W0008824	1557	2025-02-14T18:27:00Z
S01323	W0008825	642	2025-02-25T11:40:00Z
S01323	W0008826	1629	2025-02-27T17:12:00Z
S01323	W0008827	656	2025-02-27T20:08:00Z
S01323	W0008828	1345	2025-02-24T02:38:00Z
S00512	W0008829	1067	2025-02-11T07:57:00Z
S00512	W0008830	1150	2025-02-14T01:28:00Z
S00512	W0008831	1733	2025-02-17T12:15:00Z
S00512	W0008832	344	2025-02-13T07:00:00Z
S00512	W0008833	1242	2025-02-10T10:17:00Z
S00512	W0008834	1090	2025-02-22T11:28:00Z
S00512	W0008835	364	2025-02-10T21:19:00Z
S00512	W0008836	1405	2025-02-09T13:31:00Z
S00512	W0008837	1531	2025-02-18T14:31:00Z
S00512	W0008838	669	2025-02-17T13:51:00Z
S00512	W0008839	1103	2025-02-02T07:34:00Z
S00512	W0008840	1298	2025-02-28T19:24:00Z
S00512	W0008841	694	2025-02-25T12:00:00Z
S00512	W0008842	1337	2025-02-09T04:32:00Z
S00512	W0008843	1609	2025-02-26T16:46:00Z
S00512	W0008844	499	2025-02-24T16:13:00Z
S00512	W0008845	1112	2025-02-05T10:02:00Z
S00512	W0008846	1136	2025-02-03T03:12:00Z
S00850	W0008847	1346	2025-02-26T03:15:00Z
S00850	W0008848	270	2025-02-13T03:46:00Z
S00850	W0008849	436	2025-02-04T19:10:00Z
S00850	W0008850	1433	2025-02-28T07:34:00Z
S00850	W0008851	406	2025-02-09T14:59:00Z
S00850	W0008852	817	2025-02-03T13:25:00Z
S00850	W0008853	934	2025-02-24T00:55:00Z
S00850	W0008854	837	2025-02-08T11:46:00Z
S00850	W0008855	1309	2025-02-07T00:35:00Z
S00850	W0008856	1146	2025-02-16T02:01:00Z
S00850	W0008857	1220	2025-02-07T00:29:00Z
S00850	W0008858	433	2025-02-22T08:07:00Z
S00850	W0008859	1478	2025-02-14T08:41:00Z
S00850	W0008860	1008	2025-02-11T19:13:00Z
S00850	W0008861	591	2025-02-13T20:06:00Z
S00850	W0008862	1758	2025-02-06T22:31:00Z
S00850	W0008863	649	2025-02-11T17:59:00Z
S00850	W0008864	1212	2025-02-23T11:26:00Z
S00850	W0008865	406	2025-02-08T11:24:00Z
S00850	W0008866	1354	2025-02-14T08:24:00Z
S00850	W0008867	1727	2025-02-09T19:21:00Z
S00850	W0008868	317	2025-02-25T10:56:00Z
S00850	W0008869	1086	2025-02-13T15:08:00Z
S00850	W0008870	481	2025-02-28T06:02:00Z
S00850	W0008871	400	2025-02-05T08:28:00Z
S00850	W0008872	460	2025-02-14T19:48:00Z
S00850	W0008873	1281	2025-02-07T13:39:00Z
S00441	W0008874	1490	2025-02-23T14:00:00Z
S00441	W0008875	1407	2025-02-18T20:36:00Z
S00441	W0008876	631	2025-02-19T12:02:00Z
S00441	W0008877	442	2025-02-12T15:58:00Z
S00441	W0008878	207	2025-02-26T16:51:00Z
S00441	W0008879	715	2025-02-06T09:01:00Z
S00441	W0008880	221	2025-02-17T04:49:00Z
S00441	W0008881	1659	2025-02-28T19:30:00Z
S00441	W0008882	662	2025-02-19T08:11:00Z
S00441	W0008883	568	2025-02-12T00:41:00Z
S00441	W0008884	570	2025-02-24T18:03:00Z
S00441	W0008885	412	2025-02-21T11:34:00Z
S00441	W0008886	1231	2025-02-14T09:29:00Z
S00441	W0008887	127	2025-02-14T05:48:00Z
S00441	W0008888	1125	2025-02-18T20:49:00Z
S00441	W0008889	468	2025-02-18T21:54:00Z
S00441	W0008890	846	2025-02-22T04:55:00Z
S00441	W0008891	691	2025-02-08T21:31:00Z
S00441	W0008892	1764	2025-02-03T00:16:00Z
S00441	W0008893	428	2025-02-13T16:10:00Z
S00441	W0008894	803	2025-02-08T20:21:00Z
S00441	W0008895	1268	2025-02-05T04:06:00Z
S00441	W0008896	749	2025-02-24T23:51:00Z
S00292	W0008897	788	2025-02-07T16:40:00Z
S00292	W0008898	1290	2025-02-11T02:07:00Z
S00292	W0008899	1123	2025-02-08T06:41:00Z
S00292	W0008900	1184	2025-02-27T05:13:00Z
S00292	W0008901	890	2025-02-20T04:28:00Z
S00292	W0008902	1473	2025-02-14T14:50:00Z
S00292	W0008903	1722	2025-02-09T07:51:00Z
S00292	W0008904	389	2025-02-14T20:59:00Z
S00292	W0008905	733	2025-02-14T07:34:00Z
S00292	W0008906	1570	2025-02-02T12:33:00Z
S00292	W0008907	82	2025-02-05T19:48:00Z
S00292	W0008908	1577	2025-02-09T07:13:00Z
S00292	W0008909	1341	2025-02-19T22:11:00Z
S00292	W0008910	831	2025-02-08T11:00:00Z
S00292	W0008911	450	2025-02-23T15:16:00Z
S00292	W0008912	236	2025-02-24T10:04:00Z
S00292	W0008913	387	2025-02-19T06:42:00Z
S00083	W0008914	1278	2025-02-03T17:22:00Z
S00083	W0008915	596	2025-02-03T06:00:00Z
S00083	W0008916	969	2025-02-11T10:30:00Z
S00083	W0008917	403	2025-02-20T20:06:00Z
S00083	W0008918	503	2025-02-08T06:43:00Z
S00083	W0008919	1539	2025-02-13T18:34:00Z
S00083	W0008920	1168	2025-02-04T07:35:00Z
S00083	W0008921	730	2025-02-10T14:20:00Z
S00083	W0008922	1393	2025-02-17T02:45:00Z
S00375	W0008923	934	2025-02-13T05:35:00Z
S00375	W0008924	1697	2025-02-02T14:33:00Z
S00375	W0008925	1405	2025-02-10T04:54:00Z
S00375	W0008926	489	2025-02-08T21:26:00Z
S00375	W0008927	301	2025-02-14T08:14:00Z
S00375	W0008928	327	2025-02-07T03:13:00Z
S00375	W0008929	1510	2025-02-03T11:13:00Z
S00375	W0008930	1230	2025-02-26T04:13:00Z
S00375	W0008931	1404	2025-02-12T09:43:00Z
S00375	W0008932	484	2025-02-12T03:56:00Z
S00077	W0008933	1125	2025-02-04T17:31:00Z
S00077	W0008934	1484	2025-02-07T23:26:00Z
S00077	W0008935	844	2025-02-02T21:00:00Z
S00077	W0008936	255	2025-02-08T08:12:00Z
S00077	W0008937	795	2025-02-15T10:10:00Z
S00077	W0008938	1480	2025-02-14T20:35:00Z
S00077	W0008939	572	2025-02-17T00:15:00Z
S00077	W0008940	333	2025-02-09T22:55:00Z
S00077	W0008941	1061	2025-02-03T23:06:00Z
S00077	W0008942	1016	2025-02-27T06:22:00Z
S00077	W0008943	225	2025-02-19T14:36:00Z
S00077	W0008944	993	2025-02-28T08:29:00Z
S00077	W0008945	222	2025-02-08T18:42:00Z
S00077	W0008946	1553	2025-02-18T18:12:00Z
S00077	W0008947	573	2025-02-20T16:51:00Z
S00077	W0008948	571	2025-02-18T05:46:00Z
S00077	W0008949	1497	2025-02-19T02:12:00Z
S01989	W0008950	978	2025-02-16T00:57:00Z
S01989	W0008951	166	2025-02-28T21:38:00Z
S01989	W0008952	1286	2025-02-13T12:38:00Z
S01989	W0008953	192	2025-02-02T08:39:00Z
S01989	W0008954	865	2025-02-04T18:27:00Z
S01989	W0008955	1628	2025-02-13T21:28:00Z
S01989	W0008956	1527	2025-02-22T17:34:00Z
S01989	W0008957	1052	2025-02-07T23:22:00Z
S01989	W0008958	1761	2025-02-22T10:55:00Z
S01989	W0008959	719	2025-02-06T20:48:00Z
S01972	W0008960	602	2025-02-22T08:28:00Z
S01972	W0008961	448	2025-02-14T14:25:00Z
S01972	W0008962	1221	2025-02-25T01:28:00Z
S01972	W0008963	1649	2025-02-14T06:14:00Z
S01972	W0008964	1652	2025-02-08T18:38:00Z
S01628	W0008965	1203	2025-02-20T08:04:00Z
S01628	W0008966	803	2025-02-25T02:48:00Z
S01628	W0008967	1596	2025-02-10T00:26:00Z
S01628	W0008968	630	2025-02-09T00:23:00Z
S01628	W0008969	1511	2025-02-23T16:53:00Z
S01628	W0008970	1299	2025-02-05T08:25:00Z
S01628	W0008971	1299	2025-02-07T01:03:00Z
S01628	W0008972	1699	2025-02-22T17:29:00Z
S01628	W0008973	1340	2025-02-05T12:58:00Z
S01628	W0008974	516	2025-02-10T18:42:00Z
S01628	W0008975	1568	2025-02-25T06:43:00Z
S01628	W0008976	971	2025-02-25T07:19:00Z
S01628	W0008977	1689	2025-02-21T10:36:00Z
S01628	W0008978	1452	2025-02-17T20:48:00Z
S01628	W0008979	246	2025-02-24T23:04:00Z
S01731	W0008980	736	2025-02-22T18:51:00Z
S01731	W0008981	1189	2025-02-11T08:01:00Z
S01731	W0008982	282	2025-02-19T13:21:00Z
S01731	W0008983	158	2025-02-10T00:15:00Z
S01731	W0008984	1245	2025-02-14T07:58:00Z
S01731	W0008985	687	2025-02-10T04:00:00Z
S01731	W0008986	1330	2025-02-08T22:59:00Z
S01731	W0008987	1270	2025-02-21T15:57:00Z
S01731	W0008988	1697	2025-02-20T23:28:00Z
S01731	W0008989	1552	2025-02-11T09:12:00Z
S01731	W0008990	546	2025-02-08T20:14:00Z
S01731	W0008991	745	2025-02-01T00:32:00Z
S01731	W0008992	179	2025-02-10T13:43:00Z
S01731	W0008993	1642	2025-02-01T12:58:00Z
S01731	W0008994	646	2025-02-03T08:53:00Z
S01731	W0008995	1630	2025-02-11T11:42:00Z
S01731	W0008996	367	2025-02-02T10:26:00Z
S01731	W0008997	1129	2025-02-08T03:05:00Z
S01731	W0008998	1727	2025-02-02T07:23:00Z
S01731	W0008999	1743	2025-02-27T12:43:00Z
S01731	W0009000	990	2025-02-18T22:32:00Z
S01536	W0009001	85	2025-02-17T20:10:00Z
S01536	W0009002	1703	2025-02-05T10:44:00Z
S01536	W0009003	841	2025-02-24T11:30:00Z
S01536	W0009004	1593	2025-02-20T16:07:00Z
S01536	W0009005	835	2025-02-28T23:33:00Z
S01536	W0009006	57	2025-02-17T03:58:00Z
S01536	W0009007	1101	2025-02-07T21:07:00Z
S01536	W0009008	1367	2025-02-15T02:24:00Z
S01536	W0009009	1733	2025-02-14T14:48:00Z
S01536	W0009010	1591	2025-02-27T21:02:00Z
S01536	W0009011	1360	2025-02-27T10:46:00Z
S01536	W0009012	521	2025-02-23T07:03:00Z
S01536	W0009013	1481	2025-02-07T08:13:00Z
S01536	W0009014	1713	2025-02-19T01:06:00Z
S01536	W0009015	1059	2025-02-03T23:10:00Z
S01536	W0009016	314	2025-02-06T17:02:00Z
S00248	W0009017	825	2025-02-19T07:34:00Z
S00248	W0009018	1441	2025-02-01T14:25:00Z
S00248	W0009019	603	2025-02-28T14:58:00Z
S00248	W0009020	1278	2025-02-04T20:10:00Z
S00248	W0009021	1460	2025-02-12T03:29:00Z
S00248	W0009022	227	2025-02-15T21:07:00Z
S00248	W0009023	440	2025-02-13T11:13:00Z
S00248	W0009024	627	2025-02-02T17:12:00Z
S00248	W0009025	1342	2025-02-21T03:44:00Z
S00248	W0009026	1138	2025-02-23T11:06:00Z
S00248	W0009027	1461	2025-02-10T02:46:00Z
S00248	W0009028	1631	2025-02-11T06:30:00Z
S00248	W0009029	201	2025-02-04T04:00:00Z
S00248	W0009030	529	2025-02-14T08:02:00Z
S00248	W0009031	787	2025-02-14T11:57:00Z
S00248	W0009032	38	2025-02-04T12:59:00Z
S00248	W0009033	642	2025-02-07T22:18:00Z
S00248	W0009034	249	2025-02-06T21:53:00Z
S00248	W0009035	1760	2025-02-13T08:56:00Z
S00248	W0009036	246	2025-02-10T06:38:00Z
S00248	W0009037	806	2025-02-08T01:29:00Z
S00248	W0009038	45	2025-02-12T16:35:00Z
S00248	W0009039	1071	2025-02-19T00:44:00Z
S00248	W0009040	683	2025-02-13T10:12:00Z
S00248	W0009041	1048	2025-02-25T14:48:00Z
S00248	W0009042	626	2025-02-16T18:47:00Z
S00248	W0009043	1556	2025-02-28T19:00:00Z
S00248	W0009044	587	2025-02-22T03:53:00Z
S00248	W0009045	929	2025-02-27T15:42:00Z
S00248	W0009046	993	2025-02-08T03:51:00Z
S00572	W0009047	293	2025-02-13T22:19:00Z
S00572	W0009048	158	2025-02-04T14:52:00Z
S00572	W0009049	1075	2025-02-08T20:06:00Z
S00572	W0009050	1413	2025-02-05T01:35:00Z
S00572	W0009051	160	2025-02-07T14:19:00Z
S00572	W0009052	661	2025-02-07T06:32:00Z
S00572	W0009053	443	2025-02-24T11:06:00Z
S00572	W0009054	1076	2025-02-04T21:27:00Z
S00572	W0009055	114	2025-02-18T15:41:00Z
S00572	W0009056	1335	2025-02-17T01:54:00Z
S00572	W0009057	296	2025-02-25T07:55:00Z
S00572	W0009058	1228	2025-02-11T01:53:00Z
S00572	W0009059	620	2025-02-27T05:15:00Z
S00572	W0009060	1381	2025-02-05T00:42:00Z
S00572	W0009061	1259	2025-02-17T07:57:00Z
S00572	W0009062	439	2025-02-24T20:28:00Z
S00572	W0009063	27	2025-02-10T12:29:00Z
S00572	W0009064	1241	2025-02-10T22:16:00Z
S00572	W0009065	949	2025-02-25T04:29:00Z
S00572	W0009066	512	2025-02-08T21:21:00Z
S01071	W0009067	40	2025-02-04T06:10:00Z
S01071	W0009068	1434	2025-02-18T12:50:00Z
S01071	W0009069	1729	2025-02-24T19:35:00Z
S01071	W0009070	1759	2025-02-13T08:06:00Z
S01071	W0009071	759	2025-02-03T18:24:00Z
S01071	W0009072	633	2025-02-08T15:51:00Z
S01071	W0009073	790	2025-02-12T00:17:00Z
S01071	W0009074	998	2025-02-24T11:19:00Z
S01071	W0009075	288	2025-02-18T22:44:00Z
S01071	W0009076	1675	2025-02-19T08:06:00Z
S01071	W0009077	776	2025-02-01T14:21:00Z
S01071	W0009078	1078	2025-02-18T08:08:00Z
S01071	W0009079	657	2025-02-12T19:37:00Z
S01071	W0009080	92	2025-02-07T16:01:00Z
S01071	W0009081	726	2025-02-24T06:08:00Z
S01071	W0009082	1132	2025-02-18T06:05:00Z
S01071	W0009083	1570	2025-02-21T13:27:00Z
S01071	W0009084	495	2025-02-01T04:20:00Z
S01071	W0009085	422	2025-02-04T18:07:00Z
S01071	W0009086	1154	2025-02-27T21:34:00Z
S01071	W0009087	1462	2025-02-10T15:09:00Z
S01071	W0009088	667	2025-02-05T11:45:00Z
S01412	W0009089	1208	2025-02-02T14:04:00Z
S01412	W0009090	323	2025-02-14T11:17:00Z
S01412	W0009091	359	2025-02-04T20:15:00Z
S01412	W0009092	1241	2025-02-16T08:26:00Z
S01412	W0009093	135	2025-02-17T02:33:00Z
S01412	W0009094	1306	2025-02-05T18:12:00Z
S01412	W0009095	486	2025-02-20T11:42:00Z
S00119	W0009096	597	2025-02-04T03:25:00Z
S00119	W0009097	600	2025-02-05T15:40:00Z
S00119	W0009098	1760	2025-02-15T22:14:00Z
S00119	W0009099	1370	2025-02-06T14:33:00Z
S00119	W0009100	707	2025-02-07T09:04:00Z
S00119	W0009101	563	2025-02-12T03:10:00Z
S00119	W0009102	86	2025-02-21T05:27:00Z
S00119	W0009103	1120	2025-02-20T08:12:00Z
S00119	W0009104	750	2025-02-01T19:49:00Z
S00119	W0009105	1750	2025-02-17T10:27:00Z
S00119	W0009106	1519	2025-02-06T19:26:00Z
S00119	W0009107	1290	2025-02-18T11:13:00Z
S00119	W0009108	1420	2025-02-10T07:26:00Z
S00119	W0009109	149	2025-02-27T05:55:00Z
S00119	W0009110	1523	2025-02-24T16:07:00Z
S00119	W0009111	1614	2025-02-07T13:24:00Z
S00119	W0009112	650	2025-02-10T13:18:00Z
S00119	W0009113	673	2025-02-15T15:30:00Z
S00119	W0009114	97	2025-02-08T17:54:00Z
S00119	W0009115	500	2025-02-07T05:14:00Z
S00119	W0009116	886	2025-02-18T05:16:00Z
S00119	W0009117	1658	2025-02-20T19:37:00Z
S00119	W0009118	735	2025-02-22T21:17:00Z
S00119	W0009119	123	2025-02-03T12:51:00Z
S00119	W0009120	892	2025-02-26T08:11:00Z
S00119	W0009121	661	2025-02-28T04:53:00Z
S00119	W0009122	1752	2025-02-03T09:51:00Z
S00119	W0009123	1007	2025-02-13T14:01:00Z
S00119	W0009124	828	2025-02-16T22:33:00Z
S00119	W0009125	941	2025-02-26T04:49:00Z
S01489	W0009126	514	2025-02-07T04:34:00Z
S01489	W0009127	570	2025-02-02T04:05:00Z
S01489	W0009128	108	2025-02-06T03:04:00Z
S01489	W0009129	1430	2025-02-26T19:22:00Z
S01489	W0009130	1677	2025-02-14T23:21:00Z
S01489	W0009131	1273	2025-02-22T02:43:00Z
S01489	W0009132	702	2025-02-27T04:02:00Z
S01489	W0009133	1368	2025-02-01T10:51:00Z
S01489	W0009134	548	2025-02-14T23:12:00Z
S01932	W0009135	1380	2025-02-09T04:05:00Z
S01932	W0009136	617	2025-02-15T12:33:00Z
S01932	W0009137	1300	2025-02-15T21:32:00Z
S01932	W0009138	858	2025-02-06T07:03:00Z
S01932	W0009139	1445	2025-02-24T17:05:00Z
S01663	W0009140	959	2025-02-21T17:56:00Z
S01663	W0009141	1018	2025-02-26T19:45:00Z
S01663	W0009142	1440	2025-02-13T13:14:00Z
S01663	W0009143	942	2025-02-02T03:45:00Z
S01663	W0009144	832	2025-02-16T21:12:00Z
S01663	W0009145	718	2025-02-20T03:38:00Z
S01663	W0009146	210	2025-02-04T02:39:00Z
S01663	W0009147	1678	2025-02-03T08:45:00Z
S01663	W0009148	465	2025-02-05T19:17:00Z
S00436	W0009149	1020	2025-02-16T16:37:00Z
S00436	W0009150	1661	2025-02-20T14:00:00Z
S00436	W0009151	941	2025-02-20T02:28:00Z
S00436	W0009152	364	2025-02-19T00:28:00Z
S00436	W0009153	118	2025-02-27T06:28:00Z
S00436	W0009154	811	2025-02-05T11:54:00Z
S00436	W0009155	1730	2025-02-15T12:06:00Z
S00436	W0009156	384	2025-02-11T09:43:00Z
S01919	W0009157	1564	2025-02-05T14:49:00Z
S01919	W0009158	157	2025-02-03T23:54:00Z
S01919	W0009159	1652	2025-02-25T10:21:00Z
S01919	W0009160	1141	2025-02-27T18:07:00Z
S01919	W0009161	1648	2025-02-06T21:17:00Z
S01919	W0009162	1052	2025-02-25T12:39:00Z
S01919	W0009163	270	2025-02-02T19:13:00Z
S01919	W0009164	1060	2025-02-06T10:34:00Z
S01919	W0009165	265	2025-02-03T09:58:00Z
S01919	W0009166	1529	2025-02-25T20:51:00Z
S01919	W0009167	1672	2025-02-25T16:46:00Z
S01919	W0009168	1793	2025-02-20T06:59:00Z
S01498	W0009169	1205	2025-02-05T23:39:00Z
S01498	W0009170	169	2025-02-26T15:22:00Z
S01498	W0009171	526	2025-02-26T17:43:00Z
S01498	W0009172	1756	2025-02-24T11:05:00Z
S01498	W0009173	337	2025-02-01T16:49:00Z
S01498	W0009174	1727	2025-02-12T14:18:00Z
S01498	W0009175	620	2025-02-24T17:53:00Z
S01498	W0009176	1077	2025-02-19T06:35:00Z
S01498	W0009177	1441	2025-02-24T20:57:00Z
S01498	W0009178	1005	2025-02-05T19:06:00Z
S01498	W0009179	1691	2025-02-09T03:11:00Z
S01498	W0009180	553	2025-02-22T12:16:00Z
S01498	W0009181	466	2025-02-22T12:37:00Z
S01498	W0009182	1229	2025-02-19T13:26:00Z
S01498	W0009183	898	2025-02-11T23:27:00Z
S01498	W0009184	1666	2025-02-25T08:08:00Z
S01498	W0009185	1525	2025-02-14T02:15:00Z
S01498	W0009186	1252	2025-02-20T16:23:00Z
S00227	W0009187	803	2025-02-05T04:32:00Z
S00227	W0009188	1628	2025-02-28T22:27:00Z
S00227	W0009189	1217	2025-02-07T00:07:00Z
S00227	W0009190	1133	2025-02-19T07:41:00Z
S00227	W0009191	1339	2025-02-01T10:26:00Z
S00227	W0009192	66	2025-02-17T00:58:00Z
S00227	W0009193	1002	2025-02-20T22:25:00Z
S00227	W0009194	699	2025-02-13T13:30:00Z
S00227	W0009195	416	2025-02-24T02:21:00Z
S00227	W0009196	804	2025-02-01T14:37:00Z
S00227	W0009197	1184	2025-02-06T08:15:00Z
S00227	W0009198	1696	2025-02-18T15:41:00Z
S00227	W0009199	1485	2025-02-25T08:27:00Z
S00227	W0009200	1087	2025-02-17T17:47:00Z
S00227	W0009201	482	2025-02-12T17:51:00Z
S00227	W0009202	966	2025-02-09T08:40:00Z
S00227	W0009203	1530	2025-02-05T13:12:00Z
S00227	W0009204	501	2025-02-07T02:33:00Z
S00227	W0009205	648	2025-02-03T23:39:00Z
S00227	W0009206	345	2025-02-06T21:24:00Z
S00227	W0009207	1409	2025-02-06T02:04:00Z
S01875	W0009208	763	2025-02-11T21:51:00Z
S01875	W0009209	569	2025-02-24T11:04:00Z
S01875	W0009210	566	2025-02-06T09:31:00Z
S01875	W0009211	1487	2025-02-03T21:11:00Z
S01875	W0009212	1593	2025-02-26T17:40:00Z
S01875	W0009213	1206	2025-02-21T02:18:00Z
S01875	W0009214	555	2025-02-04T12:30:00Z
S01875	W0009215	130	2025-02-07T19:45:00Z
S01875	W0009216	1174	2025-02-23T09:04:00Z
S01875	W0009217	299	2025-02-26T14:30:00Z
S01875	W0009218	230	2025-02-26T20:36:00Z
S01875	W0009219	1291	2025-02-05T05:31:00Z
S01875	W0009220	1617	2025-02-12T01:09:00Z
S01875	W0009221	1456	2025-02-27T18:35:00Z
S01875	W0009222	586	2025-02-09T23:01:00Z
S01875	W0009223	179	2025-02-03T23:42:00Z
S01875	W0009224	903	2025-02-23T04:42:00Z
S01875	W0009225	1491	2025-02-08T21:13:00Z
S01875	W0009226	1621	2025-02-25T05:18:00Z
S01875	W0009227	980	2025-02-07T02:51:00Z
S01875	W0009228	1655	2025-02-13T00:44:00Z
S01875	W0009229	1763	2025-02-22T13:16:00Z
S01520	W0009230	1016	2025-02-09T09:37:00Z
S01520	W0009231	594	2025-02-17T15:35:00Z
S01520	W0009232	171	2025-02-20T00:50:00Z
S01520	W0009233	419	2025-02-14T00:50:00Z
S01520	W0009234	320	2025-02-22T10:54:00Z
S01520	W0009235	775	2025-02-10T05:39:00Z
S01520	W0009236	1769	2025-02-03T09:17:00Z
S01520	W0009237	446	2025-02-11T17:46:00Z
S01520	W0009238	906	2025-02-18T09:22:00Z
S01520	W0009239	1780	2025-02-14T07:40:00Z
S01520	W0009240	638	2025-02-12T07:46:00Z
S01520	W0009241	994	2025-02-11T01:12:00Z
S01520	W0009242	788	2025-02-03T00:10:00Z
S01520	W0009243	67	2025-02-16T14:37:00Z
S01520	W0009244	689	2025-02-26T09:53:00Z
S01520	W0009245	32	2025-02-15T12:10:00Z
S01520	W0009246	914	2025-02-26T11:09:00Z
S01520	W0009247	406	2025-02-18T10:43:00Z
S01520	W0009248	84	2025-02-28T08:04:00Z
S01520	W0009249	1052	2025-02-14T17:06:00Z
S01520	W0009250	1651	2025-02-20T02:35:00Z
S01520	W0009251	1208	2025-02-03T14:48:00Z
S01520	W0009252	460	2025-02-10T00:53:00Z
S01520	W0009253	637	2025-02-06T15:46:00Z
S01520	W0009254	255	2025-02-26T01:55:00Z
S01520	W0009255	267	2025-02-12T23:40:00Z
S01520	W0009256	939	2025-02-25T08:17:00Z
S01717	W0009257	1361	2025-02-10T00:00:00Z
S01717	W0009258	90	2025-02-25T17:52:00Z
S01717	W0009259	513	2025-02-25T13:04:00Z
S01717	W0009260	1276	2025-02-04T06:04:00Z
S01717	W0009261	429	2025-02-16T19:23:00Z
S01717	W0009262	67	2025-02-06T23:24:00Z
S01717	W0009263	1527	2025-02-13T18:36:00Z
S01717	W0009264	1760	2025-02-09T06:06:00Z
S01717	W0009265	693	2025-02-01T01:42:00Z
S01717	W0009266	305	2025-02-17T04:11:00Z
S01717	W0009267	899	2025-02-21T19:37:00Z
S01717	W0009268	812	2025-02-23T02:28:00Z
S01717	W0009269	1625	2025-02-15T06:31:00Z
S01717	W0009270	862	2025-02-28T09:54:00Z
S01717	W0009271	770	2025-02-26T07:17:00Z
S01717	W0009272	1609	2025-02-04T21:25:00Z
S01717	W0009273	402	2025-02-07T07:38:00Z
S01717	W0009274	1628	2025-02-26T15:29:00Z
S01717	W0009275	1530	2025-02-08T04:36:00Z
S01717	W0009276	976	2025-02-11T13:34:00Z
S01717	W0009277	163	2025-02-14T10:42:00Z
S01717	W0009278	666	2025-02-01T08:05:00Z
S01717	W0009279	936	2025-02-26T12:25:00Z
S01717	W0009280	224	2025-02-01T18:08:00Z
S01717	W0009281	852	2025-02-21T10:37:00Z
S01717	W0009282	810	2025-02-14T06:51:00Z
S01717	W0009283	749	2025-02-10T05:37:00Z
S01717	W0009284	913	2025-02-24T18:42:00Z
S01717	W0009285	1732	2025-02-16T06:44:00Z
S01717	W0009286	233	2025-02-17T03:25:00Z
S01009	W0009287	380	2025-02-15T09:55:00Z
S01009	W0009288	1697	2025-02-23T09:14:00Z
S01009	W0009289	96	2025-02-10T01:25:00Z
S01009	W0009290	137	2025-02-18T10:55:00Z
S01009	W0009291	563	2025-02-16T14:29:00Z
S01009	W0009292	842	2025-02-02T12:51:00Z
S01009	W0009293	1523	2025-02-02T19:49:00Z
S01009	W0009294	1121	2025-02-21T22:44:00Z
S01009	W0009295	1479	2025-02-28T14:35:00Z
S01009	W0009296	284	2025-02-14T21:42:00Z
S01009	W0009297	740	2025-02-05T21:14:00Z
S01009	W0009298	964	2025-02-16T10:41:00Z
S01009	W0009299	764	2025-02-08T03:48:00Z
S01009	W0009300	520	2025-02-13T05:18:00Z
S01009	W0009301	1042	2025-02-27T03:48:00Z
S01009	W0009302	42	2025-02-13T07:19:00Z
S01009	W0009303	597	2025-02-03T12:36:00Z
S01009	W0009304	1713	2025-02-19T16:59:00Z
S01009	W0009305	1145	2025-02-09T07:30:00Z
S00681	W0009306	113	2025-02-20T21:29:00Z
S00681	W0009307	1060	2025-02-28T15:13:00Z
S00681	W0009308	728	2025-02-09T12:29:00Z
S00681	W0009309	1213	2025-02-02T00:04:00Z
S00681	W0009310	1317	2025-02-26T21:14:00Z
S00681	W0009311	888	2025-02-16T20:17:00Z
S00681	W0009312	1266	2025-02-27T13:42:00Z
S00681	W0009313	1238	2025-02-28T21:49:00Z
S00681	W0009314	1427	2025-02-18T23:44:00Z
S00681	W0009315	1207	2025-02-13T02:55:00Z
S00681	W0009316	1424	2025-02-18T08:42:00Z
S00681	W0009317	214	2025-02-03T20:09:00Z
S01044	W0009318	270	2025-02-14T05:42:00Z
S01044	W0009319	389	2025-02-17T01:50:00Z
S01044	W0009320	1092	2025-02-23T07:09:00Z
S01044	W0009321	659	2025-02-11T13:44:00Z
S01044	W0009322	1279	2025-02-26T01:12:00Z
S01044	W0009323	785	2025-02-18T04:21:00Z
S01044	W0009324	77	2025-02-01T14:20:00Z
S01044	W0009325	393	2025-02-09T03:16:00Z
S01044	W0009326	460	2025-02-04T19:07:00Z
S01044	W0009327	479	2025-02-22T05:59:00Z
S01044	W0009328	684	2025-02-24T13:50:00Z
S01044	W0009329	547	2025-02-01T13:47:00Z
S01044	W0009330	162	2025-02-03T11:17:00Z
S01044	W0009331	1523	2025-02-26T11:14:00Z
S01044	W0009332	184	2025-02-13T03:26:00Z
S01044	W0009333	472	2025-02-01T12:51:00Z
S01583	W0009334	1436	2025-02-13T01:36:00Z
S01583	W0009335	1287	2025-02-22T05:00:00Z
S01583	W0009336	1608	2025-02-19T05:35:00Z
S01583	W0009337	64	2025-02-25T15:59:00Z
S01583	W0009338	1729	2025-02-17T14:40:00Z
S01583	W0009339	933	2025-02-26T01:43:00Z
S01583	W0009340	476	2025-02-20T06:58:00Z
S01583	W0009341	1249	2025-02-10T18:44:00Z
S01583	W0009342	820	2025-02-28T22:54:00Z
S01970	W0009343	800	2025-02-26T15:39:00Z
S01970	W0009344	29	2025-02-07T05:37:00Z
S01970	W0009345	543	2025-02-12T21:37:00Z
S01970	W0009346	1565	2025-02-16T11:23:00Z
S01970	W0009347	1784	2025-02-17T16:56:00Z
S01970	W0009348	485	2025-02-24T23:53:00Z
S01970	W0009349	1757	2025-02-22T02:49:00Z
S01970	W0009350	1661	2025-02-26T08:26:00Z
S01970	W0009351	681	2025-02-22T06:01:00Z
S01970	W0009352	1432	2025-02-04T21:18:00Z
S01970	W0009353	1410	2025-02-19T04:53:00Z
S01970	W0009354	1019	2025-02-26T07:54:00Z
S01970	W0009355	1200	2025-02-24T09:57:00Z
S01970	W0009356	911	2025-02-22T18:40:00Z
S01970	W0009357	939	2025-02-06T10:08:00Z
S01970	W0009358	601	2025-02-18T15:58:00Z
S01970	W0009359	615	2025-02-25T04:11:00Z
S01970	W0009360	1240	2025-02-17T20:43:00Z
S01970	W0009361	513	2025-02-10T20:18:00Z
S01970	W0009362	1321	2025-02-05T01:38:00Z
S01970	W0009363	1115	2025-02-25T15:29:00Z
S01970	W0009364	426	2025-02-16T19:21:00Z
S01970	W0009365	277	2025-02-05T02:08:00Z
S01970	W0009366	140	2025-02-24T11:48:00Z
S01970	W0009367	882	2025-02-09T13:14:00Z
S01822	W0009368	1618	2025-02-03T18:12:00Z
S01822	W0009369	659	2025-02-07T18:56:00Z
S01822	W0009370	943	2025-02-15T01:19:00Z
S01822	W0009371	490	2025-02-13T13:52:00Z
S01822	W0009372	1037	2025-02-03T23:11:00Z
S01822	W0009373	546	2025-02-22T00:15:00Z
S01822	W0009374	1497	2025-02-20T17:04:00Z
S01822	W0009375	210	2025-02-28T15:59:00Z
S01822	W0009376	958	2025-02-22T04:23:00Z
S01822	W0009377	941	2025-02-13T05:48:00Z
S01822	W0009378	956	2025-02-16T16:46:00Z
S01822	W0009379	1409	2025-02-08T05:55:00Z
S01822	W0009380	1328	2025-02-20T09:59:00Z
S01822	W0009381	370	2025-02-20T10:12:00Z
S01822	W0009382	1377	2025-02-09T07:29:00Z
S01822	W0009383	1300	2025-02-16T23:22:00Z
S01822	W0009384	102	2025-02-13T20:39:00Z
S01822	W0009385	868	2025-02-12T08:39:00Z
S01822	W0009386	1084	2025-02-26T03:57:00Z
S01822	W0009387	923	2025-02-26T04:02:00Z
S01822	W0009388	1303	2025-02-04T21:06:00Z
S00778	W0009389	1797	2025-02-23T05:56:00Z
S00778	W0009390	1639	2025-02-15T10:21:00Z
S00778	W0009391	1128	2025-02-08T18:27:00Z
S00778	W0009392	204	2025-02-25T20:15:00Z
S00778	W0009393	672	2025-02-16T17:28:00Z
S00778	W0009394	289	2025-02-06T04:13:00Z
S00778	W0009395	547	2025-02-11T16:25:00Z
S00565	W0009396	276	2025-02-28T21:16:00Z
S00565	W0009397	1549	2025-02-24T11:40:00Z
S00565	W0009398	681	2025-02-12T11:31:00Z
S00565	W0009399	1531	2025-02-14T05:25:00Z
S00565	W0009400	793	2025-02-06T17:48:00Z
S00565	W0009401	1075	2025-02-26T07:20:00Z
S01077	W0009402	1691	2025-02-08T02:07:00Z
S01077	W0009403	1130	2025-02-27T23:31:00Z
S01077	W0009404	533	2025-02-21T00:30:00Z
S01077	W0009405	101	2025-02-23T06:00:00Z
S01077	W0009406	328	2025-02-18T08:34:00Z
S01077	W0009407	1040	2025-02-25T23:50:00Z
S01077	W0009408	575	2025-02-01T13:43:00Z
S01077	W0009409	1143	2025-02-10T03:11:00Z
S01077	W0009410	1000	2025-02-01T17:47:00Z
S01077	W0009411	776	2025-02-06T16:35:00Z
S01077	W0009412	1683	2025-02-27T09:07:00Z
S01077	W0009413	441	2025-02-25T15:33:00Z
S01077	W0009414	1237	2025-02-25T19:51:00Z
S01077	W0009415	1655	2025-02-13T08:04:00Z
S01077	W0009416	1091	2025-02-08T23:30:00Z
S01077	W0009417	62	2025-02-14T20:38:00Z
S01077	W0009418	82	2025-02-24T22:13:00Z
S01077	W0009419	851	2025-02-12T10:19:00Z
S01077	W0009420	458	2025-02-14T09:59:00Z
S01077	W0009421	1200	2025-02-14T09:56:00Z
S01077	W0009422	1123	2025-02-11T03:56:00Z
S01077	W0009423	1736	2025-02-04T01:25:00Z
S00279	W0009424	1303	2025-02-23T03:59:00Z
S00279	W0009425	258	2025-02-23T13:34:00Z
S00279	W0009426	157	2025-02-07T19:57:00Z
S00279	W0009427	1506	2025-02-06T03:05:00Z
S00279	W0009428	1131	2025-02-28T15:50:00Z
S00279	W0009429	439	2025-02-13T04:56:00Z
S00279	W0009430	600	2025-02-24T14:59:00Z
S00279	W0009431	1165	2025-02-26T03:01:00Z
S00279	W0009432	59	2025-02-22T12:42:00Z
S00279	W0009433	1702	2025-02-07T02:16:00Z
S00279	W0009434	565	2025-02-08T10:54:00Z
S00279	W0009435	423	2025-02-16T14:03:00Z
S00279	W0009436	1754	2025-02-04T18:35:00Z
S00591	W0009437	1295	2025-02-20T14:45:00Z
S00591	W0009438	985	2025-02-09T04:57:00Z
S00591	W0009439	987	2025-02-09T13:05:00Z
S00591	W0009440	1280	2025-02-22T16:17:00Z
S00591	W0009441	217	2025-02-28T13:30:00Z
S00591	W0009442	1330	2025-02-06T13:38:00Z
S01021	W0009443	1577	2025-02-18T09:35:00Z
S01021	W0009444	114	2025-02-28T18:03:00Z
S01021	W0009445	518	2025-02-11T21:00:00Z
S01021	W0009446	1246	2025-02-24T05:08:00Z
S01021	W0009447	1210	2025-02-21T09:22:00Z
S01021	W0009448	315	2025-02-07T09:23:00Z
S01021	W0009449	667	2025-02-07T06:22:00Z
S01340	W0009450	1172	2025-02-16T21:08:00Z
S01340	W0009451	80	2025-02-21T22:37:00Z
S01340	W0009452	1292	2025-02-27T12:59:00Z
S01340	W0009453	868	2025-02-24T12:38:00Z
S01340	W0009454	616	2025-02-22T23:40:00Z
S01340	W0009455	1453	2025-02-21T11:41:00Z
S01340	W0009456	572	2025-02-23T00:27:00Z
S01340	W0009457	871	2025-02-09T22:12:00Z
S01340	W0009458	847	2025-02-24T17:40:00Z
S01340	W0009459	1706	2025-02-26T20:23:00Z
S01340	W0009460	1434	2025-02-28T09:51:00Z
S01340	W0009461	809	2025-02-23T09:07:00Z
S01340	W0009462	985	2025-02-04T00:45:00Z
S01340	W0009463	997	2025-02-11T23:00:00Z
S01340	W0009464	1330	2025-02-15T16:57:00Z
S01340	W0009465	624	2025-02-07T22:54:00Z
S01340	W0009466	139	2025-02-28T08:25:00Z
S01340	W0009467	811	2025-02-26T13:33:00Z
S01340	W0009468	1065	2025-02-04T21:07:00Z
S01340	W0009469	640	2025-02-05T07:12:00Z
S01340	W0009470	929	2025-02-03T03:19:00Z
S01340	W0009471	1624	2025-02-09T20:23:00Z
S01340	W0009472	645	2025-02-19T14:38:00Z
S00416	W0009473	979	2025-02-05T14:32:00Z
S00416	W0009474	1039	2025-02-06T19:45:00Z
S00416	W0009475	458	2025-02-18T12:48:00Z
S00416	W0009476	1610	2025-02-20T15:00:00Z
S00416	W0009477	353	2025-02-04T01:18:00Z
S00416	W0009478	26	2025-02-27T06:02:00Z
S00416	W0009479	298	2025-02-28T13:26:00Z
S00416	W0009480	1576	2025-02-18T07:14:00Z
S00416	W0009481	644	2025-02-02T22:47:00Z
S00416	W0009482	678	2025-02-04T09:16:00Z
S00416	W0009483	466	2025-02-06T23:23:00Z
S00416	W0009484	1650	2025-02-10T23:56:00Z
S01146	W0009485	511	2025-02-25T16:17:00Z
S01146	W0009486	1502	2025-02-12T14:56:00Z
S01146	W0009487	1536	2025-02-14T00:14:00Z
S01146	W0009488	269	2025-02-03T02:28:00Z
S01146	W0009489	1640	2025-02-27T01:16:00Z
S01146	W0009490	1250	2025-02-17T16:53:00Z
S01146	W0009491	626	2025-02-06T13:04:00Z
S01146	W0009492	741	2025-02-17T22:00:00Z
S01146	W0009493	301	2025-02-08T12:38:00Z
S01146	W0009494	287	2025-02-06T19:27:00Z
S01146	W0009495	932	2025-02-13T11:14:00Z
S01146	W0009496	352	2025-02-16T15:24:00Z
S01146	W0009497	1152	2025-02-28T16:41:00Z
S01146	W0009498	952	2025-02-17T12:28:00Z
S01146	W0009499	1566	2025-02-11T08:22:00Z
S00763	W0009500	1161	2025-02-28T09:53:00Z
S00763	W0009501	362	2025-02-22T15:16:00Z
S00763	W0009502	954	2025-02-21T06:03:00Z
S00763	W0009503	51	2025-02-17T10:55:00Z
S00763	W0009504	1667	2025-02-19T09:31:00Z
S00763	W0009505	933	2025-02-24T16:38:00Z
S00763	W0009506	934	2025-02-08T23:15:00Z
S00763	W0009507	1113	2025-02-06T01:04:00Z
S00763	W0009508	139	2025-02-23T22:58:00Z
S00763	W0009509	380	2025-02-13T07:48:00Z
S00763	W0009510	522	2025-02-20T10:40:00Z
S00763	W0009511	1770	2025-02-15T12:25:00Z
S00763	W0009512	1252	2025-02-19T06:57:00Z
S00763	W0009513	856	2025-02-19T03:03:00Z
S00763	W0009514	1306	2025-02-07T10:04:00Z
S00763	W0009515	172	2025-02-21T21:07:00Z
S00763	W0009516	959	2025-02-02T16:35:00Z
S00763	W0009517	1179	2025-02-27T07:01:00Z
S00763	W0009518	737	2025-02-23T00:35:00Z
S00763	W0009519	1325	2025-02-17T08:23:00Z
S00763	W0009520	722	2025-02-01T22:31:00Z
S00763	W0009521	1450	2025-02-24T20:12:00Z
S00763	W0009522	1463	2025-02-07T07:38:00Z
S00763	W0009523	1585	2025-02-03T21:49:00Z
S00763	W0009524	569	2025-02-15T13:28:00Z
S00763	W0009525	1557	2025-02-18T18:26:00Z
S00763	W0009526	972	2025-02-20T23:36:00Z
S00285	W0009527	1603	2025-02-06T02:25:00Z
S00285	W0009528	498	2025-02-02T01:35:00Z
S00285	W0009529	1419	2025-02-09T07:53:00Z
S00285	W0009530	1616	2025-02-13T13:38:00Z
S00285	W0009531	149	2025-02-05T00:38:00Z
S00285	W0009532	85	2025-02-23T20:50:00Z
S00285	W0009533	164	2025-02-25T00:02:00Z
S00285	W0009534	1136	2025-02-05T07:05:00Z
S00285	W0009535	884	2025-02-18T15:17:00Z
S00285	W0009536	521	2025-02-21T04:18:00Z
S00285	W0009537	860	2025-02-15T02:06:00Z
S00285	W0009538	941	2025-02-08T01:14:00Z
S00285	W0009539	759	2025-02-04T13:09:00Z
S01101	W0009540	217	2025-02-22T06:00:00Z
S01101	W0009541	1359	2025-02-19T02:47:00Z
S01101	W0009542	1629	2025-02-27T05:57:00Z
S01101	W0009543	1595	2025-02-03T19:08:00Z
S01101	W0009544	632	2025-02-15T18:14:00Z
S01101	W0009545	381	2025-02-07T05:55:00Z
S01101	W0009546	1502	2025-02-17T01:15:00Z
S01101	W0009547	1264	2025-02-23T07:09:00Z
S01101	W0009548	940	2025-02-06T09:44:00Z
S01101	W0009549	1752	2025-02-03T11:42:00Z
S01101	W0009550	1467	2025-02-20T12:56:00Z
S01423	W0009551	981	2025-02-03T07:11:00Z
S01423	W0009552	562	2025-02-16T13:51:00Z
S01423	W0009553	1229	2025-02-11T06:14:00Z
S01423	W0009554	218	2025-02-26T22:00:00Z
S01423	W0009555	1054	2025-02-01T20:38:00Z
S01423	W0009556	1540	2025-02-15T01:04:00Z
S01423	W0009557	1395	2025-02-23T13:07:00Z
S01423	W0009558	627	2025-02-12T22:15:00Z
S01423	W0009559	287	2025-02-04T11:37:00Z
S01423	W0009560	1640	2025-02-21T11:48:00Z
S01423	W0009561	1697	2025-02-28T22:04:00Z
S01423	W0009562	1132	2025-02-21T06:24:00Z
S01423	W0009563	233	2025-02-03T05:26:00Z
S01423	W0009564	540	2025-02-17T12:05:00Z
S01136	W0009565	1053	2025-02-26T09:22:00Z
S01136	W0009566	411	2025-02-25T15:41:00Z
S01136	W0009567	362	2025-02-12T23:28:00Z
S01136	W0009568	1158	2025-02-22T09:11:00Z
S01136	W0009569	1306	2025-02-23T00:59:00Z
S01136	W0009570	1393	2025-02-16T02:50:00Z
S01136	W0009571	198	2025-02-27T18:25:00Z
S01136	W0009572	1559	2025-02-23T23:45:00Z
S01136	W0009573	1311	2025-02-28T17:29:00Z
S01136	W0009574	1487	2025-02-21T20:28:00Z
S01136	W0009575	867	2025-02-11T00:02:00Z
S01136	W0009576	834	2025-02-15T16:45:00Z
S01136	W0009577	1478	2025-02-28T00:45:00Z
S01136	W0009578	1482	2025-02-17T07:31:00Z
S01136	W0009579	471	2025-02-16T15:33:00Z
S01136	W0009580	1577	2025-02-14T07:21:00Z
S01136	W0009581	1774	2025-02-07T09:25:00Z
S01136	W0009582	483	2025-02-15T05:55:00Z
S01136	W0009583	1478	2025-02-21T04:25:00Z
S01136	W0009584	1415	2025-02-28T17:06:00Z
S01136	W0009585	1243	2025-02-22T21:22:00Z
S01136	W0009586	1316	2025-02-03T06:26:00Z
S01136	W0009587	587	2025-02-15T18:35:00Z
S01136	W0009588	557	2025-02-24T00:57:00Z
S01136	W0009589	1395	2025-02-07T21:16:00Z
S01136	W0009590	1043	2025-02-24T21:05:00Z
S00708	W0009591	1492	2025-02-05T02:26:00Z
S00708	W0009592	679	2025-02-16T13:32:00Z
S00708	W0009593	1178	2025-02-08T22:36:00Z
S00708	W0009594	669	2025-02-14T15:54:00Z
S00708	W0009595	1781	2025-02-25T12:16:00Z
S00708	W0009596	1609	2025-02-14T12:51:00Z
S00708	W0009597	694	2025-02-06T22:11:00Z
S00708	W0009598	334	2025-02-17T05:59:00Z
S00708	W0009599	1124	2025-02-19T01:21:00Z
S00708	W0009600	770	2025-02-17T10:32:00Z
S00708	W0009601	624	2025-02-21T14:11:00Z
S00708	W0009602	1435	2025-02-06T13:24:00Z
S00708	W0009603	678	2025-02-22T19:47:00Z
S00708	W0009604	638	2025-02-22T23:01:00Z
S00708	W0009605	261	2025-02-13T13:20:00Z
S00708	W0009606	797	2025-02-22T18:43:00Z
S00708	W0009607	1702	2025-02-01T08:46:00Z
S00708	W0009608	1077	2025-02-09T22:26:00Z
S00708	W0009609	703	2025-02-28T21:48:00Z
S00708	W0009610	652	2025-02-21T14:54:00Z
S00708	W0009611	588	2025-02-24T15:28:00Z
S00432	W0009612	1794	2025-02-27T18:34:00Z
S00432	W0009613	540	2025-02-21T08:58:00Z
S00432	W0009614	1572	2025-02-17T00:38:00Z
S00432	W0009615	976	2025-02-15T04:08:00Z
S00432	W0009616	1514	2025-02-20T19:43:00Z
S00432	W0009617	1723	2025-02-02T14:02:00Z
S00432	W0009618	1604	2025-02-21T20:35:00Z
S00432	W0009619	1063	2025-02-07T17:52:00Z
S00432	W0009620	1677	2025-02-04T21:12:00Z
S00432	W0009621	138	2025-02-06T08:50:00Z
S00432	W0009622	119	2025-02-06T13:27:00Z
S00432	W0009623	70	2025-02-27T15:29:00Z
S00432	W0009624	774	2025-02-21T03:20:00Z
S00432	W0009625	1708	2025-02-10T05:00:00Z
S00432	W0009626	651	2025-02-21T16:44:00Z
S00432	W0009627	173	2025-02-18T23:30:00Z
S00432	W0009628	1255	2025-02-04T17:27:00Z
S01379	W0009629	307	2025-02-26T10:19:00Z
S01379	W0009630	1051	2025-02-13T00:02:00Z
S01379	W0009631	1022	2025-02-13T19:10:00Z
S01379	W0009632	68	2025-02-28T22:53:00Z
S01379	W0009633	645	2025-02-04T05:31:00Z
S01138	W0009634	927	2025-02-03T13:36:00Z
S01138	W0009635	1091	2025-02-06T04:58:00Z
S01138	W0009636	534	2025-02-13T07:18:00Z
S01138	W0009637	516	2025-02-28T23:03:00Z
S01138	W0009638	898	2025-02-11T19:58:00Z
S01138	W0009639	1054	2025-02-14T15:50:00Z
S01138	W0009640	605	2025-02-09T04:21:00Z
S01138	W0009641	753	2025-02-13T07:26:00Z
S01138	W0009642	756	2025-02-11T06:06:00Z
S00602	W0009643	1347	2025-02-06T16:31:00Z
S00602	W0009644	424	2025-02-17T18:18:00Z
S00602	W0009645	754	2025-02-25T20:56:00Z
S00602	W0009646	1413	2025-02-04T13:06:00Z
S00602	W0009647	914	2025-02-23T20:22:00Z
S00602	W0009648	884	2025-02-13T00:52:00Z
S00602	W0009649	78	2025-02-26T00:32:00Z
S00602	W0009650	998	2025-02-11T08:27:00Z
S00602	W0009651	604	2025-02-23T08:02:00Z
S00602	W0009652	275	2025-02-25T02:56:00Z
S00602	W0009653	773	2025-02-15T15:57:00Z
S00602	W0009654	1079	2025-02-07T20:03:00Z
S00602	W0009655	1719	2025-02-06T00:53:00Z
S00602	W0009656	666	2025-02-03T12:38:00Z
S00602	W0009657	927	2025-02-07T07:38:00Z
S00602	W0009658	838	2025-02-16T09:08:00Z
S00602	W0009659	1394	2025-02-24T21:01:00Z
S00602	W0009660	50	2025-02-07T12:38:00Z
S00602	W0009661	1223	2025-02-15T12:13:00Z
S00602	W0009662	55	2025-02-09T21:09:00Z
S00602	W0009663	1778	2025-02-06T16:47:00Z
S00602	W0009664	466	2025-02-10T21:40:00Z
S00602	W0009665	1053	2025-02-10T17:48:00Z
S00602	W0009666	1107	2025-02-01T03:27:00Z
S00602	W0009667	617	2025-02-27T10:50:00Z
S00491	W0009668	712	2025-02-17T17:56:00Z
S00491	W0009669	1728	2025-02-28T04:01:00Z
S00491	W0009670	1648	2025-02-10T04:40:00Z
S00491	W0009671	213	2025-02-03T04:50:00Z
S00491	W0009672	825	2025-02-26T12:37:00Z
S00491	W0009673	540	2025-02-03T09:43:00Z
S00491	W0009674	630	2025-02-17T23:02:00Z
S00491	W0009675	742	2025-02-08T09:53:00Z
S00491	W0009676	733	2025-02-10T03:27:00Z
S00491	W0009677	326	2025-02-05T07:00:00Z
S00491	W0009678	1416	2025-02-24T07:47:00Z
S00491	W0009679	827	2025-02-24T07:42:00Z
S00491	W0009680	1574	2025-02-13T09:06:00Z
S00491	W0009681	836	2025-02-22T01:59:00Z
S00491	W0009682	177	2025-02-19T21:49:00Z
S00491	W0009683	455	2025-02-12T18:20:00Z
S00491	W0009684	1759	2025-02-18T01:00:00Z
S00382	W0009685	583	2025-02-21T06:46:00Z
S00382	W0009686	1600	2025-02-06T22:27:00Z
S00382	W0009687	644	2025-02-01T06:08:00Z
S00382	W0009688	691	2025-02-19T10:27:00Z
S00382	W0009689	576	2025-02-02T13:57:00Z
S00382	W0009690	1613	2025-02-17T21:02:00Z
S00382	W0009691	877	2025-02-14T19:53:00Z
S00382	W0009692	67	2025-02-24T22:12:00Z
S00382	W0009693	1303	2025-02-19T11:07:00Z
S00382	W0009694	1124	2025-02-13T22:02:00Z
S00382	W0009695	1070	2025-02-12T03:35:00Z
S00382	W0009696	1212	2025-02-16T08:48:00Z
S00382	W0009697	874	2025-02-08T11:10:00Z
S01671	W0009698	798	2025-02-04T04:31:00Z
S01671	W0009699	997	2025-02-27T12:42:00Z
S01671	W0009700	375	2025-02-04T15:39:00Z
S01671	W0009701	665	2025-02-15T16:42:00Z
S01671	W0009702	954	2025-02-12T08:54:00Z
S00710	W0009703	725	2025-02-13T09:04:00Z
S00710	W0009704	238	2025-02-28T07:07:00Z
S00710	W0009705	439	2025-02-12T04:32:00Z
S00710	W0009706	1167	2025-02-17T10:02:00Z
S00710	W0009707	1020	2025-02-02T17:07:00Z
S00710	W0009708	534	2025-02-02T14:37:00Z
S00710	W0009709	654	2025-02-14T08:48:00Z
S00710	W0009710	760	2025-02-21T00:04:00Z
S00710	W0009711	1494	2025-02-18T03:06:00Z
S00710	W0009712	1284	2025-02-22T14:55:00Z
S00710	W0009713	518	2025-02-03T23:26:00Z
S00710	W0009714	819	2025-02-23T11:24:00Z
S00710	W0009715	1467	2025-02-04T12:25:00Z
S00710	W0009716	848	2025-02-21T00:15:00Z
S00710	W0009717	1762	2025-02-17T14:35:00Z
S00710	W0009718	1722	2025-02-16T04:30:00Z
S00710	W0009719	1697	2025-02-03T02:41:00Z
S00710	W0009720	1257	2025-02-25T06:18:00Z
S00710	W0009721	204	2025-02-10T01:04:00Z
S00710	W0009722	1508	2025-02-16T04:29:00Z
S00710	W0009723	285	2025-02-11T02:37:00Z
S00710	W0009724	1408	2025-02-08T07:23:00Z
S00710	W0009725	608	2025-02-03T07:15:00Z
S00710	W0009726	221	2025-02-08T12:41:00Z
S00710	W0009727	1196	2025-02-28T03:16:00Z
S00710	W0009728	1423	2025-02-10T12:40:00Z
S00710	W0009729	1240	2025-02-02T22:59:00Z
S00710	W0009730	1732	2025-02-19T15:19:00Z
S00710	W0009731	460	2025-02-28T08:11:00Z
S01539	W0009732	566	2025-02-02T14:32:00Z
S01539	W0009733	1795	2025-02-12T19:36:00Z
S01539	W0009734	827	2025-02-02T11:10:00Z
S01539	W0009735	218	2025-02-02T02:34:00Z
S01539	W0009736	734	2025-02-11T03:31:00Z
S01539	W0009737	88	2025-02-24T05:36:00Z
S01539	W0009738	604	2025-02-26T23:36:00Z
S01539	W0009739	1427	2025-02-22T12:58:00Z
S01539	W0009740	1671	2025-02-16T11:25:00Z
S01539	W0009741	1005	2025-02-24T16:11:00Z
S01539	W0009742	1669	2025-02-17T00:29:00Z
S01539	W0009743	1187	2025-02-04T00:23:00Z
S01539	W0009744	111	2025-02-26T12:05:00Z
S01539	W0009745	734	2025-02-28T19:37:00Z
S00495	W0009746	812	2025-02-06T04:35:00Z
S00495	W0009747	1187	2025-02-13T09:48:00Z
S00495	W0009748	1003	2025-02-07T23:00:00Z
S00495	W0009749	1121	2025-02-25T09:06:00Z
S00495	W0009750	1361	2025-02-23T19:58:00Z
S00201	W0009751	562	2025-02-10T17:17:00Z
S00201	W0009752	58	2025-02-10T18:36:00Z
S00201	W0009753	342	2025-02-21T05:33:00Z
S00201	W0009754	493	2025-02-06T06:50:00Z
S00201	W0009755	547	2025-02-07T23:14:00Z
S00201	W0009756	451	2025-02-06T07:23:00Z
S00201	W0009757	1193	2025-02-09T11:17:00Z
S00201	W0009758	432	2025-02-17T18:06:00Z
S00201	W0009759	1178	2025-02-03T16:36:00Z
S00201	W0009760	1527	2025-02-23T23:11:00Z
S00201	W0009761	824	2025-02-07T11:21:00Z
S00201	W0009762	1324	2025-02-20T21:12:00Z
S00201	W0009763	983	2025-02-15T16:30:00Z
S00201	W0009764	237	2025-02-27T00:13:00Z
S00201	W0009765	1488	2025-02-08T03:24:00Z
S00201	W0009766	762	2025-02-12T14:47:00Z
S00201	W0009767	212	2025-02-14T07:44:00Z
S00201	W0009768	363	2025-02-23T20:45:00Z
S00201	W0009769	1493	2025-02-16T07:57:00Z
S00201	W0009770	251	2025-02-23T12:48:00Z
S00201	W0009771	1294	2025-02-09T23:52:00Z
S00201	W0009772	1445	2025-02-09T02:24:00Z
S00201	W0009773	825	2025-02-02T15:42:00Z
S00201	W0009774	904	2025-02-17T03:52:00Z
S00201	W0009775	459	2025-02-13T01:15:00Z
S00201	W0009776	372	2025-02-21T22:53:00Z
S00201	W0009777	1036	2025-02-07T06:39:00Z
S00201	W0009778	868	2025-02-02T01:55:00Z
S00201	W0009779	601	2025-02-09T07:59:00Z
S01696	W0009780	286	2025-02-22T14:17:00Z
S01696	W0009781	1269	2025-02-12T13:51:00Z
S01696	W0009782	497	2025-02-06T12:30:00Z
S01696	W0009783	1676	2025-02-08T04:45:00Z
S01696	W0009784	1208	2025-02-10T07:40:00Z
S01696	W0009785	164	2025-02-11T18:24:00Z
S01696	W0009786	1544	2025-02-02T00:51:00Z
S01696	W0009787	369	2025-02-02T12:31:00Z
S01696	W0009788	741	2025-02-18T02:19:00Z
S01696	W0009789	1592	2025-02-05T01:54:00Z
S01696	W0009790	1769	2025-02-05T04:45:00Z
S01696	W0009791	582	2025-02-16T22:08:00Z
S01696	W0009792	761	2025-02-19T09:37:00Z
S01696	W0009793	895	2025-02-24T16:48:00Z
S01661	W0009794	1409	2025-02-10T17:23:00Z
S01661	W0009795	1213	2025-02-14T07:06:00Z
S01661	W0009796	719	2025-02-05T03:21:00Z
S01661	W0009797	1153	2025-02-16T11:08:00Z
S01661	W0009798	809	2025-02-11T12:43:00Z
S01661	W0009799	1692	2025-02-24T04:23:00Z
S01661	W0009800	1448	2025-02-17T04:41:00Z
S01661	W0009801	1423	2025-02-07T15:38:00Z
S01661	W0009802	1536	2025-02-06T19:14:00Z
S01661	W0009803	1685	2025-02-14T19:27:00Z
S01661	W0009804	1356	2025-02-10T01:37:00Z
S01943	W0009805	1559	2025-02-20T19:34:00Z
S01943	W0009806	1589	2025-02-11T00:47:00Z
S01943	W0009807	1277	2025-02-23T18:18:00Z
S01943	W0009808	442	2025-02-07T01:55:00Z
S01943	W0009809	585	2025-02-01T16:19:00Z
S01943	W0009810	1009	2025-02-02T03:32:00Z
S01943	W0009811	1196	2025-02-02T10:09:00Z
S01943	W0009812	1670	2025-02-21T12:42:00Z
S01943	W0009813	840	2025-02-05T08:50:00Z
S01943	W0009814	52	2025-02-13T16:44:00Z
S01943	W0009815	1590	2025-02-02T13:09:00Z
S01943	W0009816	704	2025-02-28T20:30:00Z
S01943	W0009817	1388	2025-02-25T05:42:00Z
S01943	W0009818	1252	2025-02-17T14:00:00Z
S01943	W0009819	1192	2025-02-10T22:27:00Z
S01943	W0009820	1228	2025-02-26T03:00:00Z
S01943	W0009821	467	2025-02-14T06:36:00Z
S01943	W0009822	399	2025-02-01T16:20:00Z
S01943	W0009823	286	2025-02-12T03:59:00Z
S01943	W0009824	423	2025-02-02T06:05:00Z
S01943	W0009825	1413	2025-02-01T02:49:00Z
S01943	W0009826	93	2025-02-05T20:43:00Z
S01943	W0009827	524	2025-02-07T16:24:00Z
S01943	W0009828	989	2025-02-22T03:45:00Z
S01943	W0009829	288	2025-02-01T07:40:00Z
S01506	W0009830	1419	2025-02-10T23:07:00Z
S01506	W0009831	906	2025-02-12T19:37:00Z
S01506	W0009832	487	2025-02-12T15:42:00Z
S01506	W0009833	53	2025-02-08T15:16:00Z
S01506	W0009834	1004	2025-02-15T17:31:00Z
S01506	W0009835	46	2025-02-21T18:07:00Z
S01506	W0009836	1553	2025-02-06T20:13:00Z
S01506	W0009837	955	2025-02-07T19:47:00Z
S01506	W0009838	867	2025-02-24T05:55:00Z
S01506	W0009839	702	2025-02-06T18:18:00Z
S01506	W0009840	1344	2025-02-20T22:17:00Z
S01506	W0009841	548	2025-02-18T00:39:00Z
S00766	W0009842	836	2025-02-06T15:48:00Z
S00766	W0009843	895	2025-02-05T15:31:00Z
S00766	W0009844	1653	2025-02-21T07:02:00Z
S00766	W0009845	1793	2025-02-21T12:06:00Z
S00766	W0009846	561	2025-02-05T00:56:00Z
S00042	W0009847	516	2025-02-16T17:56:00Z
S00042	W0009848	1628	2025-02-09T02:34:00Z
S00042	W0009849	1390	2025-02-17T18:04:00Z
S00042	W0009850	1097	2025-02-18T18:14:00Z
S00042	W0009851	291	2025-02-21T15:06:00Z
S00042	W0009852	522	2025-02-15T18:08:00Z
S00042	W0009853	685	2025-02-02T12:03:00Z
S00042	W0009854	137	2025-02-03T14:13:00Z
S00042	W0009855	1551	2025-02-20T10:39:00Z
S00042	W0009856	783	2025-02-22T20:39:00Z
S00042	W0009857	1162	2025-02-28T15:22:00Z
S00042	W0009858	1753	2025-02-28T19:23:00Z
S00042	W0009859	690	2025-02-24T16:50:00Z
S00042	W0009860	1612	2025-02-23T14:10:00Z
S00042	W0009861	297	2025-02-03T00:00:00Z
S00042	W0009862	777	2025-02-19T13:16:00Z
S00042	W0009863	99	2025-02-10T16:30:00Z
S00042	W0009864	247	2025-02-17T03:02:00Z
S00042	W0009865	1761	2025-02-18T08:27:00Z
S00042	W0009866	647	2025-02-21T23:01:00Z
S00042	W0009867	850	2025-02-11T15:07:00Z
S00042	W0009868	1555	2025-02-26T07:31:00Z
S00042	W0009869	856	2025-02-18T12:52:00Z
S00042	W0009870	57	2025-02-01T03:40:00Z
S00042	W0009871	344	2025-02-01T11:41:00Z
S00042	W0009872	285	2025-02-07T17:21:00Z
S01454	W0009873	1676	2025-02-12T14:34:00Z
S01454	W0009874	1269	2025-02-03T23:17:00Z
S01454	W0009875	1764	2025-02-05T08:15:00Z
S01454	W0009876	552	2025-02-27T21:03:00Z
S01454	W0009877	353	2025-02-05T16:13:00Z
S01454	W0009878	406	2025-02-14T20:16:00Z
S01454	W0009879	1132	2025-02-20T01:31:00Z
S01454	W0009880	1025	2025-02-24T22:05:00Z
S01454	W0009881	1668	2025-02-12T02:00:00Z
S01454	W0009882	1590	2025-02-23T03:56:00Z
S01454	W0009883	1518	2025-02-23T00:26:00Z
S01454	W0009884	1775	2025-02-12T02:55:00Z
S01454	W0009885	1285	2025-02-20T17:19:00Z
S01454	W0009886	73	2025-02-15T11:44:00Z
S01454	W0009887	894	2025-02-27T04:16:00Z
S01454	W0009888	1462	2025-02-15T14:32:00Z
S00610	W0009889	901	2025-02-27T02:32:00Z
S00610	W0009890	349	2025-02-02T13:26:00Z
S00610	W0009891	473	2025-02-16T16:11:00Z
S00610	W0009892	1402	2025-02-14T15:46:00Z
S00610	W0009893	1182	2025-02-09T05:43:00Z
S00610	W0009894	479	2025-02-02T12:43:00Z
S00610	W0009895	1652	2025-02-08T01:12:00Z
S00610	W0009896	1217	2025-02-04T20:47:00Z
S00610	W0009897	458	2025-02-15T18:21:00Z
S00610	W0009898	1137	2025-02-28T17:11:00Z
S00610	W0009899	463	2025-02-06T04:33:00Z
S00610	W0009900	385	2025-02-13T01:29:00Z
S00610	W0009901	1018	2025-02-10T11:10:00Z
S00610	W0009902	1785	2025-02-19T10:54:00Z
S00610	W0009903	988	2025-02-12T08:20:00Z
S00610	W0009904	430	2025-02-21T13:34:00Z
S00610	W0009905	1707	2025-02-16T03:11:00Z
S00610	W0009906	1368	2025-02-19T14:49:00Z
S00071	W0009907	856	2025-02-28T21:26:00Z
S00071	W0009908	1678	2025-02-23T12:53:00Z
S00071	W0009909	504	2025-02-16T15:09:00Z
S00071	W0009910	393	2025-02-06T21:26:00Z
S00071	W0009911	818	2025-02-08T09:45:00Z
S00071	W0009912	1083	2025-02-02T08:58:00Z
S00071	W0009913	1152	2025-02-28T21:20:00Z
S00071	W0009914	221	2025-02-18T21:58:00Z
S00071	W0009915	1217	2025-02-11T20:29:00Z
S00071	W0009916	1181	2025-02-27T20:04:00Z
S00071	W0009917	1112	2025-02-16T13:25:00Z
S00071	W0009918	1647	2025-02-26T03:25:00Z
S00071	W0009919	1652	2025-02-12T16:58:00Z
S00071	W0009920	1488	2025-02-01T20:52:00Z
S00071	W0009921	889	2025-02-04T21:50:00Z
S00071	W0009922	1487	2025-02-08T21:34:00Z
S00071	W0009923	1203	2025-02-20T17:46:00Z
S00071	W0009924	1238	2025-02-25T13:42:00Z
S00071	W0009925	960	2025-02-16T21:44:00Z
S00071	W0009926	132	2025-02-13T06:49:00Z
S00071	W0009927	1386	2025-02-28T04:55:00Z
S01600	W0009928	1152	2025-02-20T20:33:00Z
S01600	W0009929	278	2025-02-17T21:39:00Z
S01600	W0009930	1010	2025-02-08T16:37:00Z
S01600	W0009931	1249	2025-02-19T23:07:00Z
S01600	W0009932	1479	2025-02-05T03:38:00Z
S01600	W0009933	1391	2025-02-27T16:51:00Z
S01600	W0009934	799	2025-02-17T10:35:00Z
S01600	W0009935	424	2025-02-26T11:03:00Z
S01600	W0009936	1427	2025-02-26T15:29:00Z
S01600	W0009937	1216	2025-02-20T08:09:00Z
S01600	W0009938	593	2025-02-10T00:51:00Z
S01600	W0009939	1502	2025-02-25T02:29:00Z
S01600	W0009940	118	2025-02-27T11:28:00Z
S01600	W0009941	1407	2025-02-28T19:05:00Z
S01600	W0009942	387	2025-02-05T17:53:00Z
S01600	W0009943	41	2025-02-16T05:18:00Z
S01600	W0009944	1187	2025-02-23T14:39:00Z
S01600	W0009945	205	2025-02-10T13:55:00Z
S01600	W0009946	196	2025-02-15T23:46:00Z
S01600	W0009947	994	2025-02-04T00:08:00Z
S01600	W0009948	684	2025-02-26T19:59:00Z
S01600	W0009949	1642	2025-02-04T11:16:00Z
S01477	W0009950	37	2025-02-18T17:00:00Z
S01477	W0009951	724	2025-02-12T08:07:00Z
S01477	W0009952	1349	2025-02-19T03:16:00Z
S01477	W0009953	697	2025-02-05T20:03:00Z
S01420	W0009954	1621	2025-02-13T16:09:00Z
S01420	W0009955	1202	2025-02-08T00:33:00Z
S01420	W0009956	1469	2025-02-21T00:29:00Z
S01420	W0009957	520	2025-02-25T16:47:00Z
S01420	W0009958	1788	2025-02-01T05:50:00Z
S01918	W0009959	1530	2025-02-01T15:28:00Z
S01918	W0009960	276	2025-02-21T23:09:00Z
S01918	W0009961	223	2025-02-12T07:04:00Z
S01918	W0009962	1063	2025-02-13T00:52:00Z
S01918	W0009963	1155	2025-02-24T11:05:00Z
S01918	W0009964	634	2025-02-19T01:07:00Z
S01918	W0009965	654	2025-02-03T12:38:00Z
S01918	W0009966	1421	2025-02-05T10:27:00Z
S01918	W0009967	1701	2025-02-19T17:09:00Z
S01918	W0009968	1199	2025-02-09T16:47:00Z
S01918	W0009969	701	2025-02-14T16:05:00Z
S01918	W0009970	1156	2025-02-20T19:37:00Z
S01918	W0009971	549	2025-02-20T23:32:00Z
S01918	W0009972	1392	2025-02-17T15:22:00Z
S01918	W0009973	1201	2025-02-04T23:52:00Z
S01918	W0009974	724	2025-02-18T09:19:00Z
S01918	W0009975	1670	2025-02-12T11:19:00Z
S01918	W0009976	1561	2025-02-23T00:51:00Z
S01918	W0009977	1567	2025-02-11T21:28:00Z
S01918	W0009978	490	2025-02-19T21:05:00Z
S01918	W0009979	1029	2025-02-11T03:53:00Z
S01918	W0009980	1739	2025-02-12T06:55:00Z
S01918	W0009981	1786	2025-02-24T19:11:00Z
S01918	W0009982	505	2025-02-17T21:47:00Z
S01918	W0009983	1594	2025-02-18T00:51:00Z
S01918	W0009984	180	2025-02-14T23:49:00Z
S01918	W0009985	633	2025-02-28T12:17:00Z
S01918	W0009986	1466	2025-02-23T12:01:00Z
S01900	W0009987	1280	2025-02-02T23:09:00Z
S01900	W0009988	989	2025-02-01T16:36:00Z
S01900	W0009989	778	2025-02-03T02:34:00Z
S01900	W0009990	61	2025-02-03T00:00:00Z
S01900	W0009991	1661	2025-02-26T10:31:00Z
S01900	W0009992	266	2025-02-26T21:36:00Z
S01900	W0009993	785	2025-02-06T15:03:00Z
S01900	W0009994	925	2025-02-14T15:47:00Z
S01900	W0009995	1352	2025-02-13T01:20:00Z
S01900	W0009996	808	2025-02-21T19:58:00Z
S01900	W0009997	1371	2025-02-08T03:54:00Z
S01900	W0009998	837	2025-02-18T13:33:00Z
S01900	W0009999	706	2025-02-18T06:59:00Z
S01900	W0010000	95	2025-02-10T15:11:00Z
S01900	W0010001	1353	2025-02-19T00:26:00Z
S01900	W0010002	1394	2025-02-17T16:38:00Z
S01900	W0010003	454	2025-02-25T08:06:00Z
S01900	W0010004	751	2025-02-02T04:37:00Z
S01900	W0010005	790	2025-02-14T00:07:00Z
S01900	W0010006	974	2025-02-27T22:26:00Z
S01900	W0010007	301	2025-02-03T19:26:00Z
S01900	W0010008	220	2025-02-06T17:06:00Z
S01900	W0010009	500	2025-02-19T12:44:00Z
S01900	W0010010	1020	2025-02-20T17:34:00Z
S00468	W0010011	1561	2025-02-24T01:24:00Z
S00468	W0010012	39	2025-02-04T23:06:00Z
S00468	W0010013	1054	2025-02-03T16:39:00Z
S00468	W0010014	974	2025-02-07T22:32:00Z
S00468	W0010015	1478	2025-02-28T15:25:00Z
S00468	W0010016	1543	2025-02-02T08:11:00Z
S01190	W0010017	1023	2025-02-14T05:30:00Z
S01190	W0010018	991	2025-02-07T08:23:00Z
S01190	W0010019	1202	2025-02-08T23:33:00Z
S01190	W0010020	516	2025-02-14T23:37:00Z
S01190	W0010021	1756	2025-02-28T03:08:00Z
S01190	W0010022	1194	2025-02-14T07:38:00Z
S01190	W0010023	24	2025-02-18T15:14:00Z
S01190	W0010024	422	2025-02-23T23:05:00Z
S01190	W0010025	456	2025-02-03T18:14:00Z
S01982	W0010026	467	2025-02-13T15:52:00Z
S01982	W0010027	1573	2025-02-16T20:26:00Z
S01982	W0010028	1186	2025-02-15T09:59:00Z
S01982	W0010029	68	2025-02-09T10:29:00Z
S01982	W0010030	329	2025-02-05T14:10:00Z
S01982	W0010031	556	2025-02-27T13:49:00Z
S01982	W0010032	356	2025-02-18T21:01:00Z
S01982	W0010033	199	2025-02-16T01:26:00Z
S01982	W0010034	1262	2025-02-04T23:49:00Z
S01982	W0010035	339	2025-02-11T13:08:00Z
S01982	W0010036	1683	2025-02-09T12:17:00Z
S01982	W0010037	1222	2025-02-16T17:00:00Z
S01982	W0010038	633	2025-02-18T04:00:00Z
S01982	W0010039	867	2025-02-06T20:04:00Z
S01982	W0010040	346	2025-02-03T15:43:00Z
S01982	W0010041	1035	2025-02-03T19:44:00Z
S01982	W0010042	758	2025-02-20T10:37:00Z
S01982	W0010043	206	2025-02-17T02:11:00Z
S01982	W0010044	1267	2025-02-01T04:37:00Z
S01982	W0010045	1360	2025-02-18T17:09:00Z
S00078	W0010046	999	2025-02-12T14:01:00Z
S00078	W0010047	48	2025-02-24T01:47:00Z
S00078	W0010048	1570	2025-02-11T00:06:00Z
S00078	W0010049	1396	2025-02-13T01:46:00Z
S00078	W0010050	1040	2025-02-16T08:35:00Z
S00078	W0010051	1560	2025-02-27T19:26:00Z
S00078	W0010052	31	2025-02-15T07:50:00Z
S00078	W0010053	523	2025-02-11T00:37:00Z
S00078	W0010054	416	2025-02-07T05:23:00Z
S00078	W0010055	907	2025-02-12T22:04:00Z
S00078	W0010056	667	2025-02-28T11:47:00Z
S00078	W0010057	210	2025-02-14T04:49:00Z
S00078	W0010058	1015	2025-02-18T14:22:00Z
S00078	W0010059	51	2025-02-19T02:34:00Z
S00078	W0010060	593	2025-02-03T14:51:00Z
S00078	W0010061	306	2025-02-11T03:20:00Z
S00078	W0010062	112	2025-02-18T00:32:00Z
S00078	W0010063	1150	2025-02-20T22:21:00Z
S00078	W0010064	709	2025-02-19T20:59:00Z
S01178	W0010065	1766	2025-02-06T12:05:00Z
S01178	W0010066	953	2025-02-22T04:37:00Z
S01178	W0010067	1345	2025-02-13T10:12:00Z
S01178	W0010068	54	2025-02-04T04:49:00Z
S01178	W0010069	137	2025-02-27T23:59:00Z
S01178	W0010070	1182	2025-02-01T00:09:00Z
S01178	W0010071	416	2025-02-28T16:33:00Z
S01178	W0010072	1529	2025-02-28T23:08:00Z
S01178	W0010073	1604	2025-02-17T01:41:00Z
S01178	W0010074	315	2025-02-19T20:47:00Z
S01178	W0010075	264	2025-02-05T17:52:00Z
S01178	W0010076	1540	2025-02-01T03:12:00Z
S01178	W0010077	688	2025-02-07T05:33:00Z
S01178	W0010078	1561	2025-02-21T14:38:00Z
S01178	W0010079	1513	2025-02-14T06:52:00Z
S01178	W0010080	56	2025-02-10T02:30:00Z
S01178	W0010081	156	2025-02-08T22:07:00Z
S01178	W0010082	447	2025-02-01T13:58:00Z
S01178	W0010083	49	2025-02-19T01:30:00Z
S01178	W0010084	89	2025-02-03T22:51:00Z
S01178	W0010085	1767	2025-02-04T03:58:00Z
S01178	W0010086	1216	2025-02-26T20:45:00Z
S01178	W0010087	210	2025-02-27T16:10:00Z
S01178	W0010088	524	2025-02-13T04:10:00Z
S01178	W0010089	1356	2025-02-12T03:09:00Z
S01178	W0010090	710	2025-02-12T18:18:00Z
S01178	W0010091	863	2025-02-07T14:57:00Z
S01178	W0010092	291	2025-02-13T00:29:00Z
S01178	W0010093	1261	2025-02-22T06:28:00Z
S01178	W0010094	622	2025-02-28T06:47:00Z
S01017	W0010095	1399	2025-02-14T09:03:00Z
S01017	W0010096	72	2025-02-25T03:40:00Z
S01017	W0010097	1383	2025-02-12T18:59:00Z
S01017	W0010098	257	2025-02-17T05:25:00Z
S01017	W0010099	521	2025-02-04T21:27:00Z
S01017	W0010100	704	2025-02-27T04:52:00Z
S01017	W0010101	1687	2025-02-04T18:19:00Z
S01017	W0010102	755	2025-02-06T16:27:00Z
S01017	W0010103	496	2025-02-01T17:41:00Z
S01017	W0010104	1161	2025-02-18T19:18:00Z
S01017	W0010105	380	2025-02-18T02:51:00Z
S01017	W0010106	1378	2025-02-26T10:35:00Z
S01017	W0010107	1718	2025-02-28T01:43:00Z
S01017	W0010108	1282	2025-02-19T02:12:00Z
S01017	W0010109	1551	2025-02-21T07:10:00Z
S01017	W0010110	1500	2025-02-24T02:46:00Z
S01017	W0010111	1458	2025-02-01T00:49:00Z
S01017	W0010112	1636	2025-02-03T05:21:00Z
S01017	W0010113	1534	2025-02-03T00:03:00Z
S01017	W0010114	1504	2025-02-22T18:38:00Z
S01017	W0010115	1078	2025-02-13T17:45:00Z
S01017	W0010116	1187	2025-02-24T00:36:00Z
S01017	W0010117	710	2025-02-12T22:12:00Z
S01017	W0010118	1052	2025-02-18T09:30:00Z
S01017	W0010119	1000	2025-02-05T22:58:00Z
S01017	W0010120	1375	2025-02-04T17:25:00Z
S01017	W0010121	1654	2025-02-26T17:35:00Z
S01017	W0010122	114	2025-02-13T09:01:00Z
S01823	W0010123	362	2025-02-12T09:51:00Z
S01823	W0010124	744	2025-02-22T23:09:00Z
S01823	W0010125	546	2025-02-25T07:53:00Z
S01823	W0010126	743	2025-02-26T15:38:00Z
S01823	W0010127	1141	2025-02-06T23:03:00Z
S01823	W0010128	991	2025-02-22T13:31:00Z
S01823	W0010129	1613	2025-02-28T14:34:00Z
S01823	W0010130	355	2025-02-09T07:24:00Z
S01823	W0010131	941	2025-02-22T23:42:00Z
S01823	W0010132	1707	2025-02-14T02:14:00Z
S01823	W0010133	1266	2025-02-06T13:09:00Z
S01823	W0010134	542	2025-02-04T14:57:00Z
S01823	W0010135	379	2025-02-25T02:16:00Z
S01398	W0010136	728	2025-02-13T01:20:00Z
S01398	W0010137	253	2025-02-03T07:34:00Z
S01398	W0010138	241	2025-02-08T20:26:00Z
S01398	W0010139	838	2025-02-16T00:03:00Z
S01398	W0010140	1537	2025-02-11T20:22:00Z
S01398	W0010141	1748	2025-02-16T07:45:00Z
S01398	W0010142	638	2025-02-11T04:07:00Z
S01398	W0010143	275	2025-02-13T22:27:00Z
S01398	W0010144	1194	2025-02-26T00:08:00Z
S01398	W0010145	99	2025-02-01T23:52:00Z
S01543	W0010146	574	2025-02-07T12:44:00Z
S01543	W0010147	245	2025-02-21T09:31:00Z
S01543	W0010148	437	2025-02-01T18:54:00Z
S01543	W0010149	1511	2025-02-05T10:10:00Z
S01543	W0010150	35	2025-02-15T10:39:00Z
S01543	W0010151	704	2025-02-17T03:23:00Z
S01543	W0010152	1180	2025-02-27T08:44:00Z
S01543	W0010153	1648	2025-02-02T09:29:00Z
S00439	W0010154	1753	2025-02-20T23:50:00Z
S00439	W0010155	1185	2025-02-21T05:43:00Z
S00439	W0010156	968	2025-02-04T05:10:00Z
S00439	W0010157	746	2025-02-22T09:14:00Z
S00439	W0010158	779	2025-02-20T13:41:00Z
S00439	W0010159	1199	2025-02-25T20:54:00Z
S00439	W0010160	1416	2025-02-21T18:48:00Z
S00439	W0010161	25	2025-02-01T19:30:00Z
S00439	W0010162	1021	2025-02-13T10:55:00Z
S00439	W0010163	1017	2025-02-24T11:00:00Z
S00439	W0010164	648	2025-02-06T07:42:00Z
S00439	W0010165	315	2025-02-03T23:12:00Z
S00439	W0010166	903	2025-02-17T12:48:00Z
S00439	W0010167	1020	2025-02-07T16:32:00Z
S00439	W0010168	75	2025-02-28T11:27:00Z
S00439	W0010169	722	2025-02-04T00:30:00Z
S00439	W0010170	1631	2025-02-01T10:21:00Z
S00439	W0010171	969	2025-02-27T14:43:00Z
S01105	W0010172	1595	2025-02-12T08:24:00Z
S01105	W0010173	1700	2025-02-25T07:19:00Z
S01105	W0010174	471	2025-02-24T04:20:00Z
S01105	W0010175	1365	2025-02-20T14:25:00Z
S01105	W0010176	712	2025-02-16T20:12:00Z
S01105	W0010177	160	2025-02-26T21:37:00Z
S01105	W0010178	1356	2025-02-03T06:47:00Z
S01105	W0010179	49	2025-02-23T18:57:00Z
S01105	W0010180	1659	2025-02-14T01:54:00Z
S01105	W0010181	26	2025-02-21T19:06:00Z
S01105	W0010182	689	2025-02-20T22:06:00Z
S01105	W0010183	1158	2025-02-18T05:16:00Z
S01105	W0010184	727	2025-02-08T06:29:00Z
S01105	W0010185	1308	2025-02-10T19:36:00Z
S01105	W0010186	1266	2025-02-06T19:32:00Z
S01105	W0010187	1691	2025-02-03T01:17:00Z
S01105	W0010188	1711	2025-02-03T02:41:00Z
S01105	W0010189	951	2025-02-26T08:43:00Z
S01105	W0010190	864	2025-02-28T19:17:00Z
S01105	W0010191	1520	2025-02-18T19:47:00Z
S01105	W0010192	823	2025-02-26T16:09:00Z
S01105	W0010193	442	2025-02-15T18:26:00Z
S01105	W0010194	1179	2025-02-23T19:40:00Z
S01105	W0010195	208	2025-02-08T23:08:00Z
S01105	W0010196	892	2025-02-08T10:24:00Z
S01105	W0010197	571	2025-02-14T11:03:00Z
S01091	W0010198	417	2025-02-01T03:04:00Z
S01091	W0010199	983	2025-02-02T14:01:00Z
S01091	W0010200	1127	2025-02-11T23:57:00Z
S01091	W0010201	330	2025-02-25T12:30:00Z
S01091	W0010202	409	2025-02-16T00:03:00Z
S01091	W0010203	408	2025-02-20T11:11:00Z
S01091	W0010204	465	2025-02-21T13:39:00Z
S01091	W0010205	1437	2025-02-26T15:41:00Z
S01091	W0010206	768	2025-02-27T22:49:00Z
S01091	W0010207	764	2025-02-28T20:08:00Z
S01091	W0010208	1671	2025-02-10T11:46:00Z
S01091	W0010209	649	2025-02-03T23:04:00Z
S01091	W0010210	1412	2025-02-16T10:36:00Z
S01974	W0010211	199	2025-02-19T07:59:00Z
S01974	W0010212	1228	2025-02-26T07:39:00Z
S01974	W0010213	1627	2025-02-10T10:57:00Z
S01974	W0010214	623	2025-02-04T17:56:00Z
S01974	W0010215	422	2025-02-09T21:31:00Z
S01974	W0010216	1612	2025-02-10T13:07:00Z
S01974	W0010217	1532	2025-02-03T19:13:00Z
S01974	W0010218	1240	2025-02-17T03:01:00Z
S01974	W0010219	114	2025-02-02T23:03:00Z
S01974	W0010220	652	2025-02-19T04:44:00Z
S01974	W0010221	738	2025-02-07T11:32:00Z
S01974	W0010222	1281	2025-02-27T12:56:00Z
S01974	W0010223	139	2025-02-16T20:11:00Z
S01974	W0010224	1675	2025-02-28T01:29:00Z
S01974	W0010225	399	2025-02-28T07:25:00Z
S01974	W0010226	545	2025-02-26T17:08:00Z
S01974	W0010227	1622	2025-02-27T10:26:00Z
S01974	W0010228	1177	2025-02-24T14:48:00Z
S01974	W0010229	1612	2025-02-23T09:34:00Z
S00717	W0010230	1630	2025-02-12T10:35:00Z
S00717	W0010231	377	2025-02-05T01:10:00Z
S00717	W0010232	661	2025-02-01T15:54:00Z
S00717	W0010233	950	2025-02-27T11:49:00Z
S00717	W0010234	795	2025-02-28T20:13:00Z
S00717	W0010235	1082	2025-02-03T11:21:00Z
S00717	W0010236	445	2025-02-23T06:13:00Z
S00717	W0010237	299	2025-02-21T00:41:00Z
S00717	W0010238	1633	2025-02-19T05:18:00Z
S00717	W0010239	1498	2025-02-25T16:55:00Z
S00717	W0010240	147	2025-02-06T00:44:00Z
S00717	W0010241	1205	2025-02-07T12:57:00Z
S00717	W0010242	1631	2025-02-19T06:48:00Z
S00717	W0010243	1422	2025-02-05T17:03:00Z
S00717	W0010244	248	2025-02-16T06:28:00Z
S00717	W0010245	1712	2025-02-13T02:37:00Z
S00717	W0010246	902	2025-02-26T17:57:00Z
S00717	W0010247	182	2025-02-18T01:34:00Z
S00717	W0010248	176	2025-02-13T21:37:00Z
S00717	W0010249	102	2025-02-09T02:44:00Z
S00717	W0010250	732	2025-02-26T13:29:00Z
S00717	W0010251	461	2025-02-04T04:45:00Z
S00717	W0010252	1716	2025-02-16T01:50:00Z
S00717	W0010253	1574	2025-02-08T02:39:00Z
S00717	W0010254	1329	2025-02-11T01:21:00Z
S00717	W0010255	1096	2025-02-22T06:58:00Z
S00169	W0010256	1311	2025-02-12T08:29:00Z
S00169	W0010257	1377	2025-02-07T19:39:00Z
S00169	W0010258	1330	2025-02-22T03:38:00Z
S00169	W0010259	353	2025-02-03T08:47:00Z
S00171	W0010260	1550	2025-02-17T11:30:00Z
S00171	W0010261	410	2025-02-01T13:05:00Z
S00171	W0010262	546	2025-02-14T10:01:00Z
S00171	W0010263	1607	2025-02-27T00:53:00Z
S00171	W0010264	370	2025-02-21T08:09:00Z
S00171	W0010265	1422	2025-02-02T22:59:00Z
S00171	W0010266	1068	2025-02-26T09:14:00Z
S00171	W0010267	488	2025-02-16T19:53:00Z
S00171	W0010268	1159	2025-02-02T21:22:00Z
S00171	W0010269	73	2025-02-16T19:04:00Z
S00171	W0010270	673	2025-02-05T08:50:00Z
S00171	W0010271	271	2025-02-18T09:13:00Z
S00171	W0010272	1390	2025-02-22T20:02:00Z
S00171	W0010273	273	2025-02-16T19:11:00Z
S00171	W0010274	1550	2025-02-20T19:06:00Z
S00171	W0010275	288	2025-02-25T15:14:00Z
S00171	W0010276	1095	2025-02-13T16:23:00Z
S00171	W0010277	362	2025-02-20T15:48:00Z
S00171	W0010278	1541	2025-02-15T12:29:00Z
S00171	W0010279	1378	2025-02-28T14:17:00Z
S00171	W0010280	496	2025-02-05T04:47:00Z
S00319	W0010281	1632	2025-02-23T03:13:00Z
S00319	W0010282	912	2025-02-26T13:23:00Z
S00319	W0010283	595	2025-02-03T13:19:00Z
S00319	W0010284	212	2025-02-23T13:11:00Z
S00607	W0010285	1725	2025-02-16T19:05:00Z
S00607	W0010286	1606	2025-02-10T13:02:00Z
S00607	W0010287	1600	2025-02-06T15:09:00Z
S00607	W0010288	920	2025-02-02T15:47:00Z
S00607	W0010289	356	2025-02-01T05:41:00Z
S00607	W0010290	1173	2025-02-26T20:23:00Z
S00607	W0010291	1587	2025-02-03T22:07:00Z
S00607	W0010292	1110	2025-02-09T04:45:00Z
S00607	W0010293	618	2025-02-22T14:02:00Z
S00607	W0010294	1556	2025-02-02T00:05:00Z
S00607	W0010295	1662	2025-02-02T17:01:00Z
S00607	W0010296	919	2025-02-12T10:04:00Z
S00607	W0010297	1610	2025-02-20T06:55:00Z
S00607	W0010298	882	2025-02-06T08:11:00Z
S00607	W0010299	767	2025-02-26T04:38:00Z
S00607	W0010300	1370	2025-02-08T00:38:00Z
S00607	W0010301	702	2025-02-23T01:38:00Z
S00607	W0010302	1590	2025-02-20T12:48:00Z
S00607	W0010303	648	2025-02-17T03:14:00Z
S00607	W0010304	175	2025-02-25T01:22:00Z
S01016	W0010305	1323	2025-02-14T13:49:00Z
S01016	W0010306	96	2025-02-26T05:55:00Z
S01016	W0010307	372	2025-02-15T12:51:00Z
S01016	W0010308	46	2025-02-22T06:39:00Z
S01016	W0010309	1189	2025-02-04T04:48:00Z
S01016	W0010310	853	2025-02-02T15:54:00Z
S01016	W0010311	1368	2025-02-05T13:11:00Z
S01016	W0010312	1146	2025-02-24T05:15:00Z
S01016	W0010313	1453	2025-02-01T18:09:00Z
S01016	W0010314	917	2025-02-23T08:58:00Z
S01016	W0010315	1430	2025-02-24T05:00:00Z
S01016	W0010316	325	2025-02-19T10:06:00Z
S01016	W0010317	1772	2025-02-03T23:31:00Z
S01016	W0010318	1584	2025-02-14T23:35:00Z
S01016	W0010319	1135	2025-02-23T20:12:00Z
S01016	W0010320	271	2025-02-27T22:46:00Z
S01016	W0010321	1487	2025-02-16T01:09:00Z
S01016	W0010322	411	2025-02-14T07:40:00Z
S01016	W0010323	56	2025-02-24T05:43:00Z
S01016	W0010324	695	2025-02-21T06:43:00Z
S01016	W0010325	1040	2025-02-13T02:16:00Z
S01016	W0010326	1206	2025-02-27T03:09:00Z
S01016	W0010327	1643	2025-02-11T10:48:00Z
S01896	W0010328	328	2025-02-04T03:25:00Z
S01896	W0010329	215	2025-02-09T21:32:00Z
S01896	W0010330	1539	2025-02-12T22:53:00Z
S01896	W0010331	1212	2025-02-23T06:15:00Z
S01896	W0010332	757	2025-02-28T20:24:00Z
S01896	W0010333	1171	2025-02-17T10:05:00Z
S01896	W0010334	901	2025-02-26T20:10:00Z
S01896	W0010335	862	2025-02-28T10:09:00Z
S01896	W0010336	1651	2025-02-22T03:11:00Z
S01045	W0010337	915	2025-02-07T02:05:00Z
S01045	W0010338	259	2025-02-27T05:22:00Z
S01045	W0010339	122	2025-02-07T22:29:00Z
S01045	W0010340	160	2025-02-17T08:44:00Z
S01765	W0010341	271	2025-02-17T18:39:00Z
S01765	W0010342	1135	2025-02-02T14:37:00Z
S01765	W0010343	60	2025-02-08T02:35:00Z
S01765	W0010344	833	2025-02-22T04:28:00Z
S01765	W0010345	1050	2025-02-12T05:56:00Z
S01765	W0010346	1411	2025-02-24T02:44:00Z
S01765	W0010347	1616	2025-02-18T19:02:00Z
S01765	W0010348	1171	2025-02-26T15:36:00Z
S01765	W0010349	1016	2025-02-15T05:39:00Z
S01765	W0010350	685	2025-02-05T18:42:00Z
S01765	W0010351	1709	2025-02-24T15:23:00Z
S01765	W0010352	1527	2025-02-16T11:16:00Z
S01765	W0010353	728	2025-02-23T03:44:00Z
S01765	W0010354	1740	2025-02-28T12:03:00Z
S01765	W0010355	1482	2025-02-03T06:19:00Z
S01765	W0010356	343	2025-02-06T23:33:00Z
S01765	W0010357	569	2025-02-22T22:49:00Z
S01765	W0010358	461	2025-02-12T06:46:00Z
S01765	W0010359	546	2025-02-04T11:02:00Z
S01765	W0010360	1206	2025-02-24T04:08:00Z
S00528	W0010361	936	2025-02-21T05:44:00Z
S00528	W0010362	1070	2025-02-05T23:14:00Z
S00528	W0010363	413	2025-02-22T18:28:00Z
S00528	W0010364	126	2025-02-08T06:43:00Z
S00528	W0010365	34	2025-02-17T20:20:00Z
S01363	W0010366	1045	2025-02-06T21:33:00Z
S01363	W0010367	1035	2025-02-17T21:54:00Z
S01363	W0010368	1707	2025-02-24T22:31:00Z
S01363	W0010369	693	2025-02-17T09:32:00Z
S01363	W0010370	1597	2025-02-24T12:00:00Z
S01363	W0010371	1644	2025-02-20T14:33:00Z
S01363	W0010372	955	2025-02-08T13:57:00Z
S01363	W0010373	1096	2025-02-14T19:06:00Z
S01363	W0010374	731	2025-02-22T15:31:00Z
S01632	W0010375	1392	2025-02-02T17:49:00Z
S01632	W0010376	377	2025-02-27T01:40:00Z
S01632	W0010377	1286	2025-02-03T11:38:00Z
S01632	W0010378	1207	2025-02-21T09:54:00Z
S01632	W0010379	444	2025-02-14T12:36:00Z
S01632	W0010380	1431	2025-02-25T17:28:00Z
S01632	W0010381	1619	2025-02-20T01:04:00Z
S01632	W0010382	829	2025-02-15T08:45:00Z
S01632	W0010383	825	2025-02-01T02:48:00Z
S01632	W0010384	1224	2025-02-19T19:35:00Z
S01632	W0010385	895	2025-02-15T00:03:00Z
S00513	W0010386	1421	2025-02-08T01:48:00Z
S00513	W0010387	76	2025-02-14T10:37:00Z
S00513	W0010388	108	2025-02-05T11:22:00Z
S00513	W0010389	326	2025-02-05T09:59:00Z
S00513	W0010390	436	2025-02-28T09:23:00Z
S00513	W0010391	140	2025-02-09T19:49:00Z
S00513	W0010392	891	2025-02-27T12:52:00Z
S00513	W0010393	1056	2025-02-23T19:25:00Z
S00513	W0010394	614	2025-02-23T02:23:00Z
S00513	W0010395	389	2025-02-15T15:18:00Z
S00513	W0010396	1246	2025-02-05T23:23:00Z
S00513	W0010397	1617	2025-02-26T10:24:00Z
S00513	W0010398	1582	2025-02-25T17:36:00Z
S00513	W0010399	1190	2025-02-10T16:19:00Z
S00513	W0010400	461	2025-02-02T00:22:00Z
S00513	W0010401	1226	2025-02-15T00:59:00Z
S00513	W0010402	336	2025-02-25T09:27:00Z
S00513	W0010403	776	2025-02-18T19:20:00Z
S00513	W0010404	1029	2025-02-20T19:12:00Z
S00513	W0010405	403	2025-02-24T06:52:00Z
S00513	W0010406	640	2025-02-01T13:29:00Z
S01436	W0010407	141	2025-02-10T02:40:00Z
S01436	W0010408	178	2025-02-01T00:37:00Z
S01436	W0010409	985	2025-02-12T17:44:00Z
S01436	W0010410	738	2025-02-06T15:52:00Z
S01436	W0010411	1311	2025-02-28T04:36:00Z
S01436	W0010412	52	2025-02-10T13:34:00Z
S01436	W0010413	595	2025-02-28T03:16:00Z
S01436	W0010414	646	2025-02-10T01:00:00Z
S01436	W0010415	461	2025-02-22T10:37:00Z
S01436	W0010416	505	2025-02-22T10:25:00Z
S01436	W0010417	405	2025-02-05T16:45:00Z
S01436	W0010418	898	2025-02-27T22:03:00Z
S01786	W0010419	1026	2025-02-26T10:23:00Z
S01786	W0010420	192	2025-02-11T17:24:00Z
S01786	W0010421	319	2025-02-26T12:51:00Z
S01786	W0010422	890	2025-02-24T16:47:00Z
S01786	W0010423	496	2025-02-04T00:51:00Z
S01786	W0010424	678	2025-02-17T18:30:00Z
S01786	W0010425	1553	2025-02-05T20:59:00Z
S01786	W0010426	1120	2025-02-10T02:09:00Z
S01786	W0010427	1095	2025-02-02T20:51:00Z
S01786	W0010428	1405	2025-02-20T03:54:00Z
S01786	W0010429	595	2025-02-14T12:12:00Z
S01786	W0010430	811	2025-02-09T23:00:00Z
S01786	W0010431	1575	2025-02-19T10:23:00Z
S01786	W0010432	984	2025-02-21T16:54:00Z
S01786	W0010433	560	2025-02-02T00:00:00Z
S01786	W0010434	1209	2025-02-01T10:10:00Z
S01786	W0010435	1511	2025-02-15T11:39:00Z
S01786	W0010436	81	2025-02-17T07:34:00Z
S01786	W0010437	956	2025-02-12T00:18:00Z
S01786	W0010438	851	2025-02-01T07:21:00Z
S00109	W0010439	635	2025-02-19T13:43:00Z
S00109	W0010440	103	2025-02-08T18:52:00Z
S00109	W0010441	1136	2025-02-25T20:29:00Z
S00109	W0010442	456	2025-02-09T13:31:00Z
S00109	W0010443	1476	2025-02-14T06:42:00Z
S00109	W0010444	541	2025-02-09T09:52:00Z
S00109	W0010445	95	2025-02-12T00:19:00Z
S00109	W0010446	741	2025-02-23T09:36:00Z
S00109	W0010447	394	2025-02-17T02:25:00Z
S00109	W0010448	643	2025-02-16T06:57:00Z
S00109	W0010449	1698	2025-02-21T21:45:00Z
S00109	W0010450	1554	2025-02-25T13:47:00Z
S00109	W0010451	1169	2025-02-16T15:26:00Z
S00109	W0010452	335	2025-02-04T13:32:00Z
S00109	W0010453	432	2025-02-23T17:56:00Z
S00109	W0010454	1625	2025-02-27T14:29:00Z
S00109	W0010455	804	2025-02-04T06:51:00Z
S00109	W0010456	876	2025-02-22T08:40:00Z
S00109	W0010457	900	2025-02-16T02:40:00Z
S00109	W0010458	1196	2025-02-15T00:45:00Z
S00109	W0010459	692	2025-02-24T02:26:00Z
S00109	W0010460	726	2025-02-22T07:50:00Z
S00109	W0010461	1427	2025-02-13T22:38:00Z
S00109	W0010462	993	2025-02-14T08:33:00Z
S00109	W0010463	454	2025-02-20T14:53:00Z
S00109	W0010464	128	2025-02-02T01:08:00Z
S00109	W0010465	1467	2025-02-02T20:02:00Z
S00109	W0010466	985	2025-02-20T09:09:00Z
S00276	W0010467	1704	2025-02-25T12:11:00Z
S00276	W0010468	812	2025-02-01T01:49:00Z
S00276	W0010469	751	2025-02-28T23:45:00Z
S00276	W0010470	1363	2025-02-26T00:21:00Z
S00276	W0010471	1685	2025-02-25T15:48:00Z
S00276	W0010472	1651	2025-02-22T08:42:00Z
S00276	W0010473	1397	2025-02-05T20:44:00Z
S00276	W0010474	155	2025-02-08T15:49:00Z
S00276	W0010475	1675	2025-02-19T22:57:00Z
S00276	W0010476	142	2025-02-17T13:55:00Z
S00276	W0010477	1311	2025-02-05T02:01:00Z
S00276	W0010478	446	2025-02-14T00:26:00Z
S01129	W0010479	122	2025-02-01T05:37:00Z
S01129	W0010480	546	2025-02-28T17:11:00Z
S01129	W0010481	842	2025-02-11T16:17:00Z
S01129	W0010482	148	2025-02-24T03:36:00Z
S01129	W0010483	412	2025-02-11T18:13:00Z
S01129	W0010484	878	2025-02-17T22:07:00Z
S01129	W0010485	649	2025-02-01T20:56:00Z
S01129	W0010486	188	2025-02-02T11:43:00Z
S01129	W0010487	1232	2025-02-05T01:53:00Z
S01129	W0010488	670	2025-02-27T12:33:00Z
S01129	W0010489	1680	2025-02-07T09:33:00Z
S01129	W0010490	1740	2025-02-06T15:07:00Z
S01129	W0010491	1717	2025-02-14T15:28:00Z
S01129	W0010492	1665	2025-02-28T00:14:00Z
S01129	W0010493	710	2025-02-02T03:17:00Z
S01129	W0010494	1343	2025-02-01T13:40:00Z
S01129	W0010495	518	2025-02-01T00:58:00Z
S01129	W0010496	306	2025-02-25T20:46:00Z
S01129	W0010497	1475	2025-02-08T13:26:00Z
S01129	W0010498	1624	2025-02-25T00:58:00Z
S01129	W0010499	1318	2025-02-02T21:47:00Z
S01129	W0010500	1132	2025-02-20T08:02:00Z
S01081	W0010501	1525	2025-02-16T16:01:00Z
S01081	W0010502	1475	2025-02-19T22:09:00Z
S01081	W0010503	525	2025-02-06T19:17:00Z
S01081	W0010504	425	2025-02-21T07:46:00Z
S01081	W0010505	323	2025-02-07T02:54:00Z
S01081	W0010506	1656	2025-02-09T00:06:00Z
S01081	W0010507	1523	2025-02-21T22:21:00Z
S01081	W0010508	60	2025-02-07T06:25:00Z
S01081	W0010509	1795	2025-02-23T09:35:00Z
S01081	W0010510	848	2025-02-19T15:34:00Z
S01081	W0010511	885	2025-02-17T21:21:00Z
S01081	W0010512	1024	2025-02-11T14:00:00Z
S01081	W0010513	1000	2025-02-20T00:05:00Z
S01081	W0010514	620	2025-02-16T03:00:00Z
S01081	W0010515	713	2025-02-02T14:10:00Z
S00729	W0010516	1789	2025-02-01T23:45:00Z
S00729	W0010517	1501	2025-02-24T01:23:00Z
S00729	W0010518	560	2025-02-23T03:08:00Z
S00729	W0010519	1067	2025-02-22T21:21:00Z
S00729	W0010520	1603	2025-02-16T08:58:00Z
S00729	W0010521	1180	2025-02-21T12:17:00Z
S00729	W0010522	1386	2025-02-03T12:47:00Z
S00729	W0010523	822	2025-02-04T23:54:00Z
S00729	W0010524	243	2025-02-25T10:28:00Z
S00729	W0010525	1383	2025-02-07T19:55:00Z
S00729	W0010526	513	2025-02-21T02:45:00Z
S00729	W0010527	1711	2025-02-28T02:43:00Z
S00729	W0010528	1543	2025-02-11T20:24:00Z
S00729	W0010529	148	2025-02-02T08:35:00Z
S00729	W0010530	1647	2025-02-14T18:22:00Z
S00729	W0010531	643	2025-02-23T22:19:00Z
S00729	W0010532	598	2025-02-25T14:22:00Z
S00729	W0010533	675	2025-02-18T01:03:00Z
S00729	W0010534	1625	2025-02-19T22:11:00Z
S00729	W0010535	831	2025-02-06T04:46:00Z
S00729	W0010536	624	2025-02-27T13:45:00Z
S00729	W0010537	734	2025-02-19T23:02:00Z
S00729	W0010538	533	2025-02-06T11:05:00Z
S00729	W0010539	780	2025-02-28T18:20:00Z
S00192	W0010540	1623	2025-02-23T10:02:00Z
S00192	W0010541	522	2025-02-21T17:54:00Z
S00192	W0010542	546	2025-02-25T19:20:00Z
S00192	W0010543	897	2025-02-15T21:16:00Z
S00192	W0010544	952	2025-02-19T05:45:00Z
S00192	W0010545	387	2025-02-17T19:59:00Z
S00192	W0010546	183	2025-02-24T07:07:00Z
S01458	W0010547	532	2025-02-27T22:36:00Z
S01458	W0010548	1120	2025-02-13T01:30:00Z
S01458	W0010549	320	2025-02-25T01:16:00Z
S01458	W0010550	607	2025-02-27T06:00:00Z
S01458	W0010551	1405	2025-02-22T23:55:00Z
S01458	W0010552	1471	2025-02-23T14:36:00Z
S01458	W0010553	1243	2025-02-10T15:26:00Z
S01458	W0010554	308	2025-02-19T23:02:00Z
S01458	W0010555	432	2025-02-19T22:03:00Z
S01458	W0010556	342	2025-02-14T10:35:00Z
S01031	W0010557	1099	2025-02-26T18:50:00Z
S01031	W0010558	1037	2025-02-21T13:05:00Z
S01031	W0010559	272	2025-02-03T05:59:00Z
S01031	W0010560	1359	2025-02-21T20:31:00Z
S01031	W0010561	1754	2025-02-12T01:25:00Z
S00846	W0010562	419	2025-02-08T13:35:00Z
S00846	W0010563	1268	2025-02-23T15:24:00Z
S00846	W0010564	1026	2025-02-15T04:03:00Z
S00846	W0010565	1644	2025-02-05T06:07:00Z
S00846	W0010566	56	2025-02-25T05:07:00Z
S00846	W0010567	478	2025-02-26T00:24:00Z
S00846	W0010568	1319	2025-02-03T14:06:00Z
S00846	W0010569	394	2025-02-11T03:25:00Z
S00846	W0010570	1577	2025-02-28T06:16:00Z
S00846	W0010571	1075	2025-02-04T13:05:00Z
S00846	W0010572	1153	2025-02-05T22:39:00Z
S00846	W0010573	1185	2025-02-28T04:28:00Z
S00846	W0010574	158	2025-02-08T01:09:00Z
S00846	W0010575	1303	2025-02-17T03:37:00Z
S00846	W0010576	534	2025-02-16T11:27:00Z
S00846	W0010577	39	2025-02-24T18:38:00Z
S00783	W0010578	288	2025-02-06T06:53:00Z
S00783	W0010579	997	2025-02-04T07:25:00Z
S00783	W0010580	1779	2025-02-19T22:16:00Z
S00783	W0010581	865	2025-02-18T23:31:00Z
S00403	W0010582	1150	2025-02-04T20:32:00Z
S00403	W0010583	1257	2025-02-19T17:57:00Z
S00403	W0010584	1316	2025-02-18T22:23:00Z
S00403	W0010585	336	2025-02-17T11:12:00Z
S00403	W0010586	1230	2025-02-16T22:19:00Z
S00403	W0010587	1122	2025-02-27T03:43:00Z
S00403	W0010588	774	2025-02-08T13:10:00Z
S00403	W0010589	1663	2025-02-26T22:05:00Z
S00403	W0010590	60	2025-02-22T22:07:00Z
S00713	W0010591	1290	2025-02-16T12:51:00Z
S00713	W0010592	1772	2025-02-03T07:26:00Z
S00713	W0010593	174	2025-02-10T22:47:00Z
S00713	W0010594	793	2025-02-19T08:45:00Z
S01878	W0010595	965	2025-02-20T02:16:00Z
S01878	W0010596	1676	2025-02-25T01:09:00Z
S01878	W0010597	1276	2025-02-06T21:56:00Z
S01878	W0010598	999	2025-02-19T02:23:00Z
S01878	W0010599	1070	2025-02-02T07:24:00Z
S01878	W0010600	1532	2025-02-21T04:19:00Z
S01878	W0010601	364	2025-02-21T00:28:00Z
S01878	W0010602	1223	2025-02-01T12:37:00Z
S01878	W0010603	1268	2025-02-23T21:14:00Z
S01878	W0010604	1711	2025-02-05T18:26:00Z
S01878	W0010605	504	2025-02-04T18:36:00Z
S01878	W0010606	181	2025-02-01T11:50:00Z
S00304	W0010607	1614	2025-02-14T18:50:00Z
S00304	W0010608	329	2025-02-21T06:00:00Z
S00304	W0010609	545	2025-02-16T07:33:00Z
S00304	W0010610	1748	2025-02-25T16:09:00Z
S00304	W0010611	32	2025-02-27T04:39:00Z
S00304	W0010612	1665	2025-02-04T15:15:00Z
S00304	W0010613	362	2025-02-12T02:19:00Z
S00304	W0010614	1176	2025-02-24T17:02:00Z
S00304	W0010615	1079	2025-02-07T14:26:00Z
S00304	W0010616	447	2025-02-06T15:45:00Z
S00304	W0010617	86	2025-02-27T23:25:00Z
S00304	W0010618	1318	2025-02-18T10:50:00Z
S00304	W0010619	843	2025-02-03T09:36:00Z
S00304	W0010620	495	2025-02-21T20:16:00Z
S00304	W0010621	44	2025-02-11T05:22:00Z
S00304	W0010622	1621	2025-02-09T11:27:00Z
S00304	W0010623	1221	2025-02-04T22:44:00Z
S00304	W0010624	1286	2025-02-22T23:53:00Z
S00304	W0010625	1702	2025-02-10T11:08:00Z
S00304	W0010626	563	2025-02-15T21:22:00Z
S00304	W0010627	240	2025-02-17T06:14:00Z
S00304	W0010628	456	2025-02-19T13:02:00Z
S00304	W0010629	156	2025-02-05T14:22:00Z
S00304	W0010630	694	2025-02-20T12:21:00Z
S00304	W0010631	592	2025-02-24T20:11:00Z
S00304	W0010632	944	2025-02-28T15:07:00Z
S00304	W0010633	1554	2025-02-21T19:30:00Z
S00304	W0010634	195	2025-02-04T05:47:00Z
S00304	W0010635	879	2025-02-28T03:51:00Z
S00304	W0010636	32	2025-02-21T04:18:00Z
S01166	W0010637	1055	2025-02-12T22:50:00Z
S01166	W0010638	1696	2025-02-11T13:48:00Z
S01166	W0010639	584	2025-02-13T23:31:00Z
S01166	W0010640	531	2025-02-12T21:14:00Z
S01166	W0010641	1583	2025-02-14T17:25:00Z
S01712	W0010642	976	2025-02-16T16:41:00Z
S01712	W0010643	768	2025-02-02T04:36:00Z
S01712	W0010644	882	2025-02-20T21:20:00Z
S01712	W0010645	45	2025-02-15T00:57:00Z
S01712	W0010646	371	2025-02-04T16:34:00Z
S01712	W0010647	1438	2025-02-12T06:38:00Z
S01712	W0010648	1229	2025-02-19T05:43:00Z
S01712	W0010649	1364	2025-02-25T17:03:00Z
S01712	W0010650	1522	2025-02-12T23:49:00Z
S01712	W0010651	1464	2025-02-10T21:42:00Z
S01712	W0010652	1393	2025-02-04T01:44:00Z
S01712	W0010653	888	2025-02-13T05:12:00Z
S01712	W0010654	197	2025-02-04T10:35:00Z
S01712	W0010655	513	2025-02-01T09:12:00Z
S01712	W0010656	1561	2025-02-06T22:07:00Z
S01712	W0010657	1771	2025-02-19T05:14:00Z
S01712	W0010658	1413	2025-02-16T08:41:00Z
S01712	W0010659	1464	2025-02-20T03:42:00Z
S01712	W0010660	213	2025-02-27T21:04:00Z
S01712	W0010661	287	2025-02-01T04:14:00Z
S01712	W0010662	1751	2025-02-10T12:46:00Z
S01712	W0010663	847	2025-02-12T22:40:00Z
S01712	W0010664	1494	2025-02-10T15:04:00Z
S01712	W0010665	566	2025-02-02T14:47:00Z
S01712	W0010666	1436	2025-02-03T06:05:00Z
S01712	W0010667	639	2025-02-22T12:37:00Z
S01712	W0010668	1301	2025-02-05T09:51:00Z
S01712	W0010669	1723	2025-02-17T00:11:00Z
S01712	W0010670	62	2025-02-26T01:09:00Z
S00493	W0010671	406	2025-02-28T20:55:00Z
S00493	W0010672	400	2025-02-26T16:48:00Z
S00493	W0010673	890	2025-02-20T05:36:00Z
S00493	W0010674	1305	2025-02-21T13:01:00Z
S00493	W0010675	471	2025-02-20T14:13:00Z
S00493	W0010676	1730	2025-02-23T16:23:00Z
S00493	W0010677	795	2025-02-01T12:08:00Z
S00493	W0010678	1345	2025-02-17T05:55:00Z
S00493	W0010679	298	2025-02-18T16:42:00Z
S00493	W0010680	1194	2025-02-11T10:49:00Z
S00493	W0010681	663	2025-02-02T22:55:00Z
S00493	W0010682	637	2025-02-10T11:54:00Z
S01204	W0010683	1735	2025-02-23T07:53:00Z
S01204	W0010684	733	2025-02-14T03:06:00Z
S01204	W0010685	1171	2025-02-19T14:14:00Z
S01204	W0010686	243	2025-02-18T02:54:00Z
S01204	W0010687	761	2025-02-25T23:01:00Z
S01204	W0010688	1646	2025-02-26T11:58:00Z
S00570	W0010689	204	2025-02-27T16:50:00Z
S00570	W0010690	258	2025-02-26T04:43:00Z
S00570	W0010691	155	2025-02-01T22:52:00Z
S00570	W0010692	133	2025-02-22T22:08:00Z
S00570	W0010693	603	2025-02-12T14:23:00Z
S00570	W0010694	1157	2025-02-21T13:42:00Z
S00570	W0010695	1527	2025-02-04T15:12:00Z
S00570	W0010696	1115	2025-02-14T12:30:00Z
S00570	W0010697	299	2025-02-07T22:36:00Z
S00570	W0010698	967	2025-02-23T06:55:00Z
S00570	W0010699	529	2025-02-05T18:59:00Z
S00570	W0010700	823	2025-02-21T01:20:00Z
S00570	W0010701	784	2025-02-15T15:39:00Z
S00570	W0010702	1533	2025-02-19T01:15:00Z
S00570	W0010703	613	2025-02-10T15:22:00Z
S00570	W0010704	685	2025-02-23T04:12:00Z
S00570	W0010705	904	2025-02-10T06:43:00Z
S01370	W0010706	1572	2025-02-11T00:24:00Z
S01370	W0010707	1006	2025-02-27T13:59:00Z
S01370	W0010708	601	2025-02-13T08:14:00Z
S01370	W0010709	1626	2025-02-01T11:09:00Z
S01370	W0010710	453	2025-02-20T10:24:00Z
S01370	W0010711	1574	2025-02-13T03:04:00Z
S01370	W0010712	967	2025-02-05T17:57:00Z
S01370	W0010713	559	2025-02-27T19:39:00Z
S01370	W0010714	923	2025-02-01T21:22:00Z
S01370	W0010715	973	2025-02-23T07:18:00Z
S01370	W0010716	1257	2025-02-05T07:19:00Z
S01370	W0010717	561	2025-02-16T20:30:00Z
S01106	W0010718	1224	2025-02-24T20:55:00Z
S01106	W0010719	1473	2025-02-01T05:36:00Z
S01106	W0010720	501	2025-02-06T05:34:00Z
S01106	W0010721	937	2025-02-01T20:19:00Z
S01106	W0010722	764	2025-02-09T02:20:00Z
S01106	W0010723	1363	2025-02-15T12:39:00Z
S01106	W0010724	406	2025-02-21T07:17:00Z
S01106	W0010725	167	2025-02-03T22:13:00Z
S01106	W0010726	1432	2025-02-11T01:52:00Z
S01106	W0010727	633	2025-02-07T02:50:00Z
S01106	W0010728	409	2025-02-08T18:00:00Z
S01106	W0010729	1457	2025-02-23T01:10:00Z
S01106	W0010730	1690	2025-02-20T20:44:00Z
S01856	W0010731	1552	2025-02-15T09:18:00Z
S01856	W0010732	777	2025-02-28T09:44:00Z
S01856	W0010733	1490	2025-02-11T20:03:00Z
S01856	W0010734	208	2025-02-23T18:26:00Z
S01856	W0010735	1189	2025-02-16T04:09:00Z
S01856	W0010736	1167	2025-02-13T18:56:00Z
S01856	W0010737	1696	2025-02-04T21:30:00Z
S01856	W0010738	101	2025-02-07T21:26:00Z
S01856	W0010739	855	2025-02-28T12:35:00Z
S01856	W0010740	395	2025-02-09T07:58:00Z
S01856	W0010741	198	2025-02-19T06:37:00Z
S01856	W0010742	989	2025-02-10T12:48:00Z
S01856	W0010743	1370	2025-02-20T22:26:00Z
S01856	W0010744	686	2025-02-08T20:48:00Z
S01856	W0010745	936	2025-02-27T21:59:00Z
S01856	W0010746	160	2025-02-27T19:11:00Z
S01856	W0010747	76	2025-02-10T15:32:00Z
S01856	W0010748	539	2025-02-12T18:27:00Z
S01856	W0010749	1367	2025-02-27T08:38:00Z
S01856	W0010750	1555	2025-02-16T11:31:00Z
S01856	W0010751	1005	2025-02-03T05:53:00Z
S01856	W0010752	1060	2025-02-26T20:24:00Z
S01856	W0010753	340	2025-02-04T01:21:00Z
S01856	W0010754	879	2025-02-15T16:10:00Z
S01856	W0010755	1100	2025-02-13T02:52:00Z
S01856	W0010756	475	2025-02-09T17:53:00Z
S01856	W0010757	1219	2025-02-20T02:41:00Z
S01856	W0010758	1650	2025-02-22T17:57:00Z
S01856	W0010759	1513	2025-02-28T00:16:00Z
S01320	W0010760	1400	2025-02-16T02:58:00Z
S01320	W0010761	184	2025-02-23T01:05:00Z
S01320	W0010762	994	2025-02-23T10:16:00Z
S01320	W0010763	830	2025-02-28T13:45:00Z
S01320	W0010764	142	2025-02-14T03:25:00Z
S01320	W0010765	194	2025-02-10T03:34:00Z
S01320	W0010766	832	2025-02-27T13:14:00Z
S01320	W0010767	788	2025-02-24T03:10:00Z
S01320	W0010768	1170	2025-02-19T12:45:00Z
S01952	W0010769	855	2025-02-17T00:54:00Z
S01952	W0010770	351	2025-02-10T12:37:00Z
S01952	W0010771	551	2025-02-04T07:16:00Z
S01952	W0010772	1376	2025-02-10T05:51:00Z
S01952	W0010773	1451	2025-02-13T14:58:00Z
S01952	W0010774	1484	2025-02-03T02:12:00Z
S01952	W0010775	586	2025-02-19T17:40:00Z
S01952	W0010776	509	2025-02-13T14:17:00Z
S01952	W0010777	1171	2025-02-22T17:26:00Z
S01952	W0010778	1295	2025-02-15T19:13:00Z
S01952	W0010779	989	2025-02-16T00:13:00Z
S01952	W0010780	601	2025-02-18T15:19:00Z
S01952	W0010781	829	2025-02-24T12:59:00Z
S01952	W0010782	1625	2025-02-16T22:58:00Z
S01952	W0010783	892	2025-02-26T04:58:00Z
S01952	W0010784	990	2025-02-24T03:10:00Z
S01952	W0010785	1346	2025-02-26T17:43:00Z
S01952	W0010786	132	2025-02-13T15:45:00Z
S01952	W0010787	1192	2025-02-06T06:59:00Z
S01952	W0010788	467	2025-02-13T08:19:00Z
S01952	W0010789	139	2025-02-20T01:09:00Z
S01952	W0010790	509	2025-02-11T16:07:00Z
S01952	W0010791	147	2025-02-17T06:09:00Z
S01952	W0010792	169	2025-02-26T01:12:00Z
S01952	W0010793	193	2025-02-11T13:28:00Z
S01952	W0010794	412	2025-02-28T14:05:00Z
S01952	W0010795	213	2025-02-26T18:35:00Z
S01952	W0010796	1068	2025-02-06T06:45:00Z
S01952	W0010797	547	2025-02-22T01:45:00Z
S01666	W0010798	1524	2025-02-22T21:15:00Z
S01666	W0010799	1711	2025-02-17T04:08:00Z
S01666	W0010800	1079	2025-02-02T23:30:00Z
S01666	W0010801	781	2025-02-10T05:21:00Z
S01666	W0010802	1256	2025-02-24T10:51:00Z
S01666	W0010803	20	2025-02-06T16:39:00Z
S01666	W0010804	1247	2025-02-25T14:11:00Z
S01666	W0010805	1057	2025-02-02T06:42:00Z
S01666	W0010806	886	2025-02-05T10:56:00Z
S01448	W0010807	868	2025-02-27T14:08:00Z
S01448	W0010808	713	2025-02-06T03:29:00Z
S01448	W0010809	872	2025-02-15T03:27:00Z
S01448	W0010810	869	2025-02-09T04:23:00Z
S01448	W0010811	929	2025-02-09T23:44:00Z
S01448	W0010812	353	2025-02-25T11:15:00Z
S01448	W0010813	230	2025-02-06T10:49:00Z
S01448	W0010814	239	2025-02-27T17:33:00Z
S01448	W0010815	843	2025-02-11T23:56:00Z
S01448	W0010816	1514	2025-02-10T21:41:00Z
S00550	W0010817	172	2025-02-17T02:10:00Z
S00550	W0010818	579	2025-02-28T22:03:00Z
S00550	W0010819	715	2025-02-11T19:04:00Z
S00550	W0010820	1205	2025-02-20T09:56:00Z
S00263	W0010821	964	2025-02-11T02:15:00Z
S00263	W0010822	80	2025-02-25T20:39:00Z
S00263	W0010823	1233	2025-02-11T03:26:00Z
S00263	W0010824	549	2025-02-15T04:41:00Z
S00263	W0010825	1467	2025-02-01T21:09:00Z
S00263	W0010826	936	2025-02-04T18:51:00Z
S00263	W0010827	1787	2025-02-17T09:15:00Z
S00263	W0010828	1025	2025-02-23T09:25:00Z
S00263	W0010829	188	2025-02-07T05:23:00Z
S00263	W0010830	1470	2025-02-05T20:58:00Z
S00263	W0010831	1626	2025-02-22T08:47:00Z
S00263	W0010832	660	2025-02-27T14:49:00Z
S00263	W0010833	1456	2025-02-21T12:31:00Z
S00263	W0010834	1281	2025-02-25T02:47:00Z
S00263	W0010835	242	2025-02-08T06:09:00Z
S00263	W0010836	1475	2025-02-17T22:09:00Z
S00263	W0010837	1014	2025-02-28T16:49:00Z
S00263	W0010838	675	2025-02-04T16:24:00Z
S00263	W0010839	1097	2025-02-23T02:32:00Z
S00263	W0010840	1035	2025-02-05T08:17:00Z
S00263	W0010841	118	2025-02-07T07:07:00Z
S00263	W0010842	212	2025-02-07T21:45:00Z
S00263	W0010843	1291	2025-02-21T15:27:00Z
S00263	W0010844	1732	2025-02-27T16:58:00Z
S00263	W0010845	600	2025-02-22T09:14:00Z
S00263	W0010846	1351	2025-02-07T10:01:00Z
S00263	W0010847	1147	2025-02-21T15:49:00Z
S00263	W0010848	1029	2025-02-20T10:52:00Z
S00978	W0010849	913	2025-02-11T06:28:00Z
S00978	W0010850	538	2025-02-18T09:01:00Z
S00978	W0010851	637	2025-02-18T14:13:00Z
S00978	W0010852	1560	2025-02-26T13:43:00Z
S00978	W0010853	672	2025-02-14T08:03:00Z
S00978	W0010854	465	2025-02-19T02:03:00Z
S00978	W0010855	145	2025-02-02T21:07:00Z
S00978	W0010856	1066	2025-02-20T09:58:00Z
S00978	W0010857	1494	2025-02-09T02:53:00Z
S00978	W0010858	35	2025-02-04T07:13:00Z
S00978	W0010859	123	2025-02-12T07:03:00Z
S00978	W0010860	1636	2025-02-13T13:53:00Z
S00978	W0010861	866	2025-02-13T15:46:00Z
S00978	W0010862	550	2025-02-25T08:57:00Z
S00978	W0010863	1558	2025-02-04T02:42:00Z
S00978	W0010864	1689	2025-02-18T11:10:00Z
S00978	W0010865	1291	2025-02-08T02:34:00Z
S00978	W0010866	188	2025-02-13T16:48:00Z
S00978	W0010867	623	2025-02-28T20:03:00Z
S00978	W0010868	948	2025-02-11T19:53:00Z
S00978	W0010869	1738	2025-02-27T21:19:00Z
S00978	W0010870	337	2025-02-21T21:09:00Z
S00978	W0010871	1359	2025-02-03T03:13:00Z
S00978	W0010872	1102	2025-02-11T11:59:00Z
S00978	W0010873	894	2025-02-01T10:15:00Z
S00025	W0010874	304	2025-02-23T06:39:00Z
S00025	W0010875	836	2025-02-03T03:09:00Z
S00025	W0010876	445	2025-02-26T06:22:00Z
S00025	W0010877	323	2025-02-08T03:21:00Z
S00025	W0010878	1443	2025-02-22T08:53:00Z
S00025	W0010879	632	2025-02-07T15:08:00Z
S00025	W0010880	1612	2025-02-16T04:44:00Z
S00025	W0010881	1567	2025-02-18T05:39:00Z
S00025	W0010882	798	2025-02-25T01:39:00Z
S00025	W0010883	1760	2025-02-02T16:53:00Z
S00025	W0010884	113	2025-02-27T16:40:00Z
S00025	W0010885	1085	2025-02-09T05:45:00Z
S00025	W0010886	1108	2025-02-03T02:03:00Z
S00025	W0010887	124	2025-02-01T18:55:00Z
S00025	W0010888	897	2025-02-14T11:03:00Z
S00025	W0010889	421	2025-02-25T21:02:00Z
S00025	W0010890	984	2025-02-24T20:40:00Z
S00025	W0010891	900	2025-02-09T00:53:00Z
S00025	W0010892	1678	2025-02-17T10:16:00Z
S00025	W0010893	582	2025-02-20T17:46:00Z
S00025	W0010894	624	2025-02-01T19:07:00Z
S00025	W0010895	655	2025-02-22T19:07:00Z
S00025	W0010896	706	2025-02-14T11:56:00Z
S00025	W0010897	1776	2025-02-08T14:50:00Z
S00025	W0010898	1671	2025-02-07T00:04:00Z
S00025	W0010899	991	2025-02-26T07:16:00Z
S00025	W0010900	1581	2025-02-12T07:24:00Z
S00025	W0010901	1358	2025-02-07T20:49:00Z
S00025	W0010902	643	2025-02-03T15:26:00Z
S00389	W0010903	685	2025-02-15T18:24:00Z
S00389	W0010904	205	2025-02-13T21:48:00Z
S00389	W0010905	229	2025-02-28T12:19:00Z
S00389	W0010906	120	2025-02-24T18:43:00Z
S00389	W0010907	944	2025-02-28T00:11:00Z
S00389	W0010908	233	2025-02-01T02:45:00Z
S00389	W0010909	1293	2025-02-01T03:55:00Z
S00389	W0010910	353	2025-02-21T23:25:00Z
S00389	W0010911	424	2025-02-18T20:20:00Z
S00389	W0010912	510	2025-02-02T22:11:00Z
S00389	W0010913	442	2025-02-18T08:30:00Z
S00389	W0010914	349	2025-02-22T06:33:00Z
S00389	W0010915	159	2025-02-10T14:41:00Z
S00389	W0010916	1703	2025-02-16T11:11:00Z
S00389	W0010917	672	2025-02-04T18:31:00Z
S00389	W0010918	617	2025-02-13T01:06:00Z
S00389	W0010919	1716	2025-02-05T12:25:00Z
S00389	W0010920	284	2025-02-12T16:38:00Z
S00389	W0010921	26	2025-02-12T17:40:00Z
S01104	W0010922	308	2025-02-12T11:08:00Z
S01104	W0010923	550	2025-02-05T05:46:00Z
S01104	W0010924	403	2025-02-16T18:45:00Z
S01104	W0010925	652	2025-02-22T10:02:00Z
S01104	W0010926	185	2025-02-19T20:08:00Z
S01104	W0010927	903	2025-02-23T13:15:00Z
S01104	W0010928	1349	2025-02-01T15:25:00Z
S01104	W0010929	952	2025-02-27T16:10:00Z
S01104	W0010930	1760	2025-02-23T09:55:00Z
S01104	W0010931	688	2025-02-09T09:29:00Z
S01104	W0010932	1137	2025-02-21T00:48:00Z
S01104	W0010933	554	2025-02-12T17:53:00Z
S01104	W0010934	708	2025-02-07T04:45:00Z
S01104	W0010935	1206	2025-02-16T17:53:00Z
S01104	W0010936	1558	2025-02-04T15:09:00Z
S01104	W0010937	155	2025-02-18T05:12:00Z
S00298	W0010938	1681	2025-02-19T06:54:00Z
S00298	W0010939	1360	2025-02-24T08:33:00Z
S00298	W0010940	244	2025-02-25T09:43:00Z
S00298	W0010941	614	2025-02-23T04:56:00Z
S00298	W0010942	772	2025-02-21T13:48:00Z
S00298	W0010943	1713	2025-02-08T01:44:00Z
S00298	W0010944	163	2025-02-25T23:08:00Z
S00298	W0010945	1634	2025-02-02T17:32:00Z
S00298	W0010946	487	2025-02-12T00:12:00Z
S00298	W0010947	298	2025-02-16T19:08:00Z
S00298	W0010948	1287	2025-02-24T10:46:00Z
S00298	W0010949	1287	2025-02-27T20:11:00Z
S00298	W0010950	1793	2025-02-14T02:14:00Z
S00298	W0010951	1505	2025-02-22T04:52:00Z
S00298	W0010952	731	2025-02-19T15:25:00Z
S00298	W0010953	454	2025-02-16T09:44:00Z
S00298	W0010954	729	2025-02-07T20:55:00Z
S00298	W0010955	1317	2025-02-25T09:28:00Z
S00298	W0010956	724	2025-02-01T13:53:00Z
S00298	W0010957	409	2025-02-19T10:32:00Z
S00298	W0010958	1289	2025-02-10T06:23:00Z
S00298	W0010959	716	2025-02-21T06:08:00Z
S00298	W0010960	754	2025-02-21T22:40:00Z
S00298	W0010961	406	2025-02-14T09:56:00Z
S00123	W0010962	1695	2025-02-15T08:09:00Z
S00123	W0010963	1163	2025-02-24T01:25:00Z
S00123	W0010964	1791	2025-02-13T19:32:00Z
S00123	W0010965	1157	2025-02-26T09:36:00Z
S00123	W0010966	310	2025-02-08T01:24:00Z
S00123	W0010967	680	2025-02-10T10:56:00Z
S00123	W0010968	160	2025-02-17T02:07:00Z
S00123	W0010969	753	2025-02-15T02:37:00Z
S00123	W0010970	814	2025-02-08T09:33:00Z
S00123	W0010971	923	2025-02-25T19:05:00Z
S00123	W0010972	468	2025-02-23T05:33:00Z
S00123	W0010973	1076	2025-02-26T02:51:00Z
S00123	W0010974	155	2025-02-20T17:05:00Z
S00123	W0010975	1400	2025-02-25T01:53:00Z
S00123	W0010976	1146	2025-02-11T23:52:00Z
S00123	W0010977	33	2025-02-24T22:29:00Z
S00123	W0010978	816	2025-02-18T01:19:00Z
S00123	W0010979	799	2025-02-13T02:24:00Z
S00123	W0010980	1732	2025-02-16T22:07:00Z
S00123	W0010981	1094	2025-02-03T04:02:00Z
S00123	W0010982	1438	2025-02-05T21:37:00Z
S00123	W0010983	1323	2025-02-03T19:14:00Z
S00123	W0010984	60	2025-02-08T19:57:00Z
S00123	W0010985	1061	2025-02-04T18:01:00Z
S00123	W0010986	1698	2025-02-08T04:53:00Z
S00123	W0010987	760	2025-02-24T18:02:00Z
S00123	W0010988	782	2025-02-25T21:39:00Z
S00123	W0010989	409	2025-02-08T03:19:00Z
S00017	W0010990	1097	2025-02-12T20:41:00Z
S00017	W0010991	131	2025-02-16T13:19:00Z
S00017	W0010992	1182	2025-02-21T20:01:00Z
S00017	W0010993	927	2025-02-09T15:56:00Z
S00017	W0010994	1238	2025-02-17T19:09:00Z
S00017	W0010995	401	2025-02-12T10:30:00Z
S00017	W0010996	515	2025-02-17T05:23:00Z
S00017	W0010997	803	2025-02-08T22:22:00Z
S00017	W0010998	824	2025-02-27T13:33:00Z
S00017	W0010999	248	2025-02-18T15:17:00Z
S00017	W0011000	75	2025-02-10T17:51:00Z
S00017	W0011001	1226	2025-02-09T21:00:00Z
S00017	W0011002	582	2025-02-25T00:08:00Z
S00017	W0011003	273	2025-02-18T06:40:00Z
S00017	W0011004	752	2025-02-21T09:31:00Z
S00017	W0011005	825	2025-02-01T06:13:00Z
S00017	W0011006	1573	2025-02-21T13:40:00Z
S00017	W0011007	1269	2025-02-07T19:28:00Z
S00017	W0011008	1261	2025-02-15T22:34:00Z
S00017	W0011009	436	2025-02-03T02:43:00Z
S00017	W0011010	280	2025-02-13T23:06:00Z
S00017	W0011011	915	2025-02-17T23:47:00Z
S00017	W0011012	951	2025-02-23T08:08:00Z
S00017	W0011013	1085	2025-02-25T23:10:00Z
S00017	W0011014	552	2025-02-22T23:33:00Z
S00017	W0011015	763	2025-02-01T11:56:00Z
S00017	W0011016	939	2025-02-28T19:54:00Z
S00851	W0011017	730	2025-02-28T11:22:00Z
S00851	W0011018	1438	2025-02-05T06:33:00Z
S00851	W0011019	395	2025-02-20T17:36:00Z
S00851	W0011020	143	2025-02-22T22:46:00Z
S00851	W0011021	1533	2025-02-07T21:27:00Z
S00851	W0011022	1650	2025-02-10T03:28:00Z
S00851	W0011023	752	2025-02-25T20:21:00Z
S00851	W0011024	85	2025-02-18T12:00:00Z
S00851	W0011025	1133	2025-02-28T21:56:00Z
S00851	W0011026	1637	2025-02-01T16:55:00Z
S00851	W0011027	723	2025-02-11T11:17:00Z
S00851	W0011028	939	2025-02-06T18:19:00Z
S00851	W0011029	986	2025-02-18T17:45:00Z
S00851	W0011030	36	2025-02-25T00:50:00Z
S00008	W0011031	1308	2025-02-02T20:13:00Z
S00008	W0011032	410	2025-02-06T22:39:00Z
S00008	W0011033	1784	2025-02-14T14:48:00Z
S00008	W0011034	1345	2025-02-22T05:40:00Z
S00008	W0011035	1547	2025-02-06T15:35:00Z
S00008	W0011036	270	2025-02-01T07:16:00Z
S00008	W0011037	327	2025-02-17T22:18:00Z
S00008	W0011038	141	2025-02-23T18:21:00Z
S00008	W0011039	633	2025-02-10T06:33:00Z
S00008	W0011040	178	2025-02-11T06:20:00Z
S00008	W0011041	366	2025-02-22T00:06:00Z
S00008	W0011042	677	2025-02-24T08:28:00Z
S00008	W0011043	315	2025-02-24T04:04:00Z
S00008	W0011044	1605	2025-02-28T03:17:00Z
S00008	W0011045	996	2025-02-03T11:38:00Z
S00008	W0011046	282	2025-02-08T07:58:00Z
S00008	W0011047	200	2025-02-13T05:12:00Z
S00008	W0011048	75	2025-02-24T19:51:00Z
S00979	W0011049	594	2025-02-16T12:52:00Z
S00979	W0011050	1178	2025-02-02T09:02:00Z
S00979	W0011051	474	2025-02-15T06:56:00Z
S00979	W0011052	564	2025-02-11T15:58:00Z
S00979	W0011053	1021	2025-02-04T02:33:00Z
S00979	W0011054	245	2025-02-26T12:59:00Z
S00979	W0011055	729	2025-02-25T11:52:00Z
S00979	W0011056	1509	2025-02-05T09:56:00Z
S00510	W0011057	1786	2025-02-22T12:34:00Z
S00510	W0011058	1528	2025-02-25T03:46:00Z
S00510	W0011059	162	2025-02-10T17:17:00Z
S00510	W0011060	612	2025-02-08T08:49:00Z
S00510	W0011061	704	2025-02-28T22:28:00Z
S00510	W0011062	230	2025-02-06T12:50:00Z
S00510	W0011063	103	2025-02-17T19:51:00Z
S00510	W0011064	1524	2025-02-06T02:50:00Z
S00510	W0011065	264	2025-02-19T01:03:00Z
S00510	W0011066	336	2025-02-20T05:12:00Z
S00510	W0011067	851	2025-02-01T19:05:00Z
S00056	W0011068	413	2025-02-05T14:01:00Z
S00056	W0011069	405	2025-02-03T01:00:00Z
S00056	W0011070	247	2025-02-22T08:47:00Z
S00056	W0011071	972	2025-02-27T17:21:00Z
S00056	W0011072	1210	2025-02-01T03:28:00Z
S00056	W0011073	1453	2025-02-28T15:07:00Z
S00056	W0011074	646	2025-02-20T15:52:00Z
S00056	W0011075	1059	2025-02-05T18:09:00Z
S00721	W0011076	1107	2025-02-28T09:56:00Z
S00721	W0011077	799	2025-02-01T01:50:00Z
S00721	W0011078	1200	2025-02-02T06:20:00Z
S00721	W0011079	570	2025-02-23T02:56:00Z
S00721	W0011080	1329	2025-02-23T02:41:00Z
S00721	W0011081	656	2025-02-14T21:33:00Z
S00721	W0011082	1453	2025-02-25T15:50:00Z
S00721	W0011083	1572	2025-02-08T20:03:00Z
S00721	W0011084	391	2025-02-24T09:10:00Z
S00721	W0011085	1189	2025-02-08T17:52:00Z
S00721	W0011086	1438	2025-02-22T19:17:00Z
S00721	W0011087	1469	2025-02-12T10:29:00Z
S00721	W0011088	1721	2025-02-21T22:27:00Z
S00721	W0011089	240	2025-02-24T17:29:00Z
S00721	W0011090	33	2025-02-26T08:15:00Z
S00721	W0011091	1706	2025-02-13T21:58:00Z
S00721	W0011092	1667	2025-02-04T13:51:00Z
S00721	W0011093	1317	2025-02-04T19:03:00Z
S00721	W0011094	735	2025-02-11T02:56:00Z
S00721	W0011095	820	2025-02-20T10:09:00Z
S00721	W0011096	155	2025-02-10T21:41:00Z
S00721	W0011097	1299	2025-02-21T07:24:00Z
S00721	W0011098	949	2025-02-21T10:21:00Z
S00721	W0011099	542	2025-02-26T13:10:00Z
S00721	W0011100	1161	2025-02-16T01:59:00Z
S00721	W0011101	700	2025-02-22T11:43:00Z
S00721	W0011102	625	2025-02-14T00:31:00Z
S00721	W0011103	852	2025-02-26T20:27:00Z
S00185	W0011104	731	2025-02-02T13:45:00Z
S00185	W0011105	1081	2025-02-19T01:31:00Z
S00185	W0011106	492	2025-02-25T15:01:00Z
S00185	W0011107	224	2025-02-06T04:53:00Z
S00185	W0011108	1503	2025-02-14T00:14:00Z
S00185	W0011109	711	2025-02-18T02:54:00Z
S00185	W0011110	535	2025-02-11T04:41:00Z
S00185	W0011111	519	2025-02-11T04:10:00Z
S00185	W0011112	1008	2025-02-24T06:26:00Z
S00185	W0011113	584	2025-02-25T13:08:00Z
S00185	W0011114	481	2025-02-09T22:06:00Z
S00185	W0011115	1651	2025-02-14T00:06:00Z
S00185	W0011116	637	2025-02-01T20:19:00Z
S00185	W0011117	1707	2025-02-04T16:05:00Z
S00185	W0011118	1227	2025-02-18T19:35:00Z
S00185	W0011119	1664	2025-02-07T01:05:00Z
S00185	W0011120	325	2025-02-22T01:48:00Z
S00185	W0011121	1430	2025-02-16T04:24:00Z
S00185	W0011122	964	2025-02-07T09:25:00Z
S00185	W0011123	1116	2025-02-09T07:14:00Z
S00185	W0011124	1647	2025-02-08T18:48:00Z
S00185	W0011125	1382	2025-02-15T00:19:00Z
S00185	W0011126	871	2025-02-11T03:12:00Z
S00185	W0011127	416	2025-02-10T16:12:00Z
S00185	W0011128	1641	2025-02-21T18:46:00Z
S00185	W0011129	547	2025-02-22T11:24:00Z
S00185	W0011130	588	2025-02-26T11:22:00Z
S00185	W0011131	899	2025-02-19T12:03:00Z
S01518	W0011132	1192	2025-02-20T18:05:00Z
S01518	W0011133	469	2025-02-24T08:21:00Z
S01518	W0011134	1014	2025-02-18T22:28:00Z
S01518	W0011135	801	2025-02-09T08:36:00Z
S01518	W0011136	454	2025-02-04T05:17:00Z
S01518	W0011137	775	2025-02-12T02:38:00Z
S00524	W0011138	417	2025-02-19T05:12:00Z
S00524	W0011139	946	2025-02-03T08:16:00Z
S00524	W0011140	991	2025-02-10T15:42:00Z
S00524	W0011141	402	2025-02-24T13:52:00Z
S00524	W0011142	609	2025-02-28T18:15:00Z
S00524	W0011143	1061	2025-02-08T00:29:00Z
S00466	W0011144	1584	2025-02-04T06:10:00Z
S00466	W0011145	1721	2025-02-23T04:00:00Z
S00466	W0011146	617	2025-02-19T03:42:00Z
S00466	W0011147	893	2025-02-11T01:57:00Z
S00466	W0011148	1272	2025-02-21T08:41:00Z
S00466	W0011149	1584	2025-02-21T23:38:00Z
S00466	W0011150	681	2025-02-21T19:16:00Z
S00466	W0011151	1339	2025-02-23T09:06:00Z
S00466	W0011152	703	2025-02-12T21:35:00Z
S00466	W0011153	1292	2025-02-05T12:01:00Z
S00466	W0011154	501	2025-02-03T01:45:00Z
S00466	W0011155	185	2025-02-18T18:24:00Z
S00306	W0011156	392	2025-02-10T18:51:00Z
S00306	W0011157	1091	2025-02-07T05:05:00Z
S00306	W0011158	965	2025-02-07T11:17:00Z
S00306	W0011159	560	2025-02-12T12:52:00Z
S00306	W0011160	157	2025-02-10T09:05:00Z
S00306	W0011161	536	2025-02-12T21:17:00Z
S00306	W0011162	1645	2025-02-25T00:27:00Z
S00306	W0011163	1476	2025-02-17T21:03:00Z
S00306	W0011164	219	2025-02-19T23:37:00Z
S00306	W0011165	388	2025-02-17T04:54:00Z
S00306	W0011166	66	2025-02-27T10:01:00Z
S00306	W0011167	977	2025-02-25T21:54:00Z
S00306	W0011168	567	2025-02-27T14:44:00Z
S00306	W0011169	742	2025-02-15T16:43:00Z
S00306	W0011170	1039	2025-02-21T16:41:00Z
S00306	W0011171	351	2025-02-15T20:37:00Z
S00306	W0011172	29	2025-02-10T23:58:00Z
S00306	W0011173	468	2025-02-09T15:24:00Z
S00306	W0011174	542	2025-02-16T09:13:00Z
S00306	W0011175	1510	2025-02-15T19:01:00Z
S01781	W0011176	88	2025-02-20T07:48:00Z
S01781	W0011177	816	2025-02-22T05:03:00Z
S01781	W0011178	1491	2025-02-19T01:07:00Z
S01781	W0011179	1155	2025-02-08T18:49:00Z
S01870	W0011180	1229	2025-02-15T21:10:00Z
S01870	W0011181	448	2025-02-02T03:34:00Z
S01870	W0011182	1654	2025-02-13T20:52:00Z
S01870	W0011183	993	2025-02-04T00:55:00Z
S01870	W0011184	123	2025-02-02T22:09:00Z
S01870	W0011185	538	2025-02-18T06:06:00Z
S01870	W0011186	813	2025-02-26T12:03:00Z
S01870	W0011187	1162	2025-02-24T22:37:00Z
S01870	W0011188	602	2025-02-25T10:42:00Z
S01870	W0011189	553	2025-02-19T12:16:00Z
S01870	W0011190	1448	2025-02-28T01:14:00Z
S01870	W0011191	1041	2025-02-15T23:57:00Z
S01870	W0011192	508	2025-02-09T17:10:00Z
S01870	W0011193	1001	2025-02-02T03:10:00Z
S00135	W0011194	375	2025-02-21T01:51:00Z
S00135	W0011195	362	2025-02-02T18:00:00Z
S00135	W0011196	673	2025-02-04T13:31:00Z
S00135	W0011197	786	2025-02-26T22:19:00Z
S00135	W0011198	393	2025-02-09T13:43:00Z
S00135	W0011199	606	2025-02-14T08:15:00Z
S00135	W0011200	1762	2025-02-01T09:46:00Z
S00135	W0011201	1506	2025-02-08T08:59:00Z
S00135	W0011202	1334	2025-02-10T22:16:00Z
S00135	W0011203	1094	2025-02-08T17:05:00Z
S01793	W0011204	1294	2025-02-07T19:13:00Z
S01793	W0011205	1152	2025-02-21T22:48:00Z
S01793	W0011206	437	2025-02-17T01:10:00Z
S01793	W0011207	1771	2025-02-14T08:31:00Z
S01793	W0011208	1684	2025-02-25T17:28:00Z
S01793	W0011209	509	2025-02-14T10:19:00Z
S01793	W0011210	142	2025-02-15T15:54:00Z
S01793	W0011211	1709	2025-02-17T16:29:00Z
S01793	W0011212	649	2025-02-01T19:51:00Z
S01793	W0011213	1592	2025-02-12T03:51:00Z
S01793	W0011214	38	2025-02-10T15:21:00Z
S01793	W0011215	1069	2025-02-22T11:17:00Z
S01793	W0011216	977	2025-02-16T22:44:00Z
S01793	W0011217	1544	2025-02-14T08:16:00Z
S01793	W0011218	129	2025-02-25T07:34:00Z
S01793	W0011219	1702	2025-02-05T23:27:00Z
S01793	W0011220	418	2025-02-11T10:30:00Z
S01793	W0011221	429	2025-02-17T04:15:00Z
S01793	W0011222	729	2025-02-03T13:22:00Z
S01793	W0011223	1772	2025-02-17T20:06:00Z
S01793	W0011224	730	2025-02-06T16:06:00Z
S01793	W0011225	1327	2025-02-18T08:51:00Z
S01793	W0011226	256	2025-02-21T05:09:00Z
S01793	W0011227	208	2025-02-25T15:39:00Z
S01793	W0011228	1517	2025-02-10T12:21:00Z
S01156	W0011229	1444	2025-02-13T06:37:00Z
S01156	W0011230	595	2025-02-23T11:34:00Z
S01156	W0011231	1170	2025-02-24T08:44:00Z
S01156	W0011232	420	2025-02-04T23:07:00Z
S01156	W0011233	1070	2025-02-25T11:17:00Z
S01156	W0011234	613	2025-02-10T08:54:00Z
S01156	W0011235	825	2025-02-08T04:04:00Z
S01156	W0011236	571	2025-02-09T18:15:00Z
S01156	W0011237	1535	2025-02-26T11:48:00Z
S01156	W0011238	1704	2025-02-02T12:11:00Z
S01156	W0011239	221	2025-02-13T16:13:00Z
S01156	W0011240	916	2025-02-27T16:30:00Z
S01156	W0011241	295	2025-02-08T11:17:00Z
S01156	W0011242	633	2025-02-01T00:53:00Z
S01156	W0011243	742	2025-02-19T10:40:00Z
S01156	W0011244	934	2025-02-27T21:25:00Z
S01156	W0011245	443	2025-02-18T14:16:00Z
S01156	W0011246	1283	2025-02-18T02:39:00Z
S01156	W0011247	972	2025-02-28T21:41:00Z
S01156	W0011248	1607	2025-02-09T16:53:00Z
S01173	W0011249	1421	2025-02-04T22:17:00Z
S01173	W0011250	365	2025-02-06T23:59:00Z
S01173	W0011251	515	2025-02-13T02:00:00Z
S01173	W0011252	708	2025-02-03T20:31:00Z
S01173	W0011253	877	2025-02-21T13:04:00Z
S01173	W0011254	313	2025-02-03T18:38:00Z
S01173	W0011255	336	2025-02-09T12:29:00Z
S01173	W0011256	966	2025-02-28T11:40:00Z
S01173	W0011257	749	2025-02-15T06:29:00Z
S01173	W0011258	71	2025-02-14T08:36:00Z
S01173	W0011259	1652	2025-02-28T15:19:00Z
S01173	W0011260	721	2025-02-28T23:28:00Z
S01173	W0011261	1669	2025-02-23T19:14:00Z
S01173	W0011262	1527	2025-02-17T20:10:00Z
S01173	W0011263	960	2025-02-26T04:57:00Z
S01173	W0011264	80	2025-02-26T09:41:00Z
S01173	W0011265	560	2025-02-09T18:35:00Z
S01173	W0011266	1229	2025-02-28T07:06:00Z
S01173	W0011267	593	2025-02-08T16:24:00Z
S01173	W0011268	597	2025-02-26T15:14:00Z
S01173	W0011269	679	2025-02-23T11:27:00Z
S01173	W0011270	1733	2025-02-15T10:43:00Z
S01173	W0011271	872	2025-02-24T14:19:00Z
S01173	W0011272	1540	2025-02-26T12:28:00Z
S01173	W0011273	1557	2025-02-06T20:57:00Z
S01173	W0011274	1474	2025-02-12T18:48:00Z
S01173	W0011275	829	2025-02-13T00:25:00Z
S01173	W0011276	182	2025-02-19T18:10:00Z
S00869	W0011277	586	2025-02-23T08:04:00Z
S00869	W0011278	789	2025-02-09T13:40:00Z
S00869	W0011279	1056	2025-02-20T16:09:00Z
S00869	W0011280	502	2025-02-07T00:36:00Z
S00869	W0011281	561	2025-02-28T07:29:00Z
S00869	W0011282	1542	2025-02-07T03:43:00Z
S00869	W0011283	908	2025-02-20T03:27:00Z
S00869	W0011284	1083	2025-02-08T12:23:00Z
S00869	W0011285	1656	2025-02-04T02:36:00Z
S00869	W0011286	1611	2025-02-09T19:34:00Z
S00869	W0011287	1017	2025-02-09T04:49:00Z
S00869	W0011288	304	2025-02-06T19:28:00Z
S00869	W0011289	118	2025-02-06T04:55:00Z
S00869	W0011290	551	2025-02-05T12:32:00Z
S00869	W0011291	283	2025-02-07T20:40:00Z
S00869	W0011292	1496	2025-02-21T11:02:00Z
S00869	W0011293	1486	2025-02-02T21:01:00Z
S00869	W0011294	697	2025-02-27T12:38:00Z
S00869	W0011295	1212	2025-02-04T09:25:00Z
S00869	W0011296	967	2025-02-14T00:41:00Z
S00869	W0011297	486	2025-02-11T02:14:00Z
S00869	W0011298	1714	2025-02-17T15:32:00Z
S00869	W0011299	1275	2025-02-27T20:22:00Z
S00869	W0011300	324	2025-02-15T19:57:00Z
S00869	W0011301	911	2025-02-02T14:42:00Z
S00869	W0011302	1041	2025-02-18T09:04:00Z
S00869	W0011303	1643	2025-02-03T20:48:00Z
S00869	W0011304	1553	2025-02-04T21:47:00Z
S00332	W0011305	620	2025-02-14T14:55:00Z
S00332	W0011306	645	2025-02-16T00:12:00Z
S00332	W0011307	979	2025-02-16T15:15:00Z
S00332	W0011308	1117	2025-02-18T01:23:00Z
S00332	W0011309	258	2025-02-04T19:10:00Z
S00332	W0011310	255	2025-02-13T01:25:00Z
S00332	W0011311	1363	2025-02-03T14:38:00Z
S00332	W0011312	484	2025-02-17T08:25:00Z
S00332	W0011313	1641	2025-02-11T05:09:00Z
S00332	W0011314	549	2025-02-07T16:24:00Z
S00332	W0011315	1720	2025-02-02T16:11:00Z
S00332	W0011316	273	2025-02-11T09:35:00Z
S00332	W0011317	1285	2025-02-20T07:05:00Z
S00332	W0011318	66	2025-02-21T00:20:00Z
S00332	W0011319	1644	2025-02-17T14:48:00Z
S00332	W0011320	685	2025-02-18T05:42:00Z
S00332	W0011321	266	2025-02-05T05:24:00Z
S00332	W0011322	1412	2025-02-05T16:49:00Z
S00332	W0011323	455	2025-02-24T14:35:00Z
S00332	W0011324	1101	2025-02-05T01:40:00Z
S00332	W0011325	591	2025-02-17T23:31:00Z
S01670	W0011326	1359	2025-02-26T21:38:00Z
S01670	W0011327	963	2025-02-15T17:01:00Z
S01670	W0011328	1335	2025-02-08T22:33:00Z
S01670	W0011329	673	2025-02-18T19:14:00Z
S01670	W0011330	115	2025-02-08T14:39:00Z
S01670	W0011331	630	2025-02-03T12:28:00Z
S01670	W0011332	522	2025-02-19T04:54:00Z
S01670	W0011333	489	2025-02-26T01:46:00Z
S01670	W0011334	1544	2025-02-07T16:21:00Z
S01670	W0011335	1744	2025-02-28T16:22:00Z
S01670	W0011336	1774	2025-02-15T00:30:00Z
S01670	W0011337	475	2025-02-28T22:25:00Z
S01670	W0011338	459	2025-02-27T14:52:00Z
S01670	W0011339	1299	2025-02-03T01:52:00Z
S01670	W0011340	1164	2025-02-12T09:30:00Z
S01670	W0011341	346	2025-02-11T08:18:00Z
S01670	W0011342	1440	2025-02-13T21:38:00Z
S01670	W0011343	1790	2025-02-28T06:34:00Z
S01670	W0011344	772	2025-02-17T13:25:00Z
S01670	W0011345	508	2025-02-10T15:57:00Z
S01670	W0011346	989	2025-02-07T20:08:00Z
S00163	W0011347	1151	2025-02-25T10:24:00Z
S00163	W0011348	1118	2025-02-22T18:51:00Z
S00163	W0011349	1539	2025-02-12T07:21:00Z
S00163	W0011350	1790	2025-02-07T06:56:00Z
S00163	W0011351	547	2025-02-06T20:35:00Z
S00163	W0011352	1565	2025-02-01T10:47:00Z
S00163	W0011353	759	2025-02-03T09:22:00Z
S00163	W0011354	969	2025-02-18T05:52:00Z
S00163	W0011355	705	2025-02-12T14:15:00Z
S00163	W0011356	1382	2025-02-16T20:53:00Z
S00163	W0011357	920	2025-02-28T06:52:00Z
S00163	W0011358	1126	2025-02-20T11:15:00Z
S00163	W0011359	1532	2025-02-11T16:24:00Z
S00163	W0011360	224	2025-02-06T19:54:00Z
S00771	W0011361	1742	2025-02-06T02:30:00Z
S00771	W0011362	312	2025-02-17T07:23:00Z
S00771	W0011363	646	2025-02-04T11:24:00Z
S00771	W0011364	1465	2025-02-10T20:31:00Z
S01315	W0011365	1341	2025-02-17T23:28:00Z
S01315	W0011366	561	2025-02-22T01:55:00Z
S01315	W0011367	97	2025-02-21T02:42:00Z
S01315	W0011368	1068	2025-02-13T09:07:00Z
S01315	W0011369	397	2025-02-01T17:36:00Z
S01315	W0011370	530	2025-02-13T19:28:00Z
S01315	W0011371	1073	2025-02-26T04:00:00Z
S01315	W0011372	1141	2025-02-02T00:09:00Z
S01315	W0011373	1404	2025-02-17T02:53:00Z
S01315	W0011374	807	2025-02-01T22:13:00Z
S01315	W0011375	1081	2025-02-11T18:19:00Z
S01315	W0011376	1542	2025-02-27T05:25:00Z
S01315	W0011377	96	2025-02-19T21:24:00Z
S01315	W0011378	1545	2025-02-01T14:29:00Z
S01315	W0011379	411	2025-02-15T23:44:00Z
S01315	W0011380	937	2025-02-16T09:22:00Z
S01315	W0011381	903	2025-02-28T19:25:00Z
S01315	W0011382	1131	2025-02-19T04:29:00Z
S01315	W0011383	1720	2025-02-08T14:29:00Z
S01315	W0011384	37	2025-02-09T05:08:00Z
S01315	W0011385	440	2025-02-25T17:59:00Z
S01315	W0011386	1267	2025-02-03T01:58:00Z
S01315	W0011387	1489	2025-02-14T23:43:00Z
S01315	W0011388	1739	2025-02-17T21:21:00Z
S01315	W0011389	1503	2025-02-10T03:12:00Z
S00467	W0011390	452	2025-02-28T07:59:00Z
S00467	W0011391	1695	2025-02-28T03:26:00Z
S00467	W0011392	722	2025-02-14T23:48:00Z
S00467	W0011393	748	2025-02-05T12:22:00Z
S00467	W0011394	554	2025-02-03T10:42:00Z
S00467	W0011395	366	2025-02-23T15:52:00Z
S00467	W0011396	1034	2025-02-09T01:53:00Z
S00467	W0011397	1223	2025-02-23T11:27:00Z
S00467	W0011398	42	2025-02-26T08:02:00Z
S00467	W0011399	860	2025-02-16T23:45:00Z
S00467	W0011400	27	2025-02-13T03:59:00Z
S00467	W0011401	1464	2025-02-18T05:42:00Z
S00467	W0011402	508	2025-02-16T10:02:00Z
S00467	W0011403	1485	2025-02-10T22:47:00Z
S00467	W0011404	1378	2025-02-16T08:15:00Z
S00467	W0011405	389	2025-02-12T03:45:00Z
S00467	W0011406	1240	2025-02-09T04:46:00Z
S00467	W0011407	631	2025-02-24T15:56:00Z
S00467	W0011408	1229	2025-02-28T10:55:00Z
S00467	W0011409	754	2025-02-07T13:09:00Z
S00467	W0011410	1770	2025-02-01T19:00:00Z
S00467	W0011411	1513	2025-02-12T12:12:00Z
S00467	W0011412	825	2025-02-17T19:31:00Z
S00467	W0011413	1592	2025-02-07T13:23:00Z
S00467	W0011414	1380	2025-02-03T16:52:00Z
S00467	W0011415	1478	2025-02-16T17:16:00Z
S00467	W0011416	1708	2025-02-10T15:15:00Z
S00467	W0011417	774	2025-02-14T02:17:00Z
S00975	W0011418	1637	2025-02-14T11:17:00Z
S00975	W0011419	1516	2025-02-11T12:54:00Z
S00975	W0011420	694	2025-02-11T11:32:00Z
S00975	W0011421	340	2025-02-10T16:43:00Z
S00975	W0011422	514	2025-02-11T00:05:00Z
S00975	W0011423	407	2025-02-02T18:05:00Z
S00975	W0011424	36	2025-02-14T16:24:00Z
S00975	W0011425	1425	2025-02-09T14:27:00Z
S00975	W0011426	395	2025-02-09T04:49:00Z
S00975	W0011427	1186	2025-02-03T05:01:00Z
S00975	W0011428	671	2025-02-20T06:55:00Z
S00975	W0011429	581	2025-02-18T20:15:00Z
S00975	W0011430	281	2025-02-25T03:41:00Z
S00975	W0011431	1721	2025-02-26T08:37:00Z
S00975	W0011432	712	2025-02-20T18:59:00Z
S00975	W0011433	904	2025-02-27T22:42:00Z
S00975	W0011434	932	2025-02-18T04:31:00Z
S00975	W0011435	1736	2025-02-24T12:00:00Z
S00975	W0011436	453	2025-02-18T19:33:00Z
S00975	W0011437	1579	2025-02-22T21:43:00Z
S00975	W0011438	1473	2025-02-14T02:29:00Z
S00975	W0011439	963	2025-02-22T22:29:00Z
S00975	W0011440	623	2025-02-01T23:08:00Z
S00975	W0011441	661	2025-02-19T10:55:00Z
S00245	W0011442	1165	2025-02-14T00:59:00Z
S00245	W0011443	179	2025-02-12T05:29:00Z
S00245	W0011444	582	2025-02-08T20:57:00Z
S00245	W0011445	1308	2025-02-26T20:11:00Z
S00245	W0011446	55	2025-02-10T12:51:00Z
S00245	W0011447	516	2025-02-03T23:07:00Z
S00245	W0011448	976	2025-02-09T11:27:00Z
S00245	W0011449	1218	2025-02-04T15:31:00Z
S00245	W0011450	598	2025-02-01T06:41:00Z
S00245	W0011451	1364	2025-02-23T06:04:00Z
S00245	W0011452	1209	2025-02-06T04:13:00Z
S00245	W0011453	913	2025-02-21T20:39:00Z
S00245	W0011454	1449	2025-02-28T22:12:00Z
S00245	W0011455	1698	2025-02-18T01:26:00Z
S00245	W0011456	1351	2025-02-11T03:27:00Z
S00245	W0011457	1096	2025-02-04T08:27:00Z
S00245	W0011458	1424	2025-02-28T04:15:00Z
S00245	W0011459	301	2025-02-21T18:19:00Z
S01803	W0011460	1466	2025-02-19T13:57:00Z
S01803	W0011461	78	2025-02-17T20:26:00Z
S01803	W0011462	581	2025-02-19T16:02:00Z
S01803	W0011463	950	2025-02-23T22:38:00Z
S01803	W0011464	610	2025-02-16T17:34:00Z
S01803	W0011465	1527	2025-02-15T19:49:00Z
S01803	W0011466	928	2025-02-04T15:12:00Z
S01803	W0011467	290	2025-02-22T05:36:00Z
S01803	W0011468	1677	2025-02-12T04:47:00Z
S01803	W0011469	1354	2025-02-04T21:27:00Z
S01803	W0011470	1283	2025-02-10T17:57:00Z
S01803	W0011471	1372	2025-02-25T11:16:00Z
S01803	W0011472	1536	2025-02-01T12:38:00Z
S01803	W0011473	127	2025-02-04T13:44:00Z
S01803	W0011474	1415	2025-02-01T01:52:00Z
S01803	W0011475	621	2025-02-13T01:04:00Z
S01803	W0011476	631	2025-02-02T21:26:00Z
S01803	W0011477	688	2025-02-07T04:38:00Z
S01803	W0011478	928	2025-02-24T21:12:00Z
S01803	W0011479	1043	2025-02-13T01:57:00Z
S01803	W0011480	1488	2025-02-11T14:18:00Z
S00152	W0011481	1610	2025-02-20T09:59:00Z
S00152	W0011482	1285	2025-02-22T01:38:00Z
S00152	W0011483	1474	2025-02-03T07:40:00Z
S00152	W0011484	1184	2025-02-06T19:11:00Z
S00152	W0011485	1780	2025-02-27T10:15:00Z
S00152	W0011486	644	2025-02-18T01:06:00Z
S00152	W0011487	993	2025-02-27T06:11:00Z
S00152	W0011488	426	2025-02-18T07:17:00Z
S00152	W0011489	1088	2025-02-02T23:22:00Z
S00152	W0011490	1302	2025-02-13T08:04:00Z
S00152	W0011491	415	2025-02-09T17:10:00Z
S00152	W0011492	748	2025-02-03T02:21:00Z
S00152	W0011493	1426	2025-02-04T03:19:00Z
S00152	W0011494	1101	2025-02-09T03:38:00Z
S00152	W0011495	262	2025-02-22T23:51:00Z
S00152	W0011496	180	2025-02-20T04:41:00Z
S00152	W0011497	435	2025-02-06T04:27:00Z
S00464	W0011498	92	2025-02-20T19:51:00Z
S00464	W0011499	1562	2025-02-08T23:02:00Z
S00464	W0011500	1009	2025-02-01T10:50:00Z
S00464	W0011501	1557	2025-02-13T02:10:00Z
S00464	W0011502	1232	2025-02-23T17:19:00Z
S00464	W0011503	79	2025-02-22T13:12:00Z
S00464	W0011504	60	2025-02-20T08:00:00Z
S00464	W0011505	1060	2025-02-22T04:26:00Z
S00464	W0011506	670	2025-02-10T22:52:00Z
S00464	W0011507	1600	2025-02-04T19:45:00Z
S00464	W0011508	499	2025-02-26T15:07:00Z
S00464	W0011509	1011	2025-02-14T23:59:00Z
S00464	W0011510	590	2025-02-18T01:41:00Z
S00464	W0011511	1418	2025-02-03T11:15:00Z
S00464	W0011512	931	2025-02-28T05:22:00Z
S00464	W0011513	955	2025-02-27T00:04:00Z
S00464	W0011514	575	2025-02-21T09:05:00Z
S00464	W0011515	1292	2025-02-03T20:34:00Z
S00464	W0011516	713	2025-02-24T06:33:00Z
S00464	W0011517	1533	2025-02-15T03:05:00Z
S00464	W0011518	1498	2025-02-06T18:13:00Z
S00464	W0011519	648	2025-02-11T19:50:00Z
S00464	W0011520	692	2025-02-04T16:08:00Z
S00464	W0011521	1458	2025-02-02T16:42:00Z
S01070	W0011522	507	2025-02-24T10:06:00Z
S01070	W0011523	462	2025-02-20T15:26:00Z
S01070	W0011524	1575	2025-02-24T01:47:00Z
S01070	W0011525	464	2025-02-09T19:26:00Z
S01070	W0011526	624	2025-02-24T00:06:00Z
S01070	W0011527	617	2025-02-22T03:33:00Z
S01070	W0011528	881	2025-02-08T02:29:00Z
S01070	W0011529	1371	2025-02-17T09:13:00Z
S01070	W0011530	1162	2025-02-23T22:25:00Z
S01070	W0011531	1669	2025-02-23T00:42:00Z
S01070	W0011532	492	2025-02-09T13:05:00Z
S01070	W0011533	1575	2025-02-21T02:59:00Z
S01070	W0011534	1161	2025-02-12T23:57:00Z
S01070	W0011535	1058	2025-02-03T21:20:00Z
S01070	W0011536	1121	2025-02-06T19:30:00Z
S01070	W0011537	822	2025-02-09T09:45:00Z
S01070	W0011538	1786	2025-02-04T03:14:00Z
S01070	W0011539	1500	2025-02-24T18:21:00Z
S01070	W0011540	1744	2025-02-07T02:12:00Z
S01070	W0011541	824	2025-02-23T16:36:00Z
S01217	W0011542	236	2025-02-26T00:10:00Z
S01217	W0011543	919	2025-02-02T12:09:00Z
S01217	W0011544	486	2025-02-10T05:40:00Z
S01217	W0011545	223	2025-02-27T16:54:00Z
S01217	W0011546	1449	2025-02-26T20:50:00Z
S01217	W0011547	250	2025-02-20T15:26:00Z
S01217	W0011548	1781	2025-02-24T09:23:00Z
S01217	W0011549	679	2025-02-23T16:14:00Z
S01217	W0011550	1604	2025-02-17T10:28:00Z
S01217	W0011551	1410	2025-02-11T07:38:00Z
S01217	W0011552	1473	2025-02-06T07:13:00Z
S01217	W0011553	1628	2025-02-11T00:28:00Z
S01217	W0011554	1794	2025-02-27T14:42:00Z
S01217	W0011555	547	2025-02-26T21:38:00Z
S01217	W0011556	471	2025-02-28T15:14:00Z
S01217	W0011557	1597	2025-02-10T00:06:00Z
S01217	W0011558	1183	2025-02-19T17:05:00Z
S01217	W0011559	1501	2025-02-07T05:36:00Z
S01217	W0011560	1353	2025-02-08T18:40:00Z
S01217	W0011561	305	2025-02-08T13:48:00Z
S01217	W0011562	142	2025-02-23T05:45:00Z
S01980	W0011563	217	2025-02-17T03:59:00Z
S01980	W0011564	877	2025-02-22T16:46:00Z
S01980	W0011565	300	2025-02-13T12:13:00Z
S01980	W0011566	1763	2025-02-17T18:16:00Z
S01980	W0011567	921	2025-02-13T17:22:00Z
S01980	W0011568	367	2025-02-14T06:35:00Z
S01980	W0011569	530	2025-02-26T15:09:00Z
S01980	W0011570	1126	2025-02-27T10:17:00Z
S01980	W0011571	830	2025-02-06T17:33:00Z
S01980	W0011572	845	2025-02-19T18:07:00Z
S01980	W0011573	223	2025-02-27T12:37:00Z
S01980	W0011574	1043	2025-02-18T16:41:00Z
S01980	W0011575	1068	2025-02-12T11:01:00Z
S01980	W0011576	1551	2025-02-12T04:07:00Z
S01980	W0011577	487	2025-02-08T19:09:00Z
S01980	W0011578	177	2025-02-18T00:11:00Z
S01980	W0011579	1635	2025-02-09T20:27:00Z
S01980	W0011580	183	2025-02-01T06:13:00Z
S01980	W0011581	896	2025-02-25T22:46:00Z
S01980	W0011582	821	2025-02-09T01:23:00Z
S01980	W0011583	1443	2025-02-05T02:42:00Z
S01980	W0011584	1461	2025-02-13T05:10:00Z
S01980	W0011585	642	2025-02-03T06:45:00Z
S01980	W0011586	987	2025-02-02T20:16:00Z
S01980	W0011587	941	2025-02-18T23:57:00Z
S01980	W0011588	186	2025-02-04T20:43:00Z
S01980	W0011589	518	2025-02-19T03:31:00Z
S01422	W0011590	1730	2025-02-21T05:58:00Z
S01422	W0011591	1754	2025-02-03T20:45:00Z
S01422	W0011592	761	2025-02-13T17:25:00Z
S01422	W0011593	1336	2025-02-19T18:19:00Z
S01422	W0011594	1232	2025-02-14T02:52:00Z
S01422	W0011595	1294	2025-02-21T13:09:00Z
S01422	W0011596	482	2025-02-13T13:20:00Z
S01422	W0011597	356	2025-02-14T14:33:00Z
S01422	W0011598	197	2025-02-07T09:20:00Z
S01422	W0011599	1339	2025-02-22T12:02:00Z
S01422	W0011600	1429	2025-02-04T09:30:00Z
S01422	W0011601	1732	2025-02-07T06:03:00Z
S01422	W0011602	1004	2025-02-04T19:45:00Z
S01422	W0011603	81	2025-02-23T17:33:00Z
S01422	W0011604	641	2025-02-03T06:33:00Z
S01422	W0011605	960	2025-02-24T12:54:00Z
S01422	W0011606	1460	2025-02-04T19:45:00Z
S01422	W0011607	615	2025-02-06T04:12:00Z
S01422	W0011608	150	2025-02-22T21:31:00Z
S01422	W0011609	103	2025-02-27T21:06:00Z
S01422	W0011610	1500	2025-02-15T08:29:00Z
S01422	W0011611	1510	2025-02-11T14:01:00Z
S01253	W0011612	520	2025-02-28T10:31:00Z
S01253	W0011613	773	2025-02-11T09:27:00Z
S01253	W0011614	716	2025-02-07T13:33:00Z
S01253	W0011615	218	2025-02-08T12:49:00Z
S01253	W0011616	1597	2025-02-01T17:02:00Z
S01253	W0011617	1467	2025-02-02T15:03:00Z
S01114	W0011618	635	2025-02-24T18:48:00Z
S01114	W0011619	30	2025-02-14T03:05:00Z
S01114	W0011620	1331	2025-02-19T14:43:00Z
S01114	W0011621	946	2025-02-08T21:47:00Z
S01114	W0011622	909	2025-02-15T22:38:00Z
S01114	W0011623	528	2025-02-16T17:47:00Z
S01114	W0011624	1186	2025-02-17T18:11:00Z
S01114	W0011625	489	2025-02-10T20:22:00Z
S01114	W0011626	935	2025-02-11T21:56:00Z
S01114	W0011627	111	2025-02-21T11:05:00Z
S01114	W0011628	1230	2025-02-24T23:44:00Z
S01114	W0011629	435	2025-02-08T01:00:00Z
S01114	W0011630	757	2025-02-21T20:41:00Z
S01114	W0011631	627	2025-02-12T10:57:00Z
S01114	W0011632	321	2025-02-10T17:46:00Z
S01114	W0011633	823	2025-02-07T21:58:00Z
S01114	W0011634	794	2025-02-06T14:18:00Z
S01114	W0011635	1634	2025-02-20T16:43:00Z
S01114	W0011636	723	2025-02-26T19:03:00Z
S01114	W0011637	821	2025-02-13T06:59:00Z
S01589	W0011638	947	2025-02-17T02:46:00Z
S01589	W0011639	772	2025-02-11T21:26:00Z
S01589	W0011640	408	2025-02-25T09:05:00Z
S01589	W0011641	1606	2025-02-15T05:22:00Z
S01589	W0011642	820	2025-02-24T04:02:00Z
S01589	W0011643	1107	2025-02-27T01:16:00Z
S01589	W0011644	1789	2025-02-07T13:43:00Z
S01589	W0011645	920	2025-02-10T06:21:00Z
S01589	W0011646	826	2025-02-02T04:27:00Z
S01589	W0011647	209	2025-02-05T15:27:00Z
S01589	W0011648	1643	2025-02-10T02:16:00Z
S01589	W0011649	645	2025-02-18T23:02:00Z
S01589	W0011650	423	2025-02-11T23:00:00Z
S01589	W0011651	505	2025-02-08T10:55:00Z
S01589	W0011652	144	2025-02-02T03:33:00Z
S01589	W0011653	1035	2025-02-06T00:08:00Z
S01589	W0011654	1051	2025-02-16T08:58:00Z
S01589	W0011655	285	2025-02-03T09:19:00Z
S01589	W0011656	132	2025-02-06T04:19:00Z
S01589	W0011657	892	2025-02-10T01:01:00Z
S01589	W0011658	918	2025-02-06T14:23:00Z
S01589	W0011659	109	2025-02-02T17:22:00Z
S01589	W0011660	1030	2025-02-01T05:10:00Z
S01589	W0011661	1024	2025-02-25T12:43:00Z
S01685	W0011662	1201	2025-02-08T08:59:00Z
S01685	W0011663	1369	2025-02-10T16:27:00Z
S01685	W0011664	1147	2025-02-28T12:24:00Z
S01685	W0011665	815	2025-02-03T17:35:00Z
S01685	W0011666	1198	2025-02-22T11:33:00Z
S01685	W0011667	1067	2025-02-17T14:40:00Z
S01685	W0011668	937	2025-02-19T18:46:00Z
S01685	W0011669	415	2025-02-19T14:11:00Z
S01685	W0011670	1171	2025-02-16T00:35:00Z
S01685	W0011671	344	2025-02-15T15:59:00Z
S01685	W0011672	504	2025-02-12T14:48:00Z
S01685	W0011673	1730	2025-02-09T15:21:00Z
S01685	W0011674	490	2025-02-07T23:17:00Z
S01685	W0011675	1100	2025-02-19T18:56:00Z
S01685	W0011676	1768	2025-02-05T10:03:00Z
S01685	W0011677	1564	2025-02-28T08:49:00Z
S01685	W0011678	542	2025-02-14T01:33:00Z
S01685	W0011679	815	2025-02-08T06:38:00Z
S01685	W0011680	1418	2025-02-07T04:23:00Z
S01685	W0011681	1547	2025-02-28T06:06:00Z
S01685	W0011682	1598	2025-02-19T06:47:00Z
S01685	W0011683	986	2025-02-28T13:14:00Z
S01685	W0011684	136	2025-02-06T20:21:00Z
S01685	W0011685	656	2025-02-08T22:51:00Z
S01685	W0011686	399	2025-02-07T07:22:00Z
S01685	W0011687	447	2025-02-25T14:13:00Z
S01387	W0011688	517	2025-02-17T05:28:00Z
S01387	W0011689	441	2025-02-13T02:32:00Z
S01387	W0011690	1014	2025-02-15T19:08:00Z
S01387	W0011691	549	2025-02-22T12:24:00Z
S01387	W0011692	697	2025-02-08T09:08:00Z
S01387	W0011693	1213	2025-02-22T04:09:00Z
S01387	W0011694	1319	2025-02-02T03:45:00Z
S01387	W0011695	1740	2025-02-10T16:52:00Z
S01387	W0011696	1390	2025-02-04T22:19:00Z
S01387	W0011697	872	2025-02-26T18:13:00Z
S01387	W0011698	391	2025-02-15T23:09:00Z
S01387	W0011699	413	2025-02-04T21:56:00Z
S01387	W0011700	1655	2025-02-11T10:34:00Z
S01387	W0011701	1246	2025-02-27T21:21:00Z
S01387	W0011702	404	2025-02-15T09:58:00Z
S01387	W0011703	444	2025-02-13T08:20:00Z
S01387	W0011704	1282	2025-02-20T06:33:00Z
S01387	W0011705	973	2025-02-12T20:02:00Z
S01387	W0011706	1383	2025-02-02T03:18:00Z
S00883	W0011707	1574	2025-02-23T11:51:00Z
S00883	W0011708	29	2025-02-14T07:25:00Z
S00883	W0011709	659	2025-02-15T17:37:00Z
S00883	W0011710	289	2025-02-21T05:39:00Z
S00883	W0011711	1430	2025-02-13T09:58:00Z
S00883	W0011712	776	2025-02-01T02:21:00Z
S00883	W0011713	1662	2025-02-02T04:48:00Z
S00883	W0011714	1033	2025-02-23T22:48:00Z
S00883	W0011715	770	2025-02-24T05:41:00Z
S00883	W0011716	764	2025-02-06T07:58:00Z
S00883	W0011717	769	2025-02-04T14:32:00Z
S00883	W0011718	433	2025-02-20T00:47:00Z
S00883	W0011719	1731	2025-02-18T21:29:00Z
S00883	W0011720	1789	2025-02-08T05:25:00Z
S00883	W0011721	283	2025-02-07T08:30:00Z
S00883	W0011722	634	2025-02-20T06:31:00Z
S01526	W0011723	1778	2025-02-18T20:23:00Z
S01526	W0011724	1534	2025-02-05T00:20:00Z
S01526	W0011725	563	2025-02-05T08:28:00Z
S01526	W0011726	127	2025-02-08T10:21:00Z
S01526	W0011727	1046	2025-02-03T19:07:00Z
S01526	W0011728	1026	2025-02-12T01:06:00Z
S01526	W0011729	1052	2025-02-21T03:47:00Z
S01526	W0011730	1510	2025-02-10T20:43:00Z
S01526	W0011731	1575	2025-02-06T02:28:00Z
S01526	W0011732	818	2025-02-21T05:43:00Z
S01526	W0011733	893	2025-02-25T21:26:00Z
S01526	W0011734	423	2025-02-20T12:37:00Z
S01526	W0011735	241	2025-02-20T19:02:00Z
S01648	W0011736	246	2025-02-14T13:14:00Z
S01648	W0011737	1119	2025-02-25T23:09:00Z
S01648	W0011738	1167	2025-02-27T03:28:00Z
S01648	W0011739	187	2025-02-05T15:54:00Z
S01648	W0011740	104	2025-02-04T03:33:00Z
S01648	W0011741	234	2025-02-23T18:03:00Z
S01648	W0011742	908	2025-02-13T17:40:00Z
S01648	W0011743	1365	2025-02-18T20:42:00Z
S01549	W0011744	1210	2025-02-21T09:27:00Z
S01549	W0011745	1063	2025-02-11T00:38:00Z
S01549	W0011746	1377	2025-02-26T04:33:00Z
S01549	W0011747	90	2025-02-06T15:15:00Z
S01549	W0011748	248	2025-02-06T00:11:00Z
S01549	W0011749	1062	2025-02-14T13:54:00Z
S01549	W0011750	1015	2025-02-27T07:31:00Z
S01549	W0011751	643	2025-02-10T04:16:00Z
S01549	W0011752	306	2025-02-05T18:07:00Z
S01549	W0011753	23	2025-02-04T18:27:00Z
S01549	W0011754	590	2025-02-28T04:39:00Z
S01549	W0011755	1018	2025-02-22T06:27:00Z
S01549	W0011756	1657	2025-02-14T06:54:00Z
S01549	W0011757	174	2025-02-09T01:39:00Z
S01549	W0011758	742	2025-02-12T04:00:00Z
S01549	W0011759	1483	2025-02-10T15:37:00Z
S01549	W0011760	436	2025-02-08T21:59:00Z
S01549	W0011761	1098	2025-02-27T22:14:00Z
S01549	W0011762	1552	2025-02-13T17:55:00Z
S01549	W0011763	525	2025-02-05T03:39:00Z
S01549	W0011764	658	2025-02-20T17:16:00Z
S01549	W0011765	1333	2025-02-14T10:45:00Z
S01549	W0011766	1678	2025-02-02T11:43:00Z
S01335	W0011767	910	2025-02-01T01:18:00Z
S01335	W0011768	1336	2025-02-19T05:33:00Z
S01335	W0011769	385	2025-02-14T19:30:00Z
S01335	W0011770	116	2025-02-22T04:32:00Z
S01335	W0011771	1014	2025-02-15T17:34:00Z
S01335	W0011772	864	2025-02-12T07:23:00Z
S01335	W0011773	1354	2025-02-19T20:47:00Z
S01335	W0011774	595	2025-02-07T14:45:00Z
S01335	W0011775	274	2025-02-20T12:28:00Z
S01335	W0011776	1143	2025-02-05T01:56:00Z
S01335	W0011777	1089	2025-02-25T12:59:00Z
S01335	W0011778	32	2025-02-02T21:49:00Z
S01335	W0011779	815	2025-02-22T10:47:00Z
S01335	W0011780	1660	2025-02-20T14:48:00Z
S01335	W0011781	1652	2025-02-20T03:00:00Z
S01335	W0011782	476	2025-02-02T09:06:00Z
S01335	W0011783	722	2025-02-22T06:10:00Z
S01335	W0011784	309	2025-02-07T00:26:00Z
S01335	W0011785	1774	2025-02-15T09:05:00Z
S01335	W0011786	1459	2025-02-12T04:08:00Z
S00099	W0011787	1641	2025-02-25T07:08:00Z
S00099	W0011788	619	2025-02-03T07:13:00Z
S00099	W0011789	813	2025-02-16T21:33:00Z
S00099	W0011790	77	2025-02-04T20:01:00Z
S00099	W0011791	716	2025-02-19T06:37:00Z
S00099	W0011792	419	2025-02-27T13:11:00Z
S00099	W0011793	1212	2025-02-12T22:58:00Z
S00099	W0011794	271	2025-02-16T16:52:00Z
S00099	W0011795	1396	2025-02-04T06:25:00Z
S00099	W0011796	1762	2025-02-25T20:42:00Z
S00099	W0011797	352	2025-02-21T10:01:00Z
S01463	W0011798	565	2025-02-11T00:26:00Z
S01463	W0011799	1135	2025-02-14T04:39:00Z
S01463	W0011800	902	2025-02-04T07:23:00Z
S01463	W0011801	573	2025-02-20T12:46:00Z
S01702	W0011802	1395	2025-02-14T22:55:00Z
S01702	W0011803	1448	2025-02-19T09:37:00Z
S01702	W0011804	1175	2025-02-22T22:51:00Z
S01702	W0011805	1025	2025-02-03T00:34:00Z
S01702	W0011806	1749	2025-02-07T07:11:00Z
S01702	W0011807	368	2025-02-09T10:19:00Z
S01702	W0011808	164	2025-02-14T12:35:00Z
S01702	W0011809	1689	2025-02-03T05:10:00Z
S01702	W0011810	1138	2025-02-20T15:07:00Z
S01702	W0011811	1484	2025-02-20T03:13:00Z
S01702	W0011812	207	2025-02-19T13:14:00Z
S01702	W0011813	297	2025-02-12T06:31:00Z
S01702	W0011814	842	2025-02-09T19:41:00Z
S01702	W0011815	1752	2025-02-03T15:41:00Z
S01702	W0011816	1194	2025-02-16T20:59:00Z
S01702	W0011817	798	2025-02-16T04:59:00Z
S00361	W0011818	1771	2025-02-15T12:14:00Z
S00361	W0011819	1234	2025-02-06T00:44:00Z
S00361	W0011820	1300	2025-02-02T20:23:00Z
S00361	W0011821	873	2025-02-25T16:40:00Z
S00361	W0011822	854	2025-02-19T00:27:00Z
S00361	W0011823	510	2025-02-20T16:34:00Z
S00361	W0011824	754	2025-02-01T11:40:00Z
S00361	W0011825	983	2025-02-09T07:00:00Z
S00361	W0011826	540	2025-02-07T07:22:00Z
S00361	W0011827	566	2025-02-16T13:43:00Z
S00361	W0011828	764	2025-02-10T17:44:00Z
S00361	W0011829	104	2025-02-04T21:40:00Z
S00361	W0011830	548	2025-02-09T13:09:00Z
S00361	W0011831	984	2025-02-14T14:54:00Z
S00361	W0011832	796	2025-02-04T17:29:00Z
S00361	W0011833	1474	2025-02-15T02:29:00Z
S00361	W0011834	415	2025-02-20T15:17:00Z
S00361	W0011835	581	2025-02-15T08:47:00Z
S00361	W0011836	824	2025-02-11T07:39:00Z
S00456	W0011837	979	2025-02-10T01:28:00Z
S00456	W0011838	1767	2025-02-04T21:17:00Z
S00456	W0011839	343	2025-02-05T10:11:00Z
S00456	W0011840	458	2025-02-17T09:07:00Z
S00456	W0011841	1676	2025-02-23T00:06:00Z
S00456	W0011842	589	2025-02-08T07:40:00Z
S00456	W0011843	521	2025-02-22T05:36:00Z
S00456	W0011844	527	2025-02-20T18:00:00Z
S00456	W0011845	1503	2025-02-27T16:16:00Z
S00456	W0011846	1337	2025-02-22T07:18:00Z
S00456	W0011847	251	2025-02-01T17:53:00Z
S00561	W0011848	1038	2025-02-21T09:14:00Z
S00561	W0011849	644	2025-02-27T06:35:00Z
S00561	W0011850	589	2025-02-22T03:24:00Z
S00561	W0011851	1306	2025-02-10T19:10:00Z
S00561	W0011852	595	2025-02-06T12:36:00Z
S00561	W0011853	743	2025-02-09T05:34:00Z
S00561	W0011854	464	2025-02-11T18:12:00Z
S00561	W0011855	1046	2025-02-08T03:27:00Z
S00561	W0011856	957	2025-02-08T04:45:00Z
S00561	W0011857	1356	2025-02-13T22:50:00Z
S00561	W0011858	332	2025-02-03T08:34:00Z
S00561	W0011859	864	2025-02-28T15:58:00Z
S00561	W0011860	1608	2025-02-28T16:27:00Z
S00561	W0011861	1544	2025-02-26T21:22:00Z
S00561	W0011862	1068	2025-02-25T23:34:00Z
S00561	W0011863	135	2025-02-25T08:29:00Z
S00561	W0011864	1099	2025-02-27T17:50:00Z
S00561	W0011865	1183	2025-02-17T10:17:00Z
S00236	W0011866	846	2025-02-08T17:22:00Z
S00236	W0011867	1462	2025-02-22T19:29:00Z
S00236	W0011868	294	2025-02-08T00:39:00Z
S00236	W0011869	1486	2025-02-25T09:09:00Z
S00236	W0011870	1727	2025-02-03T22:13:00Z
S00236	W0011871	337	2025-02-18T16:49:00Z
S00236	W0011872	532	2025-02-18T08:09:00Z
S00236	W0011873	252	2025-02-04T18:02:00Z
S00236	W0011874	294	2025-02-14T12:40:00Z
S00236	W0011875	1749	2025-02-09T17:46:00Z
S00236	W0011876	413	2025-02-02T14:42:00Z
S00236	W0011877	1515	2025-02-03T22:23:00Z
S00236	W0011878	713	2025-02-19T15:11:00Z
S00236	W0011879	446	2025-02-17T00:01:00Z
S00236	W0011880	1481	2025-02-18T23:03:00Z
S00236	W0011881	1446	2025-02-08T02:33:00Z
S00236	W0011882	886	2025-02-14T00:27:00Z
S00236	W0011883	134	2025-02-06T11:32:00Z
S00330	W0011884	632	2025-02-28T13:44:00Z
S00330	W0011885	633	2025-02-20T14:29:00Z
S00330	W0011886	1228	2025-02-27T08:33:00Z
S00330	W0011887	658	2025-02-07T07:54:00Z
S00330	W0011888	1706	2025-02-19T19:11:00Z
S00330	W0011889	562	2025-02-23T07:06:00Z
S00330	W0011890	79	2025-02-21T13:15:00Z
S00330	W0011891	1278	2025-02-11T10:34:00Z
S00330	W0011892	1680	2025-02-17T09:54:00Z
S00330	W0011893	1511	2025-02-19T05:00:00Z
S00330	W0011894	95	2025-02-06T04:13:00Z
S00330	W0011895	1077	2025-02-26T22:33:00Z
S00330	W0011896	1540	2025-02-12T06:52:00Z
S00330	W0011897	1559	2025-02-13T20:01:00Z
S01962	W0011898	1390	2025-02-27T08:36:00Z
S01962	W0011899	407	2025-02-28T03:22:00Z
S01962	W0011900	1081	2025-02-18T06:05:00Z
S01962	W0011901	834	2025-02-21T07:27:00Z
S01962	W0011902	1147	2025-02-22T21:52:00Z
S01962	W0011903	773	2025-02-11T09:01:00Z
S01962	W0011904	1563	2025-02-02T23:39:00Z
S01962	W0011905	1125	2025-02-05T04:54:00Z
S01962	W0011906	255	2025-02-27T18:57:00Z
S01962	W0011907	1105	2025-02-21T06:53:00Z
S01962	W0011908	1011	2025-02-07T18:35:00Z
S01962	W0011909	1541	2025-02-01T01:57:00Z
S01962	W0011910	1251	2025-02-10T13:04:00Z
S01201	W0011911	1327	2025-02-28T16:49:00Z
S01201	W0011912	759	2025-02-22T14:47:00Z
S01201	W0011913	559	2025-02-21T12:55:00Z
S01201	W0011914	76	2025-02-10T14:20:00Z
S01201	W0011915	596	2025-02-21T05:45:00Z
S01201	W0011916	924	2025-02-08T07:44:00Z
S01201	W0011917	1493	2025-02-23T11:00:00Z
S01201	W0011918	670	2025-02-13T15:39:00Z
S01201	W0011919	608	2025-02-20T19:57:00Z
S01201	W0011920	668	2025-02-14T12:13:00Z
S01201	W0011921	624	2025-02-05T08:12:00Z
S01201	W0011922	1463	2025-02-06T07:51:00Z
S01588	W0011923	1558	2025-02-01T07:52:00Z
S01588	W0011924	106	2025-02-07T04:40:00Z
S01588	W0011925	1138	2025-02-01T05:26:00Z
S01588	W0011926	1572	2025-02-25T11:04:00Z
S01588	W0011927	1688	2025-02-04T11:41:00Z
S01588	W0011928	1235	2025-02-01T00:27:00Z
S01588	W0011929	381	2025-02-18T02:27:00Z
S01588	W0011930	618	2025-02-02T21:32:00Z
S01630	W0011931	1373	2025-02-28T13:28:00Z
S01630	W0011932	225	2025-02-25T21:00:00Z
S01630	W0011933	725	2025-02-12T11:34:00Z
S01630	W0011934	209	2025-02-04T12:53:00Z
S01630	W0011935	53	2025-02-28T07:47:00Z
S01630	W0011936	1275	2025-02-02T01:22:00Z
S01630	W0011937	44	2025-02-03T19:36:00Z
S01630	W0011938	498	2025-02-13T00:26:00Z
S01630	W0011939	913	2025-02-24T06:20:00Z
S01630	W0011940	1589	2025-02-22T15:35:00Z
S01630	W0011941	1130	2025-02-12T06:12:00Z
S01630	W0011942	1055	2025-02-16T23:28:00Z
S01153	W0011943	734	2025-02-22T09:11:00Z
S01153	W0011944	81	2025-02-24T20:59:00Z
S01153	W0011945	1244	2025-02-24T08:24:00Z
S01153	W0011946	883	2025-02-04T16:21:00Z
S01153	W0011947	21	2025-02-06T16:07:00Z
S01153	W0011948	431	2025-02-27T23:00:00Z
S01153	W0011949	456	2025-02-26T10:14:00Z
S01153	W0011950	1554	2025-02-21T01:37:00Z
S01153	W0011951	1758	2025-02-28T12:48:00Z
S01153	W0011952	696	2025-02-09T06:55:00Z
S01153	W0011953	1147	2025-02-27T12:01:00Z
S01153	W0011954	106	2025-02-13T23:28:00Z
S01153	W0011955	741	2025-02-28T23:09:00Z
S01153	W0011956	548	2025-02-27T06:45:00Z
S01153	W0011957	304	2025-02-12T03:52:00Z
S01153	W0011958	341	2025-02-05T19:24:00Z
S01153	W0011959	1494	2025-02-23T22:14:00Z
S01143	W0011960	282	2025-02-09T21:41:00Z
S01143	W0011961	841	2025-02-21T17:22:00Z
S01143	W0011962	1109	2025-02-05T21:28:00Z
S01143	W0011963	1470	2025-02-03T07:51:00Z
S01143	W0011964	328	2025-02-15T06:32:00Z
S01143	W0011965	1126	2025-02-08T07:28:00Z
S01143	W0011966	1681	2025-02-08T00:29:00Z
S01143	W0011967	635	2025-02-28T13:29:00Z
S01143	W0011968	1411	2025-02-20T10:36:00Z
S01143	W0011969	1666	2025-02-16T02:20:00Z
S01143	W0011970	711	2025-02-17T23:55:00Z
S01143	W0011971	1316	2025-02-06T22:01:00Z
S01143	W0011972	536	2025-02-14T09:33:00Z
S01143	W0011973	930	2025-02-19T17:32:00Z
S01143	W0011974	1050	2025-02-06T18:37:00Z
S01143	W0011975	768	2025-02-18T02:47:00Z
S01143	W0011976	1556	2025-02-25T00:28:00Z
S01143	W0011977	575	2025-02-17T12:13:00Z
S01143	W0011978	1194	2025-02-09T23:06:00Z
S01143	W0011979	1609	2025-02-10T12:53:00Z
S01143	W0011980	1141	2025-02-17T05:48:00Z
S01143	W0011981	214	2025-02-17T10:53:00Z
S01143	W0011982	1227	2025-02-14T12:09:00Z
S01143	W0011983	259	2025-02-12T18:36:00Z
S01143	W0011984	461	2025-02-17T03:35:00Z
S01143	W0011985	879	2025-02-02T17:14:00Z
S01143	W0011986	332	2025-02-13T10:25:00Z
S01143	W0011987	361	2025-02-15T13:43:00Z
S01143	W0011988	1317	2025-02-04T22:19:00Z
S01143	W0011989	1718	2025-02-14T20:05:00Z
S01168	W0011990	1369	2025-02-21T03:39:00Z
S01168	W0011991	84	2025-02-19T04:49:00Z
S01168	W0011992	883	2025-02-11T20:24:00Z
S01168	W0011993	1686	2025-02-16T15:41:00Z
S01168	W0011994	738	2025-02-12T22:05:00Z
S01168	W0011995	1149	2025-02-25T14:02:00Z
S01168	W0011996	829	2025-02-17T21:03:00Z
S01168	W0011997	1643	2025-02-20T17:40:00Z
S01168	W0011998	722	2025-02-12T20:12:00Z
S01168	W0011999	1301	2025-02-01T05:33:00Z
S01168	W0012000	663	2025-02-07T09:10:00Z
S01168	W0012001	934	2025-02-15T13:54:00Z
S01168	W0012002	429	2025-02-07T13:30:00Z
S02000	W0012003	468	2025-02-01T04:36:00Z
S02000	W0012004	544	2025-02-24T14:11:00Z
S02000	W0012005	489	2025-02-15T22:17:00Z
S02000	W0012006	284	2025-02-09T01:30:00Z
S02000	W0012007	953	2025-02-16T01:26:00Z
S02000	W0012008	1581	2025-02-27T00:43:00Z
S02000	W0012009	427	2025-02-13T07:52:00Z
S02000	W0012010	1168	2025-02-11T16:18:00Z
S02000	W0012011	1133	2025-02-28T01:03:00Z
S02000	W0012012	736	2025-02-26T01:14:00Z
S02000	W0012013	1277	2025-02-22T14:40:00Z
S02000	W0012014	1781	2025-02-23T16:15:00Z
S02000	W0012015	50	2025-02-10T02:01:00Z
S02000	W0012016	1162	2025-02-14T22:07:00Z
S00504	W0012017	1150	2025-02-19T21:41:00Z
S00504	W0012018	450	2025-02-09T02:36:00Z
S00504	W0012019	1767	2025-02-28T04:12:00Z
S00504	W0012020	275	2025-02-09T01:54:00Z
S00504	W0012021	76	2025-02-23T13:31:00Z
S00504	W0012022	589	2025-02-22T20:21:00Z
S00504	W0012023	955	2025-02-22T16:44:00Z
S00504	W0012024	129	2025-02-11T11:24:00Z
S00504	W0012025	1407	2025-02-13T04:15:00Z
S00504	W0012026	719	2025-02-11T13:53:00Z
S00504	W0012027	942	2025-02-08T15:50:00Z
S00504	W0012028	912	2025-02-27T08:00:00Z
S00504	W0012029	732	2025-02-01T21:38:00Z
S00504	W0012030	1236	2025-02-07T11:03:00Z
S00504	W0012031	1104	2025-02-10T07:21:00Z
S00504	W0012032	830	2025-02-05T08:03:00Z
S00504	W0012033	1255	2025-02-11T12:02:00Z
S00504	W0012034	1754	2025-02-23T23:30:00Z
S00504	W0012035	1249	2025-02-04T09:17:00Z
S00504	W0012036	1753	2025-02-19T00:30:00Z
S00504	W0012037	1285	2025-02-18T09:12:00Z
S00605	W0012038	1276	2025-02-06T13:10:00Z
S00605	W0012039	653	2025-02-12T05:33:00Z
S00605	W0012040	151	2025-02-20T08:11:00Z
S00605	W0012041	1682	2025-02-04T23:39:00Z
S00605	W0012042	739	2025-02-27T00:29:00Z
S00605	W0012043	177	2025-02-08T19:59:00Z
S00605	W0012044	1303	2025-02-16T02:44:00Z
S00605	W0012045	961	2025-02-28T13:46:00Z
S00605	W0012046	1710	2025-02-23T07:07:00Z
S00605	W0012047	1373	2025-02-19T19:40:00Z
S00605	W0012048	1542	2025-02-14T19:13:00Z
S00605	W0012049	1039	2025-02-20T10:38:00Z
S00605	W0012050	27	2025-02-20T08:52:00Z
S00605	W0012051	87	2025-02-05T09:55:00Z
S00605	W0012052	452	2025-02-17T07:10:00Z
S00605	W0012053	185	2025-02-14T00:38:00Z
S00605	W0012054	77	2025-02-15T07:00:00Z
S00605	W0012055	185	2025-02-09T09:50:00Z
S00605	W0012056	1248	2025-02-24T17:05:00Z
S00605	W0012057	1092	2025-02-10T12:34:00Z
S00605	W0012058	1259	2025-02-16T17:11:00Z
S00605	W0012059	804	2025-02-18T23:05:00Z
S00605	W0012060	637	2025-02-07T00:30:00Z
S00605	W0012061	293	2025-02-13T07:12:00Z
S00605	W0012062	1136	2025-02-25T16:31:00Z
S00605	W0012063	1039	2025-02-15T15:28:00Z
S00605	W0012064	1401	2025-02-14T02:22:00Z
S00605	W0012065	1132	2025-02-22T21:51:00Z
S00605	W0012066	335	2025-02-09T03:55:00Z
S00605	W0012067	207	2025-02-10T16:48:00Z
S01732	W0012068	790	2025-02-11T15:23:00Z
S01732	W0012069	328	2025-02-11T21:00:00Z
S01732	W0012070	1183	2025-02-23T06:01:00Z
S01732	W0012071	429	2025-02-19T20:07:00Z
S01732	W0012072	1114	2025-02-06T21:40:00Z
S01732	W0012073	693	2025-02-16T20:52:00Z
S01732	W0012074	1573	2025-02-13T23:27:00Z
S01732	W0012075	191	2025-02-10T20:41:00Z
S01732	W0012076	494	2025-02-07T22:00:00Z
S01732	W0012077	339	2025-02-03T12:51:00Z
S01732	W0012078	1527	2025-02-25T06:00:00Z
S01732	W0012079	1339	2025-02-19T16:42:00Z
S01732	W0012080	1089	2025-02-05T12:51:00Z
S01732	W0012081	417	2025-02-19T22:56:00Z
S01732	W0012082	230	2025-02-17T21:50:00Z
S01732	W0012083	281	2025-02-15T23:19:00Z
S01732	W0012084	1095	2025-02-14T03:29:00Z
S01732	W0012085	1363	2025-02-22T21:14:00Z
S01293	W0012086	1126	2025-02-14T09:32:00Z
S01293	W0012087	997	2025-02-24T14:11:00Z
S01293	W0012088	757	2025-02-24T11:31:00Z
S01293	W0012089	1121	2025-02-09T04:50:00Z
S01293	W0012090	112	2025-02-10T16:06:00Z
S01293	W0012091	1148	2025-02-25T19:49:00Z
S01293	W0012092	609	2025-02-08T22:09:00Z
S01293	W0012093	528	2025-02-21T04:32:00Z
S01293	W0012094	388	2025-02-16T03:23:00Z
S01293	W0012095	838	2025-02-12T18:06:00Z
S01293	W0012096	1189	2025-02-03T16:14:00Z
S01293	W0012097	872	2025-02-20T00:07:00Z
S01572	W0012098	1306	2025-02-11T20:29:00Z
S01572	W0012099	179	2025-02-23T19:54:00Z
S01572	W0012100	1608	2025-02-10T04:06:00Z
S01572	W0012101	186	2025-02-22T03:58:00Z
S01572	W0012102	926	2025-02-25T16:05:00Z
S01572	W0012103	1502	2025-02-24T10:53:00Z
S01572	W0012104	362	2025-02-13T17:17:00Z
S00063	W0012105	1787	2025-02-25T20:26:00Z
S00063	W0012106	70	2025-02-18T15:23:00Z
S00063	W0012107	519	2025-02-26T08:18:00Z
S00063	W0012108	1056	2025-02-14T04:39:00Z
S00063	W0012109	1472	2025-02-06T03:43:00Z
S00063	W0012110	155	2025-02-26T18:01:00Z
S00063	W0012111	208	2025-02-03T06:33:00Z
S00063	W0012112	1112	2025-02-27T04:03:00Z
S00063	W0012113	1596	2025-02-19T21:49:00Z
S00063	W0012114	1133	2025-02-05T14:37:00Z
S00063	W0012115	1157	2025-02-11T10:45:00Z
S00063	W0012116	1553	2025-02-19T06:20:00Z
S00063	W0012117	1568	2025-02-19T15:40:00Z
S00063	W0012118	738	2025-02-19T00:39:00Z
S01068	W0012119	1625	2025-02-03T20:57:00Z
S01068	W0012120	1389	2025-02-05T07:19:00Z
S01068	W0012121	707	2025-02-07T22:31:00Z
S01068	W0012122	125	2025-02-15T06:32:00Z
S01068	W0012123	1505	2025-02-24T06:26:00Z
S01068	W0012124	857	2025-02-05T03:40:00Z
S01068	W0012125	1286	2025-02-24T13:15:00Z
S01068	W0012126	339	2025-02-22T16:17:00Z
S01068	W0012127	1296	2025-02-19T02:29:00Z
S01068	W0012128	348	2025-02-15T22:36:00Z
S01068	W0012129	1545	2025-02-24T03:59:00Z
S01068	W0012130	1094	2025-02-13T08:54:00Z
S01068	W0012131	1792	2025-02-26T15:57:00Z
S01068	W0012132	1589	2025-02-09T08:53:00Z
S01068	W0012133	1796	2025-02-02T19:40:00Z
S01068	W0012134	694	2025-02-14T11:22:00Z
S01068	W0012135	1728	2025-02-24T03:48:00Z
S01068	W0012136	454	2025-02-23T02:36:00Z
S01228	W0012137	464	2025-02-06T20:41:00Z
S01228	W0012138	1534	2025-02-24T14:25:00Z
S01228	W0012139	1017	2025-02-14T13:34:00Z
S01228	W0012140	763	2025-02-07T06:08:00Z
S01228	W0012141	862	2025-02-05T22:03:00Z
S01228	W0012142	1086	2025-02-03T12:47:00Z
S01228	W0012143	1487	2025-02-04T09:06:00Z
S01228	W0012144	300	2025-02-21T00:14:00Z
S01228	W0012145	1530	2025-02-25T04:59:00Z
S01228	W0012146	1087	2025-02-15T09:56:00Z
S01228	W0012147	1594	2025-02-14T13:22:00Z
S01228	W0012148	1732	2025-02-07T04:26:00Z
S01228	W0012149	730	2025-02-17T16:46:00Z
S01228	W0012150	111	2025-02-28T08:41:00Z
S01228	W0012151	117	2025-02-09T12:49:00Z
S01228	W0012152	302	2025-02-02T04:09:00Z
S01228	W0012153	846	2025-02-12T07:35:00Z
S01228	W0012154	407	2025-02-07T22:42:00Z
S01228	W0012155	1283	2025-02-27T10:40:00Z
S01228	W0012156	504	2025-02-19T06:17:00Z
S01228	W0012157	892	2025-02-25T10:40:00Z
S01228	W0012158	1504	2025-02-07T18:07:00Z
S01228	W0012159	1604	2025-02-10T02:20:00Z
S01228	W0012160	1023	2025-02-28T04:36:00Z
S01228	W0012161	614	2025-02-05T17:11:00Z
S01228	W0012162	1701	2025-02-16T00:31:00Z
S01228	W0012163	1575	2025-02-11T01:04:00Z
S01228	W0012164	724	2025-02-18T18:53:00Z
S01228	W0012165	1268	2025-02-12T09:00:00Z
S00299	W0012166	1728	2025-02-26T14:57:00Z
S00299	W0012167	739	2025-02-07T23:45:00Z
S00299	W0012168	1188	2025-02-27T18:34:00Z
S00299	W0012169	1290	2025-02-18T22:57:00Z
S00299	W0012170	1777	2025-02-11T03:15:00Z
S00299	W0012171	1038	2025-02-05T07:04:00Z
S00299	W0012172	957	2025-02-25T07:15:00Z
S00299	W0012173	1515	2025-02-07T14:02:00Z
S00299	W0012174	243	2025-02-22T06:55:00Z
S00299	W0012175	1210	2025-02-12T13:28:00Z
S00299	W0012176	326	2025-02-13T17:04:00Z
S00299	W0012177	1080	2025-02-02T06:15:00Z
S00299	W0012178	541	2025-02-12T09:01:00Z
S00299	W0012179	1278	2025-02-04T09:11:00Z
S00299	W0012180	1490	2025-02-13T06:22:00Z
S00299	W0012181	1772	2025-02-11T15:25:00Z
S00299	W0012182	1582	2025-02-18T20:51:00Z
S00299	W0012183	885	2025-02-26T08:42:00Z
S00299	W0012184	912	2025-02-10T06:33:00Z
S00299	W0012185	848	2025-02-25T21:25:00Z
S00299	W0012186	108	2025-02-06T12:59:00Z
S00299	W0012187	647	2025-02-22T12:48:00Z
S00299	W0012188	904	2025-02-25T07:39:00Z
S00299	W0012189	710	2025-02-20T00:28:00Z
S00299	W0012190	1138	2025-02-10T15:04:00Z
S00299	W0012191	209	2025-02-23T06:19:00Z
S00471	W0012192	54	2025-02-19T13:21:00Z
S00471	W0012193	1323	2025-02-22T02:11:00Z
S00471	W0012194	1088	2025-02-09T01:16:00Z
S00471	W0012195	897	2025-02-21T06:10:00Z
S00471	W0012196	192	2025-02-20T15:12:00Z
S00471	W0012197	900	2025-02-22T14:31:00Z
S00471	W0012198	126	2025-02-09T07:01:00Z
S00471	W0012199	243	2025-02-14T00:10:00Z
S00471	W0012200	1145	2025-02-26T03:09:00Z
S00471	W0012201	1745	2025-02-26T09:17:00Z
S00471	W0012202	1405	2025-02-27T07:44:00Z
S00471	W0012203	880	2025-02-27T07:24:00Z
S00471	W0012204	1477	2025-02-17T14:14:00Z
S00471	W0012205	483	2025-02-16T06:46:00Z
S00471	W0012206	475	2025-02-08T00:33:00Z
S00471	W0012207	669	2025-02-16T06:43:00Z
S00471	W0012208	1571	2025-02-20T20:25:00Z
S00471	W0012209	1501	2025-02-12T14:19:00Z
S00471	W0012210	731	2025-02-12T09:57:00Z
S00471	W0012211	517	2025-02-05T08:54:00Z
S00471	W0012212	1701	2025-02-16T22:52:00Z
S00687	W0012213	978	2025-02-23T00:54:00Z
S00687	W0012214	1355	2025-02-20T20:48:00Z
S00687	W0012215	732	2025-02-02T20:39:00Z
S00687	W0012216	764	2025-02-25T02:40:00Z
S00687	W0012217	1115	2025-02-03T09:24:00Z
S00687	W0012218	821	2025-02-28T22:59:00Z
S00687	W0012219	1066	2025-02-08T17:22:00Z
S00687	W0012220	1586	2025-02-09T21:28:00Z
S00687	W0012221	1194	2025-02-14T21:53:00Z
S00687	W0012222	731	2025-02-02T10:59:00Z
S00687	W0012223	843	2025-02-02T05:24:00Z
S00687	W0012224	121	2025-02-13T12:42:00Z
S00687	W0012225	245	2025-02-22T06:23:00Z
S00687	W0012226	784	2025-02-04T01:08:00Z
S00687	W0012227	201	2025-02-05T03:51:00Z
S00687	W0012228	1273	2025-02-11T17:56:00Z
S00687	W0012229	500	2025-02-11T18:05:00Z
S00687	W0012230	805	2025-02-22T07:24:00Z
S00687	W0012231	161	2025-02-05T13:06:00Z
S00687	W0012232	570	2025-02-03T22:02:00Z
S00687	W0012233	169	2025-02-10T18:52:00Z
S00687	W0012234	686	2025-02-13T19:34:00Z
S00687	W0012235	1279	2025-02-03T17:16:00Z
S00687	W0012236	1420	2025-02-27T01:48:00Z
S00687	W0012237	608	2025-02-20T12:49:00Z
S00687	W0012238	187	2025-02-14T05:23:00Z
S00687	W0012239	91	2025-02-22T15:37:00Z
S00687	W0012240	1322	2025-02-25T09:25:00Z
S01205	W0012241	1479	2025-02-26T00:52:00Z
S01205	W0012242	1144	2025-02-20T07:44:00Z
S01205	W0012243	591	2025-02-15T09:23:00Z
S01205	W0012244	943	2025-02-12T12:49:00Z
S01205	W0012245	1622	2025-02-09T10:17:00Z
S01205	W0012246	503	2025-02-25T22:25:00Z
S01205	W0012247	1147	2025-02-28T10:41:00Z
S01205	W0012248	735	2025-02-05T03:38:00Z
S01205	W0012249	654	2025-02-16T03:32:00Z
S01205	W0012250	76	2025-02-21T13:44:00Z
S01205	W0012251	117	2025-02-25T08:58:00Z
S01205	W0012252	521	2025-02-14T03:26:00Z
S01205	W0012253	219	2025-02-26T13:02:00Z
S01205	W0012254	639	2025-02-25T20:30:00Z
S01205	W0012255	364	2025-02-11T08:42:00Z
S01205	W0012256	1115	2025-02-14T17:56:00Z
S01205	W0012257	1111	2025-02-09T09:56:00Z
S01205	W0012258	840	2025-02-23T10:18:00Z
S01484	W0012259	32	2025-02-24T08:51:00Z
S01484	W0012260	27	2025-02-01T04:10:00Z
S01484	W0012261	293	2025-02-02T14:54:00Z
S01484	W0012262	1461	2025-02-01T13:07:00Z
S01484	W0012263	918	2025-02-25T07:21:00Z
S01484	W0012264	1260	2025-02-06T13:42:00Z
S01484	W0012265	919	2025-02-02T16:00:00Z
S01484	W0012266	461	2025-02-01T14:17:00Z
S01484	W0012267	44	2025-02-10T15:56:00Z
S01484	W0012268	223	2025-02-11T00:13:00Z
S01484	W0012269	585	2025-02-17T13:56:00Z
S01484	W0012270	335	2025-02-28T19:49:00Z
S01484	W0012271	1023	2025-02-26T04:37:00Z
S01484	W0012272	542	2025-02-21T04:49:00Z
S01484	W0012273	252	2025-02-05T05:18:00Z
S01484	W0012274	1620	2025-02-05T08:58:00Z
S01484	W0012275	424	2025-02-25T05:25:00Z
S01484	W0012276	76	2025-02-01T09:25:00Z
S01484	W0012277	1237	2025-02-01T12:17:00Z
S01484	W0012278	1411	2025-02-21T17:14:00Z
S01484	W0012279	195	2025-02-21T17:00:00Z
S01484	W0012280	879	2025-02-03T19:42:00Z
S01484	W0012281	615	2025-02-24T11:56:00Z
S01484	W0012282	631	2025-02-23T14:44:00Z
S01484	W0012283	666	2025-02-27T18:15:00Z
S01484	W0012284	303	2025-02-21T04:57:00Z
S01484	W0012285	157	2025-02-19T02:34:00Z
S01484	W0012286	1259	2025-02-08T08:34:00Z
S01484	W0012287	810	2025-02-24T23:01:00Z
S01484	W0012288	565	2025-02-01T17:28:00Z
S01826	W0012289	1390	2025-02-13T09:14:00Z
S01826	W0012290	1165	2025-02-04T20:50:00Z
S01826	W0012291	1590	2025-02-19T00:38:00Z
S01826	W0012292	778	2025-02-08T09:20:00Z
S01826	W0012293	1083	2025-02-20T08:35:00Z
S01826	W0012294	1479	2025-02-02T02:09:00Z
S01826	W0012295	933	2025-02-01T08:18:00Z
S01826	W0012296	1572	2025-02-13T05:35:00Z
S01522	W0012297	857	2025-02-09T14:10:00Z
S01522	W0012298	1368	2025-02-16T13:00:00Z
S01522	W0012299	1570	2025-02-25T14:05:00Z
S01522	W0012300	606	2025-02-13T12:04:00Z
S01522	W0012301	879	2025-02-23T13:28:00Z
S00108	W0012302	1100	2025-02-10T07:19:00Z
S00108	W0012303	929	2025-02-07T20:51:00Z
S00108	W0012304	1175	2025-02-06T21:08:00Z
S00108	W0012305	1201	2025-02-28T19:53:00Z
S00108	W0012306	181	2025-02-26T23:15:00Z
S00108	W0012307	289	2025-02-15T00:11:00Z
S00108	W0012308	764	2025-02-07T19:32:00Z
S00108	W0012309	1510	2025-02-07T18:16:00Z
S00108	W0012310	1547	2025-02-28T04:18:00Z
S00108	W0012311	1702	2025-02-26T20:04:00Z
S00108	W0012312	1408	2025-02-25T19:11:00Z
S00108	W0012313	561	2025-02-19T08:06:00Z
S00108	W0012314	792	2025-02-07T22:04:00Z
S00108	W0012315	1431	2025-02-14T20:16:00Z
S00108	W0012316	1675	2025-02-15T14:13:00Z
S00108	W0012317	639	2025-02-17T16:54:00Z
S00108	W0012318	1686	2025-02-08T21:46:00Z
S00108	W0012319	634	2025-02-20T14:40:00Z
S00108	W0012320	468	2025-02-16T18:55:00Z
S00108	W0012321	386	2025-02-25T18:57:00Z
S00108	W0012322	556	2025-02-23T13:12:00Z
S00108	W0012323	650	2025-02-23T11:54:00Z
S00108	W0012324	1536	2025-02-25T14:13:00Z
S00108	W0012325	222	2025-02-02T09:34:00Z
S00108	W0012326	1440	2025-02-22T02:49:00Z
S00108	W0012327	1519	2025-02-16T12:07:00Z
S00108	W0012328	821	2025-02-03T08:13:00Z
S00108	W0012329	627	2025-02-22T19:29:00Z
S01391	W0012330	1623	2025-02-07T08:29:00Z
S01391	W0012331	1244	2025-02-10T07:17:00Z
S01391	W0012332	869	2025-02-21T10:30:00Z
S01391	W0012333	403	2025-02-22T08:39:00Z
S01391	W0012334	1086	2025-02-14T04:25:00Z
S01391	W0012335	1517	2025-02-26T10:30:00Z
S01391	W0012336	1151	2025-02-24T22:39:00Z
S01391	W0012337	1332	2025-02-24T22:41:00Z
S01391	W0012338	1685	2025-02-02T13:54:00Z
S00537	W0012339	1321	2025-02-26T22:11:00Z
S00537	W0012340	1263	2025-02-23T10:36:00Z
S00537	W0012341	62	2025-02-07T05:17:00Z
S00537	W0012342	367	2025-02-12T10:33:00Z
S00537	W0012343	602	2025-02-12T21:35:00Z
S00537	W0012344	1774	2025-02-10T12:17:00Z
S00537	W0012345	782	2025-02-04T17:32:00Z
S00537	W0012346	1197	2025-02-04T02:58:00Z
S00537	W0012347	653	2025-02-24T03:21:00Z
S00537	W0012348	1385	2025-02-13T00:22:00Z
S00537	W0012349	1159	2025-02-02T14:01:00Z
S00537	W0012350	1068	2025-02-25T21:16:00Z
S00537	W0012351	1772	2025-02-15T04:11:00Z
S00537	W0012352	1245	2025-02-18T06:53:00Z
S00537	W0012353	795	2025-02-28T06:53:00Z
S00537	W0012354	47	2025-02-20T19:58:00Z
S00053	W0012355	751	2025-02-25T15:56:00Z
S00053	W0012356	1178	2025-02-05T09:47:00Z
S00053	W0012357	1299	2025-02-04T16:31:00Z
S00053	W0012358	741	2025-02-18T10:59:00Z
S00053	W0012359	1555	2025-02-15T02:39:00Z
S00053	W0012360	1725	2025-02-07T20:41:00Z
S00053	W0012361	945	2025-02-09T09:34:00Z
S00053	W0012362	1354	2025-02-06T11:42:00Z
S00053	W0012363	1558	2025-02-14T07:58:00Z
S00053	W0012364	1115	2025-02-14T01:55:00Z
S00053	W0012365	1216	2025-02-10T23:30:00Z
S00053	W0012366	1619	2025-02-27T12:46:00Z
S00053	W0012367	197	2025-02-06T07:11:00Z
S00053	W0012368	991	2025-02-16T02:44:00Z
S00053	W0012369	417	2025-02-08T16:27:00Z
S00053	W0012370	1061	2025-02-24T07:22:00Z
S00053	W0012371	1498	2025-02-26T05:16:00Z
S00424	W0012372	1748	2025-02-10T12:31:00Z
S00424	W0012373	1277	2025-02-28T11:43:00Z
S00424	W0012374	1619	2025-02-13T07:33:00Z
S00424	W0012375	992	2025-02-12T08:15:00Z
S00424	W0012376	226	2025-02-09T02:51:00Z
S00424	W0012377	932	2025-02-10T06:24:00Z
S00424	W0012378	1731	2025-02-25T06:34:00Z
S00424	W0012379	964	2025-02-11T03:36:00Z
S00424	W0012380	1101	2025-02-09T02:37:00Z
S00424	W0012381	599	2025-02-12T17:30:00Z
S00424	W0012382	1045	2025-02-12T09:28:00Z
S00424	W0012383	1372	2025-02-13T12:30:00Z
S00424	W0012384	648	2025-02-18T04:29:00Z
S01406	W0012385	307	2025-02-02T06:16:00Z
S01406	W0012386	145	2025-02-08T06:14:00Z
S01406	W0012387	361	2025-02-08T16:06:00Z
S01406	W0012388	1046	2025-02-03T09:35:00Z
S01406	W0012389	1132	2025-02-07T18:13:00Z
S01406	W0012390	1484	2025-02-09T20:09:00Z
S01406	W0012391	1671	2025-02-14T22:43:00Z
S01406	W0012392	827	2025-02-11T18:07:00Z
S01406	W0012393	1358	2025-02-26T19:03:00Z
S01406	W0012394	1069	2025-02-19T22:37:00Z
S01406	W0012395	594	2025-02-15T20:31:00Z
S01406	W0012396	1381	2025-02-09T11:08:00Z
S01406	W0012397	1475	2025-02-06T02:33:00Z
S01406	W0012398	1579	2025-02-02T07:08:00Z
S01406	W0012399	749	2025-02-16T11:08:00Z
S01406	W0012400	1526	2025-02-24T17:44:00Z
S01406	W0012401	221	2025-02-17T01:37:00Z
S01406	W0012402	997	2025-02-14T18:25:00Z
S01406	W0012403	1368	2025-02-12T09:23:00Z
S01406	W0012404	1594	2025-02-10T18:29:00Z
S01406	W0012405	1162	2025-02-27T08:00:00Z
S01406	W0012406	1484	2025-02-02T22:41:00Z
S01406	W0012407	1561	2025-02-02T11:55:00Z
S01406	W0012408	1370	2025-02-27T07:37:00Z
S01406	W0012409	499	2025-02-16T12:42:00Z
S01406	W0012410	1480	2025-02-11T13:14:00Z
S01406	W0012411	1742	2025-02-19T22:48:00Z
S01409	W0012412	698	2025-02-11T01:03:00Z
S01409	W0012413	1455	2025-02-05T23:14:00Z
S01409	W0012414	1242	2025-02-20T02:27:00Z
S01409	W0012415	1124	2025-02-23T00:13:00Z
S01409	W0012416	1694	2025-02-01T17:23:00Z
S01409	W0012417	585	2025-02-03T15:54:00Z
S01409	W0012418	896	2025-02-02T05:08:00Z
S01409	W0012419	1585	2025-02-17T19:56:00Z
S01409	W0012420	1727	2025-02-14T07:30:00Z
S01409	W0012421	769	2025-02-25T13:39:00Z
S01409	W0012422	477	2025-02-26T02:12:00Z
S01409	W0012423	902	2025-02-24T14:11:00Z
S01409	W0012424	1735	2025-02-07T01:27:00Z
S01409	W0012425	78	2025-02-10T12:40:00Z
S01409	W0012426	1531	2025-02-10T12:58:00Z
S01409	W0012427	370	2025-02-22T21:57:00Z
S01409	W0012428	906	2025-02-02T16:43:00Z
S01409	W0012429	1404	2025-02-25T19:04:00Z
S01409	W0012430	1151	2025-02-17T03:58:00Z
S01409	W0012431	1553	2025-02-19T18:39:00Z
S01409	W0012432	598	2025-02-26T07:50:00Z
S01409	W0012433	270	2025-02-26T17:33:00Z
S01409	W0012434	481	2025-02-02T20:04:00Z
S01409	W0012435	728	2025-02-26T05:36:00Z
S01409	W0012436	1414	2025-02-03T06:09:00Z
S01409	W0012437	371	2025-02-25T11:09:00Z
S01409	W0012438	1076	2025-02-07T02:06:00Z
S01097	W0012439	317	2025-02-08T02:33:00Z
S01097	W0012440	172	2025-02-12T09:16:00Z
S01097	W0012441	1082	2025-02-24T07:33:00Z
S01097	W0012442	1227	2025-02-07T17:51:00Z
S01097	W0012443	405	2025-02-14T20:53:00Z
S01097	W0012444	803	2025-02-19T08:33:00Z
S01097	W0012445	355	2025-02-05T19:46:00Z
S01097	W0012446	1098	2025-02-23T16:42:00Z
S01097	W0012447	425	2025-02-16T21:50:00Z
S01097	W0012448	1206	2025-02-22T09:49:00Z
S01097	W0012449	1722	2025-02-24T12:11:00Z
S01097	W0012450	923	2025-02-22T09:28:00Z
S01097	W0012451	1388	2025-02-09T02:42:00Z
S01097	W0012452	146	2025-02-22T05:29:00Z
S01097	W0012453	657	2025-02-18T12:21:00Z
S01097	W0012454	1569	2025-02-23T02:57:00Z
S01097	W0012455	1103	2025-02-22T15:59:00Z
S01097	W0012456	1392	2025-02-23T19:52:00Z
S01586	W0012457	1668	2025-02-06T10:07:00Z
S01586	W0012458	1655	2025-02-17T19:31:00Z
S01586	W0012459	538	2025-02-17T03:27:00Z
S01586	W0012460	988	2025-02-09T22:57:00Z
S01586	W0012461	1287	2025-02-16T02:08:00Z
S01586	W0012462	1661	2025-02-16T05:14:00Z
S01227	W0012463	1468	2025-02-13T11:33:00Z
S01227	W0012464	1404	2025-02-21T13:15:00Z
S01227	W0012465	1000	2025-02-27T18:56:00Z
S01227	W0012466	54	2025-02-13T20:34:00Z
S01227	W0012467	961	2025-02-27T18:01:00Z
S01227	W0012468	1381	2025-02-23T19:25:00Z
S01227	W0012469	212	2025-02-17T17:16:00Z
S01227	W0012470	1115	2025-02-28T23:08:00Z
S01227	W0012471	953	2025-02-09T16:52:00Z
S01227	W0012472	778	2025-02-04T07:40:00Z
S01227	W0012473	1328	2025-02-15T20:35:00Z
S01227	W0012474	1578	2025-02-01T11:32:00Z
S01227	W0012475	351	2025-02-03T13:21:00Z
S01227	W0012476	1756	2025-02-14T07:02:00Z
S01227	W0012477	264	2025-02-25T07:44:00Z
S01227	W0012478	789	2025-02-24T09:03:00Z
S01227	W0012479	1776	2025-02-20T03:56:00Z
S01227	W0012480	1530	2025-02-16T13:12:00Z
S01227	W0012481	939	2025-02-10T17:41:00Z
S01227	W0012482	1436	2025-02-12T14:48:00Z
S01227	W0012483	51	2025-02-06T06:56:00Z
S01227	W0012484	613	2025-02-22T17:44:00Z
S01227	W0012485	839	2025-02-23T06:55:00Z
S01227	W0012486	1006	2025-02-07T12:38:00Z
S01227	W0012487	833	2025-02-24T07:04:00Z
S01227	W0012488	557	2025-02-08T05:20:00Z
S01227	W0012489	157	2025-02-22T16:56:00Z
S01227	W0012490	1251	2025-02-25T07:59:00Z
S01914	W0012491	1621	2025-02-27T09:18:00Z
S01914	W0012492	1042	2025-02-14T08:53:00Z
S01914	W0012493	657	2025-02-20T05:45:00Z
S01914	W0012494	821	2025-02-16T10:04:00Z
S01914	W0012495	881	2025-02-21T22:07:00Z
S01914	W0012496	339	2025-02-06T01:34:00Z
S01914	W0012497	945	2025-02-27T21:26:00Z
S01914	W0012498	1280	2025-02-02T18:32:00Z
S01914	W0012499	214	2025-02-13T20:15:00Z
S01914	W0012500	1621	2025-02-03T07:08:00Z
S01914	W0012501	1393	2025-02-09T21:24:00Z
S01914	W0012502	867	2025-02-08T04:56:00Z
S01914	W0012503	1746	2025-02-24T22:46:00Z
S01914	W0012504	609	2025-02-08T20:26:00Z
S01914	W0012505	1427	2025-02-05T23:56:00Z
S01914	W0012506	293	2025-02-20T00:01:00Z
S01914	W0012507	599	2025-02-19T11:42:00Z
S01914	W0012508	1353	2025-02-25T11:22:00Z
S01914	W0012509	762	2025-02-14T17:16:00Z
S01914	W0012510	1674	2025-02-12T06:25:00Z
S01914	W0012511	867	2025-02-02T00:14:00Z
S00352	W0012512	1092	2025-02-13T14:52:00Z
S00352	W0012513	874	2025-02-09T03:32:00Z
S00352	W0012514	23	2025-02-05T21:45:00Z
S00352	W0012515	109	2025-02-24T14:16:00Z
S00352	W0012516	1603	2025-02-22T16:03:00Z
S00352	W0012517	469	2025-02-05T09:57:00Z
S00352	W0012518	1121	2025-02-14T04:55:00Z
S00352	W0012519	1413	2025-02-16T23:13:00Z
S00352	W0012520	891	2025-02-25T10:25:00Z
S00352	W0012521	1504	2025-02-13T19:54:00Z
S00352	W0012522	1469	2025-02-08T01:09:00Z
S00352	W0012523	1154	2025-02-22T03:39:00Z
S00352	W0012524	1603	2025-02-10T05:18:00Z
S00352	W0012525	96	2025-02-22T20:46:00Z
S00352	W0012526	212	2025-02-14T04:59:00Z
S00352	W0012527	1596	2025-02-20T04:48:00Z
S00352	W0012528	524	2025-02-01T21:47:00Z
S00352	W0012529	1013	2025-02-07T16:05:00Z
S00352	W0012530	1023	2025-02-04T04:49:00Z
S00352	W0012531	451	2025-02-15T14:46:00Z
S00177	W0012532	769	2025-02-19T20:21:00Z
S00177	W0012533	1738	2025-02-04T15:43:00Z
S00177	W0012534	234	2025-02-09T18:16:00Z
S00177	W0012535	396	2025-02-06T21:58:00Z
S00177	W0012536	413	2025-02-28T17:52:00Z
S00177	W0012537	600	2025-02-21T09:09:00Z
S00177	W0012538	722	2025-02-01T20:05:00Z
S00177	W0012539	1356	2025-02-23T10:06:00Z
S00177	W0012540	144	2025-02-23T05:45:00Z
S00177	W0012541	1531	2025-02-18T22:19:00Z
S00177	W0012542	700	2025-02-22T20:31:00Z
S00177	W0012543	30	2025-02-03T12:41:00Z
S00177	W0012544	1589	2025-02-21T04:15:00Z
S00177	W0012545	893	2025-02-25T13:19:00Z
S00177	W0012546	619	2025-02-04T09:06:00Z
S00177	W0012547	861	2025-02-02T10:46:00Z
S00177	W0012548	873	2025-02-01T11:59:00Z
S00177	W0012549	499	2025-02-03T13:49:00Z
S00177	W0012550	1317	2025-02-17T17:50:00Z
S00177	W0012551	96	2025-02-07T19:28:00Z
S00177	W0012552	1296	2025-02-21T17:25:00Z
S00177	W0012553	1352	2025-02-05T17:18:00Z
S00177	W0012554	1486	2025-02-10T00:43:00Z
S00177	W0012555	676	2025-02-20T09:21:00Z
S00177	W0012556	1695	2025-02-02T13:15:00Z
S00177	W0012557	819	2025-02-28T02:22:00Z
S00177	W0012558	446	2025-02-11T00:07:00Z
S01798	W0012559	509	2025-02-21T12:52:00Z
S01798	W0012560	1635	2025-02-03T22:16:00Z
S01798	W0012561	884	2025-02-13T07:44:00Z
S01798	W0012562	280	2025-02-09T00:37:00Z
S01798	W0012563	770	2025-02-02T15:03:00Z
S01798	W0012564	364	2025-02-19T09:08:00Z
S01798	W0012565	630	2025-02-26T05:04:00Z
S01798	W0012566	1165	2025-02-19T15:36:00Z
S01798	W0012567	1702	2025-02-25T18:04:00Z
S01798	W0012568	1092	2025-02-22T20:17:00Z
S01798	W0012569	1286	2025-02-28T21:56:00Z
S01798	W0012570	1176	2025-02-25T20:38:00Z
S01798	W0012571	206	2025-02-16T17:29:00Z
S01798	W0012572	410	2025-02-17T22:03:00Z
S01798	W0012573	727	2025-02-13T06:34:00Z
S01798	W0012574	172	2025-02-07T11:48:00Z
S01798	W0012575	79	2025-02-08T12:45:00Z
S01798	W0012576	1526	2025-02-07T15:40:00Z
S01798	W0012577	501	2025-02-05T05:45:00Z
S01798	W0012578	232	2025-02-01T19:04:00Z
S01798	W0012579	1166	2025-02-02T09:33:00Z
S01798	W0012580	99	2025-02-19T18:33:00Z
S01798	W0012581	1008	2025-02-14T12:53:00Z
S01798	W0012582	1050	2025-02-15T13:04:00Z
S01798	W0012583	1713	2025-02-22T03:11:00Z
S01753	W0012584	1713	2025-02-13T12:55:00Z
S01753	W0012585	1305	2025-02-19T13:13:00Z
S01753	W0012586	640	2025-02-14T20:03:00Z
S01753	W0012587	397	2025-02-04T01:13:00Z
S01753	W0012588	237	2025-02-11T11:05:00Z
S01753	W0012589	220	2025-02-20T15:24:00Z
S01753	W0012590	1464	2025-02-17T05:17:00Z
S01753	W0012591	784	2025-02-28T19:34:00Z
S01753	W0012592	443	2025-02-14T23:13:00Z
S01753	W0012593	108	2025-02-04T18:01:00Z
S01753	W0012594	642	2025-02-16T05:27:00Z
S01753	W0012595	1275	2025-02-05T10:33:00Z
S01753	W0012596	1734	2025-02-19T03:25:00Z
S01753	W0012597	1486	2025-02-12T22:33:00Z
S00290	W0012598	715	2025-02-12T06:12:00Z
S00290	W0012599	1467	2025-02-22T15:52:00Z
S00290	W0012600	79	2025-02-05T14:16:00Z
S00290	W0012601	1266	2025-02-19T08:31:00Z
S00290	W0012602	1048	2025-02-01T03:58:00Z
S00290	W0012603	1590	2025-02-14T02:39:00Z
S00290	W0012604	1001	2025-02-17T01:22:00Z
S00290	W0012605	1332	2025-02-17T08:31:00Z
S00290	W0012606	599	2025-02-07T13:47:00Z
S00290	W0012607	1035	2025-02-04T05:17:00Z
S00290	W0012608	782	2025-02-14T20:54:00Z
S00290	W0012609	1492	2025-02-01T20:43:00Z
S00290	W0012610	231	2025-02-28T14:15:00Z
S00290	W0012611	1704	2025-02-03T03:34:00Z
S00290	W0012612	638	2025-02-03T13:11:00Z
S00290	W0012613	1719	2025-02-16T20:43:00Z
S00290	W0012614	838	2025-02-17T05:13:00Z
S00290	W0012615	48	2025-02-13T01:13:00Z
S00290	W0012616	1676	2025-02-16T00:39:00Z
S00290	W0012617	1579	2025-02-06T02:38:00Z
S00290	W0012618	1370	2025-02-11T14:24:00Z
S00290	W0012619	623	2025-02-01T01:18:00Z
S00290	W0012620	26	2025-02-28T11:32:00Z
S00290	W0012621	791	2025-02-24T00:45:00Z
S01981	W0012622	1246	2025-02-04T04:43:00Z
S01981	W0012623	878	2025-02-20T14:57:00Z
S01981	W0012624	846	2025-02-01T04:50:00Z
S01981	W0012625	1239	2025-02-01T18:06:00Z
S01981	W0012626	1146	2025-02-24T07:40:00Z
S01981	W0012627	908	2025-02-05T17:50:00Z
S01981	W0012628	723	2025-02-28T04:57:00Z
S01981	W0012629	150	2025-02-24T09:02:00Z
S01981	W0012630	1219	2025-02-10T03:24:00Z
S01981	W0012631	1530	2025-02-05T03:59:00Z
S01981	W0012632	168	2025-02-10T16:06:00Z
S01981	W0012633	476	2025-02-13T13:53:00Z
S01981	W0012634	911	2025-02-17T22:00:00Z
S01981	W0012635	610	2025-02-06T20:15:00Z
S01981	W0012636	951	2025-02-27T02:52:00Z
S01981	W0012637	169	2025-02-04T21:59:00Z
S01981	W0012638	636	2025-02-13T20:42:00Z
S01981	W0012639	591	2025-02-28T15:58:00Z
S01981	W0012640	1305	2025-02-05T19:00:00Z
S01981	W0012641	459	2025-02-06T23:50:00Z
S01721	W0012642	1581	2025-02-10T19:16:00Z
S01721	W0012643	1711	2025-02-20T00:27:00Z
S01721	W0012644	1402	2025-02-20T21:57:00Z
S01721	W0012645	614	2025-02-14T19:59:00Z
S01721	W0012646	1615	2025-02-06T21:44:00Z
S01721	W0012647	148	2025-02-04T18:15:00Z
S01721	W0012648	1080	2025-02-03T06:07:00Z
S01721	W0012649	215	2025-02-10T03:14:00Z
S01721	W0012650	1376	2025-02-09T08:12:00Z
S01721	W0012651	862	2025-02-19T15:14:00Z
S01721	W0012652	266	2025-02-28T07:13:00Z
S00864	W0012653	893	2025-02-06T07:09:00Z
S00864	W0012654	836	2025-02-14T17:49:00Z
S00864	W0012655	1481	2025-02-15T00:16:00Z
S00864	W0012656	645	2025-02-06T13:56:00Z
S00864	W0012657	725	2025-02-09T22:55:00Z
S00864	W0012658	1652	2025-02-16T13:21:00Z
S00864	W0012659	1499	2025-02-08T18:50:00Z
S00864	W0012660	1658	2025-02-13T23:53:00Z
S00864	W0012661	1238	2025-02-25T10:32:00Z
S00864	W0012662	403	2025-02-27T11:00:00Z
S00864	W0012663	902	2025-02-20T07:35:00Z
S00864	W0012664	407	2025-02-25T23:02:00Z
S00864	W0012665	352	2025-02-24T10:02:00Z
S00864	W0012666	97	2025-02-20T13:57:00Z
S01275	W0012667	695	2025-02-24T09:01:00Z
S01275	W0012668	420	2025-02-13T06:25:00Z
S01275	W0012669	172	2025-02-06T20:17:00Z
S01275	W0012670	1485	2025-02-16T22:11:00Z
S01275	W0012671	1099	2025-02-13T02:04:00Z
S01275	W0012672	338	2025-02-21T10:04:00Z
S01275	W0012673	1019	2025-02-13T02:07:00Z
S01275	W0012674	114	2025-02-03T19:56:00Z
S01275	W0012675	1004	2025-02-02T07:28:00Z
S01275	W0012676	1773	2025-02-12T02:46:00Z
S01275	W0012677	959	2025-02-05T10:32:00Z
S01359	W0012678	1658	2025-02-20T05:21:00Z
S01359	W0012679	68	2025-02-16T01:28:00Z
S01359	W0012680	1248	2025-02-21T20:43:00Z
S01359	W0012681	1452	2025-02-10T08:14:00Z
S01359	W0012682	1285	2025-02-23T17:25:00Z
S01359	W0012683	932	2025-02-11T07:35:00Z
S01359	W0012684	717	2025-02-28T05:29:00Z
S01359	W0012685	737	2025-02-17T15:50:00Z
S01359	W0012686	589	2025-02-05T18:28:00Z
S01359	W0012687	1508	2025-02-22T05:49:00Z
S01359	W0012688	1247	2025-02-07T02:56:00Z
S01359	W0012689	1089	2025-02-28T11:28:00Z
S01359	W0012690	1572	2025-02-26T10:36:00Z
S01359	W0012691	726	2025-02-26T11:02:00Z
S01359	W0012692	766	2025-02-26T13:34:00Z
S01359	W0012693	180	2025-02-18T17:08:00Z
S01359	W0012694	323	2025-02-21T03:47:00Z
S01359	W0012695	952	2025-02-06T13:19:00Z
S01359	W0012696	921	2025-02-18T03:09:00Z
S01359	W0012697	79	2025-02-13T15:24:00Z
S01359	W0012698	1579	2025-02-22T08:36:00Z
S01359	W0012699	837	2025-02-15T05:05:00Z
S01359	W0012700	371	2025-02-06T17:12:00Z
S01359	W0012701	245	2025-02-08T10:32:00Z
S01359	W0012702	843	2025-02-22T01:29:00Z
S01359	W0012703	319	2025-02-17T08:57:00Z
S00046	W0012704	1388	2025-02-17T23:13:00Z
S00046	W0012705	645	2025-02-09T12:03:00Z
S00046	W0012706	878	2025-02-27T09:24:00Z
S00046	W0012707	726	2025-02-17T07:40:00Z
S00046	W0012708	1672	2025-02-18T16:38:00Z
S00046	W0012709	390	2025-02-28T11:21:00Z
S00046	W0012710	1217	2025-02-16T20:04:00Z
S00046	W0012711	989	2025-02-10T21:09:00Z
S00046	W0012712	1501	2025-02-05T08:47:00Z
S00046	W0012713	894	2025-02-01T00:11:00Z
S00046	W0012714	592	2025-02-11T12:18:00Z
S00046	W0012715	1394	2025-02-06T06:38:00Z
S00046	W0012716	1207	2025-02-06T02:23:00Z
S00046	W0012717	1541	2025-02-14T22:26:00Z
S00046	W0012718	198	2025-02-23T22:24:00Z
S00046	W0012719	948	2025-02-18T14:23:00Z
S00046	W0012720	42	2025-02-25T05:42:00Z
S00046	W0012721	52	2025-02-01T19:14:00Z
S00046	W0012722	886	2025-02-20T01:46:00Z
S00046	W0012723	1374	2025-02-21T01:59:00Z
S00046	W0012724	1078	2025-02-10T06:38:00Z
S00046	W0012725	1001	2025-02-04T17:16:00Z
S00046	W0012726	1280	2025-02-18T09:28:00Z
S00046	W0012727	995	2025-02-18T11:11:00Z
S00046	W0012728	650	2025-02-20T08:03:00Z
S00179	W0012729	1267	2025-02-22T12:21:00Z
S00179	W0012730	1063	2025-02-07T04:01:00Z
S00179	W0012731	742	2025-02-17T19:53:00Z
S00179	W0012732	1003	2025-02-10T19:53:00Z
S00179	W0012733	998	2025-02-12T09:45:00Z
S00179	W0012734	796	2025-02-10T15:08:00Z
S00179	W0012735	1707	2025-02-11T15:51:00Z
S00179	W0012736	393	2025-02-19T20:09:00Z
S00179	W0012737	142	2025-02-05T06:37:00Z
S00179	W0012738	1632	2025-02-17T00:02:00Z
S00179	W0012739	1447	2025-02-17T17:18:00Z
S00179	W0012740	1361	2025-02-23T08:29:00Z
S00179	W0012741	1359	2025-02-17T05:11:00Z
S00179	W0012742	319	2025-02-18T21:57:00Z
S00179	W0012743	1744	2025-02-08T17:41:00Z
S00179	W0012744	594	2025-02-11T10:04:00Z
S00179	W0012745	975	2025-02-22T18:54:00Z
S00179	W0012746	619	2025-02-20T16:07:00Z
S00179	W0012747	1726	2025-02-11T18:10:00Z
S00179	W0012748	1057	2025-02-11T10:24:00Z
S00179	W0012749	259	2025-02-18T14:20:00Z
S00179	W0012750	1319	2025-02-22T03:45:00Z
S00179	W0012751	340	2025-02-15T20:42:00Z
S00179	W0012752	987	2025-02-13T12:35:00Z
S00179	W0012753	974	2025-02-28T13:39:00Z
S00911	W0012754	28	2025-02-09T16:27:00Z
S00911	W0012755	1250	2025-02-09T09:09:00Z
S00911	W0012756	176	2025-02-20T10:11:00Z
S00911	W0012757	1134	2025-02-21T11:08:00Z
S00911	W0012758	456	2025-02-27T12:17:00Z
S00911	W0012759	352	2025-02-28T01:51:00Z
S00911	W0012760	1690	2025-02-25T10:02:00Z
S00911	W0012761	592	2025-02-13T20:50:00Z
S00911	W0012762	743	2025-02-18T22:36:00Z
S01802	W0012763	1424	2025-02-15T09:29:00Z
S01802	W0012764	329	2025-02-24T10:20:00Z
S01802	W0012765	71	2025-02-12T14:19:00Z
S01802	W0012766	604	2025-02-10T11:10:00Z
S01802	W0012767	1567	2025-02-15T08:24:00Z
S01802	W0012768	46	2025-02-16T22:11:00Z
S01802	W0012769	832	2025-02-14T17:58:00Z
S01802	W0012770	1040	2025-02-12T12:20:00Z
S01802	W0012771	1270	2025-02-28T09:15:00Z
S01802	W0012772	671	2025-02-04T10:11:00Z
S01802	W0012773	1595	2025-02-23T14:44:00Z
S01802	W0012774	190	2025-02-18T03:13:00Z
S01802	W0012775	128	2025-02-18T13:36:00Z
S01802	W0012776	699	2025-02-06T19:52:00Z
S01802	W0012777	1097	2025-02-23T17:39:00Z
S01802	W0012778	706	2025-02-09T00:31:00Z
S01802	W0012779	574	2025-02-18T13:25:00Z
S01802	W0012780	1061	2025-02-24T12:37:00Z
S01802	W0012781	43	2025-02-19T16:41:00Z
S01802	W0012782	561	2025-02-17T11:07:00Z
S01802	W0012783	1166	2025-02-19T06:58:00Z
S00796	W0012784	1265	2025-02-21T16:11:00Z
S00796	W0012785	929	2025-02-16T10:58:00Z
S00796	W0012786	1551	2025-02-03T04:17:00Z
S00796	W0012787	1509	2025-02-28T08:04:00Z
S00796	W0012788	533	2025-02-18T12:51:00Z
S00796	W0012789	1611	2025-02-03T04:23:00Z
S00744	W0012790	1787	2025-02-04T20:06:00Z
S00744	W0012791	450	2025-02-15T11:37:00Z
S00744	W0012792	1683	2025-02-24T15:39:00Z
S00744	W0012793	772	2025-02-25T16:29:00Z
S00744	W0012794	145	2025-02-11T02:11:00Z
S00744	W0012795	376	2025-02-21T05:04:00Z
S00744	W0012796	616	2025-02-17T07:23:00Z
S00744	W0012797	437	2025-02-17T16:28:00Z
S00744	W0012798	182	2025-02-19T02:03:00Z
S00744	W0012799	1583	2025-02-03T04:10:00Z
S00744	W0012800	638	2025-02-02T08:00:00Z
S00744	W0012801	1549	2025-02-01T18:19:00Z
S00744	W0012802	1031	2025-02-17T11:02:00Z
S00744	W0012803	1637	2025-02-27T22:17:00Z
S00744	W0012804	1201	2025-02-06T07:12:00Z
S00744	W0012805	435	2025-02-18T16:43:00Z
S00744	W0012806	1445	2025-02-21T16:50:00Z
S00744	W0012807	736	2025-02-23T10:41:00Z
S00266	W0012808	465	2025-02-23T19:56:00Z
S00266	W0012809	515	2025-02-07T16:51:00Z
S00266	W0012810	809	2025-02-03T12:26:00Z
S00266	W0012811	1300	2025-02-22T13:35:00Z
S00266	W0012812	396	2025-02-18T19:27:00Z
S00266	W0012813	291	2025-02-12T03:10:00Z
S00266	W0012814	1385	2025-02-16T02:32:00Z
S00266	W0012815	1147	2025-02-12T00:13:00Z
S00266	W0012816	513	2025-02-27T19:08:00Z
S00266	W0012817	403	2025-02-21T06:18:00Z
S00266	W0012818	549	2025-02-02T09:57:00Z
S00266	W0012819	654	2025-02-07T05:56:00Z
S00266	W0012820	999	2025-02-02T22:58:00Z
S00266	W0012821	209	2025-02-19T10:14:00Z
S00266	W0012822	843	2025-02-06T22:27:00Z
S01616	W0012823	364	2025-02-11T00:50:00Z
S01616	W0012824	734	2025-02-02T04:19:00Z
S01616	W0012825	169	2025-02-17T17:21:00Z
S01616	W0012826	1172	2025-02-24T00:02:00Z
S01616	W0012827	267	2025-02-14T10:51:00Z
S01616	W0012828	127	2025-02-11T06:04:00Z
S01616	W0012829	1775	2025-02-28T08:55:00Z
S01616	W0012830	1083	2025-02-18T22:40:00Z
S01616	W0012831	1466	2025-02-21T16:25:00Z
S00757	W0012832	1405	2025-02-01T17:16:00Z
S00757	W0012833	791	2025-02-24T15:34:00Z
S00757	W0012834	1389	2025-02-12T21:11:00Z
S00757	W0012835	1065	2025-02-23T07:24:00Z
S00757	W0012836	1575	2025-02-23T13:08:00Z
S00757	W0012837	798	2025-02-07T04:39:00Z
S00757	W0012838	1154	2025-02-21T09:58:00Z
S00757	W0012839	1410	2025-02-28T20:53:00Z
S00757	W0012840	199	2025-02-08T11:18:00Z
S00757	W0012841	499	2025-02-11T05:31:00Z
S01895	W0012842	298	2025-02-02T16:08:00Z
S01895	W0012843	1217	2025-02-03T19:42:00Z
S01895	W0012844	399	2025-02-27T02:26:00Z
S01895	W0012845	1799	2025-02-19T16:52:00Z
S01895	W0012846	940	2025-02-18T21:11:00Z
S01895	W0012847	1511	2025-02-19T19:36:00Z
S01895	W0012848	1241	2025-02-04T04:19:00Z
S01895	W0012849	1383	2025-02-09T04:04:00Z
S01895	W0012850	696	2025-02-14T22:35:00Z
S01895	W0012851	361	2025-02-03T08:35:00Z
S01895	W0012852	1569	2025-02-09T22:30:00Z
S01895	W0012853	1160	2025-02-02T22:42:00Z
S01895	W0012854	1309	2025-02-03T11:18:00Z
S01895	W0012855	882	2025-02-21T16:45:00Z
S01895	W0012856	548	2025-02-09T14:50:00Z
S01895	W0012857	1579	2025-02-27T19:14:00Z
S01895	W0012858	771	2025-02-25T17:55:00Z
S01895	W0012859	289	2025-02-28T09:40:00Z
S01895	W0012860	1645	2025-02-26T22:25:00Z
S01895	W0012861	832	2025-02-02T02:17:00Z
S01895	W0012862	1414	2025-02-27T04:06:00Z
S01723	W0012863	1757	2025-02-19T03:49:00Z
S01723	W0012864	842	2025-02-02T23:43:00Z
S01723	W0012865	272	2025-02-13T12:38:00Z
S01723	W0012866	373	2025-02-11T16:20:00Z
S01723	W0012867	1682	2025-02-12T23:31:00Z
S01723	W0012868	712	2025-02-05T11:03:00Z
S01723	W0012869	695	2025-02-06T08:49:00Z
S01723	W0012870	499	2025-02-24T07:53:00Z
S01723	W0012871	34	2025-02-22T05:42:00Z
S01723	W0012872	363	2025-02-20T06:02:00Z
S01697	W0012873	360	2025-02-15T04:31:00Z
S01697	W0012874	722	2025-02-05T07:33:00Z
S01697	W0012875	184	2025-02-19T12:57:00Z
S01697	W0012876	508	2025-02-13T05:40:00Z
S01697	W0012877	735	2025-02-15T23:08:00Z
S01697	W0012878	925	2025-02-28T10:07:00Z
S01697	W0012879	1271	2025-02-20T03:04:00Z
S01697	W0012880	1788	2025-02-22T11:13:00Z
S01697	W0012881	838	2025-02-25T01:58:00Z
S01697	W0012882	1204	2025-02-25T19:54:00Z
S01697	W0012883	228	2025-02-27T21:35:00Z
S01697	W0012884	1102	2025-02-07T04:36:00Z
S01697	W0012885	444	2025-02-23T07:16:00Z
S01697	W0012886	540	2025-02-25T00:57:00Z
S01697	W0012887	418	2025-02-17T12:11:00Z
S01697	W0012888	110	2025-02-28T17:25:00Z
S01697	W0012889	614	2025-02-25T18:49:00Z
S01697	W0012890	656	2025-02-22T16:36:00Z
S01697	W0012891	1259	2025-02-28T06:58:00Z
S01697	W0012892	622	2025-02-12T10:36:00Z
S01697	W0012893	1197	2025-02-22T22:43:00Z
S01697	W0012894	630	2025-02-19T23:10:00Z
S01697	W0012895	1754	2025-02-09T07:03:00Z
S01541	W0012896	1457	2025-02-02T21:01:00Z
S01541	W0012897	1282	2025-02-02T22:24:00Z
S01541	W0012898	1588	2025-02-03T06:59:00Z
S01541	W0012899	842	2025-02-09T22:44:00Z
S01541	W0012900	1462	2025-02-17T03:22:00Z
S01541	W0012901	752	2025-02-14T11:40:00Z
S01541	W0012902	1303	2025-02-19T01:20:00Z
S01541	W0012903	831	2025-02-15T06:59:00Z
S01541	W0012904	1593	2025-02-13T08:48:00Z
S01541	W0012905	287	2025-02-08T13:55:00Z
S01541	W0012906	810	2025-02-10T17:23:00Z
S01541	W0012907	806	2025-02-20T13:56:00Z
S01541	W0012908	464	2025-02-20T13:18:00Z
S01541	W0012909	139	2025-02-03T10:41:00Z
S01541	W0012910	1313	2025-02-16T18:43:00Z
S01541	W0012911	1495	2025-02-03T22:34:00Z
S01541	W0012912	946	2025-02-25T03:16:00Z
S01541	W0012913	707	2025-02-11T17:42:00Z
S01541	W0012914	1216	2025-02-28T10:29:00Z
S01541	W0012915	235	2025-02-14T14:51:00Z
S01541	W0012916	1611	2025-02-28T18:22:00Z
S01541	W0012917	1117	2025-02-27T20:29:00Z
S01541	W0012918	1704	2025-02-09T10:27:00Z
S01541	W0012919	396	2025-02-14T04:14:00Z
S01541	W0012920	63	2025-02-13T00:00:00Z
S01541	W0012921	273	2025-02-22T14:24:00Z
S01541	W0012922	713	2025-02-09T02:19:00Z
S01541	W0012923	1514	2025-02-13T18:14:00Z
S01541	W0012924	926	2025-02-22T13:46:00Z
S00915	W0012925	1066	2025-02-28T05:43:00Z
S00915	W0012926	364	2025-02-09T02:41:00Z
S00915	W0012927	769	2025-02-26T07:53:00Z
S00915	W0012928	555	2025-02-27T11:00:00Z
S00915	W0012929	798	2025-02-27T11:32:00Z
S00915	W0012930	1498	2025-02-11T23:22:00Z
S00915	W0012931	819	2025-02-17T05:55:00Z
S00915	W0012932	1399	2025-02-04T03:04:00Z
S00915	W0012933	1116	2025-02-24T08:28:00Z
S00915	W0012934	289	2025-02-05T01:00:00Z
S01574	W0012935	971	2025-02-05T21:19:00Z
S01574	W0012936	1720	2025-02-16T06:52:00Z
S01574	W0012937	347	2025-02-09T08:55:00Z
S01574	W0012938	276	2025-02-01T11:45:00Z
S01574	W0012939	915	2025-02-11T01:26:00Z
S01574	W0012940	1655	2025-02-16T19:03:00Z
S01574	W0012941	995	2025-02-16T11:58:00Z
S00934	W0012942	116	2025-02-06T14:29:00Z
S00934	W0012943	1208	2025-02-18T12:02:00Z
S00934	W0012944	992	2025-02-28T19:30:00Z
S00934	W0012945	1590	2025-02-12T11:58:00Z
S00934	W0012946	1703	2025-02-26T00:10:00Z
S00934	W0012947	1530	2025-02-02T00:50:00Z
S00934	W0012948	640	2025-02-19T15:59:00Z
S00934	W0012949	632	2025-02-23T09:13:00Z
S00934	W0012950	1552	2025-02-02T13:13:00Z
S00934	W0012951	311	2025-02-02T00:07:00Z
S00934	W0012952	201	2025-02-11T11:00:00Z
S00934	W0012953	1182	2025-02-01T00:07:00Z
S00934	W0012954	369	2025-02-09T07:29:00Z
S00934	W0012955	260	2025-02-19T02:40:00Z
S00934	W0012956	1238	2025-02-05T10:21:00Z
S00934	W0012957	1746	2025-02-25T18:44:00Z
S00934	W0012958	837	2025-02-23T02:25:00Z
S01975	W0012959	103	2025-02-03T11:11:00Z
S01975	W0012960	890	2025-02-21T09:59:00Z
S01975	W0012961	822	2025-02-01T09:32:00Z
S01975	W0012962	1630	2025-02-26T14:56:00Z
S01975	W0012963	20	2025-02-02T14:28:00Z
S01975	W0012964	1550	2025-02-14T16:04:00Z
S01975	W0012965	1136	2025-02-15T01:53:00Z
S01975	W0012966	198	2025-02-17T00:17:00Z
S01975	W0012967	1696	2025-02-14T05:20:00Z
S01975	W0012968	1229	2025-02-23T12:38:00Z
S01975	W0012969	1614	2025-02-14T11:48:00Z
S01975	W0012970	1245	2025-02-07T22:53:00Z
S01975	W0012971	43	2025-02-10T07:46:00Z
S01975	W0012972	1252	2025-02-11T04:09:00Z
S01975	W0012973	1146	2025-02-04T15:56:00Z
S01975	W0012974	129	2025-02-22T14:28:00Z
S01975	W0012975	1106	2025-02-23T03:36:00Z
S01975	W0012976	423	2025-02-01T15:45:00Z
S01975	W0012977	1065	2025-02-26T01:11:00Z
S01975	W0012978	1117	2025-02-18T21:11:00Z
S01975	W0012979	1189	2025-02-26T03:14:00Z
S01975	W0012980	1212	2025-02-08T12:41:00Z
S00300	W0012981	1004	2025-02-27T23:49:00Z
S00300	W0012982	1395	2025-02-21T21:22:00Z
S00300	W0012983	1172	2025-02-03T02:56:00Z
S00300	W0012984	1155	2025-02-01T14:50:00Z
S00300	W0012985	589	2025-02-14T16:40:00Z
S00300	W0012986	1400	2025-02-18T01:36:00Z
S00300	W0012987	1380	2025-02-13T07:45:00Z
S00300	W0012988	403	2025-02-24T18:19:00Z
S00300	W0012989	279	2025-02-21T05:53:00Z
S00300	W0012990	1705	2025-02-16T04:17:00Z
S00300	W0012991	1211	2025-02-06T12:06:00Z
S00300	W0012992	936	2025-02-09T17:06:00Z
S00300	W0012993	311	2025-02-28T23:16:00Z
S00300	W0012994	693	2025-02-05T21:07:00Z
S00300	W0012995	317	2025-02-17T14:53:00Z
S00300	W0012996	815	2025-02-06T21:00:00Z
S00300	W0012997	1285	2025-02-11T21:57:00Z
S00300	W0012998	1352	2025-02-07T14:25:00Z
S00300	W0012999	381	2025-02-23T01:28:00Z
S00300	W0013000	485	2025-02-06T14:42:00Z
S00300	W0013001	426	2025-02-05T10:11:00Z
S00300	W0013002	1359	2025-02-21T14:38:00Z
S00300	W0013003	802	2025-02-25T06:32:00Z
S00300	W0013004	1667	2025-02-27T10:40:00Z
S00300	W0013005	865	2025-02-28T18:11:00Z
S00300	W0013006	688	2025-02-19T23:51:00Z
S00300	W0013007	147	2025-02-01T16:45:00Z
S00300	W0013008	502	2025-02-05T22:06:00Z
S00300	W0013009	691	2025-02-03T23:22:00Z
S00300	W0013010	1529	2025-02-03T09:15:00Z
S00795	W0013011	1070	2025-02-27T20:38:00Z
S00795	W0013012	214	2025-02-02T04:30:00Z
S00795	W0013013	963	2025-02-19T13:27:00Z
S00795	W0013014	983	2025-02-25T21:55:00Z
S00795	W0013015	53	2025-02-16T15:32:00Z
S00795	W0013016	1507	2025-02-22T00:35:00Z
S00795	W0013017	1492	2025-02-05T17:24:00Z
S00795	W0013018	1462	2025-02-20T01:02:00Z
S00795	W0013019	1626	2025-02-09T16:44:00Z
S00795	W0013020	1047	2025-02-06T03:16:00Z
S00795	W0013021	1254	2025-02-05T15:47:00Z
S00795	W0013022	884	2025-02-10T02:03:00Z
S00795	W0013023	1034	2025-02-18T02:29:00Z
S00795	W0013024	1503	2025-02-11T21:30:00Z
S00795	W0013025	726	2025-02-17T14:36:00Z
S00795	W0013026	1263	2025-02-18T12:52:00Z
S00795	W0013027	856	2025-02-01T00:22:00Z
S00795	W0013028	874	2025-02-08T16:36:00Z
S00795	W0013029	1503	2025-02-07T07:53:00Z
S00795	W0013030	954	2025-02-13T23:19:00Z
S00795	W0013031	566	2025-02-14T22:15:00Z
S00795	W0013032	1708	2025-02-25T06:46:00Z
S00795	W0013033	1634	2025-02-09T01:29:00Z
S00795	W0013034	228	2025-02-14T08:40:00Z
S00795	W0013035	790	2025-02-09T23:50:00Z
S00795	W0013036	1731	2025-02-07T05:25:00Z
S00795	W0013037	1385	2025-02-20T19:22:00Z
S00795	W0013038	364	2025-02-21T05:36:00Z
S01654	W0013039	1053	2025-02-21T10:50:00Z
S01654	W0013040	285	2025-02-04T14:57:00Z
S01654	W0013041	1686	2025-02-14T01:28:00Z
S01654	W0013042	150	2025-02-19T00:26:00Z
S01654	W0013043	1205	2025-02-22T05:34:00Z
S01654	W0013044	373	2025-02-16T22:15:00Z
S01654	W0013045	103	2025-02-27T05:24:00Z
S01654	W0013046	1062	2025-02-02T07:54:00Z
S01654	W0013047	1517	2025-02-28T20:43:00Z
S01654	W0013048	1261	2025-02-10T20:46:00Z
S01654	W0013049	700	2025-02-12T15:04:00Z
S01654	W0013050	1344	2025-02-06T01:03:00Z
S01654	W0013051	1720	2025-02-23T12:57:00Z
S01654	W0013052	812	2025-02-04T11:34:00Z
S01654	W0013053	477	2025-02-15T15:14:00Z
S01654	W0013054	828	2025-02-12T23:32:00Z
S01654	W0013055	1367	2025-02-18T03:41:00Z
S01654	W0013056	642	2025-02-22T18:20:00Z
S01776	W0013057	336	2025-02-17T21:38:00Z
S01776	W0013058	1592	2025-02-01T16:36:00Z
S01776	W0013059	898	2025-02-14T09:03:00Z
S01776	W0013060	1187	2025-02-24T03:00:00Z
S01776	W0013061	1690	2025-02-06T18:09:00Z
S01776	W0013062	1748	2025-02-16T16:13:00Z
S01776	W0013063	1125	2025-02-05T20:20:00Z
S01776	W0013064	591	2025-02-09T14:52:00Z
S01776	W0013065	51	2025-02-02T01:29:00Z
S01776	W0013066	1355	2025-02-10T05:37:00Z
S01776	W0013067	728	2025-02-06T19:18:00Z
S01776	W0013068	159	2025-02-22T17:48:00Z
S01776	W0013069	802	2025-02-16T16:56:00Z
S01776	W0013070	87	2025-02-07T13:34:00Z
S01776	W0013071	1498	2025-02-05T06:50:00Z
S01776	W0013072	1008	2025-02-13T02:32:00Z
S01776	W0013073	788	2025-02-24T21:13:00Z
S01776	W0013074	207	2025-02-20T03:59:00Z
S01776	W0013075	1108	2025-02-07T15:20:00Z
S01776	W0013076	1045	2025-02-12T10:41:00Z
S01776	W0013077	881	2025-02-03T07:13:00Z
S01776	W0013078	1781	2025-02-18T19:43:00Z
S01776	W0013079	1032	2025-02-10T20:26:00Z
S00472	W0013080	1318	2025-02-09T21:47:00Z
S00472	W0013081	850	2025-02-24T00:36:00Z
S00472	W0013082	772	2025-02-23T15:00:00Z
S00472	W0013083	1158	2025-02-18T19:26:00Z
S00472	W0013084	910	2025-02-21T06:53:00Z
S00472	W0013085	1482	2025-02-25T20:44:00Z
S00472	W0013086	1003	2025-02-05T10:33:00Z
S00472	W0013087	1415	2025-02-21T10:17:00Z
S00472	W0013088	28	2025-02-19T18:40:00Z
S00472	W0013089	1178	2025-02-14T00:40:00Z
S00472	W0013090	1012	2025-02-21T09:30:00Z
S00472	W0013091	333	2025-02-20T15:23:00Z
S00472	W0013092	1256	2025-02-06T19:32:00Z
S00472	W0013093	1499	2025-02-17T06:59:00Z
S00472	W0013094	760	2025-02-12T12:28:00Z
S00472	W0013095	245	2025-02-25T11:07:00Z
S00472	W0013096	944	2025-02-17T22:28:00Z
S00472	W0013097	1384	2025-02-26T04:35:00Z
S00472	W0013098	1299	2025-02-03T04:21:00Z
S00472	W0013099	1666	2025-02-10T20:36:00Z
S00472	W0013100	121	2025-02-27T20:27:00Z
S00472	W0013101	870	2025-02-05T10:34:00Z
S00472	W0013102	366	2025-02-02T02:19:00Z
S01722	W0013103	765	2025-02-21T11:21:00Z
S01722	W0013104	385	2025-02-15T10:04:00Z
S01722	W0013105	156	2025-02-10T19:18:00Z
S01722	W0013106	279	2025-02-01T11:22:00Z
S01722	W0013107	1712	2025-02-14T02:02:00Z
S00220	W0013108	428	2025-02-25T17:12:00Z
S00220	W0013109	1601	2025-02-05T09:04:00Z
S00220	W0013110	1361	2025-02-28T01:43:00Z
S00220	W0013111	858	2025-02-19T07:05:00Z
S01411	W0013112	1312	2025-02-09T01:34:00Z
S01411	W0013113	848	2025-02-09T01:17:00Z
S01411	W0013114	21	2025-02-19T15:42:00Z
S01411	W0013115	216	2025-02-25T11:23:00Z
S01411	W0013116	279	2025-02-08T03:16:00Z
S01411	W0013117	663	2025-02-03T11:01:00Z
S01411	W0013118	515	2025-02-16T12:59:00Z
S01411	W0013119	1689	2025-02-24T14:12:00Z
S01411	W0013120	734	2025-02-24T23:56:00Z
S01411	W0013121	982	2025-02-01T05:11:00Z
S01411	W0013122	899	2025-02-27T17:59:00Z
S01411	W0013123	1527	2025-02-05T07:03:00Z
S01411	W0013124	616	2025-02-04T20:24:00Z
S00621	W0013125	1500	2025-02-25T20:54:00Z
S00621	W0013126	253	2025-02-06T03:47:00Z
S00621	W0013127	399	2025-02-22T09:42:00Z
S00621	W0013128	303	2025-02-03T07:18:00Z
S00621	W0013129	280	2025-02-08T06:33:00Z
S00621	W0013130	1607	2025-02-14T04:45:00Z
S00785	W0013131	550	2025-02-15T02:40:00Z
S00785	W0013132	689	2025-02-06T03:40:00Z
S00785	W0013133	291	2025-02-04T04:24:00Z
S00785	W0013134	1711	2025-02-17T06:48:00Z
S00785	W0013135	1466	2025-02-22T02:01:00Z
S00785	W0013136	1635	2025-02-11T13:53:00Z
S00785	W0013137	886	2025-02-19T05:47:00Z
S00785	W0013138	743	2025-02-03T09:27:00Z
S00785	W0013139	498	2025-02-07T07:38:00Z
S00785	W0013140	33	2025-02-14T07:26:00Z
S00785	W0013141	174	2025-02-13T21:25:00Z
S01492	W0013142	743	2025-02-08T23:41:00Z
S01492	W0013143	1028	2025-02-05T18:59:00Z
S01492	W0013144	721	2025-02-15T10:19:00Z
S01492	W0013145	1191	2025-02-04T14:38:00Z
S01492	W0013146	1244	2025-02-26T13:52:00Z
S01492	W0013147	1327	2025-02-28T17:58:00Z
S01492	W0013148	1034	2025-02-03T02:02:00Z
S01492	W0013149	1223	2025-02-01T22:08:00Z
S01492	W0013150	433	2025-02-19T21:19:00Z
S01492	W0013151	569	2025-02-17T16:24:00Z
S01492	W0013152	499	2025-02-27T02:23:00Z
S01492	W0013153	949	2025-02-06T09:42:00Z
S01492	W0013154	794	2025-02-14T14:50:00Z
S01492	W0013155	550	2025-02-11T23:39:00Z
S01492	W0013156	1499	2025-02-22T02:37:00Z
S01492	W0013157	762	2025-02-17T06:22:00Z
S01492	W0013158	992	2025-02-13T20:52:00Z
S01492	W0013159	1136	2025-02-07T06:52:00Z
S01492	W0013160	52	2025-02-11T11:33:00Z
S01492	W0013161	1758	2025-02-11T16:24:00Z
S01492	W0013162	1279	2025-02-26T19:56:00Z
S01492	W0013163	1142	2025-02-17T14:19:00Z
S01492	W0013164	803	2025-02-19T01:29:00Z
S01492	W0013165	1573	2025-02-12T21:51:00Z
S01492	W0013166	544	2025-02-04T20:35:00Z
S01492	W0013167	1329	2025-02-17T16:01:00Z
S01492	W0013168	1272	2025-02-08T05:06:00Z
S01492	W0013169	345	2025-02-22T20:53:00Z
S00641	W0013170	1351	2025-02-09T12:55:00Z
S00641	W0013171	988	2025-02-09T23:53:00Z
S00641	W0013172	1221	2025-02-23T05:37:00Z
S00641	W0013173	34	2025-02-09T23:37:00Z
S00641	W0013174	1790	2025-02-09T21:58:00Z
S00641	W0013175	751	2025-02-26T19:04:00Z
S00001	W0013176	679	2025-02-19T15:17:00Z
S00001	W0013177	529	2025-02-23T05:51:00Z
S00001	W0013178	478	2025-02-14T09:12:00Z
S00001	W0013179	1639	2025-02-01T06:15:00Z
S00001	W0013180	1156	2025-02-16T11:34:00Z
S00001	W0013181	1308	2025-02-12T19:24:00Z
S00001	W0013182	268	2025-02-28T22:47:00Z
S01012	W0013183	1533	2025-02-09T02:06:00Z
S01012	W0013184	1548	2025-02-17T18:13:00Z
S01012	W0013185	1657	2025-02-12T23:00:00Z
S01012	W0013186	624	2025-02-07T10:06:00Z
S01012	W0013187	1682	2025-02-14T13:19:00Z
S01012	W0013188	572	2025-02-20T04:21:00Z
S01012	W0013189	348	2025-02-18T04:13:00Z
S01012	W0013190	21	2025-02-13T12:51:00Z
S01012	W0013191	1630	2025-02-10T10:05:00Z
S01012	W0013192	1347	2025-02-02T18:09:00Z
S01012	W0013193	289	2025-02-23T01:57:00Z
S01012	W0013194	508	2025-02-14T20:52:00Z
S01012	W0013195	1439	2025-02-21T05:04:00Z
S01012	W0013196	731	2025-02-23T11:26:00Z
S01012	W0013197	217	2025-02-26T13:20:00Z
S01012	W0013198	782	2025-02-24T06:24:00Z
S01012	W0013199	213	2025-02-22T15:27:00Z
S01012	W0013200	1029	2025-02-09T18:16:00Z
S01012	W0013201	509	2025-02-25T10:09:00Z
S01012	W0013202	1199	2025-02-17T18:45:00Z
S01012	W0013203	1654	2025-02-18T18:07:00Z
S01012	W0013204	94	2025-02-24T08:20:00Z
S01012	W0013205	1030	2025-02-23T11:44:00Z
S01012	W0013206	1563	2025-02-22T09:38:00Z
S00085	W0013207	62	2025-02-07T21:18:00Z
S00085	W0013208	675	2025-02-19T21:43:00Z
S00085	W0013209	512	2025-02-28T07:14:00Z
S00085	W0013210	880	2025-02-01T23:06:00Z
S00085	W0013211	1219	2025-02-21T16:06:00Z
S00085	W0013212	576	2025-02-23T14:48:00Z
S00085	W0013213	557	2025-02-15T19:57:00Z
S00085	W0013214	1602	2025-02-01T19:26:00Z
S00085	W0013215	1045	2025-02-17T00:41:00Z
S00085	W0013216	822	2025-02-23T15:43:00Z
S00794	W0013217	64	2025-02-02T00:59:00Z
S00794	W0013218	1067	2025-02-11T15:40:00Z
S00794	W0013219	937	2025-02-14T14:43:00Z
S00794	W0013220	668	2025-02-21T12:20:00Z
S00794	W0013221	310	2025-02-14T23:43:00Z
S00794	W0013222	1102	2025-02-23T17:15:00Z
S00794	W0013223	523	2025-02-22T02:10:00Z
S00794	W0013224	544	2025-02-08T02:02:00Z
S00794	W0013225	29	2025-02-26T13:17:00Z
S00794	W0013226	1064	2025-02-11T15:15:00Z
S00794	W0013227	282	2025-02-05T00:33:00Z
S00794	W0013228	969	2025-02-26T04:02:00Z
S00794	W0013229	1194	2025-02-18T12:26:00Z
S00794	W0013230	684	2025-02-19T04:45:00Z
S00794	W0013231	1310	2025-02-21T05:44:00Z
S00794	W0013232	892	2025-02-21T04:05:00Z
S00794	W0013233	82	2025-02-18T07:08:00Z
S00794	W0013234	186	2025-02-17T14:17:00Z
S00794	W0013235	300	2025-02-14T12:49:00Z
S00794	W0013236	695	2025-02-15T01:46:00Z
S00794	W0013237	600	2025-02-06T01:06:00Z
S00794	W0013238	1010	2025-02-08T14:52:00Z
S00794	W0013239	692	2025-02-12T04:32:00Z
S00807	W0013240	97	2025-02-19T18:24:00Z
S00807	W0013241	70	2025-02-26T01:01:00Z
S00807	W0013242	80	2025-02-24T13:58:00Z
S00807	W0013243	618	2025-02-11T11:28:00Z
S00807	W0013244	447	2025-02-27T02:32:00Z
S01319	W0013245	1176	2025-02-10T15:28:00Z
S01319	W0013246	874	2025-02-23T10:52:00Z
S01319	W0013247	332	2025-02-24T07:46:00Z
S01319	W0013248	1539	2025-02-15T05:42:00Z
S01319	W0013249	1533	2025-02-23T07:08:00Z
S01319	W0013250	1382	2025-02-09T01:07:00Z
S01319	W0013251	1219	2025-02-11T18:02:00Z
S01319	W0013252	1780	2025-02-08T06:12:00Z
S01319	W0013253	1048	2025-02-15T06:00:00Z
S01319	W0013254	481	2025-02-07T21:17:00Z
S01319	W0013255	879	2025-02-16T09:48:00Z
S01319	W0013256	1474	2025-02-01T19:30:00Z
S01319	W0013257	687	2025-02-11T20:12:00Z
S01319	W0013258	1395	2025-02-19T03:08:00Z
S01319	W0013259	1719	2025-02-13T13:08:00Z
S01319	W0013260	178	2025-02-16T23:41:00Z
S01319	W0013261	424	2025-02-08T00:18:00Z
S01319	W0013262	619	2025-02-11T02:44:00Z
S01319	W0013263	28	2025-02-07T15:01:00Z
S01319	W0013264	335	2025-02-13T19:04:00Z
S01319	W0013265	1706	2025-02-18T06:38:00Z
S01319	W0013266	1758	2025-02-23T18:11:00Z
S00620	W0013267	1715	2025-02-07T03:44:00Z
S00620	W0013268	472	2025-02-27T01:51:00Z
S00620	W0013269	255	2025-02-25T00:01:00Z
S00620	W0013270	1655	2025-02-23T10:53:00Z
S00620	W0013271	1396	2025-02-12T23:07:00Z
S00620	W0013272	985	2025-02-27T01:47:00Z
S00620	W0013273	1535	2025-02-14T05:15:00Z
S00620	W0013274	1468	2025-02-05T07:37:00Z
S00620	W0013275	1681	2025-02-18T08:31:00Z
S00620	W0013276	1051	2025-02-24T00:47:00Z
S00620	W0013277	248	2025-02-28T09:16:00Z
S00620	W0013278	233	2025-02-25T22:19:00Z
S00620	W0013279	363	2025-02-16T20:11:00Z
S00620	W0013280	808	2025-02-28T11:32:00Z
S00620	W0013281	1326	2025-02-20T05:28:00Z
S00620	W0013282	306	2025-02-15T04:26:00Z
S00620	W0013283	1065	2025-02-19T11:23:00Z
S01703	W0013284	1139	2025-02-03T21:51:00Z
S01703	W0013285	1120	2025-02-28T10:43:00Z
S01703	W0013286	542	2025-02-03T11:09:00Z
S01703	W0013287	1065	2025-02-19T02:20:00Z
S01703	W0013288	1291	2025-02-12T13:19:00Z
S01703	W0013289	795	2025-02-21T16:31:00Z
S01703	W0013290	617	2025-02-14T20:46:00Z
S01703	W0013291	1218	2025-02-22T08:25:00Z
S01703	W0013292	632	2025-02-26T19:39:00Z
S01703	W0013293	358	2025-02-12T04:04:00Z
S01703	W0013294	1281	2025-02-10T23:27:00Z
S01703	W0013295	51	2025-02-05T14:55:00Z
S01703	W0013296	1772	2025-02-26T01:18:00Z
S01703	W0013297	573	2025-02-27T17:49:00Z
S01703	W0013298	622	2025-02-02T07:31:00Z
S01703	W0013299	418	2025-02-20T02:29:00Z
S01703	W0013300	1744	2025-02-10T01:07:00Z
S01703	W0013301	1016	2025-02-25T13:56:00Z
S01703	W0013302	325	2025-02-08T03:02:00Z
S01703	W0013303	492	2025-02-27T11:38:00Z
S01703	W0013304	595	2025-02-17T03:56:00Z
S01703	W0013305	1539	2025-02-28T19:29:00Z
S01703	W0013306	1761	2025-02-23T06:39:00Z
S01703	W0013307	1114	2025-02-21T01:41:00Z
S00031	W0013308	584	2025-02-18T15:58:00Z
S00031	W0013309	1061	2025-02-28T11:11:00Z
S00031	W0013310	1684	2025-02-06T20:27:00Z
S00031	W0013311	1492	2025-02-05T10:56:00Z
S00031	W0013312	1526	2025-02-22T13:25:00Z
S00031	W0013313	555	2025-02-27T18:29:00Z
S00031	W0013314	1270	2025-02-13T17:54:00Z
S00031	W0013315	161	2025-02-22T05:11:00Z
S00031	W0013316	534	2025-02-23T16:16:00Z
S00031	W0013317	248	2025-02-13T23:15:00Z
S00031	W0013318	499	2025-02-24T14:12:00Z
S00031	W0013319	819	2025-02-16T14:02:00Z
S00031	W0013320	608	2025-02-25T17:24:00Z
S00031	W0013321	781	2025-02-21T21:52:00Z
S00031	W0013322	341	2025-02-18T16:04:00Z
S00031	W0013323	1573	2025-02-01T16:20:00Z
S00031	W0013324	1186	2025-02-09T02:26:00Z
S00031	W0013325	142	2025-02-28T00:33:00Z
S00031	W0013326	810	2025-02-07T11:03:00Z
S00031	W0013327	775	2025-02-26T20:22:00Z
S00031	W0013328	66	2025-02-11T12:41:00Z
S00031	W0013329	1351	2025-02-24T22:53:00Z
S00031	W0013330	191	2025-02-07T01:54:00Z
S00031	W0013331	917	2025-02-08T11:53:00Z
S00031	W0013332	437	2025-02-10T21:00:00Z
S00031	W0013333	168	2025-02-14T15:08:00Z
S00031	W0013334	244	2025-02-07T05:05:00Z
S00031	W0013335	1448	2025-02-25T15:17:00Z
S01950	W0013336	375	2025-02-08T07:43:00Z
S01950	W0013337	301	2025-02-20T18:44:00Z
S01950	W0013338	211	2025-02-22T22:55:00Z
S01950	W0013339	1031	2025-02-01T05:46:00Z
S01950	W0013340	1302	2025-02-25T19:23:00Z
S01950	W0013341	202	2025-02-28T04:39:00Z
S01950	W0013342	1195	2025-02-06T15:10:00Z
S01950	W0013343	881	2025-02-20T16:09:00Z
S01950	W0013344	660	2025-02-15T17:39:00Z
S01950	W0013345	694	2025-02-23T02:51:00Z
S01950	W0013346	314	2025-02-16T23:10:00Z
S01950	W0013347	1622	2025-02-20T10:50:00Z
S01950	W0013348	643	2025-02-09T09:41:00Z
S01950	W0013349	1537	2025-02-04T16:31:00Z
S01950	W0013350	1440	2025-02-05T04:00:00Z
S01950	W0013351	1055	2025-02-09T09:34:00Z
S01950	W0013352	140	2025-02-22T15:43:00Z
S01950	W0013353	1207	2025-02-24T14:53:00Z
S01030	W0013354	1519	2025-02-18T09:46:00Z
S01030	W0013355	1145	2025-02-05T17:18:00Z
S01030	W0013356	870	2025-02-16T05:18:00Z
S01030	W0013357	1502	2025-02-27T16:27:00Z
S01030	W0013358	1443	2025-02-16T18:37:00Z
S01030	W0013359	871	2025-02-21T12:40:00Z
S01030	W0013360	1350	2025-02-01T18:48:00Z
S01030	W0013361	1284	2025-02-02T02:48:00Z
S01030	W0013362	463	2025-02-18T10:39:00Z
S01030	W0013363	801	2025-02-19T22:43:00Z
S01030	W0013364	1074	2025-02-20T14:47:00Z
S01030	W0013365	1153	2025-02-17T06:46:00Z
S01030	W0013366	267	2025-02-22T03:34:00Z
S01030	W0013367	1112	2025-02-19T05:59:00Z
S01030	W0013368	1673	2025-02-11T08:24:00Z
S01030	W0013369	887	2025-02-07T17:23:00Z
S01030	W0013370	1137	2025-02-09T09:57:00Z
S01030	W0013371	280	2025-02-13T18:10:00Z
S01030	W0013372	1251	2025-02-12T09:21:00Z
S01030	W0013373	866	2025-02-09T17:13:00Z
S01030	W0013374	1768	2025-02-05T00:07:00Z
S01030	W0013375	1229	2025-02-14T10:59:00Z
S00238	W0013376	413	2025-02-08T21:41:00Z
S00238	W0013377	480	2025-02-20T13:07:00Z
S00238	W0013378	275	2025-02-06T11:37:00Z
S00238	W0013379	898	2025-02-25T23:39:00Z
S00238	W0013380	1640	2025-02-17T18:33:00Z
S00238	W0013381	126	2025-02-20T22:28:00Z
S00238	W0013382	1087	2025-02-28T13:21:00Z
S00238	W0013383	1244	2025-02-04T01:31:00Z
S00238	W0013384	814	2025-02-02T16:08:00Z
S00238	W0013385	893	2025-02-15T12:21:00Z
S00238	W0013386	37	2025-02-20T06:23:00Z
S00238	W0013387	902	2025-02-01T23:53:00Z
S00965	W0013388	778	2025-02-22T04:33:00Z
S00965	W0013389	476	2025-02-22T04:42:00Z
S00965	W0013390	725	2025-02-06T19:29:00Z
S00965	W0013391	1470	2025-02-07T12:02:00Z
S00965	W0013392	908	2025-02-22T23:25:00Z
S00965	W0013393	607	2025-02-25T19:58:00Z
S00965	W0013394	1147	2025-02-24T07:55:00Z
S00965	W0013395	448	2025-02-14T20:10:00Z
S00965	W0013396	1724	2025-02-06T13:46:00Z
S00965	W0013397	1235	2025-02-24T18:38:00Z
S00965	W0013398	1232	2025-02-27T23:20:00Z
S00965	W0013399	181	2025-02-13T08:37:00Z
S00965	W0013400	789	2025-02-22T12:19:00Z
S00965	W0013401	1403	2025-02-23T12:09:00Z
S00965	W0013402	1076	2025-02-14T14:33:00Z
S00965	W0013403	1587	2025-02-19T23:04:00Z
S00965	W0013404	604	2025-02-03T21:48:00Z
S00965	W0013405	649	2025-02-26T17:49:00Z
S00965	W0013406	633	2025-02-03T05:22:00Z
S00965	W0013407	1633	2025-02-16T21:56:00Z
S00965	W0013408	1585	2025-02-01T08:28:00Z
S00965	W0013409	746	2025-02-25T20:08:00Z
S00965	W0013410	1266	2025-02-09T13:24:00Z
S00965	W0013411	1445	2025-02-05T17:50:00Z
S00965	W0013412	991	2025-02-28T23:08:00Z
S00965	W0013413	562	2025-02-14T19:26:00Z
S00965	W0013414	207	2025-02-15T08:01:00Z
S00965	W0013415	1081	2025-02-10T01:55:00Z
S01593	W0013416	334	2025-02-26T00:29:00Z
S01593	W0013417	1080	2025-02-20T01:47:00Z
S01593	W0013418	304	2025-02-12T20:26:00Z
S01593	W0013419	907	2025-02-07T13:34:00Z
S01593	W0013420	801	2025-02-22T05:18:00Z
S01593	W0013421	1185	2025-02-07T11:11:00Z
S01593	W0013422	1512	2025-02-11T22:05:00Z
S01593	W0013423	899	2025-02-17T20:15:00Z
S01593	W0013424	315	2025-02-26T10:19:00Z
S01593	W0013425	660	2025-02-04T21:11:00Z
S01593	W0013426	1200	2025-02-10T04:55:00Z
S01593	W0013427	1250	2025-02-10T03:00:00Z
S01593	W0013428	1461	2025-02-15T15:45:00Z
S01593	W0013429	679	2025-02-09T13:20:00Z
S01593	W0013430	90	2025-02-27T01:35:00Z
S01593	W0013431	1090	2025-02-08T19:23:00Z
S01593	W0013432	162	2025-02-12T13:14:00Z
S01593	W0013433	260	2025-02-09T14:40:00Z
S01593	W0013434	617	2025-02-12T21:17:00Z
S01593	W0013435	1491	2025-02-25T07:28:00Z
S01593	W0013436	1110	2025-02-27T01:54:00Z
S01593	W0013437	518	2025-02-18T19:14:00Z
S01593	W0013438	1146	2025-02-24T02:20:00Z
S01593	W0013439	786	2025-02-03T03:10:00Z
S01593	W0013440	77	2025-02-21T02:07:00Z
S01593	W0013441	985	2025-02-17T17:37:00Z
S01593	W0013442	1723	2025-02-21T22:51:00Z
S01593	W0013443	324	2025-02-16T03:59:00Z
S00175	W0013444	587	2025-02-07T07:47:00Z
S00175	W0013445	732	2025-02-09T13:23:00Z
S00175	W0013446	781	2025-02-03T09:09:00Z
S00175	W0013447	623	2025-02-11T07:16:00Z
S00175	W0013448	777	2025-02-07T13:58:00Z
S00175	W0013449	1379	2025-02-22T05:04:00Z
S00175	W0013450	970	2025-02-18T15:57:00Z
S00175	W0013451	1680	2025-02-08T12:32:00Z
S00175	W0013452	358	2025-02-10T12:39:00Z
S00175	W0013453	1119	2025-02-20T06:26:00Z
S00175	W0013454	1226	2025-02-25T12:59:00Z
S00175	W0013455	1169	2025-02-08T04:52:00Z
S00175	W0013456	1500	2025-02-25T22:55:00Z
S01100	W0013457	58	2025-02-08T00:53:00Z
S01100	W0013458	297	2025-02-23T18:51:00Z
S01100	W0013459	701	2025-02-23T09:04:00Z
S01100	W0013460	341	2025-02-25T12:41:00Z
S01100	W0013461	1388	2025-02-15T11:41:00Z
S01100	W0013462	1262	2025-02-04T20:35:00Z
S01100	W0013463	1756	2025-02-23T08:05:00Z
S01100	W0013464	152	2025-02-10T20:25:00Z
S01100	W0013465	657	2025-02-13T15:23:00Z
S01100	W0013466	244	2025-02-21T16:28:00Z
S01100	W0013467	288	2025-02-21T20:25:00Z
S01100	W0013468	1180	2025-02-18T23:40:00Z
S01100	W0013469	1528	2025-02-15T00:25:00Z
S01100	W0013470	304	2025-02-20T06:06:00Z
S01100	W0013471	173	2025-02-27T08:27:00Z
S01100	W0013472	1093	2025-02-16T21:00:00Z
S01100	W0013473	1439	2025-02-11T06:38:00Z
S01100	W0013474	1391	2025-02-28T23:16:00Z
S01100	W0013475	1460	2025-02-20T11:58:00Z
S01100	W0013476	262	2025-02-21T15:38:00Z
S01100	W0013477	1408	2025-02-13T08:46:00Z
S01100	W0013478	1135	2025-02-09T15:32:00Z
S01100	W0013479	1352	2025-02-24T10:49:00Z
S01100	W0013480	328	2025-02-11T12:25:00Z
S01100	W0013481	287	2025-02-14T15:08:00Z
S01415	W0013482	1544	2025-02-20T12:26:00Z
S01415	W0013483	1240	2025-02-10T15:29:00Z
S01415	W0013484	791	2025-02-16T09:30:00Z
S01415	W0013485	893	2025-02-06T21:55:00Z
S01415	W0013486	392	2025-02-16T09:25:00Z
S01415	W0013487	450	2025-02-27T05:48:00Z
S01415	W0013488	1334	2025-02-11T18:16:00Z
S01415	W0013489	578	2025-02-06T01:21:00Z
S01415	W0013490	654	2025-02-17T06:18:00Z
S01415	W0013491	1193	2025-02-08T16:22:00Z
S01415	W0013492	1446	2025-02-26T22:49:00Z
S01415	W0013493	377	2025-02-28T21:11:00Z
S01415	W0013494	1728	2025-02-05T00:44:00Z
S01415	W0013495	181	2025-02-24T23:26:00Z
S01415	W0013496	793	2025-02-22T09:40:00Z
S01415	W0013497	1143	2025-02-20T13:00:00Z
S01415	W0013498	128	2025-02-27T10:51:00Z
S01415	W0013499	1485	2025-02-24T07:19:00Z
S01415	W0013500	245	2025-02-21T01:07:00Z
S01415	W0013501	91	2025-02-08T20:31:00Z
S01415	W0013502	59	2025-02-03T02:11:00Z
S01415	W0013503	516	2025-02-09T16:58:00Z
S01415	W0013504	280	2025-02-18T06:24:00Z
S01415	W0013505	382	2025-02-28T05:29:00Z
S01415	W0013506	584	2025-02-28T01:06:00Z
S01415	W0013507	381	2025-02-03T05:08:00Z
S01415	W0013508	1639	2025-02-24T10:32:00Z
S01415	W0013509	140	2025-02-19T12:01:00Z
S01415	W0013510	252	2025-02-17T17:54:00Z
S01927	W0013511	1179	2025-02-09T02:28:00Z
S01927	W0013512	1472	2025-02-22T12:11:00Z
S01927	W0013513	873	2025-02-05T22:14:00Z
S01927	W0013514	640	2025-02-15T11:08:00Z
S01927	W0013515	38	2025-02-28T09:57:00Z
S01927	W0013516	1594	2025-02-18T12:13:00Z
S01927	W0013517	201	2025-02-16T08:27:00Z
S01927	W0013518	231	2025-02-13T14:01:00Z
S01082	W0013519	1425	2025-02-27T14:38:00Z
S01082	W0013520	1745	2025-02-18T23:50:00Z
S01082	W0013521	1439	2025-02-03T19:21:00Z
S01082	W0013522	745	2025-02-08T22:15:00Z
S01082	W0013523	1400	2025-02-16T13:53:00Z
S00365	W0013524	1430	2025-02-09T11:28:00Z
S00365	W0013525	376	2025-02-21T21:58:00Z
S00365	W0013526	1081	2025-02-19T13:39:00Z
S00365	W0013527	706	2025-02-02T04:12:00Z
S00365	W0013528	1696	2025-02-15T11:27:00Z
S00365	W0013529	1200	2025-02-21T17:23:00Z
S00365	W0013530	926	2025-02-21T14:23:00Z
S00365	W0013531	734	2025-02-01T23:59:00Z
S00365	W0013532	1775	2025-02-11T01:29:00Z
S00365	W0013533	877	2025-02-06T03:40:00Z
S00365	W0013534	1700	2025-02-04T00:27:00Z
S00365	W0013535	763	2025-02-23T03:29:00Z
S00365	W0013536	501	2025-02-19T11:16:00Z
S00365	W0013537	152	2025-02-02T22:35:00Z
S00365	W0013538	1567	2025-02-01T18:20:00Z
S00365	W0013539	1682	2025-02-25T17:22:00Z
S00365	W0013540	542	2025-02-23T08:16:00Z
S00365	W0013541	124	2025-02-04T12:18:00Z
S00365	W0013542	1501	2025-02-17T00:23:00Z
S00381	W0013543	655	2025-02-26T22:49:00Z
S00381	W0013544	1753	2025-02-28T13:06:00Z
S00381	W0013545	191	2025-02-07T13:12:00Z
S00381	W0013546	1507	2025-02-06T08:11:00Z
S00381	W0013547	158	2025-02-20T04:18:00Z
S00381	W0013548	1154	2025-02-27T15:03:00Z
S00381	W0013549	837	2025-02-27T18:38:00Z
S00381	W0013550	1099	2025-02-09T21:19:00Z
S00381	W0013551	1577	2025-02-18T01:31:00Z
S00381	W0013552	1112	2025-02-25T00:07:00Z
S00381	W0013553	1124	2025-02-28T07:06:00Z
S00381	W0013554	936	2025-02-26T16:40:00Z
S01858	W0013555	56	2025-02-18T17:00:00Z
S01858	W0013556	451	2025-02-21T13:09:00Z
S01858	W0013557	1158	2025-02-11T19:55:00Z
S01858	W0013558	1451	2025-02-06T18:12:00Z
S01858	W0013559	254	2025-02-09T17:40:00Z
S01858	W0013560	1081	2025-02-19T21:06:00Z
S00988	W0013561	1249	2025-02-22T14:13:00Z
S00988	W0013562	1173	2025-02-24T21:36:00Z
S00988	W0013563	837	2025-02-12T06:08:00Z
S00988	W0013564	1019	2025-02-23T00:41:00Z
S00988	W0013565	188	2025-02-01T11:52:00Z
S00316	W0013566	1731	2025-02-27T18:50:00Z
S00316	W0013567	1001	2025-02-09T21:32:00Z
S00316	W0013568	621	2025-02-14T09:09:00Z
S00316	W0013569	1234	2025-02-15T23:27:00Z
S00421	W0013570	1153	2025-02-17T04:12:00Z
S00421	W0013571	1447	2025-02-24T04:13:00Z
S00421	W0013572	1265	2025-02-25T22:51:00Z
S00421	W0013573	1215	2025-02-19T04:27:00Z
S00421	W0013574	349	2025-02-05T02:02:00Z
S00421	W0013575	419	2025-02-20T04:14:00Z
S00421	W0013576	1294	2025-02-20T04:35:00Z
S00421	W0013577	1773	2025-02-02T16:55:00Z
S00421	W0013578	1283	2025-02-25T06:55:00Z
S00421	W0013579	629	2025-02-21T10:15:00Z
S00421	W0013580	880	2025-02-13T09:00:00Z
S00421	W0013581	1028	2025-02-08T21:59:00Z
S00421	W0013582	1769	2025-02-27T06:00:00Z
S00131	W0013583	1369	2025-02-22T03:55:00Z
S00131	W0013584	1141	2025-02-26T13:28:00Z
S00131	W0013585	1627	2025-02-02T15:39:00Z
S00131	W0013586	1224	2025-02-24T01:32:00Z
S00131	W0013587	1324	2025-02-11T11:26:00Z
S00131	W0013588	950	2025-02-13T19:18:00Z
S00131	W0013589	582	2025-02-01T22:37:00Z
S00131	W0013590	1486	2025-02-03T13:48:00Z
S00131	W0013591	621	2025-02-25T04:47:00Z
S00131	W0013592	25	2025-02-27T15:15:00Z
S00131	W0013593	55	2025-02-03T17:01:00Z
S00131	W0013594	587	2025-02-24T07:57:00Z
S00131	W0013595	1584	2025-02-20T02:03:00Z
S00131	W0013596	379	2025-02-20T01:08:00Z
S00131	W0013597	530	2025-02-22T20:13:00Z
S00131	W0013598	1738	2025-02-07T03:29:00Z
S00131	W0013599	956	2025-02-20T10:36:00Z
S00131	W0013600	580	2025-02-21T16:57:00Z
S00131	W0013601	1128	2025-02-19T14:42:00Z
S00131	W0013602	409	2025-02-10T05:41:00Z
S00131	W0013603	343	2025-02-09T08:41:00Z
S00131	W0013604	1749	2025-02-02T22:04:00Z
S00131	W0013605	1668	2025-02-13T06:29:00Z
S00131	W0013606	415	2025-02-25T12:26:00Z
S00131	W0013607	858	2025-02-04T10:47:00Z
S00131	W0013608	1187	2025-02-15T14:48:00Z
S00131	W0013609	1429	2025-02-06T15:18:00Z
S00131	W0013610	1659	2025-02-04T07:31:00Z
S00131	W0013611	1434	2025-02-23T05:35:00Z
S00131	W0013612	663	2025-02-10T10:30:00Z
S00868	W0013613	1082	2025-02-16T02:34:00Z
S00868	W0013614	1463	2025-02-22T20:18:00Z
S00868	W0013615	85	2025-02-21T02:34:00Z
S00868	W0013616	468	2025-02-20T18:10:00Z
S00868	W0013617	1292	2025-02-17T21:13:00Z
S00868	W0013618	380	2025-02-22T15:21:00Z
S00868	W0013619	1113	2025-02-14T21:26:00Z
S00868	W0013620	472	2025-02-21T01:58:00Z
S00868	W0013621	1606	2025-02-18T11:37:00Z
S00868	W0013622	707	2025-02-11T19:15:00Z
S00868	W0013623	1555	2025-02-28T04:25:00Z
S00868	W0013624	358	2025-02-18T12:43:00Z
S00868	W0013625	1177	2025-02-19T13:22:00Z
S00868	W0013626	952	2025-02-16T12:45:00Z
S00868	W0013627	660	2025-02-14T00:09:00Z
S00868	W0013628	924	2025-02-27T08:41:00Z
S00868	W0013629	1642	2025-02-19T13:14:00Z
S00868	W0013630	1603	2025-02-04T10:52:00Z
S00868	W0013631	1761	2025-02-14T18:38:00Z
S00868	W0013632	498	2025-02-14T14:16:00Z
S00868	W0013633	310	2025-02-27T10:50:00Z
S00868	W0013634	1672	2025-02-18T18:43:00Z
S00868	W0013635	1094	2025-02-09T14:02:00Z
S00868	W0013636	404	2025-02-23T22:01:00Z
S00868	W0013637	1422	2025-02-18T14:40:00Z
S00868	W0013638	1385	2025-02-27T12:57:00Z
S00868	W0013639	77	2025-02-04T22:19:00Z
S00868	W0013640	242	2025-02-12T01:47:00Z
S00868	W0013641	595	2025-02-28T12:06:00Z
S00004	W0013642	1696	2025-02-25T07:15:00Z
S00004	W0013643	751	2025-02-18T18:54:00Z
S00004	W0013644	279	2025-02-21T19:33:00Z
S00004	W0013645	517	2025-02-03T14:38:00Z
S00004	W0013646	814	2025-02-04T12:12:00Z
S00004	W0013647	113	2025-02-08T06:42:00Z
S00004	W0013648	1761	2025-02-23T00:50:00Z
S00004	W0013649	707	2025-02-05T10:22:00Z
S00004	W0013650	1392	2025-02-21T23:17:00Z
S00004	W0013651	1761	2025-02-04T19:22:00Z
S00004	W0013652	53	2025-02-26T09:30:00Z
S00004	W0013653	1043	2025-02-13T21:17:00Z
S00004	W0013654	570	2025-02-03T01:50:00Z
S00004	W0013655	1504	2025-02-02T03:45:00Z
S00004	W0013656	205	2025-02-11T10:09:00Z
S00004	W0013657	1336	2025-02-08T08:08:00Z
S00004	W0013658	131	2025-02-23T14:32:00Z
S00004	W0013659	254	2025-02-15T10:53:00Z
S00004	W0013660	1683	2025-02-26T21:12:00Z
S00004	W0013661	95	2025-02-16T23:29:00Z
S00004	W0013662	916	2025-02-02T04:48:00Z
S00004	W0013663	941	2025-02-10T16:29:00Z
S00004	W0013664	453	2025-02-08T22:47:00Z
S00004	W0013665	766	2025-02-25T20:13:00Z
S00004	W0013666	978	2025-02-05T13:16:00Z
S00004	W0013667	474	2025-02-09T20:10:00Z
S00004	W0013668	445	2025-02-19T04:49:00Z
S00004	W0013669	1693	2025-02-04T05:01:00Z
S00004	W0013670	1729	2025-02-10T09:36:00Z
S00552	W0013671	1387	2025-02-25T01:36:00Z
S00552	W0013672	1676	2025-02-17T00:12:00Z
S00552	W0013673	1286	2025-02-06T20:55:00Z
S00552	W0013674	410	2025-02-28T00:25:00Z
S00552	W0013675	314	2025-02-09T15:21:00Z
S00552	W0013676	388	2025-02-04T17:14:00Z
S00552	W0013677	55	2025-02-11T08:05:00Z
S00552	W0013678	424	2025-02-01T15:25:00Z
S00552	W0013679	1490	2025-02-27T12:13:00Z
S00552	W0013680	85	2025-02-21T23:39:00Z
S00552	W0013681	1543	2025-02-13T19:19:00Z
S00552	W0013682	862	2025-02-23T14:22:00Z
S00552	W0013683	1573	2025-02-27T14:58:00Z
S00552	W0013684	1575	2025-02-26T16:21:00Z
S00552	W0013685	1541	2025-02-28T02:50:00Z
S00552	W0013686	784	2025-02-27T04:01:00Z
S00552	W0013687	1116	2025-02-25T18:14:00Z
S00552	W0013688	1328	2025-02-14T02:12:00Z
S01219	W0013689	1355	2025-02-01T03:50:00Z
S01219	W0013690	758	2025-02-02T16:25:00Z
S01219	W0013691	1757	2025-02-07T19:58:00Z
S01219	W0013692	526	2025-02-14T21:16:00Z
S01219	W0013693	751	2025-02-10T20:06:00Z
S01219	W0013694	1623	2025-02-04T12:12:00Z
S01219	W0013695	209	2025-02-01T16:54:00Z
S01219	W0013696	345	2025-02-02T10:18:00Z
S01219	W0013697	1049	2025-02-16T03:41:00Z
S01219	W0013698	777	2025-02-13T16:45:00Z
S01219	W0013699	1602	2025-02-15T23:29:00Z
S01219	W0013700	909	2025-02-16T15:04:00Z
S01219	W0013701	1451	2025-02-22T14:33:00Z
S01219	W0013702	1311	2025-02-02T10:29:00Z
S01219	W0013703	1748	2025-02-12T00:06:00Z
S01219	W0013704	1492	2025-02-06T23:33:00Z
S01219	W0013705	1761	2025-02-15T03:08:00Z
S01219	W0013706	1514	2025-02-24T02:44:00Z
S01219	W0013707	701	2025-02-09T11:04:00Z
S01219	W0013708	712	2025-02-17T00:11:00Z
S01219	W0013709	187	2025-02-14T01:10:00Z
S01219	W0013710	787	2025-02-04T05:49:00Z
S01219	W0013711	1688	2025-02-10T11:11:00Z
S01219	W0013712	1754	2025-02-08T07:53:00Z
S01219	W0013713	1731	2025-02-07T10:16:00Z
S01219	W0013714	1657	2025-02-07T01:47:00Z
S01219	W0013715	1505	2025-02-15T18:03:00Z
S01219	W0013716	1788	2025-02-23T20:20:00Z
S01219	W0013717	389	2025-02-28T06:45:00Z
S00704	W0013718	357	2025-02-07T23:49:00Z
S00704	W0013719	671	2025-02-27T04:45:00Z
S00704	W0013720	605	2025-02-13T21:01:00Z
S00704	W0013721	1024	2025-02-10T13:10:00Z
S00704	W0013722	947	2025-02-14T12:30:00Z
S00704	W0013723	1536	2025-02-20T13:37:00Z
S00704	W0013724	1367	2025-02-24T20:59:00Z
S00704	W0013725	253	2025-02-13T08:00:00Z
S00704	W0013726	320	2025-02-13T17:21:00Z
S00704	W0013727	41	2025-02-11T08:29:00Z
S00704	W0013728	1104	2025-02-22T10:59:00Z
S00704	W0013729	1668	2025-02-06T17:30:00Z
S00704	W0013730	1412	2025-02-03T16:25:00Z
S00704	W0013731	1557	2025-02-27T19:53:00Z
S00704	W0013732	1496	2025-02-19T00:47:00Z
S00704	W0013733	1586	2025-02-17T04:59:00Z
S00704	W0013734	1397	2025-02-04T21:31:00Z
S00704	W0013735	21	2025-02-08T07:09:00Z
S00704	W0013736	390	2025-02-19T17:44:00Z
S00704	W0013737	1671	2025-02-14T10:09:00Z
S00704	W0013738	1596	2025-02-15T17:50:00Z
S00704	W0013739	421	2025-02-02T11:01:00Z
S00704	W0013740	1515	2025-02-11T12:34:00Z
S00704	W0013741	551	2025-02-13T11:36:00Z
S00704	W0013742	1540	2025-02-22T08:58:00Z
S00704	W0013743	633	2025-02-20T01:14:00Z
S00704	W0013744	871	2025-02-12T12:38:00Z
S00704	W0013745	791	2025-02-01T21:57:00Z
S00704	W0013746	411	2025-02-21T22:24:00Z
S00289	W0013747	564	2025-02-24T06:23:00Z
S00289	W0013748	1144	2025-02-11T03:28:00Z
S00289	W0013749	58	2025-02-12T11:50:00Z
S00289	W0013750	580	2025-02-11T06:17:00Z
S00289	W0013751	1556	2025-02-11T06:01:00Z
S00289	W0013752	91	2025-02-06T08:51:00Z
S00289	W0013753	23	2025-02-21T06:27:00Z
S00428	W0013754	1665	2025-02-24T19:41:00Z
S00428	W0013755	585	2025-02-23T16:32:00Z
S00428	W0013756	649	2025-02-13T12:09:00Z
S00428	W0013757	511	2025-02-25T10:47:00Z
S00428	W0013758	1554	2025-02-07T11:39:00Z
S00428	W0013759	1501	2025-02-24T05:12:00Z
S00428	W0013760	580	2025-02-06T00:17:00Z
S00428	W0013761	1349	2025-02-04T21:27:00Z
S00428	W0013762	795	2025-02-23T22:23:00Z
S00428	W0013763	1749	2025-02-01T06:51:00Z
S00428	W0013764	591	2025-02-20T21:36:00Z
S00428	W0013765	762	2025-02-10T16:20:00Z
S00428	W0013766	25	2025-02-14T00:27:00Z
S00428	W0013767	1049	2025-02-04T12:16:00Z
S00428	W0013768	1724	2025-02-10T03:01:00Z
S00428	W0013769	1675	2025-02-17T00:57:00Z
S00428	W0013770	1090	2025-02-24T20:11:00Z
S00428	W0013771	1597	2025-02-18T08:31:00Z
S00428	W0013772	1590	2025-02-22T03:31:00Z
S00428	W0013773	1755	2025-02-04T01:01:00Z
S00428	W0013774	33	2025-02-10T06:59:00Z
S00428	W0013775	102	2025-02-27T02:25:00Z
S00428	W0013776	1352	2025-02-15T22:45:00Z
S00428	W0013777	983	2025-02-13T10:34:00Z
S00428	W0013778	1759	2025-02-13T17:12:00Z
S00428	W0013779	881	2025-02-20T08:17:00Z
S00428	W0013780	522	2025-02-03T12:00:00Z
S00428	W0013781	475	2025-02-20T11:39:00Z
S00720	W0013782	1314	2025-02-03T14:45:00Z
S00720	W0013783	784	2025-02-07T12:08:00Z
S00720	W0013784	1459	2025-02-08T02:38:00Z
S00720	W0013785	728	2025-02-06T04:38:00Z
S00720	W0013786	1004	2025-02-11T18:12:00Z
S00720	W0013787	1310	2025-02-22T16:33:00Z
S00720	W0013788	965	2025-02-11T14:28:00Z
S00720	W0013789	852	2025-02-28T21:30:00Z
S00720	W0013790	716	2025-02-14T18:09:00Z
S00720	W0013791	540	2025-02-03T20:04:00Z
S00720	W0013792	342	2025-02-17T17:23:00Z
S00720	W0013793	822	2025-02-12T23:49:00Z
S01453	W0013794	1063	2025-02-24T01:15:00Z
S01453	W0013795	312	2025-02-15T06:57:00Z
S01453	W0013796	823	2025-02-08T03:59:00Z
S01453	W0013797	1023	2025-02-12T05:16:00Z
S01453	W0013798	307	2025-02-16T10:37:00Z
S00033	W0013799	1371	2025-02-08T13:01:00Z
S00033	W0013800	779	2025-02-02T23:53:00Z
S00033	W0013801	708	2025-02-18T16:46:00Z
S00033	W0013802	410	2025-02-03T06:37:00Z
S00033	W0013803	1180	2025-02-20T04:57:00Z
S00033	W0013804	1571	2025-02-17T23:03:00Z
S00033	W0013805	742	2025-02-22T13:31:00Z
S00033	W0013806	1357	2025-02-05T11:59:00Z
S00033	W0013807	777	2025-02-25T05:04:00Z
S00033	W0013808	141	2025-02-11T09:40:00Z
S00033	W0013809	1549	2025-02-26T09:30:00Z
S00033	W0013810	1704	2025-02-05T16:13:00Z
S00033	W0013811	268	2025-02-17T18:29:00Z
S00033	W0013812	684	2025-02-11T00:04:00Z
S00033	W0013813	633	2025-02-15T13:20:00Z
S00033	W0013814	530	2025-02-14T08:13:00Z
S00033	W0013815	744	2025-02-20T23:15:00Z
S00033	W0013816	783	2025-02-15T06:37:00Z
S00033	W0013817	597	2025-02-09T11:33:00Z
S00033	W0013818	1490	2025-02-07T11:11:00Z
S00033	W0013819	1046	2025-02-24T04:28:00Z
S00033	W0013820	1163	2025-02-22T16:27:00Z
S00033	W0013821	1622	2025-02-03T14:57:00Z
S00033	W0013822	993	2025-02-27T09:12:00Z
S00033	W0013823	1704	2025-02-15T01:35:00Z
S00033	W0013824	1633	2025-02-21T03:01:00Z
S00033	W0013825	196	2025-02-07T20:41:00Z
S00952	W0013826	590	2025-02-06T13:11:00Z
S00952	W0013827	1521	2025-02-24T22:16:00Z
S00952	W0013828	1612	2025-02-28T18:57:00Z
S00952	W0013829	1048	2025-02-06T10:07:00Z
S00952	W0013830	415	2025-02-23T21:25:00Z
S00952	W0013831	292	2025-02-24T18:44:00Z
S00952	W0013832	1561	2025-02-24T18:22:00Z
S00952	W0013833	1503	2025-02-15T00:13:00Z
S00952	W0013834	1491	2025-02-10T07:43:00Z
S00952	W0013835	846	2025-02-07T03:58:00Z
S00952	W0013836	1014	2025-02-10T15:52:00Z
S00952	W0013837	470	2025-02-15T02:09:00Z
S00952	W0013838	1485	2025-02-09T22:39:00Z
S01780	W0013839	1673	2025-02-15T18:47:00Z
S01780	W0013840	1751	2025-02-09T11:05:00Z
S01780	W0013841	789	2025-02-18T04:13:00Z
S01780	W0013842	103	2025-02-23T08:00:00Z
S01780	W0013843	1409	2025-02-21T01:21:00Z
S01780	W0013844	575	2025-02-20T10:38:00Z
S01780	W0013845	538	2025-02-23T17:51:00Z
S01780	W0013846	1203	2025-02-24T06:50:00Z
S01780	W0013847	966	2025-02-18T23:51:00Z
S01780	W0013848	1485	2025-02-25T04:48:00Z
S01780	W0013849	1368	2025-02-21T09:15:00Z
S01780	W0013850	297	2025-02-02T09:52:00Z
S01780	W0013851	499	2025-02-04T15:09:00Z
S01780	W0013852	205	2025-02-04T08:47:00Z
S01780	W0013853	1535	2025-02-07T18:14:00Z
S01780	W0013854	375	2025-02-01T04:23:00Z
S01780	W0013855	101	2025-02-13T23:29:00Z
S01780	W0013856	917	2025-02-02T10:29:00Z
S01780	W0013857	709	2025-02-19T06:49:00Z
S01780	W0013858	1647	2025-02-09T18:43:00Z
S01780	W0013859	725	2025-02-23T07:44:00Z
S01780	W0013860	779	2025-02-18T09:41:00Z
S01780	W0013861	1368	2025-02-19T18:49:00Z
S01780	W0013862	1576	2025-02-25T12:17:00Z
S01780	W0013863	1547	2025-02-13T11:11:00Z
S01780	W0013864	1105	2025-02-14T14:13:00Z
S01780	W0013865	1419	2025-02-10T21:18:00Z
S01780	W0013866	815	2025-02-24T19:30:00Z
S01780	W0013867	208	2025-02-03T22:30:00Z
S00923	W0013868	1298	2025-02-09T13:10:00Z
S00923	W0013869	696	2025-02-03T14:38:00Z
S00923	W0013870	295	2025-02-25T05:08:00Z
S00923	W0013871	859	2025-02-24T18:32:00Z
S00923	W0013872	82	2025-02-07T20:52:00Z
S00923	W0013873	511	2025-02-14T17:29:00Z
S00923	W0013874	220	2025-02-01T03:08:00Z
S00923	W0013875	84	2025-02-02T20:00:00Z
S00923	W0013876	1792	2025-02-12T16:11:00Z
S00923	W0013877	73	2025-02-04T04:39:00Z
S00923	W0013878	145	2025-02-09T21:38:00Z
S00923	W0013879	232	2025-02-04T03:26:00Z
S00923	W0013880	84	2025-02-13T04:59:00Z
S00923	W0013881	863	2025-02-16T17:58:00Z
S00923	W0013882	1042	2025-02-14T02:50:00Z
S00923	W0013883	529	2025-02-02T02:46:00Z
S00923	W0013884	651	2025-02-21T23:53:00Z
S00923	W0013885	175	2025-02-20T21:24:00Z
S00923	W0013886	698	2025-02-03T14:47:00Z
S00923	W0013887	867	2025-02-27T15:45:00Z
S00923	W0013888	782	2025-02-26T17:26:00Z
S00923	W0013889	440	2025-02-18T14:19:00Z
S00923	W0013890	1248	2025-02-14T22:00:00Z
S00923	W0013891	768	2025-02-14T17:08:00Z
S00923	W0013892	188	2025-02-13T00:03:00Z
S00923	W0013893	1313	2025-02-23T11:27:00Z
S00923	W0013894	545	2025-02-03T04:56:00Z
S00923	W0013895	963	2025-02-12T01:21:00Z
S00923	W0013896	803	2025-02-01T07:14:00Z
S01200	W0013897	373	2025-02-03T17:35:00Z
S01200	W0013898	233	2025-02-05T13:28:00Z
S01200	W0013899	909	2025-02-19T14:28:00Z
S01200	W0013900	1587	2025-02-14T23:03:00Z
S01200	W0013901	669	2025-02-26T19:16:00Z
S01200	W0013902	1739	2025-02-07T07:46:00Z
S01200	W0013903	1282	2025-02-24T06:56:00Z
S01200	W0013904	97	2025-02-26T21:37:00Z
S00252	W0013905	1283	2025-02-02T03:16:00Z
S00252	W0013906	1024	2025-02-24T06:32:00Z
S00252	W0013907	1724	2025-02-26T09:02:00Z
S00252	W0013908	809	2025-02-08T10:43:00Z
S00252	W0013909	68	2025-02-10T01:02:00Z
S00252	W0013910	695	2025-02-11T18:41:00Z
S00252	W0013911	404	2025-02-22T12:43:00Z
S00252	W0013912	286	2025-02-07T07:37:00Z
S00252	W0013913	574	2025-02-03T21:54:00Z
S00252	W0013914	568	2025-02-20T10:00:00Z
S00252	W0013915	1740	2025-02-19T22:44:00Z
S00252	W0013916	1420	2025-02-03T05:28:00Z
S00252	W0013917	1496	2025-02-25T02:13:00Z
S00252	W0013918	1761	2025-02-15T01:58:00Z
S00252	W0013919	298	2025-02-12T11:02:00Z
S00252	W0013920	339	2025-02-20T16:09:00Z
S00252	W0013921	1116	2025-02-09T19:04:00Z
S00252	W0013922	746	2025-02-14T18:13:00Z
S00252	W0013923	281	2025-02-14T22:15:00Z
S00252	W0013924	1044	2025-02-26T04:50:00Z
S00252	W0013925	611	2025-02-28T11:51:00Z
S01139	W0013926	109	2025-02-25T12:25:00Z
S01139	W0013927	521	2025-02-12T14:17:00Z
S01139	W0013928	956	2025-02-09T09:55:00Z
S01139	W0013929	1068	2025-02-07T02:39:00Z
S01139	W0013930	1517	2025-02-04T02:03:00Z
S01139	W0013931	1372	2025-02-08T20:46:00Z
S01139	W0013932	340	2025-02-26T11:54:00Z
S01139	W0013933	1687	2025-02-21T13:46:00Z
S01139	W0013934	1383	2025-02-16T01:32:00Z
S01139	W0013935	330	2025-02-03T17:52:00Z
S01139	W0013936	234	2025-02-19T11:15:00Z
S01139	W0013937	1300	2025-02-11T23:23:00Z
S01139	W0013938	885	2025-02-13T08:53:00Z
S01139	W0013939	784	2025-02-11T16:38:00Z
S01139	W0013940	752	2025-02-18T06:05:00Z
S01139	W0013941	1185	2025-02-28T17:15:00Z
S00848	W0013942	1159	2025-02-24T23:20:00Z
S00848	W0013943	1065	2025-02-09T06:11:00Z
S00848	W0013944	1493	2025-02-16T06:09:00Z
S00848	W0013945	489	2025-02-28T23:50:00Z
S00848	W0013946	829	2025-02-17T15:13:00Z
S01869	W0013947	247	2025-02-06T18:33:00Z
S01869	W0013948	1224	2025-02-25T01:44:00Z
S01869	W0013949	301	2025-02-24T16:16:00Z
S01869	W0013950	822	2025-02-23T07:36:00Z
S01869	W0013951	1341	2025-02-16T22:16:00Z
S01869	W0013952	374	2025-02-14T14:30:00Z
S01869	W0013953	1468	2025-02-28T08:23:00Z
S01869	W0013954	514	2025-02-20T23:53:00Z
S01869	W0013955	1440	2025-02-10T21:24:00Z
S01869	W0013956	986	2025-02-08T21:27:00Z
S01869	W0013957	1233	2025-02-12T23:29:00Z
S01869	W0013958	1128	2025-02-22T11:56:00Z
S01869	W0013959	834	2025-02-11T20:47:00Z
S01869	W0013960	827	2025-02-20T13:49:00Z
S01869	W0013961	309	2025-02-16T13:20:00Z
S01869	W0013962	1370	2025-02-07T04:50:00Z
S01869	W0013963	1248	2025-02-24T17:43:00Z
S01869	W0013964	1391	2025-02-17T14:23:00Z
S01869	W0013965	766	2025-02-06T16:28:00Z
S01869	W0013966	1775	2025-02-10T06:34:00Z
S00140	W0013967	1163	2025-02-28T04:42:00Z
S00140	W0013968	835	2025-02-15T04:50:00Z
S00140	W0013969	530	2025-02-20T20:21:00Z
S00140	W0013970	1219	2025-02-04T07:21:00Z
S00140	W0013971	1181	2025-02-08T23:12:00Z
S00140	W0013972	646	2025-02-26T03:02:00Z
S00140	W0013973	535	2025-02-03T04:00:00Z
S00140	W0013974	387	2025-02-01T17:29:00Z
S00140	W0013975	1477	2025-02-16T21:15:00Z
S00140	W0013976	1067	2025-02-09T21:24:00Z
S00140	W0013977	1226	2025-02-01T01:31:00Z
S00140	W0013978	1151	2025-02-07T23:17:00Z
S00140	W0013979	1664	2025-02-21T00:31:00Z
S00140	W0013980	994	2025-02-15T13:27:00Z
S00140	W0013981	77	2025-02-14T13:46:00Z
S00140	W0013982	724	2025-02-24T01:19:00Z
S00140	W0013983	762	2025-02-04T04:21:00Z
S00140	W0013984	1209	2025-02-10T17:25:00Z
S00140	W0013985	664	2025-02-06T22:10:00Z
S00140	W0013986	1250	2025-02-06T08:39:00Z
S00140	W0013987	970	2025-02-28T23:41:00Z
S00140	W0013988	264	2025-02-27T07:31:00Z
S00140	W0013989	242	2025-02-12T10:58:00Z
S00140	W0013990	1708	2025-02-25T23:22:00Z
S00140	W0013991	1233	2025-02-14T04:43:00Z
S00140	W0013992	516	2025-02-19T01:03:00Z
S00140	W0013993	1310	2025-02-01T13:08:00Z
S00507	W0013994	659	2025-02-25T15:43:00Z
S00507	W0013995	114	2025-02-14T08:14:00Z
S00507	W0013996	364	2025-02-18T18:02:00Z
S00507	W0013997	1271	2025-02-18T19:49:00Z
S00507	W0013998	472	2025-02-13T08:14:00Z
S00507	W0013999	343	2025-02-17T03:34:00Z
S00507	W0014000	449	2025-02-21T22:09:00Z
S00507	W0014001	666	2025-02-20T11:45:00Z
S00507	W0014002	1578	2025-02-03T23:32:00Z
S00507	W0014003	995	2025-02-16T08:30:00Z
S00507	W0014004	869	2025-02-17T01:53:00Z
S00507	W0014005	332	2025-02-10T20:47:00Z
S00507	W0014006	847	2025-02-05T18:13:00Z
S00507	W0014007	1653	2025-02-03T19:42:00Z
S00507	W0014008	761	2025-02-09T12:33:00Z
S00507	W0014009	96	2025-02-17T00:14:00Z
S01112	W0014010	1004	2025-02-03T16:32:00Z
S01112	W0014011	1336	2025-02-05T21:24:00Z
S01112	W0014012	1308	2025-02-08T03:30:00Z
S01112	W0014013	815	2025-02-17T10:57:00Z
S01112	W0014014	1760	2025-02-10T09:27:00Z
S01112	W0014015	1060	2025-02-05T10:39:00Z
S01112	W0014016	1756	2025-02-27T03:17:00Z
S01112	W0014017	720	2025-02-20T20:11:00Z
S01112	W0014018	273	2025-02-14T20:59:00Z
S01360	W0014019	671	2025-02-07T05:22:00Z
S01360	W0014020	902	2025-02-02T14:49:00Z
S01360	W0014021	410	2025-02-05T22:20:00Z
S01360	W0014022	1142	2025-02-18T10:27:00Z
S01360	W0014023	73	2025-02-08T14:38:00Z
S01360	W0014024	1071	2025-02-23T11:52:00Z
S01360	W0014025	223	2025-02-17T23:03:00Z
S01360	W0014026	1034	2025-02-01T13:14:00Z
S01360	W0014027	841	2025-02-19T17:59:00Z
S01360	W0014028	173	2025-02-16T13:54:00Z
S01360	W0014029	1230	2025-02-10T11:51:00Z
S01360	W0014030	930	2025-02-26T22:00:00Z
S01360	W0014031	1669	2025-02-07T12:55:00Z
S01360	W0014032	597	2025-02-23T09:06:00Z
S01360	W0014033	289	2025-02-04T08:01:00Z
S01360	W0014034	1618	2025-02-17T22:30:00Z
S01360	W0014035	1271	2025-02-03T17:01:00Z
S01360	W0014036	1430	2025-02-12T12:02:00Z
S01360	W0014037	286	2025-02-11T02:38:00Z
S01490	W0014038	728	2025-02-13T23:36:00Z
S01490	W0014039	1042	2025-02-01T09:32:00Z
S01490	W0014040	243	2025-02-27T04:57:00Z
S01490	W0014041	763	2025-02-13T15:26:00Z
S01490	W0014042	1085	2025-02-06T02:49:00Z
S01490	W0014043	503	2025-02-24T09:36:00Z
S01490	W0014044	1787	2025-02-01T00:00:00Z
S01490	W0014045	692	2025-02-21T03:59:00Z
S01490	W0014046	1387	2025-02-16T01:21:00Z
S01490	W0014047	24	2025-02-01T04:35:00Z
S01490	W0014048	68	2025-02-11T19:13:00Z
S01490	W0014049	767	2025-02-23T13:27:00Z
S01490	W0014050	52	2025-02-10T16:12:00Z
S01490	W0014051	1789	2025-02-12T23:55:00Z
S01490	W0014052	1697	2025-02-17T04:47:00Z
S01490	W0014053	1792	2025-02-24T00:07:00Z
S01490	W0014054	1448	2025-02-26T15:40:00Z
S00960	W0014055	1112	2025-02-19T04:24:00Z
S00960	W0014056	267	2025-02-16T14:17:00Z
S00960	W0014057	1167	2025-02-26T03:39:00Z
S00960	W0014058	915	2025-02-17T00:25:00Z
S00960	W0014059	411	2025-02-11T07:18:00Z
S00960	W0014060	892	2025-02-06T10:42:00Z
S00960	W0014061	425	2025-02-03T12:44:00Z
S00960	W0014062	1642	2025-02-03T06:43:00Z
S00960	W0014063	797	2025-02-08T19:11:00Z
S00960	W0014064	1689	2025-02-25T08:07:00Z
S00960	W0014065	247	2025-02-06T09:55:00Z
S00960	W0014066	1340	2025-02-06T18:05:00Z
S00960	W0014067	582	2025-02-07T16:01:00Z
S00960	W0014068	728	2025-02-27T07:42:00Z
S00960	W0014069	1287	2025-02-09T21:18:00Z
S00960	W0014070	854	2025-02-07T09:11:00Z
S00960	W0014071	1655	2025-02-26T15:39:00Z
S00960	W0014072	1105	2025-02-20T21:27:00Z
S00960	W0014073	316	2025-02-28T17:43:00Z
S00960	W0014074	1059	2025-02-02T13:36:00Z
S00302	W0014075	1247	2025-02-19T10:37:00Z
S00302	W0014076	670	2025-02-02T03:57:00Z
S00302	W0014077	1032	2025-02-05T02:02:00Z
S00302	W0014078	1546	2025-02-15T16:40:00Z
S00302	W0014079	1514	2025-02-12T14:43:00Z
S00302	W0014080	930	2025-02-10T04:50:00Z
S00302	W0014081	856	2025-02-03T00:00:00Z
S00302	W0014082	769	2025-02-03T19:35:00Z
S00302	W0014083	925	2025-02-12T08:51:00Z
S00302	W0014084	939	2025-02-13T01:44:00Z
S00302	W0014085	905	2025-02-15T20:04:00Z
S00302	W0014086	1783	2025-02-14T22:37:00Z
S00302	W0014087	1653	2025-02-17T11:19:00Z
S00302	W0014088	382	2025-02-18T03:52:00Z
S00302	W0014089	582	2025-02-05T23:47:00Z
S00034	W0014090	1410	2025-02-24T03:15:00Z
S00034	W0014091	1724	2025-02-04T04:05:00Z
S00034	W0014092	1282	2025-02-05T06:00:00Z
S00034	W0014093	1216	2025-02-23T17:20:00Z
S00034	W0014094	385	2025-02-18T01:50:00Z
S00034	W0014095	1265	2025-02-02T22:26:00Z
S00034	W0014096	908	2025-02-02T10:32:00Z
S00034	W0014097	72	2025-02-21T06:31:00Z
S00034	W0014098	1449	2025-02-15T13:15:00Z
S00034	W0014099	1309	2025-02-23T20:08:00Z
S00034	W0014100	1186	2025-02-08T13:28:00Z
S00034	W0014101	379	2025-02-17T05:12:00Z
S00002	W0014102	1613	2025-02-02T10:34:00Z
S00002	W0014103	856	2025-02-13T17:01:00Z
S00002	W0014104	1004	2025-02-23T16:16:00Z
S00002	W0014105	56	2025-02-17T09:13:00Z
S00002	W0014106	374	2025-02-22T19:14:00Z
S00002	W0014107	1083	2025-02-07T04:59:00Z
S00415	W0014108	1219	2025-02-24T05:02:00Z
S00415	W0014109	942	2025-02-21T00:03:00Z
S00415	W0014110	247	2025-02-23T02:43:00Z
S00415	W0014111	324	2025-02-13T14:04:00Z
S00415	W0014112	1258	2025-02-27T12:00:00Z
S01434	W0014113	412	2025-02-14T15:12:00Z
S01434	W0014114	605	2025-02-27T13:43:00Z
S01434	W0014115	807	2025-02-13T23:31:00Z
S01434	W0014116	1729	2025-02-18T15:31:00Z
S01434	W0014117	1551	2025-02-01T20:47:00Z
S01434	W0014118	966	2025-02-13T01:38:00Z
S01434	W0014119	1736	2025-02-08T14:31:00Z
S01434	W0014120	855	2025-02-01T01:04:00Z
S01434	W0014121	208	2025-02-14T01:12:00Z
S01434	W0014122	1192	2025-02-07T11:06:00Z
S01434	W0014123	858	2025-02-01T21:45:00Z
S01434	W0014124	1264	2025-02-03T09:16:00Z
S01537	W0014125	1398	2025-02-05T15:22:00Z
S01537	W0014126	1037	2025-02-04T03:17:00Z
S01537	W0014127	253	2025-02-14T23:43:00Z
S01537	W0014128	656	2025-02-27T22:06:00Z
S01537	W0014129	1289	2025-02-21T22:28:00Z
S01537	W0014130	924	2025-02-05T09:14:00Z
S01537	W0014131	1240	2025-02-05T04:37:00Z
S01537	W0014132	1749	2025-02-17T11:02:00Z
S01537	W0014133	1424	2025-02-15T05:19:00Z
S01537	W0014134	296	2025-02-07T23:03:00Z
S01537	W0014135	282	2025-02-08T23:00:00Z
S01537	W0014136	951	2025-02-16T10:16:00Z
S01537	W0014137	1366	2025-02-03T15:49:00Z
S01537	W0014138	1581	2025-02-14T10:32:00Z
S01537	W0014139	201	2025-02-20T16:39:00Z
S01537	W0014140	188	2025-02-28T03:30:00Z
S01537	W0014141	888	2025-02-07T14:41:00Z
S01537	W0014142	782	2025-02-20T15:18:00Z
S01537	W0014143	1197	2025-02-13T09:45:00Z
S01537	W0014144	1417	2025-02-22T00:27:00Z
S01537	W0014145	846	2025-02-23T13:45:00Z
S01537	W0014146	891	2025-02-06T08:15:00Z
S01537	W0014147	701	2025-02-16T01:08:00Z
S01735	W0014148	775	2025-02-02T10:14:00Z
S01735	W0014149	705	2025-02-28T10:57:00Z
S01735	W0014150	510	2025-02-23T21:37:00Z
S01735	W0014151	33	2025-02-14T17:29:00Z
S01735	W0014152	1269	2025-02-26T12:38:00Z
S01735	W0014153	1498	2025-02-10T23:58:00Z
S01735	W0014154	603	2025-02-22T05:50:00Z
S01735	W0014155	922	2025-02-28T13:10:00Z
S01735	W0014156	1556	2025-02-15T11:10:00Z
S01735	W0014157	225	2025-02-28T16:37:00Z
S01735	W0014158	914	2025-02-27T00:39:00Z
S01735	W0014159	1594	2025-02-02T14:55:00Z
S01735	W0014160	350	2025-02-01T02:39:00Z
S01735	W0014161	1062	2025-02-11T21:48:00Z
S01735	W0014162	352	2025-02-07T19:11:00Z
S01735	W0014163	1782	2025-02-14T18:06:00Z
S01735	W0014164	1619	2025-02-19T15:25:00Z
S01735	W0014165	324	2025-02-02T14:34:00Z
S01735	W0014166	1070	2025-02-12T06:57:00Z
S01735	W0014167	1439	2025-02-11T06:32:00Z
S01735	W0014168	560	2025-02-08T19:50:00Z
S01735	W0014169	1619	2025-02-13T07:34:00Z
S01735	W0014170	1212	2025-02-10T06:10:00Z
S01735	W0014171	784	2025-02-03T16:30:00Z
S01735	W0014172	359	2025-02-17T13:19:00Z
S01735	W0014173	1570	2025-02-18T08:07:00Z
S01735	W0014174	1435	2025-02-01T22:52:00Z
S01735	W0014175	1103	2025-02-19T23:18:00Z
S01735	W0014176	408	2025-02-03T09:19:00Z
S01735	W0014177	261	2025-02-23T10:31:00Z
S01464	W0014178	561	2025-02-12T18:09:00Z
S01464	W0014179	381	2025-02-27T13:37:00Z
S01464	W0014180	532	2025-02-01T05:21:00Z
S01464	W0014181	316	2025-02-17T10:52:00Z
S01464	W0014182	561	2025-02-02T19:08:00Z
S01464	W0014183	131	2025-02-06T16:30:00Z
S01464	W0014184	804	2025-02-26T02:28:00Z
S01464	W0014185	1402	2025-02-20T16:35:00Z
S01464	W0014186	427	2025-02-12T09:33:00Z
S01464	W0014187	1348	2025-02-13T08:06:00Z
S00781	W0014188	873	2025-02-27T01:29:00Z
S00781	W0014189	101	2025-02-17T12:00:00Z
S00781	W0014190	1585	2025-02-25T19:02:00Z
S00781	W0014191	744	2025-02-08T11:10:00Z
S00781	W0014192	48	2025-02-20T05:19:00Z
S00781	W0014193	1199	2025-02-18T02:54:00Z
S00781	W0014194	817	2025-02-05T07:00:00Z
S00781	W0014195	1706	2025-02-10T13:36:00Z
S00781	W0014196	85	2025-02-04T21:54:00Z
S00781	W0014197	505	2025-02-13T12:55:00Z
S00781	W0014198	136	2025-02-22T11:21:00Z
S00781	W0014199	885	2025-02-03T22:18:00Z
S00781	W0014200	346	2025-02-22T14:09:00Z
S00781	W0014201	810	2025-02-24T17:25:00Z
S00781	W0014202	997	2025-02-09T22:40:00Z
S00781	W0014203	1296	2025-02-21T09:07:00Z
S00781	W0014204	546	2025-02-07T23:47:00Z
S00781	W0014205	359	2025-02-23T01:13:00Z
S00781	W0014206	898	2025-02-05T16:16:00Z
S00781	W0014207	158	2025-02-08T19:34:00Z
S00781	W0014208	220	2025-02-24T18:44:00Z
S00781	W0014209	22	2025-02-21T04:08:00Z
S00781	W0014210	486	2025-02-12T17:09:00Z
S01157	W0014211	943	2025-02-18T23:22:00Z
S01157	W0014212	1373	2025-02-01T06:37:00Z
S01157	W0014213	1346	2025-02-04T15:44:00Z
S01157	W0014214	343	2025-02-12T06:12:00Z
S01157	W0014215	195	2025-02-23T19:58:00Z
S01157	W0014216	734	2025-02-19T12:59:00Z
S01157	W0014217	1463	2025-02-09T00:00:00Z
S01157	W0014218	1534	2025-02-26T04:30:00Z
S01157	W0014219	1591	2025-02-12T17:38:00Z
S01157	W0014220	1312	2025-02-06T03:44:00Z
S01157	W0014221	610	2025-02-25T15:41:00Z
S01157	W0014222	1008	2025-02-04T03:39:00Z
S01157	W0014223	309	2025-02-19T21:53:00Z
S01157	W0014224	1789	2025-02-17T02:52:00Z
S01157	W0014225	117	2025-02-11T04:45:00Z
S01157	W0014226	1399	2025-02-06T11:03:00Z
S01157	W0014227	515	2025-02-11T06:26:00Z
S01157	W0014228	1263	2025-02-10T02:03:00Z
S01157	W0014229	1302	2025-02-08T19:05:00Z
S01118	W0014230	144	2025-02-27T20:54:00Z
S01118	W0014231	1574	2025-02-27T16:35:00Z
S01118	W0014232	1594	2025-02-11T00:32:00Z
S01118	W0014233	1191	2025-02-04T06:45:00Z
S01118	W0014234	877	2025-02-13T02:40:00Z
S01118	W0014235	1495	2025-02-21T19:42:00Z
S01118	W0014236	333	2025-02-08T13:52:00Z
S01118	W0014237	594	2025-02-26T03:06:00Z
S01118	W0014238	1543	2025-02-27T19:26:00Z
S01118	W0014239	882	2025-02-25T15:03:00Z
S01118	W0014240	942	2025-02-25T00:36:00Z
S01118	W0014241	1178	2025-02-05T17:08:00Z
S01118	W0014242	1532	2025-02-25T18:51:00Z
S01118	W0014243	1549	2025-02-03T19:09:00Z
S01118	W0014244	963	2025-02-24T20:50:00Z
S01118	W0014245	402	2025-02-07T17:00:00Z
S01118	W0014246	641	2025-02-15T20:22:00Z
S00859	W0014247	423	2025-02-28T19:42:00Z
S00859	W0014248	1369	2025-02-11T07:01:00Z
S00859	W0014249	105	2025-02-04T11:32:00Z
S00859	W0014250	416	2025-02-16T23:08:00Z
S00859	W0014251	324	2025-02-24T13:14:00Z
S00859	W0014252	817	2025-02-03T20:50:00Z
S00202	W0014253	184	2025-02-17T07:01:00Z
S00202	W0014254	1304	2025-02-12T16:01:00Z
S00202	W0014255	1198	2025-02-06T11:10:00Z
S00202	W0014256	921	2025-02-07T13:18:00Z
S00202	W0014257	115	2025-02-12T08:08:00Z
S00202	W0014258	109	2025-02-16T01:50:00Z
S00202	W0014259	1215	2025-02-19T06:57:00Z
S00184	W0014260	795	2025-02-18T06:27:00Z
S00184	W0014261	1287	2025-02-10T10:36:00Z
S00184	W0014262	1423	2025-02-27T22:45:00Z
S00184	W0014263	1437	2025-02-22T06:47:00Z
S00184	W0014264	1050	2025-02-21T11:43:00Z
S00184	W0014265	845	2025-02-04T21:59:00Z
S00184	W0014266	268	2025-02-06T03:27:00Z
S01828	W0014267	38	2025-02-03T05:31:00Z
S01828	W0014268	450	2025-02-15T08:56:00Z
S01828	W0014269	238	2025-02-23T02:24:00Z
S01828	W0014270	625	2025-02-12T01:19:00Z
S01828	W0014271	1529	2025-02-23T10:37:00Z
S01828	W0014272	1688	2025-02-05T15:55:00Z
S01828	W0014273	198	2025-02-08T18:18:00Z
S01828	W0014274	423	2025-02-08T11:43:00Z
S01828	W0014275	1249	2025-02-27T07:20:00Z
S01828	W0014276	679	2025-02-20T13:35:00Z
S01828	W0014277	1119	2025-02-17T06:11:00Z
S01828	W0014278	890	2025-02-14T20:58:00Z
S01828	W0014279	1158	2025-02-04T09:22:00Z
S01828	W0014280	1328	2025-02-13T09:17:00Z
S01828	W0014281	725	2025-02-21T20:37:00Z
S01832	W0014282	824	2025-02-13T08:10:00Z
S01832	W0014283	1276	2025-02-27T16:53:00Z
S01832	W0014284	346	2025-02-13T01:37:00Z
S01832	W0014285	549	2025-02-19T21:33:00Z
S01832	W0014286	56	2025-02-24T17:45:00Z
S01832	W0014287	1241	2025-02-03T23:00:00Z
S01832	W0014288	745	2025-02-06T00:56:00Z
S01832	W0014289	1002	2025-02-20T10:08:00Z
S01832	W0014290	1372	2025-02-07T19:12:00Z
S01832	W0014291	318	2025-02-25T02:15:00Z
S01832	W0014292	1725	2025-02-05T07:35:00Z
S01832	W0014293	1462	2025-02-03T07:25:00Z
S01832	W0014294	1013	2025-02-20T05:54:00Z
S01832	W0014295	221	2025-02-15T16:04:00Z
S01832	W0014296	476	2025-02-05T20:30:00Z
S01832	W0014297	341	2025-02-24T04:36:00Z
S01832	W0014298	318	2025-02-17T13:38:00Z
S01832	W0014299	664	2025-02-09T05:55:00Z
S01832	W0014300	1311	2025-02-12T01:36:00Z
S01832	W0014301	932	2025-02-08T16:27:00Z
S01832	W0014302	485	2025-02-26T16:58:00Z
S01832	W0014303	1058	2025-02-24T10:03:00Z
S01832	W0014304	1396	2025-02-19T20:25:00Z
S00490	W0014305	546	2025-02-03T12:47:00Z
S00490	W0014306	949	2025-02-25T16:42:00Z
S00490	W0014307	574	2025-02-18T08:12:00Z
S00490	W0014308	628	2025-02-11T05:52:00Z
S00490	W0014309	159	2025-02-04T21:48:00Z
S00490	W0014310	214	2025-02-26T16:02:00Z
S00490	W0014311	1348	2025-02-22T05:58:00Z
S00490	W0014312	370	2025-02-10T00:35:00Z
S00490	W0014313	1650	2025-02-09T17:50:00Z
S00490	W0014314	1189	2025-02-04T20:12:00Z
S00490	W0014315	776	2025-02-21T14:56:00Z
S00490	W0014316	179	2025-02-10T02:17:00Z
S00490	W0014317	1539	2025-02-14T19:06:00Z
S00490	W0014318	183	2025-02-18T12:02:00Z
S00490	W0014319	603	2025-02-07T16:12:00Z
S00490	W0014320	1451	2025-02-15T16:04:00Z
S00490	W0014321	171	2025-02-03T22:20:00Z
S00490	W0014322	1045	2025-02-18T11:05:00Z
S00490	W0014323	89	2025-02-19T01:01:00Z
S00490	W0014324	412	2025-02-23T09:11:00Z
S00490	W0014325	388	2025-02-14T11:26:00Z
S00490	W0014326	1366	2025-02-15T10:55:00Z
S00490	W0014327	333	2025-02-05T04:02:00Z
S00251	W0014328	661	2025-02-27T13:43:00Z
S00251	W0014329	1512	2025-02-13T19:54:00Z
S00251	W0014330	1719	2025-02-07T02:33:00Z
S00251	W0014331	919	2025-02-22T19:49:00Z
S00251	W0014332	310	2025-02-16T19:29:00Z
S00251	W0014333	1401	2025-02-25T21:32:00Z
S00251	W0014334	1135	2025-02-21T03:17:00Z
S00251	W0014335	688	2025-02-25T16:10:00Z
S00251	W0014336	548	2025-02-02T19:59:00Z
S00251	W0014337	482	2025-02-08T00:14:00Z
S00251	W0014338	1411	2025-02-28T20:32:00Z
S00251	W0014339	1160	2025-02-02T22:59:00Z
S00251	W0014340	266	2025-02-02T06:57:00Z
S00251	W0014341	270	2025-02-07T20:28:00Z
S00251	W0014342	775	2025-02-08T04:49:00Z
S00251	W0014343	437	2025-02-11T01:38:00Z
S00251	W0014344	312	2025-02-03T01:08:00Z
S00251	W0014345	941	2025-02-27T06:06:00Z
S00251	W0014346	1512	2025-02-11T23:20:00Z
S01355	W0014347	1757	2025-02-01T08:22:00Z
S01355	W0014348	1264	2025-02-19T02:42:00Z
S01355	W0014349	649	2025-02-27T15:31:00Z
S01355	W0014350	565	2025-02-24T06:06:00Z
S01355	W0014351	918	2025-02-03T10:55:00Z
S01355	W0014352	763	2025-02-22T07:12:00Z
S01355	W0014353	1549	2025-02-19T05:50:00Z
S01355	W0014354	1563	2025-02-06T19:30:00Z
S01796	W0014355	1364	2025-02-26T03:36:00Z
S01796	W0014356	925	2025-02-06T06:44:00Z
S01796	W0014357	1670	2025-02-11T16:48:00Z
S01796	W0014358	1414	2025-02-25T09:46:00Z
S01796	W0014359	452	2025-02-01T08:56:00Z
S01796	W0014360	1493	2025-02-18T16:06:00Z
S01796	W0014361	114	2025-02-24T10:53:00Z
S01796	W0014362	1712	2025-02-09T05:25:00Z
S01796	W0014363	827	2025-02-01T05:56:00Z
S01796	W0014364	52	2025-02-18T12:43:00Z
S01796	W0014365	647	2025-02-20T04:53:00Z
S01796	W0014366	966	2025-02-11T17:14:00Z
S01796	W0014367	64	2025-02-10T20:45:00Z
S01796	W0014368	617	2025-02-03T09:17:00Z
S01796	W0014369	1035	2025-02-19T10:38:00Z
S01796	W0014370	1672	2025-02-03T21:47:00Z
S01796	W0014371	234	2025-02-23T14:51:00Z
S01796	W0014372	986	2025-02-05T01:03:00Z
S01796	W0014373	1353	2025-02-11T13:11:00Z
S01796	W0014374	45	2025-02-20T22:53:00Z
S01796	W0014375	1211	2025-02-10T19:39:00Z
S01796	W0014376	283	2025-02-20T05:43:00Z
S01796	W0014377	1622	2025-02-02T10:36:00Z
S01796	W0014378	737	2025-02-17T10:20:00Z
S01796	W0014379	545	2025-02-02T10:11:00Z
S01796	W0014380	1109	2025-02-15T02:54:00Z
S01796	W0014381	28	2025-02-23T01:54:00Z
S01349	W0014382	1713	2025-02-25T07:39:00Z
S01349	W0014383	29	2025-02-18T10:03:00Z
S01349	W0014384	294	2025-02-07T23:38:00Z
S01349	W0014385	1482	2025-02-14T16:06:00Z
S01349	W0014386	182	2025-02-07T20:54:00Z
S01349	W0014387	1119	2025-02-02T22:55:00Z
S01349	W0014388	627	2025-02-13T08:23:00Z
S01349	W0014389	339	2025-02-22T14:09:00Z
S01349	W0014390	400	2025-02-09T01:20:00Z
S01349	W0014391	1302	2025-02-27T20:04:00Z
S01349	W0014392	68	2025-02-12T03:04:00Z
S01349	W0014393	60	2025-02-26T11:24:00Z
S01349	W0014394	1572	2025-02-07T19:44:00Z
S01349	W0014395	237	2025-02-26T07:35:00Z
S01349	W0014396	110	2025-02-22T17:25:00Z
S00822	W0014397	1742	2025-02-21T09:35:00Z
S00822	W0014398	342	2025-02-16T10:07:00Z
S00822	W0014399	997	2025-02-25T03:10:00Z
S00822	W0014400	1530	2025-02-23T13:36:00Z
S00822	W0014401	77	2025-02-08T01:52:00Z
S00822	W0014402	898	2025-02-27T07:35:00Z
S00822	W0014403	865	2025-02-15T00:39:00Z
S00822	W0014404	1517	2025-02-05T03:05:00Z
S00822	W0014405	52	2025-02-12T23:56:00Z
S00822	W0014406	1396	2025-02-15T08:31:00Z
S00822	W0014407	1676	2025-02-10T03:31:00Z
S00822	W0014408	652	2025-02-14T05:18:00Z
S00822	W0014409	377	2025-02-24T17:42:00Z
S00822	W0014410	1515	2025-02-18T21:24:00Z
S00822	W0014411	1489	2025-02-18T02:11:00Z
S00822	W0014412	1103	2025-02-10T22:56:00Z
S00822	W0014413	1477	2025-02-02T01:16:00Z
S00822	W0014414	1684	2025-02-21T22:54:00Z
S00822	W0014415	1660	2025-02-24T16:54:00Z
S00822	W0014416	809	2025-02-22T09:27:00Z
S00822	W0014417	252	2025-02-17T21:03:00Z
S00822	W0014418	871	2025-02-15T11:11:00Z
S00822	W0014419	689	2025-02-24T18:18:00Z
S00822	W0014420	1300	2025-02-22T02:09:00Z
S01996	W0014421	482	2025-02-25T06:53:00Z
S01996	W0014422	83	2025-02-04T13:59:00Z
S01996	W0014423	1095	2025-02-07T23:45:00Z
S01996	W0014424	490	2025-02-14T10:13:00Z
S01996	W0014425	1017	2025-02-03T15:48:00Z
S01996	W0014426	1714	2025-02-02T04:00:00Z
S01996	W0014427	913	2025-02-01T03:07:00Z
S01996	W0014428	1455	2025-02-06T19:26:00Z
S01996	W0014429	1648	2025-02-09T23:23:00Z
S01996	W0014430	423	2025-02-11T05:58:00Z
S01996	W0014431	317	2025-02-12T08:47:00Z
S01996	W0014432	1392	2025-02-15T02:49:00Z
S01996	W0014433	100	2025-02-04T13:09:00Z
S01996	W0014434	491	2025-02-28T23:10:00Z
S01996	W0014435	1331	2025-02-18T14:35:00Z
S01996	W0014436	872	2025-02-21T10:29:00Z
S01996	W0014437	1101	2025-02-18T10:20:00Z
S01996	W0014438	657	2025-02-15T20:08:00Z
S01996	W0014439	1272	2025-02-22T16:58:00Z
S01996	W0014440	675	2025-02-11T04:55:00Z
S01996	W0014441	979	2025-02-13T21:06:00Z
S01996	W0014442	427	2025-02-07T21:07:00Z
S01996	W0014443	599	2025-02-28T22:54:00Z
S00215	W0014444	77	2025-02-16T11:55:00Z
S00215	W0014445	723	2025-02-05T05:57:00Z
S00215	W0014446	1018	2025-02-24T09:53:00Z
S00215	W0014447	491	2025-02-14T15:29:00Z
S00215	W0014448	508	2025-02-03T23:04:00Z
S00215	W0014449	396	2025-02-23T06:16:00Z
S00215	W0014450	475	2025-02-07T05:22:00Z
S00215	W0014451	1790	2025-02-19T14:12:00Z
S00215	W0014452	1112	2025-02-05T07:40:00Z
S00215	W0014453	1577	2025-02-06T23:13:00Z
S00523	W0014454	1054	2025-02-08T21:43:00Z
S00523	W0014455	208	2025-02-03T09:04:00Z
S00523	W0014456	1549	2025-02-09T14:48:00Z
S00523	W0014457	969	2025-02-14T11:43:00Z
S00523	W0014458	197	2025-02-15T19:49:00Z
S00523	W0014459	176	2025-02-06T04:26:00Z
S00523	W0014460	186	2025-02-28T19:17:00Z
S00523	W0014461	1585	2025-02-23T11:13:00Z
S00523	W0014462	1579	2025-02-25T20:03:00Z
S00523	W0014463	1790	2025-02-11T17:20:00Z
S01020	W0014464	1472	2025-02-26T12:11:00Z
S01020	W0014465	1135	2025-02-10T07:10:00Z
S01020	W0014466	658	2025-02-21T00:56:00Z
S01020	W0014467	1033	2025-02-28T09:16:00Z
S01020	W0014468	1639	2025-02-11T05:20:00Z
S00618	W0014469	795	2025-02-28T23:43:00Z
S00618	W0014470	660	2025-02-03T03:47:00Z
S00618	W0014471	77	2025-02-06T21:17:00Z
S00618	W0014472	237	2025-02-01T06:24:00Z
S00618	W0014473	1742	2025-02-20T09:22:00Z
S00618	W0014474	520	2025-02-20T06:18:00Z
S00618	W0014475	1185	2025-02-12T12:17:00Z
S00618	W0014476	40	2025-02-28T04:03:00Z
S00618	W0014477	1404	2025-02-28T05:28:00Z
S00618	W0014478	1312	2025-02-16T15:18:00Z
S00160	W0014479	387	2025-02-28T08:06:00Z
S00160	W0014480	495	2025-02-17T05:23:00Z
S00160	W0014481	122	2025-02-22T17:34:00Z
S00160	W0014482	291	2025-02-28T20:59:00Z
S00160	W0014483	1351	2025-02-06T17:44:00Z
S00160	W0014484	995	2025-02-09T08:43:00Z
S00160	W0014485	1461	2025-02-05T09:58:00Z
S00160	W0014486	384	2025-02-05T08:34:00Z
S00160	W0014487	1315	2025-02-15T15:41:00Z
S00160	W0014488	482	2025-02-19T02:37:00Z
S00160	W0014489	292	2025-02-13T10:02:00Z
S00160	W0014490	406	2025-02-04T06:43:00Z
S00160	W0014491	1762	2025-02-12T16:59:00Z
S00160	W0014492	384	2025-02-13T23:11:00Z
S00160	W0014493	849	2025-02-11T00:25:00Z
S00160	W0014494	1666	2025-02-02T13:05:00Z
S00160	W0014495	757	2025-02-02T07:34:00Z
S00160	W0014496	1409	2025-02-06T07:46:00Z
S00007	W0014497	612	2025-02-10T12:09:00Z
S00007	W0014498	1122	2025-02-14T10:41:00Z
S00007	W0014499	1390	2025-02-01T05:46:00Z
S00007	W0014500	234	2025-02-15T08:13:00Z
S00007	W0014501	654	2025-02-02T06:58:00Z
S00007	W0014502	987	2025-02-18T18:45:00Z
S00423	W0014503	1696	2025-02-16T15:37:00Z
S00423	W0014504	701	2025-02-10T07:47:00Z
S00423	W0014505	491	2025-02-25T13:42:00Z
S00423	W0014506	719	2025-02-16T10:20:00Z
S00423	W0014507	530	2025-02-17T00:10:00Z
S00423	W0014508	696	2025-02-18T13:34:00Z
S00423	W0014509	936	2025-02-04T11:20:00Z
S00423	W0014510	791	2025-02-17T07:26:00Z
S00423	W0014511	746	2025-02-19T10:49:00Z
S00423	W0014512	734	2025-02-09T23:21:00Z
S00423	W0014513	954	2025-02-22T21:49:00Z
S00423	W0014514	1349	2025-02-18T22:52:00Z
S00423	W0014515	736	2025-02-24T22:18:00Z
S00423	W0014516	1418	2025-02-25T02:14:00Z
S01757	W0014517	1222	2025-02-22T22:25:00Z
S01757	W0014518	554	2025-02-20T03:48:00Z
S01757	W0014519	497	2025-02-19T22:25:00Z
S01757	W0014520	1770	2025-02-02T22:36:00Z
S01757	W0014521	872	2025-02-06T06:07:00Z
S01757	W0014522	471	2025-02-21T10:56:00Z
S01757	W0014523	1451	2025-02-14T05:12:00Z
S01757	W0014524	1128	2025-02-26T04:22:00Z
S01757	W0014525	1530	2025-02-26T10:00:00Z
S01757	W0014526	106	2025-02-27T09:21:00Z
S01757	W0014527	1094	2025-02-18T11:36:00Z
S01757	W0014528	572	2025-02-04T06:15:00Z
S01757	W0014529	392	2025-02-23T21:20:00Z
S01757	W0014530	1118	2025-02-26T04:23:00Z
S01757	W0014531	24	2025-02-14T21:49:00Z
S01757	W0014532	427	2025-02-28T16:39:00Z
S01757	W0014533	777	2025-02-07T19:16:00Z
S01757	W0014534	854	2025-02-10T05:59:00Z
S01343	W0014535	1701	2025-02-22T12:49:00Z
S01343	W0014536	630	2025-02-26T05:42:00Z
S01343	W0014537	898	2025-02-16T01:56:00Z
S01343	W0014538	1336	2025-02-24T22:14:00Z
S01343	W0014539	1475	2025-02-24T16:07:00Z
S01343	W0014540	149	2025-02-07T18:05:00Z
S01343	W0014541	1416	2025-02-18T17:14:00Z
S01343	W0014542	241	2025-02-12T21:14:00Z
S01343	W0014543	1270	2025-02-07T22:49:00Z
S01626	W0014544	908	2025-02-09T20:42:00Z
S01626	W0014545	937	2025-02-27T08:00:00Z
S01626	W0014546	1793	2025-02-21T08:55:00Z
S01626	W0014547	1710	2025-02-10T15:41:00Z
S01626	W0014548	540	2025-02-22T08:23:00Z
S01626	W0014549	1045	2025-02-24T13:24:00Z
S01626	W0014550	293	2025-02-16T03:25:00Z
S01626	W0014551	534	2025-02-12T04:18:00Z
S01626	W0014552	744	2025-02-03T10:13:00Z
S01626	W0014553	813	2025-02-19T15:02:00Z
S01626	W0014554	1153	2025-02-20T06:03:00Z
S01626	W0014555	89	2025-02-27T15:18:00Z
S01626	W0014556	366	2025-02-16T22:40:00Z
S01626	W0014557	1457	2025-02-09T06:01:00Z
S01626	W0014558	99	2025-02-24T17:17:00Z
S00434	W0014559	809	2025-02-19T18:05:00Z
S00434	W0014560	763	2025-02-10T18:22:00Z
S00434	W0014561	854	2025-02-27T05:50:00Z
S00434	W0014562	1047	2025-02-07T01:50:00Z
S00434	W0014563	1695	2025-02-12T22:41:00Z
S00434	W0014564	1608	2025-02-19T00:53:00Z
S00434	W0014565	552	2025-02-16T15:37:00Z
S00434	W0014566	1546	2025-02-22T12:08:00Z
S00434	W0014567	913	2025-02-23T06:19:00Z
S00430	W0014568	1544	2025-02-03T22:13:00Z
S00430	W0014569	1047	2025-02-03T22:55:00Z
S00430	W0014570	632	2025-02-06T03:20:00Z
S00430	W0014571	1023	2025-02-09T10:17:00Z
S00430	W0014572	906	2025-02-28T21:04:00Z
S00430	W0014573	1539	2025-02-14T13:43:00Z
S00430	W0014574	1274	2025-02-12T23:50:00Z
S00430	W0014575	242	2025-02-13T02:54:00Z
S00430	W0014576	797	2025-02-01T05:42:00Z
S00430	W0014577	1128	2025-02-10T16:49:00Z
S00430	W0014578	892	2025-02-04T06:20:00Z
S00430	W0014579	319	2025-02-09T19:40:00Z
S00430	W0014580	1710	2025-02-22T19:52:00Z
S00430	W0014581	43	2025-02-01T21:16:00Z
S00430	W0014582	635	2025-02-21T05:56:00Z
S00430	W0014583	48	2025-02-21T05:11:00Z
S00430	W0014584	1585	2025-02-03T04:07:00Z
S00430	W0014585	1232	2025-02-15T08:57:00Z
S00430	W0014586	1390	2025-02-02T10:45:00Z
S00430	W0014587	1423	2025-02-24T19:19:00Z
S00430	W0014588	1218	2025-02-21T14:05:00Z
S00430	W0014589	790	2025-02-09T05:51:00Z
S00430	W0014590	50	2025-02-26T15:22:00Z
S00430	W0014591	465	2025-02-14T09:25:00Z
S00538	W0014592	1361	2025-02-21T04:18:00Z
S00538	W0014593	850	2025-02-20T19:25:00Z
S00538	W0014594	257	2025-02-26T04:46:00Z
S00538	W0014595	46	2025-02-06T09:49:00Z
S01525	W0014596	619	2025-02-23T02:42:00Z
S01525	W0014597	578	2025-02-26T08:51:00Z
S01525	W0014598	98	2025-02-14T10:34:00Z
S01525	W0014599	1626	2025-02-14T00:54:00Z
S01525	W0014600	1714	2025-02-27T08:23:00Z
S01525	W0014601	1290	2025-02-01T20:55:00Z
S01525	W0014602	1231	2025-02-25T07:32:00Z
S01525	W0014603	1247	2025-02-05T06:03:00Z
S01525	W0014604	282	2025-02-13T04:56:00Z
S01525	W0014605	1235	2025-02-07T06:18:00Z
S01525	W0014606	1493	2025-02-17T21:56:00Z
S01525	W0014607	718	2025-02-17T23:26:00Z
S01525	W0014608	1309	2025-02-22T16:39:00Z
S01525	W0014609	981	2025-02-27T16:45:00Z
S01525	W0014610	1295	2025-02-03T04:01:00Z
S01525	W0014611	1589	2025-02-03T14:39:00Z
S01525	W0014612	330	2025-02-26T10:29:00Z
S01525	W0014613	1186	2025-02-03T20:14:00Z
S01525	W0014614	1092	2025-02-11T04:22:00Z
S01525	W0014615	1111	2025-02-13T13:26:00Z
S01525	W0014616	1014	2025-02-05T14:17:00Z
S01525	W0014617	568	2025-02-28T18:20:00Z
S01525	W0014618	128	2025-02-04T07:40:00Z
S00311	W0014619	644	2025-02-07T18:41:00Z
S00311	W0014620	1074	2025-02-01T15:16:00Z
S00311	W0014621	782	2025-02-09T07:50:00Z
S00311	W0014622	1791	2025-02-17T02:53:00Z
S00311	W0014623	625	2025-02-08T01:04:00Z
S00311	W0014624	1118	2025-02-03T05:23:00Z
S00311	W0014625	217	2025-02-19T18:48:00Z
S00311	W0014626	1519	2025-02-27T08:42:00Z
S00311	W0014627	1218	2025-02-01T17:58:00Z
S00311	W0014628	20	2025-02-24T04:27:00Z
S00311	W0014629	1426	2025-02-27T18:58:00Z
S00311	W0014630	1501	2025-02-07T07:07:00Z
S00311	W0014631	536	2025-02-08T23:50:00Z
S00311	W0014632	575	2025-02-16T07:57:00Z
S00311	W0014633	1655	2025-02-17T08:02:00Z
S00311	W0014634	944	2025-02-10T00:28:00Z
S00311	W0014635	1426	2025-02-08T12:01:00Z
S00311	W0014636	1330	2025-02-27T05:27:00Z
S00311	W0014637	1022	2025-02-25T07:38:00Z
S00311	W0014638	170	2025-02-28T19:35:00Z
S00897	W0014639	456	2025-02-11T14:56:00Z
S00897	W0014640	1314	2025-02-15T22:36:00Z
S00897	W0014641	326	2025-02-25T19:10:00Z
S00897	W0014642	1130	2025-02-17T13:45:00Z
S00897	W0014643	1107	2025-02-17T22:37:00Z
S00897	W0014644	1755	2025-02-19T10:37:00Z
S00897	W0014645	712	2025-02-11T01:43:00Z
S00897	W0014646	1118	2025-02-13T13:54:00Z
S00897	W0014647	1556	2025-02-25T02:53:00Z
S00897	W0014648	1593	2025-02-07T16:52:00Z
S00897	W0014649	863	2025-02-18T04:06:00Z
S00897	W0014650	1136	2025-02-14T06:10:00Z
S00897	W0014651	1329	2025-02-13T09:38:00Z
S00897	W0014652	1212	2025-02-18T00:06:00Z
S00897	W0014653	287	2025-02-04T08:29:00Z
S00897	W0014654	549	2025-02-16T22:20:00Z
S00897	W0014655	743	2025-02-08T19:47:00Z
S00897	W0014656	349	2025-02-06T23:00:00Z
S00897	W0014657	1704	2025-02-21T19:29:00Z
S00897	W0014658	665	2025-02-11T02:26:00Z
S00897	W0014659	751	2025-02-18T13:25:00Z
S00897	W0014660	395	2025-02-14T12:14:00Z
S00897	W0014661	28	2025-02-22T09:41:00Z
S00897	W0014662	669	2025-02-13T07:01:00Z
S01784	W0014663	127	2025-02-03T05:01:00Z
S01784	W0014664	466	2025-02-05T14:21:00Z
S01784	W0014665	693	2025-02-11T22:20:00Z
S01784	W0014666	1502	2025-02-11T15:10:00Z
S01784	W0014667	1479	2025-02-01T02:15:00Z
S01784	W0014668	219	2025-02-23T11:46:00Z
S01784	W0014669	1475	2025-02-03T11:49:00Z
S01784	W0014670	506	2025-02-26T04:25:00Z
S01784	W0014671	1186	2025-02-27T10:13:00Z
S01784	W0014672	115	2025-02-17T00:12:00Z
S01784	W0014673	957	2025-02-02T22:35:00Z
S01784	W0014674	86	2025-02-04T01:15:00Z
S01784	W0014675	427	2025-02-20T04:03:00Z
S01784	W0014676	1301	2025-02-03T02:15:00Z
S01784	W0014677	966	2025-02-11T10:53:00Z
S01784	W0014678	450	2025-02-19T09:28:00Z
S01784	W0014679	1672	2025-02-01T09:10:00Z
S01784	W0014680	1000	2025-02-25T10:19:00Z
S01784	W0014681	1513	2025-02-14T07:45:00Z
S01784	W0014682	294	2025-02-11T20:11:00Z
S00588	W0014683	334	2025-02-24T02:35:00Z
S00588	W0014684	1271	2025-02-26T11:02:00Z
S00588	W0014685	437	2025-02-23T07:33:00Z
S00588	W0014686	1391	2025-02-09T23:26:00Z
S00588	W0014687	1680	2025-02-15T13:02:00Z
S00588	W0014688	509	2025-02-22T11:40:00Z
S00588	W0014689	385	2025-02-19T08:16:00Z
S00588	W0014690	1589	2025-02-27T04:17:00Z
S00588	W0014691	297	2025-02-18T01:28:00Z
S00588	W0014692	1433	2025-02-02T18:02:00Z
S00588	W0014693	1738	2025-02-26T21:20:00Z
S00588	W0014694	879	2025-02-21T16:52:00Z
S00588	W0014695	373	2025-02-09T11:07:00Z
S00588	W0014696	881	2025-02-13T03:07:00Z
S00588	W0014697	1669	2025-02-27T04:28:00Z
S00588	W0014698	486	2025-02-10T08:06:00Z
S00588	W0014699	1623	2025-02-17T06:33:00Z
S00588	W0014700	889	2025-02-16T05:29:00Z
S00588	W0014701	591	2025-02-09T23:23:00Z
S00588	W0014702	1787	2025-02-08T07:45:00Z
S00588	W0014703	50	2025-02-07T08:23:00Z
S01807	W0014704	950	2025-02-28T12:35:00Z
S01807	W0014705	1367	2025-02-26T19:29:00Z
S01807	W0014706	813	2025-02-16T18:24:00Z
S01807	W0014707	1531	2025-02-21T02:58:00Z
S01807	W0014708	1773	2025-02-24T07:18:00Z
S01807	W0014709	1168	2025-02-08T14:27:00Z
S01807	W0014710	1448	2025-02-05T23:28:00Z
S01807	W0014711	1408	2025-02-08T22:07:00Z
S01807	W0014712	524	2025-02-01T11:47:00Z
S01807	W0014713	1118	2025-02-22T06:42:00Z
S01807	W0014714	809	2025-02-19T07:21:00Z
S01807	W0014715	985	2025-02-16T17:44:00Z
S01807	W0014716	1426	2025-02-23T22:10:00Z
S01807	W0014717	1699	2025-02-25T23:11:00Z
S01807	W0014718	763	2025-02-27T03:54:00Z
S01807	W0014719	440	2025-02-11T23:48:00Z
S00143	W0014720	331	2025-02-22T04:16:00Z
S00143	W0014721	995	2025-02-04T04:45:00Z
S00143	W0014722	1267	2025-02-13T07:14:00Z
S00143	W0014723	1697	2025-02-07T02:47:00Z
S00143	W0014724	1292	2025-02-27T23:39:00Z
S00143	W0014725	1437	2025-02-25T11:35:00Z
S00143	W0014726	1194	2025-02-03T01:09:00Z
S00143	W0014727	1459	2025-02-16T19:10:00Z
S00143	W0014728	743	2025-02-05T12:42:00Z
S00143	W0014729	29	2025-02-22T00:38:00Z
S00143	W0014730	1755	2025-02-10T13:26:00Z
S00143	W0014731	256	2025-02-26T02:10:00Z
S00143	W0014732	468	2025-02-01T10:11:00Z
S00143	W0014733	231	2025-02-27T14:48:00Z
S00143	W0014734	374	2025-02-07T16:52:00Z
S00143	W0014735	289	2025-02-03T00:01:00Z
S00143	W0014736	1542	2025-02-23T13:22:00Z
S00143	W0014737	1395	2025-02-22T10:01:00Z
S00143	W0014738	863	2025-02-12T02:58:00Z
S00143	W0014739	405	2025-02-22T03:56:00Z
S00143	W0014740	1130	2025-02-17T20:32:00Z
S00143	W0014741	217	2025-02-04T07:08:00Z
S00143	W0014742	1006	2025-02-06T06:40:00Z
S00143	W0014743	1482	2025-02-27T18:49:00Z
S00143	W0014744	1377	2025-02-05T07:44:00Z
S00143	W0014745	1209	2025-02-08T00:22:00Z
S00176	W0014746	194	2025-02-08T18:11:00Z
S00176	W0014747	934	2025-02-11T03:13:00Z
S00176	W0014748	1773	2025-02-16T02:14:00Z
S00176	W0014749	173	2025-02-20T06:27:00Z
S00176	W0014750	196	2025-02-06T05:48:00Z
S00176	W0014751	1339	2025-02-23T18:26:00Z
S00176	W0014752	1119	2025-02-25T20:28:00Z
S00176	W0014753	281	2025-02-20T06:49:00Z
S00293	W0014754	913	2025-02-27T07:04:00Z
S00293	W0014755	1310	2025-02-11T20:00:00Z
S00293	W0014756	574	2025-02-14T23:36:00Z
S00293	W0014757	603	2025-02-08T17:43:00Z
S00293	W0014758	53	2025-02-02T03:13:00Z
S00293	W0014759	547	2025-02-08T17:33:00Z
S00293	W0014760	32	2025-02-27T10:22:00Z
S00293	W0014761	1726	2025-02-04T09:03:00Z
S00293	W0014762	1525	2025-02-11T02:45:00Z
S00293	W0014763	477	2025-02-28T19:16:00Z
S00293	W0014764	72	2025-02-22T00:15:00Z
S00293	W0014765	618	2025-02-14T23:54:00Z
S00293	W0014766	1412	2025-02-21T03:05:00Z
S00293	W0014767	988	2025-02-12T16:05:00Z
S00293	W0014768	1179	2025-02-16T18:01:00Z
S00603	W0014769	1724	2025-02-18T20:53:00Z
S00603	W0014770	1559	2025-02-22T19:06:00Z
S00603	W0014771	841	2025-02-28T12:46:00Z
S00603	W0014772	1276	2025-02-08T05:16:00Z
S00603	W0014773	1334	2025-02-02T18:22:00Z
S00603	W0014774	827	2025-02-09T05:58:00Z
S00603	W0014775	1408	2025-02-06T08:56:00Z
S00603	W0014776	868	2025-02-25T16:51:00Z
S00603	W0014777	1091	2025-02-21T21:47:00Z
S00603	W0014778	169	2025-02-05T08:51:00Z
S00603	W0014779	1645	2025-02-02T02:27:00Z
S00603	W0014780	396	2025-02-19T04:20:00Z
S00603	W0014781	792	2025-02-10T01:51:00Z
S00603	W0014782	470	2025-02-21T13:49:00Z
S00603	W0014783	964	2025-02-15T08:49:00Z
S00603	W0014784	1075	2025-02-23T20:00:00Z
S00603	W0014785	884	2025-02-07T20:45:00Z
S00603	W0014786	41	2025-02-08T10:14:00Z
S00603	W0014787	1757	2025-02-07T10:18:00Z
S00603	W0014788	1640	2025-02-21T19:00:00Z
S00603	W0014789	920	2025-02-04T20:44:00Z
S00603	W0014790	1749	2025-02-23T03:21:00Z
S00603	W0014791	1575	2025-02-28T10:42:00Z
S00603	W0014792	465	2025-02-18T17:08:00Z
S00982	W0014793	450	2025-02-02T02:45:00Z
S00982	W0014794	660	2025-02-06T03:25:00Z
S00982	W0014795	1674	2025-02-21T03:30:00Z
S00982	W0014796	301	2025-02-20T18:02:00Z
S00982	W0014797	870	2025-02-23T16:06:00Z
S00982	W0014798	1658	2025-02-14T01:05:00Z
S00982	W0014799	1347	2025-02-01T01:20:00Z
S00982	W0014800	1565	2025-02-02T21:51:00Z
S00982	W0014801	1603	2025-02-06T23:32:00Z
S00982	W0014802	1457	2025-02-19T23:34:00Z
S00982	W0014803	1723	2025-02-19T06:30:00Z
S00982	W0014804	59	2025-02-13T16:49:00Z
S00982	W0014805	656	2025-02-19T17:27:00Z
S00982	W0014806	1423	2025-02-21T23:55:00Z
S00982	W0014807	1385	2025-02-02T13:21:00Z
S00982	W0014808	546	2025-02-02T21:37:00Z
S00982	W0014809	927	2025-02-22T10:49:00Z
S00982	W0014810	827	2025-02-10T09:17:00Z
S00982	W0014811	1067	2025-02-14T09:32:00Z
S00982	W0014812	750	2025-02-20T15:28:00Z
S00982	W0014813	282	2025-02-04T17:38:00Z
S00982	W0014814	1594	2025-02-09T21:54:00Z
S00982	W0014815	1674	2025-02-04T22:25:00Z
S00139	W0014816	1343	2025-02-03T19:45:00Z
S00139	W0014817	690	2025-02-10T14:17:00Z
S00139	W0014818	384	2025-02-11T14:51:00Z
S00139	W0014819	1065	2025-02-01T15:06:00Z
S00139	W0014820	989	2025-02-19T12:12:00Z
S01921	W0014821	733	2025-02-26T10:39:00Z
S01921	W0014822	403	2025-02-05T04:01:00Z
S01921	W0014823	691	2025-02-12T21:37:00Z
S01921	W0014824	1048	2025-02-17T13:18:00Z
S01921	W0014825	831	2025-02-12T08:45:00Z
S01921	W0014826	721	2025-02-28T20:13:00Z
S01921	W0014827	1488	2025-02-12T20:00:00Z
S01921	W0014828	618	2025-02-10T01:14:00Z
S01921	W0014829	1128	2025-02-01T22:53:00Z
S01921	W0014830	134	2025-02-27T13:30:00Z
S01921	W0014831	740	2025-02-25T16:58:00Z
S01921	W0014832	695	2025-02-24T04:40:00Z
S01921	W0014833	980	2025-02-03T05:58:00Z
S01921	W0014834	1655	2025-02-18T09:23:00Z
S01921	W0014835	1565	2025-02-17T01:13:00Z
S01921	W0014836	490	2025-02-26T22:27:00Z
S01921	W0014837	1183	2025-02-10T21:57:00Z
S01921	W0014838	1451	2025-02-16T09:05:00Z
S01921	W0014839	798	2025-02-21T11:37:00Z
S01921	W0014840	1586	2025-02-22T06:06:00Z
S01921	W0014841	675	2025-02-10T22:31:00Z
S01921	W0014842	1663	2025-02-16T18:08:00Z
S01921	W0014843	842	2025-02-11T19:15:00Z
S01921	W0014844	32	2025-02-18T21:47:00Z
S01921	W0014845	533	2025-02-25T15:18:00Z
S01921	W0014846	1546	2025-02-14T10:02:00Z
S01921	W0014847	1093	2025-02-08T00:23:00Z
S00023	W0014848	121	2025-02-01T07:22:00Z
S00023	W0014849	1688	2025-02-11T20:32:00Z
S00023	W0014850	1101	2025-02-03T08:47:00Z
S00023	W0014851	529	2025-02-13T23:20:00Z
S00023	W0014852	282	2025-02-02T20:10:00Z
S00023	W0014853	712	2025-02-08T14:48:00Z
S00023	W0014854	1461	2025-02-20T11:48:00Z
S00023	W0014855	492	2025-02-03T02:12:00Z
S00023	W0014856	497	2025-02-22T19:23:00Z
S00023	W0014857	998	2025-02-01T17:53:00Z
S01028	W0014858	151	2025-02-08T18:50:00Z
S01028	W0014859	790	2025-02-27T00:43:00Z
S01028	W0014860	1010	2025-02-20T18:13:00Z
S01028	W0014861	1078	2025-02-09T23:31:00Z
S01028	W0014862	1036	2025-02-06T16:33:00Z
S01028	W0014863	273	2025-02-01T04:19:00Z
S01028	W0014864	964	2025-02-23T05:01:00Z
S01028	W0014865	1784	2025-02-05T03:19:00Z
S01028	W0014866	116	2025-02-05T12:27:00Z
S01028	W0014867	940	2025-02-06T19:35:00Z
S01028	W0014868	706	2025-02-11T06:03:00Z
S01028	W0014869	493	2025-02-06T15:53:00Z
S01028	W0014870	595	2025-02-24T23:25:00Z
S01028	W0014871	402	2025-02-16T10:08:00Z
S01028	W0014872	248	2025-02-07T09:20:00Z
S01028	W0014873	991	2025-02-20T11:55:00Z
S01028	W0014874	1146	2025-02-27T05:57:00Z
S01028	W0014875	1050	2025-02-22T14:15:00Z
S01028	W0014876	1655	2025-02-14T02:33:00Z
S01028	W0014877	1737	2025-02-06T23:40:00Z
S01028	W0014878	354	2025-02-04T17:09:00Z
S01028	W0014879	608	2025-02-17T09:51:00Z
S01028	W0014880	1658	2025-02-23T17:27:00Z
S01028	W0014881	118	2025-02-15T05:50:00Z
S01028	W0014882	721	2025-02-24T02:46:00Z
S01028	W0014883	1689	2025-02-10T14:47:00Z
S01028	W0014884	109	2025-02-22T20:00:00Z
S01301	W0014885	424	2025-02-28T12:52:00Z
S01301	W0014886	881	2025-02-23T16:47:00Z
S01301	W0014887	579	2025-02-25T04:29:00Z
S01301	W0014888	337	2025-02-25T22:13:00Z
S01301	W0014889	1030	2025-02-12T03:06:00Z
S01301	W0014890	1448	2025-02-10T00:02:00Z
S01301	W0014891	1398	2025-02-26T08:37:00Z
S01301	W0014892	1193	2025-02-05T22:32:00Z
S00882	W0014893	150	2025-02-11T05:03:00Z
S00882	W0014894	1310	2025-02-04T08:19:00Z
S00882	W0014895	1702	2025-02-03T08:00:00Z
S00882	W0014896	1126	2025-02-03T14:16:00Z
S00882	W0014897	561	2025-02-04T21:33:00Z
S00882	W0014898	1684	2025-02-21T14:19:00Z
S00882	W0014899	774	2025-02-13T23:36:00Z
S00882	W0014900	952	2025-02-16T14:18:00Z
S00882	W0014901	1627	2025-02-24T07:27:00Z
S00882	W0014902	448	2025-02-25T10:32:00Z
S00882	W0014903	1645	2025-02-09T11:43:00Z
S00882	W0014904	233	2025-02-14T00:08:00Z
S00882	W0014905	290	2025-02-21T14:41:00Z
S00882	W0014906	1651	2025-02-18T12:14:00Z
S00882	W0014907	158	2025-02-26T17:26:00Z
S00882	W0014908	133	2025-02-16T05:56:00Z
S00882	W0014909	1433	2025-02-13T05:08:00Z
S00882	W0014910	1518	2025-02-28T19:17:00Z
S00882	W0014911	392	2025-02-04T03:29:00Z
S00882	W0014912	125	2025-02-06T19:23:00Z
S00882	W0014913	395	2025-02-27T05:42:00Z
S01994	W0014914	45	2025-02-21T17:13:00Z
S01994	W0014915	1017	2025-02-22T02:31:00Z
S01994	W0014916	665	2025-02-15T10:23:00Z
S01994	W0014917	528	2025-02-08T14:02:00Z
S01994	W0014918	539	2025-02-01T11:48:00Z
S01994	W0014919	1387	2025-02-28T19:08:00Z
S01994	W0014920	997	2025-02-04T05:27:00Z
S01994	W0014921	447	2025-02-20T16:58:00Z
S01994	W0014922	697	2025-02-03T03:38:00Z
S01994	W0014923	1625	2025-02-04T06:18:00Z
S00024	W0014924	1455	2025-02-20T06:07:00Z
S00024	W0014925	1703	2025-02-04T18:12:00Z
S00024	W0014926	1347	2025-02-01T14:05:00Z
S00024	W0014927	1083	2025-02-19T14:12:00Z
S00024	W0014928	1030	2025-02-23T07:25:00Z
S00024	W0014929	142	2025-02-06T23:57:00Z
S00024	W0014930	219	2025-02-21T21:27:00Z
S00024	W0014931	448	2025-02-12T23:25:00Z
S00024	W0014932	587	2025-02-03T02:28:00Z
S00024	W0014933	459	2025-02-09T19:22:00Z
S00024	W0014934	1438	2025-02-16T07:52:00Z
S00024	W0014935	1443	2025-02-04T19:40:00Z
S00024	W0014936	1352	2025-02-06T19:50:00Z
S00024	W0014937	1638	2025-02-03T05:59:00Z
S00024	W0014938	386	2025-02-21T10:07:00Z
S00024	W0014939	1599	2025-02-22T08:23:00Z
S00024	W0014940	320	2025-02-22T04:05:00Z
S00024	W0014941	655	2025-02-26T11:05:00Z
S00024	W0014942	1192	2025-02-15T08:23:00Z
S00158	W0014943	1388	2025-02-01T15:35:00Z
S00158	W0014944	1762	2025-02-14T20:40:00Z
S00158	W0014945	428	2025-02-28T21:07:00Z
S00158	W0014946	1566	2025-02-12T05:01:00Z
S00158	W0014947	1346	2025-02-24T17:50:00Z
S00158	W0014948	1501	2025-02-16T06:53:00Z
S00158	W0014949	1065	2025-02-08T21:40:00Z
S00158	W0014950	75	2025-02-27T08:18:00Z
S00158	W0014951	237	2025-02-24T22:12:00Z
S00158	W0014952	1205	2025-02-01T23:22:00Z
S00158	W0014953	890	2025-02-23T15:24:00Z
S00158	W0014954	259	2025-02-27T21:28:00Z
S00158	W0014955	110	2025-02-02T05:28:00Z
S00158	W0014956	66	2025-02-22T11:15:00Z
S00158	W0014957	876	2025-02-15T22:39:00Z
S00158	W0014958	1290	2025-02-07T00:57:00Z
S00158	W0014959	1342	2025-02-02T20:41:00Z
S00158	W0014960	688	2025-02-18T18:18:00Z
S00158	W0014961	644	2025-02-03T17:10:00Z
S00158	W0014962	1768	2025-02-25T19:38:00Z
S00158	W0014963	217	2025-02-05T19:14:00Z
S00158	W0014964	217	2025-02-05T07:43:00Z
S00158	W0014965	1631	2025-02-03T20:05:00Z
S00137	W0014966	709	2025-02-14T07:58:00Z
S00137	W0014967	1432	2025-02-02T00:35:00Z
S00137	W0014968	1521	2025-02-15T12:34:00Z
S00137	W0014969	726	2025-02-20T05:03:00Z
S00137	W0014970	1739	2025-02-19T21:30:00Z
S00137	W0014971	248	2025-02-23T09:48:00Z
S00137	W0014972	1706	2025-02-27T15:44:00Z
S00137	W0014973	202	2025-02-22T21:46:00Z
S00137	W0014974	1625	2025-02-23T15:59:00Z
S00137	W0014975	911	2025-02-16T23:11:00Z
S00137	W0014976	1385	2025-02-02T06:53:00Z
S00137	W0014977	904	2025-02-08T04:00:00Z
S00137	W0014978	643	2025-02-01T17:06:00Z
S00137	W0014979	968	2025-02-01T23:19:00Z
S00137	W0014980	260	2025-02-23T03:37:00Z
S00137	W0014981	1090	2025-02-17T23:01:00Z
S00137	W0014982	1463	2025-02-03T10:13:00Z
S00137	W0014983	1506	2025-02-24T13:16:00Z
S00137	W0014984	392	2025-02-24T18:49:00Z
S00137	W0014985	133	2025-02-18T10:56:00Z
S00137	W0014986	100	2025-02-06T21:05:00Z
S00137	W0014987	528	2025-02-28T07:31:00Z
S00137	W0014988	862	2025-02-05T06:11:00Z
S00137	W0014989	1402	2025-02-11T23:28:00Z
S00137	W0014990	617	2025-02-09T00:44:00Z
S00137	W0014991	1474	2025-02-24T03:13:00Z
S00137	W0014992	1635	2025-02-01T02:41:00Z
S00137	W0014993	636	2025-02-02T08:28:00Z
S00137	W0014994	248	2025-02-04T20:33:00Z
S00954	W0014995	874	2025-02-23T23:32:00Z
S00954	W0014996	596	2025-02-04T14:52:00Z
S00954	W0014997	914	2025-02-28T02:18:00Z
S00954	W0014998	1673	2025-02-15T06:55:00Z
S00954	W0014999	1352	2025-02-17T00:39:00Z
S00954	W0015000	342	2025-02-09T12:35:00Z
S00954	W0015001	206	2025-02-28T10:10:00Z
S00954	W0015002	1010	2025-02-19T18:45:00Z
S00954	W0015003	1633	2025-02-27T13:26:00Z
S00954	W0015004	1355	2025-02-05T04:49:00Z
S00954	W0015005	1090	2025-02-07T06:21:00Z
S00954	W0015006	1609	2025-02-14T00:12:00Z
S00954	W0015007	1309	2025-02-02T11:52:00Z
S00954	W0015008	131	2025-02-16T06:38:00Z
S00954	W0015009	640	2025-02-22T23:11:00Z
S00954	W0015010	745	2025-02-22T13:05:00Z
S00954	W0015011	298	2025-02-03T06:03:00Z
S00954	W0015012	879	2025-02-10T22:41:00Z
S00954	W0015013	208	2025-02-07T09:01:00Z
S00954	W0015014	1021	2025-02-09T11:00:00Z
S00954	W0015015	1337	2025-02-18T17:38:00Z
S00954	W0015016	265	2025-02-05T22:52:00Z
S00954	W0015017	471	2025-02-10T21:30:00Z
S00954	W0015018	249	2025-02-12T08:24:00Z
S00954	W0015019	1354	2025-02-01T06:02:00Z
S00954	W0015020	1063	2025-02-15T10:01:00Z
S00954	W0015021	554	2025-02-26T01:29:00Z
S00571	W0015022	991	2025-02-10T01:53:00Z
S00571	W0015023	203	2025-02-18T21:45:00Z
S00571	W0015024	675	2025-02-16T00:28:00Z
S00571	W0015025	252	2025-02-28T10:07:00Z
S00571	W0015026	391	2025-02-28T06:18:00Z
S00571	W0015027	814	2025-02-04T05:35:00Z
S00571	W0015028	1520	2025-02-27T17:08:00Z
S00571	W0015029	173	2025-02-05T01:40:00Z
S00571	W0015030	167	2025-02-28T14:19:00Z
S00571	W0015031	1693	2025-02-09T15:12:00Z
S00571	W0015032	1613	2025-02-01T15:09:00Z
S00571	W0015033	244	2025-02-01T15:11:00Z
S00571	W0015034	345	2025-02-12T17:21:00Z
S00571	W0015035	527	2025-02-10T05:37:00Z
S00571	W0015036	1402	2025-02-26T19:07:00Z
S01027	W0015037	68	2025-02-22T22:44:00Z
S01027	W0015038	1651	2025-02-06T00:23:00Z
S01027	W0015039	1782	2025-02-26T07:24:00Z
S01027	W0015040	1479	2025-02-22T09:12:00Z
S01027	W0015041	1200	2025-02-13T15:10:00Z
S01027	W0015042	490	2025-02-03T04:01:00Z
S00624	W0015043	1749	2025-02-27T20:30:00Z
S00624	W0015044	1060	2025-02-12T17:40:00Z
S00624	W0015045	44	2025-02-27T02:43:00Z
S00624	W0015046	1084	2025-02-21T05:16:00Z
S00624	W0015047	1643	2025-02-22T21:39:00Z
S00624	W0015048	158	2025-02-15T09:58:00Z
S00624	W0015049	1768	2025-02-06T17:24:00Z
S00624	W0015050	712	2025-02-09T10:25:00Z
S00624	W0015051	1404	2025-02-28T19:06:00Z
S00624	W0015052	440	2025-02-06T12:03:00Z
S00624	W0015053	947	2025-02-13T13:07:00Z
S00624	W0015054	1562	2025-02-20T08:46:00Z
S00624	W0015055	1152	2025-02-28T00:19:00Z
S01481	W0015056	669	2025-02-03T17:40:00Z
S01481	W0015057	1105	2025-02-08T05:11:00Z
S01481	W0015058	510	2025-02-19T08:34:00Z
S01481	W0015059	1702	2025-02-21T10:26:00Z
S01481	W0015060	1670	2025-02-09T10:00:00Z
S01481	W0015061	1222	2025-02-22T06:05:00Z
S01481	W0015062	1238	2025-02-01T22:59:00Z
S01481	W0015063	635	2025-02-02T06:12:00Z
S01481	W0015064	748	2025-02-12T19:18:00Z
S01481	W0015065	1492	2025-02-23T14:53:00Z
S00959	W0015066	95	2025-02-27T15:10:00Z
S00959	W0015067	1498	2025-02-01T10:53:00Z
S00959	W0015068	1589	2025-02-04T16:19:00Z
S00959	W0015069	1194	2025-02-15T10:50:00Z
S00959	W0015070	233	2025-02-12T05:21:00Z
S00959	W0015071	374	2025-02-18T21:09:00Z
S00959	W0015072	1007	2025-02-20T06:10:00Z
S00959	W0015073	903	2025-02-24T11:53:00Z
S00959	W0015074	74	2025-02-24T21:08:00Z
S00959	W0015075	1074	2025-02-20T02:56:00Z
S00959	W0015076	687	2025-02-16T02:55:00Z
S00959	W0015077	1184	2025-02-19T21:49:00Z
S00959	W0015078	419	2025-02-11T17:36:00Z
S00959	W0015079	587	2025-02-24T21:49:00Z
S00959	W0015080	1152	2025-02-02T15:48:00Z
S00027	W0015081	524	2025-02-16T04:27:00Z
S00027	W0015082	532	2025-02-26T19:44:00Z
S00027	W0015083	1500	2025-02-16T13:26:00Z
S00027	W0015084	102	2025-02-04T00:08:00Z
S00027	W0015085	609	2025-02-28T17:37:00Z
S00027	W0015086	552	2025-02-20T00:12:00Z
S01054	W0015087	1432	2025-02-08T04:55:00Z
S01054	W0015088	785	2025-02-02T10:03:00Z
S01054	W0015089	1107	2025-02-08T00:49:00Z
S01054	W0015090	859	2025-02-05T17:03:00Z
S01054	W0015091	1045	2025-02-13T17:23:00Z
S01054	W0015092	528	2025-02-11T07:12:00Z
S01054	W0015093	1407	2025-02-05T11:04:00Z
S01054	W0015094	831	2025-02-21T18:33:00Z
S01054	W0015095	872	2025-02-06T03:04:00Z
S01054	W0015096	1521	2025-02-23T13:54:00Z
S01054	W0015097	1715	2025-02-05T15:53:00Z
S01054	W0015098	1009	2025-02-05T00:00:00Z
S01054	W0015099	181	2025-02-18T03:46:00Z
S01936	W0015100	680	2025-02-19T23:37:00Z
S01936	W0015101	708	2025-02-16T02:29:00Z
S01936	W0015102	1710	2025-02-04T00:42:00Z
S01936	W0015103	228	2025-02-23T03:58:00Z
S00961	W0015104	1253	2025-02-22T04:08:00Z
S00961	W0015105	585	2025-02-15T01:31:00Z
S00961	W0015106	439	2025-02-07T18:59:00Z
S00961	W0015107	109	2025-02-09T05:25:00Z
S00961	W0015108	1344	2025-02-20T10:33:00Z
S00961	W0015109	1219	2025-02-17T23:05:00Z
S00961	W0015110	1430	2025-02-18T17:10:00Z
S00961	W0015111	1704	2025-02-19T09:19:00Z
S00961	W0015112	1014	2025-02-14T15:02:00Z
S00961	W0015113	1520	2025-02-11T00:31:00Z
S00961	W0015114	1492	2025-02-09T21:32:00Z
S00961	W0015115	810	2025-02-05T13:23:00Z
S00961	W0015116	38	2025-02-24T17:53:00Z
S00961	W0015117	1559	2025-02-24T10:42:00Z
S00961	W0015118	1308	2025-02-10T23:32:00Z
S00961	W0015119	1757	2025-02-09T07:42:00Z
S00961	W0015120	379	2025-02-02T01:46:00Z
S00961	W0015121	740	2025-02-25T17:55:00Z
S00961	W0015122	96	2025-02-24T18:26:00Z
S00961	W0015123	1295	2025-02-21T22:04:00Z
S00961	W0015124	1558	2025-02-04T11:46:00Z
S00961	W0015125	1568	2025-02-25T12:44:00Z
S00961	W0015126	1056	2025-02-07T14:33:00Z
S00961	W0015127	739	2025-02-13T19:01:00Z
S00961	W0015128	731	2025-02-14T06:56:00Z
S00961	W0015129	37	2025-02-22T19:47:00Z
S00961	W0015130	703	2025-02-21T20:40:00Z
S00961	W0015131	1509	2025-02-23T05:11:00Z
S00961	W0015132	1068	2025-02-01T00:01:00Z
S01585	W0015133	1773	2025-02-06T03:55:00Z
S01585	W0015134	1406	2025-02-14T17:01:00Z
S01585	W0015135	1391	2025-02-20T23:09:00Z
S01585	W0015136	1010	2025-02-16T16:20:00Z
S01585	W0015137	1714	2025-02-11T11:17:00Z
S01585	W0015138	1683	2025-02-05T13:50:00Z
S01585	W0015139	591	2025-02-12T05:41:00Z
S01585	W0015140	1405	2025-02-12T00:56:00Z
S01585	W0015141	1047	2025-02-01T09:30:00Z
S01585	W0015142	497	2025-02-16T04:04:00Z
S01585	W0015143	582	2025-02-17T00:41:00Z
S01585	W0015144	1746	2025-02-01T03:01:00Z
S01585	W0015145	1664	2025-02-24T10:51:00Z
S01585	W0015146	321	2025-02-08T10:57:00Z
S01585	W0015147	694	2025-02-09T04:47:00Z
S01562	W0015148	1484	2025-02-16T09:24:00Z
S01562	W0015149	382	2025-02-21T15:24:00Z
S01562	W0015150	233	2025-02-08T18:10:00Z
S01562	W0015151	421	2025-02-26T12:18:00Z
S01562	W0015152	1435	2025-02-14T21:27:00Z
S00122	W0015153	882	2025-02-15T16:33:00Z
S00122	W0015154	1515	2025-02-20T04:31:00Z
S00122	W0015155	443	2025-02-16T19:40:00Z
S00122	W0015156	113	2025-02-17T11:08:00Z
S00122	W0015157	1186	2025-02-23T18:20:00Z
S00122	W0015158	422	2025-02-16T01:37:00Z
S00122	W0015159	575	2025-02-24T22:08:00Z
S00122	W0015160	1000	2025-02-21T07:08:00Z
S00122	W0015161	1484	2025-02-06T03:10:00Z
S00122	W0015162	1077	2025-02-06T02:12:00Z
S00122	W0015163	1393	2025-02-10T16:34:00Z
S00122	W0015164	649	2025-02-12T23:26:00Z
S00005	W0015165	75	2025-02-10T20:05:00Z
S00005	W0015166	1398	2025-02-11T20:28:00Z
S00005	W0015167	1700	2025-02-19T09:49:00Z
S00005	W0015168	136	2025-02-03T16:17:00Z
S00005	W0015169	338	2025-02-25T18:11:00Z
S00005	W0015170	351	2025-02-02T23:01:00Z
S00005	W0015171	214	2025-02-23T16:50:00Z
S00005	W0015172	855	2025-02-18T02:30:00Z
S00005	W0015173	1456	2025-02-26T18:31:00Z
S00005	W0015174	1586	2025-02-16T20:10:00Z
S00005	W0015175	674	2025-02-19T13:09:00Z
S00005	W0015176	1299	2025-02-24T06:40:00Z
S00005	W0015177	986	2025-02-05T23:49:00Z
S00005	W0015178	1078	2025-02-22T18:48:00Z
S00005	W0015179	940	2025-02-19T12:45:00Z
S00623	W0015180	665	2025-02-08T00:19:00Z
S00623	W0015181	674	2025-02-20T18:14:00Z
S00623	W0015182	1599	2025-02-15T06:16:00Z
S00623	W0015183	589	2025-02-08T16:48:00Z
S00623	W0015184	520	2025-02-13T20:30:00Z
S00623	W0015185	1468	2025-02-26T06:53:00Z
S00623	W0015186	811	2025-02-22T17:19:00Z
S00623	W0015187	1677	2025-02-16T18:13:00Z
S00623	W0015188	1404	2025-02-12T07:32:00Z
S00623	W0015189	1335	2025-02-24T20:21:00Z
S00623	W0015190	142	2025-02-08T12:56:00Z
S00623	W0015191	249	2025-02-02T10:16:00Z
S00623	W0015192	1593	2025-02-10T16:57:00Z
S00623	W0015193	1155	2025-02-07T06:35:00Z
S00623	W0015194	445	2025-02-27T09:21:00Z
S00623	W0015195	1025	2025-02-06T20:02:00Z
S00623	W0015196	1682	2025-02-16T14:39:00Z
S00623	W0015197	1593	2025-02-27T16:12:00Z
S01362	W0015198	1286	2025-02-12T10:58:00Z
S01362	W0015199	850	2025-02-19T19:55:00Z
S01362	W0015200	255	2025-02-06T23:46:00Z
S01362	W0015201	221	2025-02-08T05:57:00Z
S01362	W0015202	193	2025-02-09T19:23:00Z
S01362	W0015203	608	2025-02-08T02:33:00Z
S01362	W0015204	941	2025-02-18T05:17:00Z
S01362	W0015205	1254	2025-02-24T03:35:00Z
S01362	W0015206	1747	2025-02-21T23:42:00Z
S01362	W0015207	331	2025-02-24T14:21:00Z
S01362	W0015208	221	2025-02-13T01:59:00Z
S01362	W0015209	68	2025-02-09T00:50:00Z
S01362	W0015210	1790	2025-02-14T06:59:00Z
S01362	W0015211	922	2025-02-16T08:24:00Z
S01362	W0015212	171	2025-02-20T17:57:00Z
S01362	W0015213	1292	2025-02-19T20:16:00Z
S01362	W0015214	477	2025-02-13T14:03:00Z
S01362	W0015215	461	2025-02-26T22:50:00Z
S01362	W0015216	1621	2025-02-15T04:39:00Z
S01362	W0015217	533	2025-02-26T07:33:00Z
S01362	W0015218	859	2025-02-11T11:30:00Z
S01362	W0015219	1445	2025-02-10T11:40:00Z
S00568	W0015220	65	2025-02-21T16:26:00Z
S00568	W0015221	1237	2025-02-04T03:27:00Z
S00568	W0015222	114	2025-02-25T09:40:00Z
S00568	W0015223	269	2025-02-08T23:12:00Z
S00568	W0015224	1186	2025-02-17T15:12:00Z
S00568	W0015225	369	2025-02-06T01:26:00Z
S00568	W0015226	288	2025-02-01T18:13:00Z
S00188	W0015227	310	2025-02-09T02:19:00Z
S00188	W0015228	381	2025-02-18T22:28:00Z
S00188	W0015229	706	2025-02-16T08:29:00Z
S00188	W0015230	1682	2025-02-24T12:23:00Z
S00188	W0015231	1380	2025-02-17T03:09:00Z
S00188	W0015232	1358	2025-02-24T20:28:00Z
S00188	W0015233	1498	2025-02-22T20:39:00Z
S00188	W0015234	585	2025-02-05T21:48:00Z
S00188	W0015235	1600	2025-02-22T19:31:00Z
S00188	W0015236	1530	2025-02-01T09:18:00Z
S00188	W0015237	87	2025-02-26T07:12:00Z
S00188	W0015238	551	2025-02-22T15:19:00Z
S00188	W0015239	1343	2025-02-22T22:31:00Z
S01223	W0015240	1636	2025-02-11T16:31:00Z
S01223	W0015241	1555	2025-02-27T15:36:00Z
S01223	W0015242	907	2025-02-26T04:58:00Z
S01223	W0015243	330	2025-02-20T18:57:00Z
S01223	W0015244	631	2025-02-08T23:05:00Z
S01223	W0015245	221	2025-02-20T21:43:00Z
S01223	W0015246	488	2025-02-18T06:51:00Z
S01223	W0015247	1123	2025-02-10T16:01:00Z
S01223	W0015248	24	2025-02-08T20:01:00Z
S01223	W0015249	353	2025-02-23T03:38:00Z
S01223	W0015250	646	2025-02-15T07:08:00Z
S01223	W0015251	617	2025-02-17T19:30:00Z
S01223	W0015252	784	2025-02-14T14:49:00Z
S01223	W0015253	800	2025-02-07T05:36:00Z
S01223	W0015254	363	2025-02-09T05:45:00Z
S01223	W0015255	622	2025-02-10T23:44:00Z
S01223	W0015256	514	2025-02-16T07:30:00Z
S01223	W0015257	700	2025-02-13T22:23:00Z
S01223	W0015258	1074	2025-02-26T00:44:00Z
S01223	W0015259	331	2025-02-10T21:51:00Z
S01223	W0015260	187	2025-02-04T12:11:00Z
S01223	W0015261	1293	2025-02-19T03:20:00Z
S01223	W0015262	881	2025-02-25T11:33:00Z
S00903	W0015263	1400	2025-02-24T18:25:00Z
S00903	W0015264	1345	2025-02-06T19:34:00Z
S00903	W0015265	1037	2025-02-28T02:49:00Z
S00903	W0015266	126	2025-02-20T05:35:00Z
S00903	W0015267	395	2025-02-21T19:54:00Z
S00903	W0015268	1018	2025-02-19T06:10:00Z
S00903	W0015269	1453	2025-02-04T23:44:00Z
S00903	W0015270	556	2025-02-14T00:45:00Z
S00903	W0015271	1469	2025-02-11T15:26:00Z
S00903	W0015272	743	2025-02-05T08:25:00Z
S00903	W0015273	280	2025-02-02T21:51:00Z
S00903	W0015274	493	2025-02-11T17:17:00Z
S00903	W0015275	879	2025-02-04T07:30:00Z
S00903	W0015276	297	2025-02-14T09:16:00Z
S00903	W0015277	48	2025-02-23T01:34:00Z
S00903	W0015278	629	2025-02-08T04:31:00Z
S01881	W0015279	1518	2025-02-18T19:14:00Z
S01881	W0015280	1448	2025-02-13T08:56:00Z
S01881	W0015281	934	2025-02-22T20:13:00Z
S01881	W0015282	1533	2025-02-08T10:49:00Z
S01196	W0015283	1455	2025-02-27T03:07:00Z
S01196	W0015284	670	2025-02-03T13:15:00Z
S01196	W0015285	1196	2025-02-05T10:34:00Z
S01196	W0015286	1172	2025-02-23T00:39:00Z
S01196	W0015287	422	2025-02-22T19:50:00Z
S01196	W0015288	127	2025-02-04T02:37:00Z
S01196	W0015289	1436	2025-02-08T05:17:00Z
S01196	W0015290	787	2025-02-20T12:34:00Z
S01196	W0015291	1769	2025-02-14T16:53:00Z
S01196	W0015292	1178	2025-02-02T18:52:00Z
S00126	W0015293	1771	2025-02-04T22:20:00Z
S00126	W0015294	674	2025-02-11T15:31:00Z
S00126	W0015295	972	2025-02-07T11:33:00Z
S00126	W0015296	1714	2025-02-04T18:41:00Z
S00126	W0015297	1527	2025-02-14T22:57:00Z
S00126	W0015298	877	2025-02-15T23:48:00Z
S00126	W0015299	557	2025-02-28T18:42:00Z
S00126	W0015300	367	2025-02-15T08:52:00Z
S00126	W0015301	126	2025-02-10T19:05:00Z
S00126	W0015302	352	2025-02-01T18:47:00Z
S00126	W0015303	1471	2025-02-20T13:50:00Z
S00126	W0015304	1441	2025-02-05T14:41:00Z
S00126	W0015305	1094	2025-02-06T11:48:00Z
S00126	W0015306	810	2025-02-17T21:16:00Z
S00126	W0015307	1184	2025-02-16T14:33:00Z
S00126	W0015308	935	2025-02-22T14:14:00Z
S00126	W0015309	1195	2025-02-17T08:45:00Z
S00126	W0015310	453	2025-02-20T08:34:00Z
S00126	W0015311	614	2025-02-16T03:37:00Z
S00780	W0015312	642	2025-02-28T16:39:00Z
S00780	W0015313	1217	2025-02-27T03:15:00Z
S00780	W0015314	524	2025-02-13T18:16:00Z
S00780	W0015315	894	2025-02-28T00:52:00Z
S00780	W0015316	355	2025-02-26T21:37:00Z
S00780	W0015317	1717	2025-02-19T00:24:00Z
S00780	W0015318	1768	2025-02-26T18:43:00Z
S00780	W0015319	1474	2025-02-25T05:19:00Z
S00780	W0015320	1714	2025-02-16T10:09:00Z
S00780	W0015321	1681	2025-02-15T11:25:00Z
S00780	W0015322	489	2025-02-18T14:44:00Z
S00780	W0015323	1283	2025-02-05T07:43:00Z
S00780	W0015324	200	2025-02-14T08:13:00Z
S00780	W0015325	1782	2025-02-12T19:54:00Z
S00780	W0015326	480	2025-02-02T19:00:00Z
S00780	W0015327	657	2025-02-28T14:00:00Z
S00780	W0015328	1441	2025-02-24T08:40:00Z
S00780	W0015329	1317	2025-02-24T10:30:00Z
S00780	W0015330	1144	2025-02-28T01:51:00Z
S00780	W0015331	306	2025-02-06T05:01:00Z
S00780	W0015332	1677	2025-02-07T14:58:00Z
S00780	W0015333	1072	2025-02-09T04:05:00Z
S00780	W0015334	1233	2025-02-23T14:33:00Z
S00780	W0015335	857	2025-02-19T23:10:00Z
S00780	W0015336	859	2025-02-11T16:53:00Z
S00780	W0015337	362	2025-02-21T23:40:00Z
S00780	W0015338	201	2025-02-06T00:13:00Z
S00780	W0015339	773	2025-02-27T04:12:00Z
S00780	W0015340	1592	2025-02-01T15:54:00Z
S01820	W0015341	183	2025-02-20T14:42:00Z
S01820	W0015342	1692	2025-02-26T12:40:00Z
S01820	W0015343	1506	2025-02-20T15:16:00Z
S01820	W0015344	1547	2025-02-10T05:03:00Z
S01820	W0015345	559	2025-02-24T03:22:00Z
S01820	W0015346	1600	2025-02-27T12:40:00Z
S01820	W0015347	998	2025-02-03T05:25:00Z
S01820	W0015348	801	2025-02-02T01:27:00Z
S01820	W0015349	79	2025-02-28T05:12:00Z
S01820	W0015350	681	2025-02-02T20:06:00Z
S01820	W0015351	744	2025-02-20T13:06:00Z
S01820	W0015352	1418	2025-02-10T19:26:00Z
S01820	W0015353	559	2025-02-20T17:47:00Z
S01820	W0015354	141	2025-02-28T12:35:00Z
S01820	W0015355	1625	2025-02-27T12:26:00Z
S01820	W0015356	803	2025-02-27T13:51:00Z
S01820	W0015357	1325	2025-02-19T11:55:00Z
S00422	W0015358	938	2025-02-24T18:45:00Z
S00422	W0015359	420	2025-02-01T00:58:00Z
S00422	W0015360	1789	2025-02-10T03:13:00Z
S00422	W0015361	404	2025-02-08T04:10:00Z
S00422	W0015362	1083	2025-02-09T01:55:00Z
S00422	W0015363	44	2025-02-21T18:29:00Z
S00422	W0015364	1450	2025-02-12T01:25:00Z
S00422	W0015365	1538	2025-02-20T10:40:00Z
S00422	W0015366	466	2025-02-05T09:11:00Z
S00422	W0015367	1265	2025-02-19T23:01:00Z
S00422	W0015368	1446	2025-02-27T16:06:00Z
S00422	W0015369	212	2025-02-05T19:35:00Z
S00422	W0015370	692	2025-02-10T09:59:00Z
S00422	W0015371	1687	2025-02-19T23:11:00Z
S00422	W0015372	278	2025-02-08T22:29:00Z
S00422	W0015373	395	2025-02-26T07:10:00Z
S00422	W0015374	1302	2025-02-05T10:04:00Z
S00422	W0015375	731	2025-02-09T17:33:00Z
S00422	W0015376	1269	2025-02-24T07:22:00Z
S00422	W0015377	138	2025-02-13T12:40:00Z
S00422	W0015378	1662	2025-02-02T02:11:00Z
S00422	W0015379	1526	2025-02-03T05:15:00Z
S00422	W0015380	292	2025-02-04T18:54:00Z
S00422	W0015381	1234	2025-02-22T02:48:00Z
S00835	W0015382	409	2025-02-12T08:50:00Z
S00835	W0015383	402	2025-02-15T11:48:00Z
S00835	W0015384	990	2025-02-20T22:19:00Z
S00835	W0015385	1080	2025-02-01T00:03:00Z
S00835	W0015386	1718	2025-02-26T20:59:00Z
S00835	W0015387	1468	2025-02-11T23:34:00Z
S00835	W0015388	184	2025-02-09T12:52:00Z
S00835	W0015389	763	2025-02-12T19:50:00Z
S00835	W0015390	694	2025-02-12T09:29:00Z
S00835	W0015391	1653	2025-02-27T00:06:00Z
S00835	W0015392	893	2025-02-09T22:57:00Z
S00647	W0015393	500	2025-02-11T21:31:00Z
S00647	W0015394	1507	2025-02-06T08:26:00Z
S00647	W0015395	1669	2025-02-24T06:23:00Z
S00647	W0015396	1299	2025-02-19T09:21:00Z
S00647	W0015397	1362	2025-02-22T03:49:00Z
S00647	W0015398	516	2025-02-02T12:03:00Z
S00647	W0015399	425	2025-02-28T03:10:00Z
S00647	W0015400	946	2025-02-12T07:08:00Z
S00647	W0015401	22	2025-02-05T20:28:00Z
S00647	W0015402	281	2025-02-16T20:34:00Z
S00647	W0015403	184	2025-02-11T01:35:00Z
S00647	W0015404	405	2025-02-19T08:07:00Z
S00647	W0015405	638	2025-02-22T17:28:00Z
S00647	W0015406	149	2025-02-09T04:40:00Z
S00647	W0015407	1635	2025-02-27T06:24:00Z
S00647	W0015408	1263	2025-02-02T17:12:00Z
S00647	W0015409	487	2025-02-03T18:46:00Z
S00647	W0015410	1170	2025-02-05T19:27:00Z
S00647	W0015411	1011	2025-02-28T06:21:00Z
S00647	W0015412	156	2025-02-06T02:30:00Z
S00647	W0015413	1278	2025-02-07T11:02:00Z
S00647	W0015414	1253	2025-02-07T17:18:00Z
S00647	W0015415	367	2025-02-16T08:22:00Z
S00647	W0015416	1741	2025-02-15T01:39:00Z
S01297	W0015417	139	2025-02-26T08:06:00Z
S01297	W0015418	1381	2025-02-06T19:38:00Z
S01297	W0015419	1102	2025-02-28T11:29:00Z
S01297	W0015420	467	2025-02-21T03:01:00Z
S01297	W0015421	1115	2025-02-05T22:28:00Z
S01297	W0015422	1728	2025-02-28T19:00:00Z
S01297	W0015423	1154	2025-02-21T13:33:00Z
S01297	W0015424	152	2025-02-04T04:34:00Z
S01297	W0015425	1771	2025-02-13T16:32:00Z
S01297	W0015426	52	2025-02-02T22:27:00Z
S01297	W0015427	519	2025-02-02T15:08:00Z
S01297	W0015428	78	2025-02-08T11:05:00Z
S01297	W0015429	1184	2025-02-06T20:17:00Z
S01297	W0015430	962	2025-02-17T23:24:00Z
S01297	W0015431	827	2025-02-14T19:10:00Z
S01297	W0015432	712	2025-02-02T20:32:00Z
S01297	W0015433	901	2025-02-20T17:23:00Z
S00039	W0015434	1429	2025-02-12T02:19:00Z
S00039	W0015435	991	2025-02-13T15:48:00Z
S00039	W0015436	1492	2025-02-21T08:26:00Z
S00039	W0015437	1060	2025-02-17T13:07:00Z
S00039	W0015438	1175	2025-02-13T14:51:00Z
S00039	W0015439	1429	2025-02-13T23:13:00Z
S00039	W0015440	1656	2025-02-04T04:35:00Z
S00039	W0015441	404	2025-02-08T20:16:00Z
S00039	W0015442	90	2025-02-22T13:56:00Z
S00039	W0015443	534	2025-02-18T01:13:00Z
S00039	W0015444	1503	2025-02-27T22:38:00Z
S00039	W0015445	732	2025-02-22T12:52:00Z
S00039	W0015446	1561	2025-02-19T14:17:00Z
S00039	W0015447	959	2025-02-10T13:27:00Z
S00039	W0015448	817	2025-02-18T19:25:00Z
S00039	W0015449	345	2025-02-08T10:59:00Z
S00039	W0015450	1518	2025-02-19T06:33:00Z
S00039	W0015451	1204	2025-02-24T22:39:00Z
S00039	W0015452	859	2025-02-23T16:44:00Z
S00039	W0015453	206	2025-02-10T11:01:00Z
S00039	W0015454	558	2025-02-28T05:06:00Z
S00039	W0015455	1357	2025-02-06T17:01:00Z
S00039	W0015456	138	2025-02-19T15:35:00Z
S00039	W0015457	858	2025-02-14T05:37:00Z
S00039	W0015458	713	2025-02-16T05:04:00Z
S00039	W0015459	1171	2025-02-12T03:49:00Z
S00039	W0015460	80	2025-02-08T05:01:00Z
S00039	W0015461	1765	2025-02-15T01:38:00Z
S00509	W0015462	1428	2025-02-06T21:35:00Z
S00509	W0015463	1304	2025-02-18T08:06:00Z
S00509	W0015464	1287	2025-02-14T21:37:00Z
S00509	W0015465	1107	2025-02-12T11:37:00Z
S00509	W0015466	409	2025-02-05T08:26:00Z
S00509	W0015467	586	2025-02-11T16:01:00Z
S00509	W0015468	284	2025-02-23T11:40:00Z
S00509	W0015469	709	2025-02-16T22:23:00Z
S00509	W0015470	153	2025-02-20T14:25:00Z
S00509	W0015471	612	2025-02-17T15:20:00Z
S00509	W0015472	134	2025-02-13T01:41:00Z
S00509	W0015473	1615	2025-02-06T09:56:00Z
S00509	W0015474	1751	2025-02-11T10:44:00Z
S00509	W0015475	166	2025-02-09T11:51:00Z
S00509	W0015476	1407	2025-02-11T05:18:00Z
S00509	W0015477	463	2025-02-01T20:12:00Z
S00509	W0015478	79	2025-02-15T22:32:00Z
S00509	W0015479	108	2025-02-18T02:41:00Z
S00509	W0015480	884	2025-02-07T20:32:00Z
S00509	W0015481	194	2025-02-20T15:30:00Z
S00509	W0015482	1055	2025-02-19T16:42:00Z
S00509	W0015483	577	2025-02-03T19:19:00Z
S00509	W0015484	786	2025-02-18T12:43:00Z
S00509	W0015485	909	2025-02-23T13:01:00Z
S00509	W0015486	1009	2025-02-15T19:02:00Z
S00509	W0015487	1447	2025-02-07T15:53:00Z
S00509	W0015488	474	2025-02-13T01:24:00Z
S00509	W0015489	485	2025-02-09T04:48:00Z
S00509	W0015490	1796	2025-02-12T22:20:00Z
S00052	W0015491	1010	2025-02-21T19:37:00Z
S00052	W0015492	913	2025-02-27T11:44:00Z
S00052	W0015493	944	2025-02-18T03:42:00Z
S00052	W0015494	332	2025-02-03T03:32:00Z
S00052	W0015495	1363	2025-02-09T14:36:00Z
S00052	W0015496	1571	2025-02-18T09:23:00Z
S00052	W0015497	758	2025-02-18T08:29:00Z
S00052	W0015498	797	2025-02-18T11:03:00Z
S00052	W0015499	402	2025-02-19T18:14:00Z
S00052	W0015500	1320	2025-02-26T07:45:00Z
S00052	W0015501	419	2025-02-21T19:00:00Z
S00052	W0015502	486	2025-02-07T15:53:00Z
S00052	W0015503	557	2025-02-27T21:06:00Z
S00052	W0015504	912	2025-02-04T02:14:00Z
S00052	W0015505	566	2025-02-21T16:24:00Z
S00052	W0015506	309	2025-02-22T10:23:00Z
S00052	W0015507	698	2025-02-19T08:11:00Z
S00052	W0015508	142	2025-02-03T20:14:00Z
S00667	W0015509	193	2025-02-18T19:03:00Z
S00667	W0015510	59	2025-02-28T02:54:00Z
S00667	W0015511	740	2025-02-28T00:38:00Z
S00667	W0015512	1603	2025-02-05T02:48:00Z
S00667	W0015513	1310	2025-02-23T21:40:00Z
S00667	W0015514	1498	2025-02-24T13:49:00Z
S00667	W0015515	77	2025-02-20T19:58:00Z
S00667	W0015516	1525	2025-02-27T11:19:00Z
S01785	W0015517	720	2025-02-06T04:52:00Z
S01785	W0015518	118	2025-02-01T14:05:00Z
S01785	W0015519	62	2025-02-12T01:01:00Z
S01785	W0015520	1185	2025-02-17T11:53:00Z
S01785	W0015521	199	2025-02-27T04:37:00Z
S01785	W0015522	1437	2025-02-07T04:33:00Z
S01785	W0015523	510	2025-02-02T20:44:00Z
S01785	W0015524	490	2025-02-28T21:42:00Z
S01785	W0015525	1551	2025-02-09T17:32:00Z
S01785	W0015526	1447	2025-02-20T02:44:00Z
S01785	W0015527	1098	2025-02-13T10:13:00Z
S01785	W0015528	636	2025-02-08T11:31:00Z
S01785	W0015529	1416	2025-02-01T19:47:00Z
S01785	W0015530	85	2025-02-08T22:26:00Z
S01785	W0015531	561	2025-02-24T16:42:00Z
S01785	W0015532	1125	2025-02-16T03:33:00Z
S01785	W0015533	1305	2025-02-06T11:36:00Z
S01785	W0015534	1099	2025-02-13T21:44:00Z
S01785	W0015535	844	2025-02-10T03:05:00Z
S01785	W0015536	1285	2025-02-28T22:34:00Z
S01048	W0015537	452	2025-02-19T00:46:00Z
S01048	W0015538	380	2025-02-22T21:47:00Z
S01048	W0015539	1123	2025-02-06T19:27:00Z
S01048	W0015540	75	2025-02-09T21:00:00Z
S01048	W0015541	1238	2025-02-11T07:17:00Z
S01048	W0015542	759	2025-02-22T06:08:00Z
S01048	W0015543	31	2025-02-10T00:22:00Z
S01048	W0015544	1543	2025-02-27T09:46:00Z
S01048	W0015545	1311	2025-02-15T23:31:00Z
S01048	W0015546	380	2025-02-19T05:08:00Z
S01048	W0015547	691	2025-02-09T15:48:00Z
S01048	W0015548	807	2025-02-08T11:36:00Z
S01048	W0015549	1183	2025-02-10T07:39:00Z
S01048	W0015550	1289	2025-02-17T15:36:00Z
S01048	W0015551	703	2025-02-13T21:26:00Z
S01048	W0015552	1764	2025-02-05T09:22:00Z
S01048	W0015553	966	2025-02-26T05:58:00Z
S01048	W0015554	234	2025-02-04T02:29:00Z
S01048	W0015555	328	2025-02-16T20:23:00Z
S01048	W0015556	1332	2025-02-17T12:50:00Z
S01048	W0015557	1062	2025-02-28T15:01:00Z
S01048	W0015558	699	2025-02-05T23:59:00Z
S01048	W0015559	912	2025-02-23T08:54:00Z
S01048	W0015560	481	2025-02-21T19:28:00Z
S01048	W0015561	613	2025-02-04T23:59:00Z
S01048	W0015562	1734	2025-02-27T06:27:00Z
S00937	W0015563	1613	2025-02-18T19:37:00Z
S00937	W0015564	1775	2025-02-07T12:19:00Z
S00937	W0015565	940	2025-02-21T22:41:00Z
S00937	W0015566	212	2025-02-13T14:30:00Z
S00937	W0015567	885	2025-02-02T09:42:00Z
S00937	W0015568	1725	2025-02-15T17:24:00Z
S00937	W0015569	435	2025-02-05T21:26:00Z
S00937	W0015570	84	2025-02-10T22:21:00Z
S00937	W0015571	359	2025-02-06T04:44:00Z
S00937	W0015572	1298	2025-02-14T09:28:00Z
S00937	W0015573	382	2025-02-10T19:53:00Z
S00937	W0015574	1555	2025-02-13T17:56:00Z
S00937	W0015575	917	2025-02-21T13:14:00Z
S00937	W0015576	361	2025-02-03T03:35:00Z
S00937	W0015577	1731	2025-02-18T12:39:00Z
S00937	W0015578	1485	2025-02-22T07:43:00Z
S00937	W0015579	568	2025-02-05T12:36:00Z
S01893	W0015580	991	2025-02-13T07:19:00Z
S01893	W0015581	1684	2025-02-14T04:49:00Z
S01893	W0015582	411	2025-02-04T07:05:00Z
S01893	W0015583	1110	2025-02-04T17:03:00Z
S01893	W0015584	1724	2025-02-20T21:25:00Z
S01893	W0015585	872	2025-02-16T14:29:00Z
S01893	W0015586	1613	2025-02-18T18:32:00Z
S01893	W0015587	836	2025-02-21T05:49:00Z
S01893	W0015588	1332	2025-02-06T07:37:00Z
S01893	W0015589	158	2025-02-28T11:46:00Z
S01893	W0015590	597	2025-02-05T14:14:00Z
S01893	W0015591	702	2025-02-24T08:29:00Z
S01893	W0015592	1012	2025-02-21T10:42:00Z
S01893	W0015593	444	2025-02-15T09:20:00Z
S01893	W0015594	1061	2025-02-11T02:53:00Z
S01893	W0015595	212	2025-02-09T13:53:00Z
S01893	W0015596	1496	2025-02-06T06:56:00Z
S01893	W0015597	955	2025-02-19T16:14:00Z
S01893	W0015598	607	2025-02-01T21:21:00Z
S01893	W0015599	933	2025-02-02T11:12:00Z
S01893	W0015600	1012	2025-02-09T13:27:00Z
S01893	W0015601	749	2025-02-12T23:47:00Z
S01893	W0015602	688	2025-02-12T05:13:00Z
S01893	W0015603	547	2025-02-18T07:26:00Z
S01893	W0015604	1285	2025-02-18T06:10:00Z
S01893	W0015605	1314	2025-02-23T15:02:00Z
S01893	W0015606	1508	2025-02-26T17:51:00Z
S01893	W0015607	1241	2025-02-20T14:36:00Z
S01646	W0015608	1021	2025-02-10T09:35:00Z
S01646	W0015609	528	2025-02-08T03:02:00Z
S01646	W0015610	1628	2025-02-09T14:55:00Z
S01646	W0015611	531	2025-02-10T02:53:00Z
S01646	W0015612	1147	2025-02-13T12:48:00Z
S01646	W0015613	173	2025-02-15T07:50:00Z
S01646	W0015614	1351	2025-02-02T20:50:00Z
S01646	W0015615	1337	2025-02-22T02:22:00Z
S01646	W0015616	1392	2025-02-05T22:02:00Z
S01646	W0015617	280	2025-02-21T05:17:00Z
S01646	W0015618	1659	2025-02-03T06:27:00Z
S01646	W0015619	1591	2025-02-17T18:27:00Z
S01646	W0015620	709	2025-02-04T23:28:00Z
S01646	W0015621	89	2025-02-14T21:02:00Z
S01646	W0015622	1737	2025-02-07T00:20:00Z
S01646	W0015623	1179	2025-02-25T18:38:00Z
S01646	W0015624	1142	2025-02-15T18:39:00Z
S01646	W0015625	184	2025-02-05T05:34:00Z
S01646	W0015626	662	2025-02-06T15:35:00Z
S01646	W0015627	327	2025-02-15T15:27:00Z
S01646	W0015628	737	2025-02-03T15:00:00Z
S01646	W0015629	571	2025-02-06T05:49:00Z
S01646	W0015630	643	2025-02-24T12:36:00Z
S01646	W0015631	767	2025-02-14T08:12:00Z
S01646	W0015632	585	2025-02-17T02:43:00Z
S01646	W0015633	1360	2025-02-23T05:59:00Z
S01646	W0015634	1245	2025-02-09T14:28:00Z
S01250	W0015635	468	2025-02-10T01:57:00Z
S01250	W0015636	1724	2025-02-06T09:24:00Z
S01250	W0015637	497	2025-02-13T17:14:00Z
S01250	W0015638	1450	2025-02-09T15:52:00Z
S01250	W0015639	79	2025-02-06T22:06:00Z
S01250	W0015640	341	2025-02-20T08:39:00Z
S01250	W0015641	1774	2025-02-14T08:27:00Z
S01250	W0015642	1206	2025-02-27T15:34:00Z
S01250	W0015643	1305	2025-02-22T09:01:00Z
S01250	W0015644	1014	2025-02-23T21:14:00Z
S01250	W0015645	291	2025-02-05T21:57:00Z
S01250	W0015646	491	2025-02-04T02:29:00Z
S01250	W0015647	856	2025-02-07T15:59:00Z
S01250	W0015648	108	2025-02-04T01:33:00Z
S01250	W0015649	1366	2025-02-11T06:16:00Z
S01250	W0015650	835	2025-02-19T07:27:00Z
S01250	W0015651	556	2025-02-13T00:18:00Z
S01250	W0015652	714	2025-02-04T04:57:00Z
S01250	W0015653	1789	2025-02-11T23:07:00Z
S01250	W0015654	994	2025-02-16T00:58:00Z
S01250	W0015655	1766	2025-02-01T05:49:00Z
S01250	W0015656	700	2025-02-15T00:04:00Z
S01250	W0015657	1315	2025-02-19T21:41:00Z
S00531	W0015658	1384	2025-02-07T16:42:00Z
S00531	W0015659	560	2025-02-15T13:59:00Z
S00531	W0015660	189	2025-02-18T20:34:00Z
S00531	W0015661	107	2025-02-26T17:03:00Z
S00531	W0015662	266	2025-02-03T04:40:00Z
S00531	W0015663	1738	2025-02-06T15:44:00Z
S00531	W0015664	270	2025-02-09T17:47:00Z
S00531	W0015665	662	2025-02-21T01:02:00Z
S00531	W0015666	186	2025-02-02T12:11:00Z
S00531	W0015667	424	2025-02-28T10:31:00Z
S00531	W0015668	602	2025-02-01T02:55:00Z
S00531	W0015669	392	2025-02-24T07:02:00Z
S00531	W0015670	904	2025-02-06T12:10:00Z
S00531	W0015671	521	2025-02-13T00:58:00Z
S00531	W0015672	1344	2025-02-03T01:16:00Z
S00531	W0015673	1355	2025-02-10T09:30:00Z
S00531	W0015674	1045	2025-02-21T07:36:00Z
S00531	W0015675	1212	2025-02-22T05:44:00Z
S00531	W0015676	927	2025-02-06T10:31:00Z
S00531	W0015677	597	2025-02-21T17:11:00Z
S00531	W0015678	1619	2025-02-24T13:35:00Z
S00531	W0015679	1596	2025-02-11T02:21:00Z
S00531	W0015680	1713	2025-02-12T16:51:00Z
S00531	W0015681	457	2025-02-10T13:59:00Z
S00830	W0015682	1566	2025-02-12T13:49:00Z
S00830	W0015683	1357	2025-02-25T07:43:00Z
S00830	W0015684	451	2025-02-15T23:51:00Z
S00830	W0015685	973	2025-02-20T21:37:00Z
S00830	W0015686	1130	2025-02-05T13:07:00Z
S00830	W0015687	1405	2025-02-23T02:17:00Z
S00830	W0015688	65	2025-02-11T13:22:00Z
S00830	W0015689	1251	2025-02-09T02:22:00Z
S00830	W0015690	1057	2025-02-28T19:58:00Z
S00830	W0015691	82	2025-02-07T23:00:00Z
S00830	W0015692	129	2025-02-01T13:39:00Z
S00830	W0015693	20	2025-02-28T10:59:00Z
S00830	W0015694	1259	2025-02-21T21:16:00Z
S00830	W0015695	1574	2025-02-21T20:12:00Z
S00830	W0015696	675	2025-02-14T19:39:00Z
S00830	W0015697	661	2025-02-09T17:54:00Z
S00830	W0015698	1243	2025-02-13T00:47:00Z
S00830	W0015699	895	2025-02-05T13:31:00Z
S00830	W0015700	506	2025-02-06T08:03:00Z
S00830	W0015701	47	2025-02-04T16:51:00Z
S00830	W0015702	1183	2025-02-09T10:24:00Z
S00830	W0015703	761	2025-02-03T07:51:00Z
S00830	W0015704	601	2025-02-03T21:35:00Z
S00830	W0015705	23	2025-02-17T07:09:00Z
S00830	W0015706	340	2025-02-08T18:09:00Z
S00830	W0015707	109	2025-02-01T14:04:00Z
S00830	W0015708	684	2025-02-09T12:31:00Z
S01521	W0015709	260	2025-02-05T07:17:00Z
S01521	W0015710	1196	2025-02-13T16:12:00Z
S01521	W0015711	648	2025-02-03T23:54:00Z
S01521	W0015712	746	2025-02-03T17:02:00Z
S01521	W0015713	264	2025-02-11T12:18:00Z
S01521	W0015714	1377	2025-02-13T18:09:00Z
S01521	W0015715	1538	2025-02-23T11:00:00Z
S01521	W0015716	515	2025-02-04T20:00:00Z
S01521	W0015717	1230	2025-02-14T06:02:00Z
S01521	W0015718	487	2025-02-28T07:08:00Z
S01521	W0015719	783	2025-02-11T07:36:00Z
S01521	W0015720	101	2025-02-05T05:33:00Z
S01521	W0015721	1035	2025-02-18T05:12:00Z
S01521	W0015722	776	2025-02-19T03:11:00Z
S01521	W0015723	698	2025-02-08T17:59:00Z
S01521	W0015724	455	2025-02-10T17:59:00Z
S01521	W0015725	684	2025-02-09T20:42:00Z
S01521	W0015726	1084	2025-02-08T07:23:00Z
S01521	W0015727	426	2025-02-14T17:29:00Z
S01388	W0015728	1380	2025-02-05T06:25:00Z
S01388	W0015729	981	2025-02-27T02:52:00Z
S01388	W0015730	1242	2025-02-16T17:15:00Z
S01388	W0015731	1510	2025-02-08T23:52:00Z
S01388	W0015732	453	2025-02-23T20:39:00Z
S01388	W0015733	1347	2025-02-03T01:43:00Z
S01388	W0015734	172	2025-02-18T21:07:00Z
S01388	W0015735	1161	2025-02-21T17:54:00Z
S01388	W0015736	734	2025-02-22T17:57:00Z
S01388	W0015737	764	2025-02-07T19:04:00Z
S00928	W0015738	1746	2025-02-12T20:48:00Z
S00928	W0015739	63	2025-02-19T09:34:00Z
S00928	W0015740	432	2025-02-18T00:58:00Z
S00928	W0015741	310	2025-02-20T17:28:00Z
S00928	W0015742	1128	2025-02-16T19:04:00Z
S00928	W0015743	512	2025-02-22T12:11:00Z
S00928	W0015744	75	2025-02-03T23:15:00Z
S00928	W0015745	310	2025-02-26T02:05:00Z
S00928	W0015746	375	2025-02-04T16:34:00Z
S00928	W0015747	1793	2025-02-12T23:40:00Z
S00928	W0015748	366	2025-02-13T20:51:00Z
S00928	W0015749	193	2025-02-14T08:42:00Z
S00984	W0015750	479	2025-02-25T05:29:00Z
S00984	W0015751	835	2025-02-11T09:21:00Z
S00984	W0015752	629	2025-02-17T05:16:00Z
S00984	W0015753	1250	2025-02-01T08:21:00Z
S00984	W0015754	1352	2025-02-10T08:57:00Z
S00984	W0015755	592	2025-02-28T20:43:00Z
S00984	W0015756	1120	2025-02-26T20:23:00Z
S00984	W0015757	358	2025-02-16T23:04:00Z
S00984	W0015758	270	2025-02-13T06:18:00Z
S00984	W0015759	587	2025-02-27T05:51:00Z
S00984	W0015760	192	2025-02-01T09:42:00Z
S00984	W0015761	1437	2025-02-23T00:13:00Z
S00984	W0015762	309	2025-02-24T12:54:00Z
S00984	W0015763	181	2025-02-06T16:07:00Z
S00984	W0015764	335	2025-02-12T19:26:00Z
S00984	W0015765	220	2025-02-19T15:00:00Z
S00984	W0015766	1090	2025-02-04T19:01:00Z
S00984	W0015767	1611	2025-02-04T21:46:00Z
S00984	W0015768	69	2025-02-28T18:30:00Z
S00984	W0015769	1490	2025-02-11T04:21:00Z
S00984	W0015770	1163	2025-02-10T17:43:00Z
S00984	W0015771	1094	2025-02-16T06:31:00Z
S00984	W0015772	77	2025-02-03T17:28:00Z
S00984	W0015773	1410	2025-02-28T20:43:00Z
S00984	W0015774	486	2025-02-23T21:49:00Z
S00984	W0015775	103	2025-02-01T12:15:00Z
S00984	W0015776	324	2025-02-08T11:28:00Z
S00984	W0015777	787	2025-02-02T11:54:00Z
S00984	W0015778	332	2025-02-05T20:26:00Z
S01099	W0015779	1109	2025-02-19T12:48:00Z
S01099	W0015780	67	2025-02-07T11:12:00Z
S01099	W0015781	417	2025-02-26T07:35:00Z
S01099	W0015782	848	2025-02-18T10:04:00Z
S01099	W0015783	1539	2025-02-28T12:45:00Z
S01099	W0015784	1015	2025-02-16T22:32:00Z
S01099	W0015785	1275	2025-02-09T21:36:00Z
S01099	W0015786	496	2025-02-15T17:40:00Z
S01099	W0015787	761	2025-02-07T05:08:00Z
S01099	W0015788	1212	2025-02-22T23:52:00Z
S01099	W0015789	630	2025-02-15T18:52:00Z
S01099	W0015790	415	2025-02-21T08:48:00Z
S01099	W0015791	563	2025-02-10T10:08:00Z
S01099	W0015792	730	2025-02-15T23:59:00Z
S01099	W0015793	1512	2025-02-17T16:39:00Z
S01099	W0015794	1174	2025-02-19T09:10:00Z
S01099	W0015795	1643	2025-02-08T13:34:00Z
S01099	W0015796	263	2025-02-03T14:15:00Z
S01099	W0015797	1551	2025-02-28T07:21:00Z
S01099	W0015798	254	2025-02-16T20:43:00Z
S01099	W0015799	1430	2025-02-11T23:13:00Z
S01517	W0015800	323	2025-02-06T20:09:00Z
S01517	W0015801	271	2025-02-12T20:59:00Z
S01517	W0015802	559	2025-02-18T20:16:00Z
S01517	W0015803	363	2025-02-02T12:34:00Z
S01517	W0015804	199	2025-02-10T12:43:00Z
S01517	W0015805	1080	2025-02-14T07:47:00Z
S01517	W0015806	622	2025-02-04T02:56:00Z
S01517	W0015807	1798	2025-02-20T07:38:00Z
S01517	W0015808	459	2025-02-20T00:04:00Z
S01517	W0015809	821	2025-02-27T23:01:00Z
S01517	W0015810	1047	2025-02-05T12:56:00Z
S01517	W0015811	95	2025-02-23T13:12:00Z
S01517	W0015812	841	2025-02-22T00:37:00Z
S01517	W0015813	129	2025-02-09T13:08:00Z
S01517	W0015814	1288	2025-02-14T06:39:00Z
S01517	W0015815	940	2025-02-19T23:40:00Z
S01517	W0015816	1295	2025-02-23T06:07:00Z
S01517	W0015817	1486	2025-02-24T05:29:00Z
S00103	W0015818	705	2025-02-28T14:36:00Z
S00103	W0015819	1071	2025-02-08T13:32:00Z
S00103	W0015820	67	2025-02-15T07:07:00Z
S00103	W0015821	1208	2025-02-07T20:51:00Z
S00103	W0015822	55	2025-02-22T22:29:00Z
S00103	W0015823	537	2025-02-11T01:05:00Z
S00103	W0015824	629	2025-02-11T07:37:00Z
S00103	W0015825	1507	2025-02-23T08:36:00Z
S00103	W0015826	977	2025-02-16T03:46:00Z
S00103	W0015827	222	2025-02-18T04:09:00Z
S00103	W0015828	366	2025-02-28T08:15:00Z
S00103	W0015829	851	2025-02-01T20:30:00Z
S00103	W0015830	583	2025-02-04T16:47:00Z
S00103	W0015831	768	2025-02-03T20:30:00Z
S00103	W0015832	1068	2025-02-21T20:41:00Z
S00103	W0015833	1041	2025-02-11T21:51:00Z
S00103	W0015834	731	2025-02-28T06:36:00Z
S00103	W0015835	1310	2025-02-14T14:17:00Z
S00103	W0015836	221	2025-02-16T13:04:00Z
S00879	W0015837	1427	2025-02-25T14:37:00Z
S00879	W0015838	1083	2025-02-18T17:59:00Z
S00879	W0015839	481	2025-02-20T17:41:00Z
S00879	W0015840	712	2025-02-03T09:39:00Z
S00879	W0015841	557	2025-02-02T16:36:00Z
S00879	W0015842	1113	2025-02-09T14:44:00Z
S00879	W0015843	906	2025-02-19T06:06:00Z
S00879	W0015844	1142	2025-02-15T05:05:00Z
S00879	W0015845	803	2025-02-03T15:04:00Z
S00879	W0015846	1572	2025-02-14T11:26:00Z
S00879	W0015847	250	2025-02-05T22:38:00Z
S00879	W0015848	161	2025-02-19T00:37:00Z
S00879	W0015849	1778	2025-02-25T04:02:00Z
S00879	W0015850	1098	2025-02-02T23:57:00Z
S00879	W0015851	1402	2025-02-21T16:00:00Z
S00879	W0015852	850	2025-02-17T22:15:00Z
S00879	W0015853	619	2025-02-19T14:32:00Z
S00879	W0015854	144	2025-02-22T04:33:00Z
S00879	W0015855	338	2025-02-13T07:58:00Z
S00879	W0015856	473	2025-02-02T02:04:00Z
S00879	W0015857	1480	2025-02-21T14:30:00Z
S00879	W0015858	920	2025-02-06T02:22:00Z
S00879	W0015859	1526	2025-02-28T15:42:00Z
S00879	W0015860	1259	2025-02-26T13:08:00Z
S00879	W0015861	168	2025-02-02T11:55:00Z
S00879	W0015862	1035	2025-02-11T00:13:00Z
S00879	W0015863	717	2025-02-09T21:28:00Z
S00879	W0015864	1276	2025-02-19T23:01:00Z
S00166	W0015865	1669	2025-02-23T19:32:00Z
S00166	W0015866	1333	2025-02-25T03:34:00Z
S00166	W0015867	1613	2025-02-20T10:42:00Z
S00166	W0015868	1316	2025-02-27T00:37:00Z
S01658	W0015869	1363	2025-02-27T21:51:00Z
S01658	W0015870	1049	2025-02-04T15:19:00Z
S01658	W0015871	155	2025-02-28T03:19:00Z
S01658	W0015872	1289	2025-02-23T16:46:00Z
S01658	W0015873	1402	2025-02-07T20:40:00Z
S01658	W0015874	480	2025-02-24T18:05:00Z
S01658	W0015875	409	2025-02-26T12:12:00Z
S01658	W0015876	861	2025-02-06T08:19:00Z
S01658	W0015877	964	2025-02-10T15:04:00Z
S01658	W0015878	1401	2025-02-10T14:21:00Z
S01658	W0015879	1002	2025-02-14T23:39:00Z
S01658	W0015880	1800	2025-02-09T19:46:00Z
S01658	W0015881	762	2025-02-05T04:37:00Z
S01658	W0015882	1723	2025-02-09T00:05:00Z
S01658	W0015883	1597	2025-02-03T13:38:00Z
S01658	W0015884	1795	2025-02-15T00:16:00Z
S01658	W0015885	1213	2025-02-12T06:15:00Z
S01658	W0015886	147	2025-02-17T22:43:00Z
S00971	W0015887	1317	2025-02-18T13:13:00Z
S00971	W0015888	697	2025-02-08T06:09:00Z
S00971	W0015889	475	2025-02-21T13:22:00Z
S00971	W0015890	1036	2025-02-07T16:23:00Z
S00971	W0015891	932	2025-02-03T21:22:00Z
S00971	W0015892	445	2025-02-19T08:43:00Z
S00971	W0015893	57	2025-02-01T09:46:00Z
S00971	W0015894	204	2025-02-27T10:18:00Z
S00971	W0015895	411	2025-02-25T14:27:00Z
S00971	W0015896	410	2025-02-13T13:51:00Z
S00971	W0015897	207	2025-02-09T05:26:00Z
S00971	W0015898	1737	2025-02-14T12:15:00Z
S00971	W0015899	1668	2025-02-03T02:48:00Z
S00971	W0015900	1629	2025-02-09T09:49:00Z
S00971	W0015901	1089	2025-02-12T07:01:00Z
S00971	W0015902	1263	2025-02-20T22:19:00Z
S00971	W0015903	311	2025-02-05T07:23:00Z
S00971	W0015904	1578	2025-02-14T19:08:00Z
S00971	W0015905	48	2025-02-10T15:28:00Z
S00971	W0015906	1250	2025-02-24T02:52:00Z
S00971	W0015907	272	2025-02-27T22:05:00Z
S00971	W0015908	1721	2025-02-17T13:33:00Z
S00971	W0015909	1522	2025-02-18T11:08:00Z
S00971	W0015910	364	2025-02-27T03:32:00Z
S00971	W0015911	1326	2025-02-25T22:12:00Z
S00100	W0015912	1279	2025-02-08T10:39:00Z
S00100	W0015913	960	2025-02-13T05:51:00Z
S00100	W0015914	1665	2025-02-10T12:22:00Z
S00100	W0015915	300	2025-02-26T11:48:00Z
S00100	W0015916	792	2025-02-24T18:12:00Z
S00100	W0015917	1389	2025-02-23T02:53:00Z
S00100	W0015918	958	2025-02-23T20:15:00Z
S00100	W0015919	1617	2025-02-13T15:42:00Z
S00100	W0015920	1567	2025-02-24T04:45:00Z
S00100	W0015921	60	2025-02-09T15:48:00Z
S00100	W0015922	86	2025-02-02T21:16:00Z
S00100	W0015923	695	2025-02-06T20:33:00Z
S00100	W0015924	964	2025-02-01T21:06:00Z
S00172	W0015925	915	2025-02-26T07:55:00Z
S00172	W0015926	1149	2025-02-08T06:28:00Z
S00172	W0015927	1104	2025-02-07T15:47:00Z
S00172	W0015928	1467	2025-02-18T11:37:00Z
S00172	W0015929	1629	2025-02-28T21:56:00Z
S00172	W0015930	661	2025-02-09T15:16:00Z
S00172	W0015931	703	2025-02-12T13:51:00Z
S00172	W0015932	1326	2025-02-02T03:13:00Z
S00172	W0015933	1524	2025-02-28T14:53:00Z
S00172	W0015934	1325	2025-02-07T23:05:00Z
S00172	W0015935	1480	2025-02-04T03:18:00Z
S00172	W0015936	1320	2025-02-21T11:37:00Z
S00172	W0015937	680	2025-02-12T05:58:00Z
S00172	W0015938	1606	2025-02-21T10:41:00Z
S00172	W0015939	1599	2025-02-12T18:53:00Z
S00172	W0015940	1306	2025-02-24T18:24:00Z
S00172	W0015941	510	2025-02-27T02:56:00Z
S00172	W0015942	1763	2025-02-05T08:41:00Z
S00172	W0015943	897	2025-02-23T09:03:00Z
S00172	W0015944	643	2025-02-03T01:05:00Z
S00172	W0015945	740	2025-02-26T02:53:00Z
S00172	W0015946	1285	2025-02-20T10:36:00Z
S00172	W0015947	1140	2025-02-04T19:56:00Z
S00172	W0015948	777	2025-02-09T23:26:00Z
S01140	W0015949	167	2025-02-05T03:31:00Z
S01140	W0015950	481	2025-02-17T02:31:00Z
S01140	W0015951	856	2025-02-20T09:11:00Z
S01140	W0015952	1393	2025-02-17T06:22:00Z
S01140	W0015953	514	2025-02-06T12:16:00Z
S01140	W0015954	1068	2025-02-09T16:45:00Z
S01140	W0015955	1099	2025-02-05T03:02:00Z
S01140	W0015956	547	2025-02-04T06:42:00Z
S01140	W0015957	1741	2025-02-15T21:41:00Z
S01140	W0015958	556	2025-02-09T07:57:00Z
S01140	W0015959	992	2025-02-05T09:03:00Z
S01140	W0015960	389	2025-02-26T08:07:00Z
S01140	W0015961	1593	2025-02-01T15:41:00Z
S01140	W0015962	870	2025-02-27T00:13:00Z
S01140	W0015963	625	2025-02-07T19:31:00Z
S01140	W0015964	918	2025-02-28T11:43:00Z
S01140	W0015965	358	2025-02-27T05:27:00Z
S01140	W0015966	1574	2025-02-26T02:09:00Z
S01140	W0015967	772	2025-02-27T22:54:00Z
S01140	W0015968	687	2025-02-26T03:15:00Z
S01140	W0015969	1583	2025-02-02T23:37:00Z
S01140	W0015970	1280	2025-02-06T06:20:00Z
S01140	W0015971	1677	2025-02-02T23:55:00Z
S01140	W0015972	1576	2025-02-17T04:27:00Z
S01140	W0015973	456	2025-02-14T09:16:00Z
S01140	W0015974	754	2025-02-23T04:01:00Z
S01140	W0015975	203	2025-02-12T03:13:00Z
S01140	W0015976	901	2025-02-25T05:43:00Z
S01140	W0015977	1347	2025-02-12T23:23:00Z
S01140	W0015978	317	2025-02-04T13:33:00Z
S01777	W0015979	1659	2025-02-14T13:53:00Z
S01777	W0015980	986	2025-02-23T07:02:00Z
S01777	W0015981	409	2025-02-08T14:57:00Z
S01777	W0015982	1165	2025-02-22T14:27:00Z
S01777	W0015983	1135	2025-02-16T23:24:00Z
S01777	W0015984	1140	2025-02-16T15:02:00Z
S01777	W0015985	840	2025-02-21T20:25:00Z
S01777	W0015986	1584	2025-02-25T12:29:00Z
S01777	W0015987	1019	2025-02-05T22:09:00Z
S01777	W0015988	1728	2025-02-03T07:32:00Z
S01777	W0015989	1127	2025-02-16T00:33:00Z
S01777	W0015990	1598	2025-02-24T19:28:00Z
S01777	W0015991	82	2025-02-06T23:03:00Z
S01777	W0015992	343	2025-02-12T00:59:00Z
S01777	W0015993	1253	2025-02-14T21:33:00Z
S00740	W0015994	678	2025-02-02T06:52:00Z
S00740	W0015995	1651	2025-02-14T19:40:00Z
S00740	W0015996	161	2025-02-09T22:26:00Z
S00740	W0015997	301	2025-02-13T00:53:00Z
S00740	W0015998	1188	2025-02-26T14:55:00Z
S00740	W0015999	744	2025-02-13T18:11:00Z
S00740	W0016000	306	2025-02-09T23:34:00Z
S00740	W0016001	694	2025-02-14T17:00:00Z
S00740	W0016002	76	2025-02-11T20:35:00Z
S00740	W0016003	295	2025-02-06T04:03:00Z
S00740	W0016004	693	2025-02-10T14:56:00Z
S00740	W0016005	834	2025-02-23T21:23:00Z
S00740	W0016006	1215	2025-02-21T08:37:00Z
S01113	W0016007	520	2025-02-25T19:16:00Z
S01113	W0016008	904	2025-02-05T20:02:00Z
S01113	W0016009	791	2025-02-18T12:54:00Z
S01113	W0016010	990	2025-02-02T21:05:00Z
S01113	W0016011	1775	2025-02-20T09:46:00Z
S01113	W0016012	868	2025-02-02T06:55:00Z
S01113	W0016013	490	2025-02-23T15:12:00Z
S01113	W0016014	1104	2025-02-03T09:45:00Z
S01113	W0016015	857	2025-02-25T04:22:00Z
S01113	W0016016	275	2025-02-20T13:57:00Z
S01113	W0016017	197	2025-02-02T02:21:00Z
S01113	W0016018	297	2025-02-06T09:38:00Z
S01113	W0016019	728	2025-02-04T23:25:00Z
S01075	W0016020	1219	2025-02-22T11:32:00Z
S01075	W0016021	1778	2025-02-12T07:27:00Z
S01075	W0016022	732	2025-02-14T00:10:00Z
S01075	W0016023	1624	2025-02-16T08:34:00Z
S01075	W0016024	1367	2025-02-15T12:33:00Z
S01075	W0016025	1771	2025-02-16T03:53:00Z
S01075	W0016026	463	2025-02-04T22:50:00Z
S01075	W0016027	453	2025-02-01T23:10:00Z
S01075	W0016028	718	2025-02-09T11:46:00Z
S01075	W0016029	611	2025-02-13T12:01:00Z
S01075	W0016030	670	2025-02-05T12:30:00Z
S01075	W0016031	603	2025-02-13T06:54:00Z
S01075	W0016032	481	2025-02-09T18:51:00Z
S01075	W0016033	1515	2025-02-06T05:13:00Z
S01075	W0016034	1318	2025-02-24T14:17:00Z
S00697	W0016035	315	2025-02-27T05:02:00Z
S00697	W0016036	1322	2025-02-13T18:55:00Z
S00697	W0016037	427	2025-02-07T05:07:00Z
S00697	W0016038	481	2025-02-18T13:34:00Z
S00697	W0016039	1771	2025-02-14T11:38:00Z
S00697	W0016040	1257	2025-02-21T13:58:00Z
S00697	W0016041	821	2025-02-23T09:47:00Z
S00697	W0016042	849	2025-02-10T09:34:00Z
S00697	W0016043	93	2025-02-12T23:12:00Z
S00451	W0016044	190	2025-02-17T16:46:00Z
S00451	W0016045	1062	2025-02-18T03:44:00Z
S00451	W0016046	306	2025-02-05T00:24:00Z
S00451	W0016047	274	2025-02-06T11:49:00Z
S00451	W0016048	189	2025-02-23T05:28:00Z
S00451	W0016049	1560	2025-02-24T02:48:00Z
S00451	W0016050	743	2025-02-17T01:24:00Z
S00451	W0016051	156	2025-02-08T11:53:00Z
S00451	W0016052	1752	2025-02-10T12:40:00Z
S01961	W0016053	1226	2025-02-10T07:18:00Z
S01961	W0016054	1700	2025-02-04T15:51:00Z
S01961	W0016055	1118	2025-02-22T20:26:00Z
S01961	W0016056	1111	2025-02-19T06:18:00Z
S01961	W0016057	534	2025-02-09T23:29:00Z
S01961	W0016058	1415	2025-02-06T14:33:00Z
S01961	W0016059	319	2025-02-27T07:10:00Z
S01961	W0016060	797	2025-02-06T06:33:00Z
S01684	W0016061	1232	2025-02-13T14:40:00Z
S01684	W0016062	1658	2025-02-10T09:49:00Z
S01684	W0016063	171	2025-02-02T07:56:00Z
S01684	W0016064	1656	2025-02-27T20:27:00Z
S01684	W0016065	1239	2025-02-19T12:18:00Z
S01684	W0016066	434	2025-02-24T10:17:00Z
S01684	W0016067	663	2025-02-16T23:24:00Z
S01684	W0016068	1131	2025-02-21T15:43:00Z
S01684	W0016069	1406	2025-02-12T12:06:00Z
S01684	W0016070	1410	2025-02-07T21:54:00Z
S01684	W0016071	1608	2025-02-23T23:33:00Z
S01684	W0016072	1554	2025-02-20T23:16:00Z
S01684	W0016073	1178	2025-02-23T13:23:00Z
S01684	W0016074	486	2025-02-16T02:26:00Z
S01684	W0016075	215	2025-02-04T04:29:00Z
S01684	W0016076	1152	2025-02-04T12:45:00Z
S01684	W0016077	893	2025-02-04T05:22:00Z
S01684	W0016078	1197	2025-02-23T20:03:00Z
S01684	W0016079	319	2025-02-17T20:52:00Z
S01775	W0016080	933	2025-02-12T01:41:00Z
S01775	W0016081	175	2025-02-18T03:53:00Z
S01775	W0016082	1117	2025-02-26T06:54:00Z
S01775	W0016083	1693	2025-02-02T10:23:00Z
S01775	W0016084	288	2025-02-08T11:52:00Z
S01775	W0016085	659	2025-02-19T18:11:00Z
S01775	W0016086	656	2025-02-25T21:53:00Z
S01775	W0016087	1753	2025-02-05T18:36:00Z
S01775	W0016088	1349	2025-02-02T02:08:00Z
S01775	W0016089	275	2025-02-11T12:35:00Z
S01775	W0016090	1288	2025-02-24T12:02:00Z
S01775	W0016091	220	2025-02-09T14:14:00Z
S01775	W0016092	1042	2025-02-16T03:31:00Z
S01775	W0016093	1224	2025-02-07T19:46:00Z
S01775	W0016094	728	2025-02-03T17:18:00Z
S01775	W0016095	991	2025-02-02T05:56:00Z
S01775	W0016096	1454	2025-02-04T07:02:00Z
S01775	W0016097	1391	2025-02-26T19:03:00Z
S01775	W0016098	1537	2025-02-28T03:28:00Z
S01775	W0016099	1298	2025-02-18T08:00:00Z
S01775	W0016100	928	2025-02-01T00:50:00Z
S01775	W0016101	129	2025-02-01T11:52:00Z
S00938	W0016102	391	2025-02-19T23:02:00Z
S00938	W0016103	1323	2025-02-17T16:09:00Z
S00938	W0016104	1223	2025-02-19T13:57:00Z
S00938	W0016105	661	2025-02-15T11:39:00Z
S00938	W0016106	1495	2025-02-13T15:05:00Z
S00938	W0016107	776	2025-02-10T10:17:00Z
S00938	W0016108	1286	2025-02-23T21:36:00Z
S00938	W0016109	1668	2025-02-10T01:15:00Z
S00938	W0016110	1278	2025-02-22T07:40:00Z
S00938	W0016111	1557	2025-02-13T08:21:00Z
S00938	W0016112	149	2025-02-28T04:32:00Z
S01084	W0016113	659	2025-02-03T01:21:00Z
S01084	W0016114	397	2025-02-24T16:41:00Z
S01084	W0016115	1660	2025-02-07T21:59:00Z
S01084	W0016116	833	2025-02-16T13:13:00Z
S01084	W0016117	101	2025-02-14T19:02:00Z
S01084	W0016118	1284	2025-02-05T01:53:00Z
S01084	W0016119	513	2025-02-20T07:12:00Z
S01084	W0016120	1389	2025-02-24T10:25:00Z
S01084	W0016121	955	2025-02-14T13:59:00Z
S01084	W0016122	256	2025-02-25T12:59:00Z
S01084	W0016123	1294	2025-02-17T01:44:00Z
S01084	W0016124	898	2025-02-08T12:21:00Z
S01084	W0016125	805	2025-02-07T19:29:00Z
S01084	W0016126	862	2025-02-02T10:58:00Z
S01084	W0016127	470	2025-02-01T22:46:00Z
S01084	W0016128	1577	2025-02-01T07:13:00Z
S01084	W0016129	148	2025-02-10T21:16:00Z
S01084	W0016130	1262	2025-02-16T18:03:00Z
S01084	W0016131	933	2025-02-24T03:18:00Z
S01084	W0016132	1362	2025-02-27T12:34:00Z
S01084	W0016133	1018	2025-02-07T12:13:00Z
S01084	W0016134	492	2025-02-08T11:33:00Z
S01084	W0016135	1325	2025-02-11T10:34:00Z
S01084	W0016136	1033	2025-02-20T08:31:00Z
S01084	W0016137	744	2025-02-26T04:55:00Z
S01084	W0016138	711	2025-02-20T12:07:00Z
S01084	W0016139	824	2025-02-09T16:41:00Z
S01084	W0016140	1131	2025-02-07T03:03:00Z
S01084	W0016141	1312	2025-02-22T04:13:00Z
S01084	W0016142	1123	2025-02-24T05:09:00Z
S01886	W0016143	247	2025-02-02T02:26:00Z
S01886	W0016144	1315	2025-02-02T21:43:00Z
S01886	W0016145	49	2025-02-20T07:51:00Z
S01886	W0016146	1582	2025-02-06T17:56:00Z
S01886	W0016147	108	2025-02-24T12:02:00Z
S01886	W0016148	1113	2025-02-09T21:11:00Z
S01886	W0016149	1318	2025-02-15T03:29:00Z
S01886	W0016150	186	2025-02-09T00:35:00Z
S01886	W0016151	1460	2025-02-11T22:45:00Z
S00041	W0016152	182	2025-02-05T12:58:00Z
S00041	W0016153	1423	2025-02-04T07:32:00Z
S00041	W0016154	813	2025-02-16T05:14:00Z
S00041	W0016155	856	2025-02-15T21:49:00Z
S00041	W0016156	837	2025-02-11T12:03:00Z
S00041	W0016157	1441	2025-02-07T13:14:00Z
S00041	W0016158	311	2025-02-06T23:01:00Z
S00041	W0016159	287	2025-02-15T12:17:00Z
S00041	W0016160	1571	2025-02-04T16:46:00Z
S00041	W0016161	673	2025-02-27T06:00:00Z
S00041	W0016162	802	2025-02-11T15:05:00Z
S00041	W0016163	1504	2025-02-11T09:25:00Z
S00041	W0016164	514	2025-02-04T08:06:00Z
S00041	W0016165	1045	2025-02-05T00:07:00Z
S00041	W0016166	899	2025-02-10T20:43:00Z
S00041	W0016167	287	2025-02-24T05:27:00Z
S00041	W0016168	1303	2025-02-05T07:39:00Z
S00041	W0016169	1005	2025-02-19T01:53:00Z
S00041	W0016170	1717	2025-02-22T17:58:00Z
S00469	W0016171	1464	2025-02-22T13:25:00Z
S00469	W0016172	1004	2025-02-13T19:10:00Z
S00469	W0016173	376	2025-02-16T22:47:00Z
S00469	W0016174	374	2025-02-03T21:43:00Z
S00469	W0016175	236	2025-02-03T06:11:00Z
S00469	W0016176	639	2025-02-04T04:18:00Z
S00469	W0016177	79	2025-02-07T13:11:00Z
S00469	W0016178	111	2025-02-19T03:52:00Z
S00469	W0016179	575	2025-02-14T07:24:00Z
S00469	W0016180	681	2025-02-16T11:24:00Z
S00469	W0016181	1789	2025-02-11T01:58:00Z
S00469	W0016182	1467	2025-02-20T23:46:00Z
S00469	W0016183	946	2025-02-23T05:39:00Z
S00469	W0016184	80	2025-02-05T11:16:00Z
S01356	W0016185	240	2025-02-05T09:28:00Z
S01356	W0016186	276	2025-02-16T19:32:00Z
S01356	W0016187	876	2025-02-09T04:24:00Z
S01356	W0016188	960	2025-02-04T01:43:00Z
S01356	W0016189	1644	2025-02-02T22:31:00Z
S01356	W0016190	1157	2025-02-06T23:07:00Z
S01356	W0016191	51	2025-02-02T01:47:00Z
S01356	W0016192	1684	2025-02-11T12:23:00Z
S01356	W0016193	480	2025-02-02T11:25:00Z
S01356	W0016194	937	2025-02-08T17:05:00Z
S01356	W0016195	1755	2025-02-02T17:43:00Z
S01356	W0016196	230	2025-02-06T01:42:00Z
S01356	W0016197	1388	2025-02-05T00:25:00Z
S01356	W0016198	786	2025-02-27T13:41:00Z
S01356	W0016199	160	2025-02-13T13:01:00Z
S01356	W0016200	1776	2025-02-20T14:52:00Z
S00149	W0016201	1730	2025-02-20T11:18:00Z
S00149	W0016202	1147	2025-02-18T06:06:00Z
S00149	W0016203	1083	2025-02-17T12:18:00Z
S00149	W0016204	932	2025-02-11T11:43:00Z
S00149	W0016205	1615	2025-02-05T20:02:00Z
S00149	W0016206	585	2025-02-20T18:56:00Z
S00149	W0016207	1689	2025-02-07T03:20:00Z
S00149	W0016208	1141	2025-02-20T06:40:00Z
S00149	W0016209	1315	2025-02-04T02:54:00Z
S00149	W0016210	1329	2025-02-28T12:10:00Z
S00149	W0016211	382	2025-02-17T00:23:00Z
S00149	W0016212	329	2025-02-13T11:47:00Z
S00149	W0016213	319	2025-02-25T17:21:00Z
S00149	W0016214	327	2025-02-10T02:04:00Z
S00149	W0016215	1406	2025-02-17T07:34:00Z
S00149	W0016216	1511	2025-02-10T07:51:00Z
S00149	W0016217	1084	2025-02-18T17:05:00Z
S00149	W0016218	351	2025-02-22T12:17:00Z
S00149	W0016219	876	2025-02-04T06:11:00Z
S00149	W0016220	343	2025-02-04T16:50:00Z
S00149	W0016221	1485	2025-02-21T12:27:00Z
S00149	W0016222	352	2025-02-26T13:51:00Z
S00149	W0016223	1315	2025-02-14T14:57:00Z
S00149	W0016224	1466	2025-02-28T22:56:00Z
S01367	W0016225	992	2025-02-13T07:21:00Z
S01367	W0016226	940	2025-02-17T06:26:00Z
S01367	W0016227	460	2025-02-25T08:00:00Z
S01367	W0016228	332	2025-02-06T22:16:00Z
S01367	W0016229	137	2025-02-12T02:20:00Z
S01367	W0016230	537	2025-02-23T23:27:00Z
S01367	W0016231	1081	2025-02-17T06:21:00Z
S01367	W0016232	212	2025-02-12T19:49:00Z
S01367	W0016233	853	2025-02-12T03:17:00Z
S01367	W0016234	1374	2025-02-06T23:39:00Z
S01367	W0016235	1282	2025-02-09T00:51:00Z
S01367	W0016236	502	2025-02-05T13:43:00Z
S01367	W0016237	1249	2025-02-26T12:03:00Z
S01367	W0016238	377	2025-02-12T10:50:00Z
S01367	W0016239	1029	2025-02-10T03:15:00Z
S01367	W0016240	669	2025-02-09T11:54:00Z
S01367	W0016241	1061	2025-02-12T11:53:00Z
S01367	W0016242	1015	2025-02-04T03:02:00Z
S01367	W0016243	908	2025-02-27T17:30:00Z
S01367	W0016244	727	2025-02-01T11:19:00Z
S01367	W0016245	1624	2025-02-22T11:50:00Z
S01367	W0016246	985	2025-02-12T17:47:00Z
S01367	W0016247	885	2025-02-05T10:30:00Z
S01367	W0016248	1284	2025-02-01T07:32:00Z
S01367	W0016249	1155	2025-02-17T03:24:00Z
S01367	W0016250	323	2025-02-01T07:33:00Z
S01367	W0016251	70	2025-02-23T06:55:00Z
S01367	W0016252	327	2025-02-13T11:38:00Z
S00947	W0016253	206	2025-02-03T00:55:00Z
S00947	W0016254	1666	2025-02-07T06:55:00Z
S00947	W0016255	841	2025-02-10T01:49:00Z
S00947	W0016256	789	2025-02-22T06:53:00Z
S00947	W0016257	1775	2025-02-18T23:11:00Z
S00544	W0016258	1734	2025-02-20T15:51:00Z
S00544	W0016259	871	2025-02-16T02:44:00Z
S00544	W0016260	83	2025-02-17T10:07:00Z
S00544	W0016261	456	2025-02-15T06:54:00Z
S00544	W0016262	780	2025-02-13T19:40:00Z
S00544	W0016263	1693	2025-02-09T08:09:00Z
S00544	W0016264	69	2025-02-16T07:40:00Z
S00544	W0016265	1115	2025-02-09T17:41:00Z
S00544	W0016266	544	2025-02-03T18:21:00Z
S00544	W0016267	1055	2025-02-01T07:46:00Z
S00544	W0016268	998	2025-02-18T09:12:00Z
S00544	W0016269	28	2025-02-26T05:12:00Z
S00544	W0016270	792	2025-02-24T04:27:00Z
S01576	W0016271	632	2025-02-15T18:02:00Z
S01576	W0016272	1191	2025-02-07T00:26:00Z
S01576	W0016273	1796	2025-02-09T19:43:00Z
S01576	W0016274	1747	2025-02-20T06:38:00Z
S01576	W0016275	974	2025-02-26T17:30:00Z
S01576	W0016276	284	2025-02-28T13:38:00Z
S01576	W0016277	1252	2025-02-07T04:09:00Z
S01576	W0016278	1535	2025-02-22T12:07:00Z
S01342	W0016279	1579	2025-02-17T10:22:00Z
S01342	W0016280	352	2025-02-10T09:15:00Z
S01342	W0016281	1625	2025-02-26T06:13:00Z
S01342	W0016282	1585	2025-02-20T11:58:00Z
S01342	W0016283	1363	2025-02-06T20:41:00Z
S01768	W0016284	685	2025-02-23T13:58:00Z
S01768	W0016285	744	2025-02-25T18:09:00Z
S01768	W0016286	967	2025-02-11T07:28:00Z
S01768	W0016287	742	2025-02-25T19:17:00Z
S01768	W0016288	1045	2025-02-12T11:14:00Z
S01768	W0016289	239	2025-02-02T01:22:00Z
S01768	W0016290	1071	2025-02-03T01:40:00Z
S01768	W0016291	1009	2025-02-01T20:46:00Z
S01768	W0016292	1031	2025-02-06T12:53:00Z
S01768	W0016293	877	2025-02-24T16:17:00Z
S01768	W0016294	1660	2025-02-06T11:41:00Z
S01768	W0016295	1164	2025-02-01T13:45:00Z
S01768	W0016296	1076	2025-02-16T17:07:00Z
S01768	W0016297	935	2025-02-07T23:15:00Z
S01768	W0016298	1067	2025-02-17T23:27:00Z
S01375	W0016299	1286	2025-02-21T18:52:00Z
S01375	W0016300	885	2025-02-19T06:58:00Z
S01375	W0016301	1301	2025-02-15T15:57:00Z
S01375	W0016302	1275	2025-02-13T01:24:00Z
S01375	W0016303	601	2025-02-25T01:34:00Z
S01375	W0016304	441	2025-02-15T13:04:00Z
S01375	W0016305	921	2025-02-19T06:46:00Z
S01375	W0016306	476	2025-02-14T22:13:00Z
S01375	W0016307	117	2025-02-26T18:32:00Z
S01375	W0016308	731	2025-02-08T14:35:00Z
S01375	W0016309	1613	2025-02-28T15:58:00Z
S01375	W0016310	1349	2025-02-06T09:35:00Z
S01375	W0016311	132	2025-02-01T19:00:00Z
S01375	W0016312	394	2025-02-03T11:29:00Z
S01375	W0016313	455	2025-02-22T19:56:00Z
S01375	W0016314	1629	2025-02-18T20:13:00Z
S01375	W0016315	997	2025-02-12T11:42:00Z
S01375	W0016316	1456	2025-02-09T23:30:00Z
S01729	W0016317	1743	2025-02-11T11:08:00Z
S01729	W0016318	1560	2025-02-10T17:45:00Z
S01729	W0016319	1157	2025-02-15T12:34:00Z
S01729	W0016320	61	2025-02-23T01:23:00Z
S01729	W0016321	889	2025-02-20T22:35:00Z
S01729	W0016322	828	2025-02-19T16:01:00Z
S01729	W0016323	29	2025-02-01T16:35:00Z
S01729	W0016324	1762	2025-02-02T19:48:00Z
S01729	W0016325	866	2025-02-28T16:25:00Z
S01729	W0016326	1700	2025-02-10T14:09:00Z
S01729	W0016327	1605	2025-02-11T21:54:00Z
S01729	W0016328	1718	2025-02-09T17:35:00Z
S01729	W0016329	784	2025-02-14T09:27:00Z
S01729	W0016330	993	2025-02-21T21:58:00Z
S01729	W0016331	967	2025-02-23T06:07:00Z
S01729	W0016332	1448	2025-02-05T07:25:00Z
S01729	W0016333	635	2025-02-05T16:26:00Z
S01729	W0016334	603	2025-02-13T23:09:00Z
S01729	W0016335	1251	2025-02-23T17:29:00Z
S01729	W0016336	70	2025-02-04T07:48:00Z
S01729	W0016337	1742	2025-02-24T20:37:00Z
S01729	W0016338	1688	2025-02-27T03:01:00Z
S01729	W0016339	1362	2025-02-02T16:23:00Z
S01729	W0016340	415	2025-02-01T09:31:00Z
S01729	W0016341	1691	2025-02-13T04:18:00Z
S01729	W0016342	20	2025-02-21T14:06:00Z
S01729	W0016343	189	2025-02-13T09:01:00Z
S01729	W0016344	447	2025-02-23T18:46:00Z
S01729	W0016345	1146	2025-02-21T02:41:00Z
S01729	W0016346	185	2025-02-12T10:10:00Z
S01758	W0016347	1752	2025-02-25T20:13:00Z
S01758	W0016348	1762	2025-02-09T06:04:00Z
S01758	W0016349	1146	2025-02-13T06:53:00Z
S01758	W0016350	685	2025-02-20T02:56:00Z
S00974	W0016351	989	2025-02-10T07:09:00Z
S00974	W0016352	1729	2025-02-04T09:41:00Z
S00974	W0016353	573	2025-02-05T15:27:00Z
S00974	W0016354	632	2025-02-04T04:34:00Z
S00974	W0016355	1742	2025-02-09T05:14:00Z
S00974	W0016356	833	2025-02-01T20:09:00Z
S00974	W0016357	785	2025-02-06T11:09:00Z
S00974	W0016358	1061	2025-02-09T17:45:00Z
S00974	W0016359	903	2025-02-26T19:14:00Z
S00974	W0016360	1303	2025-02-13T05:05:00Z
S00974	W0016361	998	2025-02-03T16:08:00Z
S00974	W0016362	460	2025-02-18T04:49:00Z
S00788	W0016363	170	2025-02-20T10:19:00Z
S00788	W0016364	261	2025-02-15T20:32:00Z
S00788	W0016365	1689	2025-02-14T20:37:00Z
S00788	W0016366	46	2025-02-20T22:27:00Z
S00788	W0016367	529	2025-02-22T20:19:00Z
S00788	W0016368	1165	2025-02-16T17:55:00Z
S00788	W0016369	611	2025-02-13T15:36:00Z
S00788	W0016370	1736	2025-02-23T10:34:00Z
S00788	W0016371	1490	2025-02-10T20:26:00Z
S00788	W0016372	538	2025-02-19T21:32:00Z
S00788	W0016373	189	2025-02-05T17:09:00Z
S00788	W0016374	316	2025-02-22T17:37:00Z
S00788	W0016375	1726	2025-02-05T07:28:00Z
S00788	W0016376	283	2025-02-24T18:13:00Z
S00788	W0016377	1464	2025-02-24T10:28:00Z
S00788	W0016378	285	2025-02-11T10:59:00Z
S00788	W0016379	1642	2025-02-11T19:30:00Z
S00788	W0016380	1038	2025-02-16T00:51:00Z
S00788	W0016381	1792	2025-02-23T17:56:00Z
S00788	W0016382	556	2025-02-01T17:03:00Z
S00788	W0016383	1262	2025-02-18T22:15:00Z
S00788	W0016384	144	2025-02-26T01:08:00Z
S00788	W0016385	443	2025-02-06T13:48:00Z
S01701	W0016386	828	2025-02-11T13:24:00Z
S01701	W0016387	1060	2025-02-11T18:18:00Z
S01701	W0016388	899	2025-02-22T12:03:00Z
S01701	W0016389	162	2025-02-05T04:50:00Z
S01701	W0016390	1376	2025-02-13T03:44:00Z
S01701	W0016391	1673	2025-02-06T16:19:00Z
S01701	W0016392	734	2025-02-06T23:29:00Z
S01701	W0016393	108	2025-02-13T11:32:00Z
S01701	W0016394	1185	2025-02-19T04:57:00Z
S01701	W0016395	1581	2025-02-18T05:58:00Z
S01701	W0016396	280	2025-02-05T00:39:00Z
S01701	W0016397	1447	2025-02-06T07:49:00Z
S01701	W0016398	629	2025-02-24T04:37:00Z
S01701	W0016399	1121	2025-02-13T13:25:00Z
S01701	W0016400	834	2025-02-27T12:18:00Z
S01701	W0016401	1716	2025-02-15T13:28:00Z
S01701	W0016402	1655	2025-02-09T20:33:00Z
S01701	W0016403	583	2025-02-14T06:45:00Z
S01701	W0016404	1670	2025-02-28T22:45:00Z
S01701	W0016405	825	2025-02-04T14:17:00Z
S01701	W0016406	277	2025-02-14T14:34:00Z
S01701	W0016407	1616	2025-02-04T00:13:00Z
S01701	W0016408	1439	2025-02-19T21:59:00Z
S01701	W0016409	1525	2025-02-04T11:42:00Z
S01701	W0016410	261	2025-02-19T12:33:00Z
S01701	W0016411	144	2025-02-11T21:27:00Z
S00101	W0016412	949	2025-02-17T14:19:00Z
S00101	W0016413	977	2025-02-24T02:45:00Z
S00101	W0016414	1192	2025-02-08T12:27:00Z
S00101	W0016415	590	2025-02-24T22:04:00Z
S00101	W0016416	52	2025-02-26T04:48:00Z
S00101	W0016417	855	2025-02-24T09:46:00Z
S00101	W0016418	29	2025-02-06T04:41:00Z
S00101	W0016419	1754	2025-02-02T06:46:00Z
S00101	W0016420	1012	2025-02-11T12:25:00Z
S00101	W0016421	1625	2025-02-13T16:18:00Z
S00101	W0016422	775	2025-02-14T18:48:00Z
S00101	W0016423	131	2025-02-26T02:30:00Z
S00101	W0016424	641	2025-02-27T22:36:00Z
S00101	W0016425	258	2025-02-11T00:04:00Z
S00101	W0016426	389	2025-02-28T10:12:00Z
S00101	W0016427	1095	2025-02-18T05:12:00Z
S00101	W0016428	275	2025-02-16T07:50:00Z
S00101	W0016429	1611	2025-02-16T02:59:00Z
S00101	W0016430	1564	2025-02-15T10:56:00Z
S00101	W0016431	679	2025-02-09T23:27:00Z
S00101	W0016432	1299	2025-02-24T05:27:00Z
S00101	W0016433	1365	2025-02-01T16:07:00Z
S00101	W0016434	1717	2025-02-01T16:55:00Z
S00101	W0016435	1703	2025-02-14T09:59:00Z
S00101	W0016436	1787	2025-02-25T08:36:00Z
S00101	W0016437	499	2025-02-15T08:30:00Z
S00101	W0016438	498	2025-02-20T06:10:00Z
S00101	W0016439	660	2025-02-28T17:31:00Z
S00101	W0016440	275	2025-02-02T23:05:00Z
S01749	W0016441	984	2025-02-01T11:11:00Z
S01749	W0016442	1614	2025-02-15T00:38:00Z
S01749	W0016443	839	2025-02-24T10:42:00Z
S01749	W0016444	1274	2025-02-08T16:56:00Z
S00891	W0016445	1726	2025-02-14T04:47:00Z
S00891	W0016446	388	2025-02-18T07:32:00Z
S00891	W0016447	1417	2025-02-17T09:11:00Z
S00891	W0016448	27	2025-02-09T04:38:00Z
S00891	W0016449	251	2025-02-21T00:54:00Z
S00891	W0016450	1161	2025-02-19T01:31:00Z
S00891	W0016451	778	2025-02-21T05:18:00Z
S00891	W0016452	764	2025-02-24T04:40:00Z
S00891	W0016453	1435	2025-02-27T11:34:00Z
S00891	W0016454	390	2025-02-22T20:03:00Z
S00891	W0016455	821	2025-02-10T22:09:00Z
S00891	W0016456	969	2025-02-23T07:47:00Z
S00891	W0016457	205	2025-02-12T15:57:00Z
S00891	W0016458	1470	2025-02-16T01:38:00Z
S00891	W0016459	919	2025-02-21T01:01:00Z
S00684	W0016460	192	2025-02-08T13:41:00Z
S00684	W0016461	1729	2025-02-20T19:59:00Z
S00684	W0016462	407	2025-02-15T02:28:00Z
S00684	W0016463	482	2025-02-15T00:45:00Z
S00684	W0016464	758	2025-02-27T00:31:00Z
S00684	W0016465	1112	2025-02-06T12:13:00Z
S00684	W0016466	1677	2025-02-15T03:14:00Z
S00684	W0016467	1162	2025-02-23T07:15:00Z
S00684	W0016468	1715	2025-02-26T15:49:00Z
S00684	W0016469	1210	2025-02-04T07:26:00Z
S00684	W0016470	1694	2025-02-16T00:57:00Z
S00684	W0016471	733	2025-02-25T14:19:00Z
S00684	W0016472	868	2025-02-12T13:42:00Z
S00684	W0016473	502	2025-02-04T10:44:00Z
S00684	W0016474	1133	2025-02-18T21:07:00Z
S01447	W0016475	880	2025-02-21T14:09:00Z
S01447	W0016476	902	2025-02-23T11:38:00Z
S01447	W0016477	1281	2025-02-23T05:52:00Z
S01447	W0016478	724	2025-02-06T05:50:00Z
S01447	W0016479	230	2025-02-18T07:14:00Z
S01447	W0016480	914	2025-02-11T19:54:00Z
S01447	W0016481	882	2025-02-13T13:49:00Z
S01447	W0016482	1729	2025-02-23T17:05:00Z
S01447	W0016483	617	2025-02-22T12:53:00Z
S01447	W0016484	1644	2025-02-07T12:16:00Z
S01447	W0016485	798	2025-02-06T01:48:00Z
S01447	W0016486	581	2025-02-28T09:34:00Z
S01447	W0016487	1527	2025-02-17T08:30:00Z
S01447	W0016488	970	2025-02-01T16:21:00Z
S01447	W0016489	1232	2025-02-22T09:47:00Z
S01447	W0016490	1250	2025-02-14T04:09:00Z
S01447	W0016491	641	2025-02-07T21:16:00Z
S01447	W0016492	1060	2025-02-26T03:52:00Z
S01447	W0016493	1093	2025-02-10T16:07:00Z
S01447	W0016494	748	2025-02-04T22:30:00Z
S01447	W0016495	816	2025-02-11T23:45:00Z
S01447	W0016496	1471	2025-02-02T15:10:00Z
S01447	W0016497	1194	2025-02-04T04:10:00Z
S01447	W0016498	1666	2025-02-09T17:07:00Z
S01447	W0016499	877	2025-02-12T13:13:00Z
S01447	W0016500	205	2025-02-02T15:11:00Z
S01447	W0016501	1176	2025-02-02T06:22:00Z
S01447	W0016502	1320	2025-02-05T12:17:00Z
S01447	W0016503	629	2025-02-13T13:46:00Z
S01925	W0016504	1751	2025-02-16T12:17:00Z
S01925	W0016505	1368	2025-02-23T13:43:00Z
S01925	W0016506	1590	2025-02-10T21:26:00Z
S01925	W0016507	1442	2025-02-01T21:07:00Z
S01925	W0016508	1401	2025-02-22T05:59:00Z
S01925	W0016509	1322	2025-02-04T16:23:00Z
S01925	W0016510	1779	2025-02-11T06:18:00Z
S01925	W0016511	69	2025-02-15T06:44:00Z
S01925	W0016512	402	2025-02-17T04:35:00Z
S01925	W0016513	528	2025-02-07T07:19:00Z
S01925	W0016514	955	2025-02-27T12:50:00Z
S01925	W0016515	1182	2025-02-28T01:08:00Z
S01925	W0016516	120	2025-02-06T12:30:00Z
S01925	W0016517	1666	2025-02-28T17:30:00Z
S01925	W0016518	292	2025-02-19T01:51:00Z
S01925	W0016519	1463	2025-02-04T11:34:00Z
S01925	W0016520	1212	2025-02-10T13:02:00Z
S01925	W0016521	601	2025-02-12T15:29:00Z
S01925	W0016522	354	2025-02-02T01:09:00Z
S01925	W0016523	1604	2025-02-07T09:42:00Z
S01925	W0016524	479	2025-02-22T19:07:00Z
S01925	W0016525	388	2025-02-19T10:01:00Z
S01925	W0016526	1152	2025-02-13T08:00:00Z
S01925	W0016527	301	2025-02-14T10:24:00Z
S01925	W0016528	148	2025-02-02T17:08:00Z
S01529	W0016529	1612	2025-02-15T23:53:00Z
S01529	W0016530	1778	2025-02-15T09:06:00Z
S01529	W0016531	336	2025-02-23T14:44:00Z
S01529	W0016532	227	2025-02-12T12:08:00Z
S01529	W0016533	422	2025-02-16T10:42:00Z
S01529	W0016534	214	2025-02-14T14:16:00Z
S01529	W0016535	21	2025-02-03T04:31:00Z
S01529	W0016536	1590	2025-02-24T07:14:00Z
S01529	W0016537	1733	2025-02-08T07:03:00Z
S01529	W0016538	1691	2025-02-25T13:34:00Z
S01529	W0016539	1671	2025-02-10T07:16:00Z
S01529	W0016540	1778	2025-02-21T18:00:00Z
S01529	W0016541	216	2025-02-04T02:22:00Z
S01529	W0016542	1719	2025-02-20T17:59:00Z
S01529	W0016543	739	2025-02-12T22:04:00Z
S01529	W0016544	569	2025-02-28T04:30:00Z
S01529	W0016545	301	2025-02-16T08:31:00Z
S01529	W0016546	397	2025-02-21T11:29:00Z
S01529	W0016547	662	2025-02-18T11:46:00Z
S01529	W0016548	788	2025-02-09T16:59:00Z
S01529	W0016549	61	2025-02-24T00:51:00Z
S01529	W0016550	199	2025-02-09T06:20:00Z
S01529	W0016551	581	2025-02-18T20:31:00Z
S01529	W0016552	149	2025-02-06T19:23:00Z
S01529	W0016553	692	2025-02-26T18:57:00Z
S01529	W0016554	1722	2025-02-15T16:11:00Z
S01529	W0016555	1700	2025-02-19T22:38:00Z
S01773	W0016556	490	2025-02-03T20:18:00Z
S01773	W0016557	1659	2025-02-05T05:18:00Z
S01773	W0016558	206	2025-02-02T04:43:00Z
S01773	W0016559	1139	2025-02-13T15:43:00Z
S01773	W0016560	1705	2025-02-21T12:58:00Z
S01773	W0016561	291	2025-02-26T06:33:00Z
S01773	W0016562	772	2025-02-24T05:25:00Z
S01773	W0016563	1046	2025-02-03T21:23:00Z
S01773	W0016564	669	2025-02-12T05:41:00Z
S01773	W0016565	1496	2025-02-04T07:03:00Z
S01773	W0016566	629	2025-02-21T16:31:00Z
S01773	W0016567	1658	2025-02-22T01:48:00Z
S01773	W0016568	757	2025-02-07T00:13:00Z
S01773	W0016569	1232	2025-02-07T18:13:00Z
S01773	W0016570	632	2025-02-18T20:47:00Z
S01773	W0016571	1337	2025-02-11T12:11:00Z
S01773	W0016572	1079	2025-02-21T00:30:00Z
S01773	W0016573	1373	2025-02-26T23:22:00Z
S01773	W0016574	1154	2025-02-19T23:22:00Z
S01773	W0016575	1105	2025-02-25T10:49:00Z
S01773	W0016576	1581	2025-02-22T15:30:00Z
S01773	W0016577	1774	2025-02-25T23:40:00Z
S01773	W0016578	1417	2025-02-23T16:59:00Z
S01773	W0016579	597	2025-02-10T19:13:00Z
S00418	W0016580	1428	2025-02-22T02:32:00Z
S00418	W0016581	38	2025-02-07T01:37:00Z
S00418	W0016582	938	2025-02-24T09:56:00Z
S00418	W0016583	1576	2025-02-07T09:05:00Z
S00418	W0016584	1467	2025-02-06T12:39:00Z
S00815	W0016585	1120	2025-02-19T18:19:00Z
S00815	W0016586	27	2025-02-20T09:18:00Z
S00815	W0016587	550	2025-02-20T21:29:00Z
S00815	W0016588	635	2025-02-18T03:07:00Z
S00815	W0016589	1389	2025-02-28T09:41:00Z
S00815	W0016590	447	2025-02-11T00:13:00Z
S00815	W0016591	844	2025-02-13T17:47:00Z
S00815	W0016592	985	2025-02-17T00:37:00Z
S00815	W0016593	1558	2025-02-21T03:31:00Z
S00815	W0016594	1645	2025-02-21T00:49:00Z
S00815	W0016595	788	2025-02-22T01:23:00Z
S00815	W0016596	967	2025-02-22T02:51:00Z
S00815	W0016597	813	2025-02-16T09:30:00Z
S00815	W0016598	404	2025-02-16T10:40:00Z
S00815	W0016599	255	2025-02-17T07:59:00Z
S00815	W0016600	1695	2025-02-05T03:30:00Z
S00815	W0016601	226	2025-02-24T21:18:00Z
S00815	W0016602	77	2025-02-02T15:18:00Z
S00258	W0016603	1523	2025-02-17T02:45:00Z
S00258	W0016604	1235	2025-02-22T03:40:00Z
S00258	W0016605	807	2025-02-18T14:51:00Z
S00258	W0016606	439	2025-02-07T09:41:00Z
S00258	W0016607	410	2025-02-21T02:03:00Z
S00258	W0016608	62	2025-02-18T08:00:00Z
S00258	W0016609	1468	2025-02-20T11:34:00Z
S00258	W0016610	1378	2025-02-27T05:23:00Z
S00258	W0016611	1371	2025-02-28T06:48:00Z
S00258	W0016612	409	2025-02-07T22:32:00Z
S00258	W0016613	1134	2025-02-16T02:36:00Z
S00258	W0016614	880	2025-02-21T07:15:00Z
S00258	W0016615	1048	2025-02-23T17:15:00Z
S00258	W0016616	1304	2025-02-21T02:56:00Z
S00258	W0016617	1761	2025-02-12T00:34:00Z
S00258	W0016618	365	2025-02-09T00:12:00Z
S00258	W0016619	1562	2025-02-18T19:57:00Z
S00258	W0016620	641	2025-02-01T16:32:00Z
S00258	W0016621	680	2025-02-14T05:32:00Z
S00258	W0016622	385	2025-02-24T02:34:00Z
S00824	W0016623	434	2025-02-24T05:31:00Z
S00824	W0016624	1633	2025-02-06T10:41:00Z
S00824	W0016625	993	2025-02-19T11:40:00Z
S00824	W0016626	941	2025-02-22T22:35:00Z
S00824	W0016627	206	2025-02-20T20:57:00Z
S00824	W0016628	1285	2025-02-05T02:00:00Z
S00824	W0016629	235	2025-02-02T11:26:00Z
S00824	W0016630	951	2025-02-17T01:20:00Z
S00824	W0016631	260	2025-02-02T14:12:00Z
S00824	W0016632	1672	2025-02-18T12:16:00Z
S00824	W0016633	1625	2025-02-23T20:48:00Z
S00824	W0016634	140	2025-02-20T13:27:00Z
S00824	W0016635	1635	2025-02-25T06:10:00Z
S00824	W0016636	1772	2025-02-27T11:01:00Z
S00824	W0016637	1498	2025-02-23T20:59:00Z
S00824	W0016638	465	2025-02-25T08:38:00Z
S00824	W0016639	687	2025-02-05T17:35:00Z
S00824	W0016640	271	2025-02-03T07:16:00Z
S00824	W0016641	370	2025-02-02T10:39:00Z
S00824	W0016642	1273	2025-02-18T02:49:00Z
S00824	W0016643	867	2025-02-02T01:14:00Z
S00824	W0016644	77	2025-02-04T11:05:00Z
S00824	W0016645	1274	2025-02-03T12:58:00Z
S00342	W0016646	1440	2025-02-20T06:39:00Z
S00342	W0016647	25	2025-02-21T15:30:00Z
S00342	W0016648	987	2025-02-21T00:32:00Z
S00342	W0016649	397	2025-02-05T17:45:00Z
S00342	W0016650	1444	2025-02-13T02:18:00Z
S00342	W0016651	1764	2025-02-11T05:32:00Z
S00342	W0016652	657	2025-02-16T00:38:00Z
S00342	W0016653	1475	2025-02-13T15:54:00Z
S00342	W0016654	1229	2025-02-17T08:56:00Z
S00342	W0016655	1113	2025-02-03T02:55:00Z
S00342	W0016656	40	2025-02-20T19:48:00Z
S00342	W0016657	905	2025-02-21T11:02:00Z
S00342	W0016658	1691	2025-02-28T07:28:00Z
S00255	W0016659	900	2025-02-21T17:30:00Z
S00255	W0016660	1049	2025-02-07T02:03:00Z
S00255	W0016661	1054	2025-02-22T12:53:00Z
S00255	W0016662	1240	2025-02-27T14:37:00Z
S00255	W0016663	230	2025-02-23T19:22:00Z
S01557	W0016664	527	2025-02-06T21:41:00Z
S01557	W0016665	1744	2025-02-08T23:44:00Z
S01557	W0016666	660	2025-02-02T06:06:00Z
S01557	W0016667	304	2025-02-21T05:42:00Z
S01557	W0016668	89	2025-02-14T03:55:00Z
S01557	W0016669	287	2025-02-13T11:56:00Z
S01557	W0016670	1567	2025-02-12T06:48:00Z
S01557	W0016671	55	2025-02-03T23:42:00Z
S01557	W0016672	1693	2025-02-28T12:51:00Z
S01557	W0016673	723	2025-02-16T22:54:00Z
S01557	W0016674	1251	2025-02-04T00:22:00Z
S01557	W0016675	663	2025-02-27T22:53:00Z
S00786	W0016676	1107	2025-02-14T00:49:00Z
S00786	W0016677	78	2025-02-17T00:48:00Z
S00786	W0016678	403	2025-02-22T01:29:00Z
S00786	W0016679	116	2025-02-02T15:06:00Z
S00786	W0016680	1183	2025-02-21T01:46:00Z
S00786	W0016681	1432	2025-02-19T08:05:00Z
S00786	W0016682	1774	2025-02-07T05:37:00Z
S00896	W0016683	136	2025-02-15T00:07:00Z
S00896	W0016684	299	2025-02-28T11:10:00Z
S00896	W0016685	652	2025-02-21T17:24:00Z
S00896	W0016686	539	2025-02-26T03:17:00Z
S00896	W0016687	607	2025-02-07T09:00:00Z
S00896	W0016688	864	2025-02-22T00:42:00Z
S00896	W0016689	581	2025-02-17T01:33:00Z
S00896	W0016690	1119	2025-02-02T15:37:00Z
S00896	W0016691	1606	2025-02-25T02:30:00Z
S00896	W0016692	559	2025-02-03T07:21:00Z
S00896	W0016693	435	2025-02-01T19:17:00Z
S00896	W0016694	1086	2025-02-01T03:02:00Z
S00896	W0016695	1606	2025-02-15T11:17:00Z
S00896	W0016696	235	2025-02-21T09:07:00Z
S00896	W0016697	87	2025-02-02T12:26:00Z
S00896	W0016698	1663	2025-02-04T03:10:00Z
S00896	W0016699	341	2025-02-07T08:38:00Z
S00896	W0016700	1301	2025-02-20T12:57:00Z
S00896	W0016701	1411	2025-02-06T13:45:00Z
S00896	W0016702	1673	2025-02-15T05:58:00Z
S00896	W0016703	847	2025-02-20T21:48:00Z
S00896	W0016704	815	2025-02-15T02:45:00Z
S00896	W0016705	199	2025-02-17T07:15:00Z
S00896	W0016706	650	2025-02-09T00:13:00Z
S00896	W0016707	1014	2025-02-10T15:04:00Z
S01885	W0016708	1733	2025-02-13T02:09:00Z
S01885	W0016709	1109	2025-02-17T02:33:00Z
S01885	W0016710	516	2025-02-21T14:21:00Z
S01885	W0016711	347	2025-02-13T16:34:00Z
S01885	W0016712	1104	2025-02-11T02:47:00Z
S00791	W0016713	429	2025-02-28T19:08:00Z
S00791	W0016714	979	2025-02-14T14:55:00Z
S00791	W0016715	1677	2025-02-02T10:07:00Z
S00791	W0016716	643	2025-02-11T13:13:00Z
S00791	W0016717	473	2025-02-18T03:52:00Z
S00791	W0016718	1758	2025-02-09T00:00:00Z
S00791	W0016719	640	2025-02-09T22:36:00Z
S00791	W0016720	554	2025-02-20T10:00:00Z
S00791	W0016721	1467	2025-02-18T19:58:00Z
S00791	W0016722	488	2025-02-12T13:40:00Z
S00791	W0016723	892	2025-02-26T21:02:00Z
S00791	W0016724	44	2025-02-17T19:25:00Z
S00791	W0016725	1466	2025-02-23T16:40:00Z
S00791	W0016726	557	2025-02-16T11:06:00Z
S00791	W0016727	1613	2025-02-14T20:05:00Z
S00791	W0016728	1583	2025-02-16T04:10:00Z
S00791	W0016729	513	2025-02-16T01:03:00Z
S00791	W0016730	811	2025-02-17T14:02:00Z
S00791	W0016731	1488	2025-02-11T09:52:00Z
S00791	W0016732	1375	2025-02-12T09:37:00Z
S00791	W0016733	1256	2025-02-25T20:31:00Z
S00791	W0016734	1149	2025-02-21T13:02:00Z
S00791	W0016735	1610	2025-02-13T04:37:00Z
S00791	W0016736	1191	2025-02-24T21:21:00Z
S00791	W0016737	906	2025-02-23T14:51:00Z
S00485	W0016738	1727	2025-02-08T15:26:00Z
S00485	W0016739	1074	2025-02-22T13:30:00Z
S00485	W0016740	1687	2025-02-14T01:15:00Z
S00485	W0016741	468	2025-02-08T15:22:00Z
S00485	W0016742	489	2025-02-22T05:01:00Z
S00485	W0016743	1601	2025-02-03T02:44:00Z
S00485	W0016744	914	2025-02-12T05:02:00Z
S00485	W0016745	1573	2025-02-19T22:39:00Z
S00485	W0016746	836	2025-02-23T12:21:00Z
S00485	W0016747	1380	2025-02-17T15:05:00Z
S00485	W0016748	784	2025-02-19T21:24:00Z
S00485	W0016749	656	2025-02-17T09:16:00Z
S00485	W0016750	43	2025-02-24T12:44:00Z
S00485	W0016751	697	2025-02-03T23:48:00Z
S00787	W0016752	799	2025-02-23T03:04:00Z
S00787	W0016753	1075	2025-02-09T16:36:00Z
S00787	W0016754	1340	2025-02-12T19:13:00Z
S00787	W0016755	526	2025-02-10T03:43:00Z
S00787	W0016756	1487	2025-02-03T19:41:00Z
S00787	W0016757	1178	2025-02-10T00:33:00Z
S00787	W0016758	1403	2025-02-04T14:51:00Z
S00787	W0016759	573	2025-02-26T17:46:00Z
S00787	W0016760	1655	2025-02-13T05:11:00Z
S00787	W0016761	429	2025-02-28T13:36:00Z
S00787	W0016762	1389	2025-02-25T20:58:00Z
S00787	W0016763	1217	2025-02-06T17:56:00Z
S00787	W0016764	505	2025-02-09T06:21:00Z
S00787	W0016765	1342	2025-02-10T10:11:00Z
S00787	W0016766	1261	2025-02-12T02:53:00Z
S00787	W0016767	962	2025-02-28T08:56:00Z
S00787	W0016768	574	2025-02-18T10:38:00Z
S00787	W0016769	715	2025-02-27T07:42:00Z
S01540	W0016770	747	2025-02-10T21:46:00Z
S01540	W0016771	1144	2025-02-10T18:55:00Z
S01540	W0016772	586	2025-02-09T03:36:00Z
S01540	W0016773	797	2025-02-14T00:16:00Z
S01540	W0016774	702	2025-02-03T18:28:00Z
S01540	W0016775	983	2025-02-20T22:20:00Z
S01540	W0016776	1633	2025-02-19T20:03:00Z
S01540	W0016777	586	2025-02-18T17:53:00Z
S01540	W0016778	607	2025-02-12T22:23:00Z
S01540	W0016779	1473	2025-02-26T08:20:00Z
S01540	W0016780	464	2025-02-26T15:31:00Z
S01540	W0016781	32	2025-02-04T23:19:00Z
S01540	W0016782	1089	2025-02-24T21:12:00Z
S01128	W0016783	302	2025-02-12T11:56:00Z
S01128	W0016784	792	2025-02-02T21:46:00Z
S01128	W0016785	1509	2025-02-20T01:38:00Z
S01128	W0016786	779	2025-02-09T22:24:00Z
S01128	W0016787	1281	2025-02-05T21:51:00Z
S01128	W0016788	89	2025-02-21T03:54:00Z
S01128	W0016789	984	2025-02-26T18:55:00Z
S01128	W0016790	1137	2025-02-22T03:08:00Z
S01128	W0016791	1350	2025-02-22T17:01:00Z
S01128	W0016792	385	2025-02-17T23:49:00Z
S01128	W0016793	644	2025-02-19T21:39:00Z
S01128	W0016794	846	2025-02-14T21:39:00Z
S01128	W0016795	1539	2025-02-17T17:56:00Z
S01128	W0016796	925	2025-02-03T02:16:00Z
S01128	W0016797	424	2025-02-27T12:14:00Z
S01128	W0016798	226	2025-02-08T08:43:00Z
S01128	W0016799	1222	2025-02-14T12:57:00Z
S01128	W0016800	1558	2025-02-25T11:34:00Z
S01128	W0016801	1413	2025-02-01T05:16:00Z
S01128	W0016802	131	2025-02-18T07:53:00Z
S01128	W0016803	577	2025-02-08T02:00:00Z
S01128	W0016804	1733	2025-02-12T10:58:00Z
S01128	W0016805	1050	2025-02-17T00:18:00Z
S01128	W0016806	1326	2025-02-02T14:46:00Z
S01128	W0016807	342	2025-02-07T08:22:00Z
S01128	W0016808	1514	2025-02-16T06:21:00Z
S01128	W0016809	554	2025-02-01T03:18:00Z
S01128	W0016810	1007	2025-02-14T15:45:00Z
S01128	W0016811	1095	2025-02-17T02:24:00Z
S01128	W0016812	1068	2025-02-17T10:01:00Z
S00659	W0016813	279	2025-02-24T15:47:00Z
S00659	W0016814	1159	2025-02-14T12:32:00Z
S00659	W0016815	925	2025-02-13T22:21:00Z
S00659	W0016816	900	2025-02-06T07:31:00Z
S00659	W0016817	533	2025-02-05T17:53:00Z
S00659	W0016818	179	2025-02-15T07:59:00Z
S00659	W0016819	544	2025-02-19T13:15:00Z
S00659	W0016820	1537	2025-02-05T08:11:00Z
S00659	W0016821	788	2025-02-15T15:28:00Z
S00659	W0016822	534	2025-02-28T04:23:00Z
S00659	W0016823	596	2025-02-25T14:50:00Z
S00659	W0016824	334	2025-02-15T05:41:00Z
S00659	W0016825	1491	2025-02-26T16:01:00Z
S00659	W0016826	1732	2025-02-14T04:47:00Z
S00659	W0016827	913	2025-02-19T14:28:00Z
S00659	W0016828	1617	2025-02-13T00:59:00Z
S00659	W0016829	1071	2025-02-17T15:02:00Z
S00659	W0016830	1702	2025-02-12T02:10:00Z
S00659	W0016831	1060	2025-02-14T15:15:00Z
S00659	W0016832	1440	2025-02-26T11:28:00Z
S00659	W0016833	1242	2025-02-13T11:08:00Z
S01698	W0016834	290	2025-02-04T05:08:00Z
S01698	W0016835	197	2025-02-15T09:05:00Z
S01698	W0016836	1727	2025-02-08T18:10:00Z
S01698	W0016837	559	2025-02-21T00:19:00Z
S01698	W0016838	1415	2025-02-13T17:54:00Z
S01698	W0016839	528	2025-02-23T02:09:00Z
S01698	W0016840	207	2025-02-16T00:14:00Z
S01698	W0016841	854	2025-02-02T21:45:00Z
S01698	W0016842	1676	2025-02-18T06:03:00Z
S01698	W0016843	1090	2025-02-05T11:17:00Z
S01698	W0016844	1708	2025-02-27T00:29:00Z
S01698	W0016845	97	2025-02-13T08:25:00Z
S01698	W0016846	1784	2025-02-14T18:39:00Z
S01698	W0016847	932	2025-02-25T17:20:00Z
S01698	W0016848	422	2025-02-18T12:43:00Z
S01698	W0016849	1415	2025-02-16T23:09:00Z
S01698	W0016850	1086	2025-02-28T17:07:00Z
S01698	W0016851	914	2025-02-03T06:13:00Z
S01698	W0016852	188	2025-02-25T13:47:00Z
S01698	W0016853	719	2025-02-01T16:31:00Z
S01698	W0016854	1672	2025-02-20T15:08:00Z
S01698	W0016855	1682	2025-02-04T20:47:00Z
S01698	W0016856	473	2025-02-24T06:42:00Z
S01623	W0016857	339	2025-02-09T03:28:00Z
S01623	W0016858	26	2025-02-06T20:10:00Z
S01623	W0016859	1192	2025-02-02T08:18:00Z
S01623	W0016860	1284	2025-02-07T07:29:00Z
S01623	W0016861	417	2025-02-08T07:13:00Z
S01623	W0016862	1697	2025-02-03T01:49:00Z
S01623	W0016863	595	2025-02-14T14:47:00Z
S01623	W0016864	1423	2025-02-09T10:31:00Z
S01623	W0016865	1070	2025-02-04T16:14:00Z
S01623	W0016866	334	2025-02-09T05:08:00Z
S01623	W0016867	1292	2025-02-15T20:23:00Z
S01623	W0016868	20	2025-02-03T04:43:00Z
S01623	W0016869	1091	2025-02-06T18:31:00Z
S00168	W0016870	1572	2025-02-23T22:53:00Z
S00168	W0016871	1592	2025-02-04T04:03:00Z
S00168	W0016872	1311	2025-02-12T08:06:00Z
S00168	W0016873	903	2025-02-20T16:16:00Z
S00168	W0016874	216	2025-02-20T22:00:00Z
S00168	W0016875	527	2025-02-28T21:05:00Z
S00168	W0016876	68	2025-02-28T10:02:00Z
S00168	W0016877	1110	2025-02-17T00:48:00Z
S00168	W0016878	79	2025-02-26T15:28:00Z
S00168	W0016879	1338	2025-02-28T07:37:00Z
S00168	W0016880	1490	2025-02-18T05:59:00Z
S00168	W0016881	1071	2025-02-20T09:36:00Z
S00168	W0016882	1021	2025-02-03T21:26:00Z
S00168	W0016883	1780	2025-02-27T05:47:00Z
S00168	W0016884	482	2025-02-01T09:48:00Z
S00168	W0016885	206	2025-02-09T18:47:00Z
S01394	W0016886	1603	2025-02-28T05:29:00Z
S01394	W0016887	651	2025-02-01T08:01:00Z
S01394	W0016888	1326	2025-02-12T18:12:00Z
S01394	W0016889	1726	2025-02-07T18:47:00Z
S01394	W0016890	1065	2025-02-13T16:04:00Z
S01394	W0016891	1782	2025-02-22T00:44:00Z
S01394	W0016892	701	2025-02-15T03:31:00Z
S01394	W0016893	1091	2025-02-23T05:24:00Z
S01394	W0016894	1109	2025-02-19T23:07:00Z
S01394	W0016895	1624	2025-02-07T17:11:00Z
S01394	W0016896	900	2025-02-28T01:01:00Z
S01394	W0016897	1609	2025-02-15T23:58:00Z
S01394	W0016898	1789	2025-02-02T21:23:00Z
S01394	W0016899	269	2025-02-24T13:44:00Z
S01394	W0016900	641	2025-02-27T16:02:00Z
S01394	W0016901	1435	2025-02-24T18:12:00Z
S01394	W0016902	1337	2025-02-24T01:17:00Z
S01394	W0016903	535	2025-02-10T17:09:00Z
S01394	W0016904	1735	2025-02-18T08:29:00Z
S01394	W0016905	165	2025-02-04T07:10:00Z
S01394	W0016906	181	2025-02-26T07:05:00Z
S01394	W0016907	599	2025-02-04T06:03:00Z
S01394	W0016908	1439	2025-02-04T10:48:00Z
S01394	W0016909	404	2025-02-23T07:20:00Z
S01394	W0016910	806	2025-02-10T23:37:00Z
S01394	W0016911	254	2025-02-26T09:33:00Z
S01394	W0016912	558	2025-02-05T07:33:00Z
S01394	W0016913	601	2025-02-01T21:27:00Z
S01394	W0016914	796	2025-02-01T14:55:00Z
S01394	W0016915	1161	2025-02-19T16:10:00Z
S01282	W0016916	503	2025-02-27T12:39:00Z
S01282	W0016917	596	2025-02-14T05:36:00Z
S01282	W0016918	447	2025-02-15T01:30:00Z
S01282	W0016919	272	2025-02-04T22:11:00Z
S01282	W0016920	1287	2025-02-18T16:43:00Z
S01282	W0016921	1364	2025-02-15T02:51:00Z
S01282	W0016922	773	2025-02-15T07:02:00Z
S01282	W0016923	1081	2025-02-11T12:02:00Z
S01282	W0016924	1601	2025-02-02T21:26:00Z
S01282	W0016925	1087	2025-02-15T18:52:00Z
S01282	W0016926	1058	2025-02-22T11:20:00Z
S01282	W0016927	1756	2025-02-21T02:45:00Z
S01282	W0016928	1609	2025-02-17T06:03:00Z
S01282	W0016929	796	2025-02-05T07:02:00Z
S01282	W0016930	1059	2025-02-05T22:29:00Z
S01282	W0016931	1435	2025-02-26T19:43:00Z
S01282	W0016932	1721	2025-02-16T17:42:00Z
S01282	W0016933	1747	2025-02-03T04:28:00Z
S01282	W0016934	777	2025-02-23T04:07:00Z
S01282	W0016935	607	2025-02-04T21:28:00Z
S01282	W0016936	601	2025-02-26T20:31:00Z
S01282	W0016937	626	2025-02-07T22:06:00Z
S01282	W0016938	1461	2025-02-15T16:08:00Z
S01282	W0016939	548	2025-02-25T06:51:00Z
S01282	W0016940	393	2025-02-15T14:56:00Z
S01282	W0016941	1006	2025-02-17T05:01:00Z
S01282	W0016942	802	2025-02-26T02:20:00Z
S01282	W0016943	1614	2025-02-08T23:24:00Z
S01282	W0016944	1233	2025-02-02T16:37:00Z
S01486	W0016945	974	2025-02-07T22:52:00Z
S01486	W0016946	801	2025-02-15T16:59:00Z
S01486	W0016947	204	2025-02-13T03:04:00Z
S01486	W0016948	1231	2025-02-26T23:31:00Z
S01486	W0016949	810	2025-02-04T11:29:00Z
S01486	W0016950	1607	2025-02-24T07:51:00Z
S01486	W0016951	372	2025-02-22T18:20:00Z
S01486	W0016952	1126	2025-02-17T10:53:00Z
S01486	W0016953	135	2025-02-03T14:01:00Z
S01486	W0016954	1494	2025-02-01T11:53:00Z
S01486	W0016955	1306	2025-02-22T04:30:00Z
S01486	W0016956	1612	2025-02-27T00:30:00Z
S01486	W0016957	1241	2025-02-09T09:41:00Z
S00728	W0016958	1520	2025-02-17T05:12:00Z
S00728	W0016959	1756	2025-02-08T05:00:00Z
S00728	W0016960	190	2025-02-14T01:51:00Z
S00728	W0016961	1482	2025-02-23T17:37:00Z
S00728	W0016962	37	2025-02-18T11:45:00Z
S00050	W0016963	589	2025-02-04T12:44:00Z
S00050	W0016964	173	2025-02-03T07:18:00Z
S00050	W0016965	1015	2025-02-15T16:43:00Z
S00050	W0016966	605	2025-02-20T22:17:00Z
S00050	W0016967	1668	2025-02-11T04:34:00Z
S00050	W0016968	421	2025-02-16T18:56:00Z
S00050	W0016969	715	2025-02-22T05:00:00Z
S00050	W0016970	1271	2025-02-26T16:33:00Z
S00050	W0016971	516	2025-02-11T11:17:00Z
S00050	W0016972	166	2025-02-07T10:57:00Z
S00028	W0016973	504	2025-02-25T23:52:00Z
S00028	W0016974	95	2025-02-10T16:22:00Z
S00028	W0016975	458	2025-02-27T07:12:00Z
S00028	W0016976	710	2025-02-26T08:55:00Z
S00028	W0016977	783	2025-02-28T04:43:00Z
S00028	W0016978	1117	2025-02-12T07:27:00Z
S00028	W0016979	839	2025-02-12T09:22:00Z
S00028	W0016980	404	2025-02-21T22:55:00Z
S00028	W0016981	1018	2025-02-07T07:29:00Z
S00028	W0016982	1009	2025-02-15T04:05:00Z
S00028	W0016983	1052	2025-02-27T00:44:00Z
S00028	W0016984	236	2025-02-15T05:34:00Z
S00028	W0016985	1398	2025-02-22T17:45:00Z
S00028	W0016986	1507	2025-02-18T15:56:00Z
S00028	W0016987	711	2025-02-15T22:11:00Z
S00028	W0016988	653	2025-02-12T22:17:00Z
S00028	W0016989	1093	2025-02-08T12:32:00Z
S00028	W0016990	1607	2025-02-12T06:44:00Z
S00028	W0016991	594	2025-02-15T15:47:00Z
S00028	W0016992	1708	2025-02-16T22:00:00Z
S00028	W0016993	666	2025-02-14T19:21:00Z
S00028	W0016994	919	2025-02-09T05:50:00Z
S01440	W0016995	1710	2025-02-20T14:11:00Z
S01440	W0016996	474	2025-02-19T22:01:00Z
S01440	W0016997	512	2025-02-27T09:55:00Z
S01440	W0016998	1190	2025-02-22T21:14:00Z
S01440	W0016999	1678	2025-02-09T14:34:00Z
S01440	W0017000	1772	2025-02-07T06:14:00Z
S01440	W0017001	1360	2025-02-02T06:20:00Z
S01440	W0017002	153	2025-02-25T06:01:00Z
S01440	W0017003	1020	2025-02-15T18:25:00Z
S01440	W0017004	839	2025-02-02T18:57:00Z
S01440	W0017005	46	2025-02-25T01:58:00Z
S01440	W0017006	1477	2025-02-05T22:44:00Z
S01440	W0017007	348	2025-02-05T15:07:00Z
S01440	W0017008	898	2025-02-03T16:41:00Z
S01440	W0017009	741	2025-02-11T09:17:00Z
S01440	W0017010	696	2025-02-20T11:51:00Z
S01440	W0017011	52	2025-02-02T23:28:00Z
S01440	W0017012	1309	2025-02-12T15:35:00Z
S00088	W0017013	855	2025-02-24T02:07:00Z
S00088	W0017014	1721	2025-02-16T14:35:00Z
S00088	W0017015	1057	2025-02-09T02:39:00Z
S00088	W0017016	353	2025-02-25T19:37:00Z
S00088	W0017017	300	2025-02-11T22:10:00Z
S01725	W0017018	993	2025-02-05T20:56:00Z
S01725	W0017019	1059	2025-02-27T06:33:00Z
S01725	W0017020	222	2025-02-06T23:19:00Z
S01725	W0017021	1403	2025-02-05T07:57:00Z
S01725	W0017022	169	2025-02-06T04:37:00Z
S01725	W0017023	549	2025-02-04T21:48:00Z
S01725	W0017024	1510	2025-02-11T22:35:00Z
S01725	W0017025	945	2025-02-01T01:16:00Z
S01725	W0017026	551	2025-02-28T21:20:00Z
S01725	W0017027	1215	2025-02-09T03:54:00Z
S01725	W0017028	441	2025-02-15T05:49:00Z
S01725	W0017029	117	2025-02-07T07:17:00Z
S01725	W0017030	464	2025-02-08T18:28:00Z
S01725	W0017031	1419	2025-02-14T13:31:00Z
S01725	W0017032	1636	2025-02-28T19:47:00Z
S01725	W0017033	213	2025-02-04T13:23:00Z
S01725	W0017034	1464	2025-02-14T00:10:00Z
S01725	W0017035	1738	2025-02-06T12:50:00Z
S01725	W0017036	1475	2025-02-17T07:30:00Z
S01235	W0017037	1785	2025-02-16T13:02:00Z
S01235	W0017038	1580	2025-02-06T07:04:00Z
S01235	W0017039	1582	2025-02-01T15:53:00Z
S01235	W0017040	1370	2025-02-22T16:19:00Z
S01235	W0017041	738	2025-02-17T09:32:00Z
S01235	W0017042	226	2025-02-02T06:57:00Z
S01235	W0017043	1764	2025-02-16T06:02:00Z
S01235	W0017044	1535	2025-02-21T17:28:00Z
S01235	W0017045	1359	2025-02-01T17:36:00Z
S01235	W0017046	764	2025-02-23T13:48:00Z
S01235	W0017047	1062	2025-02-19T15:50:00Z
S01235	W0017048	1662	2025-02-28T17:56:00Z
S01235	W0017049	1638	2025-02-21T05:56:00Z
S01512	W0017050	1182	2025-02-18T06:57:00Z
S01512	W0017051	149	2025-02-17T07:36:00Z
S01512	W0017052	80	2025-02-25T06:10:00Z
S01512	W0017053	417	2025-02-21T07:06:00Z
S01512	W0017054	112	2025-02-04T09:34:00Z
S01512	W0017055	1484	2025-02-11T02:47:00Z
S00912	W0017056	628	2025-02-18T04:05:00Z
S00912	W0017057	1795	2025-02-23T22:21:00Z
S00912	W0017058	706	2025-02-10T14:48:00Z
S00912	W0017059	1317	2025-02-26T23:04:00Z
S00912	W0017060	39	2025-02-26T13:04:00Z
S00912	W0017061	1417	2025-02-16T01:39:00Z
S00912	W0017062	567	2025-02-11T15:49:00Z
S00912	W0017063	1493	2025-02-02T10:43:00Z
S00912	W0017064	567	2025-02-05T09:38:00Z
S00912	W0017065	1227	2025-02-07T21:12:00Z
S00912	W0017066	523	2025-02-15T01:49:00Z
S00912	W0017067	198	2025-02-06T00:42:00Z
S00912	W0017068	231	2025-02-28T11:25:00Z
S00912	W0017069	247	2025-02-27T22:11:00Z
S00261	W0017070	408	2025-02-19T09:40:00Z
S00261	W0017071	1736	2025-02-09T04:54:00Z
S00261	W0017072	133	2025-02-27T18:18:00Z
S00261	W0017073	1744	2025-02-24T07:27:00Z
S00261	W0017074	149	2025-02-19T21:04:00Z
S00261	W0017075	933	2025-02-27T21:16:00Z
S00261	W0017076	295	2025-02-01T23:10:00Z
S00261	W0017077	706	2025-02-12T16:06:00Z
S00261	W0017078	1092	2025-02-21T00:33:00Z
S00261	W0017079	1638	2025-02-12T17:08:00Z
S00261	W0017080	958	2025-02-11T00:45:00Z
S00261	W0017081	960	2025-02-18T10:14:00Z
S00261	W0017082	1276	2025-02-20T01:17:00Z
S00261	W0017083	1063	2025-02-18T00:36:00Z
S00261	W0017084	1175	2025-02-22T22:01:00Z
