year,fips,state,county_name,urbanicity,region,division,land_area,total_pop,total_pop_15to64,total_jail_pop,total_prison_pop
1970,6001,CA,Alameda County,  URBAN ,West,Pacific,737.307,1074050,696319,1800,
1971,6001,CA,Alameda County,urban,West,Pacific,737.307,1084476,708356,1786,
1972,6001,CA,Alameda County,urban,West,Pacific,737.307,1099588,725516,1772,
1973,6001,CA,Alameda County,urban,West,Pacific,737.307,1089329,724581,1758,
1974,6001,CA,Alameda County,urban,West,Pacific,737.307,1092235,732867,1744,
1975,6001,CA,Alameda County,urban,West,Pacific,737.307,1090869,737518,1730,
1976,6001,CA,Alameda County,urban,West,Pacific,737.307,1098145,749276,1716,
1976,6001,CA,Alameda County,urban,West,Pacific,737.307,1098145,749276,1716,
1977,6001,CA,Alameda County,urban,West,Pacific,737.307,1099852,755234,1702,
1978,6001,CA,Alameda County,urban,West,Pacific,737.307,1103712,761474,1688,
1978,6001,CA,Alameda County,urban,West,Pacific,737.307,1103712,761474,1688,
1979,6001,CA,Alameda County,urban,West,Pacific,737.307,1099273,761949,1967.8,
1980,6001,CA,Alameda County,urban,West,Pacific,737.307,1108791,771268,2247.6,
1981,6001,CA,Alameda County,urban,West,Pacific,737.307,1125949,784641,2527.4,
1982,6001,CA,Alameda County,urban,West,Pacific,737.307,1140263,794325,2807.2,
1983,6001,CA,Alameda County,urban,West,Pacific,737.307,1160695,807653,3087,1897
1984,6001,CA,Alameda County,urban,West,Pacific,737.307,1179130,820633,2976,2021
1985,6001,CA,Alameda County,urban,West,Pacific,737.307,1197407,833690,2865,2285
1986,6001,CA,Alameda County,urban,West,Pacific,737.307,1215509,846249,2952,2605
1987,6001,CA,Alameda County,urban,West,Pacific,737.307,1229320,854301,2895,3104
1988,6001,CA,Alameda County,urban,West,Pacific,737.307,1251097,868145,3040,3675
1989,6001,CA,Alameda County,urban,West,Pacific,737.307,1271451,880564,3360,3718
1989,6001,CA,Alameda County,urban,West,Pacific,737.307,1271451,880564,3360,3718
1990,6001,CA,Alameda County,urban,West,Pacific,737.307,1306166,893705,3902,3761
1991,6001,CA,Alameda County,urban,West,Pacific,737.307,1318543,896633,3128,3804
1992,6001,CA,Alameda County,urban,West,Pacific,737.307,1332208,905440,3445,3863
1993,6001,CA,Alameda County,urban,West,Pacific,737.307,1339189,905948,3777,3987
1994,6001,CA,Alameda County,urban,West,Pacific,737.307,1341707,904792,3273,4236
1995,6001,CA,Alameda County,urban,West,Pacific,737.307,1346548,906566,4053,4325
1996,6001,CA,Alameda County,urban,West,Pacific,737.307,1359099,914648,4097,4713
1997,6001,CA,Alameda County,urban,West,Pacific,737.307,1380383,935240,4300,4873
1998,6001,CA,Alameda County,urban,West,Pacific,737.307,1405903,960308,4012,5046
1999,6001,CA,Alameda County,urban,West,Pacific,737.307,1427114,980847,4428,5144
2000,6001,CA,Alameda County,urban,West,Pacific,737.307,1449840,1001712,4229,5401
2001,6001,CA,Alameda County,urban,West,Pacific,737.307,1469484,1020661,3856,5210
2002,6001,CA,Alameda County,urban,West,Pacific,737.307,1462106,1017808,3886,5165
2003,6001,CA,Alameda County,urban,West,Pacific,737.307,1454163,1013418,3840,4832
2003,6001,CA,Alameda County,urban,West,Pacific,737.307,1454163,1013418,3840,4832
2004,6001,CA,Alameda County,urban,West,Pacific,737.307,1445721,1009491,4056,4845
2005,6001,CA,Alameda County,urban,West,Pacific,737.307,1441545,1008446,4028,4866
2006,6001,CA,Alameda County,urban,West,Pacific,737.307,1444484,1013204,3982,4878
2007,6001,CA,Alameda County,Urban,West,Pacific,737.307,1455715,1022616,4282,4752
2008,6001,CA,Alameda County,urban,West,Pacific,737.307,1477208,1037557,4371,4910
2009,6001,CA,Alameda County,  URBAN ,West,Pacific,737.307,1498539,1051949,4444,4766
2010,6001,CA,Alameda County,urban,West,Pacific,737.307,1510261,1059247,4305,4600
2011,6001,CA,Alameda County,urban,West,Pacific,737.307,1513402,1061211,3714,4109
2012,6001,CA,Alameda County,urban,West,Pacific,737.307,1532215,1073527,3628,3809
2013,6001,CA,Alameda County,urban,West,Pacific,737.307,1556648,1087374,3277,3888
2013,6001,CA,Alameda County,urban,West,Pacific,737.307,1556648,1087374,3277,3888
2014,6001,CA,Alameda County,Urban,West,Pacific,737.307,1582936,1102981,3380,3824
2015,6001,CA,Alameda County,urban,West,Pacific,737.307,1611572,1120496,2583,3762
2016,6001,CA,Alameda County,urban,West,Pacific,737.307,1637141,1136160,,
1970,6003,CA,Alpine County,rural,West,Pacific,738.34,499,315,0,
1971,6003,CA,Alpine County,rural,West,Pacific,738.34,579,378,0,
1972,6003,CA,Alpine County,  RURAL ,West,Pacific,738.34,701,469,0,
1973,6003,CA,Alpine County,rural,West,Pacific,738.34,679,455,0,
1974,6003,CA,Alpine County,rural,West,Pacific,738.34,739,509,0,
1975,6003,CA,Alpine County,rural,West,Pacific,738.34,786,559,0,
1976,6003,CA,Alpine County, rural,West,Pacific,738.34,825,592,0,
1977,6003,CA,Alpine County,rural,West,Pacific,738.34,894,654,0,
1978,6003,CA,Alpine County,rural,West,Pacific,738.34,989,724,0,
1979,6003,CA,Alpine County,rural,West,Pacific,738.34,1160,868,0,
1980,6003,CA,Alpine County,rural,West,Pacific,738.34,1100,825,0,
1981,6003,CA,Alpine County,rural,West,Pacific,738.34,1132,845,0,
1982,6003,CA,Alpine County,rural,West,Pacific,738.34,1148,852,0,
1983,6003,CA,Alpine County,rural,West,Pacific,738.34,1120,829,0,0
1984,6003,CA,Alpine County,rural,West,Pacific,738.34,1093,801,0,0
1985,6003,CA,Alpine County,rural,West,Pacific,738.34,1157,847,0,0
1986,6003,CA,Alpine County,RURAL,West,Pacific,738.34,1200,874,0,
1987,6003,CA,Alpine County,  RURAL ,West,Pacific,738.34,1143,821,0,
1988,6003,CA,Alpine County,RURAL,West,Pacific,738.34,1163,827,0,0
1989,6003,CA,Alpine County,rural,West,Pacific,738.34,1162,820,0,
1990,6003,CA,Alpine County,rural,West,Pacific,738.34,1106,778,0,
1991,6003,CA,Alpine County,rural,West,Pacific,738.34,1162,832,0,4
1991,6003,CA,Alpine County,rural,West,Pacific,738.34,1162,832,0,4
1992,6003,CA,Alpine County,rural,West,Pacific,738.34,1154,831,0,
1993,6003,CA,Alpine County,rural,West,Pacific,738.34,1196,858,0,
1994,6003,CA,Alpine County,rural,West,Pacific,738.34,1199,869,0,
1995,6003,CA,Alpine County,rural,West,Pacific,738.34,1246,891,0,
1995,6003,CA,Alpine County,rural,West,Pacific,738.34,1246,891,0,
1996,6003,CA,Alpine County,rural  ,West,Pacific,738.34,1262,909,0,
1997,6003,CA,Alpine County,rural,West,Pacific,738.34,1239,899,0,
1998,6003,CA,Alpine County,rural,West,Pacific,738.34,1223,894,0,4
1998,6003,CA,Alpine County,rural,West,Pacific,738.34,1223,894,0,4
1999,6003,CA,Alpine County,rural,West,Pacific,738.34,1205,893,0,
2000,6003,CA,Alpine County,rural,West,Pacific,738.34,1209,879,0,0
2001,6003,CA,Alpine County,rural,West,Pacific,738.34,1196,864,0,4
2002,6003,CA,Alpine County,Rural,West,Pacific,738.34,1237,891,0,
2003,6003,CA,Alpine County,rural,West,Pacific,738.34,1233,878,0,0
2003,6003,CA,Alpine County,rural,West,Pacific,738.34,1233,878,0,0
2004,6003,CA,Alpine County,rural,West,Pacific,738.34,1263,905,0,0
2005,6003,CA,Alpine County,rural,West,Pacific,738.34,1219,864,0,
2006,6003,CA,Alpine County,rural,West,Pacific,738.34,1276,906,0,0
2007,6003,CA,Alpine County,rural,West,Pacific,738.34,1274,898,0,
2008,6003,CA,Alpine County,rural,West,Pacific,738.34,1202,832,0,
2008,6003,CA,Alpine County,rural,West,Pacific,738.34,1202,832,0,
2009,6003,CA,Alpine County,rural,West,Pacific,738.34,1197,829,0,
2010,6003,CA,Alpine County,rural,West,Pacific,738.34,1175,789,0,
2011,6003,CA,Alpine County,RURAL,West,Pacific,738.34,1161,777,0,
2012,6003,CA,Alpine County,rural,West,Pacific,738.34,1093,747,0,
2013,6003,CA,Alpine County,rural,West,Pacific,738.34,1110,719,0,
2014,6003,CA,Alpine County,rural,West,Pacific,738.34,1127,719,0,
2015,6003,CA,Alpine County,rural  ,West,Pacific,738.34,1084,688,0,
2016,6003,CA,Alpine County,  RURAL ,West,Pacific,738.34,1088,692,,
1970,6005,CA,Amador County,rural,West,Pacific,594.572,11970,7633,8,
1971,6005,CA,Amador County,rural,West,Pacific,594.572,12551,7995,8,
1972,6005,CA,Amador County,rural,West,Pacific,594.572,12741,8092,8,
1973,6005,CA,Amador County,rural,West,Pacific,594.572,13525,8626,8,
1974,6005,CA,Amador County,rural,West,Pacific,594.572,14576,9364,8,
1975,6005,CA,Amador County,rural,West,Pacific,594.572,15087,9694,8,
1976,6005,CA,Amador County,rural,West,Pacific,594.572,15264,9770,8,
1977,6005,CA,Amador County,rural,West,Pacific,594.572,16238,10450,8,
1978,6005,CA,Amador County,rural,West,Pacific,594.572,17293,11200,8,
1979,6005,CA,Amador County,rural,West,Pacific,594.572,18585,12135,9,
1980,6005,CA,Amador County,rural,West,Pacific,594.572,19502,12776,10,
1981,6005,CA,Amador County,  RURAL ,West,Pacific,594.572,20206,13295,11,
1982,6005,CA,Amador County,rural,West,Pacific,594.572,20606,13585,12,
1983,6005,CA,Amador County,rural,West,Pacific,594.572,21101,13927,13,38
1983,6005,CA,Amador County,rural,West,Pacific,594.572,21101,13927,13,38
1984,6005,CA,Amador County,  RURAL ,West,Pacific,594.572,21821,14435,17.2,47
1985,6005,CA,Amador County,rural,West,Pacific,594.572,22661,15032,21.4,53
1986,6005,CA,Amador County,rural,West,Pacific,594.572,23375,15525,25.6,56
1987,6005,CA,Amador County,rural,West,Pacific,594.572,24530,16280,29.8,71
1988,6005,CA,Amador County,rural,West,Pacific,594.572,27076,17978,34,81
1989,6005,CA,Amador County,rural,West,Pacific,594.572,28941,19226,35.4,90
1990,6005,CA,Amador County,rural,West,Pacific,594.572,30302,20031,36.8,99
1991,6005,CA,Amador County,rural,West,Pacific,594.572,31741,20956,38.2,108
1991,6005,CA,Amador County,rural,West,Pacific,594.572,31741,20956,38.2,108
1992,6005,CA,Amador County,rural,West,Pacific,594.572,32289,21182,39.6,95
1993,6005,CA,Amador County,rural,West,Pacific,594.572,32803,21410,41,114
1994,6005,CA,Amador County,rural,West,Pacific,594.572,33210,21558,41.5,115
1995,6005,CA,Amador County,rural,West,Pacific,594.572,33549,21723,42,109
1996,6005,CA,Amador County,rural,West,Pacific,594.572,33841,21917,42.5,100
1997,6005,CA,Amador County,rural,West,Pacific,594.572,34107,22285,43,120
1998,6005,CA,Amador County,rural,West,Pacific,594.572,34116,22332,43.5,108
1999,6005,CA,Amador County,rural,West,Pacific,594.572,34903,23081,44,122
2000,6005,CA,Amador County,rural,West,Pacific,594.572,35153,23276,50.83333,129
2001,6005,CA,Amador County,rural,West,Pacific,594.572,35697,23780,57.66667,129
2002,6005,CA,Amador County,rural,West,Pacific,594.572,36561,24465,64.5,147
2003,6005,CA,Amador County,RURAL,West,Pacific,594.572,36994,24772,71.33334,169
2004,6005,CA,Amador County,rural,West,Pacific,594.572,37400,25208,78.16666,175
2005,6005,CA,Amador County,rural,West,Pacific,594.572,38040,25754,85,198
2005,6005,CA,Amador County,rural,West,Pacific,594.572,38040,25754,85,198
2006,6005,CA,Amador County,rural,West,Pacific,594.572,38353,26016,86.125,197
2007,6005,CA,Amador County,rural,West,Pacific,594.572,38756,26203,87.25,205
2007,6005,CA,Amador County,rural,West,Pacific,594.572,38756,26203,87.25,205
2008,6005,CA,Amador County,rural,West,Pacific,594.572,38248,25694,88.375,205
2009,6005,CA,Amador County,rural,West,Pacific,594.572,38238,25531,89.5,212
2009,6005,CA,Amador County,rural,West,Pacific,594.572,38238,25531,89.5,212
2010,6005,CA,Amador County,rural,West,Pacific,594.572,38091,25259,90.625,202
2011,6005,CA,Amador County, rural,West,Pacific,594.572,37884,25033,91.75,159
2012,6005,CA,Amador County,rural,West,Pacific,594.572,37539,24673,92.875,149
2013,6005,CA,Amador County,RURAL,West,Pacific,594.572,37112,23914,94,146
2014,6005,CA,Amador County,rural,West,Pacific,594.572,36635,23193,89,138
2015,6005,CA,Amador County,rural,West,Pacific,594.572,36748,22959,87,111
2016,6005,CA,Amador County,rural,West,Pacific,594.572,37047,22861,,
1970,6007,CA,Butte County,small/mid,West,Pacific,1636.47,102758,63464,76,
1971,6007,CA,Butte County,small/mid,West,Pacific,1636.47,105920,66036,81.625,
1972,6007,CA,Butte County,small/mid  ,West,Pacific,1636.47,112782,71373,87.25,
1972,6007,CA,Butte County,small/mid  ,West,Pacific,1636.47,112782,71373,87.25,
1973,6007,CA,Butte County,small/mid,West,Pacific,1636.47,113230,72186,92.875,
1974,6007,CA,Butte County,small/mid,West,Pacific,1636.47,117302,75436,98.5,
1975,6007,CA,Butte County,small/mid,West,Pacific,1636.47,121630,78839,104.125,
1976,6007,CA,Butte County,small/mid,West,Pacific,1636.47,125384,81924,109.75,
1977,6007,CA,Butte County,small/mid,West,Pacific,1636.47,129473,84842,115.375,
1978,6007,CA,Butte County,small/mid,West,Pacific,1636.47,131801,86331,121,
1979,6007,CA,Butte County,small/mid,West,Pacific,1636.47,138539,91176,139.6,
1980,6007,CA,Butte County,small/mid,West,Pacific,1636.47,144879,95449,158.2,
1980,6007,CA,Butte County,small/mid,West,Pacific,1636.47,144879,95449,158.2,
1981,6007,CA,Butte County,small/mid,West,Pacific,1636.47,148451,97477,176.8,
1982,6007,CA,Butte County,small/mid,West,Pacific,1636.47,151910,99201,195.4,
1983,6007,CA,Butte County,small/mid,West,Pacific,1636.47,154259,100080,214,228
1984,6007,CA,Butte County,small/mid,West,Pacific,1636.47,156786,101216,209,251
1985,6007,CA,Butte County,small/mid,West,Pacific,1636.47,160682,103288,204,294
1986,6007,CA,Butte County,small/mid,West,Pacific,1636.47,163238,104391,244,328
1987,6007,CA,Butte County,small/mid,West,Pacific,1636.47,166968,106022,353,383
1988,6007,CA,Butte County,small/mid,West,Pacific,1636.47,171906,108514,248,403
1989,6007,CA,Butte County,small/mid,West,Pacific,1636.47,176584,110834,266,452
1990,6007,CA,Butte County,small/mid,West,Pacific,1636.47,183652,114117,280,501
1991,6007,CA,Butte County,SMALL/MID,West,Pacific,1636.47,187678,116259,286,550
1992,6007,CA,Butte County,small/mid,West,Pacific,1636.47,190409,118061,273,659
1993,6007,CA,Butte County,small/mid,West,Pacific,1636.47,192831,119412,201,753
1994,6007,CA,Butte County,small/mid,West,Pacific,1636.47,194648,120387,281,839
1995,6007,CA,Butte County,small/mid,West,Pacific,1636.47,196083,121475,480,869
1996,6007,CA,Butte County,small/mid,West,Pacific,1636.47,196327,121829,406,988
1997,6007,CA,Butte County,small/mid,West,Pacific,1636.47,197994,124290,410,1056
1998,6007,CA,Butte County,small/mid,West,Pacific,1636.47,199993,127040,416,1112
1999,6007,CA,Butte County,small/mid,West,Pacific,1636.47,201282,129161,411,1105
2000,6007,CA,Butte County,small/mid  ,West,Pacific,1636.47,203807,131928,428.1667,1100
2001,6007,CA,Butte County,small/mid,West,Pacific,1636.47,206193,134856,445.3333,1136
2002,6007,CA,Butte County,small/mid,West,Pacific,1636.47,209120,138152,462.5,1154
2003,6007,CA,Butte County,small/mid,West,Pacific,1636.47,211481,140616,479.6667,1203
2004,6007,CA,Butte County, small/mid,West,Pacific,1636.47,213065,142734,496.8333,1361
2005,6007,CA,Butte County,small/mid,West,Pacific,1636.47,214752,144683,514,1282
2006,6007,CA,Butte County,small/mid,West,Pacific,1636.47,216824,146570,520,1334
2007,6007,CA,Butte County,small/mid,West,Pacific,1636.47,217469,147050,494,1259
2008,6007,CA,Butte County,small/mid,West,Pacific,1636.47,219034,148046,497,1237
2009,6007,CA,Butte County,small/mid,West,Pacific,1636.47,219777,148295,540,1190
2010,6007,CA,Butte County,SMALL/MID,West,Pacific,1636.47,220002,148426,546,1211
2011,6007,CA,Butte County,small/mid,West,Pacific,1636.47,219957,148377,548,1076
2012,6007,CA,Butte County,small/mid,West,Pacific,1636.47,220003,148208,579,964
2013,6007,CA,Butte County,small/mid,West,Pacific,1636.47,220969,147953,594,978
2014,6007,CA,Butte County,small/mid,West,Pacific,1636.47,221768,147841,591,1023
2014,6007,CA,Butte County,small/mid,West,Pacific,1636.47,221768,147841,591,1023
2015,6007,CA,Butte County,small/mid,West,Pacific,1636.47,223629,148189,578,905
2016,6007,CA,Butte County,small/mid,West,Pacific,1636.47,224818,148117,,
1970,6009,CA,Calaveras County,rural,West,Pacific,1020.016,13644,8404,29,
1971,6009,CA,Calaveras County,rural,West,Pacific,1020.016,13923,8621,28.25,
1972,6009,CA,Calaveras County,rural,West,Pacific,1020.016,14235,8889,27.5,
1973,6009,CA,Calaveras County,rural,West,Pacific,1020.016,14799,9351,26.75,
1974,6009,CA,Calaveras County,rural,West,Pacific,1020.016,15189,9653,26,
1974,6009,CA,Calaveras County,rural,West,Pacific,1020.016,15189,9653,26,
1975,6009,CA,Calaveras County,rural,West,Pacific,1020.016,15199,9667,25.25,
1976,6009,CA,Calaveras County,rural,West,Pacific,1020.016,15701,10026,24.5,
1976,6009,CA,Calaveras County,rural,West,Pacific,1020.016,15701,10026,24.5,
1977,6009,CA,Calaveras County,rural,West,Pacific,1020.016,16708,10708,23.75,
1978,6009,CA,Calaveras County,rural,West,Pacific,1020.016,18301,11807,23,
1979,6009,CA,Calaveras County,rural,West,Pacific,1020.016,19776,12823,24.6,
1980,6009,CA,Calaveras County,rural,West,Pacific,1020.016,20922,13530,26.2,
1981,6009,CA,Calaveras County,rural,West,Pacific,1020.016,21699,13963,27.8,
1982,6009,CA,Calaveras County,rural,West,Pacific,1020.016,22775,14564,29.4,
1983,6009,CA,Calaveras County,rural,West,Pacific,1020.016,23530,14942,31,22
1984,6009,CA,Calaveras County,rural,West,Pacific,1020.016,24196,15288,32.8,26
1985,6009,CA,Calaveras County,rural,West,Pacific,1020.016,24872,15653,34.6,25
1986,6009,CA,Calaveras County,rural,West,Pacific,1020.016,25852,16198,36.4,24
1987,6009,CA,Calaveras County,rural,West,Pacific,1020.016,27195,16933,38.2,30
1988,6009,CA,Calaveras County,rural,West,Pacific,1020.016,28249,17511,40,50
1988,6009,CA,Calaveras County,rural,West,Pacific,1020.016,28249,17511,40,50
1989,6009,CA,Calaveras County,rural,West,Pacific,1020.016,30068,18552,42.8,48
1990,6009,CA,Calaveras County,rural  ,West,Pacific,1020.016,32542,19919,45.6,46
1991,6009,CA,Calaveras County,rural,West,Pacific,1020.016,34023,20796,48.4,44
1992,6009,CA,Calaveras County,rural,West,Pacific,1020.016,35233,21662,51.2,48
1993,6009,CA,Calaveras County,rural,West,Pacific,1020.016,35943,22033,54,46
1994,6009,CA,Calaveras County,rural,West,Pacific,1020.016,37073,22741,48,55
1995,6009,CA,Calaveras County,rural,West,Pacific,1020.016,37700,23134,53,44
1996,6009,CA,Calaveras County,rural,West,Pacific,1020.016,38441,23558,55,73
1997,6009,CA,Calaveras County,rural,West,Pacific,1020.016,39098,24157,54,83
1998,6009,CA,Calaveras County,rural,West,Pacific,1020.016,39581,24739,52,74
1999,6009,CA,Calaveras County,rural,West,Pacific,1020.016,40000,25242,49,69
1999,6009,CA,Calaveras County,rural,West,Pacific,1020.016,40000,25242,49,69
2000,6009,CA,Calaveras County,rural,West,Pacific,1020.016,40645,25823,46,65
2001,6009,CA,Calaveras County,rural,West,Pacific,1020.016,41304,26466,53,68
2002,6009,CA,Calaveras County,rural,West,Pacific,1020.016,42380,27285,71,88
2003,6009,CA,Calaveras County,rural,West,Pacific,1020.016,43755,28188,75,98
2004,6009,CA,Calaveras County,rural,West,Pacific,1020.016,44530,28881,76,120
2005,6009,CA,Calaveras County,rural,West,Pacific,1020.016,45295,29534,76,132
2006,6009,CA,Calaveras County,rural,West,Pacific,1020.016,46045,30018,77,148
2007,6009,CA,Calaveras County,rural,West,Pacific,1020.016,46268,30045,65,145
2008,6009,CA,Calaveras County,rural,West,Pacific,1020.016,46265,29857,76,137
2009,6009,CA,Calaveras County,rural,West,Pacific,1020.016,45900,29312,74,115
2010,6009,CA,Calaveras County,rural,West,Pacific,1020.016,45578,29012,75,114
2011,6009,CA,Calaveras County,Rural,West,Pacific,1020.016,45470,28918,64,112
2012,6009,CA,Calaveras County,RURAL,West,Pacific,1020.016,45163,28520,65,98
2012,6009,CA,Calaveras County,RURAL,West,Pacific,1020.016,45163,28520,65,98
2013,6009,CA,Calaveras County,rural,West,Pacific,1020.016,44826,27868,71,113
2014,6009,CA,Calaveras County,rural,West,Pacific,1020.016,44667,27512,72,98
2014,6009,CA,Calaveras County,rural,West,Pacific,1020.016,44667,27512,72,98
2015,6009,CA,Calaveras County, rural,West,Pacific,1020.016,44677,27214,94,96
2016,6009,CA,Calaveras County,RURAL,West,Pacific,1020.016,44954,27104,,
1970,6011,CA,Colusa County,rural,West,Pacific,1150.713,12415,7503,29,
1971,6011,CA,Colusa County,rural,West,Pacific,1150.713,12349,7512,28.375,
1971,6011,CA,Colusa County,rural,West,Pacific,1150.713,12349,7512,28.375,
1972,6011,CA,Colusa County,rural,West,Pacific,1150.713,12162,7468,27.75,
1973,6011,CA,Colusa County,rural,West,Pacific,1150.713,12240,7606,27.125,
1974,6011,CA,Colusa County, rural,West,Pacific,1150.713,12432,7803,26.5,
1975,6011,CA,Colusa County, rural,West,Pacific,1150.713,12621,7999,25.875,
1976,6011,CA,Colusa County,rural,West,Pacific,1150.713,12837,8169,25.25,
1977,6011,CA,Colusa County,  RURAL ,West,Pacific,1150.713,12767,8124,24.625,
1978,6011,CA,Colusa County,  RURAL ,West,Pacific,1150.713,12710,8085,24,
1979,6011,CA,Colusa County,rural,West,Pacific,1150.713,12942,8253,28.4,
1980,6011,CA,Colusa County,rural,West,Pacific,1150.713,12871,8178,32.8,
1981,6011,CA,Colusa County,rural,West,Pacific,1150.713,13185,8362,37.2,
1982,6011,CA,Colusa County,rural,West,Pacific,1150.713,13872,8755,41.6,
1983,6011,CA,Colusa County,rural,West,Pacific,1150.713,14110,8864,46,13
1984,6011,CA,Colusa County,rural,West,Pacific,1150.713,14156,8868,53.4,13
1984,6011,CA,Colusa County,rural,West,Pacific,1150.713,14156,8868,53.4,13
1985,6011,CA,Colusa County,rural,West,Pacific,1150.713,14706,9198,60.8,24
1986,6011,CA,Colusa County,RURAL,West,Pacific,1150.713,14934,9320,68.2,39
1986,6011,CA,Colusa County,RURAL,West,Pacific,1150.713,14934,9320,68.2,39
1987,6011,CA,Colusa County,rural,West,Pacific,1150.713,14972,9296,75.6,27
1987,6011,CA,Colusa County,rural,West,Pacific,1150.713,14972,9296,75.6,27
1988,6011,CA,Colusa County,rural,West,Pacific,1150.713,15494,9575,83,33
1989,6011,CA,Colusa County,rural,West,Pacific,1150.713,16006,9841,79.8,43.6666666667
1989,6011,CA,Colusa County,rural,West,Pacific,1150.713,16006,9841,79.8,43.6666666667
1990,6011,CA,Colusa County,rural,West,Pacific,1150.713,16335,9953,76.6,54.3333333333
1991,6011,CA,Colusa County,rural,West,Pacific,1150.713,16572,10038,73.4,65
1991,6011,CA,Colusa County,rural,West,Pacific,1150.713,16572,10038,73.4,65
1992,6011,CA,Colusa County,rural,West,Pacific,1150.713,16834,10188,70.2,50
1993,6011,CA,Colusa County,rural,West,Pacific,1150.713,16997,10245,67,59
1994,6011,CA,Colusa County,rural,West,Pacific,1150.713,17252,10389,67,69
1995,6011,CA,Colusa County,rural,West,Pacific,1150.713,17584,10639,80,69
1996,6011,CA,Colusa County,rural,West,Pacific,1150.713,17909,10887,76,75
1997,6011,CA,Colusa County,rural,West,Pacific,1150.713,18262,11202,70,95
1998,6011,CA,Colusa County,rural,West,Pacific,1150.713,18419,11423,75,115
1999,6011,CA,Colusa County,rural,West,Pacific,1150.713,18620,11655,70,107
2000,6011,CA,Colusa County,rural,West,Pacific,1150.713,18817,11853,65.83334,95
2001,6011,CA,Colusa County,rural,West,Pacific,1150.713,19022,12004,61.66667,78
2001,6011,CA,Colusa County,rural,West,Pacific,1150.713,19022,12004,61.66667,78
2002,6011,CA,Colusa County,rural  ,West,Pacific,1150.713,19232,12210,57.5,75
2003,6011,CA,Colusa County,rural,West,Pacific,1150.713,19568,12456,53.33333,85
2004,6011,CA,Colusa County,rural,West,Pacific,1150.713,20207,12765,49.16667,80
2005,6011,CA,Colusa County,rural,West,Pacific,1150.713,20540,13063,45,101
2006,6011,CA,Colusa County,rural,West,Pacific,1150.713,20890,13324,48,91
2007,6011,CA,Colusa County,rural,West,Pacific,1150.713,21075,13476,51,84
2008,6011,CA,Colusa County,rural,West,Pacific,1150.713,21134,13469,54,81
2009,6011,CA,Colusa County,rural,West,Pacific,1150.713,21250,13528,57,87
2010,6011,CA,Colusa County,rural,West,Pacific,1150.713,21419,13658,60,96
2011,6011,CA,Colusa County,RURAL,West,Pacific,1150.713,21453,13702,63,74
2012,6011,CA,Colusa County,rural,West,Pacific,1150.713,21366,13636,66,59
2013,6011,CA,Colusa County,rural,West,Pacific,1150.713,21350,13608,69,67
2014,6011,CA,Colusa County,rural,West,Pacific,1150.713,21336,13588,74,71
2015,6011,CA,Colusa County,rural,West,Pacific,1150.713,21268,13476,78,63
2016,6011,CA,Colusa County,rural,West,Pacific,1150.713,21341,13529,,
1970,6013,CA,Contra Costa County,SUBURBAN,West,Pacific,717.112,557565,353296,355,
1971,6013,CA,Contra Costa County,suburban,West,Pacific,717.112,563379,359951,348.75,
1972,6013,CA,Contra Costa County,suburban,West,Pacific,717.112,567622,366607,342.5,
1973,6013,CA,Contra Costa County,suburban,West,Pacific,717.112,573983,374929,336.25,
1974,6013,CA,Contra Costa County,suburban,West,Pacific,717.112,581728,383963,330,
1975,6013,CA,Contra Costa County,suburban,West,Pacific,717.112,589055,392458,323.75,
1976,6013,CA,Contra Costa County,suburban,West,Pacific,717.112,601222,404350,317.5,
1977,6013,CA,Contra Costa County,suburban,West,Pacific,717.112,614957,416689,311.25,
1978,6013,CA,Contra Costa County,suburban,West,Pacific,717.112,626065,426768,305,
1979,6013,CA,Contra Costa County,suburban,West,Pacific,717.112,642832,440698,396.4,
1980,6013,CA,Contra Costa County,suburban,West,Pacific,717.112,658588,453105,487.8,
1981,6013,CA,Contra Costa County,suburban,West,Pacific,717.112,667287,459241,579.2,
1982,6013,CA,Contra Costa County,suburban,West,Pacific,717.112,678901,466514,670.6,
1983,6013,CA,Contra Costa County,suburban,West,Pacific,717.112,690153,473176,762,727
1984,6013,CA,Contra Costa County,suburban,West,Pacific,717.112,698813,478763,842.5,763
1984,6013,CA,Contra Costa County,suburban,West,Pacific,717.112,698813,478763,842.5,763
1985,6013,CA,Contra Costa County,suburban,West,Pacific,717.112,711445,487211,923,865
1986,6013,CA,Contra Costa County,suburban,West,Pacific,717.112,725373,496309,924,1084
1987,6013,CA,Contra Costa County,suburban,West,Pacific,717.112,739981,504908,1014,1266
1988,6013,CA,Contra Costa County,suburban,West,Pacific,717.112,759241,516860,1253,1393
1989,6013,CA,Contra Costa County,suburban,West,Pacific,717.112,784396,532533,1307,1377
1990,6013,CA,Contra Costa County,suburban,West,Pacific,717.112,809317,544300,1516,1361
1991,6013,CA,Contra Costa County,suburban  ,West,Pacific,717.112,823183,548434,1451,1345
1992,6013,CA,Contra Costa County,suburban,West,Pacific,717.112,839768,558011,1614,1402
1993,6013,CA,Contra Costa County,Suburban,West,Pacific,717.112,852532,562258,1316,1651
1994,6013,CA,Contra Costa County,suburban,West,Pacific,717.112,861979,565437,1222,1808
1994,6013,CA,Contra Costa County,suburban,West,Pacific,717.112,861979,565437,1222,1808
1995,6013,CA,Contra Costa County,suburban,West,Pacific,717.112,872075,569606,1593,1957
1996,6013,CA,Contra Costa County,SUBURBAN,West,Pacific,717.112,884227,575619,1589,2164
1997,6013,CA,Contra Costa County,suburban,West,Pacific,717.112,903049,591223,1638,2310
1998,6013,CA,Contra Costa County,suburban,West,Pacific,717.112,921663,607304,1607,2252
1999,6013,CA,Contra Costa County,suburban,West,Pacific,717.112,936983,620545,1500,2265
1999,6013,CA,Contra Costa County,suburban,West,Pacific,717.112,936983,620545,1500,2265
2000,6013,CA,Contra Costa County,suburban,West,Pacific,717.112,952810,633387,1566,2205
2001,6013,CA,Contra Costa County,suburban,West,Pacific,717.112,970952,647878,1723,2062
2002,6013,CA,Contra Costa County,suburban,West,Pacific,717.112,979862,655357,1795,2154
2003,6013,CA,Contra Costa County, suburban,West,Pacific,717.112,987531,661705,2608,2066
2003,6013,,,,,,,,,2107,
2004,6013,CA,Contra Costa County,Suburban,West,Pacific,717.112,992424,666442,1665,2060
2005,6013,CA,Contra Costa County,suburban  ,West,Pacific,717.112,999013,672230,1668,1970
2006,6013,CA,Contra Costa County,suburban,West,Pacific,717.112,1000834,674874,2018,1994
2007,6013,CA,Contra Costa County,suburban,West,Pacific,717.112,1009152,680611,2000,1922
2008,6013,CA,Contra Costa County, suburban,West,Pacific,717.112,1023344,688778,1272,1931
2009,6013,CA,Contra Costa County,suburban,West,Pacific,717.112,1037890,698235,1602,1954
2010,6013,CA,Contra Costa County,suburban,West,Pacific,717.112,1049200,704883,1570,1916
2011,6013,CA,Contra Costa County,suburban  ,West,Pacific,717.112,1052799,707408,1559,1859
2012,6013,CA,Contra Costa County,SUBURBAN,West,Pacific,717.112,1066182,716014,1598,1785
2013,6013,CA,Contra Costa County,suburban,West,Pacific,717.112,1079093,721429,1498,1809
2014,6013,CA,Contra Costa County,suburban,West,Pacific,717.112,1095310,729743,1498,1857
2015,6013,CA,Contra Costa County,suburban,West,Pacific,717.112,1110971,738053,1392,1873
2016,6013,CA,Contra Costa County,suburban  ,West,Pacific,717.112,1126027,746072,,
1970,6015,CA,Del Norte County,rural,West,Pacific,1006.228,14665,8865,25,
1971,6015,CA,Del Norte County,rural,West,Pacific,1006.228,14992,9136,27.625,
1972,6015,CA,Del Norte County,rural,West,Pacific,1006.228,15023,9235,30.25,
1972,6015,CA,Del Norte County,rural,West,Pacific,1006.228,15023,9235,30.25,
1973,6015,CA,Del Norte County,RURAL,West,Pacific,1006.228,15424,9584,32.875,
1974,6015,CA,Del Norte County, rural,West,Pacific,1006.228,15584,9785,35.5,
1975,6015,CA,Del Norte County,rural,West,Pacific,1006.228,16066,10205,38.125,
1976,6015,CA,Del Norte County,rural,West,Pacific,1006.228,16302,10402,40.75,
1977,6015,CA,Del Norte County,rural,West,Pacific,1006.228,16833,10830,43.375,
1978,6015,CA,Del Norte County,rural,West,Pacific,1006.228,17731,11473,46,
1979,6015,CA,Del Norte County,rural,West,Pacific,1006.228,17921,11606,44.2,
1980,6015,CA,Del Norte County,rural,West,Pacific,1006.228,18331,11858,42.4,
1981,6015,CA,Del Norte County,rural,West,Pacific,1006.228,18793,12164,40.6,
1982,6015,CA,Del Norte County,RURAL,West,Pacific,1006.228,18573,12004,38.8,
1983,6015,CA,Del Norte County,rural,West,Pacific,1006.228,18703,12066,37,37
1984,6015,CA,Del Norte County,rural,West,Pacific,1006.228,18508,11933,42.6,40
1985,6015,CA,Del Norte County,rural  ,West,Pacific,1006.228,18704,12064,48.2,39
1986,6015,CA,Del Norte County,rural  ,West,Pacific,1006.228,19085,12294,53.8,43
1987,6015,CA,Del Norte County,rural,West,Pacific,1006.228,19527,12543,59.4,48
1988,6015,CA,Del Norte County,rural,West,Pacific,1006.228,20311,13006,65,66
1988,6015,CA,Del Norte County,rural,West,Pacific,1006.228,20311,13006,65,66
1989,6015,CA,Del Norte County,  RURAL ,West,Pacific,1006.228,21268,13584,63.6,74
1989,6015,CA,Del Norte County,  RURAL ,West,Pacific,1006.228,21268,13584,63.6,74
1990,6015,CA,Del Norte County,rural,West,Pacific,1006.228,23986,15205,62.2,82
1991,6015,CA,Del Norte County, rural,West,Pacific,1006.228,27012,17624,60.8,90
1992,6015,CA,Del Norte County,rural,West,Pacific,1006.228,27306,17821,59.4,88
1993,6015,CA,Del Norte County,rural,West,Pacific,1006.228,27942,18305,58,111
1994,6015,CA,Del Norte County,rural  ,West,Pacific,1006.228,28105,18439,58,135
1995,6015,CA,Del Norte County,rural,West,Pacific,1006.228,27802,18154,73,146
1996,6015,CA,Del Norte County,rural,West,Pacific,1006.228,27981,18279,85,165
1997,6015,CA,Del Norte County,rural,West,Pacific,1006.228,28340,18732,99,175
1997,6015,CA,Del Norte County,rural,West,Pacific,1006.228,28340,18732,99,175
1998,6015,CA,Del Norte County,rural,West,Pacific,1006.228,28187,18838,100,175
1998,6015,CA,Del Norte County,rural,West,Pacific,1006.228,28187,18838,100,175
1999,6015,CA,Del Norte County,rural,West,Pacific,1006.228,27624,18528,113,177
2000,6015,CA,Del Norte County,rural,West,Pacific,1006.228,27440,18525,120,175
2001,6015,CA,Del Norte County,  RURAL ,West,Pacific,1006.228,27292,18580,121,162
2002,6015,CA,Del Norte County,rural,West,Pacific,1006.228,27397,18687,120,156
2003,6015,CA,Del Norte County,rural,West,Pacific,1006.228,27601,18939,126,170
2004,6015,CA,Del Norte County,  RURAL ,West,Pacific,1006.228,27950,19246,134,165
2005,6015,CA,Del Norte County,rural  ,West,Pacific,1006.228,28281,19602,145,171
2006,6015,CA,Del Norte County,rural,West,Pacific,1006.228,28211,19553,138.125,150
2007,6015,CA,Del Norte County,rural,West,Pacific,1006.228,28415,19809,131.25,143
2008,6015,CA,Del Norte County,rural,West,Pacific,1006.228,28496,19783,124.375,143
2009,6015,CA,Del Norte County,rural,West,Pacific,1006.228,28599,19834,117.5,144
2010,6015,CA,Del Norte County,  RURAL ,West,Pacific,1006.228,28610,19749,110.625,127
2011,6015,CA,Del Norte County,rural,West,Pacific,1006.228,28566,19675,103.75,115
2012,6015,CA,Del Norte County,rural,West,Pacific,1006.228,28447,19543,96.875,132
2012,6015,CA,Del Norte County,rural,West,Pacific,1006.228,28447,19543,96.875,132
2013,6015,CA,Del Norte County,rural,West,Pacific,1006.228,28203,19222,90,116
2014,6015,CA,Del Norte County,rural,West,Pacific,1006.228,27830,18796,96,112
2015,6015,CA,Del Norte County,rural,West,Pacific,1006.228,27206,18085,93,102
2016,6015,CA,Del Norte County,rural,West,Pacific,1006.228,27253,18019,,
2016,6015,CA,Del Norte County,rural,West,Pacific,1006.228,27253,18019,,
1970,6017,CA,El Dorado County,suburban,West,Pacific,1707.842,44271,28199,67,
1971,6017,CA,El Dorado County,suburban,West,Pacific,1707.842,46044,29626,69.125,
1972,6017,CA,El Dorado County,suburban,West,Pacific,1707.842,48511,31620,71.25,
1973,6017,CA,El Dorado County,suburban,West,Pacific,1707.842,52719,34916,73.375,
1974,6017,CA,El Dorado County,suburban,West,Pacific,1707.842,55621,37217,75.5,
1975,6017,CA,El Dorado County,suburban,West,Pacific,1707.842,58418,39428,77.625,
1976,6017,CA,El Dorado County,suburban,West,Pacific,1707.842,62538,42506,79.75,
1976,6017,CA,El Dorado County,suburban,West,Pacific,1707.842,62538,42506,79.75,
1977,6017,CA,El Dorado County,suburban,West,Pacific,1707.842,67019,45761,81.875,
1978,6017,CA,El Dorado County,suburban,West,Pacific,1707.842,73675,50561,84,
1979,6017,CA,El Dorado County,suburban,West,Pacific,1707.842,80663,55689,91.2,
1980,6017,CA,El Dorado County,suburban,West,Pacific,1707.842,86590,59847,98.4,
1981,6017,CA,El Dorado County,suburban,West,Pacific,1707.842,89365,61485,105.6,
1982,6017,CA,El Dorado County,suburban,West,Pacific,1707.842,92427,63204,112.8,
1983,6017,CA,El Dorado County,suburban,West,Pacific,1707.842,93435,63467,120,83
1984,6017,CA,El Dorado County,SUBURBAN,West,Pacific,1707.842,95373,64481,131,104
1985,6017,CA,El Dorado County,suburban,West,Pacific,1707.842,99093,66719,142,103
1986,6017,CA,El Dorado County,suburban,West,Pacific,1707.842,102452,68675,152,124
1987,6017,CA,El Dorado County,suburban,West,Pacific,1707.842,106855,71171,189,141
1988,6017,CA,El Dorado County,suburban,West,Pacific,1707.842,112687,74633,194,147
1989,6017,CA,El Dorado County,suburban,West,Pacific,1707.842,118828,78247,223,166
1990,6017,CA,El Dorado County,suburban,West,Pacific,1707.842,127952,83320,272,185
1991,6017,CA,El Dorado County,  SUBURBAN ,West,Pacific,1707.842,132724,85650,262,204
1992,6017,CA,El Dorado County,suburban  ,West,Pacific,1707.842,136014,87719,252,223
1993,6017,CA,El Dorado County,  SUBURBAN ,West,Pacific,1707.842,139646,89715,774,236
1993,6017,,,,,,,,,273,
1994,6017,CA,El Dorado County,suburban,West,Pacific,1707.842,142088,91033,281.5,230
1995,6017,CA,El Dorado County,suburban,West,Pacific,1707.842,144574,92620,290,295
1996,6017,CA,El Dorado County,suburban,West,Pacific,1707.842,146863,94078,298.5,351
1997,6017,CA,El Dorado County,suburban,West,Pacific,1707.842,149589,96673,307,385
1998,6017,CA,El Dorado County,suburban,West,Pacific,1707.842,152308,99430,315.5,431
1999,6017,CA,El Dorado County,suburban,West,Pacific,1707.842,154381,101716,324,448
2000,6017,CA,El Dorado County,suburban,West,Pacific,1707.842,157162,104190,324.6667,461
2001,6017,CA,El Dorado County,suburban,West,Pacific,1707.842,161101,107017,325.3333,462
2002,6017,CA,El Dorado County,suburban,West,Pacific,1707.842,165195,110317,326,458
2003,6017,CA,El Dorado County,suburban,West,Pacific,1707.842,168331,112817,326.6667,431
2004,6017,CA,El Dorado County,suburban,West,Pacific,1707.842,171653,115236,327.3333,443
2004,6017,CA,El Dorado County,suburban,West,Pacific,1707.842,171653,115236,327.3333,443
2005,6017,CA,El Dorado County,suburban,West,Pacific,1707.842,175003,118304,328,427
2006,6017,CA,El Dorado County,SUBURBAN,West,Pacific,1707.842,176773,119919,886,469
2006,6017,,,,,,,,,333.375,
2007,6017,CA,El Dorado County,suburban,West,Pacific,1707.842,177694,120525,338.75,491
2008,6017,CA,El Dorado County,suburban,West,Pacific,1707.842,179150,120844,344.125,487
2008,6017,CA,El Dorado County,suburban,West,Pacific,1707.842,179150,120844,344.125,487
2009,6017,CA,El Dorado County,suburban,West,Pacific,1707.842,180455,121404,349.5,457
2010,6017,CA,El Dorado County,suburban,West,Pacific,1707.842,181058,121389,354.875,467
2011,6017,CA,El Dorado County,suburban,West,Pacific,1707.842,181149,121436,360.25,407
2012,6017,CA,El Dorado County,suburban,West,Pacific,1707.842,180975,121020,365.625,401
2013,6017,CA,El Dorado County,suburban,West,Pacific,1707.842,180680,119560,371,420
2013,6017,CA,El Dorado County,suburban,West,Pacific,1707.842,180680,119560,371,420
2014,6017,CA,El Dorado County,suburban,West,Pacific,1707.842,181618,119240,371,406
2014,6017,CA,El Dorado County,suburban,West,Pacific,1707.842,181618,119240,371,406
2015,6017,CA,El Dorado County,suburban,West,Pacific,1707.842,183333,119339,384,399
2016,6017,CA,El Dorado County,suburban,West,Pacific,1707.842,184865,119327,,
1970,6019,CA,Fresno County,small/mid,West,Pacific,5958.101,415599,255009,711,
1971,6019,CA,Fresno County,small/mid,West,Pacific,5958.101,424699,262783,717,
1972,6019,CA,Fresno County, small/mid,West,Pacific,5958.101,431919,269874,723,
1973,6019,CA,Fresno County,small/mid,West,Pacific,5958.101,439865,277594,729,
1974,6019,CA,Fresno County,small/mid,West,Pacific,5958.101,449888,286460,735,
1975,6019,CA,Fresno County,small/mid,West,Pacific,5958.101,464180,298184,741,
1976,6019,CA,Fresno County,Small/mid,West,Pacific,5958.101,477161,309175,747,
1977,6019,CA,Fresno County, small/mid,West,Pacific,5958.101,489014,318718,753,
1977,6019,CA,Fresno County, small/mid,West,Pacific,5958.101,489014,318718,753,
1978,6019,CA,Fresno County,small/mid,West,Pacific,5958.101,497564,325686,759,
1979,6019,CA,Fresno County,Small/mid,West,Pacific,5958.101,506330,332381,842.4,
1980,6019,CA,Fresno County,small/mid,West,Pacific,5958.101,517717,340117,925.8,
1981,6019,CA,Fresno County,small/mid,West,Pacific,5958.101,528885,346469,1009.2,
1982,6019,CA,Fresno County,small/mid,West,Pacific,5958.101,541498,352935,1092.6,
1983,6019,CA,Fresno County,SMALL/MID,West,Pacific,5958.101,555866,360195,1176,1137
1984,6019,CA,Fresno County,small/mid,West,Pacific,5958.101,572084,369297,1175,1323
1985,6019,CA,Fresno County,small/mid,West,Pacific,5958.101,584064,375801,1174,1621
1986,6019,CA,Fresno County, small/mid,West,Pacific,5958.101,593612,380528,1396,1915
1987,6019,CA,Fresno County,small/mid,West,Pacific,5958.101,608823,387908,1545,2430
1988,6019,CA,Fresno County,small/mid,West,Pacific,5958.101,627652,397605,1816,2583
1989,6019,CA,Fresno County,small/mid,West,Pacific,5958.101,650754,409681,1829,2705
1990,6019,CA,Fresno County,small/mid,West,Pacific,5958.101,672302,418331,2309,2827
1991,6019,CA,Fresno County,small/mid,West,Pacific,5958.101,691569,427560,2061,2949
1992,6019,CA,Fresno County,small/mid,West,Pacific,5958.101,710263,439033,2572,3136
1993,6019,CA,Fresno County,small/mid,West,Pacific,5958.101,726859,447358,2320,3641
1993,6019,CA,Fresno County,small/mid,West,Pacific,5958.101,726859,447358,2320,3641
1994,6019,CA,Fresno County,small/mid,West,Pacific,5958.101,739835,453969,2087,3856
1995,6019,CA,Fresno County,small/mid,West,Pacific,5958.101,749534,459457,2027,4270
1996,6019,CA,Fresno County,small/mid,West,Pacific,5958.101,761409,467914,2058,4560
1997,6019,CA,Fresno County,small/mid,West,Pacific,5958.101,771391,478029,2131,4884
1998,6019,CA,Fresno County,small/mid,West,Pacific,5958.101,778615,486709,2157,4829
1999,6019,CA,Fresno County,small/mid,West,Pacific,5958.101,789405,497093,2254,4697
2000,6019,CA,Fresno County,small/mid,West,Pacific,5958.101,801288,507430,2250,4722
2001,6019,CA,Fresno County,small/mid,West,Pacific,5958.101,813021,517410,2346,4833
2002,6019,CA,Fresno County,small/mid,West,Pacific,5958.101,829762,530926,2273,5058
2003,6019,CA,Fresno County,small/mid,West,Pacific,5958.101,847193,544359,2655,5375
2004,6019,CA,Fresno County,small/mid,West,Pacific,5958.101,861035,555796,2980,5297
2005,6019,CA,Fresno County,SMALL/MID,West,Pacific,5958.101,872470,565797,3006,5187
2006,6019,CA,Fresno County,small/mid,West,Pacific,5958.101,883862,575629,3538,5405
2007,6019,CA,Fresno County,small/mid,West,Pacific,5958.101,895933,584640,3094,5528
2008,6019,CA,Fresno County,small/mid,West,Pacific,5958.101,909630,593849,3049,5470
2009,6019,CA,Fresno County,small/mid,West,Pacific,5958.101,921478,601829,2729,5300
2010,6019,CA,Fresno County,small/mid,West,Pacific,5958.101,930495,607629,1737,4852
2011,6019,CA,Fresno County,small/mid,West,Pacific,5958.101,932218,608781,1754,4345
2012,6019,CA,Fresno County,small/mid,West,Pacific,5958.101,940360,613452,1800,3945
2013,6019,CA,Fresno County,small/mid,West,Pacific,5958.101,946851,615590,3017,4214
2014,6019,CA,Fresno County,small/mid,West,Pacific,5958.101,953787,618622,2955,4616
2015,6019,CA,Fresno County,small/mid,West,Pacific,5958.101,963170,622763,2661,4203
2016,6019,CA,Fresno County,small/mid,West,Pacific,5958.101,972333,627036,,
2016,6019,CA,Fresno County,small/mid,West,Pacific,5958.101,972333,627036,,
1970,6021,CA,Glenn County,rural,West,Pacific,1313.963,17498,10523,30,
1971,6021,CA,Glenn County,  RURAL ,West,Pacific,1313.963,17395,10459,29.625,
1972,6021,CA,Glenn County,RURAL,West,Pacific,1313.963,17521,10580,29.25,
1973,6021,CA,Glenn County,rural  ,West,Pacific,1313.963,18261,11133,28.875,
1974,6021,CA,Glenn County,rural,West,Pacific,1313.963,18523,11386,28.5,
1974,6021,CA,Glenn County,rural,West,Pacific,1313.963,18523,11386,28.5,
1975,6021,CA,Glenn County,rural,West,Pacific,1313.963,19155,11902,28.125,
1976,6021,CA,Glenn County,rural,West,Pacific,1313.963,19685,12292,27.75,
1977,6021,CA,Glenn County,rural  ,West,Pacific,1313.963,20118,12629,27.375,
1978,6021,CA,Glenn County,rural,West,Pacific,1313.963,20035,12513,27,
1979,6021,CA,Glenn County,rural,West,Pacific,1313.963,20988,13148,31.2,
1980,6021,CA,Glenn County,rural,West,Pacific,1313.963,21503,13464,35.4,
1981,6021,CA,Glenn County,rural,West,Pacific,1313.963,22048,13772,39.6,
1982,6021,CA,Glenn County,  RURAL ,West,Pacific,1313.963,22344,13898,43.8,
1983,6021,CA,Glenn County,rural,West,Pacific,1313.963,22878,14163,48,38
1984,6021,CA,Glenn County,rural,West,Pacific,1313.963,22836,14093,44.5,37
1985,6021,CA,Glenn County,rural,West,Pacific,1313.963,23171,14261,41,36
1986,6021,CA,Glenn County,rural,West,Pacific,1313.963,23216,14244,48,45
1987,6021,CA,Glenn County,rural,West,Pacific,1313.963,23319,14225,50,60
1988,6021,CA,Glenn County,rural,West,Pacific,1313.963,23847,14477,53,62
1989,6021,CA,Glenn County,RURAL,West,Pacific,1313.963,24426,14747,57.6,72.3333333333
1990,6021,CA,Glenn County,rural,West,Pacific,1313.963,24919,14872,62.2,82.6666666667
1991,6021,CA,Glenn County,Rural,West,Pacific,1313.963,25181,14909,66.8,93
1992,6021,CA,Glenn County,rural,West,Pacific,1313.963,25510,15132,71.4,102
1993,6021,CA,Glenn County,rural,West,Pacific,1313.963,25663,15158,76,98
1994,6021,CA,Glenn County,rural,West,Pacific,1313.963,25796,15222,80.66666,107
1995,6021,CA,Glenn County,rural,West,Pacific,1313.963,26040,15409,85.33334,114
1996,6021,CA,Glenn County,rural,West,Pacific,1313.963,26170,15532,90,111
1997,6021,CA,Glenn County,rural,West,Pacific,1313.963,26270,15774,94.66666,126
1998,6021,CA,Glenn County,rural,West,Pacific,1313.963,26185,15919,99.33334,162
1999,6021,CA,Glenn County,rural,West,Pacific,1313.963,26332,16158,104,146
2000,6021,CA,Glenn County,rural,West,Pacific,1313.963,26416,16330,106.6667,140
2001,6021,CA,Glenn County,rural,West,Pacific,1313.963,26450,16493,109.3333,139
2002,6021,CA,Glenn County,rural,West,Pacific,1313.963,26651,16684,112,136
2003,6021,CA,Glenn County,rural,West,Pacific,1313.963,27016,16949,114.6667,160
2004,6021,CA,Glenn County,rural,West,Pacific,1313.963,27122,17169,117.3333,187
2005,6021,CA,Glenn County,rural,West,Pacific,1313.963,27393,17430,120,161
2006,6021,CA,Glenn County,rural,West,Pacific,1313.963,27652,17543,118.375,189
2007,6021,CA,Glenn County,rural,West,Pacific,1313.963,27775,17625,116.75,170
2008,6021,CA,Glenn County,rural,West,Pacific,1313.963,28019,17770,115.125,147
2009,6021,CA,Glenn County,rural,West,Pacific,1313.963,28100,17763,113.5,122
2010,6021,CA,Glenn County,rural,West,Pacific,1313.963,28122,17865,111.875,135
2011,6021,CA,Glenn County,rural,West,Pacific,1313.963,28130,17879,110.25,112
2012,6021,CA,Glenn County,rural,West,Pacific,1313.963,28160,17930,108.625,109
2013,6021,CA,Glenn County,rural,West,Pacific,1313.963,27894,17725,107,117
2014,6021,CA,Glenn County,rural,West,Pacific,1313.963,27866,17636,106,110
2015,6021,CA,Glenn County,rural  ,West,Pacific,1313.963,27909,17607,95,103
2016,6021,CA,Glenn County,rural,West,Pacific,1313.963,27841,17512,,
2016,6021,CA,Glenn County,rural,West,Pacific,1313.963,27841,17512,,
1970,6023,CA,Humboldt County,rural,West,Pacific,3568.067,99768,63667,118,
1971,6023,CA,Humboldt County,rural,West,Pacific,3568.067,100120,64444,115.5,
1972,6023,CA,Humboldt County,rural,West,Pacific,3568.067,103044,67183,113,
1973,6023,CA,Humboldt County,rural,West,Pacific,3568.067,104383,68868,110.5,
1974,6023,CA,Humboldt County,rural,West,Pacific,3568.067,105499,70442,108,
1975,6023,CA,Humboldt County,rural,West,Pacific,3568.067,104245,70254,105.5,
1976,6023,CA,Humboldt County,rural,West,Pacific,3568.067,105162,71530,103,
1977,6023,CA,Humboldt County,RURAL,West,Pacific,3568.067,106263,72688,100.5,
1978,6023,CA,Humboldt County,rural,West,Pacific,3568.067,107436,73895,98,
1979,6023,CA,Humboldt County,rural,West,Pacific,3568.067,107782,74397,109,
1980,6023,CA,Humboldt County,rural,West,Pacific,3568.067,108930,75300,120,
1981,6023,CA,Humboldt County,rural,West,Pacific,3568.067,110341,76090,131,
1982,6023,CA,Humboldt County,rural,West,Pacific,3568.067,109890,75403,142,
1983,6023,CA,Humboldt County,rural,West,Pacific,3568.067,109635,74793,153,105
1984,6023,CA,Humboldt County,rural,West,Pacific,3568.067,110280,74905,173,97
1985,6023,CA,Humboldt County,rural,West,Pacific,3568.067,111052,75120,193,115
1986,6023,CA,Humboldt County,rural,West,Pacific,3568.067,111705,75199,188,145
1987,6023,CA,Humboldt County,rural,West,Pacific,3568.067,112819,75431,170,221
1988,6023,CA,Humboldt County,rural,West,Pacific,3568.067,114774,76256,206,231
1989,6023,CA,Humboldt County,rural,West,Pacific,3568.067,117160,77334,197,250.333333333
1990,6023,CA,Humboldt County, rural,West,Pacific,3568.067,119746,78165,209,269.666666667
1991,6023,CA,Humboldt County,rural,West,Pacific,3568.067,121375,78926,228,289
1992,6023,CA,Humboldt County,rural,West,Pacific,3568.067,123032,80411,218,323
1993,6023,CA,Humboldt County,rural,West,Pacific,3568.067,124147,81135,230,396
1994,6023,CA,Humboldt County,rural,West,Pacific,3568.067,123990,80903,195,440
1995,6023,CA,Humboldt County,rural,West,Pacific,3568.067,125927,82564,202,475
1996,6023,CA,Humboldt County,rural,West,Pacific,3568.067,126162,83121,219,506
1997,6023,CA,Humboldt County,rural,West,Pacific,3568.067,127086,84818,278,505
1998,6023,CA,Humboldt County,rural,West,Pacific,3568.067,127087,85764,336,529
1999,6023,CA,Humboldt County,rural,West,Pacific,3568.067,126676,86364,318,540
2000,6023,CA,Humboldt County,rural,West,Pacific,3568.067,126462,86842,332,512
2001,6023,CA,Humboldt County,rural,West,Pacific,3568.067,127520,88367,364,591
2002,6023,CA,Humboldt County,rural,West,Pacific,3568.067,128780,89658,371,641
2002,6023,CA,Humboldt County,rural,West,Pacific,3568.067,128780,89658,371,641
2003,6023,CA,Humboldt County,rural,West,Pacific,3568.067,129754,90864,374,714
2004,6023,CA,Humboldt County,rural,West,Pacific,3568.067,130702,91862,368,655
2005,6023,CA,Humboldt County,rural  ,West,Pacific,3568.067,131497,92796,367,634
2006,6023,CA,Humboldt County,rural,West,Pacific,3568.067,132093,93310,373,677
2007,6023,CA,Humboldt County,rural,West,Pacific,3568.067,132001,93193,371,628
2008,6023,CA,Humboldt County,rural,West,Pacific,3568.067,132657,93401,351,590
2008,6023,CA,Humboldt County,rural,West,Pacific,3568.067,132657,93401,351,590
2009,6023,CA,Humboldt County,rural,West,Pacific,3568.067,133744,93942,341,583
2010,6023,CA,Humboldt County,Rural,West,Pacific,3568.067,134623,94594,370,630
2011,6023,CA,Humboldt County,rural,West,Pacific,3568.067,135019,94912,380,533
2012,6023,CA,Humboldt County,rural,West,Pacific,3568.067,135239,94814,375,427
2013,6023,CA,Humboldt County,rural,West,Pacific,3568.067,134596,93544,371,411
2014,6023,CA,Humboldt County,rural,West,Pacific,3568.067,134444,92664,921,373
2014,6023,,,,,,,,,368,
2015,6023,CA,Humboldt County,rural,West,Pacific,3568.067,134584,91908,341,386
2016,6023,CA,Humboldt County,rural,West,Pacific,3568.067,135219,91350,,
2016,6023,CA,Humboldt County,rural,West,Pacific,3568.067,135219,91350,,
1970,6025,CA,Imperial County,small/mid,West,Pacific,4176.58,74588,43376,282,
1971,6025,CA,Imperial County,small/mid,West,Pacific,4176.58,74936,43832,281.25,
1972,6025,CA,Imperial County,small/mid,West,Pacific,4176.58,75873,44796,280.5,
1973,6025,CA,Imperial County,small/mid,West,Pacific,4176.58,79651,47625,279.75,
1974,6025,CA,Imperial County,small/mid,West,Pacific,4176.58,81528,49247,279,
1975,6025,CA,Imperial County,small/mid,West,Pacific,4176.58,82998,50571,278.25,
1976,6025,CA,Imperial County,small/mid,West,Pacific,4176.58,85273,52424,277.5,
1977,6025,CA,Imperial County,small/mid,West,Pacific,4176.58,86985,53818,276.75,
1978,6025,CA,Imperial County,small/mid,West,Pacific,4176.58,88478,55030,276,
1979,6025,CA,Imperial County,small/mid,West,Pacific,4176.58,90091,56305,289.2,
1980,6025,CA,Imperial County,small/mid,West,Pacific,4176.58,92602,58001,302.4,
1980,6025,CA,Imperial County,small/mid,West,Pacific,4176.58,92602,58001,302.4,
1981,6025,CA,Imperial County,small/mid,West,Pacific,4176.58,94304,59091,315.6,
1982,6025,CA,Imperial County,small/mid,West,Pacific,4176.58,95686,59835,328.8,
1983,6025,CA,Imperial County,small/mid,West,Pacific,4176.58,96891,60401,342,136
1984,6025,CA,Imperial County,small/mid,West,Pacific,4176.58,97467,60713,376,142
1984,6025,CA,Imperial County,small/mid,West,Pacific,4176.58,97467,60713,376,142
1985,6025,CA,Imperial County,small/mid,West,Pacific,4176.58,99195,61778,410,168
1986,6025,CA,Imperial County,  SMALL/MID ,West,Pacific,4176.58,98893,61544,372,220
1987,6025,CA,Imperial County,small/mid,West,Pacific,4176.58,100073,62019,365,226
1988,6025,CA,Imperial County,small/mid  ,West,Pacific,4176.58,101889,62891,374,255
1989,6025,CA,Imperial County,small/mid,West,Pacific,4176.58,105165,64606,483,227.666666667
1990,6025,CA,Imperial County,SMALL/MID,West,Pacific,4176.58,110839,67516,477,200.333333333
1991,6025,CA,Imperial County,small/mid,West,Pacific,4176.58,117143,71044,492,173
1992,6025,CA,Imperial County,small/mid,West,Pacific,4176.58,123823,75225,520,220
1993,6025,CA,Imperial County,small/mid,West,Pacific,4176.58,132758,81763,620,228
1994,6025,CA,Imperial County,small/mid,West,Pacific,4176.58,134315,83128,538,241
1995,6025,CA,Imperial County,small/mid,West,Pacific,4176.58,136986,85473,535,286
1995,6025,CA,Imperial County,small/mid,West,Pacific,4176.58,136986,85473,535,286
1996,6025,CA,Imperial County,small/mid,West,Pacific,4176.58,137987,86165,537,280
1997,6025,CA,Imperial County,small/mid,West,Pacific,4176.58,138624,87257,467,310
1998,6025,CA,Imperial County,small/mid,West,Pacific,4176.58,139615,88524,585,282
1999,6025,CA,Imperial County,small/mid,West,Pacific,4176.58,141056,89913,583,324
2000,6025,CA,Imperial County,small/mid,West,Pacific,4176.58,142410,91155,616,335
2001,6025,CA,Imperial County,small/mid,West,Pacific,4176.58,143707,92363,501,356
2002,6025,CA,Imperial County,small/mid,West,Pacific,4176.58,145640,93795,460,365
2003,6025,CA,Imperial County,small/mid,West,Pacific,4176.58,148984,96357,417,310
2004,6025,CA,Imperial County,small/mid,West,Pacific,4176.58,152259,98978,492,359
2005,6025,CA,Imperial County,small/mid,West,Pacific,4176.58,156113,101930,622,375
2006,6025,CA,Imperial County,small/mid,West,Pacific,4176.58,160505,105138,526,370
2007,6025,CA,Imperial County,small/mid,West,Pacific,4176.58,164596,108053,486,381
2008,6025,CA,Imperial County,small/mid,West,Pacific,4176.58,167917,110231,461,375
2009,6025,CA,Imperial County,small/mid,West,Pacific,4176.58,172008,112874,585,364
2009,6025,CA,Imperial County,small/mid,West,Pacific,4176.58,172008,112874,585,364
2010,6025,CA,Imperial County,small/mid,West,Pacific,4176.58,174528,114473,537,385
2011,6025,CA,Imperial County,small/mid,West,Pacific,4176.58,174778,114575,568,368
2012,6025,CA,Imperial County,small/mid,West,Pacific,4176.58,176157,115310,522,326
2013,6025,CA,Imperial County,small/mid,West,Pacific,4176.58,177241,115557,534,325
2014,6025,CA,Imperial County,small/mid,West,Pacific,4176.58,177267,114646,552,332
2015,6025,CA,Imperial County,small/mid,West,Pacific,4176.58,178868,115033,509,358
2016,6025,CA,Imperial County,SMALL/MID,West,Pacific,4176.58,179839,115071,,
1970,6027,CA,Inyo County,rural  ,West,Pacific,10180.938,15617,9697,23,
1971,6027,CA,Inyo County,rural,West,Pacific,10180.938,15805,9824,24.125,
1971,6027,CA,Inyo County,rural,West,Pacific,10180.938,15805,9824,24.125,
1972,6027,CA,Inyo County,rural,West,Pacific,10180.938,15498,9632,25.25,
1973,6027,CA,Inyo County,rural,West,Pacific,10180.938,16344,10262,26.375,
1973,6027,CA,Inyo County,rural,West,Pacific,10180.938,16344,10262,26.375,
1974,6027,CA,Inyo County,Rural,West,Pacific,10180.938,16650,10526,27.5,
1975,6027,CA,Inyo County,rural,West,Pacific,10180.938,16888,10743,28.625,
1976,6027,CA,Inyo County,rural,West,Pacific,10180.938,17036,10870,29.75,
1977,6027,CA,Inyo County,rural,West,Pacific,10180.938,17224,10990,30.875,
1978,6027,CA,Inyo County,rural,West,Pacific,10180.938,16506,10425,32,
1979,6027,CA,Inyo County,rural  ,West,Pacific,10180.938,17747,11333,35.2,
1980,6027,CA,Inyo County,rural,West,Pacific,10180.938,17906,11421,38.4,
1981,6027,CA,Inyo County,rural,West,Pacific,10180.938,17955,11416,41.6,
1982,6027,CA,Inyo County,rural,West,Pacific,10180.938,18408,11650,44.8,
1983,6027,CA,Inyo County,rural,West,Pacific,10180.938,18421,11594,48,18
1984,6027,CA,Inyo County,rural,West,Pacific,10180.938,18202,11407,51.6,15
1985,6027,CA,Inyo County, rural,West,Pacific,10180.938,18084,11291,55.2,25
1986,6027,CA,Inyo County,rural,West,Pacific,10180.938,17860,11096,58.8,28
1987,6027,CA,Inyo County,rural,West,Pacific,10180.938,17797,10985,62.4,40
1988,6027,CA,Inyo County,rural,West,Pacific,10180.938,17947,11018,66,48
1989,6027,CA,Inyo County,rural,West,Pacific,10180.938,18317,11184,67.8,51.3333333333
1990,6027,CA,Inyo County,rural,West,Pacific,10180.938,18272,11029,69.6,54.6666666667
1990,6027,CA,Inyo County,rural,West,Pacific,10180.938,18272,11029,69.6,54.6666666667
1991,6027,CA,Inyo County,rural  ,West,Pacific,10180.938,18312,10936,71.4,58
1992,6027,CA,Inyo County,rural,West,Pacific,10180.938,18372,10970,73.2,76
1993,6027,CA,Inyo County,RURAL,West,Pacific,10180.938,18337,10898,75,68
1994,6027,CA,Inyo County,rural,West,Pacific,10180.938,18431,10930,74.16666,70
1994,6027,CA,Inyo County,rural,West,Pacific,10180.938,18431,10930,74.16666,70
1995,6027,CA,Inyo County,Rural,West,Pacific,10180.938,18395,10924,73.33334,75
1995,6027,CA,Inyo County,Rural,West,Pacific,10180.938,18395,10924,73.33334,75
1996,6027,CA,Inyo County,rural,West,Pacific,10180.938,18311,10891,72.5,78
1997,6027,CA,Inyo County,rural,West,Pacific,10180.938,18241,11003,71.66666,89
1998,6027,CA,Inyo County,rural,West,Pacific,10180.938,18036,10990,70.83334,76
1999,6027,CA,Inyo County,rural,West,Pacific,10180.938,17968,10992,70,87
2000,6027,CA,Inyo County,rural,West,Pacific,10180.938,17955,11030,72,74
2001,6027,CA,Inyo County,rural,West,Pacific,10180.938,18117,11179,74,72
2001,6027,CA,Inyo County,rural,West,Pacific,10180.938,18117,11179,74,72
2002,6027,CA,Inyo County,rural,West,Pacific,10180.938,18394,11395,76,83
2003,6027,CA,Inyo County,rural,West,Pacific,10180.938,18593,11582,78,80
2004,6027,CA,Inyo County,rural,West,Pacific,10180.938,18578,11555,80,83
2005,6027,CA,Inyo County,rural,West,Pacific,10180.938,18478,11643,648,100
2005,6027,,,,,,,,,82,
2006,6027,CA,Inyo County,rural,West,Pacific,10180.938,18370,11699,88,108
2007,6027,CA,Inyo County,rural,West,Pacific,10180.938,18426,11744,87,95
2008,6027,CA,Inyo County,rural,West,Pacific,10180.938,18318,11692,75,95
2009,6027,CA,Inyo County,rural  ,West,Pacific,10180.938,18544,11813,92,100
2010,6027,CA,Inyo County,rural,West,Pacific,10180.938,18546,11822,66,75
2011,6027,CA,Inyo County,rural,West,Pacific,10180.938,18517,11800,72,60
2012,6027,CA,Inyo County,rural,West,Pacific,10180.938,18401,11720,61,48
2013,6027,CA,Inyo County,rural,West,Pacific,10180.938,18370,11606,73,50
2014,6027,CA,Inyo County,rural,West,Pacific,10180.938,18377,11472,62,50
2015,6027,CA,Inyo County,rural  ,West,Pacific,10180.938,18340,11345,70,45
2016,6027,CA,Inyo County,rural  ,West,Pacific,10180.938,18197,11112,,
1970,6029,CA,Kern County,small/mid,West,Pacific,8132.236,331430,203221,625,
1971,6029,CA,Kern County,small/mid,West,Pacific,8132.236,336233,207301,641.125,
1972,6029,CA,Kern County,Small/mid,West,Pacific,8132.236,336833,209185,657.25,
1973,6029,CA,Kern County,small/mid,West,Pacific,8132.236,343008,214917,673.375,
1974,6029,CA,Kern County,small/mid,West,Pacific,8132.236,344843,217574,689.5,
1975,6029,CA,Kern County,small/mid,West,Pacific,8132.236,356862,227113,705.625,
1976,6029,CA,Kern County,small/mid,West,Pacific,8132.236,366936,235383,721.75,
1977,6029,CA,Kern County,small/mid,West,Pacific,8132.236,372218,239802,737.875,
1978,6029,CA,Kern County,small/mid,West,Pacific,8132.236,377994,244246,754,
1979,6029,CA,Kern County,small/mid,West,Pacific,8132.236,393204,255265,942.2,
1979,6029,CA,Kern County,small/mid,West,Pacific,8132.236,393204,255265,942.2,
1980,6029,CA,Kern County,small/mid,West,Pacific,8132.236,406458,264235,1130.4,
1981,6029,CA,Kern County,small/mid,West,Pacific,8132.236,418874,272135,1318.6,
1982,6029,CA,Kern County,small/mid,West,Pacific,8132.236,433696,280950,1506.8,
1983,6029,CA,Kern County,small/mid,West,Pacific,8132.236,446961,288443,1695,1338
1984,6029,CA,Kern County,small/mid,West,Pacific,8132.236,459408,295959,1833,1452
1985,6029,CA,Kern County,small/mid,West,Pacific,8132.236,474245,305117,1971,1723
1986,6029,CA,Kern County,small/mid  ,West,Pacific,8132.236,486211,312251,2110,1925
1986,6029,CA,Kern County,small/mid  ,West,Pacific,8132.236,486211,312251,2110,1925
1987,6029,CA,Kern County,small/mid,West,Pacific,8132.236,497911,318373,2178,2161
1988,6029,CA,Kern County,small/mid,West,Pacific,8132.236,510974,325386,2276,2448
1989,6029,CA,Kern County,small/mid,West,Pacific,8132.236,527927,334585,2302,2649.33333333
1990,6029,CA,Kern County,small/mid,West,Pacific,8132.236,549535,344969,2383,2850.66666667
1991,6029,CA,Kern County,small/mid,West,Pacific,8132.236,569346,354796,2076,3052
1992,6029,CA,Kern County,small/mid,West,Pacific,8132.236,589897,369070,2151,3235
1993,6029,CA,Kern County,small/mid,West,Pacific,8132.236,599843,372961,2104,3248
1994,6029,CA,Kern County,small/mid,West,Pacific,8132.236,614707,381942,1823,3573
1995,6029,CA,Kern County,SMALL/MID,West,Pacific,8132.236,620201,384471,2075,3881
1996,6029,CA,Kern County,SMALL/MID,West,Pacific,8132.236,626719,388314,2056,4541
1997,6029,CA,Kern County,small/mid,West,Pacific,8132.236,634695,396546,2425,5113
1997,6029,CA,Kern County,small/mid,West,Pacific,8132.236,634695,396546,2425,5113
1998,6029,CA,Kern County,small/mid,West,Pacific,8132.236,643017,405536,2400,5109
1998,6029,CA,Kern County,small/mid,West,Pacific,8132.236,643017,405536,2400,5109
1999,6029,CA,Kern County,small/mid,West,Pacific,8132.236,655428,417071,2025,5220
2000,6029,CA,Kern County,small/mid,West,Pacific,8132.236,663803,424290,2553,5286
2001,6029,CA,Kern County,small/mid,West,Pacific,8132.236,676574,435063,2621,5331
2002,6029,CA,Kern County,small/mid,West,Pacific,8132.236,694059,448642,2560,5584
2003,6029,CA,Kern County,small/mid,West,Pacific,8132.236,714272,463630,2221,5501
2004,6029,CA,Kern County,small/mid,West,Pacific,8132.236,736296,479623,2189,5359
2005,6029,CA,Kern County,small/mid,West,Pacific,8132.236,760726,497617,2212,5281
2006,6029,CA,Kern County,small/mid,West,Pacific,8132.236,784511,515491,2279,5219
2007,6029,CA,Kern County,SMALL/MID,West,Pacific,8132.236,803281,529237,2338,5027
2008,6029,CA,Kern County, small/mid,West,Pacific,8132.236,818327,539056,2372,5007
2009,6029,CA,Kern County,small/mid,West,Pacific,8132.236,830137,547484,2405,4898
2009,6029,CA,Kern County,small/mid,West,Pacific,8132.236,830137,547484,2405,4898
2010,6029,CA,Kern County,small/mid,West,Pacific,8132.236,839621,554134,2483,4828
2011,6029,CA,Kern County, small/mid,West,Pacific,8132.236,841116,555057,2356,4329
2012,6029,CA,Kern County, small/mid,West,Pacific,8132.236,848767,560016,2569,3683
2013,6029,CA,Kern County,small/mid,West,Pacific,8132.236,855237,561443,2522,3895
2014,6029,CA,Kern County, small/mid,West,Pacific,8132.236,864014,565380,2650,3727
2015,6029,CA,Kern County,small/mid,West,Pacific,8132.236,871895,569845,2321,3558
2016,6029,CA,Kern County,small/mid,West,Pacific,8132.236,879607,574209,,
1970,6031,CA,Kings County,small/mid,West,Pacific,1389.425,66665,40794,90,
1971,6031,CA,Kings County,small/mid,West,Pacific,1389.425,66458,40932,93.375,
1971,6031,CA,Kings County,small/mid,West,Pacific,1389.425,66458,40932,93.375,
1972,6031,CA,Kings County,small/mid,West,Pacific,1389.425,68163,42404,96.75,
1973,6031,CA,Kings County,small/mid,West,Pacific,1389.425,68310,42895,100.125,
1974,6031,CA,Kings County,small/mid,West,Pacific,1389.425,69068,43591,103.5,
1975,6031,CA,Kings County,Small/mid,West,Pacific,1389.425,70595,44778,106.875,
1976,6031,CA,Kings County,small/mid,West,Pacific,1389.425,71710,45612,110.25,
1977,6031,CA,Kings County,Small/mid,West,Pacific,1389.425,72457,46396,113.625,
1978,6031,CA,Kings County,small/mid,West,Pacific,1389.425,73550,47105,117,
1979,6031,CA,Kings County,small/mid,West,Pacific,1389.425,73566,47177,153.2,
1980,6031,CA,Kings County,small/mid,West,Pacific,1389.425,74272,47760,189.4,
1981,6031,CA,Kings County,small/mid,West,Pacific,1389.425,76230,49362,225.6,
1982,6031,CA,Kings County,Small/mid,West,Pacific,1389.425,78217,50877,261.8,
1983,6031,CA,Kings County,Small/mid,West,Pacific,1389.425,81134,52928,298,152
1984,6031,CA,Kings County,small/mid,West,Pacific,1389.425,83000,54409,313.5,195
1985,6031,CA,Kings County,small/mid,West,Pacific,1389.425,85195,56115,329,203
1986,6031,CA,Kings County,small/mid,West,Pacific,1389.425,86374,57103,58,241
1987,6031,CA,Kings County,small/mid  ,West,Pacific,1389.425,88030,58238,921,324
1987,6031,,,,,,,,,342,
1988,6031,CA,Kings County,small/mid,West,Pacific,1389.425,94513,62555,398,351
1989,6031,CA,Kings County,small/mid,West,Pacific,1389.425,99854,66075,434,378
1990,6031,CA,Kings County,small/mid,West,Pacific,1389.425,101885,66927,359,405
1991,6031,CA,Kings County,SMALL/MID,West,Pacific,1389.425,104334,68161,517,432
1992,6031,CA,Kings County,  SMALL/MID ,West,Pacific,1389.425,107414,70265,398,429
1993,6031,CA,Kings County,small/mid,West,Pacific,1389.425,109161,71168,320,570
1994,6031,CA,Kings County,small/mid,West,Pacific,1389.425,111565,72514,308,631
1995,6031,CA,Kings County,small/mid,West,Pacific,1389.425,113840,73713,823,617
1995,6031,,,,,,,,,309,
1996,6031,CA,Kings County,small/mid  ,West,Pacific,1389.425,115411,74620,297,680
1997,6031,CA,Kings County,small/mid,West,Pacific,1389.425,116769,75855,301,775
1998,6031,CA,Kings County,small/mid  ,West,Pacific,1389.425,121457,80599,327,814
1999,6031,CA,Kings County,SMALL/MID,West,Pacific,1389.425,126402,85509,302,861
2000,6031,CA,Kings County,small/mid,West,Pacific,1389.425,129835,88565,338,997
2001,6031,CA,Kings County,small/mid,West,Pacific,1389.425,132881,91098,346,969
2002,6031,CA,Kings County,small/mid,West,Pacific,1389.425,135369,92972,329,1095
2003,6031,CA,Kings County,small/mid,West,Pacific,1389.425,139393,96034,279,1167
2004,6031,CA,Kings County,small/mid,West,Pacific,1389.425,143601,99516,290,1211
2005,6031,CA,Kings County,small/mid,West,Pacific,1389.425,145147,100476,289,1218
2006,6031,CA,Kings County,small/mid,West,Pacific,1389.425,147712,102559,282,1344
2007,6031,CA,Kings County,small/mid,West,Pacific,1389.425,150420,104410,306,1328
2008,6031,CA,Kings County,small/mid,West,Pacific,1389.425,152027,105265,405,1334
2009,6031,CA,Kings County,small/mid,West,Pacific,1389.425,152278,104926,359,1444
2010,6031,CA,Kings County,small/mid,West,Pacific,1389.425,152982,105187,329,1488
2010,6031,CA,Kings County,small/mid,West,Pacific,1389.425,152982,105187,329,1488
2011,6031,CA,Kings County,small/mid,West,Pacific,1389.425,152404,104640,331,1343
2012,6031,CA,Kings County,small/mid,West,Pacific,1389.425,152030,104020,470,1217
2013,6031,CA,Kings County,small/mid,West,Pacific,1389.425,151265,103314,552,1297
2014,6031,CA,Kings County,small/mid,West,Pacific,1389.425,150675,102389,443,1186
2015,6031,CA,Kings County,small/mid  ,West,Pacific,1389.425,149862,101316,1019,988
2015,6031,,,,,,,,,505,
2016,6031,CA,Kings County,small/mid,West,Pacific,1389.425,150482,101466,,
1970,6033,CA,Lake County,rural,West,Pacific,1256.511,19825,11249,24,
1971,6033,CA,Lake County,Rural,West,Pacific,1256.511,20935,11925,24.5,
1972,6033,CA,Lake County,rural,West,Pacific,1256.511,21840,12482,25,
1973,6033,CA,Lake County,rural,West,Pacific,1256.511,23474,13585,25.5,
1974,6033,CA,Lake County,rural,West,Pacific,1256.511,24136,13997,26,
1975,6033,CA,Lake County,rural,West,Pacific,1256.511,25630,15040,592,
1975,6033,,,,,,,,,26.5,
1976,6033,CA,Lake County,rural,West,Pacific,1256.511,27427,16285,27,
1976,6033,CA,Lake County,rural,West,Pacific,1256.511,27427,16285,27,
1977,6033,CA,Lake County,rural,West,Pacific,1256.511,29589,17713,27.5,
1978,6033,CA,Lake County,rural,West,Pacific,1256.511,32225,19428,28,
1979,6033,CA,Lake County,rural,West,Pacific,1256.511,34736,21004,31.2,
1980,6033,CA,Lake County,rural,West,Pacific,1256.511,36833,22228,34.4,
1981,6033,CA,Lake County,rural,West,Pacific,1256.511,38620,23181,37.6,
1982,6033,CA,Lake County,rural,West,Pacific,1256.511,39993,23840,40.8,
1983,6033,CA,Lake County,rural,West,Pacific,1256.511,41809,24733,44,63
1984,6033,CA,Lake County,  RURAL ,West,Pacific,1256.511,43812,25756,50,86
1985,6033,CA,Lake County,rural,West,Pacific,1256.511,45494,26613,56,98
1986,6033,CA,Lake County,rural,West,Pacific,1256.511,46135,26830,68,129
1987,6033,CA,Lake County, rural,West,Pacific,1256.511,47140,27211,84,172
1988,6033,CA,Lake County,rural,West,Pacific,1256.511,47914,27506,116,239
1989,6033,CA,Lake County,rural,West,Pacific,1256.511,48944,27934,128,240.333333333
1990,6033,CA,Lake County,rural,West,Pacific,1256.511,51149,28942,160,241.666666667
1991,6033,CA,Lake County,rural,West,Pacific,1256.511,53036,30029,146,243
1992,6033,CA,Lake County,rural,West,Pacific,1256.511,54358,31008,156,237
1993,6033,CA,Lake County,rural,West,Pacific,1256.511,55492,31677,180,262
1994,6033,CA,Lake County,Rural,West,Pacific,1256.511,56097,32185,171,253
1995,6033,CA,Lake County,rural,West,Pacific,1256.511,56265,32416,187,274
1996,6033,CA,Lake County,rural,West,Pacific,1256.511,56331,32599,193,304
1997,6033,CA,Lake County,Rural,West,Pacific,1256.511,56275,32909,186,332
1998,6033,CA,Lake County,rural,West,Pacific,1256.511,56695,33640,187,335
1999,6033,CA,Lake County,rural,West,Pacific,1256.511,57214,34396,174,353
1999,6033,CA,Lake County,rural,West,Pacific,1256.511,57214,34396,174,353
2000,6033,CA,Lake County,rural,West,Pacific,1256.511,58538,35696,186.8333,407
2001,6033,CA,Lake County,rural,West,Pacific,1256.511,60219,37251,199.6667,417
2002,6033,CA,Lake County,rural,West,Pacific,1256.511,61513,38539,212.5,450
2003,6033,CA,Lake County,rural,West,Pacific,1256.511,62496,39610,225.3333,488
2003,6033,CA,Lake County,rural,West,Pacific,1256.511,62496,39610,225.3333,488
2004,6033,CA,Lake County,rural,West,Pacific,1256.511,63116,40551,238.1667,513
2005,6033,CA,Lake County,rural,West,Pacific,1256.511,63811,41455,251,538
2006,6033,CA,Lake County,rural,West,Pacific,1256.511,64202,42070,279,554
2007,6033,CA,Lake County,rural,West,Pacific,1256.511,64077,42031,282,548
2008,6033,CA,Lake County,rural,West,Pacific,1256.511,64392,42112,246,492
2009,6033,CA,Lake County, rural,West,Pacific,1256.511,64413,42000,225,436
2010,6033,CA,Lake County,rural,West,Pacific,1256.511,64665,42130,227,401
2011,6033,CA,Lake County, rural,West,Pacific,1256.511,64742,42177,228,359
2012,6033,CA,Lake County,rural,West,Pacific,1256.511,64273,41685,229,319
2013,6033,CA,Lake County,rural,West,Pacific,1256.511,64005,40909,313,320
2014,6033,CA,Lake County,rural,West,Pacific,1256.511,63855,40341,350,329
2015,6033,CA,Lake County,rural,West,Pacific,1256.511,64113,39956,281,337
2016,6033,CA,Lake County,rural,West,Pacific,1256.511,64310,39545,,
1970,6035,CA,Lassen County,rural,West,Pacific,4541.185,16884,11160,15,
1971,6035,CA,Lassen County,rural,West,Pacific,4541.185,17233,11411,15.125,
1972,6035,CA,Lassen County,rural,West,Pacific,4541.185,17657,11744,529,
1972,6035,,,,,,,,,15.25,
1973,6035,CA,Lassen County,rural,West,Pacific,4541.185,17649,11774,15.375,
1974,6035,CA,Lassen County,rural,West,Pacific,4541.185,18171,12256,15.5,
1975,6035,CA,Lassen County,rural  ,West,Pacific,4541.185,18598,12679,15.625,
1976,6035,CA,Lassen County,rural,West,Pacific,4541.185,18641,12670,15.75,
1977,6035,CA,Lassen County,rural,West,Pacific,4541.185,19358,13244,15.875,
1978,6035,CA,Lassen County,rural,West,Pacific,4541.185,19973,13677,16,
1979,6035,CA,Lassen County,rural,West,Pacific,4541.185,21147,14532,18.8,
1980,6035,CA,Lassen County,  RURAL ,West,Pacific,4541.185,21853,15067,21.6,
1981,6035,CA,Lassen County,rural,West,Pacific,4541.185,22569,15593,24.4,
1982,6035,CA,Lassen County,rural,West,Pacific,4541.185,23374,16157,27.2,
1983,6035,CA,Lassen County,rural,West,Pacific,4541.185,23563,16281,30,33
1984,6035,CA,Lassen County,rural,West,Pacific,4541.185,23831,16492,34.6,41
1985,6035,CA,Lassen County,rural,West,Pacific,4541.185,24129,16711,39.2,43
1985,6035,CA,Lassen County,rural,West,Pacific,4541.185,24129,16711,39.2,43
1986,6035,CA,Lassen County,rural,West,Pacific,4541.185,24641,17075,43.8,60
1987,6035,CA,Lassen County,rural,West,Pacific,4541.185,26049,18013,48.4,58
1987,6035,CA,Lassen County,rural,West,Pacific,4541.185,26049,18013,48.4,58
1988,6035,CA,Lassen County,rural,West,Pacific,4541.185,26681,18424,53,77
1988,6035,CA,Lassen County,rural,West,Pacific,4541.185,26681,18424,53,77
1989,6035,CA,Lassen County,rural,West,Pacific,4541.185,27334,18839,60.8,77
1990,6035,CA,Lassen County,rural,West,Pacific,4541.185,27666,18930,68.6,77
1991,6035,CA,Lassen County,RURAL,West,Pacific,4541.185,28001,19031,76.4,77
1992,6035,CA,Lassen County, rural,West,Pacific,4541.185,28603,19497,84.2,117
1993,6035,CA,Lassen County,rural,West,Pacific,4541.185,28774,19625,92,106
1994,6035,CA,Lassen County,rural,West,Pacific,4541.185,28544,19390,123,137
1995,6035,CA,Lassen County,rural,West,Pacific,4541.185,28825,19548,154,138
1996,6035,CA,Lassen County,rural,West,Pacific,4541.185,31874,22268,185,180
1997,6035,CA,Lassen County,rural  ,West,Pacific,4541.185,34123,24531,216,153
1998,6035,CA,Lassen County,rural,West,Pacific,4541.185,34030,24660,774,171
1998,6035,,,,,,,,,247,
1999,6035,CA,Lassen County,rural  ,West,Pacific,4541.185,33838,24644,278,155
2000,6035,CA,Lassen County,rural,West,Pacific,4541.185,33719,24667,760,169
2000,6035,,,,,,,,,246.3333,
2001,6035,CA,Lassen County,rural,West,Pacific,4541.185,33548,24579,214.6667,172
2002,6035,CA,Lassen County,rural,West,Pacific,4541.185,33430,24615,183,194
2003,6035,CA,Lassen County,rural,West,Pacific,4541.185,33930,25101,151.3333,175
2004,6035,CA,Lassen County,rural,West,Pacific,4541.185,34458,25667,119.6667,160
2005,6035,CA,Lassen County,rural,West,Pacific,4541.185,34488,25910,88,140
2006,6035,CA,Lassen County,rural,West,Pacific,4541.185,34605,26062,92.75,153
2006,6035,CA,Lassen County,rural,West,Pacific,4541.185,34605,26062,92.75,153
2007,6035,CA,Lassen County,rural,West,Pacific,4541.185,35615,27080,97.5,173
2008,6035,CA,Lassen County,rural,West,Pacific,4541.185,35221,26666,102.25,165
2009,6035,CA,Lassen County,rural,West,Pacific,4541.185,35160,26583,107,142
2010,6035,CA,Lassen County,rural,West,Pacific,4541.185,34895,26348,111.75,133
2011,6035,CA,Lassen County,rural,West,Pacific,4541.185,34831,26319,116.5,121
2012,6035,CA,Lassen County,rural,West,Pacific,4541.185,34244,25905,121.25,112
2013,6035,CA,Lassen County,rural,West,Pacific,4541.185,33632,25275,126,103
2014,6035,CA,Lassen County,rural,West,Pacific,4541.185,32135,23727,130,106
2015,6035,CA,Lassen County,rural,West,Pacific,4541.185,31716,23394,120,93
2016,6035,CA,Lassen County,rural,West,Pacific,4541.185,31393,22943,,
1970,6037,CA,Los Angeles County,urban,West,Pacific,4058.161,7054316,4516068,10249,
1970,6037,CA,Los Angeles County,urban,West,Pacific,4058.161,7054316,4516068,10249,
1971,6037,CA,Los Angeles County,urban,West,Pacific,4058.161,7103642,4574887,10014.38,
1972,6037,CA,Los Angeles County,urban,West,Pacific,4058.161,7056622,4577361,9779.75,
1973,6037,CA,Los Angeles County,urban,West,Pacific,4058.161,7040439,4603288,9545.125,
1974,6037,CA,Los Angeles County,urban,West,Pacific,4058.161,7085784,4669633,9310.5,
1975,6037,CA,Los Angeles County,URBAN,West,Pacific,4058.161,7116793,4722453,9075.875,
1976,6037,CA,Los Angeles County,urban,West,Pacific,4058.161,7211666,4821683,8841.25,
1977,6037,CA,Los Angeles County,urban,West,Pacific,4058.161,7251628,4873954,8606.625,
1978,6037,CA,Los Angeles County,urban,West,Pacific,4058.161,7351745,4968432,8372,
1978,6037,CA,Los Angeles County,urban,West,Pacific,4058.161,7351745,4968432,8372,
1979,6037,CA,Los Angeles County,urban,West,Pacific,4058.161,7401012,5022205,9197.6,
1980,6037,CA,Los Angeles County,urban,West,Pacific,4058.161,7502452,5106823,10023.2,
1981,6037,CA,Los Angeles County, urban,West,Pacific,4058.161,7608792,5193019,10848.8,
1981,6037,CA,Los Angeles County, urban,West,Pacific,4058.161,7608792,5193019,10848.8,
1982,6037,CA,Los Angeles County,urban,West,Pacific,4058.161,7767421,5303251,11674.4,
1983,6037,CA,Los Angeles County,urban,West,Pacific,4058.161,7920953,5405267,12500,14851
1984,6037,CA,Los Angeles County,Urban,West,Pacific,4058.161,8041681,5493102,14008.5,16492
1984,6037,CA,Los Angeles County,Urban,West,Pacific,4058.161,8041681,5493102,14008.5,16492
1985,6037,CA,Los Angeles County,  URBAN ,West,Pacific,4058.161,8182907,5596422,15517,19307
1986,6037,CA,Los Angeles County,Urban,West,Pacific,4058.161,8393630,5744533,16255,24268
1987,6037,CA,Los Angeles County,Urban,West,Pacific,4058.161,8553846,5845644,17287,28065
1987,6037,CA,Los Angeles County,Urban,West,Pacific,4058.161,8553846,5845644,17287,28065
1988,6037,CA,Los Angeles County,Urban,West,Pacific,4058.161,8667689,5916250,22246,33635
1989,6037,CA,Los Angeles County,urban,West,Pacific,4058.161,8793711,5991443,22563,35627.6666667
1989,6037,CA,Los Angeles County,urban,West,Pacific,4058.161,8793711,5991443,22563,35627.6666667
1990,6037,CA,Los Angeles County,urban,West,Pacific,4058.161,8878157,6002314,22083,37620.3333333
1991,6037,CA,Los Angeles County,urban,West,Pacific,4058.161,8948125,6000258,20959,39613
1992,6037,CA,Los Angeles County,urban,West,Pacific,4058.161,9055424,6052872,22379,42427
1993,6037,CA,Los Angeles County,  URBAN ,West,Pacific,4058.161,9100159,6040712,23456,45875
1994,6037,CA,Los Angeles County,urban,West,Pacific,4058.161,9096608,6006262,19725,46147
1995,6037,CA,Los Angeles County,urban,West,Pacific,4058.161,9089015,5972978,19896,48700
1996,6037,CA,Los Angeles County,urban,West,Pacific,4058.161,9127042,5980697,18167,52018
1997,6037,CA,Los Angeles County,urban  ,West,Pacific,4058.161,9206538,6058156,19931,55423
1998,6037,CA,Los Angeles County,urban,West,Pacific,4058.161,9313589,6162333,21136,57340
1999,6037,CA,Los Angeles County,urban,West,Pacific,4058.161,9437290,6263676,20903,56581
2000,6037,CA,Los Angeles County,urban,West,Pacific,4058.161,9538191,6345857,19681,55480
2001,6037,CA,Los Angeles County,urban,West,Pacific,4058.161,9626034,6425162,19347,53433
2002,6037,CA,Los Angeles County,urban,West,Pacific,4058.161,9705913,6504595,19280,52953
2003,6037,CA,Los Angeles County,urban,West,Pacific,4058.161,9767145,6572707,21184,53995
2004,6037,CA,Los Angeles County, urban,West,Pacific,4058.161,9793263,6623389,18512,55122
2005,6037,CA,Los Angeles County,urban,West,Pacific,4058.161,9786373,6656941,18020,55924
2006,6037,CA,Los Angeles County,urban,West,Pacific,4058.161,9737955,6670736,19287,57853
2007,6037,CA,Los Angeles County,urban,West,Pacific,4058.161,9700359,6675706,19266,58091
2008,6037,CA,Los Angeles County,urban,West,Pacific,4058.161,9735147,6715023,19836,57888
2009,6037,CA,Los Angeles County,urban,West,Pacific,4058.161,9787400,6764583,19437,56761
2010,6037,CA,Los Angeles County,urban,West,Pacific,4058.161,9818696,6794656,18036,54748
2011,6037,CA,Los Angeles County,urban,West,Pacific,4058.161,9824490,6801437,15759,50843
2012,6037,CA,Los Angeles County,urban,West,Pacific,4058.161,9885998,6851335,16368,46694
2013,6037,CA,Los Angeles County,urban,West,Pacific,4058.161,9956152,6892476,18789,46616
2014,6037,CA,Los Angeles County,urban,West,Pacific,4058.161,10018604,6928498,19071,45647
2015,6037,CA,Los Angeles County,URBAN,West,Pacific,4058.161,10072695,6952675,17152,42969
2016,6037,CA,Los Angeles County,urban,West,Pacific,4058.161,10123248,6974673,,
1970,6039,CA,Madera County,small/mid,West,Pacific,2137.018,41771,24813,70,
1971,6039,CA,Madera County,small/mid,West,Pacific,2137.018,42763,25513,78.875,
1972,6039,CA,Madera County,small/mid,West,Pacific,2137.018,43232,25935,87.75,
1973,6039,CA,Madera County,small/mid,West,Pacific,2137.018,44468,26894,96.625,
1974,6039,CA,Madera County,small/mid,West,Pacific,2137.018,46077,28031,105.5,
1975,6039,CA,Madera County,small/mid,West,Pacific,2137.018,47919,29316,114.375,
1976,6039,CA,Madera County,small/mid  ,West,Pacific,2137.018,49697,30558,123.25,
1977,6039,CA,Madera County,small/mid,West,Pacific,2137.018,52786,32641,132.125,
1978,6039,CA,Madera County,small/mid,West,Pacific,2137.018,55745,34615,141,
1979,6039,CA,Madera County,small/mid,West,Pacific,2137.018,60170,37539,152.4,
1980,6039,CA,Madera County,small/mid,West,Pacific,2137.018,63986,40023,163.8,
1981,6039,CA,Madera County,small/mid,West,Pacific,2137.018,67214,42083,175.2,
1982,6039,CA,Madera County,small/mid,West,Pacific,2137.018,69240,43276,186.6,
1983,6039,CA,Madera County,small/mid,West,Pacific,2137.018,71499,44565,198,199
1984,6039,CA,Madera County,small/mid,West,Pacific,2137.018,72994,45465,244,224
1985,6039,CA,Madera County,small/mid,West,Pacific,2137.018,75112,46794,290,256
1986,6039,CA,Madera County,small/mid,West,Pacific,2137.018,76970,47923,277,349
1987,6039,CA,Madera County,small/mid,West,Pacific,2137.018,79009,49025,264,366
1988,6039,CA,Madera County,small/mid,West,Pacific,2137.018,81766,50585,251,436
1988,6039,CA,Madera County,small/mid,West,Pacific,2137.018,81766,50585,251,436
1989,6039,CA,Madera County,small/mid,West,Pacific,2137.018,84800,52279,274,465
1990,6039,CA,Madera County,small/mid,West,Pacific,2137.018,89125,54410,263,494
1991,6039,CA,Madera County,small/mid,West,Pacific,2137.018,94973,58286,310,523
1992,6039,CA,Madera County,small/mid,West,Pacific,2137.018,99536,61329,320,515
1993,6039,CA,Madera County,small/mid,West,Pacific,2137.018,104039,64255,287,521
1994,6039,CA,Madera County,small/mid,West,Pacific,2137.018,107396,66304,296,610
1995,6039,CA,Madera County,small/mid,West,Pacific,2137.018,109300,67438,294,659
1996,6039,CA,Madera County,small/mid,West,Pacific,2137.018,113143,70189,298,588
1997,6039,CA,Madera County,small/mid,West,Pacific,2137.018,116442,73087,329,655
1998,6039,CA,Madera County,Small/mid,West,Pacific,2137.018,119143,75623,306,672
1999,6039,CA,Madera County,small/mid,West,Pacific,2137.018,121883,78254,255,637
2000,6039,CA,Madera County,small/mid,West,Pacific,2137.018,123587,79695,297,751
2001,6039,CA,Madera County,small/mid,West,Pacific,2137.018,125581,80979,309,728
2002,6039,CA,Madera County,small/mid,West,Pacific,2137.018,128369,82797,322,759
2003,6039,CA,Madera County,small/mid,West,Pacific,2137.018,132738,85778,357,745
2003,6039,CA,Madera County,small/mid,West,Pacific,2137.018,132738,85778,357,745
2004,6039,CA,Madera County,small/mid,West,Pacific,2137.018,137106,88832,335,775
2005,6039,CA,Madera County,Small/mid,West,Pacific,2137.018,140313,91280,380,783
2006,6039,CA,Madera County,small/mid,West,Pacific,2137.018,143622,93594,387.5,766
2007,6039,CA,Madera County,small/mid,West,Pacific,2137.018,146067,95250,395,796
2008,6039,CA,Madera County,small/mid,West,Pacific,2137.018,148359,96701,402.5,782
2009,6039,CA,Madera County,small/mid,West,Pacific,2137.018,149234,97063,410,732
2010,6039,CA,Madera County,small/mid,West,Pacific,2137.018,150843,98095,417.5,635
2011,6039,CA,Madera County, small/mid,West,Pacific,2137.018,151037,98195,425,560
2012,6039,CA,Madera County,small/mid,West,Pacific,2137.018,151876,98617,432.5,516
2012,6039,CA,Madera County,small/mid,West,Pacific,2137.018,151876,98617,432.5,516
2013,6039,CA,Madera County,small/mid,West,Pacific,2137.018,151900,97774,440,568
2014,6039,CA,Madera County,small/mid,West,Pacific,2137.018,151819,97333,476,540
2015,6039,CA,Madera County,small/mid,West,Pacific,2137.018,154103,98860,423,534
2016,6039,CA,Madera County,small/mid,West,Pacific,2137.018,154423,98576,,
1970,6041,CA,Marin County,suburban,West,Pacific,520.457,208318,137600,94,
1970,6041,CA,Marin County,suburban,West,Pacific,520.457,208318,137600,94,
1971,6041,CA,Marin County,suburban,West,Pacific,520.457,207012,137931,99.5,
1971,6041,CA,Marin County,suburban,West,Pacific,520.457,207012,137931,99.5,
1972,6041,CA,Marin County,suburban,West,Pacific,520.457,207702,140111,105,
1973,6041,CA,Marin County,suburban,West,Pacific,520.457,215798,147838,110.5,
1974,6041,CA,Marin County,suburban,West,Pacific,520.457,211586,146258,116,
1975,6041,CA,Marin County,suburban,West,Pacific,520.457,216964,151799,121.5,
1976,6041,CA,Marin County,suburban,West,Pacific,520.457,220969,156372,127,
1977,6041,CA,Marin County,suburban,West,Pacific,520.457,223294,159670,132.5,
1978,6041,CA,Marin County,suburban,West,Pacific,520.457,223563,161158,138,
1979,6041,CA,Marin County,suburban,West,Pacific,520.457,222874,161659,131.6,
1980,6041,CA,Marin County,suburban,West,Pacific,520.457,222984,162293,125.2,
1981,6041,CA,Marin County,suburban,West,Pacific,520.457,223909,163003,118.8,
1982,6041,CA,Marin County,suburban,West,Pacific,520.457,223421,162435,112.4,
1983,6041,CA,Marin County,suburban,West,Pacific,520.457,223974,162497,106,143
1984,6041,CA,Marin County,suburban,West,Pacific,520.457,223227,161789,109.5,160
1984,6041,CA,Marin County,suburban,West,Pacific,520.457,223227,161789,109.5,160
1985,6041,CA,Marin County,suburban,West,Pacific,520.457,222453,161104,113,199
1986,6041,CA,Marin County,suburban,West,Pacific,520.457,224007,161995,110,203
1987,6041,CA,Marin County,suburban,West,Pacific,520.457,224932,162199,690,235
1987,6041,,,,,,,,,111,
1988,6041,CA,Marin County,suburban,West,Pacific,520.457,226013,162631,121,248
1989,6041,CA,Marin County,suburban,West,Pacific,520.457,229176,164531,281,251.666666667
1990,6041,CA,Marin County,suburban,West,Pacific,520.457,230522,164153,292,255.333333333
1990,6041,CA,Marin County,suburban,West,Pacific,520.457,230522,164153,292,255.333333333
1991,6041,CA,Marin County,suburban,West,Pacific,520.457,233443,164652,277,259
1992,6041,CA,Marin County,suburban,West,Pacific,520.457,235820,165683,291,274
1993,6041,CA,Marin County,suburban,West,Pacific,520.457,238040,166014,304,304
1994,6041,CA,Marin County,suburban,West,Pacific,520.457,239032,165695,277,321
1995,6041,CA,Marin County,suburban,West,Pacific,520.457,239195,164972,326,345
1996,6041,CA,Marin County,suburban,West,Pacific,520.457,238705,163718,291,402
1997,6041,CA,Marin County,suburban,West,Pacific,520.457,241797,166482,292,431
1998,6041,CA,Marin County,suburban,West,Pacific,520.457,244706,169402,281,422
1999,6041,CA,Marin County,suburban,West,Pacific,520.457,246269,170889,265,426
2000,6041,CA,Marin County,suburban,West,Pacific,520.457,247520,171991,289,396
2001,6041,CA,Marin County,suburban,West,Pacific,520.457,247866,171923,289,372
2002,6041,CA,Marin County,suburban,West,Pacific,520.457,246225,170365,292,391
2003,6041,CA,Marin County,suburban,West,Pacific,520.457,245054,168891,285,404
2004,6041,CA,Marin County,suburban,West,Pacific,520.457,243769,167090,282,376
2005,6041,CA,Marin County,suburban,West,Pacific,520.457,244206,166709,303,367
2006,6041,CA,Marin County,suburban,West,Pacific,520.457,244580,166281,319,379
2007,6041,CA,Marin County,suburban,West,Pacific,520.457,246248,166601,316,401
2008,6041,CA,Marin County,suburban,West,Pacific,520.457,248398,166508,311,415
2009,6041,CA,Marin County,suburban,West,Pacific,520.457,250862,166773,299,426
2010,6041,CA,Marin County,suburban,West,Pacific,520.457,252419,166570,290,401
2011,6041,CA,Marin County,suburban,West,Pacific,520.457,252940,166652,295,342
2012,6041,CA,Marin County,suburban,West,Pacific,520.457,255505,167108,311,316
2013,6041,CA,Marin County,suburban,West,Pacific,520.457,256381,165227,287,274
2014,6041,CA,Marin County,suburban  ,West,Pacific,520.457,258856,165184,290,265
2015,6041,CA,Marin County,suburban,West,Pacific,520.457,261007,165082,267,252
2016,6041,CA,Marin County,suburban,West,Pacific,520.457,261718,164210,,
1970,6043,CA,Mariposa County,rural,West,Pacific,1448.838,6127,3737,12,
1971,6043,CA,Mariposa County,rural,West,Pacific,1448.838,6628,4104,11.25,
1972,6043,CA,Mariposa County,rural,West,Pacific,1448.838,6827,4256,10.5,
1973,6043,CA,Mariposa County,rural  ,West,Pacific,1448.838,7412,4695,9.75,
1974,6043,CA,Mariposa County,rural,West,Pacific,1448.838,7873,5037,9,
1975,6043,CA,Mariposa County,rural,West,Pacific,1448.838,8306,5354,8.25,
1976,6043,CA,Mariposa County,rural,West,Pacific,1448.838,8688,5633,7.5,
1977,6043,CA,Mariposa County,rural,West,Pacific,1448.838,9202,5998,585,
1977,6043,,,,,,,,,6.75,
1978,6043,CA,Mariposa County,rural,West,Pacific,1448.838,9693,6308,6,
1979,6043,CA,Mariposa County,rural,West,Pacific,1448.838,10635,7007,8.2,
1980,6043,CA,Mariposa County, rural,West,Pacific,1448.838,11201,7407,10.4,
1980,6043,CA,Mariposa County, rural,West,Pacific,1448.838,11201,7407,10.4,
1981,6043,CA,Mariposa County,  RURAL ,West,Pacific,1448.838,11553,7614,12.6,
1982,6043,CA,Mariposa County,rural,West,Pacific,1448.838,11802,7735,14.8,
1982,6043,CA,Mariposa County,rural,West,Pacific,1448.838,11802,7735,14.8,
1983,6043,CA,Mariposa County,rural,West,Pacific,1448.838,11982,7805,17,
1984,6043,CA,Mariposa County,rural,West,Pacific,1448.838,12311,7987,18,
1985,6043,CA,Mariposa County,rural,West,Pacific,1448.838,12653,8171,19,
1985,6043,CA,Mariposa County,rural,West,Pacific,1448.838,12653,8171,19,
1986,6043,CA,Mariposa County,  RURAL ,West,Pacific,1448.838,12872,8282,20,
1987,6043,CA,Mariposa County,rural,West,Pacific,1448.838,13128,8392,21,
1988,6043,CA,Mariposa County,rural,West,Pacific,1448.838,13513,8601,22,
1989,6043,CA,Mariposa County,rural,West,Pacific,1448.838,13904,8802,22.6,5
1990,6043,CA,Mariposa County,rural,West,Pacific,1448.838,14446,9075,23.2,7
1991,6043,CA,Mariposa County,  RURAL ,West,Pacific,1448.838,15061,9511,23.8,9
1992,6043,CA,Mariposa County,rural,West,Pacific,1448.838,15565,9860,24.4,9
1993,6043,CA,Mariposa County,rural,West,Pacific,1448.838,15901,10034,25,8
1994,6043,CA,Mariposa County,rural,West,Pacific,1448.838,16171,10237,28.83333,21
1995,6043,CA,Mariposa County,rural,West,Pacific,1448.838,16427,10414,32.66667,39
1996,6043,CA,Mariposa County,rural,West,Pacific,1448.838,16784,10652,36.5,37
1997,6043,CA,Mariposa County,rural,West,Pacific,1448.838,16640,10607,40.33333,45
1998,6043,CA,Mariposa County,rural,West,Pacific,1448.838,17053,11015,44.16667,61
1999,6043,CA,Mariposa County,rural,West,Pacific,1448.838,16966,11043,48,66
1999,6043,CA,Mariposa County,rural,West,Pacific,1448.838,16966,11043,48,66
2000,6043,CA,Mariposa County,rural,West,Pacific,1448.838,17101,11181,48.5,68
2001,6043,CA,Mariposa County,rural,West,Pacific,1448.838,17099,11194,49,46
2002,6043,CA,Mariposa County,rural,West,Pacific,1448.838,17243,11307,49.5,45
2003,6043,CA,Mariposa County,rural,West,Pacific,1448.838,17707,11641,50,45
2004,6043,CA,Mariposa County,rural,West,Pacific,1448.838,17844,11803,50.5,53
2005,6043,CA,Mariposa County,rural,West,Pacific,1448.838,17972,11903,51,48
2005,6043,CA,Mariposa County,rural,West,Pacific,1448.838,17972,11903,51,48
2006,6043,CA,Mariposa County,rural,West,Pacific,1448.838,18219,12105,599,41
2006,6043,,,,,,,,,59,
2007,6043,CA,Mariposa County,rural,West,Pacific,1448.838,18366,12165,55,56
2008,6043,CA,Mariposa County,Rural,West,Pacific,1448.838,18412,12035,56,55
2009,6043,CA,Mariposa County,rural,West,Pacific,1448.838,18212,11830,51,59
2010,6043,CA,Mariposa County,rural,West,Pacific,1448.838,18250,11846,47,65
2011,6043,CA,Mariposa County,RURAL,West,Pacific,1448.838,18280,11865,40,55
2012,6043,CA,Mariposa County,rural,West,Pacific,1448.838,18174,11716,38,47
2013,6043,CA,Mariposa County,rural,West,Pacific,1448.838,17893,11292,50,55
2014,6043,CA,Mariposa County, rural,West,Pacific,1448.838,17820,11134,46,51
2015,6043,CA,Mariposa County,rural,West,Pacific,1448.838,17730,10945,45,53
2016,6043,CA,Mariposa County,rural,West,Pacific,1448.838,17649,10787,,
1970,6045,CA,Mendocino County,rural,West,Pacific,3506.359,51282,31664,54,
1971,6045,CA,Mendocino County,rural,West,Pacific,3506.359,52010,32240,56.75,
1971,6045,CA,Mendocino County,rural,West,Pacific,3506.359,52010,32240,56.75,
1972,6045,CA,Mendocino County,rural,West,Pacific,3506.359,52522,32764,59.5,
1973,6045,CA,Mendocino County,rural,West,Pacific,3506.359,55066,34746,62.25,
1974,6045,CA,Mendocino County,rural,West,Pacific,3506.359,56528,35981,65,
1975,6045,CA,Mendocino County,rural,West,Pacific,3506.359,57247,36664,67.75,
1976,6045,CA,Mendocino County,rural,West,Pacific,3506.359,58924,37987,70.5,
1977,6045,CA,Mendocino County,rural,West,Pacific,3506.359,61125,39510,73.25,
1978,6045,CA,Mendocino County,  RURAL ,West,Pacific,3506.359,62989,40814,76,
1978,6045,CA,Mendocino County,  RURAL ,West,Pacific,3506.359,62989,40814,76,
1979,6045,CA,Mendocino County,rural,West,Pacific,3506.359,65026,42239,82.6,
1980,6045,CA,Mendocino County,RURAL,West,Pacific,3506.359,67096,43603,89.2,
1981,6045,CA,Mendocino County,rural,West,Pacific,3506.359,68385,44428,95.8,
1982,6045,CA,Mendocino County,rural,West,Pacific,3506.359,69729,45179,102.4,
1983,6045,CA,Mendocino County,rural,West,Pacific,3506.359,70697,45627,109,142
1984,6045,CA,Mendocino County,rural  ,West,Pacific,3506.359,71811,46255,127.5,171
1985,6045,CA,Mendocino County,rural,West,Pacific,3506.359,73391,47197,146,159
1985,6045,CA,Mendocino County,rural,West,Pacific,3506.359,73391,47197,146,159
1986,6045,CA,Mendocino County,rural,West,Pacific,3506.359,74296,47672,163,174
1987,6045,CA,Mendocino County,rural,West,Pacific,3506.359,75318,48130,170,174
1988,6045,CA,Mendocino County, rural,West,Pacific,3506.359,76492,48697,259,187
1989,6045,CA,Mendocino County,rural,West,Pacific,3506.359,78443,49746,197,209.333333333
1990,6045,CA,Mendocino County,rural,West,Pacific,3506.359,80859,50813,197,231.666666667
1991,6045,CA,Mendocino County,Rural,West,Pacific,3506.359,81729,51154,262,254
1992,6045,CA,Mendocino County,rural,West,Pacific,3506.359,81978,51376,211,278
1993,6045,CA,Mendocino County,rural,West,Pacific,3506.359,82126,51307,210,297
1994,6045,CA,Mendocino County,rural,West,Pacific,3506.359,82427,51535,210.3333,282
1995,6045,CA,Mendocino County,rural,West,Pacific,3506.359,83277,52226,210.6667,309
1996,6045,CA,Mendocino County,rural,West,Pacific,3506.359,83887,52770,211,325
1997,6045,CA,Mendocino County,rural,West,Pacific,3506.359,84370,53781,725,351
1997,6045,,,,,,,,,211.3333,
1998,6045,CA,Mendocino County,rural,West,Pacific,3506.359,85062,54899,211.6667,341
1999,6045,CA,Mendocino County,rural,West,Pacific,3506.359,85665,55897,212,319
2000,6045,CA,Mendocino County,rural,West,Pacific,3506.359,86407,56848,232,315
2001,6045,CA,Mendocino County,  RURAL ,West,Pacific,3506.359,86841,57474,275,344
2002,6045,CA,Mendocino County,rural,West,Pacific,3506.359,87364,58146,272,354
2002,6045,CA,Mendocino County,rural,West,Pacific,3506.359,87364,58146,272,354
2003,6045,CA,Mendocino County,rural,West,Pacific,3506.359,88140,59022,228,360
2004,6045,CA,Mendocino County,rural,West,Pacific,3506.359,88030,59212,250,406
2005,6045,CA,Mendocino County,rural,West,Pacific,3506.359,87981,59324,267,406
2005,6045,CA,Mendocino County,rural,West,Pacific,3506.359,87981,59324,267,406
2006,6045,CA,Mendocino County,  RURAL ,West,Pacific,3506.359,87345,59017,278,386
2007,6045,CA,Mendocino County,rural,West,Pacific,3506.359,87071,58729,261,353
2008,6045,CA,Mendocino County,rural,West,Pacific,3506.359,87468,58624,292,396
2009,6045,CA,Mendocino County,  RURAL ,West,Pacific,3506.359,87722,58570,302,385
2010,6045,CA,Mendocino County,rural,West,Pacific,3506.359,87840,58351,265,352
2011,6045,CA,Mendocino County,rural,West,Pacific,3506.359,87799,58213,233,298
2012,6045,CA,Mendocino County,  RURAL ,West,Pacific,3506.359,87367,57370,227,303
2013,6045,CA,Mendocino County,rural,West,Pacific,3506.359,87376,56385,237,319
2014,6045,CA,Mendocino County,rural,West,Pacific,3506.359,87164,55521,274,323
2015,6045,CA,Mendocino County,rural,West,Pacific,3506.359,87375,54916,274,341
2016,6045,CA,Mendocino County,  RURAL ,West,Pacific,3506.359,87318,54189,,
1970,6047,CA,Merced County,small/mid,West,Pacific,1935.212,105314,63583,85,
1971,6047,CA,Merced County,  SMALL/MID ,West,Pacific,1935.212,108034,65668,86.125,
1971,6047,CA,Merced County,  SMALL/MID ,West,Pacific,1935.212,108034,65668,86.125,
1972,6047,CA,Merced County,small/mid,West,Pacific,1935.212,110551,67799,87.25,
1973,6047,CA,Merced County,small/mid,West,Pacific,1935.212,114441,70871,88.375,
1974,6047,CA,Merced County,small/mid,West,Pacific,1935.212,117954,73691,89.5,
1975,6047,CA,Merced County,small/mid,West,Pacific,1935.212,121460,76471,90.625,
1976,6047,CA,Merced County,small/mid,West,Pacific,1935.212,126365,80293,91.75,
1977,6047,CA,Merced County,small/mid,West,Pacific,1935.212,126594,80862,92.875,
1978,6047,CA,Merced County,small/mid,West,Pacific,1935.212,128439,82636,94,
1979,6047,CA,Merced County,small/mid,West,Pacific,1935.212,131780,85157,143.2,
1980,6047,CA,Merced County,small/mid,West,Pacific,1935.212,135648,87710,192.4,
1981,6047,CA,Merced County,small/mid,West,Pacific,1935.212,139634,89998,241.6,
1982,6047,CA,Merced County,small/mid,West,Pacific,1935.212,142766,91498,290.8,
1983,6047,CA,Merced County,small/mid,West,Pacific,1935.212,147658,94050,340,238
1984,6047,CA,Merced County,small/mid,West,Pacific,1935.212,151360,96021,369,261
1985,6047,CA,Merced County,small/mid,West,Pacific,1935.212,155935,98577,398,313
1986,6047,CA,Merced County,small/mid,West,Pacific,1935.212,158994,100121,448,326
1987,6047,CA,Merced County,small/mid,West,Pacific,1935.212,162956,101962,464,391
1988,6047,CA,Merced County,SMALL/MID,West,Pacific,1935.212,167751,104311,506,443
1989,6047,CA,Merced County,small/mid,West,Pacific,1935.212,172990,106822,514,465.666666667
1990,6047,CA,Merced County,small/mid,West,Pacific,1935.212,179953,109777,655,488.333333333
1990,6047,CA,Merced County,small/mid,West,Pacific,1935.212,179953,109777,655,488.333333333
1991,6047,CA,Merced County,small/mid,West,Pacific,1935.212,186091,112912,561,511
1992,6047,CA,Merced County,small/mid,West,Pacific,1935.212,189489,114772,578,551
1993,6047,CA,Merced County,small/mid,West,Pacific,1935.212,193137,116353,591,599
1994,6047,CA,Merced County,small/mid,West,Pacific,1935.212,197798,118986,468,686
1995,6047,CA,Merced County,small/mid,West,Pacific,1935.212,195291,116909,491,807
1996,6047,CA,Merced County,small/mid,West,Pacific,1935.212,194819,116433,503,904
1997,6047,CA,Merced County,  SMALL/MID ,West,Pacific,1935.212,198312,119629,550,960
1998,6047,CA,Merced County,Small/mid,West,Pacific,1935.212,202264,123305,517,1036
1999,6047,CA,Merced County,small/mid,West,Pacific,1935.212,206734,126981,561,1065
2000,6047,CA,Merced County,small/mid,West,Pacific,1935.212,212258,131174,563,1078
2001,6047,CA,Merced County,small/mid,West,Pacific,1935.212,218816,136463,574,1057
2002,6047,CA,Merced County,small/mid,West,Pacific,1935.212,225351,141603,597,1087
2003,6047,CA,Merced County,small/mid,West,Pacific,1935.212,231735,146591,1208,1148
2003,6047,,,,,,,,,629,
2004,6047,CA,Merced County,small/mid,West,Pacific,1935.212,237180,151041,660,1188
2005,6047,CA,Merced County, small/mid,West,Pacific,1935.212,242554,155218,677,1286
2006,6047,CA,Merced County,small/mid,West,Pacific,1935.212,245338,157601,756,1334
2007,6047,CA,Merced County,small/mid,West,Pacific,1935.212,248540,160220,748,1260
2008,6047,CA,Merced County,small/mid,West,Pacific,1935.212,250538,161784,793,1170
2009,6047,CA,Merced County,small/mid,West,Pacific,1935.212,252302,163208,793,1181
2010,6047,CA,Merced County,  SMALL/MID ,West,Pacific,1935.212,255798,165329,773,1105
2011,6047,CA,Merced County,small/mid,West,Pacific,1935.212,256772,166118,670,894
2012,6047,CA,Merced County,small/mid,West,Pacific,1935.212,259607,168397,909,871
2013,6047,CA,Merced County,small/mid,West,Pacific,1935.212,261407,169169,658,968
2014,6047,CA,Merced County,small/mid,West,Pacific,1935.212,262712,169675,792,1003
2014,6047,CA,Merced County,small/mid,West,Pacific,1935.212,262712,169675,792,1003
2015,6047,CA,Merced County,small/mid,West,Pacific,1935.212,265281,171096,696,897
2016,6047,CA,Merced County,small/mid,West,Pacific,1935.212,267406,172355,,
1970,6049,CA,Modoc County,rural,West,Pacific,3915.447,7519,4673,7,
1971,6049,CA,Modoc County,rural,West,Pacific,3915.447,7730,4829,7.625,
1971,6049,CA,Modoc County,rural,West,Pacific,3915.447,7730,4829,7.625,
1972,6049,CA,Modoc County,rural,West,Pacific,3915.447,7786,4892,8.25,
1973,6049,CA,Modoc County,rural,West,Pacific,3915.447,7698,4845,8.875,
1974,6049,CA,Modoc County,rural,West,Pacific,3915.447,7902,5022,9.5,
1975,6049,CA,Modoc County,rural,West,Pacific,3915.447,7862,5017,10.125,
1976,6049,CA,Modoc County,rural,West,Pacific,3915.447,7972,5092,10.75,
1976,6049,CA,Modoc County,rural,West,Pacific,3915.447,7972,5092,10.75,
1977,6049,CA,Modoc County,rural,West,Pacific,3915.447,8234,5274,11.375,
1978,6049,CA,Modoc County,  RURAL ,West,Pacific,3915.447,8301,5318,12,
1979,6049,CA,Modoc County,rural,West,Pacific,3915.447,8455,5374,11.2,
1980,6049,CA,Modoc County,rural,West,Pacific,3915.447,8685,5517,10.4,
1981,6049,CA,Modoc County,rural,West,Pacific,3915.447,8990,5694,536,
1981,6049,,,,,,,,,9.6,
1982,6049,CA,Modoc County,rural,West,Pacific,3915.447,9268,5837,8.8,
1983,6049,CA,Modoc County,rural,West,Pacific,3915.447,9467,5929,8,14
1984,6049,CA,Modoc County,rural,West,Pacific,3915.447,9631,6005,10.4,12
1985,6049,CA,Modoc County,rural,West,Pacific,3915.447,9500,5901,12.8,17
1986,6049,CA,Modoc County,rural,West,Pacific,3915.447,9371,5800,15.2,27
1987,6049,CA,Modoc County,rural,West,Pacific,3915.447,9350,5749,17.6,25
1988,6049,CA,Modoc County,rural,West,Pacific,3915.447,9361,5723,20,28
1989,6049,CA,Modoc County,rural,West,Pacific,3915.447,9662,5873,20.2,30.6666666667
1990,6049,CA,Modoc County,rural,West,Pacific,3915.447,9677,5819,20.4,33.3333333333
1990,6049,CA,Modoc County,rural,West,Pacific,3915.447,9677,5819,20.4,33.3333333333
1991,6049,CA,Modoc County,rural  ,West,Pacific,3915.447,9779,5857,20.6,36
1992,6049,CA,Modoc County,rural,West,Pacific,3915.447,9859,5920,20.8,33
1993,6049,CA,Modoc County, rural,West,Pacific,3915.447,9700,5794,21,27
1993,6049,CA,Modoc County, rural,West,Pacific,3915.447,9700,5794,21,27
1994,6049,CA,Modoc County,rural,West,Pacific,3915.447,9835,5900,23.66667,40
1995,6049,CA,Modoc County,rural,West,Pacific,3915.447,9761,5849,26.33333,34
1996,6049,CA,Modoc County,rural,West,Pacific,3915.447,9864,5939,29,45
1996,6049,CA,Modoc County,rural,West,Pacific,3915.447,9864,5939,29,45
1997,6049,CA,Modoc County,rural,West,Pacific,3915.447,9861,5985,31.66667,44
1998,6049,CA,Modoc County,rural,West,Pacific,3915.447,9611,5874,34.33333,53
1999,6049,CA,Modoc County,rural,West,Pacific,3915.447,9509,5886,37,44
2000,6049,CA,Modoc County,rural,West,Pacific,3915.447,9406,5849,37,41
2001,6049,CA,Modoc County,Rural,West,Pacific,3915.447,9350,5836,35,55
2002,6049,CA,Modoc County,rural,West,Pacific,3915.447,9362,5885,37,57
2003,6049,CA,Modoc County,rural,West,Pacific,3915.447,9501,5998,536,58
2003,6049,,,,,,,,,35,
2004,6049,CA,Modoc County,rural,West,Pacific,3915.447,9605,6113,35,54
2005,6049,CA,Modoc County,rural,West,Pacific,3915.447,9565,6090,33,58
2006,6049,CA,Modoc County,rural,West,Pacific,3915.447,9617,6146,32.25,58
2007,6049,CA,Modoc County,rural,West,Pacific,3915.447,9525,6051,31.5,53
2008,6049,CA,Modoc County,rural,West,Pacific,3915.447,9551,6073,30.75,39
2009,6049,CA,Modoc County,rural,West,Pacific,3915.447,9646,6061,30,38
2010,6049,CA,Modoc County,rural,West,Pacific,3915.447,9686,6070,29.25,37
2011,6049,CA,Modoc County,rural,West,Pacific,3915.447,9699,6075,28.5,27
2012,6049,CA,Modoc County,rural,West,Pacific,3915.447,9515,5957,27.75,21
2013,6049,CA,Modoc County,rural,West,Pacific,3915.447,9359,5771,27,28
2014,6049,CA,Modoc County,rural,West,Pacific,3915.447,9154,5549,29,22
2015,6049,CA,Modoc County,rural,West,Pacific,3915.447,9083,5419,23,24
2016,6049,CA,Modoc County,rural,West,Pacific,3915.447,9050,5350,,
2016,6049,CA,Modoc County,rural,West,Pacific,3915.447,9050,5350,,
1970,6051,CA,Mono County,RURAL,West,Pacific,3048.987,4114,2807,5,
1971,6051,CA,Mono County,rural,West,Pacific,3048.987,4531,3140,5.25,
1972,6051,CA,Mono County,rural,West,Pacific,3048.987,5011,3522,5.5,
1973,6051,CA,Mono County,rural,West,Pacific,3048.987,6454,4635,5.75,
1974,6051,CA,Mono County,rural,West,Pacific,3048.987,6774,4906,6,
1975,6051,CA,Mono County,rural,West,Pacific,3048.987,7145,5228,6.25,
1975,6051,CA,Mono County,rural,West,Pacific,3048.987,7145,5228,6.25,
1976,6051,CA,Mono County,rural,West,Pacific,3048.987,7109,5251,6.5,
1977,6051,CA,Mono County,rural,West,Pacific,3048.987,7340,5470,6.75,
1978,6051,CA,Mono County,rural,West,Pacific,3048.987,7083,5301,7,
1979,6051,CA,Mono County,rural,West,Pacific,3048.987,8194,6223,7,
1980,6051,CA,Mono County,rural,West,Pacific,3048.987,8651,6594,7,
1981,6051,CA,Mono County,rural,West,Pacific,3048.987,8914,6777,7,
1982,6051,CA,Mono County,rural,West,Pacific,3048.987,9280,7020,7,
1983,6051,CA,Mono County,rural,West,Pacific,3048.987,9222,6936,7,
1984,6051,CA,Mono County,rural,West,Pacific,3048.987,8791,6586,8.5,
1985,6051,CA,Mono County,rural,West,Pacific,3048.987,8805,6572,10,
1986,6051,CA,Mono County,rural,West,Pacific,3048.987,8797,6533,15,
1987,6051,CA,Mono County,rural,West,Pacific,3048.987,8915,6578,14,7
1988,6051,CA,Mono County,Rural,West,Pacific,3048.987,9070,6652,20,6
1989,6051,CA,Mono County,rural,West,Pacific,3048.987,9512,6927,21.6,9.66666666667
1990,6051,CA,Mono County,Rural,West,Pacific,3048.987,10126,7318,23.2,13.3333333333
1991,6051,CA,Mono County,rural,West,Pacific,3048.987,10044,7206,24.8,17
1992,6051,CA,Mono County,rural,West,Pacific,3048.987,10372,7445,26.4,12
1993,6051,CA,Mono County,rural,West,Pacific,3048.987,10917,7815,28,12
1994,6051,CA,Mono County,rural,West,Pacific,3048.987,11447,8236,27,11
1995,6051,CA,Mono County,rural,West,Pacific,3048.987,11649,8348,26,12
1996,6051,CA,Mono County,rural,West,Pacific,3048.987,11766,8429,25,18
1997,6051,CA,Mono County,rural,West,Pacific,3048.987,11999,8671,24,15
1998,6051,CA,Mono County,rural,West,Pacific,3048.987,12110,8782,23,11
1999,6051,CA,Mono County,  RURAL ,West,Pacific,3048.987,12589,9237,22,14
2000,6051,CA,Mono County,rural,West,Pacific,3048.987,12921,9460,22.83333,21
2000,6051,CA,Mono County,rural,West,Pacific,3048.987,12921,9460,22.83333,21
2001,6051,CA,Mono County,rural,West,Pacific,3048.987,13224,9767,23.66667,28
2002,6051,CA,Mono County,  RURAL ,West,Pacific,3048.987,13404,9981,24.5,29
2002,6051,CA,Mono County,  RURAL ,West,Pacific,3048.987,13404,9981,24.5,29
2003,6051,CA,Mono County,rural,West,Pacific,3048.987,13352,10000,25.33333,29
2004,6051,CA,Mono County,rural,West,Pacific,3048.987,13360,10069,26.16667,17
2005,6051,CA,Mono County,rural,West,Pacific,3048.987,13474,10130,27,12
2006,6051,CA,Mono County,rural,West,Pacific,3048.987,13743,10236,28.375,23
2007,6051,CA,Mono County,rural,West,Pacific,3048.987,13678,10128,29.75,30
2008,6051,CA,Mono County,rural,West,Pacific,3048.987,13862,10155,31.125,23
2009,6051,CA,Mono County,rural,West,Pacific,3048.987,14008,10261,32.5,31
2010,6051,CA,Mono County,  RURAL ,West,Pacific,3048.987,14202,10334,33.875,24
2011,6051,CA,Mono County,rural,West,Pacific,3048.987,14204,10340,35.25,20
2012,6051,CA,Mono County,rural,West,Pacific,3048.987,14329,10381,36.625,19
2013,6051,CA,Mono County,rural,West,Pacific,3048.987,14248,10280,38,23
2013,6051,CA,Mono County,rural,West,Pacific,3048.987,14248,10280,38,23
2014,6051,CA,Mono County,rural,West,Pacific,3048.987,13997,10049,30,22
2015,6051,CA,Mono County,rural,West,Pacific,3048.987,14072,10008,20,17
2016,6051,CA,Mono County,rural,West,Pacific,3048.987,13954,9788,,
1970,6053,CA,Monterey County,small/mid,West,Pacific,3280.587,248495,162843,406,
1971,6053,CA,Monterey County,small/mid,West,Pacific,3280.587,252734,165278,390.25,
1972,6053,CA,Monterey County,small/mid,West,Pacific,3280.587,254139,166203,374.5,
1973,6053,CA,Monterey County,  SMALL/MID ,West,Pacific,3280.587,255258,166990,358.75,
1974,6053,CA,Monterey County,small/mid,West,Pacific,3280.587,263537,173996,343,
1975,6053,CA,Monterey County,small/mid,West,Pacific,3280.587,270981,180337,327.25,
1976,6053,CA,Monterey County,small/mid,West,Pacific,3280.587,275940,184166,311.5,
1977,6053,CA,Monterey County,small/mid,West,Pacific,3280.587,281544,189142,295.75,
1978,6053,CA,Monterey County,small/mid,West,Pacific,3280.587,284127,191547,280,
1979,6053,CA,Monterey County,small/mid,West,Pacific,3280.587,286881,193332,342.2,
1980,6053,CA,Monterey County,small/mid,West,Pacific,3280.587,292262,197221,404.4,
1981,6053,CA,Monterey County,small/mid,West,Pacific,3280.587,299666,202505,466.6,
1982,6053,CA,Monterey County,small/mid,West,Pacific,3280.587,306236,206719,528.8,
1982,6053,CA,Monterey County,small/mid,West,Pacific,3280.587,306236,206719,528.8,
1983,6053,CA,Monterey County,small/mid,West,Pacific,3280.587,313705,211348,591,565
1984,6053,CA,Monterey County,small/mid,West,Pacific,3280.587,321465,216524,718,552
1985,6053,CA,Monterey County,small/mid,West,Pacific,3280.587,328102,220997,845,654
1986,6053,CA,Monterey County,small/mid,West,Pacific,3280.587,335846,226085,762,724
1987,6053,CA,Monterey County,small/mid,West,Pacific,3280.587,341267,229071,859,850
1987,6053,CA,Monterey County,small/mid,West,Pacific,3280.587,341267,229071,859,850
1988,6053,CA,Monterey County,small/mid,West,Pacific,3280.587,345944,231574,900,966
1989,6053,CA,Monterey County,small/mid,West,Pacific,3280.587,349875,233454,938,988.333333333
1990,6053,CA,Monterey County,small/mid,West,Pacific,3280.587,357535,236489,995,1010.66666667
1991,6053,CA,Monterey County,small/mid,West,Pacific,3280.587,364805,239756,937,1033
1992,6053,CA,Monterey County,small/mid,West,Pacific,3280.587,371860,243487,934,1016
1993,6053,CA,Monterey County,small/mid,West,Pacific,3280.587,371002,240885,872,1049
1994,6053,CA,Monterey County,small/mid,West,Pacific,3280.587,352363,225053,827,1113
1995,6053,CA,Monterey County,small/mid,West,Pacific,3280.587,355486,226410,860,1122
1996,6053,CA,Monterey County,small/mid,West,Pacific,3280.587,362215,230706,973,1248
1996,6053,CA,Monterey County,small/mid,West,Pacific,3280.587,362215,230706,973,1248
1997,6053,CA,Monterey County,small/mid,West,Pacific,3280.587,376794,243534,1046,1417
1998,6053,CA,Monterey County,small/mid,West,Pacific,3280.587,387889,253503,1074,1507
1999,6053,CA,Monterey County,  SMALL/MID ,West,Pacific,3280.587,396267,260844,1037,1488
2000,6053,CA,Monterey County,  SMALL/MID ,West,Pacific,3280.587,402990,266593,981,1473
2001,6053,CA,Monterey County,small/mid,West,Pacific,3280.587,407082,270453,969,1374
2002,6053,CA,Monterey County,small/mid,West,Pacific,3280.587,408977,272833,959,1459
2003,6053,CA,Monterey County,small/mid,West,Pacific,3280.587,409725,274454,983,1571
2004,6053,CA,Monterey County,small/mid,West,Pacific,3280.587,408731,274585,1116,1656
2004,6053,CA,Monterey County,small/mid,West,Pacific,3280.587,408731,274585,1116,1656
2005,6053,CA,Monterey County,small/mid,West,Pacific,3280.587,405139,272803,1067,1679
2006,6053,CA,Monterey County,small/mid,West,Pacific,3280.587,401831,271341,1145,1825
2007,6053,CA,Monterey County,  SMALL/MID ,West,Pacific,3280.587,402376,271666,1069,1883
2008,6053,CA,Monterey County,small/mid,West,Pacific,3280.587,406022,273389,1166,1786
2009,6053,CA,Monterey County, small/mid,West,Pacific,3280.587,410263,275670,1037,1774
2010,6053,CA,Monterey County,small/mid,West,Pacific,3280.587,415052,278472,1037,1726
2011,6053,CA,Monterey County,small/mid,West,Pacific,3280.587,416475,279391,1051,1653
2012,6053,CA,Monterey County,small/mid,West,Pacific,3280.587,421162,281432,1038,1584
2013,6053,CA,Monterey County,small/mid,West,Pacific,3280.587,426094,283029,1104,1614
2014,6053,CA,Monterey County,small/mid,West,Pacific,3280.587,428382,282705,990,1646
2015,6053,CA,Monterey County,small/mid,West,Pacific,3280.587,430416,282168,990,1559
2016,6053,CA,Monterey County,small/mid,West,Pacific,3280.587,432774,282235,,
2016,6053,CA,Monterey County,small/mid,West,Pacific,3280.587,432774,282235,,
1970,6055,CA,Napa County,small/mid,West,Pacific,748.33,79660,48924,36,
1971,6055,CA,Napa County,small/mid,West,Pacific,748.33,81775,50551,39.125,
1972,6055,CA,Napa County,small/mid,West,Pacific,748.33,83209,51823,42.25,
1973,6055,CA,Napa County,small/mid,West,Pacific,748.33,87724,55328,45.375,
1974,6055,CA,Napa County,small/mid,West,Pacific,748.33,90762,57737,48.5,
1975,6055,CA,Napa County,small/mid,West,Pacific,748.33,93631,59997,51.625,
1976,6055,CA,Napa County, small/mid,West,Pacific,748.33,94968,61367,54.75,
1977,6055,CA,Napa County,small/mid,West,Pacific,748.33,96523,62735,57.875,
1978,6055,CA,Napa County,small/mid,West,Pacific,748.33,96438,62847,61,
1979,6055,CA,Napa County,SMALL/MID,West,Pacific,748.33,98793,64780,70.4,
1980,6055,CA,Napa County,small/mid,West,Pacific,748.33,99365,65270,79.8,
1981,6055,CA,Napa County,small/mid,West,Pacific,748.33,99665,65400,89.2,
1982,6055,CA,Napa County,SMALL/MID,West,Pacific,748.33,101180,66210,98.6,
1983,6055,CA,Napa County,small/mid,West,Pacific,748.33,101545,66193,108,104
1984,6055,CA,Napa County,small/mid,West,Pacific,748.33,101905,66268,116.4,130
1985,6055,CA,Napa County,small/mid,West,Pacific,748.33,103014,66866,124.8,167
1986,6055,CA,Napa County,small/mid  ,West,Pacific,748.33,104241,67492,133.2,190
1987,6055,CA,Napa County, small/mid,West,Pacific,748.33,105009,67671,141.6,246
1988,6055,CA,Napa County,small/mid,West,Pacific,748.33,106130,68155,150,263
1989,6055,CA,Napa County,small/mid,West,Pacific,748.33,108661,69526,211,268.333333333
1990,6055,CA,Napa County,small/mid,West,Pacific,748.33,111284,70592,235,273.666666667
1991,6055,CA,Napa County,small/mid,West,Pacific,748.33,112233,70727,226,279
1992,6055,CA,Napa County,small/mid  ,West,Pacific,748.33,114322,72119,209,304
1993,6055,CA,Napa County, small/mid,West,Pacific,748.33,114972,72248,193,323
1994,6055,CA,Napa County,small/mid,West,Pacific,748.33,116077,72743,192.8333,347
1995,6055,CA,Napa County,small/mid,West,Pacific,748.33,116697,73122,192.6667,376
1996,6055,CA,Napa County,small/mid,West,Pacific,748.33,117996,73833,192.5,376
1997,6055,CA,Napa County,small/mid,West,Pacific,748.33,119808,75696,192.3333,362
1998,6055,CA,Napa County,small/mid,West,Pacific,748.33,121583,77533,192.1667,345
1999,6055,CA,Napa County,small/mid,West,Pacific,748.33,123026,79216,192,309
1999,6055,CA,Napa County,small/mid,West,Pacific,748.33,123026,79216,192,309
2000,6055,CA,Napa County,small/mid,West,Pacific,748.33,124565,80679,202.3333,323
2001,6055,CA,Napa County,small/mid,West,Pacific,748.33,126818,82470,212.6667,339
2002,6055,CA,Napa County,small/mid,West,Pacific,748.33,128744,84243,223,354
2003,6055,CA,Napa County,small/mid,West,Pacific,748.33,130138,85303,233.3333,396
2004,6055,CA,Napa County,small/mid,West,Pacific,748.33,130387,85669,243.6667,409
2005,6055,CA,Napa County,small/mid,West,Pacific,748.33,130381,86037,254,421
2006,6055,CA,Napa County,small/mid,West,Pacific,748.33,131440,86898,258,412
2007,6055,CA,Napa County,small/mid,West,Pacific,748.33,132583,87760,254,416
2008,6055,CA,Napa County,  SMALL/MID ,West,Pacific,748.33,134093,88670,259,424
2009,6055,CA,Napa County,small/mid,West,Pacific,748.33,135280,89345,245,416
2010,6055,CA,Napa County,small/mid,West,Pacific,748.33,136530,90189,249,388
2011,6055,CA,Napa County,small/mid,West,Pacific,748.33,136794,90315,263,352
2012,6055,CA,Napa County,small/mid,West,Pacific,748.33,137905,90867,258,308
2013,6055,CA,Napa County,small/mid,West,Pacific,748.33,138876,91078,248,322
2014,6055,CA,Napa County,small/mid,West,Pacific,748.33,139978,91535,246,295
2015,6055,CA,Napa County,small/mid,West,Pacific,748.33,140918,91908,172,299
2016,6055,CA,Napa County,small/mid,West,Pacific,748.33,141507,91852,,
1970,6057,CA,Nevada County,rural,West,Pacific,957.76,26562,15772,41,
1971,6057,CA,Nevada County,rural,West,Pacific,957.76,27417,16313,41.25,
1972,6057,CA,Nevada County,rural,West,Pacific,957.76,28672,17187,41.5,
1972,6057,CA,Nevada County,rural,West,Pacific,957.76,28672,17187,41.5,
1973,6057,CA,Nevada County,  RURAL ,West,Pacific,957.76,31307,19077,41.75,
1974,6057,CA,Nevada County,rural,West,Pacific,957.76,32977,20266,42,
1975,6057,CA,Nevada County,rural,West,Pacific,957.76,34631,21432,42.25,
1976,6057,CA,Nevada County,rural,West,Pacific,957.76,37387,23420,42.5,
1977,6057,CA,Nevada County,rural,West,Pacific,957.76,40540,25616,42.75,
1978,6057,CA,Nevada County,rural,West,Pacific,957.76,44626,28528,43,
1979,6057,CA,Nevada County,rural,West,Pacific,957.76,48354,31163,48.6,
1980,6057,CA,Nevada County,rural,West,Pacific,957.76,52591,33900,54.2,
1981,6057,CA,Nevada County,rural,West,Pacific,957.76,56160,36032,59.8,
1982,6057,CA,Nevada County,rural,West,Pacific,957.76,59088,37677,65.4,
1982,6057,CA,Nevada County,rural,West,Pacific,957.76,59088,37677,65.4,
1983,6057,CA,Nevada County, rural,West,Pacific,957.76,60784,38491,71,46
1984,6057,CA,Nevada County,rural,West,Pacific,957.76,62828,39589,79.5,65
1985,6057,CA,Nevada County,rural,West,Pacific,957.76,65282,40971,88,75
1986,6057,CA,Nevada County,rural,West,Pacific,957.76,67718,42305,82,76
1987,6057,CA,Nevada County, rural,West,Pacific,957.76,70557,43800,94,89
1988,6057,CA,Nevada County,rural,West,Pacific,957.76,73370,45322,95,118
1989,6057,CA,Nevada County,rural,West,Pacific,957.76,76130,46801,105.4,116.333333333
1989,6057,CA,Nevada County,rural,West,Pacific,957.76,76130,46801,105.4,116.333333333
1990,6057,CA,Nevada County,rural,West,Pacific,957.76,79172,48191,115.8,114.666666667
1991,6057,CA,Nevada County,rural,West,Pacific,957.76,81288,49290,126.2,113
1992,6057,CA,Nevada County,rural,West,Pacific,957.76,82920,50479,136.6,129
1993,6057,CA,Nevada County,rural,West,Pacific,957.76,83887,50911,147,139
1994,6057,CA,Nevada County,rural,West,Pacific,957.76,85185,51686,146,135
1995,6057,CA,Nevada County,rural,West,Pacific,957.76,86523,52523,171,136
1996,6057,CA,Nevada County,rural,West,Pacific,957.76,87861,53575,167,141
1997,6057,CA,Nevada County,rural,West,Pacific,957.76,89137,55051,145,151
1998,6057,CA,Nevada County,rural,West,Pacific,957.76,90170,56521,145,164
1999,6057,CA,Nevada County,rural,West,Pacific,957.76,90899,57699,132,153
2000,6057,CA,Nevada County,rural,West,Pacific,957.76,92520,59363,154,142
2001,6057,CA,Nevada County,rural,West,Pacific,957.76,93715,60674,144,166
2002,6057,CA,Nevada County,rural,West,Pacific,957.76,94647,61775,148,185
2003,6057,CA,Nevada County,rural,West,Pacific,957.76,95606,62534,148,195
2004,6057,CA,Nevada County,rural,West,Pacific,957.76,96512,63413,165,163
2005,6057,CA,Nevada County,rural,West,Pacific,957.76,97250,64211,195,169
2006,6057,CA,Nevada County,rural,West,Pacific,957.76,97549,64438,198.875,176
2007,6057,CA,Nevada County,rural,West,Pacific,957.76,97794,64438,202.75,161
2008,6057,CA,Nevada County,rural,West,Pacific,957.76,98200,64370,206.625,154
2009,6057,CA,Nevada County,rural,West,Pacific,957.76,98591,64449,210.5,148
2010,6057,CA,Nevada County,rural,West,Pacific,957.76,98748,64466,214.375,145
2011,6057,CA,Nevada County,rural,West,Pacific,957.76,98791,64422,218.25,119
2012,6057,CA,Nevada County,rural,West,Pacific,957.76,98714,64015,222.125,105
2013,6057,CA,Nevada County,rural,West,Pacific,957.76,98173,62754,226,114
2014,6057,CA,Nevada County,rural,West,Pacific,957.76,97992,61813,225,122
2015,6057,CA,Nevada County,rural,West,Pacific,957.76,98614,61325,223,98
2016,6057,CA,Nevada County,  RURAL ,West,Pacific,957.76,98715,60471,,
1970,6059,CA,Orange County,urban,West,Pacific,790.889,1433824,895724,1200,
1971,6059,CA,Orange County,urban,West,Pacific,790.889,1484214,939675,1241.25,
1972,6059,CA,Orange County,Urban,West,Pacific,790.889,1536789,987876,1282.5,
1973,6059,CA,Orange County,urban,West,Pacific,790.889,1607144,1049105,1323.75,
1974,6059,CA,Orange County,urban,West,Pacific,790.889,1669062,1104511,1365,
1975,6059,CA,Orange County,urban,West,Pacific,790.889,1725688,1155495,1406.25,
1976,6059,CA,Orange County,urban,West,Pacific,790.889,1772685,1202271,1447.5,
1977,6059,CA,Orange County, urban,West,Pacific,790.889,1812145,1241537,1488.75,
1977,6059,CA,Orange County, urban,West,Pacific,790.889,1812145,1241537,1488.75,
1978,6059,CA,Orange County,urban,West,Pacific,790.889,1853134,1281279,1530,
1979,6059,CA,Orange County,urban,West,Pacific,790.889,1891959,1318791,1712.4,
1980,6059,CA,Orange County,urban,West,Pacific,790.889,1948101,1366158,1894.8,
1981,6059,CA,Orange County,urban,West,Pacific,790.889,2004804,1409440,2077.2,
1982,6059,CA,Orange County,urban,West,Pacific,790.889,2045924,1439159,2259.6,
1983,6059,CA,Orange County, urban,West,Pacific,790.889,2088884,1468987,2442,1990
1984,6059,CA,Orange County,urban,West,Pacific,790.889,2123365,1495001,2643,2105
1985,6059,CA,Orange County,urban,West,Pacific,790.889,2171927,1531338,2844,2469
1986,6059,CA,Orange County,urban,West,Pacific,790.889,2228897,1572666,2913,2675
1987,6059,CA,Orange County,urban,West,Pacific,790.889,2281483,1607792,3250,2880
1988,6059,CA,Orange County,urban,West,Pacific,790.889,2333095,1642615,4012,3358
1989,6059,CA,Orange County,urban,West,Pacific,790.889,2383918,1676123,4281,3510.33333333
1990,6059,CA,Orange County,urban,West,Pacific,790.889,2418986,1687055,4370,3662.66666667
1991,6059,CA,Orange County,urban,West,Pacific,790.889,2452691,1691624,4378,3815
1992,6059,CA,Orange County,urban,West,Pacific,790.889,2497014,1713223,4688,4714
1993,6059,CA,Orange County,urban,West,Pacific,790.889,2532639,1722309,4719,5524
1994,6059,CA,Orange County,urban,West,Pacific,790.889,2566599,1732501,4836,6080
1995,6059,CA,Orange County,urban,West,Pacific,790.889,2603678,1746838,5074,7435
1996,6059,CA,Orange County,urban,West,Pacific,790.889,2643996,1764461,5143,7836
1997,6059,CA,Orange County,urban,West,Pacific,790.889,2709277,1812622,5246,8372
1998,6059,CA,Orange County, urban,West,Pacific,790.889,2773187,1861647,5374,8521
1999,6059,CA,Orange County,urban,West,Pacific,790.889,2815933,1892429,5267,8758
2000,6059,CA,Orange County,urban,West,Pacific,790.889,2854513,1919715,4807,8619
2001,6059,CA,Orange County,urban,West,Pacific,790.889,2885457,1941913,4792,8325
2001,6059,CA,Orange County,urban,West,Pacific,790.889,2885457,1941913,4792,8325
2002,6059,CA,Orange County,urban,West,Pacific,790.889,2908245,1959850,4561,8375
2003,6059,CA,Orange County,urban,West,Pacific,790.889,2929376,1977370,5096,8754
2004,6059,CA,Orange County,urban  ,West,Pacific,790.889,2941711,1991040,5569,8856
2005,6059,CA,Orange County,  URBAN ,West,Pacific,790.889,2940055,1996910,6095,9318
2006,6059,CA,Orange County,urban,West,Pacific,790.889,2932261,2000484,6513,9247
2007,6059,CA,Orange County,urban,West,Pacific,790.889,2931629,2005395,6571,9831
2008,6059,CA,Orange County,urban  ,West,Pacific,790.889,2957593,2023153,6000,9723
2009,6059,CA,Orange County,urban,West,Pacific,790.889,2987177,2044471,6255,9527
2010,6059,CA,Orange County,urban,West,Pacific,790.889,3010265,2059912,5134,9045
2011,6059,CA,Orange County,urban,West,Pacific,790.889,3017116,2065265,5721,8108
2012,6059,CA,Orange County,urban,West,Pacific,790.889,3053465,2090451,6847,7315
2013,6059,CA,Orange County,urban,West,Pacific,790.889,3085386,2106186,7483,7068
2014,6059,CA,Orange County,urban,West,Pacific,790.889,3113649,2121484,6905,6893
2015,6059,CA,Orange County,urban,West,Pacific,790.889,3136750,2132185,6082,6604
2016,6059,CA,Orange County, urban,West,Pacific,790.889,3160576,2143259,,
1970,6061,CA,Placer County,suburban,West,Pacific,1407.051,78280,49095,65,
1971,6061,CA,Placer County,suburban,West,Pacific,1407.051,80909,51177,64.75,
1972,6061,CA,Placer County,suburban,West,Pacific,1407.051,83122,53104,64.5,
1972,6061,CA,Placer County,suburban,West,Pacific,1407.051,83122,53104,64.5,
1973,6061,CA,Placer County,suburban,West,Pacific,1407.051,85499,55196,64.25,
1974,6061,CA,Placer County,suburban,West,Pacific,1407.051,88245,57450,64,
1975,6061,CA,Placer County,suburban,West,Pacific,1407.051,90858,59580,63.75,
1976,6061,CA,Placer County,suburban,West,Pacific,1407.051,95386,63007,63.5,
1977,6061,CA,Placer County,suburban,West,Pacific,1407.051,99565,66005,63.25,
1978,6061,CA,Placer County, suburban,West,Pacific,1407.051,107675,71913,63,
1979,6061,CA,Placer County,suburban,West,Pacific,1407.051,112763,75501,94.6,
1980,6061,CA,Placer County,suburban,West,Pacific,1407.051,118381,79384,126.2,
1981,6061,CA,Placer County,suburban,West,Pacific,1407.051,122444,82069,157.8,
1982,6061,CA,Placer County,suburban,West,Pacific,1407.051,126220,84418,189.4,
1983,6061,CA,Placer County,suburban,West,Pacific,1407.051,128535,85710,221,118
1984,6061,CA,Placer County,suburban,West,Pacific,1407.051,132576,88299,178,131
1985,6061,CA,Placer County,suburban,West,Pacific,1407.051,136787,91050,135,138
1985,6061,CA,Placer County,suburban,West,Pacific,1407.051,136787,91050,135,138
1986,6061,CA,Placer County,suburban,West,Pacific,1407.051,141436,94036,190,158
1987,6061,CA,Placer County,suburban,West,Pacific,1407.051,147360,97663,197,169
1988,6061,CA,Placer County,suburban,West,Pacific,1407.051,153611,101540,264,201
1988,6061,CA,Placer County,suburban,West,Pacific,1407.051,153611,101540,264,201
1989,6061,CA,Placer County,suburban,West,Pacific,1407.051,162656,107204,288,226
1990,6061,CA,Placer County,suburban,West,Pacific,1407.051,175477,114642,307,251
1991,6061,CA,Placer County,suburban,West,Pacific,1407.051,181611,117986,244,276
1992,6061,CA,Placer County,suburban,West,Pacific,1407.051,187268,121776,317,301
1992,6061,CA,Placer County,suburban,West,Pacific,1407.051,187268,121776,317,301
1993,6061,CA,Placer County,suburban,West,Pacific,1407.051,192655,124743,329,333
1994,6061,CA,Placer County,suburban  ,West,Pacific,1407.051,199290,128617,361,422
1995,6061,CA,Placer County,suburban,West,Pacific,1407.051,207071,133015,396,477
1996,6061,CA,Placer County,suburban,West,Pacific,1407.051,214726,137178,431,573
1997,6061,CA,Placer County,suburban,West,Pacific,1407.051,222168,142363,354,640
1998,6061,CA,Placer County,suburban,West,Pacific,1407.051,231179,148678,439,684
1999,6061,CA,Placer County,suburban,West,Pacific,1407.051,240928,155939,404,690
2000,6061,CA,Placer County,suburban,West,Pacific,1407.051,251012,163150,421,788
2001,6061,CA,Placer County,suburban,West,Pacific,1407.051,263615,171902,459,806
2002,6061,CA,Placer County,suburban,West,Pacific,1407.051,276907,180811,472,888
2003,6061,CA,Placer County,suburban,West,Pacific,1407.051,290726,189805,495,876
2003,6061,CA,Placer County,suburban,West,Pacific,1407.051,290726,189805,495,876
2004,6061,CA,Placer County,suburban,West,Pacific,1407.051,302841,197798,489,924
2005,6061,CA,Placer County,suburban,West,Pacific,1407.051,312762,204418,506,964
2006,6061,CA,Placer County,suburban  ,West,Pacific,1407.051,321934,209853,500,975
2007,6061,CA,Placer County,suburban,West,Pacific,1407.051,329023,214466,585,1003
2008,6061,CA,Placer County,suburban,West,Pacific,1407.051,337568,219264,584,979
2008,6061,CA,Placer County,suburban,West,Pacific,1407.051,337568,219264,584,979
2009,6061,CA,Placer County,suburban,West,Pacific,1407.051,343810,222754,559,968
2010,6061,CA,Placer County,suburban,West,Pacific,1407.051,348494,225471,554,973
2011,6061,CA,Placer County,suburban,West,Pacific,1407.051,350034,226533,535,792
2012,6061,CA,Placer County,suburban,West,Pacific,1407.051,356445,230336,606,673
2013,6061,CA,Placer County,suburban,West,Pacific,1407.051,360569,231450,630,683
2014,6061,CA,Placer County,suburban,West,Pacific,1407.051,365822,233730,661,689
2015,6061,CA,Placer County,  SUBURBAN ,West,Pacific,1407.051,369727,235201,628,670
2016,6061,CA,Placer County,suburban,West,Pacific,1407.051,373469,236149,,
1970,6063,CA,Plumas County,rural,West,Pacific,2553.062,11789,7475,13,
1971,6063,CA,Plumas County,rural,West,Pacific,2553.062,12133,7728,12.5,
1972,6063,CA,Plumas County,rural,West,Pacific,2553.062,12507,8019,12,
1973,6063,CA,Plumas County, rural,West,Pacific,2553.062,13146,8511,11.5,
1974,6063,CA,Plumas County,rural,West,Pacific,2553.062,13581,8859,11,
1975,6063,CA,Plumas County,rural,West,Pacific,2553.062,13990,9193,10.5,
1976,6063,CA,Plumas County,rural,West,Pacific,2553.062,14182,9343,10,
1977,6063,CA,Plumas County,rural,West,Pacific,2553.062,15072,9965,9.5,
1978,6063,CA,Plumas County,Rural,West,Pacific,2553.062,15763,10459,9,
1979,6063,CA,Plumas County,rural,West,Pacific,2553.062,16695,11123,12.2,
1980,6063,CA,Plumas County,rural,West,Pacific,2553.062,17448,11608,15.4,
1981,6063,CA,Plumas County,RURAL,West,Pacific,2553.062,17809,11770,18.6,
1982,6063,CA,Plumas County,RURAL,West,Pacific,2553.062,18175,11915,21.8,
1983,6063,CA,Plumas County,rural,West,Pacific,2553.062,18022,11711,25,20
1984,6063,CA,Plumas County,rural,West,Pacific,2553.062,18153,11710,22,24
1985,6063,CA,Plumas County,rural,West,Pacific,2553.062,18609,11921,19,34
1986,6063,CA,Plumas County,rural,West,Pacific,2553.062,18696,11886,27,28
1987,6063,CA,Plumas County,rural,West,Pacific,2553.062,19014,11969,27,29
1988,6063,CA,Plumas County,rural,West,Pacific,2553.062,19315,12059,31,21
1989,6063,CA,Plumas County,rural,West,Pacific,2553.062,19412,12011,31.8,22.3333333333
1989,6063,CA,Plumas County,rural,West,Pacific,2553.062,19412,12011,31.8,22.3333333333
1990,6063,CA,Plumas County,rural,West,Pacific,2553.062,19826,12131,32.6,23.6666666667
1991,6063,CA,Plumas County,rural,West,Pacific,2553.062,20167,12283,33.4,25
1992,6063,CA,Plumas County,rural,West,Pacific,2553.062,20736,12669,34.2,32
1993,6063,CA,Plumas County,Rural,West,Pacific,2553.062,20931,12807,35,28
1994,6063,CA,Plumas County,rural,West,Pacific,2553.062,20786,12672,38.5,27
1995,6063,CA,Plumas County,rural,West,Pacific,2553.062,20823,12679,42,33
1996,6063,CA,Plumas County,RURAL,West,Pacific,2553.062,20780,12691,45.5,29
1997,6063,CA,Plumas County,rural,West,Pacific,2553.062,20853,12953,49,38
1998,6063,CA,Plumas County,rural,West,Pacific,2553.062,20831,13122,52.5,45
1999,6063,CA,Plumas County,rural,West,Pacific,2553.062,20921,13347,56,40
2000,6063,CA,Plumas County,rural,West,Pacific,2553.062,20754,13313,55.5,49
2001,6063,CA,Plumas County,rural,West,Pacific,2553.062,20820,13369,55,62
2002,6063,CA,Plumas County,rural,West,Pacific,2553.062,20866,13515,54.5,61
2003,6063,CA,Plumas County,rural,West,Pacific,2553.062,20957,13659,54,45
2003,6063,CA,Plumas County,rural,West,Pacific,2553.062,20957,13659,54,45
2004,6063,CA,Plumas County, rural,West,Pacific,2553.062,21000,13805,53.5,60
2005,6063,CA,Plumas County,rural,West,Pacific,2553.062,21010,13923,53,72
2006,6063,CA,Plumas County,rural,West,Pacific,2553.062,20762,13768,51.5,71
2007,6063,CA,Plumas County,rural,West,Pacific,2553.062,20667,13679,50,66
2008,6063,CA,Plumas County,rural,West,Pacific,2553.062,20410,13456,48.5,68
2009,6063,CA,Plumas County,rural,West,Pacific,2553.062,20169,13137,47,78
2010,6063,CA,Plumas County,rural,West,Pacific,2553.062,20007,12980,45.5,62
2011,6063,CA,Plumas County,rural,West,Pacific,2553.062,19914,12887,44,56
2012,6063,CA,Plumas County,rural,West,Pacific,2553.062,19716,12619,42.5,42
2013,6063,CA,Plumas County,rural,West,Pacific,2553.062,19377,12113,41,40
2014,6063,CA,Plumas County,rural,West,Pacific,2553.062,18899,11654,50,46
2015,6063,CA,Plumas County,  RURAL ,West,Pacific,2553.062,18667,11353,49,42
2016,6063,CA,Plumas County,rural,West,Pacific,2553.062,18525,11113,,
1970,6065,CA,Riverside County,urban,West,Pacific,7206.42,461042,270317,724,
1971,6065,CA,Riverside County,urban,West,Pacific,7206.42,477555,281741,714.625,
1972,6065,CA,Riverside County,urban,West,Pacific,7206.42,493216,293434,705.25,
1973,6065,CA,Riverside County,urban,West,Pacific,7206.42,497915,297722,695.875,
1974,6065,CA,Riverside County,urban,West,Pacific,7206.42,515876,311068,686.5,
1975,6065,CA,Riverside County,urban,West,Pacific,7206.42,528631,320555,677.125,
1976,6065,CA,Riverside County,urban,West,Pacific,7206.42,548030,334654,667.75,
1977,6065,CA,Riverside County,urban,West,Pacific,7206.42,577957,355121,658.375,
1978,6065,CA,Riverside County,urban,West,Pacific,7206.42,611854,378876,649,
1979,6065,CA,Riverside County,urban  ,West,Pacific,7206.42,640051,398233,708.4,
1980,6065,CA,Riverside County,URBAN,West,Pacific,7206.42,669614,418384,767.8,
1981,6065,CA,Riverside County,Urban,West,Pacific,7206.42,693245,434164,827.2,
1982,6065,CA,Riverside County,urban,West,Pacific,7206.42,719837,450815,1439,
1982,6065,,,,,,,,,886.6,
1983,6065,CA,Riverside County,urban,West,Pacific,7206.42,746899,467220,946,1184
1984,6065,CA,Riverside County,urban,West,Pacific,7206.42,783193,490210,1044,1363
1984,6065,CA,Riverside County,urban,West,Pacific,7206.42,783193,490210,1044,1363
1985,6065,CA,Riverside County,urban,West,Pacific,7206.42,825693,517355,1142,1716
1986,6065,CA,Riverside County,urban,West,Pacific,7206.42,871208,546041,1371,2167
1987,6065,CA,Riverside County,urban,West,Pacific,7206.42,930057,581679,1413,2529
1988,6065,CA,Riverside County,urban,West,Pacific,7206.42,995974,621893,1614,2966
1989,6065,CA,Riverside County,urban,West,Pacific,7206.42,1084571,675686,1649,3161
1990,6065,CA,Riverside County,urban,West,Pacific,7206.42,1193156,737315,2110,3356
1991,6065,CA,Riverside County,urban,West,Pacific,7206.42,1246326,764663,2240,3551
1992,6065,CA,Riverside County,urban,West,Pacific,7206.42,1286364,787612,2180,3974
1993,6065,CA,Riverside County,urban,West,Pacific,7206.42,1315090,799602,2365,4781
1994,6065,CA,Riverside County,urban  ,West,Pacific,7206.42,1346651,814591,2346,5183
1995,6065,CA,Riverside County,Urban,West,Pacific,7206.42,1373034,828453,2246,5966
1995,6065,CA,Riverside County,Urban,West,Pacific,7206.42,1373034,828453,2246,5966
1996,6065,CA,Riverside County,urban,West,Pacific,7206.42,1393732,838693,2450,6754
1997,6065,CA,Riverside County,urban  ,West,Pacific,7206.42,1423934,862028,2538,7730
1998,6065,CA,Riverside County,urban,West,Pacific,7206.42,1461916,891601,2734,8121
1999,6065,CA,Riverside County,urban,West,Pacific,7206.42,1507912,926507,2582,8298
2000,6065,CA,Riverside County,urban,West,Pacific,7206.42,1558985,963717,2574,8513
2001,6065,CA,Riverside County,urban,West,Pacific,7206.42,1616634,1005995,2641,8601
2002,6065,CA,Riverside County,urban,West,Pacific,7206.42,1687147,1057469,3283,9281
2003,6065,CA,Riverside County,urban,West,Pacific,7206.42,1771656,1118148,3204,9607
2004,6065,CA,Riverside County,urban,West,Pacific,7206.42,1856542,1180590,3222,9844
2005,6065,CA,Riverside County,urban,West,Pacific,7206.42,1931785,1236085,3237,10702
2006,6065,CA,Riverside County,urban,West,Pacific,7206.42,2012370,1293669,3258,10842
2007,6065,CA,Riverside County,urban,West,Pacific,7206.42,2075183,1338705,3433,10626
2008,6065,CA,Riverside County,urban,West,Pacific,7206.42,2109712,1362573,3530,10793
2009,6065,CA,Riverside County,urban,West,Pacific,7206.42,2146725,1391664,3472,10626
2009,6065,CA,Riverside County,urban,West,Pacific,7206.42,2146725,1391664,3472,10626
2010,6065,CA,Riverside County,urban,West,Pacific,7206.42,2189753,1423920,3410,10482
2011,6065,CA,Riverside County,urban,West,Pacific,7206.42,2202001,1433887,3149,9907
2012,6065,CA,Riverside County,urban,West,Pacific,7206.42,2235890,1460506,3553,9263
2013,6065,CA,Riverside County,urban,West,Pacific,7206.42,2264804,1478332,3897,9695
2013,6065,CA,Riverside County,urban,West,Pacific,7206.42,2264804,1478332,3897,9695
2014,6065,CA,Riverside County,urban,West,Pacific,7206.42,2291406,1494218,3837,9948
2015,6065,CA,Riverside County,urban,West,Pacific,7206.42,2321738,1512727,3821,9159
2016,6065,CA,Riverside County,urban,West,Pacific,7206.42,2352080,1531640,,
1970,6067,CA,Sacramento County,urban,West,Pacific,964.885,638254,406138,1053,
1971,6067,CA,Sacramento County,urban,West,Pacific,964.885,653796,420264,1060.625,
1972,6067,CA,Sacramento County,urban  ,West,Pacific,964.885,669352,435605,1068.25,
1973,6067,CA,Sacramento County,urban,West,Pacific,964.885,669932,440655,1075.875,
1974,6067,CA,Sacramento County, urban,West,Pacific,964.885,683557,454275,1083.5,
1975,6067,CA,Sacramento County,urban,West,Pacific,964.885,697351,467769,1091.125,
1976,6067,CA,Sacramento County,urban,West,Pacific,964.885,711748,481304,1098.75,
1977,6067,CA,Sacramento County,urban,West,Pacific,964.885,727568,494898,1106.375,
1978,6067,CA,Sacramento County,urban,West,Pacific,964.885,748280,512095,1114,
1979,6067,CA,Sacramento County,urban,West,Pacific,964.885,768487,528597,1205.8,
1980,6067,CA,Sacramento County,urban,West,Pacific,964.885,788004,543292,1297.6,
1981,6067,CA,Sacramento County,urban,West,Pacific,964.885,806286,555037,1389.4,
1982,6067,CA,Sacramento County,Urban,West,Pacific,964.885,832151,570797,1481.2,
1983,6067,CA,Sacramento County,urban,West,Pacific,964.885,852630,582437,1573,1691
1984,6067,CA,Sacramento County,urban,West,Pacific,964.885,869578,592553,1734,1865
1985,6067,CA,Sacramento County,urban,West,Pacific,964.885,891104,605968,1895,2183
1986,6067,CA,Sacramento County, urban,West,Pacific,964.885,916044,621349,1876,2599
1987,6067,CA,Sacramento County,urban,West,Pacific,964.885,948520,640510,1996,3111
1987,6067,CA,Sacramento County,urban,West,Pacific,964.885,948520,640510,1996,3111
1988,6067,CA,Sacramento County,urban,West,Pacific,964.885,979285,658584,2214,3582
1989,6067,CA,Sacramento County,  URBAN ,West,Pacific,964.885,1008752,675358,3321,3807.33333333
1990,6067,CA,Sacramento County,urban,West,Pacific,964.885,1075819,712458,3095,4032.66666667
1991,6067,CA,Sacramento County,urban,West,Pacific,964.885,1107559,728878,3170,4258
1992,6067,CA,Sacramento County,urban,West,Pacific,964.885,1121523,736236,3265,4457
1992,6067,CA,Sacramento County,urban,West,Pacific,964.885,1121523,736236,3265,4457
1993,6067,CA,Sacramento County,urban,West,Pacific,964.885,1127608,734642,2976,4623
1994,6067,CA,Sacramento County,urban,West,Pacific,964.885,1130094,731328,2852,4858
1995,6067,CA,Sacramento County,urban,West,Pacific,964.885,1140825,735370,3094,5263
1996,6067,CA,Sacramento County,urban,West,Pacific,964.885,1155635,743202,3217,5748
1997,6067,CA,Sacramento County,urban,West,Pacific,964.885,1169855,756610,3329,6127
1998,6067,CA,Sacramento County,urban,West,Pacific,964.885,1186617,772520,3507,6716
1999,6067,CA,Sacramento County,urban  ,West,Pacific,964.885,1206659,790184,3318,6948
2000,6067,CA,Sacramento County,urban,West,Pacific,964.885,1229940,809239,3020,6886
2001,6067,CA,Sacramento County,urban,West,Pacific,964.885,1266257,837105,3217,6797
2002,6067,CA,Sacramento County,urban,West,Pacific,964.885,1301079,865109,3293,6779
2003,6067,CA,Sacramento County,urban,West,Pacific,964.885,1328531,886947,3634,6841
2004,6067,CA,Sacramento County,urban,West,Pacific,964.885,1348932,904234,4004,6832
2005,6067,CA,Sacramento County,urban,West,Pacific,964.885,1360816,916114,4190,6923
2006,6067,CA,Sacramento County,urban,West,Pacific,964.885,1369563,924983,4049,7141
2007,6067,CA,Sacramento County,urban  ,West,Pacific,964.885,1381161,934809,4592,7301
2008,6067,CA,Sacramento County,urban,West,Pacific,964.885,1394438,943834,4563,7522
2009,6067,CA,Sacramento County,urban,West,Pacific,964.885,1408601,954442,4700,7604
2010,6067,CA,Sacramento County,urban,West,Pacific,964.885,1418742,961211,4199,7526
2011,6067,CA,Sacramento County,urban,West,Pacific,964.885,1421651,963300,3907,7022
2012,6067,CA,Sacramento County,urban,West,Pacific,964.885,1434506,971899,4741,6470
2013,6067,CA,Sacramento County,urban,West,Pacific,964.885,1446585,976172,4132,6594
2014,6067,CA,Sacramento County,urban,West,Pacific,964.885,1459474,981049,3913,6572
2014,6067,CA,Sacramento County,urban,West,Pacific,964.885,1459474,981049,3913,6572
2015,6067,CA,Sacramento County, urban,West,Pacific,964.885,1477522,989552,4047,6530
2016,6067,CA,Sacramento County,urban,West,Pacific,964.885,1496130,999304,,
1970,6069,CA,San Benito County,suburban,West,Pacific,1388.651,18316,10765,20,
1971,6069,CA,San Benito County,suburban,West,Pacific,1388.651,18674,11020,22.375,
1972,6069,CA,San Benito County,suburban  ,West,Pacific,1388.651,19087,11349,24.75,
1973,6069,CA,San Benito County,suburban,West,Pacific,1388.651,19659,11787,27.125,
1974,6069,CA,San Benito County,SUBURBAN,West,Pacific,1388.651,20206,12202,29.5,
1975,6069,CA,San Benito County,suburban,West,Pacific,1388.651,20918,12728,31.875,
1976,6069,CA,San Benito County,suburban,West,Pacific,1388.651,21871,13487,34.25,
1977,6069,CA,San Benito County,suburban,West,Pacific,1388.651,22759,14155,36.625,
1978,6069,CA,San Benito County,suburban,West,Pacific,1388.651,23640,14789,39,
1979,6069,CA,San Benito County,suburban,West,Pacific,1388.651,24321,15270,41.4,
1980,6069,CA,San Benito County,suburban,West,Pacific,1388.651,25202,15851,43.8,
1981,6069,CA,San Benito County,suburban,West,Pacific,1388.651,25903,16363,46.2,
1981,6069,CA,San Benito County,suburban,West,Pacific,1388.651,25903,16363,46.2,
1982,6069,CA,San Benito County,suburban,West,Pacific,1388.651,26915,17041,48.6,
1983,6069,CA,San Benito County,suburban,West,Pacific,1388.651,27759,17589,51,29
1984,6069,CA,San Benito County,suburban,West,Pacific,1388.651,28960,18404,56,30
1984,6069,CA,San Benito County,suburban,West,Pacific,1388.651,28960,18404,56,30
1985,6069,CA,San Benito County,suburban,West,Pacific,1388.651,30392,19364,61,26
1985,6069,CA,San Benito County,suburban,West,Pacific,1388.651,30392,19364,61,26
1986,6069,CA,San Benito County,suburban,West,Pacific,1388.651,31648,20209,66,33
1987,6069,CA,San Benito County,suburban,West,Pacific,1388.651,32950,21028,71,39
1988,6069,CA,San Benito County,suburban,West,Pacific,1388.651,34372,21921,76,50
1989,6069,CA,San Benito County,suburban,West,Pacific,1388.651,36135,23007,76.4,51.3333333333
1990,6069,CA,San Benito County, suburban,West,Pacific,1388.651,36835,23301,76.8,52.6666666667
1991,6069,CA,San Benito County,suburban,West,Pacific,1388.651,37329,23448,77.2,54
1992,6069,CA,San Benito County,suburban,West,Pacific,1388.651,38321,24051,77.6,78
1993,6069,CA,San Benito County,suburban,West,Pacific,1388.651,39495,24687,78,88
1994,6069,CA,San Benito County, suburban,West,Pacific,1388.651,40786,25404,81.33334,79
1995,6069,CA,San Benito County,suburban,West,Pacific,1388.651,42334,26397,84.66666,101
1995,6069,CA,San Benito County,suburban,West,Pacific,1388.651,42334,26397,84.66666,101
1996,6069,CA,San Benito County,suburban,West,Pacific,1388.651,44169,27568,88,106
1997,6069,CA,San Benito County,suburban,West,Pacific,1388.651,46707,29436,91.33334,84
1998,6069,CA,San Benito County,suburban,West,Pacific,1388.651,49071,31278,94.66666,93
1999,6069,CA,San Benito County,suburban,West,Pacific,1388.651,51467,33095,98,103
2000,6069,CA,San Benito County,suburban,West,Pacific,1388.651,53781,34809,105,100
2001,6069,CA,San Benito County,suburban,West,Pacific,1388.651,54644,35719,99,91
2002,6069,CA,San Benito County,suburban,West,Pacific,1388.651,55056,35976,104,129
2003,6069,CA,San Benito County,suburban,West,Pacific,1388.651,55198,36189,107,110
2004,6069,CA,San Benito County,suburban  ,West,Pacific,1388.651,54849,36132,118,117
2005,6069,CA,San Benito County,suburban,West,Pacific,1388.651,54647,36222,125,128
2006,6069,CA,San Benito County,suburban,West,Pacific,1388.651,54124,35878,124.125,125
2007,6069,CA,San Benito County,suburban,West,Pacific,1388.651,54072,35831,123.25,117
2008,6069,CA,San Benito County,  SUBURBAN ,West,Pacific,1388.651,54267,35985,122.375,107
2009,6069,CA,San Benito County,suburban,West,Pacific,1388.651,54436,36236,121.5,129
2010,6069,CA,San Benito County,suburban,West,Pacific,1388.651,55269,36782,120.625,153
2011,6069,CA,San Benito County,suburban,West,Pacific,1388.651,55532,36983,119.75,140
2012,6069,CA,San Benito County,suburban,West,Pacific,1388.651,56034,37386,118.875,123
2013,6069,CA,San Benito County,suburban,West,Pacific,1388.651,56701,37774,118,113
2013,6069,CA,San Benito County,suburban,West,Pacific,1388.651,56701,37774,118,113
2014,6069,CA,San Benito County,suburban,West,Pacific,1388.651,57370,38211,121,109
2014,6069,CA,San Benito County,suburban,West,Pacific,1388.651,57370,38211,121,109
2015,6069,CA,San Benito County,suburban,West,Pacific,1388.651,57974,38528,123,106
2016,6069,CA,San Benito County,suburban,West,Pacific,1388.651,58364,38716,,
1970,6071,CA,San Bernardino County,suburban,West,Pacific,20057.284,684502,414593,798,
1970,6071,CA,San Bernardino County,suburban,West,Pacific,20057.284,684502,414593,798,
1971,6071,CA,San Bernardino County,suburban,West,Pacific,20057.284,693603,423255,792.875,
1972,6071,CA,San Bernardino County,suburban,West,Pacific,20057.284,696255,428853,787.75,
1973,6071,CA,San Bernardino County,suburban,West,Pacific,20057.284,704269,438303,782.625,
1974,6071,CA,San Bernardino County,suburban,West,Pacific,20057.284,713868,448440,777.5,
1975,6071,CA,San Bernardino County,suburban,West,Pacific,20057.284,719938,455805,772.375,
1976,6071,CA,San Bernardino County,suburban,West,Pacific,20057.284,734491,468158,767.25,
1977,6071,CA,San Bernardino County,suburban,West,Pacific,20057.284,769667,494174,762.125,
1978,6071,CA,San Bernardino County,suburban,West,Pacific,20057.284,823876,534030,757,
1978,6071,CA,San Bernardino County,suburban,West,Pacific,20057.284,823876,534030,757,
1979,6071,CA,San Bernardino County,suburban,West,Pacific,20057.284,856802,557807,837,
1980,6071,CA,San Bernardino County,suburban,West,Pacific,20057.284,903112,589838,917,
1981,6071,CA,San Bernardino County,suburban,West,Pacific,20057.284,932934,610049,997,
1982,6071,CA,San Bernardino County,suburban,West,Pacific,20057.284,966763,631448,1077,
1983,6071,CA,San Bernardino County,suburban  ,West,Pacific,20057.284,996561,649557,1157,1630
1984,6071,CA,San Bernardino County,suburban,West,Pacific,20057.284,1027821,669860,1336.5,1968
1985,6071,CA,San Bernardino County,suburban,West,Pacific,20057.284,1072235,699001,1516,2270
1986,6071,CA,San Bernardino County,suburban,West,Pacific,20057.284,1124170,732696,1741,2636
1987,6071,CA,San Bernardino County, suburban,West,Pacific,20057.284,1192192,774865,1850,2928
1988,6071,CA,San Bernardino County,suburban,West,Pacific,20057.284,1271182,823987,2053,3324
1989,6071,CA,San Bernardino County,suburban,West,Pacific,20057.284,1352915,873983,2404,3599
1990,6071,CA,San Bernardino County,suburban,West,Pacific,20057.284,1437315,919592,2852,3874
1991,6071,CA,San Bernardino County,suburban,West,Pacific,20057.284,1492824,948543,2735,4149
1992,6071,CA,San Bernardino County,suburban,West,Pacific,20057.284,1534977,974589,2855,4452
1993,6071,CA,San Bernardino County,suburban,West,Pacific,20057.284,1549427,977880,3146,5117
1994,6071,CA,San Bernardino County,suburban,West,Pacific,20057.284,1558854,978798,3188,5916
1995,6071,CA,San Bernardino County,suburban,West,Pacific,20057.284,1576773,987648,4100,6970
1996,6071,CA,San Bernardino County,suburban,West,Pacific,20057.284,1596584,998768,4119,7784
1997,6071,CA,San Bernardino County,suburban,West,Pacific,20057.284,1618438,1019515,4500,8768
1998,6071,CA,San Bernardino County,suburban,West,Pacific,20057.284,1646304,1045820,5103,9026
1999,6071,CA,San Bernardino County,suburban,West,Pacific,20057.284,1681601,1075402,4924,9691
2000,6071,CA,San Bernardino County,suburban,West,Pacific,20057.284,1718037,1104197,5124,10305
2001,6071,CA,San Bernardino County,suburban,West,Pacific,20057.284,1760731,1139659,5300,9960
2002,6071,CA,San Bernardino County,suburban,West,Pacific,20057.284,1799791,1172025,4977,10491
2003,6071,CA,San Bernardino County,suburban  ,West,Pacific,20057.284,1846115,1208505,5337,10879
2004,6071,CA,San Bernardino County,SUBURBAN,West,Pacific,20057.284,1899065,1252744,5299,11133
2005,6071,CA,San Bernardino County,suburban,West,Pacific,20057.284,1943924,1290469,5618,11720
2006,6071,CA,San Bernardino County,suburban  ,West,Pacific,20057.284,1974140,1318205,5735,12463
2007,6071,CA,San Bernardino County,  SUBURBAN ,West,Pacific,20057.284,1992161,1334671,5596,12253
2008,6071,CA,San Bernardino County,suburban,West,Pacific,20057.284,2003735,1343691,5593,12541
2009,6071,CA,San Bernardino County,suburban,West,Pacific,20057.284,2013960,1353525,5591,12575
2010,6071,CA,San Bernardino County,suburban,West,Pacific,20057.284,2035212,1368915,5755,12226
2011,6071,CA,San Bernardino County,suburban,West,Pacific,20057.284,2041234,1374242,5637,10782
2012,6071,CA,San Bernardino County,suburban,West,Pacific,20057.284,2062381,1390754,6445,9319
2013,6071,CA,San Bernardino County,suburban,West,Pacific,20057.284,2076601,1399140,6626,9171
2014,6071,CA,San Bernardino County,suburban,West,Pacific,20057.284,2086732,1404281,6944,9154
2015,6071,CA,San Bernardino County,  SUBURBAN ,West,Pacific,20057.284,2104038,1413812,6944,8304
2015,6071,CA,San Bernardino County,  SUBURBAN ,West,Pacific,20057.284,2104038,1413812,6944,8304
2016,6071,CA,San Bernardino County,suburban,West,Pacific,20057.284,2120794,1421790,,
1970,6073,CA,San Diego County,urban,West,Pacific,4208.046,1364665,885995,1569,
1971,6073,CA,San Diego County,urban,West,Pacific,4208.046,1391925,906186,1588.25,
1972,6073,CA,San Diego County,urban,West,Pacific,4208.046,1433123,937839,1607.5,
1973,6073,CA,San Diego County,urban,West,Pacific,4208.046,1499591,987908,1626.75,
1974,6073,CA,San Diego County,urban,West,Pacific,4208.046,1540668,1023963,1646,
1974,6073,CA,San Diego County,urban,West,Pacific,4208.046,1540668,1023963,1646,
1975,6073,CA,San Diego County,urban,West,Pacific,4208.046,1616904,1084635,1665.25,
1976,6073,CA,San Diego County,urban,West,Pacific,4208.046,1642781,1110717,1684.5,
1976,6073,CA,San Diego County,urban,West,Pacific,4208.046,1642781,1110717,1684.5,
1977,6073,CA,San Diego County,urban,West,Pacific,4208.046,1715516,1169773,1703.75,
1978,6073,CA,San Diego County,urban,West,Pacific,4208.046,1775406,1217779,1723,
1979,6073,CA,San Diego County,urban,West,Pacific,4208.046,1827598,1258999,1930,
1980,6073,CA,San Diego County,urban,West,Pacific,4208.046,1875284,1295645,2137,
1981,6073,CA,San Diego County,urban,West,Pacific,4208.046,1927017,1332691,2344,
1982,6073,CA,San Diego County,urban,West,Pacific,4208.046,1972358,1362402,2551,
1983,6073,CA,San Diego County,urban,West,Pacific,4208.046,2018133,1391203,2758,2697
1984,6073,CA,San Diego County,urban,West,Pacific,4208.046,2066418,1423769,2791.5,3104
1985,6073,CA,San Diego County,urban,West,Pacific,4208.046,2126092,1464552,2825,3333
1986,6073,CA,San Diego County,urban,West,Pacific,4208.046,2196830,1511991,2963,4194
1987,6073,CA,San Diego County,urban,West,Pacific,4208.046,2275305,1561553,3452,4755
1988,6073,CA,San Diego County,urban,West,Pacific,4208.046,2364290,1618661,3699,5862
1989,6073,CA,San Diego County,urban,West,Pacific,4208.046,2444387,1668860,4477,6482.33333333
1990,6073,CA,San Diego County,urban,West,Pacific,4208.046,2512365,1700897,5089,7102.66666667
1991,6073,CA,San Diego County,urban,West,Pacific,4208.046,2553122,1716519,4660,7723
1992,6073,CA,San Diego County,urban,West,Pacific,4208.046,2593126,1739655,4543,8430
1993,6073,CA,San Diego County,urban,West,Pacific,4208.046,2599776,1730457,5453,9473
1994,6073,CA,San Diego County,urban,West,Pacific,4208.046,2614685,1731894,5750,10118
1995,6073,CA,San Diego County,Urban,West,Pacific,4208.046,2623697,1731257,5926,11100
1996,6073,CA,San Diego County,urban,West,Pacific,4208.046,2651549,1745819,5619,11791
1997,6073,CA,San Diego County,urban,West,Pacific,4208.046,2692600,1779581,5685,12237
1998,6073,CA,San Diego County, urban,West,Pacific,4208.046,2736720,1820954,5745,12726
1998,6073,CA,San Diego County, urban,West,Pacific,4208.046,2736720,1820954,5745,12726
1999,6073,CA,San Diego County,urban,West,Pacific,4208.046,2789593,1867701,5666,12981
2000,6073,CA,San Diego County,Urban,West,Pacific,4208.046,2827366,1899917,5317,12871
2001,6073,CA,San Diego County, urban,West,Pacific,4208.046,2869672,1938020,4895,12680
2002,6073,CA,San Diego County,urban,West,Pacific,4208.046,2900355,1969245,4872,12777
2003,6073,CA,San Diego County,urban,West,Pacific,4208.046,2914702,1983374,4933,12415
2004,6073,CA,San Diego County,urban,West,Pacific,4208.046,2930007,2005555,5163,12465
2005,6073,CA,San Diego County,urban,West,Pacific,4208.046,2938375,2021646,5244,12893
2006,6073,CA,San Diego County,urban,West,Pacific,4208.046,2947289,2038348,5333,12835
2007,6073,CA,San Diego County,Urban,West,Pacific,4208.046,2975742,2062278,5172,12846
2008,6073,CA,San Diego County,urban,West,Pacific,4208.046,3022116,2094283,5363,12707
2009,6073,CA,San Diego County,urban,West,Pacific,4208.046,3061203,2123145,5263,12554
2010,6073,CA,San Diego County,urban,West,Pacific,4208.046,3095342,2147740,4848,11890
2010,6073,CA,San Diego County,urban,West,Pacific,4208.046,3095342,2147740,4848,11890
2011,6073,CA,San Diego County,urban,West,Pacific,4208.046,3103793,2153947,4476,10774
2012,6073,CA,San Diego County,  URBAN ,West,Pacific,4208.046,3139767,2176499,4847,9483
2013,6073,CA,San Diego County,urban,West,Pacific,4208.046,3179798,2197273,5813,9191
2014,6073,CA,San Diego County,  URBAN ,West,Pacific,4208.046,3216522,2215992,5875,9282
2014,6073,CA,San Diego County,  URBAN ,West,Pacific,4208.046,3216522,2215992,5875,9282
2015,6073,CA,San Diego County,urban,West,Pacific,4208.046,3256875,2237794,5259,8586
2016,6073,CA,San Diego County, urban,West,Pacific,4208.046,3290044,2254734,,
1970,6075,CA,San Francisco County,urban,West,Pacific,46.906,714149,483216,1648,
1971,6075,CA,San Francisco County,urban,West,Pacific,46.906,708076,480496,1596.125,
1972,6075,CA,San Francisco County,urban,West,Pacific,46.906,700203,477346,1544.25,
1972,6075,CA,San Francisco County,urban,West,Pacific,46.906,700203,477346,1544.25,
1973,6075,CA,San Francisco County,urban,West,Pacific,46.906,699953,480277,1492.375,
1974,6075,CA,San Francisco County,urban,West,Pacific,46.906,698373,481444,1440.5,
1975,6075,CA,San Francisco County,urban,West,Pacific,46.906,686068,473702,1388.625,
1976,6075,CA,San Francisco County,urban,West,Pacific,46.906,686112,477185,1336.75,
1977,6075,CA,San Francisco County,urban,West,Pacific,46.906,679421,475290,1284.875,
1978,6075,CA,San Francisco County,URBAN,West,Pacific,46.906,677661,476416,1233,
1979,6075,CA,San Francisco County,urban,West,Pacific,46.906,675831,477529,1271.6,
1980,6075,CA,San Francisco County,urban,West,Pacific,46.906,679193,482466,1310.2,
1981,6075,CA,San Francisco County,urban,West,Pacific,46.906,686920,489681,1348.8,
1982,6075,CA,San Francisco County,urban,West,Pacific,46.906,695544,496664,1387.4,
1983,6075,CA,San Francisco County,urban,West,Pacific,46.906,704803,503858,1426,1730
1984,6075,CA,San Francisco County,urban,West,Pacific,46.906,713200,510788,1506,1880
1985,6075,CA,San Francisco County,  URBAN ,West,Pacific,46.906,727975,522503,1586,2287
1986,6075,CA,San Francisco County,urban,West,Pacific,46.906,737398,530084,1439,2500
1987,6075,CA,San Francisco County,urban,West,Pacific,46.906,736500,529592,1651,2649
1988,6075,CA,San Francisco County,urban,West,Pacific,46.906,730462,525821,1646,3210
1989,6075,CA,San Francisco County,urban,West,Pacific,46.906,725887,523054,1741,3247
1990,6075,CA,San Francisco County,urban,West,Pacific,46.906,723496,519687,1904,3284
1991,6075,CA,San Francisco County,urban,West,Pacific,46.906,729708,524508,1905,3321
1992,6075,CA,San Francisco County,urban,West,Pacific,46.906,734861,529925,2028,3276
1993,6075,CA,San Francisco County,urban,West,Pacific,46.906,740277,533814,2038,3634
1994,6075,CA,San Francisco County,urban,West,Pacific,46.906,742316,535451,2285,3754
1995,6075,CA,San Francisco County,urban,West,Pacific,46.906,746386,539173,2125,3646
1996,6075,CA,San Francisco County,urban,West,Pacific,46.906,753934,546597,1949,3382
1997,6075,CA,San Francisco County,urban,West,Pacific,46.906,762953,557666,2017,3120
1998,6075,CA,San Francisco County, urban,West,Pacific,46.906,770262,567289,1947,2873
1999,6075,CA,San Francisco County,URBAN,West,Pacific,46.906,774716,573477,2224,2727
2000,6075,CA,San Francisco County,  URBAN ,West,Pacific,46.906,777885,577828,2129,2511
2001,6075,CA,San Francisco County,urban,West,Pacific,46.906,780865,581606,1785,2368
2002,6075,CA,San Francisco County,urban,West,Pacific,46.906,772723,574585,1951,2212
2003,6075,CA,San Francisco County,urban,West,Pacific,46.906,766160,569023,2153,1986
2004,6075,CA,San Francisco County,urban,West,Pacific,46.906,761325,565911,1724,1864
2005,6075,CA,San Francisco County,urban,West,Pacific,46.906,763016,568106,1832,1855
2006,6075,CA,San Francisco County, urban,West,Pacific,46.906,768650,575049,2356,1821
2006,6075,,,,,,,,,1842,
2007,6075,CA,San Francisco County,urban,West,Pacific,46.906,778673,584032,1974,1712
2008,6075,CA,San Francisco County,urban,West,Pacific,46.906,791152,594735,2081,1785
2009,6075,CA,San Francisco County,urban,West,Pacific,46.906,801922,603335,1861,1748
2010,6075,CA,San Francisco County,urban,West,Pacific,46.906,805193,605404,1934,1658
2011,6075,CA,San Francisco County,urban,West,Pacific,46.906,805770,605221,1712,1394
2012,6075,CA,San Francisco County,urban,West,Pacific,46.906,816294,611653,1535,1208
2013,6075,CA,San Francisco County,urban,West,Pacific,46.906,830406,619704,1186,1117
2014,6075,CA,San Francisco County,urban,West,Pacific,46.906,841270,624754,1369,1019
2015,6075,CA,San Francisco County,urban,West,Pacific,46.906,853258,630912,1208,979
2015,6075,CA,San Francisco County,urban,West,Pacific,46.906,853258,630912,1208,979
2016,6075,CA,San Francisco County,urban,West,Pacific,46.906,866320,637773,,
1970,6077,CA,San Joaquin County,small/mid,West,Pacific,1392.358,292085,181396,767,
1971,6077,CA,San Joaquin County,small/mid,West,Pacific,1392.358,296166,184815,731.875,
1972,6077,CA,San Joaquin County,small/mid,West,Pacific,1392.358,300223,188699,696.75,
1973,6077,CA,San Joaquin County,small/mid,West,Pacific,1392.358,303902,192424,661.625,
1974,6077,CA,San Joaquin County,small/mid,West,Pacific,1392.358,306660,195266,626.5,
1975,6077,CA,San Joaquin County,small/mid,West,Pacific,1392.358,309755,198204,591.375,
1976,6077,CA,San Joaquin County,small/mid,West,Pacific,1392.358,317672,204679,556.25,
1977,6077,CA,San Joaquin County,small/mid,West,Pacific,1392.358,320833,207221,521.125,
1978,6077,CA,San Joaquin County,small/mid,West,Pacific,1392.358,332679,215942,486,
1979,6077,CA,San Joaquin County,small/mid,West,Pacific,1392.358,338375,219903,527.6,
1980,6077,CA,San Joaquin County,small/mid,West,Pacific,1392.358,350186,227965,569.2,
1981,6077,CA,San Joaquin County,small/mid,West,Pacific,1392.358,361460,235174,610.8,
1981,6077,CA,San Joaquin County,small/mid,West,Pacific,1392.358,361460,235174,610.8,
1982,6077,CA,San Joaquin County,small/mid,West,Pacific,1392.358,373481,242324,652.4,
1983,6077,CA,San Joaquin County,Small/mid,West,Pacific,1392.358,385716,249396,694,634
1984,6077,CA,San Joaquin County,small/mid,West,Pacific,1392.358,398727,257391,804.5,698
1984,6077,CA,San Joaquin County,small/mid,West,Pacific,1392.358,398727,257391,804.5,698
1985,6077,CA,San Joaquin County,small/mid,West,Pacific,1392.358,416044,268297,915,743
1986,6077,CA,San Joaquin County,small/mid,West,Pacific,1392.358,430786,277367,974,908
1987,6077,CA,San Joaquin County,small/mid,West,Pacific,1392.358,445725,285908,1167,1163
1988,6077,CA,San Joaquin County,small/mid,West,Pacific,1392.358,457136,292232,1173,1449
1989,6077,CA,San Joaquin County,small/mid,West,Pacific,1392.358,466859,297311,1108,1523.33333333
1990,6077,CA,San Joaquin County,small/mid,West,Pacific,1392.358,484131,305033,1126,1597.66666667
1991,6077,CA,San Joaquin County,small/mid,West,Pacific,1392.358,492694,308102,1184,1672
1992,6077,CA,San Joaquin County,Small/mid,West,Pacific,1392.358,500278,312427,1202,1826
1993,6077,CA,San Joaquin County,small/mid,West,Pacific,1392.358,506385,314698,1102,2030
1994,6077,CA,San Joaquin County,small/mid,West,Pacific,1392.358,512212,316932,964,2353
1995,6077,CA,San Joaquin County,small/mid,West,Pacific,1392.358,517923,319890,1058,2534
1995,6077,CA,San Joaquin County,small/mid,West,Pacific,1392.358,517923,319890,1058,2534
1996,6077,CA,San Joaquin County,small/mid,West,Pacific,1392.358,524657,323708,1150,2860
1997,6077,CA,San Joaquin County,small/mid,West,Pacific,1392.358,531908,330870,1165,3057
1998,6077,CA,San Joaquin County,small/mid,West,Pacific,1392.358,540257,338874,1270,3197
1999,6077,CA,San Joaquin County,small/mid,West,Pacific,1392.358,552424,349308,1298,3263
2000,6077,CA,San Joaquin County,small/mid,West,Pacific,1392.358,567885,361473,1204,3263
2001,6077,CA,San Joaquin County,small/mid,West,Pacific,1392.358,591207,378317,1231,3207
2002,6077,CA,San Joaquin County,small/mid,West,Pacific,1392.358,609041,392077,1195,3310
2003,6077,CA,San Joaquin County,small/mid,West,Pacific,1392.358,626778,405429,1299,3378
2004,6077,CA,San Joaquin County,small/mid,West,Pacific,1392.358,642898,417330,1281,3316
2004,6077,CA,San Joaquin County,small/mid,West,Pacific,1392.358,642898,417330,1281,3316
2005,6077,CA,San Joaquin County,Small/mid,West,Pacific,1392.358,656985,428054,1241,3486
2006,6077,CA,San Joaquin County,small/mid,West,Pacific,1392.358,662812,433093,1374,3645
2007,6077,CA,San Joaquin County,small/mid,West,Pacific,1392.358,668080,436836,1509,3573
2008,6077,CA,San Joaquin County,small/mid,West,Pacific,1392.358,671692,439227,1532,3526
2009,6077,CA,San Joaquin County,small/mid,West,Pacific,1392.358,677736,443649,1510,3677
2010,6077,CA,San Joaquin County,small/mid,West,Pacific,1392.358,685308,448924,1363,3455
2011,6077,CA,San Joaquin County,small/mid  ,West,Pacific,1392.358,687291,450464,1183,3049
2012,6077,CA,San Joaquin County,small/mid,West,Pacific,1392.358,695071,455961,1171,2955
2013,6077,CA,San Joaquin County,small/mid,West,Pacific,1392.358,700958,458603,1350,3079
2014,6077,CA,San Joaquin County,small/mid,West,Pacific,1392.358,703747,459207,1434,2980
2015,6077,CA,San Joaquin County,small/mid,West,Pacific,1392.358,713452,465172,1249,2873
2016,6077,CA,San Joaquin County,SMALL/MID,West,Pacific,1392.358,723846,471491,,
1970,6079,CA,San Luis Obispo County,small/mid,West,Pacific,3300.615,106403,69207,97,
1970,6079,CA,San Luis Obispo County,small/mid,West,Pacific,3300.615,106403,69207,97,
1971,6079,CA,San Luis Obispo County, small/mid,West,Pacific,3300.615,109307,71566,104.125,
1972,6079,CA,San Luis Obispo County,  SMALL/MID ,West,Pacific,3300.615,115491,76436,111.25,
1973,6079,CA,San Luis Obispo County, small/mid,West,Pacific,3300.615,119849,80027,118.375,
1974,6079,CA,San Luis Obispo County,small/mid,West,Pacific,3300.615,125539,84627,125.5,
1975,6079,CA,San Luis Obispo County,small/mid,West,Pacific,3300.615,126461,85535,132.625,
1976,6079,CA,San Luis Obispo County,small/mid,West,Pacific,3300.615,134265,91597,139.75,
1977,6079,CA,San Luis Obispo County,small/mid  ,West,Pacific,3300.615,138640,95000,146.875,
1978,6079,CA,San Luis Obispo County,small/mid,West,Pacific,3300.615,145919,100513,154,
1979,6079,CA,San Luis Obispo County,small/mid,West,Pacific,3300.615,150853,104143,157.6,
1980,6079,CA,San Luis Obispo County,  SMALL/MID ,West,Pacific,3300.615,156829,108418,161.2,
1981,6079,CA,San Luis Obispo County,small/mid,West,Pacific,3300.615,161889,111806,164.8,
1982,6079,CA,San Luis Obispo County,small/mid,West,Pacific,3300.615,166561,114688,168.4,
1983,6079,CA,San Luis Obispo County,small/mid,West,Pacific,3300.615,171369,117540,172,145
1984,6079,CA,San Luis Obispo County,small/mid,West,Pacific,3300.615,177555,121486,211,182
1985,6079,CA,San Luis Obispo County,small/mid,West,Pacific,3300.615,185250,126517,250,214
1986,6079,CA,San Luis Obispo County,small/mid,West,Pacific,3300.615,192490,131117,298,269
1987,6079,CA,San Luis Obispo County,small/mid,West,Pacific,3300.615,199339,135176,311,305
1988,6079,CA,San Luis Obispo County,small/mid,West,Pacific,3300.615,204257,138024,351,352
1989,6079,CA,San Luis Obispo County,small/mid,West,Pacific,3300.615,213311,143631,381,345.666666667
1990,6079,CA,San Luis Obispo County,  SMALL/MID ,West,Pacific,3300.615,218276,145766,384,339.333333333
1991,6079,CA,San Luis Obispo County,small/mid,West,Pacific,3300.615,219895,145706,411,333
1992,6079,CA,San Luis Obispo County,small/mid  ,West,Pacific,3300.615,221848,146698,386,347
1993,6079,CA,San Luis Obispo County,small/mid,West,Pacific,3300.615,223371,146965,405,347
1994,6079,CA,San Luis Obispo County,small/mid,West,Pacific,3300.615,226229,148472,400.8333,411
1995,6079,CA,San Luis Obispo County,  SMALL/MID ,West,Pacific,3300.615,229371,150443,396.6667,500
1996,6079,CA,San Luis Obispo County,small/mid  ,West,Pacific,3300.615,232976,152864,392.5,514
1997,6079,CA,San Luis Obispo County,small/mid,West,Pacific,3300.615,236601,156529,388.3333,567
1998,6079,CA,San Luis Obispo County,small/mid,West,Pacific,3300.615,240020,160379,384.1667,592
1999,6079,CA,San Luis Obispo County,small/mid,West,Pacific,3300.615,243480,164243,380,580
1999,6079,CA,San Luis Obispo County,small/mid,West,Pacific,3300.615,243480,164243,380,580
2000,6079,CA,San Luis Obispo County,small/mid,West,Pacific,3300.615,247839,168493,371,580
2001,6079,CA,San Luis Obispo County,small/mid,West,Pacific,3300.615,251462,172369,361,598
2002,6079,CA,San Luis Obispo County,small/mid,West,Pacific,3300.615,253083,174684,356,643
2003,6079,CA,San Luis Obispo County,small/mid,West,Pacific,3300.615,254674,176576,436,631
2004,6079,CA,San Luis Obispo County,small/mid,West,Pacific,3300.615,256842,178950,422,684
2005,6079,CA,San Luis Obispo County,small/mid,West,Pacific,3300.615,258615,180918,485,716
2006,6079,CA,San Luis Obispo County,small/mid,West,Pacific,3300.615,260498,182734,508,744
2007,6079,CA,San Luis Obispo County,small/mid  ,West,Pacific,3300.615,262770,184118,519,757
2008,6079,CA,San Luis Obispo County,  SMALL/MID ,West,Pacific,3300.615,266358,186060,568,739
2009,6079,CA,San Luis Obispo County,small/mid,West,Pacific,3300.615,268145,186652,540,772
2010,6079,CA,San Luis Obispo County,small/mid,West,Pacific,3300.615,269591,187270,551,747
2010,6079,CA,San Luis Obispo County,small/mid,West,Pacific,3300.615,269591,187270,551,747
2011,6079,CA,San Luis Obispo County,small/mid,West,Pacific,3300.615,269819,187218,558,671
2012,6079,CA,San Luis Obispo County,small/mid,West,Pacific,3300.615,271150,187464,637,591
2013,6079,CA,San Luis Obispo County,small/mid,West,Pacific,3300.615,274378,188375,690,647
2014,6079,CA,San Luis Obispo County,small/mid,West,Pacific,3300.615,275973,187842,730,671
2015,6079,CA,San Luis Obispo County,small/mid,West,Pacific,3300.615,278534,188131,606,629
2016,6079,CA,San Luis Obispo County,small/mid,West,Pacific,3300.615,280402,187650,,
1970,6081,CA,San Mateo County,suburban,West,Pacific,448.557,557147,368056,540,
1971,6081,CA,San Mateo County,suburban,West,Pacific,448.557,556295,369803,531.375,
1972,6081,CA,San Mateo County,suburban,West,Pacific,448.557,559523,375491,522.75,
1973,6081,CA,San Mateo County,suburban,West,Pacific,448.557,567151,384580,514.125,
1974,6081,CA,San Mateo County, suburban,West,Pacific,448.557,568429,388897,505.5,
1975,6081,CA,San Mateo County,suburban,West,Pacific,448.557,575380,397258,496.875,
1976,6081,CA,San Mateo County,suburban,West,Pacific,448.557,580572,404036,488.25,
1977,6081,CA,San Mateo County,suburban,West,Pacific,448.557,581772,407347,479.625,
1978,6081,CA,San Mateo County,suburban,West,Pacific,448.557,582626,409763,471,
1979,6081,CA,San Mateo County,suburban,West,Pacific,448.557,585612,413766,531.8,
1980,6081,CA,San Mateo County,suburban,West,Pacific,448.557,587968,416409,592.6,
1981,6081,CA,San Mateo County,suburban,West,Pacific,448.557,591736,418688,653.4,
1982,6081,CA,San Mateo County,suburban,West,Pacific,448.557,595854,420513,714.2,
1983,6081,CA,San Mateo County,suburban,West,Pacific,448.557,606458,426607,775,634
1984,6081,CA,San Mateo County,suburban,West,Pacific,448.557,613706,430868,836.5,716
1985,6081,CA,San Mateo County,suburban,West,Pacific,448.557,620189,434713,898,754
1986,6081,CA,San Mateo County,suburban,West,Pacific,448.557,621588,434743,877,883
1986,6081,CA,San Mateo County,suburban,West,Pacific,448.557,621588,434743,877,883
1987,6081,CA,San Mateo County,Suburban,West,Pacific,448.557,628247,437767,760,870
1987,6081,CA,San Mateo County,Suburban,West,Pacific,448.557,628247,437767,760,870
1988,6081,CA,San Mateo County,suburban,West,Pacific,448.557,636605,442268,950,1041
1989,6081,CA,San Mateo County,suburban,West,Pacific,448.557,646073,447389,981,1130.33333333
1989,6081,CA,San Mateo County,suburban,West,Pacific,448.557,646073,447389,981,1130.33333333
1990,6081,CA,San Mateo County,suburban,West,Pacific,448.557,650174,446201,1184,1219.66666667
1991,6081,CA,San Mateo County,suburban,West,Pacific,448.557,655493,446376,1218,1309
1991,6081,CA,San Mateo County,suburban,West,Pacific,448.557,655493,446376,1218,1309
1992,6081,CA,San Mateo County,suburban,West,Pacific,448.557,662931,450391,1194,1293
1993,6081,CA,San Mateo County,suburban,West,Pacific,448.557,669581,452409,1084,1400
1994,6081,CA,San Mateo County,suburban,West,Pacific,448.557,674871,453997,1173,1475
1995,6081,CA,San Mateo County,suburban,West,Pacific,448.557,679690,456013,1196,1611
1996,6081,CA,San Mateo County,suburban,West,Pacific,448.557,687243,460521,1138,1710
1997,6081,CA,San Mateo County,suburban,West,Pacific,448.557,697512,470575,1050,1712
1998,6081,CA,San Mateo County,  SUBURBAN ,West,Pacific,448.557,702651,476968,1200,1805
1999,6081,CA,San Mateo County,suburban,West,Pacific,448.557,704538,479871,1247,1812
2000,6081,CA,San Mateo County,suburban,West,Pacific,448.557,707820,483319,1153,1804
2001,6081,CA,San Mateo County,suburban,West,Pacific,448.557,705621,483351,1018,1775
2002,6081,CA,San Mateo County,suburban,West,Pacific,448.557,697628,477496,1056,1792
2003,6081,CA,San Mateo County,suburban,West,Pacific,448.557,693057,473241,1027,1718
2004,6081,CA,San Mateo County,suburban,West,Pacific,448.557,690161,470501,1110,1729
2005,6081,CA,San Mateo County,suburban,West,Pacific,448.557,690078,470621,1071,1841
2005,6081,CA,San Mateo County,suburban,West,Pacific,448.557,690078,470621,1071,1841
2006,6081,CA,San Mateo County,suburban,West,Pacific,448.557,690176,471773,1092,1885
2007,6081,CA,San Mateo County,  SUBURBAN ,West,Pacific,448.557,693849,474531,1171,1795
2008,6081,CA,San Mateo County,suburban,West,Pacific,448.557,703830,480685,1264,1763
2008,6081,CA,San Mateo County,suburban,West,Pacific,448.557,703830,480685,1264,1763
2009,6081,CA,San Mateo County,SUBURBAN,West,Pacific,448.557,713617,486607,1127,1659
2010,6081,CA,San Mateo County,suburban,West,Pacific,448.557,718500,488666,1070,1542
2011,6081,CA,San Mateo County,suburban,West,Pacific,448.557,719899,489335,1005,1473
2012,6081,CA,San Mateo County,suburban,West,Pacific,448.557,729022,494401,978,1240
2013,6081,CA,San Mateo County,Suburban,West,Pacific,448.557,740644,500217,1047,1264
2014,6081,CA,San Mateo County, suburban,West,Pacific,448.557,750345,505596,1078,1260
2015,6081,CA,San Mateo County,suburban,West,Pacific,448.557,759156,510031,853,1222
2016,6081,CA,San Mateo County,suburban,West,Pacific,448.557,766779,514160,,
1970,6083,CA,Santa Barbara County,small/mid,West,Pacific,2735.148,265439,169150,239,
1971,6083,CA,Santa Barbara County,small/mid,West,Pacific,2735.148,269931,173330,247.625,
1972,6083,CA,Santa Barbara County,small/mid,West,Pacific,2735.148,276961,179736,256.25,
1973,6083,CA,Santa Barbara County,small/mid,West,Pacific,2735.148,277420,181693,264.875,
1974,6083,CA,Santa Barbara County,small/mid,West,Pacific,2735.148,278427,184207,273.5,
1975,6083,CA,Santa Barbara County,small/mid,West,Pacific,2735.148,282629,188879,282.125,
1976,6083,CA,Santa Barbara County,small/mid,West,Pacific,2735.148,286080,193612,290.75,
1977,6083,CA,Santa Barbara County,small/mid,West,Pacific,2735.148,290381,198180,299.375,
1978,6083,CA,Santa Barbara County,small/mid,West,Pacific,2735.148,295399,203380,308,
1978,6083,CA,Santa Barbara County,small/mid,West,Pacific,2735.148,295399,203380,308,
1979,6083,CA,Santa Barbara County,small/mid,West,Pacific,2735.148,295422,204589,348,
1980,6083,CA,Santa Barbara County,small/mid,West,Pacific,2735.148,300236,208720,388,
1981,6083,CA,Santa Barbara County,small/mid,West,Pacific,2735.148,305587,212323,428,
1982,6083,CA,Santa Barbara County,small/mid,West,Pacific,2735.148,313072,217007,468,
1983,6083,CA,Santa Barbara County,small/mid,West,Pacific,2735.148,322287,222677,508,437
1984,6083,CA,Santa Barbara County,small/mid,West,Pacific,2735.148,329127,226990,606.5,443
1984,6083,CA,Santa Barbara County,small/mid,West,Pacific,2735.148,329127,226990,606.5,443
1985,6083,CA,Santa Barbara County,small/mid,West,Pacific,2735.148,338566,233199,705,596
1986,6083,CA,Santa Barbara County,small/mid,West,Pacific,2735.148,345647,237590,570,716
1987,6083,CA,Santa Barbara County,small/mid,West,Pacific,2735.148,352019,241020,573,810
1988,6083,CA,Santa Barbara County,small/mid,West,Pacific,2735.148,355812,242792,643,807
1989,6083,CA,Santa Barbara County,small/mid,West,Pacific,2735.148,365700,248654,937,850
1990,6083,CA,Santa Barbara County,small/mid  ,West,Pacific,2735.148,370565,249727,808,893
1991,6083,CA,Santa Barbara County,small/mid,West,Pacific,2735.148,374910,250673,808,936
1992,6083,CA,Santa Barbara County,small/mid,West,Pacific,2735.148,378003,251978,900,997
1993,6083,CA,Santa Barbara County,small/mid,West,Pacific,2735.148,380064,251527,870,1017
1994,6083,CA,Santa Barbara County,small/mid,West,Pacific,2735.148,384226,252866,867,1106
1995,6083,CA,Santa Barbara County,small/mid,West,Pacific,2735.148,384582,251849,853,1218
1996,6083,CA,Santa Barbara County,small/mid,West,Pacific,2735.148,386108,251848,1012,1294
1997,6083,CA,Santa Barbara County,small/mid,West,Pacific,2735.148,391290,256356,896,1412
1998,6083,CA,Santa Barbara County,small/mid,West,Pacific,2735.148,394738,260153,963,1406
1999,6083,CA,Santa Barbara County,small/mid,West,Pacific,2735.148,396906,262652,915,1458
1999,6083,CA,Santa Barbara County,small/mid,West,Pacific,2735.148,396906,262652,915,1458
2000,6083,CA,Santa Barbara County,small/mid,West,Pacific,2735.148,399990,265792,907,1513
2001,6083,CA,Santa Barbara County,SMALL/MID,West,Pacific,2735.148,403164,269422,1397,1451
2001,6083,,,,,,,,,883,
2002,6083,CA,Santa Barbara County,small/mid,West,Pacific,2735.148,405178,272556,816,1494
2003,6083,CA,Santa Barbara County,small/mid,West,Pacific,2735.148,406810,274796,894,1536
2004,6083,CA,Santa Barbara County,small/mid,West,Pacific,2735.148,407284,276360,930,1571
2005,6083,CA,Santa Barbara County,small/mid,West,Pacific,2735.148,408079,277932,979,1752
2006,6083,CA,Santa Barbara County,small/mid,West,Pacific,2735.148,408085,278871,980,1832
2006,6083,CA,Santa Barbara County,small/mid,West,Pacific,2735.148,408085,278871,980,1832
2007,6083,CA,Santa Barbara County,small/mid,West,Pacific,2735.148,411243,281298,987,1870
2008,6083,CA,Santa Barbara County,small/mid,West,Pacific,2735.148,415859,284213,955,1758
2009,6083,CA,Santa Barbara County,small/mid,West,Pacific,2735.148,420356,287199,989,1764
2010,6083,CA,Santa Barbara County,small/mid,West,Pacific,2735.148,423949,289248,968,1670
2010,6083,CA,Santa Barbara County,small/mid,West,Pacific,2735.148,423949,289248,968,1670
2011,6083,CA,Santa Barbara County,small/mid  ,West,Pacific,2735.148,424338,289334,922,1392
2012,6083,CA,Santa Barbara County,small/mid,West,Pacific,2735.148,426058,289951,915,1207
2012,6083,CA,Santa Barbara County,small/mid,West,Pacific,2735.148,426058,289951,915,1207
2013,6083,CA,Santa Barbara County,small/mid,West,Pacific,2735.148,430827,292175,1249,1228
2014,6083,CA,Santa Barbara County,small/mid,West,Pacific,2735.148,435980,294656,1006,1229
2015,6083,CA,Santa Barbara County,small/mid,West,Pacific,2735.148,440628,296677,1104,1168
2016,6083,CA,Santa Barbara County,small/mid,West,Pacific,2735.148,443927,297408,,
1970,6085,CA,Santa Clara County,urban,West,Pacific,1291.207,1072345,678973,1154,
1970,6085,CA,Santa Clara County,urban,West,Pacific,1291.207,1072345,678973,1154,
1971,6085,CA,Santa Clara County,urban,West,Pacific,1291.207,1100479,705327,1191.5,
1972,6085,CA,Santa Clara County,urban,West,Pacific,1291.207,1138756,740982,1229,
1972,6085,CA,Santa Clara County,urban,West,Pacific,1291.207,1138756,740982,1229,
1973,6085,CA,Santa Clara County,urban,West,Pacific,1291.207,1163915,768092,1266.5,
1974,6085,CA,Santa Clara County,urban,West,Pacific,1291.207,1164618,777346,1831,
1974,6085,,,,,,,,,1304,
1975,6085,CA,Santa Clara County,urban,West,Pacific,1291.207,1192774,805542,1341.5,
1976,6085,CA,Santa Clara County,urban,West,Pacific,1291.207,1206703,824028,1379,
1977,6085,CA,Santa Clara County,Urban,West,Pacific,1291.207,1231631,849739,1416.5,
1978,6085,CA,Santa Clara County,urban,West,Pacific,1291.207,1260361,877751,1454,
1978,6085,CA,Santa Clara County,urban,West,Pacific,1291.207,1260361,877751,1454,
1979,6085,CA,Santa Clara County,urban,West,Pacific,1291.207,1271374,891982,1627.2,
1980,6085,CA,Santa Clara County,Urban,West,Pacific,1291.207,1300884,918340,1800.4,
1981,6085,CA,Santa Clara County,urban,West,Pacific,1291.207,1324718,937863,1973.6,
1982,6085,CA,Santa Clara County, urban,West,Pacific,1291.207,1345046,953165,2146.8,
1983,6085,CA,Santa Clara County,urban,West,Pacific,1291.207,1374020,973830,2320,2179
1983,6085,CA,Santa Clara County,urban,West,Pacific,1291.207,1374020,973830,2320,2179
1984,6085,CA,Santa Clara County,urban,West,Pacific,1291.207,1396226,991161,2351.5,2349
1985,6085,CA,Santa Clara County,urban,West,Pacific,1291.207,1419528,1009461,2383,2828
1986,6085,CA,Santa Clara County,urban,West,Pacific,1291.207,1429923,1018017,2986,3497
1987,6085,CA,Santa Clara County,urban,West,Pacific,1291.207,1447592,1029768,3066,3596
1988,6085,CA,Santa Clara County,  URBAN ,West,Pacific,1291.207,1472237,1046758,3382,3755
1989,6085,CA,Santa Clara County,urban,West,Pacific,1291.207,1498116,1064192,4316,3762.66666667
1990,6085,CA,Santa Clara County,  URBAN ,West,Pacific,1291.207,1498307,1056595,4177,3770.33333333
1991,6085,CA,Santa Clara County,urban,West,Pacific,1291.207,1513118,1057899,4072,3778
1991,6085,CA,Santa Clara County,urban,West,Pacific,1291.207,1513118,1057899,4072,3778
1992,6085,CA,Santa Clara County,urban  ,West,Pacific,1291.207,1531886,1067139,4368,4106
1993,6085,CA,Santa Clara County,urban,West,Pacific,1291.207,1549185,1072145,4451,4591
1994,6085,CA,Santa Clara County,urban  ,West,Pacific,1291.207,1561366,1074728,4103,4803
1995,6085,CA,Santa Clara County,urban,West,Pacific,1291.207,1580245,1083748,4161,4965
1996,6085,CA,Santa Clara County,URBAN,West,Pacific,1291.207,1608695,1101076,4314,5140
1997,6085,CA,Santa Clara County,urban,West,Pacific,1291.207,1637414,1126432,4883,5226
1997,6085,,,,,,,,,4317,
1998,6085,CA,Santa Clara County,urban,West,Pacific,1291.207,1658960,1147704,4722,5537
1999,6085,CA,Santa Clara County,urban,West,Pacific,1291.207,1671498,1160295,4748,5833
1999,6085,CA,Santa Clara County,urban,West,Pacific,1291.207,1671498,1160295,4748,5833
2000,6085,CA,Santa Clara County,urban,West,Pacific,1291.207,1684947,1172487,4343,6061
2001,6085,CA,Santa Clara County,urban,West,Pacific,1291.207,1688082,1176973,4122,6192
2002,6085,CA,Santa Clara County,Urban,West,Pacific,1291.207,1669348,1162343,3915,6389
2003,6085,CA,Santa Clara County,urban,West,Pacific,1291.207,1663592,1154931,3867,6511
2004,6085,CA,Santa Clara County,urban,West,Pacific,1291.207,1663167,1151724,4701,6197
2004,6085,,,,,,,,,4187,
2005,6085,CA,Santa Clara County,urban,West,Pacific,1291.207,1675312,1159448,4472,6181
2006,6085,CA,Santa Clara County,urban,West,Pacific,1291.207,1691159,1171159,4750,6304
2007,6085,CA,Santa Clara County,urban,West,Pacific,1291.207,1712026,1184996,4852,6070
2008,6085,CA,Santa Clara County,URBAN,West,Pacific,1291.207,1740964,1201977,4660,6051
2009,6085,CA,Santa Clara County,urban,West,Pacific,1291.207,1765137,1216455,4498,5887
2010,6085,CA,Santa Clara County,urban,West,Pacific,1291.207,1781671,1224760,3587,5487
2011,6085,CA,Santa Clara County,urban,West,Pacific,1291.207,1786542,1227433,3667,4937
2012,6085,CA,Santa Clara County,urban,West,Pacific,1291.207,1813812,1244467,3556,4479
2013,6085,CA,Santa Clara County,urban,West,Pacific,1291.207,1841868,1260819,4006,4282
2014,6085,CA,Santa Clara County,urban,West,Pacific,1291.207,1870935,1278515,4139,4225
2015,6085,CA,Santa Clara County,urban,West,Pacific,1291.207,1896246,1295252,3637,4058
2016,6085,CA,Santa Clara County,urban,West,Pacific,1291.207,1919220,1310825,,
1970,6087,CA,Santa Cruz County,small/mid,West,Pacific,445.163,125009,74506,120,
1970,6087,CA,Santa Cruz County,small/mid,West,Pacific,445.163,125009,74506,120,
1971,6087,CA,Santa Cruz County,small/mid,West,Pacific,445.163,129889,78598,126.875,
1972,6087,CA,Santa Cruz County,small/mid,West,Pacific,445.163,141885,87977,133.75,
1973,6087,CA,Santa Cruz County,small/mid,West,Pacific,445.163,145355,91285,140.625,
1974,6087,CA,Santa Cruz County,small/mid,West,Pacific,445.163,149830,95164,147.5,
1974,6087,CA,Santa Cruz County,small/mid,West,Pacific,445.163,149830,95164,147.5,
1975,6087,CA,Santa Cruz County,small/mid,West,Pacific,445.163,158631,102167,154.375,
1976,6087,CA,Santa Cruz County,small/mid,West,Pacific,445.163,168032,109847,662,
1976,6087,,,,,,,,,161.25,
1977,6087,CA,Santa Cruz County, small/mid,West,Pacific,445.163,175140,115711,168.125,
1978,6087,CA,Santa Cruz County,small/mid,West,Pacific,445.163,174870,115972,175,
1979,6087,CA,Santa Cruz County,small/mid,West,Pacific,445.163,184049,123248,208.4,
1980,6087,CA,Santa Cruz County,small/mid,West,Pacific,445.163,189358,127571,241.8,
1981,6087,CA,Santa Cruz County,small/mid,West,Pacific,445.163,193590,131081,275.2,
1982,6087,CA,Santa Cruz County,small/mid,West,Pacific,445.163,197356,133953,308.6,
1983,6087,CA,Santa Cruz County,small/mid,West,Pacific,445.163,201924,137237,342,214
1984,6087,CA,Santa Cruz County,small/mid,West,Pacific,445.163,205967,140331,333.5,213
1985,6087,CA,Santa Cruz County,small/mid,West,Pacific,445.163,212145,144959,325,259
1986,6087,CA,Santa Cruz County,small/mid,West,Pacific,445.163,216656,148343,311,291
1987,6087,CA,Santa Cruz County,small/mid,West,Pacific,445.163,221195,151442,448,295
1988,6087,CA,Santa Cruz County,small/mid,West,Pacific,445.163,225698,154571,539,373
1988,6087,CA,Santa Cruz County,small/mid,West,Pacific,445.163,225698,154571,539,373
1989,6087,CA,Santa Cruz County,small/mid,West,Pacific,445.163,231461,158509,577,414
1990,6087,CA,Santa Cruz County,small/mid,West,Pacific,445.163,229616,156368,613,455
1991,6087,CA,Santa Cruz County,small/mid,West,Pacific,445.163,229935,155981,583,496
1992,6087,CA,Santa Cruz County,small/mid,West,Pacific,445.163,232912,158174,561,498
1993,6087,CA,Santa Cruz County,small/mid,West,Pacific,445.163,235386,159566,565,563
1994,6087,CA,Santa Cruz County,small/mid,West,Pacific,445.163,237714,160957,494,559
1995,6087,CA,Santa Cruz County,small/mid,West,Pacific,445.163,239324,162251,526,605
1996,6087,CA,Santa Cruz County,small/mid,West,Pacific,445.163,241168,163852,512,677
1997,6087,CA,Santa Cruz County,small/mid,West,Pacific,445.163,245344,168373,574,679
1998,6087,CA,Santa Cruz County,small/mid  ,West,Pacific,445.163,250889,174137,627,760
1999,6087,CA,Santa Cruz County,small/mid,West,Pacific,445.163,253667,177565,599,745
2000,6087,CA,Santa Cruz County,small/mid,West,Pacific,445.163,255835,180192,578,710
2001,6087,CA,Santa Cruz County,small/mid,West,Pacific,445.163,256045,181569,591,678
2002,6087,CA,Santa Cruz County,small/mid  ,West,Pacific,445.163,254531,181517,545,690
2003,6087,CA,Santa Cruz County,small/mid,West,Pacific,445.163,253021,181292,605,623
2004,6087,CA,Santa Cruz County,small/mid,West,Pacific,445.163,252356,181270,612,608
2005,6087,CA,Santa Cruz County,small/mid,West,Pacific,445.163,251377,181141,585,671
2006,6087,CA,Santa Cruz County,small/mid,West,Pacific,445.163,251616,181695,581,618
2007,6087,CA,Santa Cruz County,small/mid,West,Pacific,445.163,253304,182674,550,570
2008,6087,CA,Santa Cruz County,small/mid,West,Pacific,445.163,256520,184423,529,561
2009,6087,CA,Santa Cruz County,small/mid,West,Pacific,445.163,260009,186433,481,576
2010,6087,CA,Santa Cruz County,Small/mid,West,Pacific,445.163,262366,187749,411,589
2011,6087,CA,Santa Cruz County,small/mid,West,Pacific,445.163,263216,188306,466,536
2011,6087,CA,Santa Cruz County,small/mid,West,Pacific,445.163,263216,188306,466,536
2012,6087,CA,Santa Cruz County,small/mid,West,Pacific,445.163,265103,188969,468,524
2013,6087,CA,Santa Cruz County,small/mid,West,Pacific,445.163,266794,188526,545,607
2014,6087,CA,Santa Cruz County,small/mid,West,Pacific,445.163,269395,189235,490,628
2015,6087,CA,Santa Cruz County,small/mid,West,Pacific,445.163,271529,189429,410,552
2016,6087,CA,Santa Cruz County,small/mid,West,Pacific,445.163,274299,190076,,
1970,6089,CA,Shasta County,small/mid,West,Pacific,3775.396,77994,48278,85,
1971,6089,CA,Shasta County,small/mid,West,Pacific,3775.396,79434,49413,91.75,
1972,6089,CA,Shasta County,small/mid,West,Pacific,3775.396,80660,50548,98.5,
1972,6089,CA,Shasta County,small/mid,West,Pacific,3775.396,80660,50548,98.5,
1973,6089,CA,Shasta County,small/mid,West,Pacific,3775.396,84258,53357,105.25,
1974,6089,CA,Shasta County,small/mid,West,Pacific,3775.396,86659,55237,112,
1975,6089,CA,Shasta County,small/mid,West,Pacific,3775.396,92087,59253,118.75,
1976,6089,CA,Shasta County, small/mid,West,Pacific,3775.396,94913,61541,125.5,
1977,6089,CA,Shasta County,small/mid,West,Pacific,3775.396,100163,65288,132.25,
1978,6089,CA,Shasta County,small/mid,West,Pacific,3775.396,103574,67639,139,
1979,6089,CA,Shasta County,small/mid,West,Pacific,3775.396,112204,73782,163.8,
1980,6089,CA,Shasta County,small/mid,West,Pacific,3775.396,116638,76673,188.6,
1981,6089,CA,Shasta County,SMALL/MID,West,Pacific,3775.396,120274,78795,213.4,
1981,6089,CA,Shasta County,SMALL/MID,West,Pacific,3775.396,120274,78795,213.4,
1982,6089,CA,Shasta County,small/mid,West,Pacific,3775.396,121513,79201,238.2,
1983,6089,CA,Shasta County,  SMALL/MID ,West,Pacific,3775.396,122804,79552,263,214
1983,6089,CA,Shasta County,  SMALL/MID ,West,Pacific,3775.396,122804,79552,263,214
1984,6089,CA,Shasta County, small/mid,West,Pacific,3775.396,125326,80841,322.5,231
1985,6089,CA,Shasta County,small/mid,West,Pacific,3775.396,128458,82569,382,253
1986,6089,CA,Shasta County,SMALL/MID,West,Pacific,3775.396,130122,83296,410,340
1987,6089,CA,Shasta County,small/mid,West,Pacific,3775.396,132964,84585,435,382
1988,6089,CA,Shasta County,small/mid,West,Pacific,3775.396,136629,86451,467,401
1989,6089,CA,Shasta County,small/mid,West,Pacific,3775.396,141000,88706,484,445
1990,6089,CA,Shasta County,small/mid,West,Pacific,3775.396,148606,92425,506,489
1991,6089,CA,Shasta County,small/mid,West,Pacific,3775.396,153746,95182,494,533
1992,6089,CA,Shasta County,small/mid,West,Pacific,3775.396,156800,97232,397,559
1993,6089,CA,Shasta County,small/mid,West,Pacific,3775.396,157735,97397,355,558
1994,6089,CA,Shasta County,small/mid,West,Pacific,3775.396,158621,97710,376,602
1995,6089,CA,Shasta County,small/mid,West,Pacific,3775.396,159198,97965,409,688
1996,6089,CA,Shasta County,  SMALL/MID ,West,Pacific,3775.396,159737,98311,395,795
1997,6089,CA,Shasta County,small/mid,West,Pacific,3775.396,160761,99816,353,953
1998,6089,CA,Shasta County,small/mid,West,Pacific,3775.396,162034,101629,347,1013
1999,6089,CA,Shasta County,small/mid,West,Pacific,3775.396,161987,102403,333,1107
2000,6089,CA,Shasta County,small/mid,West,Pacific,3775.396,163615,104136,352,1170
2001,6089,CA,Shasta County,small/mid,West,Pacific,3775.396,166408,106688,393,1184
2002,6089,CA,Shasta County,small/mid,West,Pacific,3775.396,170198,109562,343,1214
2003,6089,CA,Shasta County,small/mid,West,Pacific,3775.396,173202,112133,359,1298
2003,6089,CA,Shasta County,small/mid,West,Pacific,3775.396,173202,112133,359,1298
2004,6089,CA,Shasta County,small/mid,West,Pacific,3775.396,174867,113537,362,1405
2005,6089,CA,Shasta County,small/mid,West,Pacific,3775.396,175615,114621,366,1437
2006,6089,CA,Shasta County,small/mid,West,Pacific,3775.396,176166,115272,373,1566
2007,6089,CA,Shasta County,small/mid  ,West,Pacific,3775.396,176548,115510,366,1502
2008,6089,CA,Shasta County,small/mid,West,Pacific,3775.396,177247,115552,444,1488
2009,6089,CA,Shasta County,small/mid,West,Pacific,3775.396,177279,115351,330,1478
2010,6089,CA,Shasta County,small/mid,West,Pacific,3775.396,177223,115057,219,1484
2011,6089,CA,Shasta County,small/mid,West,Pacific,3775.396,177284,115076,231,1307
2012,6089,CA,Shasta County,small/mid,West,Pacific,3775.396,177595,114995,231,1150
2013,6089,CA,Shasta County,small/mid,West,Pacific,3775.396,177917,114081,322,1164
2014,6089,CA,Shasta County,small/mid,West,Pacific,3775.396,178445,113442,332,1238
2015,6089,CA,Shasta County,small/mid,West,Pacific,3775.396,178983,113112,322,1148
2016,6089,CA,Shasta County,SMALL/MID,West,Pacific,3775.396,178472,111954,,
1970,6091,CA,Sierra County,rural,West,Pacific,953.168,2378,1493,0,
1971,6091,CA,Sierra County,rural,West,Pacific,953.168,2453,1542,0,
1972,6091,CA,Sierra County,rural,West,Pacific,953.168,2388,1501,0,
1973,6091,CA,Sierra County,rural,West,Pacific,953.168,2480,1572,0,
1974,6091,CA,Sierra County,rural,West,Pacific,953.168,2480,1586,0,
1975,6091,CA,Sierra County,rural,West,Pacific,953.168,2692,1762,0,
1976,6091,CA,Sierra County,rural,West,Pacific,953.168,2862,1901,0,
1977,6091,CA,Sierra County,rural,West,Pacific,953.168,2900,1922,0,
1978,6091,CA,Sierra County,rural,West,Pacific,953.168,2895,1903,2,
1979,6091,CA,Sierra County,rural,West,Pacific,953.168,3041,2007,1.952381,
1979,6091,CA,Sierra County,rural,West,Pacific,953.168,3041,2007,1.952381,
1980,6091,CA,Sierra County,rural,West,Pacific,953.168,3075,2018,1.904762,
1981,6091,CA,Sierra County,  RURAL ,West,Pacific,953.168,3082,2006,1.857143,
1982,6091,CA,Sierra County,rural,West,Pacific,953.168,3277,2117,1.809524,
1983,6091,CA,Sierra County, rural,West,Pacific,953.168,3291,2101,1.761905,0
1984,6091,CA,Sierra County,RURAL,West,Pacific,953.168,3271,2069,1.714286,
1985,6091,CA,Sierra County,rural,West,Pacific,953.168,3271,2052,1.666667,
1986,6091,CA,Sierra County,rural,West,Pacific,953.168,3239,2014,1.619048,5
1987,6091,CA,Sierra County,rural,West,Pacific,953.168,3249,1999,1.571429,13
1988,6091,CA,Sierra County,rural,West,Pacific,953.168,3329,2025,1.52381,13
1988,6091,CA,Sierra County,rural,West,Pacific,953.168,3329,2025,1.52381,13
1989,6091,CA,Sierra County,rural,West,Pacific,953.168,3310,1991,1.47619,11.6666666667
1990,6091,CA,Sierra County,rural,West,Pacific,953.168,3323,1982,1.428571,10.3333333333
1991,6091,CA,Sierra County,rural,West,Pacific,953.168,3336,1994,1.380952,9
1992,6091,CA,Sierra County,rural,West,Pacific,953.168,3322,1989,1.333333,8
1993,6091,CA,Sierra County,rural,West,Pacific,953.168,3395,2044,1.285714,8
1994,6091,CA,Sierra County,rural,West,Pacific,953.168,3396,2053,1.238095,8
1995,6091,CA,Sierra County,rural,West,Pacific,953.168,3466,2117,1.190476,4
1996,6091,CA,Sierra County,rural,West,Pacific,953.168,3498,2156,1.142857,5
1997,6091,CA,Sierra County,rural,West,Pacific,953.168,3488,2166,1.095238,8
1998,6091,CA,Sierra County,rural,West,Pacific,953.168,3515,2214,1.047619,5
1999,6091,CA,Sierra County,rural,West,Pacific,953.168,3480,2213,1,7
2000,6091,CA,Sierra County,rural,West,Pacific,953.168,3574,2289,3,6
2001,6091,CA,Sierra County,Rural,West,Pacific,953.168,3518,2297,5,7
2002,6091,CA,Sierra County,rural,West,Pacific,953.168,3482,2275,7,6
2003,6091,CA,Sierra County,rural,West,Pacific,953.168,3511,2327,9,6
2004,6091,CA,Sierra County,rural,West,Pacific,953.168,3430,2285,11,8
2004,6091,CA,Sierra County,rural,West,Pacific,953.168,3430,2285,11,8
2005,6091,CA,Sierra County,rural  ,West,Pacific,953.168,3378,2224,13,10
2006,6091,CA,Sierra County,rural  ,West,Pacific,953.168,3424,2280,12,12
2006,6091,CA,Sierra County,rural  ,West,Pacific,953.168,3424,2280,12,12
2007,6091,CA,Sierra County,rural,West,Pacific,953.168,3373,2249,11,14
2008,6091,CA,Sierra County,rural,West,Pacific,953.168,3320,2207,10,15
2008,6091,CA,Sierra County,rural,West,Pacific,953.168,3320,2207,10,15
2009,6091,CA,Sierra County,Rural,West,Pacific,953.168,3248,2137,9,10
2010,6091,CA,Sierra County,Rural,West,Pacific,953.168,3240,2130,8,9
2011,6091,CA,Sierra County,rural,West,Pacific,953.168,3221,2114,7,13
2012,6091,CA,Sierra County,rural,West,Pacific,953.168,3100,2021,6,11
2013,6091,CA,Sierra County,rural,West,Pacific,953.168,3068,1945,5,8
2014,6091,CA,Sierra County,rural,West,Pacific,953.168,3030,1873,6,10
2015,6091,CA,Sierra County,rural,West,Pacific,953.168,2979,1785,3,6
2016,6091,CA,Sierra County,rural,West,Pacific,953.168,2994,1751,,
1970,6093,CA,Siskiyou County,rural,West,Pacific,6278.768,33257,20715,25,
1971,6093,CA,Siskiyou County,rural,West,Pacific,6278.768,33383,20880,24.875,
1972,6093,CA,Siskiyou County,rural,West,Pacific,6278.768,33523,21105,24.75,
1973,6093,CA,Siskiyou County, rural,West,Pacific,6278.768,34324,21829,24.625,
1974,6093,CA,Siskiyou County,rural,West,Pacific,6278.768,34574,22110,24.5,
1974,6093,CA,Siskiyou County,rural,West,Pacific,6278.768,34574,22110,24.5,
1975,6093,CA,Siskiyou County,rural,West,Pacific,6278.768,34950,22473,24.375,
1976,6093,CA,Siskiyou County,  RURAL ,West,Pacific,6278.768,35637,23008,24.25,
1977,6093,CA,Siskiyou County,rural,West,Pacific,6278.768,36577,23627,24.125,
1978,6093,CA,Siskiyou County,rural,West,Pacific,6278.768,37643,24334,24,
1979,6093,CA,Siskiyou County,rural,West,Pacific,6278.768,38786,25050,29.8,
1980,6093,CA,Siskiyou County,rural,West,Pacific,6278.768,39961,25728,35.6,
1981,6093,CA,Siskiyou County,rural,West,Pacific,6278.768,40756,26152,41.4,
1982,6093,CA,Siskiyou County,rural,West,Pacific,6278.768,41279,26348,47.2,
1983,6093,CA,Siskiyou County,rural,West,Pacific,6278.768,41212,26131,53,47
1984,6093,CA,Siskiyou County,rural,West,Pacific,6278.768,41265,26039,49.4,44
1984,6093,CA,Siskiyou County,rural,West,Pacific,6278.768,41265,26039,49.4,44
1985,6093,CA,Siskiyou County,rural,West,Pacific,6278.768,41589,26135,45.8,58
1986,6093,CA,Siskiyou County,rural,West,Pacific,6278.768,41177,25740,42.2,73
1987,6093,CA,Siskiyou County,rural,West,Pacific,6278.768,41404,25702,38.6,91
1988,6093,CA,Siskiyou County,rural,West,Pacific,6278.768,42027,25929,35,84
1989,6093,CA,Siskiyou County, rural,West,Pacific,6278.768,42852,26261,42.4,89
1990,6093,CA,Siskiyou County,Rural,West,Pacific,6278.768,43743,26497,49.8,94
1991,6093,CA,Siskiyou County,rural,West,Pacific,6278.768,44035,26521,57.2,99
1992,6093,CA,Siskiyou County,rural,West,Pacific,6278.768,44298,26699,64.6,114
1993,6093,CA,Siskiyou County,rural,West,Pacific,6278.768,44150,26537,72,122
1994,6093,CA,Siskiyou County,RURAL,West,Pacific,6278.768,44405,26674,74.5,154
1995,6093,CA,Siskiyou County,rural,West,Pacific,6278.768,44760,27010,77,163
1996,6093,CA,Siskiyou County,rural,West,Pacific,6278.768,44707,27069,79.5,197
1997,6093,CA,Siskiyou County,rural,West,Pacific,6278.768,45030,27618,82,206
1998,6093,CA,Siskiyou County,rural,West,Pacific,6278.768,44848,27841,84.5,239
1999,6093,CA,Siskiyou County,rural,West,Pacific,6278.768,44424,27795,87,252
2000,6093,CA,Siskiyou County,rural,West,Pacific,6278.768,44218,27827,88.5,261
2001,6093,CA,Siskiyou County,rural,West,Pacific,6278.768,43908,27730,90,270
2001,6093,CA,Siskiyou County,rural,West,Pacific,6278.768,43908,27730,90,270
2002,6093,CA,Siskiyou County,rural,West,Pacific,6278.768,43965,28000,91.5,271
2003,6093,CA,Siskiyou County,rural,West,Pacific,6278.768,44287,28332,93,269
2003,6093,CA,Siskiyou County,rural,West,Pacific,6278.768,44287,28332,93,269
2004,6093,CA,Siskiyou County,rural,West,Pacific,6278.768,44394,28537,94.5,256
2005,6093,CA,Siskiyou County,rural,West,Pacific,6278.768,44641,28858,96,242
2006,6093,CA,Siskiyou County,rural,West,Pacific,6278.768,44487,28725,96,270
2007,6093,CA,Siskiyou County,rural,West,Pacific,6278.768,44465,28624,97,249
2008,6093,CA,Siskiyou County,rural,West,Pacific,6278.768,44780,28686,86,242
2008,6093,CA,Siskiyou County,rural,West,Pacific,6278.768,44780,28686,86,242
2009,6093,CA,Siskiyou County,rural,West,Pacific,6278.768,44788,28509,89,232
2010,6093,CA,Siskiyou County,rural,West,Pacific,6278.768,44900,28509,87,247
2011,6093,CA,Siskiyou County,rural,West,Pacific,6278.768,44939,28539,90,227
2012,6093,CA,Siskiyou County,Rural,West,Pacific,6278.768,44614,28252,97,188
2013,6093,CA,Siskiyou County,rural,West,Pacific,6278.768,44082,27444,91,175
2014,6093,CA,Siskiyou County,rural,West,Pacific,6278.768,43543,26704,93,177
2015,6093,CA,Siskiyou County,rural,West,Pacific,6278.768,43390,26365,101,204
2016,6093,CA,Siskiyou County, rural,West,Pacific,6278.768,43351,26054,,
2016,6093,CA,Siskiyou County, rural,West,Pacific,6278.768,43351,26054,,
1970,6095,CA,Solano County,small/mid,West,Pacific,821.759,173278,111080,150,
1971,6095,CA,Solano County,small/mid,West,Pacific,821.759,178485,114852,161.875,
1972,6095,CA,Solano County,small/mid,West,Pacific,821.759,181263,117303,173.75,
1973,6095,CA,Solano County,small/mid,West,Pacific,821.759,183222,119252,185.625,
1974,6095,CA,Solano County,small/mid,West,Pacific,821.759,187450,122841,197.5,
1975,6095,CA,Solano County,small/mid,West,Pacific,821.759,191533,126259,209.375,
1976,6095,CA,Solano County,small/mid,West,Pacific,821.759,197971,131487,221.25,
1977,6095,CA,Solano County,small/mid,West,Pacific,821.759,204714,136107,233.125,
1978,6095,CA,Solano County,small/mid,West,Pacific,821.759,213619,142785,245,
1979,6095,CA,Solano County,small/mid,West,Pacific,821.759,224457,150679,281.4,
1980,6095,CA,Solano County,small/mid,West,Pacific,821.759,237272,159762,317.8,
1981,6095,CA,Solano County,small/mid,West,Pacific,821.759,246006,166063,354.2,
1982,6095,CA,Solano County,small/mid,West,Pacific,821.759,254349,171682,390.6,
1983,6095,CA,Solano County,small/mid,West,Pacific,821.759,260392,175599,427,320
1984,6095,CA,Solano County,small/mid,West,Pacific,821.759,264414,178453,488.5,353
1985,6095,CA,Solano County,small/mid,West,Pacific,821.759,271630,183496,550,424
1986,6095,CA,Solano County,small/mid,West,Pacific,821.759,283614,191694,481,493
1987,6095,CA,Solano County,small/mid,West,Pacific,821.759,296836,200285,403,542
1988,6095,CA,Solano County,small/mid,West,Pacific,821.759,310048,208844,506,615
1988,6095,CA,Solano County,small/mid,West,Pacific,821.759,310048,208844,506,615
1989,6095,CA,Solano County,small/mid,West,Pacific,821.759,326072,219142,518,655.333333333
1990,6095,CA,Solano County,small/mid,West,Pacific,821.759,343463,228704,1136,695.666666667
1991,6095,CA,Solano County,small/mid,West,Pacific,821.759,354104,234199,1068,736
1992,6095,CA,Solano County,small/mid,West,Pacific,821.759,359919,237964,701,780
1993,6095,CA,Solano County,small/mid,West,Pacific,821.759,364251,239608,1166,927
1993,6095,,,,,,,,,652,
1994,6095,CA,Solano County,small/mid,West,Pacific,821.759,366072,239795,669,994
1995,6095,CA,Solano County,small/mid,West,Pacific,821.759,365395,238449,739,1127
1996,6095,CA,Solano County,small/mid,West,Pacific,821.759,367608,239681,777,1301
1997,6095,CA,Solano County,small/mid,West,Pacific,821.759,371881,243816,821,1379
1998,6095,CA,Solano County,small/mid,West,Pacific,821.759,378657,250369,854,1514
1999,6095,CA,Solano County,small/mid,West,Pacific,821.759,387657,258074,814,1639
2000,6095,CA,Solano County,small/mid,West,Pacific,821.759,396974,265583,835,1665
2001,6095,CA,Solano County,small/mid,West,Pacific,821.759,404209,271633,894,1695
2002,6095,CA,Solano County,small/mid,West,Pacific,821.759,408226,275636,1026,1779
2003,6095,CA,Solano County,small/mid,West,Pacific,821.759,408409,276791,1085,1920
2004,6095,CA,Solano County,small/mid,West,Pacific,821.759,409301,278759,1052,1873
2005,6095,CA,Solano County,small/mid,West,Pacific,821.759,408181,279494,1063,1812
2005,6095,CA,Solano County,small/mid,West,Pacific,821.759,408181,279494,1063,1812
2006,6095,CA,Solano County,small/mid,West,Pacific,821.759,408402,280363,1109,1827
2007,6095,CA,Solano County,small/mid  ,West,Pacific,821.759,408243,280618,1150,1764
2008,6095,CA,Solano County,  SMALL/MID ,West,Pacific,821.759,408972,281048,1038,1689
2009,6095,CA,Solano County,small/mid,West,Pacific,821.759,410290,281787,979,1641
2010,6095,CA,Solano County,small/mid,West,Pacific,821.759,413344,283759,888,1609
2010,6095,CA,Solano County,small/mid,West,Pacific,821.759,413344,283759,888,1609
2011,6095,CA,Solano County,small/mid,West,Pacific,821.759,414076,284313,763,1369
2012,6095,CA,Solano County,small/mid,West,Pacific,821.759,416652,285458,818,1128
2013,6095,CA,Solano County,small/mid,West,Pacific,821.759,420267,286629,925,1047
2014,6095,CA,Solano County,small/mid,West,Pacific,821.759,424384,287803,932,1031
2015,6095,CA,Solano County,small/mid,West,Pacific,821.759,429993,289882,883,1013
2015,6095,CA,Solano County,small/mid,West,Pacific,821.759,429993,289882,883,1013
2016,6095,CA,Solano County,small/mid,West,Pacific,821.759,434751,291172,,
1970,6097,CA,Sonoma County,small/mid,West,Pacific,1575.857,206391,123408,328,
1970,6097,CA,Sonoma County,small/mid,West,Pacific,1575.857,206391,123408,328,
1971,6097,CA,Sonoma County,small/mid,West,Pacific,1575.857,212412,127974,312.625,
1972,6097,CA,Sonoma County,small/mid,West,Pacific,1575.857,224093,136827,297.25,
1973,6097,CA,Sonoma County,small/mid,West,Pacific,1575.857,237960,147355,281.875,
1974,6097,CA,Sonoma County,small/mid  ,West,Pacific,1575.857,243032,151562,266.5,
1975,6097,CA,Sonoma County,small/mid,West,Pacific,1575.857,253257,159375,251.125,
1976,6097,CA,Sonoma County,small/mid,West,Pacific,1575.857,262659,166973,235.75,
1977,6097,CA,Sonoma County,small/mid,West,Pacific,1575.857,273181,175284,220.375,
1977,6097,CA,Sonoma County,small/mid,West,Pacific,1575.857,273181,175284,220.375,
1978,6097,CA,Sonoma County,small/mid,West,Pacific,1575.857,281446,181878,205,
1978,6097,CA,Sonoma County,small/mid,West,Pacific,1575.857,281446,181878,205,
1979,6097,CA,Sonoma County, small/mid,West,Pacific,1575.857,291858,189985,259,
1980,6097,CA,Sonoma County,small/mid,West,Pacific,1575.857,301677,197335,313,
1981,6097,CA,Sonoma County,small/mid,West,Pacific,1575.857,308604,202440,367,
1982,6097,CA,Sonoma County,small/mid,West,Pacific,1575.857,314637,206492,421,
1983,6097,CA,Sonoma County,small/mid,West,Pacific,1575.857,321588,210926,475,237
1984,6097,CA,Sonoma County,Small/mid,West,Pacific,1575.857,326865,214552,484.5,287
1985,6097,CA,Sonoma County,small/mid,West,Pacific,1575.857,335352,220390,494,323
1986,6097,CA,Sonoma County,small/mid,West,Pacific,1575.857,345270,227014,462,336
1987,6097,CA,Sonoma County,small/mid,West,Pacific,1575.857,356114,233771,585,383
1987,6097,CA,Sonoma County,small/mid,West,Pacific,1575.857,356114,233771,585,383
1988,6097,CA,Sonoma County,small/mid,West,Pacific,1575.857,367890,241250,747,433
1989,6097,CA,Sonoma County,small/mid,West,Pacific,1575.857,380632,249251,690,501
1990,6097,CA,Sonoma County,small/mid,West,Pacific,1575.857,390495,253849,713,569
1991,6097,CA,Sonoma County,small/mid,West,Pacific,1575.857,397937,257394,717,637
1992,6097,CA,Sonoma County,small/mid,West,Pacific,1575.857,405151,262694,730,736
1993,6097,CA,Sonoma County,small/mid,West,Pacific,1575.857,410687,265544,743,787
1994,6097,CA,Sonoma County,small/mid,West,Pacific,1575.857,416152,268654,827,850
1995,6097,CA,Sonoma County,  SMALL/MID ,West,Pacific,1575.857,422286,272857,896,936
1996,6097,CA,Sonoma County,small/mid,West,Pacific,1575.857,428399,277072,890,1014
1997,6097,CA,Sonoma County,small/mid,West,Pacific,1575.857,437141,285801,934,1085
1998,6097,CA,Sonoma County,small/mid,West,Pacific,1575.857,445901,294843,1000,1079
1999,6097,CA,Sonoma County,small/mid,West,Pacific,1575.857,453421,302760,1087,1164
1999,6097,CA,Sonoma County,small/mid,West,Pacific,1575.857,453421,302760,1087,1164
2000,6097,CA,Sonoma County,small/mid,West,Pacific,1575.857,460421,309645,1621,1171
2000,6097,,,,,,,,,1068,
2001,6097,CA,Sonoma County,  SMALL/MID ,West,Pacific,1575.857,465293,314522,1089,1188
2001,6097,CA,Sonoma County,  SMALL/MID ,West,Pacific,1575.857,465293,314522,1089,1188
2002,6097,CA,Sonoma County, small/mid,West,Pacific,1575.857,465298,316107,1040,1264
2003,6097,CA,Sonoma County,small/mid,West,Pacific,1575.857,466489,317672,1027,1230
2004,6097,CA,Sonoma County,small/mid,West,Pacific,1575.857,466809,319003,1091,1205
2005,6097,CA,Sonoma County,small/mid,West,Pacific,1575.857,465938,319292,1125,1169
2006,6097,CA,Sonoma County,  SMALL/MID ,West,Pacific,1575.857,465188,319360,1144,1246
2007,6097,CA,Sonoma County,SMALL/MID,West,Pacific,1575.857,467356,320740,1079,1277
2008,6097,CA,Sonoma County,small/mid,West,Pacific,1575.857,473091,323686,1034,1185
2009,6097,CA,Sonoma County,small/mid,West,Pacific,1575.857,479479,327162,1025,1202
2010,6097,CA,Sonoma County,small/mid,West,Pacific,1575.857,483870,329323,983,1201
2011,6097,CA,Sonoma County,small/mid,West,Pacific,1575.857,484827,329817,926,1148
2012,6097,CA,Sonoma County,small/mid,West,Pacific,1575.857,487822,330793,1000,1029
2013,6097,CA,Sonoma County,  SMALL/MID ,West,Pacific,1575.857,490740,330146,1085,966
2014,6097,CA,Sonoma County,small/mid,West,Pacific,1575.857,495007,330582,1081,955
2015,6097,CA,Sonoma County,small/mid  ,West,Pacific,1575.857,499563,331382,1063,937
2016,6097,CA,Sonoma County,small/mid,West,Pacific,1575.857,502096,330130,,
1970,6099,CA,Stanislaus County,small/mid,West,Pacific,1496.005,195539,118725,380,
1971,6099,CA,Stanislaus County,small/mid,West,Pacific,1496.005,199705,121988,383.5,
1972,6099,CA,Stanislaus County,small/mid,West,Pacific,1496.005,201646,124050,387,
1973,6099,CA,Stanislaus County,small/mid,West,Pacific,1496.005,215180,134163,390.5,
1974,6099,CA,Stanislaus County,small/mid,West,Pacific,1496.005,222486,139779,394,
1974,6099,CA,Stanislaus County,small/mid,West,Pacific,1496.005,222486,139779,394,
1975,6099,CA,Stanislaus County,small/mid,West,Pacific,1496.005,229519,145112,397.5,
1976,6099,CA,Stanislaus County,small/mid,West,Pacific,1496.005,236293,150559,401,
1977,6099,CA,Stanislaus County,small/mid,West,Pacific,1496.005,247004,158615,404.5,
1978,6099,CA,Stanislaus County,small/mid,West,Pacific,1496.005,247288,159018,408,
1979,6099,CA,Stanislaus County,small/mid,West,Pacific,1496.005,260932,168831,445.4,
1979,6099,CA,Stanislaus County,small/mid,West,Pacific,1496.005,260932,168831,445.4,
1980,6099,CA,Stanislaus County,small/mid,West,Pacific,1496.005,267945,173531,482.8,
1981,6099,CA,Stanislaus County,small/mid,West,Pacific,1496.005,275132,177997,520.2,
1982,6099,CA,Stanislaus County,small/mid,West,Pacific,1496.005,280741,181056,557.6,
1983,6099,CA,Stanislaus County,small/mid,West,Pacific,1496.005,288499,185308,595,558
1984,6099,CA,Stanislaus County,small/mid,West,Pacific,1496.005,293879,188393,648,580
1985,6099,CA,Stanislaus County,small/mid,West,Pacific,1496.005,301286,192870,701,658
1985,6099,CA,Stanislaus County,small/mid,West,Pacific,1496.005,301286,192870,701,658
1986,6099,CA,Stanislaus County,small/mid,West,Pacific,1496.005,311159,198806,715,812
1987,6099,CA,Stanislaus County,small/mid,West,Pacific,1496.005,323379,205704,806,1057
1988,6099,CA,Stanislaus County,  SMALL/MID ,West,Pacific,1496.005,336061,212922,873,1158
1989,6099,CA,Stanislaus County,small/mid,West,Pacific,1496.005,353017,222651,926,1173.33333333
1990,6099,CA,Stanislaus County,small/mid,West,Pacific,1496.005,375312,234330,1015,1188.66666667
1991,6099,CA,Stanislaus County,small/mid,West,Pacific,1496.005,386163,239684,846,1204
1992,6099,CA,Stanislaus County,small/mid,West,Pacific,1496.005,394725,245115,811,1211
1993,6099,CA,Stanislaus County,small/mid,West,Pacific,1496.005,401805,248406,753,1340
1994,6099,CA,Stanislaus County,small/mid,West,Pacific,1496.005,406274,250320,765,1333
1995,6099,CA,Stanislaus County,small/mid,West,Pacific,1496.005,410337,252556,900,1538
1996,6099,CA,Stanislaus County,small/mid,West,Pacific,1496.005,415159,255532,952,1681
1997,6099,CA,Stanislaus County,small/mid,West,Pacific,1496.005,421264,261641,1042,1887
1998,6099,CA,Stanislaus County,small/mid,West,Pacific,1496.005,428754,268753,1087,1943
1999,6099,CA,Stanislaus County,small/mid,West,Pacific,1496.005,438609,277266,1039,1998
2000,6099,CA,Stanislaus County,small/mid,West,Pacific,1496.005,449471,286017,1038,2079
2001,6099,CA,Stanislaus County,small/mid,West,Pacific,1496.005,463761,296790,1027,2077
2002,6099,CA,Stanislaus County,small/mid,West,Pacific,1496.005,477469,307332,1087,2052
2003,6099,CA,Stanislaus County,small/mid,West,Pacific,1496.005,487357,315480,1130,2155
2004,6099,CA,Stanislaus County,small/mid,West,Pacific,1496.005,492613,320676,1182,2225
2005,6099,CA,Stanislaus County,small/mid,West,Pacific,1496.005,500020,326687,1219,2286
2006,6099,CA,Stanislaus County,small/mid,West,Pacific,1496.005,504651,331322,1326,2327
2007,6099,CA,Stanislaus County,small/mid,West,Pacific,1496.005,507834,333826,1355,2327
2008,6099,CA,Stanislaus County,small/mid,West,Pacific,1496.005,509032,334262,1368,2418
2009,6099,CA,Stanislaus County,small/mid,West,Pacific,1496.005,511536,336141,1887,2437
2009,6099,,,,,,,,,1321,
2010,6099,CA,Stanislaus County,small/mid,West,Pacific,1496.005,514451,338552,1247,2404
2011,6099,CA,Stanislaus County,small/mid,West,Pacific,1496.005,515242,339268,1000,2137
2012,6099,CA,Stanislaus County,small/mid,West,Pacific,1496.005,518034,341228,1140,1865
2013,6099,CA,Stanislaus County,small/mid,West,Pacific,1496.005,521349,342177,1118,1856
2014,6099,CA,Stanislaus County,small/mid,West,Pacific,1496.005,524625,343398,1134,1843
2015,6099,CA,Stanislaus County,small/mid,West,Pacific,1496.005,529544,345445,1098,1617
2016,6099,CA,Stanislaus County,small/mid,West,Pacific,1496.005,535000,347820,,
1970,6101,CA,Sutter County,small/mid,West,Pacific,602.426,42148,26012,40,
1971,6101,CA,Sutter County, small/mid,West,Pacific,602.426,43048,26768,41.875,
1972,6101,CA,Sutter County,  SMALL/MID ,West,Pacific,602.426,43182,27068,43.75,
1973,6101,CA,Sutter County,small/mid,West,Pacific,602.426,45059,28589,45.625,
1974,6101,CA,Sutter County,small/mid,West,Pacific,602.426,46208,29568,47.5,
1975,6101,CA,Sutter County,small/mid,West,Pacific,602.426,47422,30581,49.375,
1976,6101,CA,Sutter County,small/mid,West,Pacific,602.426,48687,31689,51.25,
1977,6101,CA,Sutter County,Small/mid,West,Pacific,602.426,49482,32425,53.125,
1978,6101,CA,Sutter County,small/mid,West,Pacific,602.426,50049,32914,55,
1979,6101,CA,Sutter County,small/mid,West,Pacific,602.426,51681,34162,66.2,
1980,6101,CA,Sutter County,small/mid,West,Pacific,602.426,52568,34845,77.4,
1981,6101,CA,Sutter County,small/mid,West,Pacific,602.426,53820,35588,88.6,
1982,6101,CA,Sutter County,small/mid,West,Pacific,602.426,55232,36378,99.8,
1983,6101,CA,Sutter County,small/mid,West,Pacific,602.426,56766,37216,111,69
1984,6101,CA,Sutter County,small/mid,West,Pacific,602.426,56652,37031,123.5,75
1985,6101,CA,Sutter County,small/mid,West,Pacific,602.426,57605,37575,136,85
1986,6101,CA,Sutter County,small/mid,West,Pacific,602.426,58477,38032,162,102
1987,6101,CA,Sutter County,small/mid,West,Pacific,602.426,59787,38692,174,104
1988,6101,CA,Sutter County,small/mid,West,Pacific,602.426,61076,39356,191,138
1989,6101,CA,Sutter County,small/mid,West,Pacific,602.426,62707,40215,157,164.333333333
1990,6101,CA,Sutter County,small/mid  ,West,Pacific,602.426,64854,41151,190,190.666666667
1991,6101,CA,Sutter County,small/mid,West,Pacific,602.426,67153,42338,185,217
1992,6101,CA,Sutter County,small/mid,West,Pacific,602.426,69118,43543,180,243
1993,6101,CA,Sutter County,small/mid,West,Pacific,602.426,70675,44309,215,284
1994,6101,CA,Sutter County,small/mid,West,Pacific,602.426,72641,45449,172,365
1995,6101,CA,Sutter County,small/mid,West,Pacific,602.426,74253,46397,284,433
1996,6101,CA,Sutter County,small/mid,West,Pacific,602.426,75255,46903,236,483
1997,6101,CA,Sutter County,small/mid,West,Pacific,602.426,76314,47910,229,539
1998,6101,CA,Sutter County,small/mid,West,Pacific,602.426,76923,48565,221,536
1999,6101,CA,Sutter County,small/mid,West,Pacific,602.426,78216,49655,214,511
2000,6101,CA,Sutter County,small/mid,West,Pacific,602.426,79192,50453,220.6667,498
2001,6101,CA,Sutter County,small/mid,West,Pacific,602.426,80138,51379,227.3333,538
2002,6101,CA,Sutter County,small/mid,West,Pacific,602.426,82162,52905,234,553
2003,6101,CA,Sutter County,small/mid,West,Pacific,602.426,84671,54607,240.6667,558
2004,6101,CA,Sutter County,small/mid,West,Pacific,602.426,86484,55984,247.3333,529
2005,6101,CA,Sutter County,small/mid,West,Pacific,602.426,88764,57590,254,544
2006,6101,CA,Sutter County,small/mid,West,Pacific,602.426,91112,59300,254.625,573
2007,6101,CA,Sutter County,small/mid,West,Pacific,602.426,92959,60517,255.25,532
2008,6101,CA,Sutter County,small/mid,West,Pacific,602.426,93855,60837,795,579
2008,6101,,,,,,,,,255.875,
2009,6101,CA,Sutter County,  SMALL/MID ,West,Pacific,602.426,94366,61093,256.5,521
2010,6101,CA,Sutter County,small/mid,West,Pacific,602.426,94743,61160,257.125,443
2011,6101,CA,Sutter County,small/mid,West,Pacific,602.426,94764,61174,257.75,361
2012,6101,CA,Sutter County,small/mid,West,Pacific,602.426,94560,61069,258.375,283
2013,6101,CA,Sutter County,small/mid,West,Pacific,602.426,94342,60529,259,322
2014,6101,CA,Sutter County,small/mid,West,Pacific,602.426,94702,60612,284,328
2015,6101,CA,Sutter County,small/mid,West,Pacific,602.426,94983,60503,256,332
2016,6101,CA,Sutter County,small/mid,West,Pacific,602.426,95524,60678,,
1970,6103,CA,Tehama County,RURAL,West,Pacific,2949.137,29630,17616,35,
1971,6103,CA,Tehama County,rural  ,West,Pacific,2949.137,30115,18021,38.25,
1972,6103,CA,Tehama County,rural,West,Pacific,2949.137,29969,18039,41.5,
1973,6103,CA,Tehama County,rural,West,Pacific,2949.137,30927,18837,44.75,
1974,6103,CA,Tehama County,rural,West,Pacific,2949.137,31884,19622,48,
1975,6103,CA,Tehama County,rural,West,Pacific,2949.137,32306,20017,51.25,
1976,6103,CA,Tehama County,rural,West,Pacific,2949.137,33358,20825,54.5,
1977,6103,CA,Tehama County,rural,West,Pacific,2949.137,34504,21646,57.75,
1978,6103,CA,Tehama County,rural,West,Pacific,2949.137,35941,22664,61,
1979,6103,CA,Tehama County,rural,West,Pacific,2949.137,37325,23597,62,
1980,6103,CA,Tehama County,RURAL,West,Pacific,2949.137,39176,24830,63,
1981,6103,CA,Tehama County,rural,West,Pacific,2949.137,40197,25364,64,
1982,6103,CA,Tehama County,rural,West,Pacific,2949.137,41330,25935,65,
1983,6103,CA,Tehama County,rural,West,Pacific,2949.137,42264,26343,66,50
1984,6103,CA,Tehama County,rural,West,Pacific,2949.137,43203,26797,68.2,65
1985,6103,CA,Tehama County,rural,West,Pacific,2949.137,44325,27385,70.4,80
1985,6103,CA,Tehama County,rural,West,Pacific,2949.137,44325,27385,70.4,80
1986,6103,CA,Tehama County,rural,West,Pacific,2949.137,44844,27573,599,101
1986,6103,,,,,,,,,72.6,
1987,6103,CA,Tehama County,Rural,West,Pacific,2949.137,45984,28082,74.8,122
1988,6103,CA,Tehama County,rural,West,Pacific,2949.137,47174,28650,77,157
1989,6103,CA,Tehama County,rural,West,Pacific,2949.137,48562,29318,79.6,173.333333333
1990,6103,CA,Tehama County,  RURAL ,West,Pacific,2949.137,49913,29785,82.2,189.666666667
1991,6103,CA,Tehama County,RURAL,West,Pacific,2949.137,51205,30415,84.8,206
1992,6103,CA,Tehama County,rural,West,Pacific,2949.137,52189,31056,87.4,241
1993,6103,CA,Tehama County,rural,West,Pacific,2949.137,52690,31309,90,313
1994,6103,CA,Tehama County,rural,West,Pacific,2949.137,53670,31907,92,320
1995,6103,CA,Tehama County,rural,West,Pacific,2949.137,54689,32556,150,323
1996,6103,CA,Tehama County,rural,West,Pacific,2949.137,54943,32721,150,322
1997,6103,CA,Tehama County, rural,West,Pacific,2949.137,55049,33118,155,361
1998,6103,CA,Tehama County,Rural,West,Pacific,2949.137,55394,33684,746,364
1998,6103,,,,,,,,,206,
1999,6103,CA,Tehama County,rural,West,Pacific,2949.137,55517,34026,206,372
2000,6103,CA,Tehama County,rural,West,Pacific,2949.137,56170,34692,185,409
2001,6103,CA,Tehama County,rural,West,Pacific,2949.137,56685,35139,184,419
2002,6103,CA,Tehama County,rural,West,Pacific,2949.137,57380,35724,190,473
2003,6103,CA,Tehama County,rural,West,Pacific,2949.137,58528,36624,174,477
2004,6103,CA,Tehama County,rural,West,Pacific,2949.137,59571,37365,187,515
2005,6103,CA,Tehama County,rural,West,Pacific,2949.137,60602,38331,180,546
2006,6103,CA,Tehama County,RURAL,West,Pacific,2949.137,61587,39000,189,536
2007,6103,CA,Tehama County, rural,West,Pacific,2949.137,62147,39406,191,495
2008,6103,CA,Tehama County,rural,West,Pacific,2949.137,62648,39711,178,495
2009,6103,CA,Tehama County,rural,West,Pacific,2949.137,62891,39758,179,419
2010,6103,CA,Tehama County,rural,West,Pacific,2949.137,63440,40213,185,478
2011,6103,CA,Tehama County,rural,West,Pacific,2949.137,63563,40306,183,423
2012,6103,CA,Tehama County,rural,West,Pacific,2949.137,63347,40185,205,368
2013,6103,CA,Tehama County,rural,West,Pacific,2949.137,63241,39787,186,367
2014,6103,CA,Tehama County,rural,West,Pacific,2949.137,62916,39415,200,373
2015,6103,CA,Tehama County,  RURAL ,West,Pacific,2949.137,62820,39080,200,362
2016,6103,CA,Tehama County,rural,West,Pacific,2949.137,63128,38978,,
1970,6105,CA,Trinity County,  RURAL ,West,Pacific,3179.268,7679,4729,2,
1971,6105,CA,Trinity County,rural,West,Pacific,3179.268,7947,4926,2.625,
1972,6105,CA,Trinity County,rural,West,Pacific,3179.268,8268,5173,3.25,
1973,6105,CA,Trinity County,  RURAL ,West,Pacific,3179.268,8760,5546,3.875,
1974,6105,CA,Trinity County, rural,West,Pacific,3179.268,9097,5798,4.5,
1975,6105,CA,Trinity County,rural,West,Pacific,3179.268,9589,6159,5.125,
1976,6105,CA,Trinity County,rural,West,Pacific,3179.268,9863,6389,5.75,
1977,6105,CA,Trinity County,rural,West,Pacific,3179.268,10518,6881,6.375,
1977,6105,CA,Trinity County,rural,West,Pacific,3179.268,10518,6881,6.375,
1978,6105,CA,Trinity County,rural,West,Pacific,3179.268,11183,7367,7,
1978,6105,CA,Trinity County,rural,West,Pacific,3179.268,11183,7367,7,
1979,6105,CA,Trinity County,rural,West,Pacific,3179.268,11609,7659,7.4,
1980,6105,CA,Trinity County,rural,West,Pacific,3179.268,11956,7875,7.8,
1981,6105,CA,Trinity County,rural,West,Pacific,3179.268,12322,8096,8.2,
1982,6105,CA,Trinity County,rural,West,Pacific,3179.268,12314,8057,8.6,
1983,6105,CA,Trinity County,  RURAL ,West,Pacific,3179.268,12464,8116,9,11
1984,6105,CA,Trinity County,rural,West,Pacific,3179.268,12753,8271,13.8,13
1985,6105,CA,Trinity County,rural,West,Pacific,3179.268,12881,8320,18.6,15
1986,6105,CA,Trinity County,rural,West,Pacific,3179.268,12808,8240,23.4,21
1987,6105,CA,Trinity County,  RURAL ,West,Pacific,3179.268,12716,8130,28.2,25
1987,6105,CA,Trinity County,  RURAL ,West,Pacific,3179.268,12716,8130,28.2,25
1988,6105,CA,Trinity County,rural,West,Pacific,3179.268,13051,8300,33,25
1989,6105,CA,Trinity County,rural,West,Pacific,3179.268,13144,8320,39,29.6666666667
1989,6105,CA,Trinity County,rural,West,Pacific,3179.268,13144,8320,39,29.6666666667
1990,6105,CA,Trinity County,rural,West,Pacific,3179.268,13052,8179,32,34.3333333333
1991,6105,CA,Trinity County,rural,West,Pacific,3179.268,13097,8167,33,39
1992,6105,CA,Trinity County,  RURAL ,West,Pacific,3179.268,13216,8259,43,39
1993,6105,CA,Trinity County,rural,West,Pacific,3179.268,13268,8292,53,50
1994,6105,CA,Trinity County,RURAL,West,Pacific,3179.268,13552,8482,51.83333,53
1995,6105,CA,Trinity County,rural,West,Pacific,3179.268,13525,8437,50.66667,72
1996,6105,CA,Trinity County,rural,West,Pacific,3179.268,13485,8438,49.5,64
1997,6105,CA,Trinity County,rural,West,Pacific,3179.268,13278,8363,48.33333,67
1998,6105,CA,Trinity County,rural,West,Pacific,3179.268,13171,8397,47.16667,79
1999,6105,CA,Trinity County,rural,West,Pacific,3179.268,13050,8407,46,77
1999,6105,CA,Trinity County,rural,West,Pacific,3179.268,13050,8407,46,77
2000,6105,CA,Trinity County,  RURAL ,West,Pacific,3179.268,12980,8436,46,69
2001,6105,CA,Trinity County,rural,West,Pacific,3179.268,12859,8509,46,73
2002,6105,CA,Trinity County,rural,West,Pacific,3179.268,13064,8741,46,78
2003,6105,CA,Trinity County,rural,West,Pacific,3179.268,13210,8931,46,80
2004,6105,CA,Trinity County,rural,West,Pacific,3179.268,13159,9046,46,72
2005,6105,CA,Trinity County,  RURAL ,West,Pacific,3179.268,13440,9111,46,62
2006,6105,CA,Trinity County,rural,West,Pacific,3179.268,13634,9206,46.375,64
2007,6105,CA,Trinity County,rural,West,Pacific,3179.268,13648,9144,46.75,62
2008,6105,CA,Trinity County,rural,West,Pacific,3179.268,13656,9061,47.125,69
2009,6105,CA,Trinity County,rural,West,Pacific,3179.268,13762,9043,47.5,60
2010,6105,CA,Trinity County, rural,West,Pacific,3179.268,13780,9011,47.875,53
2011,6105,CA,Trinity County,rural,West,Pacific,3179.268,13749,8993,48.25,37
2012,6105,CA,Trinity County,Rural,West,Pacific,3179.268,13677,8897,48.625,43
2013,6105,CA,Trinity County,rural,West,Pacific,3179.268,13482,8666,49,43
2014,6105,CA,Trinity County,rural,West,Pacific,3179.268,13422,8453,49,41
2014,6105,CA,Trinity County,rural,West,Pacific,3179.268,13422,8453,49,41
2015,6105,CA,Trinity County,rural,West,Pacific,3179.268,13122,8155,53,50
2015,6105,CA,Trinity County,rural,West,Pacific,3179.268,13122,8155,53,50
2016,6105,CA,Trinity County, rural,West,Pacific,3179.268,13092,8015,,
1970,6107,CA,Tulare County,small/mid,West,Pacific,4824.284,189474,112608,379,
1971,6107,CA,Tulare County,small/mid,West,Pacific,4824.284,194108,115939,377.625,
1972,6107,CA,Tulare County,small/mid,West,Pacific,4824.284,197643,118878,376.25,
1973,6107,CA,Tulare County,small/mid,West,Pacific,4824.284,201808,122304,374.875,
1974,6107,CA,Tulare County,Small/mid,West,Pacific,4824.284,206585,126024,373.5,
1975,6107,CA,Tulare County,small/mid,West,Pacific,4824.284,213120,130872,372.125,
1976,6107,CA,Tulare County,small/mid,West,Pacific,4824.284,219129,135520,370.75,
1977,6107,CA,Tulare County,SMALL/MID,West,Pacific,4824.284,225914,140438,369.375,
1978,6107,CA,Tulare County,small/mid,West,Pacific,4824.284,233229,145647,368,
1978,6107,CA,Tulare County,small/mid,West,Pacific,4824.284,233229,145647,368,
1979,6107,CA,Tulare County,small/mid  ,West,Pacific,4824.284,240077,150352,411.6,
1980,6107,CA,Tulare County,Small/mid,West,Pacific,4824.284,247496,155081,455.2,
1981,6107,CA,Tulare County,small/mid,West,Pacific,4824.284,253693,158894,498.8,
1982,6107,CA,Tulare County,Small/mid,West,Pacific,4824.284,259758,162235,542.4,
1983,6107,CA,Tulare County,small/mid,West,Pacific,4824.284,267043,166157,586,466
1984,6107,CA,Tulare County,small/mid,West,Pacific,4824.284,273258,169749,608,473
1985,6107,CA,Tulare County,small/mid,West,Pacific,4824.284,279998,173750,630,542
1986,6107,CA,Tulare County,small/mid,West,Pacific,4824.284,285764,177038,664,602
1987,6107,CA,Tulare County,small/mid,West,Pacific,4824.284,291748,179952,710,699
1988,6107,CA,Tulare County,small/mid,West,Pacific,4824.284,298077,183092,965,767
1989,6107,CA,Tulare County,small/mid,West,Pacific,4824.284,304448,186107,982,811
1990,6107,CA,Tulare County,small/mid,West,Pacific,4824.284,314062,190006,1096,855
1990,6107,CA,Tulare County,small/mid,West,Pacific,4824.284,314062,190006,1096,855
1991,6107,CA,Tulare County,small/mid,West,Pacific,4824.284,323705,194979,1149,899
1992,6107,CA,Tulare County,small/mid,West,Pacific,4824.284,331956,200229,1117,954
1993,6107,CA,Tulare County, small/mid,West,Pacific,4824.284,339253,203999,1155,1122
1994,6107,CA,Tulare County,small/mid,West,Pacific,4824.284,345668,207403,1129,1321
1995,6107,CA,Tulare County,small/mid,West,Pacific,4824.284,348127,208957,1165,1487
1996,6107,CA,Tulare County,small/mid,West,Pacific,4824.284,350732,210830,1248,1721
1997,6107,CA,Tulare County,small/mid,West,Pacific,4824.284,354946,215415,1257,1977
1998,6107,CA,Tulare County,small/mid,West,Pacific,4824.284,359854,220792,1275,2112
1999,6107,CA,Tulare County,SMALL/MID,West,Pacific,4824.284,364708,225505,1139,2138
2000,6107,CA,Tulare County,small/mid,West,Pacific,4824.284,368627,229158,1115,2143
2001,6107,CA,Tulare County,small/mid,West,Pacific,4824.284,373171,232699,1191,2184
2001,6107,CA,Tulare County,small/mid,West,Pacific,4824.284,373171,232699,1191,2184
2002,6107,CA,Tulare County,small/mid,West,Pacific,4824.284,379568,237736,1198,2288
2003,6107,CA,Tulare County,small/mid,West,Pacific,4824.284,388743,244228,1233,2401
2004,6107,CA,Tulare County,small/mid,West,Pacific,4824.284,398226,251026,1221,2557
2005,6107,CA,Tulare County,small/mid,West,Pacific,4824.284,407970,257999,1286,2650
2006,6107,CA,Tulare County,small/mid,West,Pacific,4824.284,414921,263324,1391,2775
2007,6107,CA,Tulare County,small/mid,West,Pacific,4824.284,422140,268301,1495,2827
2008,6107,CA,Tulare County,Small/mid,West,Pacific,4824.284,429283,272603,1527,2770
2009,6107,CA,Tulare County,small/mid,West,Pacific,4824.284,436987,277460,1518,2810
2010,6107,CA,Tulare County,small/mid,West,Pacific,4824.284,442178,280449,1446,2877
2011,6107,CA,Tulare County,small/mid,West,Pacific,4824.284,443060,281075,1332,2599
2012,6107,CA,Tulare County,small/mid,West,Pacific,4824.284,447358,283771,1487,2275
2013,6107,CA,Tulare County,small/mid,West,Pacific,4824.284,450779,285225,1640,2279
2014,6107,CA,Tulare County,small/mid,West,Pacific,4824.284,453663,286741,1666,2296
2015,6107,CA,Tulare County,small/mid,West,Pacific,4824.284,456452,287948,1522,2187
2016,6107,CA,Tulare County,small/mid,West,Pacific,4824.284,458601,289140,,
1970,6109,CA,Tuolumne County,rural,West,Pacific,2220.89,22339,14249,28,
1971,6109,CA,Tuolumne County, rural,West,Pacific,2220.89,23063,14785,27.375,
1972,6109,CA,Tuolumne County,  RURAL ,West,Pacific,2220.89,23268,14983,26.75,
1973,6109,CA,Tuolumne County,rural,West,Pacific,2220.89,24172,15700,26.125,
1974,6109,CA,Tuolumne County,rural,West,Pacific,2220.89,24871,16222,25.5,
1975,6109,CA,Tuolumne County,rural,West,Pacific,2220.89,25971,17040,24.875,
1976,6109,CA,Tuolumne County,rural,West,Pacific,2220.89,26516,17308,24.25,
1977,6109,CA,Tuolumne County,rural,West,Pacific,2220.89,28439,18618,23.625,
1978,6109,CA,Tuolumne County,rural,West,Pacific,2220.89,30779,20305,23,
1979,6109,CA,Tuolumne County,rural,West,Pacific,2220.89,32851,21735,27.8,
1980,6109,CA,Tuolumne County,rural,West,Pacific,2220.89,34214,22592,32.6,
1980,6109,CA,Tuolumne County,rural,West,Pacific,2220.89,34214,22592,32.6,
1981,6109,CA,Tuolumne County,rural,West,Pacific,2220.89,35249,23262,37.4,
1982,6109,CA,Tuolumne County,rural,West,Pacific,2220.89,36261,23864,42.2,
1983,6109,CA,Tuolumne County,rural,West,Pacific,2220.89,37253,24436,47,20
1984,6109,CA,Tuolumne County,rural,West,Pacific,2220.89,38062,24922,57,25
1985,6109,CA,Tuolumne County,rural,West,Pacific,2220.89,39744,25989,67,32
1986,6109,CA,Tuolumne County,rural,West,Pacific,2220.89,41586,27124,77,35
1987,6109,CA,Tuolumne County,rural,West,Pacific,2220.89,43338,28150,87,46
1988,6109,CA,Tuolumne County,rural,West,Pacific,2220.89,45030,29159,97,69
1988,6109,CA,Tuolumne County,rural,West,Pacific,2220.89,45030,29159,97,69
1989,6109,CA,Tuolumne County,rural,West,Pacific,2220.89,46875,30260,96.6,72.6666666667
1989,6109,CA,Tuolumne County,rural,West,Pacific,2220.89,46875,30260,96.6,72.6666666667
1990,6109,CA,Tuolumne County,rural  ,West,Pacific,2220.89,48845,31242,96.2,76.3333333333
1991,6109,CA,Tuolumne County,  RURAL ,West,Pacific,2220.89,50037,31776,95.8,80
1992,6109,CA,Tuolumne County,rural,West,Pacific,2220.89,50806,32145,95.4,92
1993,6109,CA,Tuolumne County,rural,West,Pacific,2220.89,51774,32802,95,107
1994,6109,CA,Tuolumne County,rural,West,Pacific,2220.89,52068,32831,98.16666,123
1995,6109,CA,Tuolumne County,RURAL,West,Pacific,2220.89,51812,32529,101.3333,140
1995,6109,CA,Tuolumne County,RURAL,West,Pacific,2220.89,51812,32529,101.3333,140
1996,6109,CA,Tuolumne County,rural  ,West,Pacific,2220.89,52474,33060,104.5,195
1996,6109,CA,Tuolumne County,rural  ,West,Pacific,2220.89,52474,33060,104.5,195
1997,6109,CA,Tuolumne County,Rural,West,Pacific,2220.89,52678,33397,107.6667,221
1998,6109,CA,Tuolumne County,rural,West,Pacific,2220.89,53098,33975,110.8333,240
1999,6109,CA,Tuolumne County,rural,West,Pacific,2220.89,53857,34799,114,255
2000,6109,CA,Tuolumne County,rural,West,Pacific,2220.89,54658,35586,117.1667,252
2001,6109,CA,Tuolumne County,rural,West,Pacific,2220.89,55253,36229,120.3333,240
2002,6109,CA,Tuolumne County,rural,West,Pacific,2220.89,55850,36771,123.5,229
2002,6109,CA,Tuolumne County,rural,West,Pacific,2220.89,55850,36771,123.5,229
2003,6109,CA,Tuolumne County,RURAL,West,Pacific,2220.89,56513,37244,126.6667,245
2004,6109,CA,Tuolumne County,rural,West,Pacific,2220.89,56602,37530,129.8333,255
2005,6109,CA,Tuolumne County,rural,West,Pacific,2220.89,56788,37769,133,265
2006,6109,CA,Tuolumne County,rural,West,Pacific,2220.89,56680,37816,140,299
2007,6109,CA,Tuolumne County,RURAL,West,Pacific,2220.89,56339,37596,137,288
2008,6109,CA,Tuolumne County,rural,West,Pacific,2220.89,56320,37305,135,264
2009,6109,CA,Tuolumne County,rural,West,Pacific,2220.89,55845,36850,138,264
2010,6109,CA,Tuolumne County,rural,West,Pacific,2220.89,55365,36322,136,245
2011,6109,CA,Tuolumne County,rural,West,Pacific,2220.89,55188,36119,136,254
2012,6109,CA,Tuolumne County,rural,West,Pacific,2220.89,54832,35720,127,220
2013,6109,CA,Tuolumne County,rural,West,Pacific,2220.89,54237,34804,145,252
2014,6109,CA,Tuolumne County,rural,West,Pacific,2220.89,54018,34290,140,262
2015,6109,CA,Tuolumne County,rural,West,Pacific,2220.89,53852,33854,146,239
2016,6109,CA,Tuolumne County,rural,West,Pacific,2220.89,53589,33322,,
1970,6111,CA,Ventura County,small/mid,West,Pacific,1842.983,381931,230330,319,
1971,6111,CA,Ventura County,small/mid,West,Pacific,1842.983,395691,241334,347.75,
1972,6111,CA,Ventura County,small/mid,West,Pacific,1842.983,408523,252605,376.5,
1973,6111,CA,Ventura County,small/mid,West,Pacific,1842.983,419467,262781,405.25,
1974,6111,CA,Ventura County,Small/mid,West,Pacific,1842.983,433884,274975,434,
1975,6111,CA,Ventura County,small/mid,West,Pacific,1842.983,448918,287412,462.75,
1976,6111,CA,Ventura County,small/mid,West,Pacific,1842.983,460484,297788,491.5,
1977,6111,CA,Ventura County,small/mid,West,Pacific,1842.983,478692,312534,520.25,
1978,6111,CA,Ventura County,small/mid,West,Pacific,1842.983,494082,325231,549,
1979,6111,CA,Ventura County,small/mid,West,Pacific,1842.983,512192,339469,660.2,
1980,6111,CA,Ventura County,small/mid,West,Pacific,1842.983,532894,354778,771.4,
1981,6111,CA,Ventura County,small/mid,West,Pacific,1842.983,546393,365350,882.6,
1982,6111,CA,Ventura County,small/mid,West,Pacific,1842.983,562144,376640,993.8,
1983,6111,CA,Ventura County,small/mid,West,Pacific,1842.983,575587,386023,1105,670
1984,6111,CA,Ventura County,small/mid  ,West,Pacific,1842.983,588792,395920,1198.5,745
1985,6111,CA,Ventura County,SMALL/MID,West,Pacific,1842.983,602820,406511,1292,791
1986,6111,CA,Ventura County, small/mid,West,Pacific,1842.983,615415,415902,1253,873
1987,6111,CA,Ventura County,small/mid,West,Pacific,1842.983,632069,427048,1507,962
1987,6111,CA,Ventura County,small/mid,West,Pacific,1842.983,632069,427048,1507,962
1988,6111,CA,Ventura County,small/mid,West,Pacific,1842.983,650848,439670,1486,1199
1989,6111,CA,Ventura County,small/mid,West,Pacific,1842.983,664688,448703,1569,1219.66666667
1990,6111,CA,Ventura County,small/mid,West,Pacific,1842.983,670117,448876,1710,1240.33333333
1990,6111,CA,Ventura County,small/mid,West,Pacific,1842.983,670117,448876,1710,1240.33333333
1991,6111,CA,Ventura County,small/mid,West,Pacific,1842.983,675706,448317,1573,1261
1992,6111,CA,Ventura County,small/mid,West,Pacific,1842.983,684143,452188,1532,1389
1993,6111,CA,Ventura County,small/mid,West,Pacific,1842.983,689943,452602,1495,1455
1993,6111,CA,Ventura County,small/mid,West,Pacific,1842.983,689943,452602,1495,1455
1994,6111,CA,Ventura County,small/mid,West,Pacific,1842.983,698509,456018,1484,1502
1995,6111,CA,Ventura County,small/mid,West,Pacific,1842.983,703486,457083,1505,1597
1996,6111,CA,Ventura County,small/mid,West,Pacific,1842.983,710215,460019,1609,1795
1997,6111,CA,Ventura County,small/mid,West,Pacific,1842.983,721107,469236,1506,1974
1998,6111,CA,Ventura County,small/mid,West,Pacific,1842.983,730779,478147,1530,1974
1999,6111,CA,Ventura County,small/mid,West,Pacific,1842.983,743357,488744,1579,2116
2000,6111,CA,Ventura County,small/mid,West,Pacific,1842.983,756506,499130,1454,2069
2001,6111,CA,Ventura County,small/mid,West,Pacific,1842.983,766689,507110,1621,1911
2002,6111,CA,Ventura County,small/mid,West,Pacific,1842.983,779489,517438,1431,1891
2003,6111,CA,Ventura County,small/mid,West,Pacific,1842.983,788070,524526,1639,1908
2004,6111,CA,Ventura County,small/mid,West,Pacific,1842.983,793994,530585,1547,1996
2005,6111,CA,Ventura County,small/mid,West,Pacific,1842.983,794197,532728,1677,2090
2005,6111,CA,Ventura County,small/mid,West,Pacific,1842.983,794197,532728,1677,2090
2006,6111,CA,Ventura County,small/mid,West,Pacific,1842.983,798183,537290,1699,2187
2007,6111,CA,Ventura County,small/mid,West,Pacific,1842.983,800027,539011,1865,2268
2008,6111,CA,Ventura County,small/mid,West,Pacific,1842.983,806353,542980,1770,2269
2009,6111,CA,Ventura County,small/mid,West,Pacific,1842.983,815130,548963,2314,2278
2009,6111,,,,,,,,,1787,
2010,6111,CA,Ventura County,small/mid,West,Pacific,1842.983,823391,554397,1643,2241
2011,6111,CA,Ventura County,small/mid,West,Pacific,1842.983,825298,555694,1532,2000
2012,6111,CA,Ventura County,Small/mid,West,Pacific,1842.983,830990,558906,1495,1740
2013,6111,CA,Ventura County,small/mid,West,Pacific,1842.983,835143,558925,1688,1790
2014,6111,CA,Ventura County,small/mid,West,Pacific,1842.983,840175,560508,1743,1700
2015,6111,CA,Ventura County,  SMALL/MID ,West,Pacific,1842.983,844749,561792,1656,1691
2016,6111,CA,Ventura County,small/mid,West,Pacific,1842.983,848925,562850,,
1970,6113,CA,Yolo County,suburban,West,Pacific,1014.776,92488,61032,115,
1971,6113,CA,Yolo County,suburban,West,Pacific,1014.776,95314,63504,118.125,
1972,6113,CA,Yolo County,suburban,West,Pacific,1014.776,101677,68601,121.25,
1973,6113,CA,Yolo County,SUBURBAN,West,Pacific,1014.776,97702,66566,124.375,
1973,6113,CA,Yolo County,SUBURBAN,West,Pacific,1014.776,97702,66566,124.375,
1974,6113,CA,Yolo County,suburban,West,Pacific,1014.776,99902,68792,127.5,
1974,6113,CA,Yolo County,suburban,West,Pacific,1014.776,99902,68792,127.5,
1975,6113,CA,Yolo County,suburban,West,Pacific,1014.776,102233,71073,130.625,
1975,6113,CA,Yolo County,suburban,West,Pacific,1014.776,102233,71073,130.625,
1976,6113,CA,Yolo County,suburban,West,Pacific,1014.776,101392,71382,133.75,
1977,6113,CA,Yolo County,suburban,West,Pacific,1014.776,105912,74978,136.875,
1978,6113,CA,Yolo County,SUBURBAN,West,Pacific,1014.776,111107,79139,140,
1979,6113,CA,Yolo County,suburban,West,Pacific,1014.776,109579,78189,157,
1980,6113,CA,Yolo County,suburban,West,Pacific,1014.776,113792,81335,174,
1981,6113,CA,Yolo County,suburban,West,Pacific,1014.776,115239,82335,718,
1981,6113,,,,,,,,,191,
1982,6113,CA,Yolo County,suburban,West,Pacific,1014.776,117748,83922,208,
1983,6113,CA,Yolo County,suburban,West,Pacific,1014.776,119395,84822,225,137
1984,6113,CA,Yolo County,suburban,West,Pacific,1014.776,120863,85713,234,162
1984,6113,CA,Yolo County,suburban,West,Pacific,1014.776,120863,85713,234,162
1985,6113,CA,Yolo County,suburban,West,Pacific,1014.776,123769,87663,243,218
1986,6113,CA,Yolo County,Suburban,West,Pacific,1014.776,125161,88473,251,246
1987,6113,CA,Yolo County,suburban  ,West,Pacific,1014.776,128522,90501,242,319
1988,6113,CA,Yolo County,suburban,West,Pacific,1014.776,133306,93532,186,343
1989,6113,CA,Yolo County,suburban,West,Pacific,1014.776,138249,96649,299,343.666666667
1990,6113,CA,Yolo County,suburban,West,Pacific,1014.776,142214,98509,342,344.333333333
1990,6113,CA,Yolo County,suburban,West,Pacific,1014.776,142214,98509,342,344.333333333
1991,6113,CA,Yolo County,suburban,West,Pacific,1014.776,145100,99920,335,345
1992,6113,CA,Yolo County,suburban,West,Pacific,1014.776,146568,100484,334,375
1993,6113,CA,Yolo County,suburban,West,Pacific,1014.776,148165,101208,339,399
1994,6113,CA,Yolo County,suburban,West,Pacific,1014.776,149972,101987,360,423
1994,6113,CA,Yolo County,suburban,West,Pacific,1014.776,149972,101987,360,423
1995,6113,CA,Yolo County,suburban,West,Pacific,1014.776,152628,103540,384,541
1996,6113,CA,Yolo County,suburban  ,West,Pacific,1014.776,155359,105339,385,654
1997,6113,CA,Yolo County,Suburban,West,Pacific,1014.776,158876,108506,410,766
1998,6113,CA,Yolo County,suburban,West,Pacific,1014.776,161743,111288,452,823
1999,6113,CA,Yolo County,suburban,West,Pacific,1014.776,165269,114550,430,826
2000,6113,CA,Yolo County,suburban,West,Pacific,1014.776,169835,118445,416,844
2001,6113,CA,Yolo County,suburban,West,Pacific,1014.776,175337,123141,403,890
2002,6113,CA,Yolo County,suburban,West,Pacific,1014.776,180327,127363,421,875
2003,6113,CA,Yolo County,suburban,West,Pacific,1014.776,182954,129886,436,874
2004,6113,CA,Yolo County,suburban,West,Pacific,1014.776,185237,131808,430,902
2005,6113,CA,Yolo County,suburban,West,Pacific,1014.776,186269,132851,429,981
2006,6113,CA,Yolo County,suburban,West,Pacific,1014.776,189615,135625,400,959
2007,6113,CA,Yolo County,suburban,West,Pacific,1014.776,194339,139430,416,968
2008,6113,CA,Yolo County,suburban,West,Pacific,1014.776,197154,141297,428,1118
2009,6113,CA,Yolo County,SUBURBAN,West,Pacific,1014.776,199791,143047,459,1132
2010,6113,CA,Yolo County,suburban,West,Pacific,1014.776,200850,143574,407,1091
2011,6113,CA,Yolo County,SUBURBAN,West,Pacific,1014.776,201101,143753,413,947
2012,6113,CA,Yolo County,suburban,West,Pacific,1014.776,202082,144362,386,793
2013,6113,CA,Yolo County,suburban,West,Pacific,1014.776,204890,146016,450,801
2014,6113,CA,Yolo County,suburban,West,Pacific,1014.776,206650,146794,455,785
2015,6113,CA,Yolo County,suburban  ,West,Pacific,1014.776,208873,147598,278,722
2016,6113,CA,Yolo County,suburban  ,West,Pacific,1014.776,212428,149877,,
1970,6115,CA,Yuba County,small/mid,West,Pacific,632.016,44842,27186,68,
1971,6115,CA,Yuba County,small/mid,West,Pacific,632.016,45311,27634,67.75,
1972,6115,CA,Yuba County,small/mid,West,Pacific,632.016,44336,27265,67.5,
1973,6115,CA,Yuba County,small/mid,West,Pacific,632.016,44937,27913,67.25,
1973,6115,CA,Yuba County,small/mid,West,Pacific,632.016,44937,27913,67.25,
1974,6115,CA,Yuba County,small/mid,West,Pacific,632.016,45167,28395,67,
1975,6115,CA,Yuba County,small/mid,West,Pacific,632.016,45417,28868,66.75,
1976,6115,CA,Yuba County,small/mid,West,Pacific,632.016,47296,30422,66.5,
1977,6115,CA,Yuba County,small/mid,West,Pacific,632.016,47488,30626,66.25,
1978,6115,CA,Yuba County,small/mid  ,West,Pacific,632.016,48273,31303,66,
1979,6115,CA,Yuba County,small/mid,West,Pacific,632.016,48938,31872,82.6,
1980,6115,CA,Yuba County,small/mid,West,Pacific,632.016,49807,32547,99.2,
1981,6115,CA,Yuba County,small/mid,West,Pacific,632.016,50014,32570,115.8,
1982,6115,CA,Yuba County,Small/mid,West,Pacific,632.016,51173,33137,132.4,
1982,6115,CA,Yuba County,Small/mid,West,Pacific,632.016,51173,33137,132.4,
1983,6115,CA,Yuba County,small/mid,West,Pacific,632.016,51720,33271,149,126
1984,6115,CA,Yuba County,Small/mid,West,Pacific,632.016,52405,33561,141,173
1985,6115,CA,Yuba County,small/mid,West,Pacific,632.016,53326,34011,133,188
1986,6115,CA,Yuba County,small/mid  ,West,Pacific,632.016,53781,34130,124,207
1987,6115,CA,Yuba County, small/mid,West,Pacific,632.016,54774,34511,133,246
1988,6115,CA,Yuba County,small/mid,West,Pacific,632.016,55839,34937,144,285
1989,6115,CA,Yuba County,small/mid,West,Pacific,632.016,57005,35408,150,290.666666667
1989,6115,CA,Yuba County,small/mid,West,Pacific,632.016,57005,35408,150,290.666666667
1990,6115,CA,Yuba County,small/mid,West,Pacific,632.016,58645,35956,156,296.333333333
1991,6115,CA,Yuba County,small/mid,West,Pacific,632.016,59524,36300,150.6667,302
1992,6115,CA,Yuba County,small/mid,West,Pacific,632.016,60768,37171,145.3333,337
1993,6115,CA,Yuba County,small/mid,West,Pacific,632.016,61275,37366,140,391
1994,6115,CA,Yuba County,small/mid,West,Pacific,632.016,61877,37710,164.1667,394
1995,6115,CA,Yuba County,Small/mid,West,Pacific,632.016,61070,37177,188.3333,410
1996,6115,CA,Yuba County,small/mid,West,Pacific,632.016,60905,37114,212.5,421
1997,6115,CA,Yuba County,small/mid,West,Pacific,632.016,60111,37047,236.6667,502
1998,6115,CA,Yuba County,small/mid,West,Pacific,632.016,60093,37530,260.8333,480
1999,6115,CA,Yuba County,small/mid,West,Pacific,632.016,59881,37730,285,443
2000,6115,CA,Yuba County, small/mid,West,Pacific,632.016,60372,38280,268,459
2001,6115,CA,Yuba County,small/mid,West,Pacific,632.016,61249,39054,360,514
2002,6115,CA,Yuba County,small/mid,West,Pacific,632.016,62100,39942,399,521
2003,6115,CA,Yuba County,small/mid,West,Pacific,632.016,62733,40396,387,549
2004,6115,CA,Yuba County,small/mid,West,Pacific,632.016,63742,41407,388,529
2005,6115,CA,Yuba County,small/mid,West,Pacific,632.016,66285,43335,380,564
2006,6115,CA,Yuba County,small/mid,West,Pacific,632.016,69272,45426,368,584
2007,6115,CA,Yuba County,small/mid,West,Pacific,632.016,70761,46372,378,615
2008,6115,CA,Yuba County,small/mid,West,Pacific,632.016,71773,47111,374,608
2009,6115,CA,Yuba County,small/mid,West,Pacific,632.016,71607,46968,404,541
2010,6115,CA,Yuba County,small/mid,West,Pacific,632.016,72146,47257,395,498
2011,6115,CA,Yuba County,small/mid,West,Pacific,632.016,72351,47433,379,443
2012,6115,CA,Yuba County,small/mid,West,Pacific,632.016,72511,47507,418,380
2012,6115,CA,Yuba County,small/mid,West,Pacific,632.016,72511,47507,418,380
2013,6115,CA,Yuba County,small/mid,West,Pacific,632.016,72832,47531,410,387
2014,6115,CA,Yuba County,small/mid,West,Pacific,632.016,73159,47673,404,389
2014,6115,CA,Yuba County,small/mid,West,Pacific,632.016,73159,47673,404,389
2015,6115,CA,Yuba County,small/mid,West,Pacific,632.016,73642,47883,394,383
2016,6115,CA,Yuba County,small/mid,West,Pacific,632.016,74201,47994,,
