year,fips,state,county_name,urbanicity,region,division,land_area,total_pop,total_pop_15to64,total_jail_pop,total_prison_pop
1970,8001,CO,Adams County,suburban,West,Mountain,1167.272,187385,113058,70,
1971,8001,CO,Adams County,SUBURBAN,West,Mountain,1167.272,193790,118936,68.25,
1972,8001,CO,Adams County,suburban,West,Mountain,1167.272,203923,127716,66.5,
1973,8001,CO,Adams County,suburban,West,Mountain,1167.272,211821,135212,64.75,
1973,8001,CO,Adams County,suburban,West,Mountain,1167.272,211821,135212,64.75,
1974,8001,CO,Adams County,suburban  ,West,Mountain,1167.272,214691,139353,63,
1975,8001,CO,Adams County,  SUBURBAN ,West,Mountain,1167.272,218817,144173,627,
1975,8001,,,,,,,,,61.25,
1976,8001,CO,Adams County,suburban,West,Mountain,1167.272,224437,149888,59.5,
1977,8001,CO,Adams County,suburban,West,Mountain,1167.272,227869,153172,57.75,
1978,8001,CO,Adams County,suburban,West,Mountain,1167.272,239597,162582,56,
1979,8001,CO,Adams County,suburban,West,Mountain,1167.272,245961,168150,73,
1980,8001,CO,Adams County,suburban,West,Mountain,1167.272,247223,169983,90,
1981,8001,CO,Adams County,suburban,West,Mountain,1167.272,251347,172881,107,
1982,8001,CO,Adams County,suburban,West,Mountain,1167.272,258861,178075,124,
1983,8001,CO,Adams County,suburban,West,Mountain,1167.272,262150,179898,141,
1984,8001,CO,Adams County,suburban,West,Mountain,1167.272,264810,181687,157,232
1985,8001,CO,Adams County,suburban,West,Mountain,1167.272,266974,183101,173,221
1986,8001,CO,Adams County,suburban,West,Mountain,1167.272,267683,183289,432,259
1987,8001,CO,Adams County,Suburban,West,Mountain,1167.272,268488,182855,410,321
1988,8001,CO,Adams County,suburban,West,Mountain,1167.272,266683,180778,328,423
1989,8001,CO,Adams County,suburban,West,Mountain,1167.272,263397,177828,512,568
1990,8001,CO,Adams County,suburban  ,West,Mountain,1167.272,266629,178638,558,549
1991,8001,CO,Adams County,suburban,West,Mountain,1167.272,274311,183949,508,608
1992,8001,CO,Adams County,suburban,West,Mountain,1167.272,284362,191021,457,646
1993,8001,CO,Adams County,suburban,West,Mountain,1167.272,293995,197946,519,670
1993,8001,CO,Adams County,suburban,West,Mountain,1167.272,293995,197946,519,670
1994,8001,CO,Adams County,suburban,West,Mountain,1167.272,302198,204307,535,791
1995,8001,CO,Adams County,suburban,West,Mountain,1167.272,313440,212822,678,884
1996,8001,CO,Adams County,suburban,West,Mountain,1167.272,323218,219913,628,996
1997,8001,CO,Adams County,suburban,West,Mountain,1167.272,332463,226127,781,1062
1998,8001,CO,Adams County,suburban,West,Mountain,1167.272,343094,233116,796,1108
1999,8001,CO,Adams County,suburban,West,Mountain,1167.272,354146,240721,810,1251
2000,8001,CO,Adams County,SUBURBAN,West,Mountain,1167.272,350888,238599,831,1393
2001,8001,CO,Adams County,suburban,West,Mountain,1167.272,359816,245355,857,1423
2002,8001,CO,Adams County,suburban,West,Mountain,1167.272,370753,253308,930,1525
2003,8001,CO,Adams County, suburban,West,Mountain,1167.272,377464,257711,1123,1653
2004,8001,CO,Adams County,Suburban,West,Mountain,1167.272,384809,262392,1174,1827
2005,8001,CO,Adams County,suburban,West,Mountain,1167.272,395146,268815,1167,2082
2006,8001,CO,Adams County,suburban,West,Mountain,1167.272,406575,275587,1285,2200
2007,8001,CO,Adams County,suburban,West,Mountain,1167.272,415746,281381,1263,2247
2008,8001,CO,Adams County,suburban,West,Mountain,1167.272,424913,287130,1214,2342
2009,8001,CO,Adams County,suburban,West,Mountain,1167.272,435700,293425,1271,2279
2010,8001,CO,Adams County, suburban,West,Mountain,1167.272,441702,297195,1276,2337
2011,8001,CO,Adams County,suburban,West,Mountain,1167.272,443672,298554,1247,2251
2012,8001,CO,Adams County,suburban,West,Mountain,1167.272,451443,303377,1028,2042
2013,8001,CO,Adams County,suburban,West,Mountain,1167.272,459861,308364,1046,2014
2014,8001,CO,Adams County,suburban,West,Mountain,1167.272,469377,314230,1025,1935
2015,8001,CO,Adams County,suburban,West,Mountain,1167.272,479488,321286,941,1792
2016,8001,CO,Adams County,suburban,West,Mountain,1167.272,489822,328457,,
1970,8003,CO,Alamosa County,rural,West,Mountain,722.577,11500,7257,2,
1970,8003,CO,Alamosa County,rural,West,Mountain,722.577,11500,7257,2,
1971,8003,CO,Alamosa County,rural  ,West,Mountain,722.577,11833,7521,2.5,
1972,8003,CO,Alamosa County,rural,West,Mountain,722.577,12237,7844,3,
1973,8003,CO,Alamosa County,RURAL,West,Mountain,722.577,11578,7474,3.5,
1974,8003,CO,Alamosa County,Rural,West,Mountain,722.577,11514,7499,4,
1975,8003,CO,Alamosa County,rural,West,Mountain,722.577,12255,8065,4.5,
1976,8003,CO,Alamosa County,rural,West,Mountain,722.577,12074,8001,5,
1977,8003,CO,Alamosa County,rural,West,Mountain,722.577,11601,7669,5.5,
1978,8003,CO,Alamosa County,rural,West,Mountain,722.577,11560,7639,6,
1978,8003,CO,Alamosa County,rural,West,Mountain,722.577,11560,7639,6,
1979,8003,CO,Alamosa County,rural,West,Mountain,722.577,11619,7701,6.2,
1980,8003,CO,Alamosa County,rural,West,Mountain,722.577,11874,7917,6.4,
1981,8003,CO,Alamosa County,rural,West,Mountain,722.577,12131,8098,6.6,
1982,8003,CO,Alamosa County,rural,West,Mountain,722.577,12348,8254,6.8,
1983,8003,CO,Alamosa County,RURAL,West,Mountain,722.577,12469,8321,7,
1984,8003,CO,Alamosa County,rural,West,Mountain,722.577,12845,8575,11.4,10
1985,8003,CO,Alamosa County,rural,West,Mountain,722.577,12828,8565,15.8,8
1985,8003,CO,Alamosa County,rural,West,Mountain,722.577,12828,8565,15.8,8
1986,8003,CO,Alamosa County,rural,West,Mountain,722.577,13146,8769,20.2,13
1987,8003,CO,Alamosa County,rural,West,Mountain,722.577,13331,8847,24.6,16
1988,8003,CO,Alamosa County,rural,West,Mountain,722.577,13705,9067,29,15
1989,8003,CO,Alamosa County,rural,West,Mountain,722.577,13752,9065,27.8,25
1990,8003,CO,Alamosa County,rural,West,Mountain,722.577,13602,8919,26.6,20
1991,8003,CO,Alamosa County,rural  ,West,Mountain,722.577,13926,9214,25.4,23
1992,8003,CO,Alamosa County,rural,West,Mountain,722.577,13790,9087,564,25
1992,8003,,,,,,,,,24.2,
1993,8003,CO,Alamosa County,rural,West,Mountain,722.577,13816,9133,23,28
1994,8003,CO,Alamosa County,rural,West,Mountain,722.577,14071,9392,27.16667,40
1995,8003,CO,Alamosa County,rural,West,Mountain,722.577,14372,9668,31.33333,35
1996,8003,CO,Alamosa County,rural,West,Mountain,722.577,14367,9685,35.5,42
1997,8003,CO,Alamosa County,rural,West,Mountain,722.577,14634,9910,39.66667,53
1998,8003,CO,Alamosa County,rural,West,Mountain,722.577,14730,9987,43.83333,46
1999,8003,CO,Alamosa County,rural,West,Mountain,722.577,14881,10117,48,60
2000,8003,CO,Alamosa County,rural,West,Mountain,722.577,14954,10149,60,55
2001,8003,CO,Alamosa County,RURAL,West,Mountain,722.577,14956,10139,46,61
2002,8003,CO,Alamosa County,rural,West,Mountain,722.577,15114,10264,46,60
2003,8003,CO,Alamosa County,rural,West,Mountain,722.577,15067,10308,45,60
2004,8003,CO,Alamosa County,RURAL,West,Mountain,722.577,15217,10370,38,70
2005,8003,CO,Alamosa County,rural,West,Mountain,722.577,15236,10420,43.77778,84
2006,8003,CO,Alamosa County,rural,West,Mountain,722.577,15196,10387,49.55556,89
2006,8003,CO,Alamosa County,rural,West,Mountain,722.577,15196,10387,49.55556,89
2007,8003,CO,Alamosa County,rural,West,Mountain,722.577,15180,10336,55.33333,82
2008,8003,CO,Alamosa County,rural  ,West,Mountain,722.577,15300,10421,61.11111,86
2009,8003,CO,Alamosa County,rural,West,Mountain,722.577,15289,10357,66.88889,82
2010,8003,CO,Alamosa County,rural,West,Mountain,722.577,15445,10493,72.66666,96
2011,8003,CO,Alamosa County,  RURAL ,West,Mountain,722.577,15937,10948,78.44444,110
2012,8003,CO,Alamosa County,rural,West,Mountain,722.577,16117,11041,84.22222,100
2013,8003,CO,Alamosa County,rural,West,Mountain,722.577,16092,10918,90,96
2014,8003,CO,Alamosa County,rural,West,Mountain,722.577,16200,10946,90,103
2015,8003,CO,Alamosa County,  RURAL ,West,Mountain,722.577,16213,10891,90,96
2016,8003,CO,Alamosa County,rural,West,Mountain,722.577,16305,10892,,
1970,8005,CO,Arapahoe County,suburban,West,Mountain,797.932,163975,103375,35,
1971,8005,CO,Arapahoe County,Suburban,West,Mountain,797.932,171309,109708,36.625,
1972,8005,CO,Arapahoe County,suburban,West,Mountain,797.932,184667,120422,38.25,
1973,8005,CO,Arapahoe County,suburban,West,Mountain,797.932,199077,132013,39.875,
1974,8005,CO,Arapahoe County,suburban,West,Mountain,797.932,208356,139716,41.5,
1975,8005,CO,Arapahoe County,suburban,West,Mountain,797.932,219962,148969,43.125,
1976,8005,CO,Arapahoe County,suburban,West,Mountain,797.932,230476,157919,44.75,
1977,8005,CO,Arapahoe County,suburban,West,Mountain,797.932,242504,168000,46.375,
1978,8005,CO,Arapahoe County,suburban,West,Mountain,797.932,261180,182245,48,
1979,8005,CO,Arapahoe County,suburban,West,Mountain,797.932,278325,195517,75.8,
1980,8005,CO,Arapahoe County,suburban,West,Mountain,797.932,297368,209619,103.6,
1981,8005,CO,Arapahoe County,suburban,West,Mountain,797.932,312607,220462,131.4,
1982,8005,CO,Arapahoe County,suburban,West,Mountain,797.932,330659,233334,159.2,
1983,8005,CO,Arapahoe County,suburban,West,Mountain,797.932,344925,242945,187,
1984,8005,CO,Arapahoe County,suburban,West,Mountain,797.932,357171,251611,242,266
1985,8005,CO,Arapahoe County,suburban,West,Mountain,797.932,369024,259911,297,269
1986,8005,CO,Arapahoe County,suburban,West,Mountain,797.932,377640,265648,370,291
1987,8005,CO,Arapahoe County,suburban,West,Mountain,797.932,382075,267524,400,334
1988,8005,CO,Arapahoe County,suburban,West,Mountain,797.932,382304,266625,595,501
1989,8005,CO,Arapahoe County,suburban  ,West,Mountain,797.932,384986,267604,715,668
1989,8005,CO,Arapahoe County,suburban  ,West,Mountain,797.932,384986,267604,715,668
1990,8005,CO,Arapahoe County,suburban,West,Mountain,797.932,393895,271617,745,744
1991,8005,CO,Arapahoe County,suburban  ,West,Mountain,797.932,406279,279803,594,814
1992,8005,CO,Arapahoe County,suburban,West,Mountain,797.932,420063,288879,687,815
1993,8005,CO,Arapahoe County, suburban,West,Mountain,797.932,431731,297338,983,852
1994,8005,CO,Arapahoe County,suburban,West,Mountain,797.932,440965,304436,823,1014
1995,8005,CO,Arapahoe County,suburban,West,Mountain,797.932,446821,309287,906,1086
1996,8005,CO,Arapahoe County,suburban,West,Mountain,797.932,454208,314498,807,1243
1997,8005,CO,Arapahoe County,suburban,West,Mountain,797.932,462681,320445,812,1313
1998,8005,CO,Arapahoe County,  SUBURBAN ,West,Mountain,797.932,472544,326864,802,1407
1999,8005,CO,Arapahoe County,suburban,West,Mountain,797.932,482262,334010,803,1546
2000,8005,CO,Arapahoe County,suburban  ,West,Mountain,797.932,491482,340485,812,1616
2001,8005,CO,Arapahoe County,suburban,West,Mountain,797.932,502393,349145,849,1718
2002,8005,CO,Arapahoe County,suburban,West,Mountain,797.932,508936,354500,960,1880
2003,8005,CO,Arapahoe County,suburban  ,West,Mountain,797.932,513690,357441,1069,1959
2004,8005,CO,Arapahoe County,suburban,West,Mountain,797.932,518971,361168,1193,2072
2005,8005,CO,Arapahoe County,  SUBURBAN ,West,Mountain,797.932,524466,364419,1273,2126
2005,8005,CO,Arapahoe County,  SUBURBAN ,West,Mountain,797.932,524466,364419,1273,2126
2006,8005,CO,Arapahoe County,suburban,West,Mountain,797.932,531619,368353,1314,2168
2007,8005,CO,Arapahoe County,SUBURBAN,West,Mountain,797.932,542039,374334,1294,2218
2008,8005,CO,Arapahoe County,suburban,West,Mountain,797.932,552461,380821,1190,2234
2009,8005,CO,Arapahoe County,suburban,West,Mountain,797.932,563161,386939,1236,2226
2010,8005,CO,Arapahoe County,suburban,West,Mountain,797.932,572174,392425,1187,2310
2011,8005,CO,Arapahoe County,suburban,West,Mountain,797.932,574650,394081,1187,2330
2012,8005,CO,Arapahoe County,suburban,West,Mountain,797.932,584955,401322,1158,2212
2013,8005,CO,Arapahoe County,suburban,West,Mountain,797.932,595094,406337,1076,2095
2014,8005,CO,Arapahoe County,suburban,West,Mountain,797.932,606839,412708,1052,2042
2015,8005,CO,Arapahoe County,suburban,West,Mountain,797.932,617385,418556,1008,1848
2016,8005,CO,Arapahoe County,suburban,West,Mountain,797.932,628834,425396,,
1970,8007,CO,Archuleta County,rural,West,Mountain,1350.096,2681,1550,0,
1971,8007,CO,Archuleta County,rural,West,Mountain,1350.096,2494,1443,0,
1971,8007,CO,Archuleta County,rural,West,Mountain,1350.096,2494,1443,0,
1972,8007,CO,Archuleta County,rural,West,Mountain,1350.096,2423,1421,0,
1972,8007,CO,Archuleta County,rural,West,Mountain,1350.096,2423,1421,0,
1973,8007,CO,Archuleta County,rural,West,Mountain,1350.096,2712,1624,0,
1974,8007,CO,Archuleta County,rural,West,Mountain,1350.096,2812,1706,0,
1975,8007,CO,Archuleta County,Rural,West,Mountain,1350.096,2968,1830,0,
1976,8007,CO,Archuleta County,rural,West,Mountain,1350.096,3251,2053,0,
1977,8007,CO,Archuleta County,rural,West,Mountain,1350.096,3323,2118,0,
1978,8007,CO,Archuleta County,rural,West,Mountain,1350.096,3262,2083,0,
1979,8007,CO,Archuleta County,rural,West,Mountain,1350.096,3512,2273,0,
1980,8007,CO,Archuleta County,rural,West,Mountain,1350.096,3736,2433,0,
1981,8007,CO,Archuleta County,rural  ,West,Mountain,1350.096,4038,2624,0,
1982,8007,CO,Archuleta County,RURAL,West,Mountain,1350.096,4297,2795,0,
1983,8007,CO,Archuleta County,rural,West,Mountain,1350.096,4537,2938,4,
1984,8007,CO,Archuleta County,rural,West,Mountain,1350.096,4638,3005,5.4,
1985,8007,CO,Archuleta County,rural,West,Mountain,1350.096,4844,3131,6.8,
1986,8007,CO,Archuleta County,rural,West,Mountain,1350.096,4888,3150,8.2,4
1987,8007,CO,Archuleta County,rural,West,Mountain,1350.096,5008,3207,9.6,0
1988,8007,CO,Archuleta County,Rural,West,Mountain,1350.096,5117,3259,11,
1989,8007,CO,Archuleta County,rural,West,Mountain,1350.096,5167,3273,12.4,
1990,8007,CO,Archuleta County,rural,West,Mountain,1350.096,5382,3403,13.8,
1990,8007,CO,Archuleta County,rural,West,Mountain,1350.096,5382,3403,13.8,
1991,8007,CO,Archuleta County,rural,West,Mountain,1350.096,5557,3525,529,5
1991,8007,,,,,,,,,15.2,
1992,8007,CO,Archuleta County,rural,West,Mountain,1350.096,5725,3630,16.6,10
1993,8007,CO,Archuleta County,rural,West,Mountain,1350.096,6119,3934,18,5
1994,8007,CO,Archuleta County,rural,West,Mountain,1350.096,6511,4232,18,7
1995,8007,CO,Archuleta County,rural  ,West,Mountain,1350.096,7098,4673,18,10
1996,8007,CO,Archuleta County,rural,West,Mountain,1350.096,7896,5259,18,11
1997,8007,CO,Archuleta County,rural,West,Mountain,1350.096,8498,5690,18,10
1998,8007,CO,Archuleta County,rural,West,Mountain,1350.096,9109,6129,18,13
1999,8007,CO,Archuleta County,RURAL,West,Mountain,1350.096,9510,6441,18,10
2000,8007,CO,Archuleta County,rural,West,Mountain,1350.096,10020,6827,18,12
2000,8007,CO,Archuleta County,rural,West,Mountain,1350.096,10020,6827,18,12
2001,8007,CO,Archuleta County,Rural,West,Mountain,1350.096,10454,7190,18,15
2002,8007,CO,Archuleta County,rural,West,Mountain,1350.096,10885,7508,18,19
2003,8007,CO,Archuleta County,rural,West,Mountain,1350.096,11089,7601,18,18
2004,8007,CO,Archuleta County,rural,West,Mountain,1350.096,11266,7760,18,19
2005,8007,CO,Archuleta County,  RURAL ,West,Mountain,1350.096,11496,7875,18,24
2006,8007,CO,Archuleta County,rural,West,Mountain,1350.096,11937,8154,18.625,35
2007,8007,CO,Archuleta County,rural,West,Mountain,1350.096,12262,8377,19.25,38
2008,8007,CO,Archuleta County,rural,West,Mountain,1350.096,12250,8279,585,34
2008,8007,,,,,,,,,19.875,
2009,8007,CO,Archuleta County,rural,West,Mountain,1350.096,12169,8145,20.5,36
2009,8007,CO,Archuleta County,rural,West,Mountain,1350.096,12169,8145,20.5,36
2010,8007,CO,Archuleta County,rural,West,Mountain,1350.096,12084,8008,21.125,36
2011,8007,CO,Archuleta County,rural,West,Mountain,1350.096,12045,7978,21.75,35
2012,8007,CO,Archuleta County,Rural,West,Mountain,1350.096,12014,7844,22.375,29
2013,8007,CO,Archuleta County,rural,West,Mountain,1350.096,12124,7767,23,25
2014,8007,CO,Archuleta County,rural,West,Mountain,1350.096,12205,7687,23,28
2015,8007,CO,Archuleta County,rural,West,Mountain,1350.096,12222,7546,23,33
2016,8007,CO,Archuleta County,rural,West,Mountain,1350.096,12382,7518,,
2016,8007,CO,Archuleta County,rural,West,Mountain,1350.096,12382,7518,,
1970,8009,CO,Baca County,rural,West,Mountain,2554.993,5669,3380,4,
1971,8009,CO,Baca County,rural,West,Mountain,2554.993,5623,3363,3.875,
1972,8009,CO,Baca County,rural,West,Mountain,2554.993,5745,3485,3.75,
1973,8009,CO,Baca County,rural,West,Mountain,2554.993,5645,3444,3.625,
1974,8009,CO,Baca County,rural,West,Mountain,2554.993,5519,3377,3.5,
1975,8009,CO,Baca County,rural,West,Mountain,2554.993,5680,3515,3.375,
1976,8009,CO,Baca County,rural,West,Mountain,2554.993,5735,3582,3.25,
1977,8009,CO,Baca County,rural,West,Mountain,2554.993,5572,3491,3.125,
1977,8009,CO,Baca County,rural,West,Mountain,2554.993,5572,3491,3.125,
1978,8009,CO,Baca County,rural,West,Mountain,2554.993,5505,3448,3,
1979,8009,CO,Baca County,rural,West,Mountain,2554.993,5471,3441,3,
1980,8009,CO,Baca County,rural,West,Mountain,2554.993,5398,3396,3,
1981,8009,CO,Baca County,rural,West,Mountain,2554.993,5299,3326,3,
1982,8009,CO,Baca County,rural,West,Mountain,2554.993,5241,3281,3,
1983,8009,CO,Baca County,rural,West,Mountain,2554.993,5184,3220,3,
1983,8009,CO,Baca County,rural,West,Mountain,2554.993,5184,3220,3,
1984,8009,CO,Baca County,rural,West,Mountain,2554.993,5111,3163,3.4,8
1984,8009,CO,Baca County,rural,West,Mountain,2554.993,5111,3163,3.4,8
1985,8009,CO,Baca County,Rural,West,Mountain,2554.993,4991,3069,3.8,4
1986,8009,CO,Baca County,rural,West,Mountain,2554.993,4873,2974,4.2,5
1987,8009,CO,Baca County,rural,West,Mountain,2554.993,4873,2933,4.6,4
1988,8009,CO,Baca County,Rural,West,Mountain,2554.993,4830,2873,5,4
1989,8009,CO,Baca County,rural,West,Mountain,2554.993,4739,2782,5,4
1990,8009,CO,Baca County,rural,West,Mountain,2554.993,4525,2607,5,4
1991,8009,CO,Baca County,rural,West,Mountain,2554.993,4527,2603,5,
1992,8009,CO,Baca County,rural,West,Mountain,2554.993,4489,2574,5,
1993,8009,CO,Baca County,rural,West,Mountain,2554.993,4421,2523,5,
1994,8009,CO,Baca County,rural,West,Mountain,2554.993,4428,2535,5.833333,
1995,8009,CO,Baca County,rural,West,Mountain,2554.993,4506,2605,6.666667,
1995,8009,CO,Baca County,rural,West,Mountain,2554.993,4506,2605,6.666667,
1996,8009,CO,Baca County,rural,West,Mountain,2554.993,4616,2680,7.5,5
1997,8009,CO,Baca County,rural,West,Mountain,2554.993,4563,2640,8.333333,8
1998,8009,CO,Baca County,RURAL,West,Mountain,2554.993,4548,2640,9.166667,6
1999,8009,CO,Baca County,rural,West,Mountain,2554.993,4562,2656,10,8
2000,8009,CO,Baca County,rural,West,Mountain,2554.993,4501,2629,9.5,9
2000,8009,CO,Baca County,rural,West,Mountain,2554.993,4501,2629,9.5,9
2001,8009,CO,Baca County,rural,West,Mountain,2554.993,4471,2621,9,9
2002,8009,CO,Baca County,rural,West,Mountain,2554.993,4336,2535,8.5,9
2003,8009,CO,Baca County,rural,West,Mountain,2554.993,4117,2391,8,10
2004,8009,CO,Baca County,rural,West,Mountain,2554.993,4064,2360,7.5,14
2005,8009,CO,Baca County,rural,West,Mountain,2554.993,3997,2316,7,10
2006,8009,CO,Baca County,rural,West,Mountain,2554.993,3933,2257,7,13
2007,8009,CO,Baca County,rural,West,Mountain,2554.993,3866,2216,7,12
2008,8009,CO,Baca County,rural,West,Mountain,2554.993,3806,2165,7,13
2009,8009,CO,Baca County,rural,West,Mountain,2554.993,3767,2177,7,11
2009,8009,CO,Baca County,rural,West,Mountain,2554.993,3767,2177,7,11
2010,8009,CO,Baca County,rural,West,Mountain,2554.993,3788,2217,7,8
2011,8009,CO,Baca County,rural,West,Mountain,2554.993,3808,2221,7,7
2012,8009,CO,Baca County,rural,West,Mountain,2554.993,3778,2197,7,7
2013,8009,CO,Baca County,rural  ,West,Mountain,2554.993,3722,2167,7,7
2014,8009,CO,Baca County,rural,West,Mountain,2554.993,3655,2129,7,
2015,8009,CO,Baca County,rural,West,Mountain,2554.993,3586,2074,7,
2016,8009,CO,Baca County, rural,West,Mountain,2554.993,3552,2048,,
1970,8011,CO,Bent County,rural  ,West,Mountain,1512.865,6497,3871,1,
1971,8011,CO,Bent County,rural,West,Mountain,1512.865,6533,3920,1,
1972,8011,CO,Bent County,rural,West,Mountain,1512.865,6433,3890,1,
1973,8011,CO,Bent County,rural,West,Mountain,1512.865,6038,3643,1,
1974,8011,CO,Bent County,  RURAL ,West,Mountain,1512.865,6140,3760,1,
1975,8011,CO,Bent County,rural,West,Mountain,1512.865,6401,3987,1,
1976,8011,CO,Bent County,rural,West,Mountain,1512.865,6286,3909,1,
1977,8011,CO,Bent County,rural,West,Mountain,1512.865,6176,3824,1,
1978,8011,CO,Bent County,rural,West,Mountain,1512.865,5887,3613,1,
1979,8011,CO,Bent County,rural,West,Mountain,1512.865,6015,3703,1,
1980,8011,CO,Bent County,rural,West,Mountain,1512.865,5944,3644,1,
1981,8011,CO,Bent County,rural,West,Mountain,1512.865,5907,3623,1,
1982,8011,CO,Bent County,RURAL,West,Mountain,1512.865,5837,3582,1,
1983,8011,CO,Bent County,rural,West,Mountain,1512.865,5997,3672,1,
1984,8011,CO,Bent County,rural,West,Mountain,1512.865,5937,3635,1.6,
1985,8011,CO,Bent County,rural,West,Mountain,1512.865,5872,3598,2.2,4
1986,8011,CO,Bent County,rural,West,Mountain,1512.865,5739,3507,2.8,4
1987,8011,CO,Bent County,rural,West,Mountain,1512.865,5586,3388,3.4,4
1988,8011,CO,Bent County,rural,West,Mountain,1512.865,5377,3237,4,7
1989,8011,CO,Bent County,rural,West,Mountain,1512.865,5160,3084,4.2,9
1990,8011,CO,Bent County,rural,West,Mountain,1512.865,5028,2973,4.4,7
1991,8011,CO,Bent County,rural,West,Mountain,1512.865,4928,2916,4.6,8
1992,8011,CO,Bent County,rural,West,Mountain,1512.865,4988,2964,4.8,12
1993,8011,CO,Bent County,rural  ,West,Mountain,1512.865,5415,3351,5,15
1993,8011,CO,Bent County,rural  ,West,Mountain,1512.865,5415,3351,5,15
1994,8011,CO,Bent County,rural,West,Mountain,1512.865,5488,3394,5.833333,14
1995,8011,CO,Bent County,Rural,West,Mountain,1512.865,5579,3480,6.666667,19
1995,8011,CO,Bent County,Rural,West,Mountain,1512.865,5579,3480,6.666667,19
1996,8011,CO,Bent County,rural,West,Mountain,1512.865,5610,3509,7.5,21
1997,8011,CO,Bent County,rural,West,Mountain,1512.865,5539,3460,8.333333,21
1998,8011,CO,Bent County,rural,West,Mountain,1512.865,5960,3886,9.166667,34
1999,8011,CO,Bent County,rural,West,Mountain,1512.865,6049,3944,10,36
2000,8011,CO,Bent County,rural,West,Mountain,1512.865,5954,3876,14.5,43
2001,8011,CO,Bent County,rural,West,Mountain,1512.865,5841,3825,19,38
2002,8011,CO,Bent County,rural,West,Mountain,1512.865,5973,3990,23.5,42
2003,8011,CO,Bent County,  RURAL ,West,Mountain,1512.865,6166,4265,28,39
2004,8011,CO,Bent County,rural,West,Mountain,1512.865,6180,4292,32.5,35
2005,8011,CO,Bent County,rural,West,Mountain,1512.865,6118,4312,37,38
2006,8011,CO,Bent County,rural,West,Mountain,1512.865,6012,4217,36.25,34
2007,8011,CO,Bent County,rural,West,Mountain,1512.865,5715,4021,35.5,32
2008,8011,CO,Bent County,rural,West,Mountain,1512.865,5962,4220,34.75,29
2009,8011,CO,Bent County,rural,West,Mountain,1512.865,6425,4658,34,23
2010,8011,CO,Bent County,rural,West,Mountain,1512.865,6499,4709,33.25,26
2011,8011,CO,Bent County,rural,West,Mountain,1512.865,6501,4716,32.5,24
2012,8011,CO,Bent County,rural,West,Mountain,1512.865,6328,4596,31.75,23
2012,8011,CO,Bent County,rural,West,Mountain,1512.865,6328,4596,31.75,23
2013,8011,CO,Bent County,rural,West,Mountain,1512.865,5816,4097,31,24
2014,8011,CO,Bent County,rural,West,Mountain,1512.865,5733,4051,31,25
2015,8011,CO,Bent County,rural,West,Mountain,1512.865,5784,4086,31,24
2016,8011,CO,Bent County,RURAL,West,Mountain,1512.865,5893,4162,,
1970,8013,CO,Boulder County,small/mid,West,Mountain,726.367,133670,87264,38,
1971,8013,CO,Boulder County,small/mid,West,Mountain,726.367,140807,93297,42.375,
1972,8013,CO,Boulder County,small/mid,West,Mountain,726.367,151309,101925,599,
1972,8013,,,,,,,,,46.75,
1973,8013,CO,Boulder County,small/mid,West,Mountain,726.367,159508,109076,51.125,
1974,8013,CO,Boulder County,Small/mid,West,Mountain,726.367,166450,115167,55.5,
1975,8013,CO,Boulder County,small/mid,West,Mountain,726.367,166672,116406,59.875,
1975,8013,CO,Boulder County,small/mid,West,Mountain,726.367,166672,116406,59.875,
1976,8013,CO,Boulder County,small/mid,West,Mountain,726.367,169121,119513,64.25,
1977,8013,CO,Boulder County,small/mid,West,Mountain,726.367,178123,127252,68.625,
1978,8013,CO,Boulder County,small/mid,West,Mountain,726.367,183436,132432,73,
1979,8013,CO,Boulder County,small/mid,West,Mountain,726.367,187127,136287,77,
1980,8013,CO,Boulder County,small/mid,West,Mountain,726.367,191018,139903,81,
1981,8013,CO,Boulder County,small/mid,West,Mountain,726.367,195710,143580,85,
1982,8013,CO,Boulder County,small/mid,West,Mountain,726.367,200829,147543,89,
1983,8013,CO,Boulder County,small/mid,West,Mountain,726.367,206441,151510,93,
1984,8013,CO,Boulder County,small/mid,West,Mountain,726.367,211211,155078,111.5,103
1985,8013,CO,Boulder County, small/mid,West,Mountain,726.367,213941,157120,130,114
1986,8013,CO,Boulder County,small/mid,West,Mountain,726.367,215970,158438,158,113
1987,8013,CO,Boulder County,small/mid,West,Mountain,726.367,218022,159282,167,133
1988,8013,CO,Boulder County,small/mid,West,Mountain,726.367,219917,160118,206,209
1989,8013,CO,Boulder County,small/mid,West,Mountain,726.367,223510,162307,257,255
1990,8013,CO,Boulder County,small/mid,West,Mountain,726.367,226374,163456,240,257
1991,8013,CO,Boulder County,small/mid,West,Mountain,726.367,232846,168156,278,281
1992,8013,CO,Boulder County,small/mid,West,Mountain,726.367,240430,173565,272,339
1993,8013,CO,Boulder County,small/mid,West,Mountain,726.367,247405,179068,285,360
1994,8013,CO,Boulder County,small/mid,West,Mountain,726.367,254324,184829,304,378
1994,8013,CO,Boulder County,small/mid,West,Mountain,726.367,254324,184829,304,378
1995,8013,CO,Boulder County,small/mid,West,Mountain,726.367,259520,189195,363,370
1996,8013,CO,Boulder County,small/mid,West,Mountain,726.367,264630,192983,392,425
1996,8013,CO,Boulder County,small/mid,West,Mountain,726.367,264630,192983,392,425
1997,8013,CO,Boulder County,small/mid,West,Mountain,726.367,270744,197434,389,451
1997,8013,CO,Boulder County,small/mid,West,Mountain,726.367,270744,197434,389,451
1998,8013,CO,Boulder County,small/mid,West,Mountain,726.367,277562,202197,373,480
1999,8013,CO,Boulder County,small/mid,West,Mountain,726.367,285901,208734,384,509
2000,8013,CO,Boulder County,small/mid  ,West,Mountain,726.367,271574,199454,374,484
2001,8013,CO,Boulder County,Small/mid,West,Mountain,726.367,277597,204651,375,476
2002,8013,CO,Boulder County,small/mid,West,Mountain,726.367,279468,206278,388,488
2003,8013,CO,Boulder County,small/mid,West,Mountain,726.367,278768,205307,387,481
2004,8013,CO,Boulder County,  SMALL/MID ,West,Mountain,726.367,279728,205824,377,491
2005,8013,CO,Boulder County,small/mid  ,West,Mountain,726.367,280241,205968,373,504
2006,8013,CO,Boulder County,small/mid,West,Mountain,726.367,284243,208239,455,538
2007,8013,CO,Boulder County,small/mid,West,Mountain,726.367,287428,209980,455,546
2008,8013,CO,Boulder County,small/mid,West,Mountain,726.367,290859,211731,463,562
2009,8013,CO,Boulder County,small/mid,West,Mountain,726.367,293190,212730,431,532
2010,8013,CO,Boulder County,Small/mid,West,Mountain,726.367,294572,212770,454,561
2011,8013,CO,Boulder County,small/mid,West,Mountain,726.367,295930,213853,438,605
2012,8013,CO,Boulder County,small/mid,West,Mountain,726.367,300518,216813,451,640
2013,8013,CO,Boulder County,small/mid,West,Mountain,726.367,305028,218699,475,640
2014,8013,CO,Boulder County,small/mid,West,Mountain,726.367,309749,221242,524,627
2015,8013,CO,Boulder County,small/mid,West,Mountain,726.367,312505,222240,465,584
2016,8013,CO,Boulder County, small/mid,West,Mountain,726.367,317968,225700,,
1970,8014,CO,Broomfield County,suburban,West,Mountain,33.004,0,0,,
1970,8014,CO,Broomfield County,suburban,West,Mountain,33.004,0,0,,
1971,8014,CO,Broomfield County,suburban,West,Mountain,33.004,0,0,,
1972,8014,CO,Broomfield County,suburban,West,Mountain,33.004,0,0,,
1973,8014,CO,Broomfield County,suburban,West,Mountain,33.004,0,0,,
1974,8014,CO,Broomfield County,suburban,West,Mountain,33.004,0,0,,
1975,8014,CO,Broomfield County,suburban,West,Mountain,33.004,0,0,,
1975,8014,CO,Broomfield County,suburban,West,Mountain,33.004,0,0,,
1976,8014,CO,Broomfield County,suburban,West,Mountain,33.004,0,0,,
1977,8014,CO,Broomfield County,suburban,West,Mountain,33.004,0,0,,
1978,8014,CO,Broomfield County,suburban,West,Mountain,33.004,0,0,,
1979,8014,CO,Broomfield County,suburban,West,Mountain,33.004,0,0,,
1980,8014,CO,Broomfield County,suburban,West,Mountain,33.004,0,0,,
1981,8014,CO,Broomfield County,suburban,West,Mountain,33.004,0,0,,
1982,8014,CO,Broomfield County,suburban,West,Mountain,33.004,0,0,,
1983,8014,CO,Broomfield County,suburban,West,Mountain,33.004,0,0,,
1984,8014,CO,Broomfield County,suburban,West,Mountain,33.004,0,0,,0
1985,8014,CO,Broomfield County,suburban,West,Mountain,33.004,0,0,,0
1986,8014,CO,Broomfield County,  SUBURBAN ,West,Mountain,33.004,0,0,,0
1987,8014,CO,Broomfield County,suburban,West,Mountain,33.004,0,0,,0
1988,8014,CO,Broomfield County,suburban,West,Mountain,33.004,0,0,,0
1989,8014,CO,Broomfield County,Suburban,West,Mountain,33.004,0,0,,0
1990,8014,CO,Broomfield County,suburban,West,Mountain,33.004,0,0,,0
1991,8014,CO,Broomfield County,suburban,West,Mountain,33.004,0,0,,0
1992,8014,CO,Broomfield County,suburban,West,Mountain,33.004,0,0,,0
1993,8014,CO,Broomfield County,suburban,West,Mountain,33.004,0,0,,0
1994,8014,CO,Broomfield County,suburban,West,Mountain,33.004,0,0,,0
1995,8014,CO,Broomfield County,suburban,West,Mountain,33.004,0,0,,0
1995,8014,CO,Broomfield County,suburban,West,Mountain,33.004,0,0,,0
1996,8014,CO,Broomfield County,suburban,West,Mountain,33.004,0,0,,0
1997,8014,CO,Broomfield County,suburban,West,Mountain,33.004,0,0,,0
1998,8014,CO,Broomfield County,suburban,West,Mountain,33.004,0,0,,0
1999,8014,CO,Broomfield County,suburban,West,Mountain,33.004,0,0,,0
2000,8014,CO,Broomfield County,suburban,West,Mountain,33.004,39679,27301,0,0
2000,8014,CO,Broomfield County,suburban,West,Mountain,33.004,39679,27301,0,0
2001,8014,CO,Broomfield County,suburban  ,West,Mountain,33.004,41055,28284,0,
2002,8014,CO,Broomfield County,suburban,West,Mountain,33.004,41800,28799,0,
2003,8014,CO,Broomfield County,suburban,West,Mountain,33.004,43805,30330,0,
2004,8014,CO,Broomfield County,suburban,West,Mountain,33.004,44867,31230,0,4
2005,8014,CO,Broomfield County,suburban,West,Mountain,33.004,46313,32015,0,9
2006,8014,CO,Broomfield County,suburban,West,Mountain,33.004,48729,33701,0,16
2006,8014,CO,Broomfield County,suburban,West,Mountain,33.004,48729,33701,0,16
2007,8014,CO,Broomfield County, suburban,West,Mountain,33.004,51526,35605,0,25
2008,8014,CO,Broomfield County,suburban,West,Mountain,33.004,53181,36630,0,47
2009,8014,CO,Broomfield County,suburban,West,Mountain,33.004,54789,37541,0,54
2010,8014,CO,Broomfield County,suburban,West,Mountain,33.004,55858,38015,0,70
2011,8014,CO,Broomfield County,suburban,West,Mountain,33.004,56214,38253,0,72
2012,8014,CO,Broomfield County,suburban,West,Mountain,33.004,57445,39167,0,68
2013,8014,CO,Broomfield County,suburban,West,Mountain,33.004,58899,39854,61,69
2014,8014,CO,Broomfield County,suburban,West,Mountain,33.004,60065,40451,61,61
2015,8014,CO,Broomfield County,suburban,West,Mountain,33.004,61706,41485,61,61
2016,8014,CO,Broomfield County,suburban,West,Mountain,33.004,64796,43762,,
1970,8015,CO,Chaffee County,rural,West,Mountain,1013.408,10286,6082,1,
1971,8015,CO,Chaffee County,rural,West,Mountain,1013.408,10817,6511,1.75,
1972,8015,CO,Chaffee County,rural,West,Mountain,1013.408,11338,6946,2.5,
1973,8015,CO,Chaffee County,rural,West,Mountain,1013.408,11594,7220,3.25,
1974,8015,CO,Chaffee County,RURAL,West,Mountain,1013.408,11749,7398,4,
1974,8015,CO,Chaffee County,RURAL,West,Mountain,1013.408,11749,7398,4,
1975,8015,CO,Chaffee County,rural,West,Mountain,1013.408,12130,7729,4.75,
1976,8015,CO,Chaffee County,rural,West,Mountain,1013.408,12106,7775,5.5,
1977,8015,CO,Chaffee County,  RURAL ,West,Mountain,1013.408,12565,8151,6.25,
1978,8015,CO,Chaffee County,rural,West,Mountain,1013.408,12568,8176,7,
1979,8015,CO,Chaffee County,rural,West,Mountain,1013.408,13010,8522,7.6,
1980,8015,CO,Chaffee County,rural,West,Mountain,1013.408,13268,8718,8.2,
1980,8015,CO,Chaffee County,rural,West,Mountain,1013.408,13268,8718,8.2,
1981,8015,CO,Chaffee County,  RURAL ,West,Mountain,1013.408,13410,8826,8.8,
1982,8015,CO,Chaffee County,rural,West,Mountain,1013.408,13334,8787,9.4,
1983,8015,CO,Chaffee County,rural,West,Mountain,1013.408,13025,8577,10,
1984,8015,CO,Chaffee County,rural,West,Mountain,1013.408,12698,8369,10.4,19
1985,8015,CO,Chaffee County,rural,West,Mountain,1013.408,12818,8444,10.8,21
1986,8015,CO,Chaffee County,rural,West,Mountain,1013.408,12666,8330,11.2,22
1987,8015,CO,Chaffee County,rural,West,Mountain,1013.408,12681,8293,11.6,27
1988,8015,CO,Chaffee County,rural,West,Mountain,1013.408,12638,8224,12,27
1989,8015,CO,Chaffee County,rural,West,Mountain,1013.408,12743,8248,13.4,33
1990,8015,CO,Chaffee County,rural,West,Mountain,1013.408,12696,8157,14.8,31
1991,8015,CO,Chaffee County,rural,West,Mountain,1013.408,12788,8232,16.2,42
1992,8015,CO,Chaffee County,rural,West,Mountain,1013.408,13036,8425,557,43
1992,8015,,,,,,,,,17.6,
1993,8015,CO,Chaffee County,RURAL,West,Mountain,1013.408,13550,8834,19,37
1994,8015,CO,Chaffee County,rural,West,Mountain,1013.408,13930,9083,21,39
1995,8015,CO,Chaffee County,RURAL,West,Mountain,1013.408,14398,9424,23,31
1996,8015,CO,Chaffee County,rural,West,Mountain,1013.408,14892,9841,25,29
1997,8015,CO,Chaffee County,rural,West,Mountain,1013.408,15195,10101,27,34
1998,8015,CO,Chaffee County,rural,West,Mountain,1013.408,15431,10284,29,25
1999,8015,CO,Chaffee County,rural,West,Mountain,1013.408,16026,10779,31,24
2000,8015,CO,Chaffee County,rural,West,Mountain,1013.408,16337,11014,35,37
2001,8015,CO,Chaffee County,RURAL,West,Mountain,1013.408,16488,11103,39,31
2002,8015,CO,Chaffee County,rural,West,Mountain,1013.408,16844,11450,43,47
2003,8015,CO,Chaffee County,rural,West,Mountain,1013.408,16921,11494,47,57
2003,8015,CO,Chaffee County,rural,West,Mountain,1013.408,16921,11494,47,57
2004,8015,CO,Chaffee County,rural,West,Mountain,1013.408,17047,11530,51,53
2005,8015,CO,Chaffee County,RURAL,West,Mountain,1013.408,17105,11609,55,63
2006,8015,CO,Chaffee County,rural,West,Mountain,1013.408,17087,11667,571,52
2006,8015,,,,,,,,,57.25,
2007,8015,CO,Chaffee County,RURAL,West,Mountain,1013.408,17377,11808,59.5,58
2008,8015,CO,Chaffee County,rural,West,Mountain,1013.408,17573,11903,61.75,56
2009,8015,CO,Chaffee County,rural,West,Mountain,1013.408,17852,11992,64,50
2010,8015,CO,Chaffee County,rural,West,Mountain,1013.408,17809,11889,66.25,52
2011,8015,CO,Chaffee County,rural,West,Mountain,1013.408,17805,11872,68.5,49
2012,8015,CO,Chaffee County,rural,West,Mountain,1013.408,18019,11934,70.75,49
2013,8015,CO,Chaffee County,rural,West,Mountain,1013.408,18142,11887,73,45
2014,8015,CO,Chaffee County,rural,West,Mountain,1013.408,18347,11819,73,42
2015,8015,CO,Chaffee County,rural,West,Mountain,1013.408,18439,11808,73,39
2016,8015,CO,Chaffee County,rural,West,Mountain,1013.408,18582,11835,,
2016,8015,CO,Chaffee County,rural,West,Mountain,1013.408,18582,11835,,
1970,8017,CO,Cheyenne County,rural,West,Mountain,1778.276,2394,1431,2,
1971,8017,CO,Cheyenne County,rural,West,Mountain,1778.276,2426,1452,2.125,
1972,8017,CO,Cheyenne County,rural,West,Mountain,1778.276,2283,1360,2.25,
1973,8017,CO,Cheyenne County,rural,West,Mountain,1778.276,2307,1377,2.375,
1974,8017,CO,Cheyenne County,rural,West,Mountain,1778.276,2312,1402,2.5,
1975,8017,CO,Cheyenne County,rural,West,Mountain,1778.276,2249,1373,2.625,
1976,8017,CO,Cheyenne County,rural,West,Mountain,1778.276,2226,1362,2.75,
1977,8017,CO,Cheyenne County,rural,West,Mountain,1778.276,2067,1239,2.875,
1978,8017,CO,Cheyenne County,rural,West,Mountain,1778.276,2128,1283,3,
1979,8017,CO,Cheyenne County,Rural,West,Mountain,1778.276,2170,1324,3,
1980,8017,CO,Cheyenne County,rural,West,Mountain,1778.276,2165,1321,3,
1981,8017,CO,Cheyenne County,rural,West,Mountain,1778.276,2218,1348,3,
1982,8017,CO,Cheyenne County,rural,West,Mountain,1778.276,2278,1380,3,
1983,8017,CO,Cheyenne County,rural,West,Mountain,1778.276,2303,1385,3,
1984,8017,CO,Cheyenne County,rural,West,Mountain,1778.276,2385,1434,2.8,
1985,8017,CO,Cheyenne County,rural,West,Mountain,1778.276,2381,1423,2.6,
1986,8017,CO,Cheyenne County,rural,West,Mountain,1778.276,2377,1413,2.4,
1987,8017,CO,Cheyenne County,rural,West,Mountain,1778.276,2289,1347,2.2,
1988,8017,CO,Cheyenne County,rural,West,Mountain,1778.276,2341,1363,2,
1989,8017,CO,Cheyenne County,rural,West,Mountain,1778.276,2402,1389,2.2,
1990,8017,CO,Cheyenne County,rural,West,Mountain,1778.276,2395,1376,2.4,
1991,8017,CO,Cheyenne County,rural,West,Mountain,1778.276,2377,1364,2.6,
1992,8017,CO,Cheyenne County,rural,West,Mountain,1778.276,2450,1424,2.8,
1993,8017,CO,Cheyenne County,rural,West,Mountain,1778.276,2348,1367,3,
1994,8017,CO,Cheyenne County,rural,West,Mountain,1778.276,2316,1356,3.333333,
1995,8017,CO,Cheyenne County,rural,West,Mountain,1778.276,2304,1354,3.666667,
1996,8017,CO,Cheyenne County,rural,West,Mountain,1778.276,2313,1376,4,
1997,8017,CO,Cheyenne County,rural,West,Mountain,1778.276,2261,1354,4.333333,
1998,8017,CO,Cheyenne County,rural,West,Mountain,1778.276,2334,1405,4.666667,
1999,8017,CO,Cheyenne County,rural,West,Mountain,1778.276,2255,1358,5,
2000,8017,CO,Cheyenne County,rural,West,Mountain,1778.276,2209,1345,4.833333,
2001,8017,CO,Cheyenne County,rural,West,Mountain,1778.276,2179,1340,4.666667,
2002,8017,CO,Cheyenne County,rural,West,Mountain,1778.276,2119,1280,4.5,
2003,8017,CO,Cheyenne County,rural,West,Mountain,1778.276,2021,1232,4.333333,
2004,8017,CO,Cheyenne County,rural  ,West,Mountain,1778.276,1981,1233,4.166667,
2005,8017,CO,Cheyenne County,RURAL,West,Mountain,1778.276,1939,1220,4,
2006,8017,CO,Cheyenne County,Rural,West,Mountain,1778.276,1912,1197,4,
2007,8017,CO,Cheyenne County,rural,West,Mountain,1778.276,1863,1156,4,
2008,8017,CO,Cheyenne County,rural,West,Mountain,1778.276,1881,1172,4,
2008,8017,CO,Cheyenne County,rural,West,Mountain,1778.276,1881,1172,4,
2009,8017,CO,Cheyenne County,rural,West,Mountain,1778.276,1843,1146,4,
2010,8017,CO,Cheyenne County,rural,West,Mountain,1778.276,1833,1146,4,
2011,8017,CO,Cheyenne County,rural,West,Mountain,1778.276,1832,1144,4,0
2012,8017,CO,Cheyenne County,rural,West,Mountain,1778.276,1853,1152,4,0
2013,8017,CO,Cheyenne County,rural,West,Mountain,1778.276,1862,1143,4,0
2014,8017,CO,Cheyenne County,rural,West,Mountain,1778.276,1869,1147,4,0
2015,8017,CO,Cheyenne County,rural,West,Mountain,1778.276,1834,1123,4,0
2016,8017,CO,Cheyenne County,rural,West,Mountain,1778.276,1811,1096,,
1970,8019,CO,Clear Creek County,SUBURBAN,West,Mountain,395.199,5001,3073,0,
1971,8019,CO,Clear Creek County,suburban,West,Mountain,395.199,5730,3603,0,
1972,8019,CO,Clear Creek County,suburban,West,Mountain,395.199,5916,3791,0,
1973,8019,CO,Clear Creek County,suburban,West,Mountain,395.199,5755,3728,0,
1974,8019,CO,Clear Creek County,suburban,West,Mountain,395.199,5754,3779,0,
1975,8019,CO,Clear Creek County,suburban,West,Mountain,395.199,6062,4049,0,
1976,8019,CO,Clear Creek County,suburban,West,Mountain,395.199,6201,4203,0,
1977,8019,CO,Clear Creek County,suburban,West,Mountain,395.199,6208,4247,0,
1978,8019,CO,Clear Creek County,suburban,West,Mountain,395.199,6601,4559,12,
1978,8019,CO,Clear Creek County,suburban,West,Mountain,395.199,6601,4559,12,
1979,8019,CO,Clear Creek County,suburban,West,Mountain,395.199,6988,4870,15.6,
1980,8019,CO,Clear Creek County,suburban,West,Mountain,395.199,7353,5160,19.2,
1980,8019,CO,Clear Creek County,suburban,West,Mountain,395.199,7353,5160,19.2,
1981,8019,CO,Clear Creek County,suburban,West,Mountain,395.199,7503,5282,22.8,
1982,8019,CO,Clear Creek County,suburban,West,Mountain,395.199,7656,5404,26.4,
1983,8019,CO,Clear Creek County,suburban,West,Mountain,395.199,7914,5590,30,
1984,8019,CO,Clear Creek County,suburban,West,Mountain,395.199,7802,5519,27,7
1985,8019,CO,Clear Creek County,suburban,West,Mountain,395.199,7792,5521,24,11
1986,8019,CO,Clear Creek County,suburban,West,Mountain,395.199,7761,5501,21,10
1987,8019,CO,Clear Creek County,suburban,West,Mountain,395.199,7740,5468,18,11
1988,8019,CO,Clear Creek County,suburban,West,Mountain,395.199,7666,5400,15,14
1989,8019,CO,Clear Creek County,suburban,West,Mountain,395.199,7566,5319,16.8,15
1989,8019,CO,Clear Creek County,suburban,West,Mountain,395.199,7566,5319,16.8,15
1990,8019,CO,Clear Creek County,suburban,West,Mountain,395.199,7632,5355,18.6,16
1991,8019,CO,Clear Creek County,suburban,West,Mountain,395.199,7852,5519,20.4,22
1992,8019,CO,Clear Creek County,suburban,West,Mountain,395.199,8038,5702,22.2,20
1992,8019,CO,Clear Creek County,suburban,West,Mountain,395.199,8038,5702,22.2,20
1993,8019,CO,Clear Creek County,suburban,West,Mountain,395.199,8292,5936,24,22
1994,8019,CO,Clear Creek County,suburban,West,Mountain,395.199,8571,6186,28,22
1995,8019,CO,Clear Creek County,suburban,West,Mountain,395.199,8808,6421,32,20
1996,8019,CO,Clear Creek County,suburban,West,Mountain,395.199,8800,6445,36,28
1997,8019,CO,Clear Creek County,suburban,West,Mountain,395.199,8981,6620,40,28
1998,8019,CO,Clear Creek County,suburban,West,Mountain,395.199,9122,6754,44,22
1999,8019,CO,Clear Creek County,suburban,West,Mountain,395.199,9293,6929,48,30
2000,8019,CO,Clear Creek County,suburban,West,Mountain,395.199,9255,6914,54,32
2001,8019,CO,Clear Creek County, suburban,West,Mountain,395.199,9383,6980,60,32
2002,8019,CO,Clear Creek County,suburban,West,Mountain,395.199,9514,7030,66,26
2003,8019,CO,Clear Creek County,suburban,West,Mountain,395.199,9402,6992,72,23
2004,8019,CO,Clear Creek County,suburban,West,Mountain,395.199,9148,6817,78,26
2005,8019,CO,Clear Creek County,suburban,West,Mountain,395.199,9150,6820,84,28
2006,8019,CO,Clear Creek County,suburban,West,Mountain,395.199,9042,6760,79.375,22
2007,8019,CO,Clear Creek County,suburban,West,Mountain,395.199,9152,6750,74.75,25
2008,8019,CO,Clear Creek County,suburban,West,Mountain,395.199,9138,6760,70.125,35
2009,8019,CO,Clear Creek County,suburban,West,Mountain,395.199,8994,6612,65.5,36
2010,8019,CO,Clear Creek County,suburban,West,Mountain,395.199,9075,6672,60.875,37
2011,8019,CO,Clear Creek County,suburban,West,Mountain,395.199,9083,6671,56.25,47
2012,8019,CO,Clear Creek County,suburban,West,Mountain,395.199,9002,6559,51.625,44
2013,8019,CO,Clear Creek County,Suburban,West,Mountain,395.199,9005,6463,47,39
2014,8019,CO,Clear Creek County, suburban,West,Mountain,395.199,9008,6380,47,34
2015,8019,CO,Clear Creek County,suburban,West,Mountain,395.199,9110,6362,613,29
2015,8019,,,,,,,,,47,
2016,8019,CO,Clear Creek County,suburban,West,Mountain,395.199,9233,6382,,
1970,8021,CO,Conejos County,rural  ,West,Mountain,1287.428,7847,4196,571,
1970,8021,,,,,,,,,5,
1971,8021,CO,Conejos County,rural,West,Mountain,1287.428,7825,4220,4.75,
1972,8021,CO,Conejos County,rural,West,Mountain,1287.428,7863,4296,4.5,
1973,8021,CO,Conejos County,rural,West,Mountain,1287.428,7927,4396,4.25,
1974,8021,CO,Conejos County,rural,West,Mountain,1287.428,8028,4515,4,
1975,8021,CO,Conejos County,rural,West,Mountain,1287.428,8103,4618,3.75,
1976,8021,CO,Conejos County,rural,West,Mountain,1287.428,7925,4571,3.5,
1977,8021,CO,Conejos County,rural,West,Mountain,1287.428,7968,4656,3.25,
1978,8021,CO,Conejos County,rural,West,Mountain,1287.428,7851,4625,3,
1979,8021,CO,Conejos County,rural,West,Mountain,1287.428,7791,4625,3.4,
1980,8021,CO,Conejos County,rural,West,Mountain,1287.428,7773,4635,3.8,
1981,8021,CO,Conejos County,rural,West,Mountain,1287.428,7631,4541,4.2,
1982,8021,CO,Conejos County,rural,West,Mountain,1287.428,7671,4559,4.6,
1983,8021,CO,Conejos County,  RURAL ,West,Mountain,1287.428,7788,4611,5,
1984,8021,CO,Conejos County,rural,West,Mountain,1287.428,7745,4576,5,5
1985,8021,CO,Conejos County,rural,West,Mountain,1287.428,7591,4480,5,
1986,8021,CO,Conejos County,  RURAL ,West,Mountain,1287.428,7617,4481,5,
1987,8021,CO,Conejos County, rural,West,Mountain,1287.428,7609,4439,5,4
1988,8021,CO,Conejos County,  RURAL ,West,Mountain,1287.428,7565,4376,5,5
1989,8021,CO,Conejos County,rural,West,Mountain,1287.428,7491,4299,5.2,9
1990,8021,CO,Conejos County,rural,West,Mountain,1287.428,7479,4250,5.4,7
1990,8021,CO,Conejos County,rural,West,Mountain,1287.428,7479,4250,5.4,7
1991,8021,CO,Conejos County,rural,West,Mountain,1287.428,7545,4302,5.6,5
1992,8021,CO,Conejos County,rural,West,Mountain,1287.428,7506,4287,5.8,5
1993,8021,CO,Conejos County,rural,West,Mountain,1287.428,7617,4374,6,
1994,8021,CO,Conejos County,rural,West,Mountain,1287.428,7789,4515,5.833333,7
1994,8021,CO,Conejos County,rural,West,Mountain,1287.428,7789,4515,5.833333,7
1995,8021,CO,Conejos County,rural,West,Mountain,1287.428,7888,4613,5.666667,5
1996,8021,CO,Conejos County,rural,West,Mountain,1287.428,7995,4719,5.5,6
1997,8021,CO,Conejos County,rural,West,Mountain,1287.428,8056,4751,5.333333,9
1998,8021,CO,Conejos County,rural,West,Mountain,1287.428,8205,4850,571,8
1998,8021,,,,,,,,,5.166667,
1999,8021,CO,Conejos County,rural,West,Mountain,1287.428,8336,4921,5,5
2000,8021,CO,Conejos County,rural,West,Mountain,1287.428,8401,4963,5.833333,6
2001,8021,CO,Conejos County,rural,West,Mountain,1287.428,8350,4996,6.666667,5
2002,8021,CO,Conejos County,rural,West,Mountain,1287.428,8358,5042,7.5,8
2003,8021,CO,Conejos County,rural,West,Mountain,1287.428,8310,5013,8.333333,6
2004,8021,CO,Conejos County,rural,West,Mountain,1287.428,8353,5079,9.166667,6
2005,8021,CO,Conejos County,rural,West,Mountain,1287.428,8337,5122,10,9
2006,8021,CO,Conejos County,rural,West,Mountain,1287.428,8256,5060,11.625,10
2007,8021,CO,Conejos County,rural,West,Mountain,1287.428,8217,5035,13.25,12
2008,8021,CO,Conejos County,rural  ,West,Mountain,1287.428,8200,5039,14.875,14
2008,8021,CO,Conejos County,rural  ,West,Mountain,1287.428,8200,5039,14.875,14
2009,8021,CO,Conejos County,rural,West,Mountain,1287.428,8140,4963,16.5,13
2009,8021,CO,Conejos County,rural,West,Mountain,1287.428,8140,4963,16.5,13
2010,8021,CO,Conejos County,rural,West,Mountain,1287.428,8256,5065,18.125,10
2011,8021,CO,Conejos County,Rural,West,Mountain,1287.428,8312,5090,19.75,10
2012,8021,CO,Conejos County,rural,West,Mountain,1287.428,8279,5067,21.375,16
2013,8021,CO,Conejos County,rural,West,Mountain,1287.428,8239,5018,23,21
2014,8021,CO,Conejos County,rural,West,Mountain,1287.428,8192,4983,31.5,20
2015,8021,CO,Conejos County, rural,West,Mountain,1287.428,8224,4958,40,24
2016,8021,CO,Conejos County,rural,West,Mountain,1287.428,8061,4875,,
1970,8023,CO,Costilla County,rural,West,Mountain,1227.593,3090,1729,1,
1971,8023,CO,Costilla County,rural,West,Mountain,1227.593,3070,1733,1.125,
1972,8023,CO,Costilla County,rural,West,Mountain,1227.593,3243,1869,1.25,
1973,8023,CO,Costilla County,rural,West,Mountain,1227.593,3214,1873,1.375,
1974,8023,CO,Costilla County,rural,West,Mountain,1227.593,3119,1843,1.5,
1975,8023,CO,Costilla County,rural,West,Mountain,1227.593,3150,1897,1.625,
1976,8023,CO,Costilla County,rural,West,Mountain,1227.593,3120,1903,1.75,
1976,8023,CO,Costilla County,rural,West,Mountain,1227.593,3120,1903,1.75,
1977,8023,CO,Costilla County,rural,West,Mountain,1227.593,3179,1954,1.875,
1978,8023,CO,Costilla County,rural,West,Mountain,1227.593,3241,2012,2,
1979,8023,CO,Costilla County,rural,West,Mountain,1227.593,3156,1955,2.4,
1980,8023,CO,Costilla County,rural,West,Mountain,1227.593,3067,1900,2.8,
1980,8023,CO,Costilla County,rural,West,Mountain,1227.593,3067,1900,2.8,
1981,8023,CO,Costilla County,rural,West,Mountain,1227.593,3046,1880,3.2,
1982,8023,CO,Costilla County,rural,West,Mountain,1227.593,3132,1933,3.6,
1983,8023,CO,Costilla County,rural,West,Mountain,1227.593,3220,1980,557,
1983,8023,,,,,,,,,4,
1984,8023,CO,Costilla County,rural,West,Mountain,1227.593,3361,2061,3.6,0
1985,8023,CO,Costilla County,rural,West,Mountain,1227.593,3317,2033,3.2,
1986,8023,CO,Costilla County,rural,West,Mountain,1227.593,3230,1972,2.8,
1987,8023,CO,Costilla County,rural  ,West,Mountain,1227.593,3222,1952,2.4,0
1988,8023,CO,Costilla County,rural,West,Mountain,1227.593,3215,1925,2,0
1989,8023,CO,Costilla County,rural,West,Mountain,1227.593,3215,1911,2,4
1990,8023,CO,Costilla County,rural,West,Mountain,1227.593,3183,1889,2,
1991,8023,CO,Costilla County,rural,West,Mountain,1227.593,3262,1947,2,
1992,8023,CO,Costilla County,rural,West,Mountain,1227.593,3202,1925,2,
1993,8023,CO,Costilla County,rural,West,Mountain,1227.593,3225,1958,2,
1994,8023,CO,Costilla County,rural,West,Mountain,1227.593,3286,2004,4,
1995,8023,CO,Costilla County,rural,West,Mountain,1227.593,3399,2105,3,
1996,8023,CO,Costilla County,rural,West,Mountain,1227.593,3576,2243,1,
1997,8023,CO,Costilla County,rural,West,Mountain,1227.593,3605,2266,3,4
1998,8023,CO,Costilla County,rural,West,Mountain,1227.593,3644,2296,13,
1999,8023,CO,Costilla County,rural,West,Mountain,1227.593,3601,2251,2,
2000,8023,CO,Costilla County,rural,West,Mountain,1227.593,3675,2302,3.166667,4
2001,8023,CO,Costilla County,rural,West,Mountain,1227.593,3619,2242,4.333333,4
2002,8023,CO,Costilla County,rural,West,Mountain,1227.593,3639,2247,5.5,6
2003,8023,CO,Costilla County,rural,West,Mountain,1227.593,3645,2278,6.666667,6
2004,8023,CO,Costilla County,rural,West,Mountain,1227.593,3656,2272,7.833333,6
2005,8023,CO,Costilla County,rural,West,Mountain,1227.593,3562,2225,9,
2006,8023,CO,Costilla County,rural,West,Mountain,1227.593,3571,2214,9.75,
2007,8023,CO,Costilla County,rural,West,Mountain,1227.593,3567,2185,10.5,
2007,8023,CO,Costilla County,rural,West,Mountain,1227.593,3567,2185,10.5,
2008,8023,CO,Costilla County,rural,West,Mountain,1227.593,3532,2160,11.25,
2009,8023,CO,Costilla County,rural,West,Mountain,1227.593,3481,2078,12,4
2010,8023,CO,Costilla County,rural,West,Mountain,1227.593,3524,2141,12.75,9
2011,8023,CO,Costilla County,rural,West,Mountain,1227.593,3529,2137,13.5,8
2012,8023,CO,Costilla County,rural,West,Mountain,1227.593,3636,2211,14.25,7
2013,8023,CO,Costilla County,rural,West,Mountain,1227.593,3597,2166,15,12
2014,8023,CO,Costilla County, rural,West,Mountain,1227.593,3535,2095,15,11
2015,8023,CO,Costilla County,rural,West,Mountain,1227.593,3554,2086,15,9
2016,8023,CO,Costilla County,rural,West,Mountain,1227.593,3569,2043,,
1970,8025,CO,Crowley County, rural,West,Mountain,787.428,3093,1764,0,
1971,8025,CO,Crowley County, rural,West,Mountain,787.428,3110,1782,0,
1972,8025,CO,Crowley County,rural,West,Mountain,787.428,3240,1879,0,
1973,8025,CO,Crowley County,rural,West,Mountain,787.428,3272,1910,0,
1974,8025,CO,Crowley County,rural,West,Mountain,787.428,3345,1979,0,
1975,8025,CO,Crowley County,rural,West,Mountain,787.428,3338,1993,0,
1976,8025,CO,Crowley County,Rural,West,Mountain,787.428,3209,1926,0,
1977,8025,CO,Crowley County,rural,West,Mountain,787.428,3166,1904,0,
1978,8025,CO,Crowley County,rural,West,Mountain,787.428,2932,1732,0,
1979,8025,CO,Crowley County,rural,West,Mountain,787.428,2825,1654,0,
1980,8025,CO,Crowley County,rural,West,Mountain,787.428,2991,1783,0,
1981,8025,CO,Crowley County,rural,West,Mountain,787.428,2991,1822,0,
1981,8025,CO,Crowley County,rural,West,Mountain,787.428,2991,1822,0,
1982,8025,CO,Crowley County,rural,West,Mountain,787.428,3007,1869,0,
1983,8025,CO,Crowley County,rural,West,Mountain,787.428,3101,1957,0,
1984,8025,CO,Crowley County,rural,West,Mountain,787.428,3069,1969,0,0
1985,8025,CO,Crowley County,rural,West,Mountain,787.428,3055,1985,0,0
1986,8025,CO,Crowley County,rural,West,Mountain,787.428,3058,2010,0,
1986,8025,CO,Crowley County,rural,West,Mountain,787.428,3058,2010,0,
1987,8025,CO,Crowley County,rural,West,Mountain,787.428,3016,1994,0,6
1988,8025,CO,Crowley County,RURAL,West,Mountain,787.428,4000,2659,1,11
1989,8025,CO,Crowley County,rural,West,Mountain,787.428,4052,2713,1.4,12
1990,8025,CO,Crowley County,rural,West,Mountain,787.428,3946,2669,1.8,13
1991,8025,CO,Crowley County,rural,West,Mountain,787.428,4072,2763,2.2,14
1992,8025,CO,Crowley County,rural,West,Mountain,787.428,4153,2840,2.6,13
1993,8025,CO,Crowley County,rural  ,West,Mountain,787.428,4327,2980,3,14
1994,8025,CO,Crowley County,rural,West,Mountain,787.428,4508,3186,3.5,16
1995,8025,CO,Crowley County,rural,West,Mountain,787.428,4642,3284,4,19
1996,8025,CO,Crowley County,rural,West,Mountain,787.428,4936,3561,4.5,21
1997,8025,CO,Crowley County,rural,West,Mountain,787.428,4997,3654,5,21
1998,8025,CO,Crowley County,rural,West,Mountain,787.428,5128,3774,5.5,19
1998,8025,CO,Crowley County,rural,West,Mountain,787.428,5128,3774,5.5,19
1999,8025,CO,Crowley County,rural,West,Mountain,787.428,5336,3945,6,22
1999,8025,CO,Crowley County,rural,West,Mountain,787.428,5336,3945,6,22
2000,8025,CO,Crowley County,rural,West,Mountain,787.428,5509,4086,6,25
2001,8025,CO,Crowley County,rural,West,Mountain,787.428,5614,4238,6,29
2002,8025,CO,Crowley County,rural,West,Mountain,787.428,5666,4313,6,31
2003,8025,CO,Crowley County,rural  ,West,Mountain,787.428,5464,4160,6,35
2004,8025,CO,Crowley County,rural,West,Mountain,787.428,5720,4371,6,30
2005,8025,CO,Crowley County,rural,West,Mountain,787.428,5677,4386,6,28
2006,8025,CO,Crowley County,rural,West,Mountain,787.428,5886,4610,5.875,26
2007,8025,CO,Crowley County, rural,West,Mountain,787.428,6015,4766,5.75,24
2008,8025,CO,Crowley County,rural,West,Mountain,787.428,5947,4711,5.625,25
2009,8025,CO,Crowley County,rural,West,Mountain,787.428,5797,4568,5.5,25
2010,8025,CO,Crowley County,  RURAL ,West,Mountain,787.428,5823,4577,5.375,22
2011,8025,CO,Crowley County,rural,West,Mountain,787.428,5860,4591,5.25,21
2012,8025,CO,Crowley County,rural,West,Mountain,787.428,5859,4556,5.125,20
2013,8025,CO,Crowley County,  RURAL ,West,Mountain,787.428,5435,4137,5,14
2014,8025,CO,Crowley County,rural,West,Mountain,787.428,5321,4028,5,11
2015,8025,CO,Crowley County,rural,West,Mountain,787.428,5586,4269,5,13
2016,8025,CO,Crowley County,rural,West,Mountain,787.428,5597,4287,,
1970,8027,CO,Custer County,rural,West,Mountain,738.626,1136,700,0,
1971,8027,CO,Custer County,rural,West,Mountain,738.626,1194,742,0,
1972,8027,CO,Custer County,rural,West,Mountain,738.626,1257,791,0,
1973,8027,CO,Custer County,rural,West,Mountain,738.626,1140,705,0,
1974,8027,CO,Custer County,rural  ,West,Mountain,738.626,1124,701,0,
1975,8027,CO,Custer County, rural,West,Mountain,738.626,1144,729,0,
1976,8027,CO,Custer County,rural,West,Mountain,738.626,1184,751,0,
1977,8027,CO,Custer County,rural,West,Mountain,738.626,1238,786,0,
1977,8027,CO,Custer County,rural,West,Mountain,738.626,1238,786,0,
1978,8027,CO,Custer County,rural,West,Mountain,738.626,1430,918,0,
1979,8027,CO,Custer County,rural,West,Mountain,738.626,1552,997,0,
1980,8027,CO,Custer County,rural,West,Mountain,738.626,1532,970,0,
1981,8027,CO,Custer County,rural,West,Mountain,738.626,1559,989,0,
1982,8027,CO,Custer County,rural,West,Mountain,738.626,1629,1038,0,
1982,8027,CO,Custer County,rural,West,Mountain,738.626,1629,1038,0,
1983,8027,CO,Custer County,  RURAL ,West,Mountain,738.626,1787,1141,0,
1984,8027,CO,Custer County,rural,West,Mountain,738.626,1869,1191,0,
1985,8027,CO,Custer County,rural,West,Mountain,738.626,1848,1178,0,0
1986,8027,CO,Custer County,rural,West,Mountain,738.626,1858,1189,0,
1987,8027,CO,Custer County,rural,West,Mountain,738.626,1806,1150,0,0
1988,8027,CO,Custer County,Rural,West,Mountain,738.626,1834,1163,0,
1989,8027,CO,Custer County,rural,West,Mountain,738.626,1849,1170,0,
1990,8027,CO,Custer County,rural,West,Mountain,738.626,1942,1230,0,
1991,8027,CO,Custer County,rural,West,Mountain,738.626,2004,1275,0,
1992,8027,CO,Custer County,rural,West,Mountain,738.626,2098,1321,0,
1993,8027,CO,Custer County,rural,West,Mountain,738.626,2207,1416,0,
1994,8027,CO,Custer County,rural,West,Mountain,738.626,2454,1602,0,
1995,8027,CO,Custer County,  RURAL ,West,Mountain,738.626,2702,1786,0,
1996,8027,CO,Custer County,rural,West,Mountain,738.626,2960,1986,0,4
1997,8027,CO,Custer County,rural,West,Mountain,738.626,3195,2151,0,5
1998,8027,CO,Custer County,rural,West,Mountain,738.626,3306,2225,0,6
1998,8027,CO,Custer County,rural,West,Mountain,738.626,3306,2225,0,6
1999,8027,CO,Custer County,rural,West,Mountain,738.626,3455,2338,0,4
2000,8027,CO,Custer County,rural,West,Mountain,738.626,3523,2354,0,
2001,8027,CO,Custer County,rural,West,Mountain,738.626,3664,2431,0,
2002,8027,CO,Custer County,rural,West,Mountain,738.626,3714,2501,0,
2003,8027,CO,Custer County,rural,West,Mountain,738.626,3865,2608,0,4
2004,8027,CO,Custer County,rural,West,Mountain,738.626,3911,2635,0,8
2005,8027,CO,Custer County,rural,West,Mountain,738.626,3989,2656,0,12
2006,8027,CO,Custer County,rural,West,Mountain,738.626,3994,2653,0,12
2007,8027,CO,Custer County,rural,West,Mountain,738.626,4112,2739,0,10
2008,8027,CO,Custer County,rural,West,Mountain,738.626,4107,2720,0,8
2009,8027,CO,Custer County,rural,West,Mountain,738.626,4190,2721,0,6
2010,8027,CO,Custer County,rural,West,Mountain,738.626,4255,2729,0,8
2011,8027,CO,Custer County,Rural,West,Mountain,738.626,4283,2740,0,8
2012,8027,CO,Custer County,rural,West,Mountain,738.626,4228,2692,0,7
2013,8027,CO,Custer County,Rural,West,Mountain,738.626,4222,2664,5,7
2013,8027,CO,Custer County,Rural,West,Mountain,738.626,4222,2664,5,7
2014,8027,CO,Custer County,rural,West,Mountain,738.626,4265,2611,5,8
2015,8027,CO,Custer County,rural  ,West,Mountain,738.626,4345,2582,5,5
2016,8027,CO,Custer County,rural,West,Mountain,738.626,4439,2555,,
1970,8029,CO,Delta County,rural,West,Mountain,1142.129,15310,8673,3,
1971,8029,CO,Delta County,Rural,West,Mountain,1142.129,15403,8714,4.625,
1972,8029,CO,Delta County,rural,West,Mountain,1142.129,15914,9070,585,
1972,8029,,,,,,,,,6.25,
1973,8029,CO,Delta County,rural,West,Mountain,1142.129,16097,9200,7.875,
1974,8029,CO,Delta County,rural,West,Mountain,1142.129,16613,9535,9.5,
1975,8029,CO,Delta County,rural,West,Mountain,1142.129,17614,10209,11.125,
1976,8029,CO,Delta County,rural,West,Mountain,1142.129,18810,11068,12.75,
1977,8029,CO,Delta County,rural,West,Mountain,1142.129,19378,11466,14.375,
1978,8029,CO,Delta County,RURAL,West,Mountain,1142.129,19744,11689,16,
1979,8029,CO,Delta County,rural,West,Mountain,1142.129,20693,12343,16.2,
1980,8029,CO,Delta County,rural,West,Mountain,1142.129,21479,12827,16.4,
1980,8029,CO,Delta County,rural,West,Mountain,1142.129,21479,12827,16.4,
1981,8029,CO,Delta County,rural,West,Mountain,1142.129,22385,13369,16.6,
1982,8029,CO,Delta County,rural,West,Mountain,1142.129,23414,13994,543,
1982,8029,,,,,,,,,16.8,
1983,8029,CO,Delta County,rural,West,Mountain,1142.129,23493,14001,17,
1984,8029,CO,Delta County,rural,West,Mountain,1142.129,23491,13977,13,30
1984,8029,CO,Delta County,rural,West,Mountain,1142.129,23491,13977,13,30
1985,8029,CO,Delta County,rural  ,West,Mountain,1142.129,23090,13709,9,34
1986,8029,CO,Delta County,Rural,West,Mountain,1142.129,22237,13135,18,30
1987,8029,CO,Delta County,rural,West,Mountain,1142.129,21148,12380,529,34
1987,8029,,,,,,,,,28,
1988,8029,CO,Delta County,rural,West,Mountain,1142.129,20943,12153,22,38
1989,8029,CO,Delta County,rural,West,Mountain,1142.129,20858,11994,25.2,52
1990,8029,CO,Delta County, rural,West,Mountain,1142.129,21053,11963,28.4,49
1991,8029,CO,Delta County,rural,West,Mountain,1142.129,21703,12461,31.6,53
1991,8029,CO,Delta County,rural,West,Mountain,1142.129,21703,12461,31.6,53
1992,8029,CO,Delta County,Rural,West,Mountain,1142.129,22284,12848,34.8,59
1993,8029,CO,Delta County,rural  ,West,Mountain,1142.129,23235,13524,38,62
1993,8029,CO,Delta County,rural  ,West,Mountain,1142.129,23235,13524,38,62
1994,8029,CO,Delta County,rural,West,Mountain,1142.129,24366,14353,38.16667,70
1995,8029,CO,Delta County,rural,West,Mountain,1142.129,25249,15022,38.33333,74
1996,8029,CO,Delta County,rural,West,Mountain,1142.129,25764,15438,38.5,76
1996,8029,CO,Delta County,rural,West,Mountain,1142.129,25764,15438,38.5,76
1997,8029,CO,Delta County,rural,West,Mountain,1142.129,26177,15748,38.66667,78
1998,8029,CO,Delta County,rural,West,Mountain,1142.129,26970,16346,38.83333,93
1999,8029,CO,Delta County,rural,West,Mountain,1142.129,27586,16785,39,97
2000,8029,CO,Delta County,rural,West,Mountain,1142.129,27877,16962,543,95
2000,8029,,,,,,,,,42,
2001,8029,CO,Delta County,rural,West,Mountain,1142.129,28069,17137,45,103
2002,8029,CO,Delta County,rural,West,Mountain,1142.129,28677,17649,48,104
2003,8029,CO,Delta County,rural,West,Mountain,1142.129,28929,17925,51,108
2003,8029,CO,Delta County,rural,West,Mountain,1142.129,28929,17925,51,108
2004,8029,CO,Delta County,  RURAL ,West,Mountain,1142.129,29305,18142,54,99
2004,8029,CO,Delta County,  RURAL ,West,Mountain,1142.129,29305,18142,54,99
2005,8029,CO,Delta County,rural,West,Mountain,1142.129,29389,18283,57,102
2006,8029,CO,Delta County,rural,West,Mountain,1142.129,29789,18485,55.375,98
2007,8029,CO,Delta County,  RURAL ,West,Mountain,1142.129,30121,18740,53.75,87
2008,8029,CO,Delta County,rural  ,West,Mountain,1142.129,30712,19114,52.125,63
2009,8029,CO,Delta County,rural,West,Mountain,1142.129,31156,19385,50.5,60
2010,8029,CO,Delta County, rural,West,Mountain,1142.129,30952,19157,48.875,50
2010,8029,CO,Delta County, rural,West,Mountain,1142.129,30952,19157,48.875,50
2011,8029,CO,Delta County,  RURAL ,West,Mountain,1142.129,30859,19079,47.25,54
2012,8029,CO,Delta County,rural  ,West,Mountain,1142.129,30372,18676,45.625,45
2013,8029,CO,Delta County,rural,West,Mountain,1142.129,30449,18486,44,44
2014,8029,CO,Delta County,rural,West,Mountain,1142.129,30321,18169,44,37
2015,8029,CO,Delta County,rural,West,Mountain,1142.129,29947,17810,44,40
2016,8029,CO,Delta County,rural,West,Mountain,1142.129,29902,17650,,
1970,8031,CO,Denver County,urban,West,Mountain,153.305,516852,327845,699,
1971,8031,CO,Denver County,urban,West,Mountain,153.305,525558,337191,692.875,
1972,8031,CO,Denver County,urban,West,Mountain,153.305,525824,341342,686.75,
1973,8031,CO,Denver County,urban,West,Mountain,153.305,525254,345026,680.625,
1974,8031,CO,Denver County,urban,West,Mountain,153.305,514654,340824,674.5,
1975,8031,CO,Denver County,urban,West,Mountain,153.305,500594,333672,668.375,
1976,8031,CO,Denver County,urban,West,Mountain,153.305,501142,337145,662.25,
1977,8031,CO,Denver County,urban  ,West,Mountain,153.305,498710,338045,656.125,
1978,8031,CO,Denver County,  URBAN ,West,Mountain,153.305,495173,337995,650,
1979,8031,CO,Denver County,urban,West,Mountain,153.305,495157,340540,706.4,
1980,8031,CO,Denver County,urban,West,Mountain,153.305,494141,341191,762.8,
1981,8031,CO,Denver County,urban,West,Mountain,153.305,499021,345091,819.2,
1982,8031,CO,Denver County,Urban,West,Mountain,153.305,504581,349183,875.6,
1983,8031,CO,Denver County,urban,West,Mountain,153.305,511008,352844,932,
1983,8031,CO,Denver County,urban,West,Mountain,153.305,511008,352844,932,
1984,8031,CO,Denver County,urban,West,Mountain,153.305,505515,348606,920,885
1985,8031,CO,Denver County,urban,West,Mountain,153.305,504435,347213,908,872
1986,8031,CO,Denver County,URBAN,West,Mountain,153.305,500096,342964,1000,1007
1986,8031,CO,Denver County,URBAN,West,Mountain,153.305,500096,342964,1000,1007
1987,8031,CO,Denver County,urban,West,Mountain,153.305,492045,335117,1041,1264
1987,8031,CO,Denver County,urban,West,Mountain,153.305,492045,335117,1041,1264
1988,8031,CO,Denver County,  URBAN ,West,Mountain,153.305,479717,324640,1244,1692
1989,8031,CO,Denver County,urban,West,Mountain,153.305,472675,317980,1402,2121
1989,8031,CO,Denver County,urban,West,Mountain,153.305,472675,317980,1402,2121
1990,8031,CO,Denver County,urban  ,West,Mountain,153.305,468139,312679,1560,2212
1991,8031,CO,Denver County,urban,West,Mountain,153.305,478352,321557,1400,2343
1992,8031,CO,Denver County,URBAN,West,Mountain,153.305,495279,334886,1332,2464
1993,8031,CO,Denver County,urban,West,Mountain,153.305,508388,346366,1451,2580
1994,8031,CO,Denver County,urban,West,Mountain,153.305,512684,351259,1559,3009
1995,8031,CO,Denver County,urban,West,Mountain,153.305,518958,358192,1674,3110
1996,8031,CO,Denver County,Urban,West,Mountain,153.305,527643,366259,1658,3444
1997,8031,CO,Denver County,  URBAN ,West,Mountain,153.305,536678,373964,1790,3773
1998,8031,CO,Denver County,urban,West,Mountain,153.305,540893,377356,1823,3766
1999,8031,CO,Denver County,urban,West,Mountain,153.305,548848,383818,1900,4024
2000,8031,CO,Denver County,urban,West,Mountain,153.305,555651,390048,1900,4303
2001,8031,CO,Denver County, urban,West,Mountain,153.305,561976,394680,1826,4293
2002,8031,CO,Denver County,urban,West,Mountain,153.305,556790,390465,1903,4470
2003,8031,CO,Denver County,urban,West,Mountain,153.305,552588,386746,1909,4540
2004,8031,CO,Denver County,urban,West,Mountain,153.305,550756,386228,1863,4475
2005,8031,CO,Denver County,urban,West,Mountain,153.305,551691,387370,2256,4509
2006,8031,CO,Denver County,urban,West,Mountain,153.305,556895,392675,2469,4695
2007,8031,CO,Denver County,urban,West,Mountain,153.305,564395,399640,2417,4875
2008,8031,CO,Denver County,urban,West,Mountain,153.305,575721,408500,2380,4962
2009,8031,CO,Denver County,urban,West,Mountain,153.305,589011,418913,2248,4850
2010,8031,CO,Denver County, urban,West,Mountain,153.305,599813,426548,2101,4711
2010,8031,CO,Denver County, urban,West,Mountain,153.305,599813,426548,2101,4711
2011,8031,CO,Denver County,urban,West,Mountain,153.305,603218,428982,2113,4335
2012,8031,CO,Denver County,urban,West,Mountain,153.305,619356,440540,2113,3927
2013,8031,CO,Denver County,urban,West,Mountain,153.305,633798,449985,2265,3863
2014,8031,CO,Denver County,urban,West,Mountain,153.305,648049,459774,2188,3904
2015,8031,CO,Denver County,urban,West,Mountain,153.305,663271,470306,2017,3656
2016,8031,CO,Denver County,urban,West,Mountain,153.305,681618,484562,,
1970,8033,CO,Dolores County,rural,West,Mountain,1067.17,1638,1001,1,
1971,8033,CO,Dolores County,rural,West,Mountain,1067.17,1597,976,0,
1972,8033,CO,Dolores County,rural,West,Mountain,1067.17,1567,970,0,
1973,8033,CO,Dolores County,rural,West,Mountain,1067.17,1571,983,0,
1974,8033,CO,Dolores County,rural  ,West,Mountain,1067.17,1450,911,0,
1975,8033,CO,Dolores County,Rural,West,Mountain,1067.17,1587,1022,0,
1976,8033,CO,Dolores County,rural,West,Mountain,1067.17,1572,1013,0,
1977,8033,CO,Dolores County,rural,West,Mountain,1067.17,1480,946,0,
1977,8033,CO,Dolores County,rural,West,Mountain,1067.17,1480,946,0,
1978,8033,CO,Dolores County,rural,West,Mountain,1067.17,1517,974,0,
1979,8033,CO,Dolores County,rural,West,Mountain,1067.17,1517,961,0,
1980,8033,CO,Dolores County,rural,West,Mountain,1067.17,1658,1063,0,
1981,8033,CO,Dolores County,rural,West,Mountain,1067.17,1676,1074,0,
1982,8033,CO,Dolores County,rural,West,Mountain,1067.17,1671,1070,0,
1983,8033,CO,Dolores County,rural,West,Mountain,1067.17,1763,1123,0,
1984,8033,CO,Dolores County,rural,West,Mountain,1067.17,1705,1087,0,0
1985,8033,CO,Dolores County,rural,West,Mountain,1067.17,1584,1006,0,
1986,8033,CO,Dolores County,rural,West,Mountain,1067.17,1592,1013,0,
1987,8033,CO,Dolores County,rural,West,Mountain,1067.17,1517,956,0,
1988,8033,CO,Dolores County,rural,West,Mountain,1067.17,1524,954,0,
1989,8033,CO,Dolores County,rural,West,Mountain,1067.17,1483,922,0,
1990,8033,CO,Dolores County,rural  ,West,Mountain,1067.17,1505,935,0,0
1990,8033,CO,Dolores County,rural  ,West,Mountain,1067.17,1505,935,0,0
1991,8033,CO,Dolores County,rural,West,Mountain,1067.17,1401,862,0,0
1991,8033,CO,Dolores County,rural,West,Mountain,1067.17,1401,862,0,0
1992,8033,CO,Dolores County,rural,West,Mountain,1067.17,1383,851,0,0
1993,8033,CO,Dolores County,rural,West,Mountain,1067.17,1422,887,0,
1994,8033,CO,Dolores County,rural,West,Mountain,1067.17,1506,945,0,
1995,8033,CO,Dolores County,rural,West,Mountain,1067.17,1583,999,0,
1996,8033,CO,Dolores County,rural,West,Mountain,1067.17,1642,1055,0,0
1997,8033,CO,Dolores County,rural,West,Mountain,1067.17,1680,1094,0,
1998,8033,CO,Dolores County,rural,West,Mountain,1067.17,1782,1162,0,
1998,8033,CO,Dolores County,rural,West,Mountain,1067.17,1782,1162,0,
1999,8033,CO,Dolores County,RURAL,West,Mountain,1067.17,1824,1193,0,
2000,8033,CO,Dolores County,rural,West,Mountain,1067.17,1847,1203,0,0
2001,8033,CO,Dolores County,rural,West,Mountain,1067.17,1849,1203,0,0
2002,8033,CO,Dolores County,rural,West,Mountain,1067.17,1870,1218,0,
2003,8033,CO,Dolores County,rural,West,Mountain,1067.17,1842,1216,0,
2004,8033,CO,Dolores County,rural,West,Mountain,1067.17,1850,1210,0,
2005,8033,CO,Dolores County,rural,West,Mountain,1067.17,1869,1198,0,
2006,8033,CO,Dolores County,rural,West,Mountain,1067.17,1973,1264,0,
2007,8033,CO,Dolores County,rural,West,Mountain,1067.17,1980,1265,0,
2008,8033,CO,Dolores County,rural,West,Mountain,1067.17,2061,1300,0,0
2009,8033,CO,Dolores County,rural,West,Mountain,1067.17,2057,1280,0,
2010,8033,CO,Dolores County,rural,West,Mountain,1067.17,2064,1289,0,
2011,8033,CO,Dolores County,rural,West,Mountain,1067.17,2069,1288,0,
2012,8033,CO,Dolores County,rural  ,West,Mountain,1067.17,2044,1278,0,0
2013,8033,CO,Dolores County,rural,West,Mountain,1067.17,2009,1234,0,0
2014,8033,CO,Dolores County,rural  ,West,Mountain,1067.17,2033,1236,0,
2015,8033,CO,Dolores County,rural,West,Mountain,1067.17,1977,1202,0,0
2016,8033,CO,Dolores County,rural,West,Mountain,1067.17,1980,1178,,
1970,8035,CO,Douglas County,suburban,West,Mountain,840.185,8608,5207,7,
1971,8035,CO,Douglas County,suburban  ,West,Mountain,840.185,9430,5773,6.75,
1972,8035,CO,Douglas County, suburban,West,Mountain,840.185,10440,6488,6.5,
1973,8035,CO,Douglas County,suburban,West,Mountain,840.185,11753,7404,6.25,
1974,8035,CO,Douglas County,suburban,West,Mountain,840.185,13123,8351,6,
1974,8035,CO,Douglas County,suburban,West,Mountain,840.185,13123,8351,6,
1975,8035,CO,Douglas County,suburban,West,Mountain,840.185,14780,9490,5.75,
1976,8035,CO,Douglas County,  SUBURBAN ,West,Mountain,840.185,15889,10321,5.5,
1977,8035,CO,Douglas County,suburban,West,Mountain,840.185,17724,11624,5.25,
1977,8035,CO,Douglas County,suburban,West,Mountain,840.185,17724,11624,5.25,
1978,8035,CO,Douglas County,suburban,West,Mountain,840.185,20760,13782,5,
1979,8035,CO,Douglas County,suburban,West,Mountain,840.185,23094,15435,7.4,
1980,8035,CO,Douglas County,suburban,West,Mountain,840.185,25625,17203,9.8,
1981,8035,CO,Douglas County,suburban,West,Mountain,840.185,27424,18545,12.2,
1982,8035,CO,Douglas County,suburban,West,Mountain,840.185,29832,20322,14.6,
1982,8035,CO,Douglas County,suburban,West,Mountain,840.185,29832,20322,14.6,
1983,8035,CO,Douglas County,suburban,West,Mountain,840.185,32471,22186,17,
1983,8035,CO,Douglas County,suburban,West,Mountain,840.185,32471,22186,17,
1984,8035,CO,Douglas County,suburban  ,West,Mountain,840.185,35699,24507,22.2,14
1984,8035,CO,Douglas County,suburban  ,West,Mountain,840.185,35699,24507,22.2,14
1985,8035,CO,Douglas County,suburban,West,Mountain,840.185,38849,26776,27.4,19
1986,8035,CO,Douglas County,suburban,West,Mountain,840.185,42301,29238,32.6,17
1987,8035,CO,Douglas County,suburban,West,Mountain,840.185,46882,32362,37.8,25
1988,8035,CO,Douglas County,suburban,West,Mountain,840.185,51306,35381,43,39
1989,8035,CO,Douglas County,suburban,West,Mountain,840.185,55533,38275,42,53
1990,8035,CO,Douglas County,suburban,West,Mountain,840.185,61670,42242,41,56
1991,8035,CO,Douglas County,suburban,West,Mountain,840.185,67060,45854,40,56
1992,8035,CO,Douglas County,  SUBURBAN ,West,Mountain,840.185,73707,50303,39,62
1993,8035,CO,Douglas County,suburban,West,Mountain,840.185,81429,55725,38,62
1994,8035,CO,Douglas County,suburban,West,Mountain,840.185,89796,61617,51,73
1995,8035,CO,Douglas County,suburban,West,Mountain,840.185,101937,70219,64,81
1996,8035,CO,Douglas County,suburban,West,Mountain,840.185,114690,78960,77,91
1997,8035,CO,Douglas County,suburban,West,Mountain,840.185,130505,89751,90,102
1998,8035,CO,Douglas County,suburban  ,West,Mountain,840.185,146164,100077,103,103
1999,8035,CO,Douglas County,suburban,West,Mountain,840.185,162866,111583,116,111
2000,8035,CO,Douglas County,suburban,West,Mountain,840.185,180121,123372,145,141
2001,8035,CO,Douglas County,suburban,West,Mountain,840.185,196783,134657,174,158
2002,8035,CO,Douglas County,SUBURBAN,West,Mountain,840.185,208911,143323,203,180
2003,8035,CO,Douglas County,suburban,West,Mountain,840.185,220352,150851,232,209
2003,8035,CO,Douglas County,suburban,West,Mountain,840.185,220352,150851,232,209
2004,8035,CO,Douglas County,Suburban,West,Mountain,840.185,232508,159204,261,248
2005,8035,CO,Douglas County,suburban,West,Mountain,840.185,243112,166265,290,301
2006,8035,CO,Douglas County,suburban,West,Mountain,840.185,256136,174563,283.25,314
2007,8035,CO,Douglas County,suburban,West,Mountain,840.185,267177,181379,276.5,353
2008,8035,CO,Douglas County,suburban,West,Mountain,840.185,275500,186305,269.75,359
2009,8035,CO,Douglas County,suburban,West,Mountain,840.185,281386,189385,263,359
2010,8035,CO,Douglas County,suburban,West,Mountain,840.185,285468,191641,256.25,378
2011,8035,CO,Douglas County,suburban,West,Mountain,840.185,286947,192629,249.5,388
2012,8035,CO,Douglas County,SUBURBAN,West,Mountain,840.185,292370,196199,242.75,393
2013,8035,CO,Douglas County,SUBURBAN,West,Mountain,840.185,298446,199726,236,396
2014,8035,CO,Douglas County,suburban,West,Mountain,840.185,305944,204327,809,386
2014,8035,,,,,,,,,256,
2015,8035,CO,Douglas County,suburban,West,Mountain,840.185,314250,209616,276,373
2016,8035,CO,Douglas County,suburban,West,Mountain,840.185,321484,214723,,
1970,8037,CO,Eagle County,rural,West,Mountain,1684.488,7701,4834,3,
1971,8037,CO,Eagle County,RURAL,West,Mountain,1684.488,8521,5557,3,
1972,8037,CO,Eagle County,Rural,West,Mountain,1684.488,8859,5964,3,
1973,8037,CO,Eagle County,rural,West,Mountain,1684.488,9563,6630,3,
1974,8037,CO,Eagle County,rural,West,Mountain,1684.488,10327,7336,3,
1975,8037,CO,Eagle County,rural,West,Mountain,1684.488,10694,7755,3,
1976,8037,CO,Eagle County,rural,West,Mountain,1684.488,11862,8833,3,
1977,8037,CO,Eagle County,rural,West,Mountain,1684.488,12579,9544,3,
1978,8037,CO,Eagle County,rural,West,Mountain,1684.488,12133,9329,3,
1979,8037,CO,Eagle County,  RURAL ,West,Mountain,1684.488,13291,10399,4,
1979,8037,CO,Eagle County,  RURAL ,West,Mountain,1684.488,13291,10399,4,
1980,8037,CO,Eagle County,rural,West,Mountain,1684.488,13490,10632,5,
1981,8037,CO,Eagle County,rural,West,Mountain,1684.488,14121,11052,6,
1982,8037,CO,Eagle County,rural,West,Mountain,1684.488,15822,12306,7,
1983,8037,CO,Eagle County,rural,West,Mountain,1684.488,16584,12796,8,
1984,8037,CO,Eagle County,rural,West,Mountain,1684.488,16878,12947,12.8,11
1985,8037,CO,Eagle County,Rural,West,Mountain,1684.488,17497,13350,17.6,10
1986,8037,CO,Eagle County,rural,West,Mountain,1684.488,18161,13780,22.4,4
1987,8037,CO,Eagle County,rural,West,Mountain,1684.488,18426,13857,27.2,12
1988,8037,CO,Eagle County,rural  ,West,Mountain,1684.488,19437,14510,32,16
1989,8037,CO,Eagle County,rural,West,Mountain,1684.488,20783,15419,31.4,28
1990,8037,CO,Eagle County, rural,West,Mountain,1684.488,22297,16434,30.8,33
1990,8037,CO,Eagle County, rural,West,Mountain,1684.488,22297,16434,30.8,33
1991,8037,CO,Eagle County,rural,West,Mountain,1684.488,23941,17736,30.2,23
1991,8037,CO,Eagle County,rural,West,Mountain,1684.488,23941,17736,30.2,23
1992,8037,CO,Eagle County,rural,West,Mountain,1684.488,25516,19010,29.6,38
1993,8037,CO,Eagle County,  RURAL ,West,Mountain,1684.488,27315,20488,29,40
1994,8037,CO,Eagle County,rural,West,Mountain,1684.488,29476,22279,32,35
1995,8037,CO,Eagle County,rural,West,Mountain,1684.488,31595,24035,35,52
1996,8037,CO,Eagle County,Rural,West,Mountain,1684.488,33415,25538,38,51
1997,8037,CO,Eagle County,rural,West,Mountain,1684.488,35879,27481,41,49
1998,8037,CO,Eagle County,rural,West,Mountain,1684.488,38434,29457,44,66
1998,8037,CO,Eagle County,rural,West,Mountain,1684.488,38434,29457,44,66
1999,8037,CO,Eagle County,rural,West,Mountain,1684.488,40443,31099,47,61
2000,8037,CO,Eagle County,rural,West,Mountain,1684.488,41961,32277,50,60
2001,8037,CO,Eagle County,rural  ,West,Mountain,1684.488,43238,33073,53,55
2002,8037,CO,Eagle County,rural,West,Mountain,1684.488,44227,33690,56,57
2003,8037,CO,Eagle County,rural,West,Mountain,1684.488,44995,34114,59,63
2004,8037,CO,Eagle County,rural,West,Mountain,1684.488,45893,34677,62,74
2005,8037,CO,Eagle County,rural,West,Mountain,1684.488,47205,35668,65,73
2006,8037,CO,Eagle County,rural,West,Mountain,1684.488,48476,36505,66.875,73
2007,8037,CO,Eagle County,rural,West,Mountain,1684.488,49803,37260,68.75,76
2008,8037,CO,Eagle County,rural,West,Mountain,1684.488,51049,37902,70.625,97
2009,8037,CO,Eagle County,rural,West,Mountain,1684.488,52513,38803,72.5,83
2010,8037,CO,Eagle County,rural,West,Mountain,1684.488,52197,38270,74.375,76
2011,8037,CO,Eagle County,rural,West,Mountain,1684.488,52102,38131,76.25,64
2012,8037,CO,Eagle County,RURAL,West,Mountain,1684.488,51892,37876,78.125,52
2013,8037,CO,Eagle County,rural,West,Mountain,1684.488,52189,37747,80,45
2014,8037,CO,Eagle County,  RURAL ,West,Mountain,1684.488,52685,38019,80,50
2015,8037,CO,Eagle County,rural,West,Mountain,1684.488,53143,38108,80,52
2016,8037,CO,Eagle County,rural,West,Mountain,1684.488,53664,38304,,
1970,8039,CO,Elbert County,suburban,West,Mountain,1850.842,3917,2239,2,
1971,8039,CO,Elbert County,suburban,West,Mountain,1850.842,3979,2276,2,
1972,8039,CO,Elbert County,suburban,West,Mountain,1850.842,4095,2359,2,
1973,8039,CO,Elbert County,suburban,West,Mountain,1850.842,4696,2773,2,
1974,8039,CO,Elbert County, suburban,West,Mountain,1850.842,4736,2807,2,
1975,8039,CO,Elbert County,suburban,West,Mountain,1850.842,4965,2967,2,
1976,8039,CO,Elbert County,suburban,West,Mountain,1850.842,5313,3229,2,
1977,8039,CO,Elbert County,suburban,West,Mountain,1850.842,5374,3283,2,
1978,8039,CO,Elbert County,suburban,West,Mountain,1850.842,5593,3441,2,
1979,8039,CO,Elbert County,suburban,West,Mountain,1850.842,6198,3881,2,
1980,8039,CO,Elbert County,suburban,West,Mountain,1850.842,6903,4384,2,
1981,8039,CO,Elbert County,suburban,West,Mountain,1850.842,7100,4552,2,
1982,8039,CO,Elbert County,SUBURBAN,West,Mountain,1850.842,7427,4802,2,
1983,8039,CO,Elbert County,suburban,West,Mountain,1850.842,7721,5011,2,
1984,8039,CO,Elbert County,suburban,West,Mountain,1850.842,8008,5235,5.2,
1985,8039,CO,Elbert County,suburban,West,Mountain,1850.842,8170,5378,8.4,
1986,8039,CO,Elbert County,suburban  ,West,Mountain,1850.842,8308,5492,11.6,
1987,8039,CO,Elbert County,suburban,West,Mountain,1850.842,8815,5825,14.8,5
1988,8039,CO,Elbert County,suburban,West,Mountain,1850.842,9149,6042,18,
1989,8039,CO,Elbert County,suburban,West,Mountain,1850.842,9296,6143,17.6,5
1990,8039,CO,Elbert County,suburban,West,Mountain,1850.842,9752,6416,17.2,4
1991,8039,CO,Elbert County,suburban,West,Mountain,1850.842,10247,6776,16.8,4
1991,8039,CO,Elbert County,suburban,West,Mountain,1850.842,10247,6776,16.8,4
1992,8039,CO,Elbert County,SUBURBAN,West,Mountain,1850.842,10743,7125,16.4,6
1992,8039,CO,Elbert County,SUBURBAN,West,Mountain,1850.842,10743,7125,16.4,6
1993,8039,CO,Elbert County,suburban,West,Mountain,1850.842,11523,7715,16,4
1994,8039,CO,Elbert County,suburban,West,Mountain,1850.842,12810,8655,16.16667,8
1995,8039,CO,Elbert County,suburban,West,Mountain,1850.842,14423,9846,16.33333,8
1996,8039,CO,Elbert County,suburban,West,Mountain,1850.842,15841,10873,16.5,9
1997,8039,CO,Elbert County,suburban,West,Mountain,1850.842,17011,11768,543,8
1997,8039,,,,,,,,,16.66667,
1998,8039,CO,Elbert County,suburban,West,Mountain,1850.842,18077,12517,16.83333,10
1999,8039,CO,Elbert County,suburban,West,Mountain,1850.842,19170,13321,17,17
2000,8039,CO,Elbert County,suburban,West,Mountain,1850.842,20060,13936,19.5,24
2001,8039,CO,Elbert County, suburban,West,Mountain,1850.842,21094,14666,22,30
2001,8039,CO,Elbert County, suburban,West,Mountain,1850.842,21094,14666,22,30
2002,8039,CO,Elbert County,suburban,West,Mountain,1850.842,21678,15150,24.5,26
2003,8039,CO,Elbert County,suburban,West,Mountain,1850.842,21834,15289,27,23
2004,8039,CO,Elbert County,suburban,West,Mountain,1850.842,21977,15508,29.5,26
2005,8039,CO,Elbert County,suburban,West,Mountain,1850.842,22182,15675,32,22
2006,8039,CO,Elbert County,suburban,West,Mountain,1850.842,22423,15843,30.625,23
2007,8039,CO,Elbert County,suburban,West,Mountain,1850.842,22402,15845,543,22
2007,8039,,,,,,,,,29.25,
2008,8039,CO,Elbert County,suburban,West,Mountain,1850.842,22634,15966,27.875,19
2009,8039,CO,Elbert County,suburban,West,Mountain,1850.842,22965,16137,26.5,15
2009,8039,CO,Elbert County,suburban,West,Mountain,1850.842,22965,16137,26.5,15
2010,8039,CO,Elbert County,suburban,West,Mountain,1850.842,23086,16232,25.125,14
2011,8039,CO,Elbert County,suburban,West,Mountain,1850.842,23140,16278,23.75,20
2012,8039,CO,Elbert County,suburban,West,Mountain,1850.842,23168,16295,22.375,28
2013,8039,CO,Elbert County,suburban,West,Mountain,1850.842,23262,16216,21,32
2014,8039,CO,Elbert County,suburban,West,Mountain,1850.842,23529,16318,21,33
2015,8039,CO,Elbert County,suburban,West,Mountain,1850.842,23998,16505,21,23
2015,8039,CO,Elbert County,suburban,West,Mountain,1850.842,23998,16505,21,23
2016,8039,CO,Elbert County,suburban,West,Mountain,1850.842,24553,16771,,
1970,8041,CO,El Paso County,small/mid,West,Mountain,2126.845,238806,153957,128,
1971,8041,CO,El Paso County,small/mid,West,Mountain,2126.845,250171,162622,136.25,
1972,8041,CO,El Paso County,small/mid,West,Mountain,2126.845,268911,176497,144.5,
1973,8041,CO,El Paso County,small/mid,West,Mountain,2126.845,289925,192137,152.75,
1974,8041,CO,El Paso County,small/mid,West,Mountain,2126.845,294269,196449,161,
1975,8041,CO,El Paso County,small/mid,West,Mountain,2126.845,293945,197371,169.25,
1976,8041,CO,El Paso County,SMALL/MID,West,Mountain,2126.845,291538,198509,177.5,
1977,8041,CO,El Paso County,small/mid,West,Mountain,2126.845,301010,206243,185.75,
1978,8041,CO,El Paso County,small/mid,West,Mountain,2126.845,305081,210929,194,
1979,8041,CO,El Paso County,small/mid,West,Mountain,2126.845,309246,214578,211,
1980,8041,CO,El Paso County,small/mid,West,Mountain,2126.845,312087,216979,228,
1981,8041,CO,El Paso County,small/mid,West,Mountain,2126.845,321743,223828,245,
1982,8041,CO,El Paso County,small/mid,West,Mountain,2126.845,332341,231283,262,
1982,8041,CO,El Paso County,small/mid,West,Mountain,2126.845,332341,231283,262,
1983,8041,CO,El Paso County,small/mid,West,Mountain,2126.845,343970,238876,279,
1984,8041,CO,El Paso County,small/mid,West,Mountain,2126.845,354331,246039,328.5,433
1985,8041,CO,El Paso County,small/mid,West,Mountain,2126.845,370270,257045,378,449
1985,8041,CO,El Paso County,small/mid,West,Mountain,2126.845,370270,257045,378,449
1986,8041,CO,El Paso County,small/mid,West,Mountain,2126.845,382864,265384,446,517
1987,8041,CO,El Paso County,small/mid,West,Mountain,2126.845,394848,272352,482,571
1988,8041,CO,El Paso County,small/mid,West,Mountain,2126.845,396069,272060,493,710
1989,8041,CO,El Paso County,small/mid,West,Mountain,2126.845,397486,272075,655,905
1990,8041,CO,El Paso County,small/mid,West,Mountain,2126.845,397491,269894,655,907
1991,8041,CO,El Paso County,  SMALL/MID ,West,Mountain,2126.845,404419,274267,720,999
1992,8041,CO,El Paso County,small/mid,West,Mountain,2126.845,422062,285770,584,1048
1993,8041,CO,El Paso County, small/mid,West,Mountain,2126.845,437105,296270,941,1132
1994,8041,CO,El Paso County,small/mid,West,Mountain,2126.845,457150,311590,1073,1280
1995,8041,CO,El Paso County,small/mid,West,Mountain,2126.845,469757,321222,1154,1400
1996,8041,CO,El Paso County,small/mid,West,Mountain,2126.845,478381,327278,1259,1476
1997,8041,CO,El Paso County,SMALL/MID,West,Mountain,2126.845,486934,332997,1434,1524
1998,8041,CO,El Paso County,small/mid,West,Mountain,2126.845,498062,339602,1446,1640
1999,8041,CO,El Paso County,small/mid,West,Mountain,2126.845,509044,347382,887,1796
1999,8041,CO,El Paso County,small/mid,West,Mountain,2126.845,509044,347382,887,1796
2000,8041,CO,El Paso County,small/mid,West,Mountain,2126.845,519938,354918,1011,1935
2001,8041,CO,El Paso County,small/mid,West,Mountain,2126.845,535864,366660,1376,2082
2002,8041,CO,El Paso County,small/mid,West,Mountain,2126.845,544145,372904,1505,2276
2003,8041,CO,El Paso County,small/mid  ,West,Mountain,2126.845,547549,374685,1591,2493
2004,8041,CO,El Paso County,SMALL/MID,West,Mountain,2126.845,556667,382591,1612,2706
2005,8041,CO,El Paso County,small/mid,West,Mountain,2126.845,565800,389202,1821,2878
2006,8041,CO,El Paso County,small/mid,West,Mountain,2126.845,580251,399579,1907,3023
2007,8041,CO,El Paso County,SMALL/MID,West,Mountain,2126.845,586783,403239,1599,3144
2008,8041,CO,El Paso County,small/mid,West,Mountain,2126.845,597919,409620,1819,3270
2009,8041,CO,El Paso County,small/mid,West,Mountain,2126.845,608061,415360,1555,3201
2009,8041,CO,El Paso County,small/mid,West,Mountain,2126.845,608061,415360,1555,3201
2010,8041,CO,El Paso County,small/mid,West,Mountain,2126.845,622259,424684,1729,3189
2011,8041,CO,El Paso County,small/mid,West,Mountain,2126.845,626834,427872,1407,3196
2012,8041,CO,El Paso County,small/mid  ,West,Mountain,2126.845,636596,434136,1378,3060
2013,8041,CO,El Paso County,small/mid,West,Mountain,2126.845,644832,437936,1810,3197
2014,8041,CO,El Paso County,small/mid,West,Mountain,2126.845,653945,443082,1828,3399
2015,8041,CO,El Paso County,small/mid,West,Mountain,2126.845,661792,447624,1547,3288
2016,8041,CO,El Paso County, small/mid,West,Mountain,2126.845,672453,453929,,
1970,8043,CO,Fremont County,rural,West,Mountain,1533.082,22142,12894,9,
1971,8043,CO,Fremont County,rural,West,Mountain,1533.082,22974,13489,10,
1972,8043,CO,Fremont County,rural,West,Mountain,1533.082,23790,14114,11,
1973,8043,CO,Fremont County,rural,West,Mountain,1533.082,24823,14900,12,
1974,8043,CO,Fremont County,rural,West,Mountain,1533.082,25736,15568,13,
1975,8043,CO,Fremont County,rural,West,Mountain,1533.082,26464,16101,14,
1976,8043,CO,Fremont County,rural,West,Mountain,1533.082,26500,16113,15,
1977,8043,CO,Fremont County,rural,West,Mountain,1533.082,26763,16250,16,
1977,8043,CO,Fremont County,rural,West,Mountain,1533.082,26763,16250,16,
1978,8043,CO,Fremont County,rural,West,Mountain,1533.082,27067,16458,17,
1979,8043,CO,Fremont County,RURAL,West,Mountain,1533.082,28578,17579,17.6,
1979,8043,CO,Fremont County,RURAL,West,Mountain,1533.082,28578,17579,17.6,
1980,8043,CO,Fremont County,rural,West,Mountain,1533.082,28820,17714,18.2,
1981,8043,CO,Fremont County,rural,West,Mountain,1533.082,29249,18087,18.8,
1982,8043,CO,Fremont County,rural,West,Mountain,1533.082,29842,18567,19.4,
1982,8043,CO,Fremont County,rural,West,Mountain,1533.082,29842,18567,19.4,
1983,8043,CO,Fremont County,rural,West,Mountain,1533.082,30618,19109,20,
1984,8043,CO,Fremont County, rural,West,Mountain,1533.082,31386,19669,25,46
1985,8043,CO,Fremont County,rural,West,Mountain,1533.082,31692,19928,30,43
1986,8043,CO,Fremont County, rural,West,Mountain,1533.082,31842,20045,25,48
1987,8043,CO,Fremont County,rural,West,Mountain,1533.082,32786,20576,40,57
1988,8043,CO,Fremont County,rural,West,Mountain,1533.082,32654,20437,38,70
1989,8043,CO,Fremont County,rural,West,Mountain,1533.082,32519,20298,44.4,87
1990,8043,CO,Fremont County,rural,West,Mountain,1533.082,32254,20028,50.8,101
1991,8043,CO,Fremont County,rural,West,Mountain,1533.082,32356,20070,57.2,105
1992,8043,CO,Fremont County,rural,West,Mountain,1533.082,33130,20593,63.6,118
1993,8043,CO,Fremont County,rural,West,Mountain,1533.082,36099,23150,70,137
1994,8043,CO,Fremont County,rural,West,Mountain,1533.082,38943,25548,75.16666,135
1995,8043,CO,Fremont County,rural,West,Mountain,1533.082,41239,27463,80.33334,135
1996,8043,CO,Fremont County,rural,West,Mountain,1533.082,42671,28647,85.5,153
1997,8043,CO,Fremont County,rural,West,Mountain,1533.082,43825,29593,90.66666,168
1998,8043,CO,Fremont County,rural,West,Mountain,1533.082,45026,30635,95.83334,180
1999,8043,CO,Fremont County,rural,West,Mountain,1533.082,45655,31211,101,198
2000,8043,CO,Fremont County,rural,West,Mountain,1533.082,46245,31701,106.3333,193
2001,8043,CO,Fremont County,rural,West,Mountain,1533.082,46633,31959,111.6667,208
2002,8043,CO,Fremont County,rural,West,Mountain,1533.082,47019,32411,117,221
2003,8043,CO,Fremont County,rural,West,Mountain,1533.082,46901,32464,122.3333,238
2004,8043,CO,Fremont County,rural,West,Mountain,1533.082,46605,32344,127.6667,258
2005,8043,CO,Fremont County,rural,West,Mountain,1533.082,46641,32438,133,246
2006,8043,CO,Fremont County,Rural,West,Mountain,1533.082,46873,32475,140.375,265
2007,8043,CO,Fremont County,rural,West,Mountain,1533.082,46959,32446,147.75,242
2008,8043,CO,Fremont County,rural,West,Mountain,1533.082,47166,32434,155.125,234
2009,8043,CO,Fremont County, rural,West,Mountain,1533.082,46871,32015,162.5,241
2010,8043,CO,Fremont County,rural,West,Mountain,1533.082,46824,31897,169.875,251
2011,8043,CO,Fremont County,rural,West,Mountain,1533.082,46830,31917,177.25,261
2012,8043,CO,Fremont County,rural,West,Mountain,1533.082,47315,32354,184.625,266
2013,8043,CO,Fremont County,rural,West,Mountain,1533.082,46975,31693,192,264
2014,8043,CO,Fremont County,rural,West,Mountain,1533.082,46260,30977,192,245
2015,8043,CO,Fremont County,rural,West,Mountain,1533.082,46075,30592,192,203
2016,8043,CO,Fremont County,rural,West,Mountain,1533.082,46204,30528,,
1970,8045,CO,Garfield County,rural,West,Mountain,2947.541,15004,9201,7,
1970,8045,CO,Garfield County,rural,West,Mountain,2947.541,15004,9201,7,
1971,8045,CO,Garfield County,rural,West,Mountain,2947.541,15760,9809,6.5,
1972,8045,CO,Garfield County,rural,West,Mountain,2947.541,16356,10335,6,
1973,8045,CO,Garfield County,Rural,West,Mountain,2947.541,16737,10707,5.5,
1974,8045,CO,Garfield County,rural,West,Mountain,2947.541,17326,11198,5,
1975,8045,CO,Garfield County,rural,West,Mountain,2947.541,18608,12191,4.5,
1976,8045,CO,Garfield County,rural,West,Mountain,2947.541,19217,12707,4,
1977,8045,CO,Garfield County,rural,West,Mountain,2947.541,19939,13269,3.5,
1978,8045,CO,Garfield County,rural,West,Mountain,2947.541,20466,13696,3,
1978,8045,CO,Garfield County,rural,West,Mountain,2947.541,20466,13696,3,
1979,8045,CO,Garfield County,rural,West,Mountain,2947.541,21858,14776,8.8,
1980,8045,CO,Garfield County,rural,West,Mountain,2947.541,23033,15611,515,
1980,8045,,,,,,,,,14.6,
1981,8045,CO,Garfield County,rural,West,Mountain,2947.541,25005,16951,20.4,
1982,8045,CO,Garfield County,rural,West,Mountain,2947.541,28509,19326,26.2,
1983,8045,CO,Garfield County,rural,West,Mountain,2947.541,28261,19103,32,
1984,8045,CO,Garfield County,rural,West,Mountain,2947.541,26600,17960,33.4,39
1985,8045,CO,Garfield County,rural,West,Mountain,2947.541,26859,18113,34.8,35
1986,8045,CO,Garfield County,rural,West,Mountain,2947.541,26646,17923,36.2,34
1987,8045,CO,Garfield County,rural,West,Mountain,2947.541,26976,18029,37.6,51
1987,8045,CO,Garfield County,rural,West,Mountain,2947.541,26976,18029,37.6,51
1988,8045,CO,Garfield County,rural,West,Mountain,2947.541,27855,18506,39,66
1989,8045,CO,Garfield County,rural,West,Mountain,2947.541,28799,19044,44.6,87
1990,8045,CO,Garfield County,rural,West,Mountain,2947.541,30379,19939,50.2,102
1991,8045,CO,Garfield County,rural,West,Mountain,2947.541,31384,20689,55.8,101
1992,8045,CO,Garfield County,rural,West,Mountain,2947.541,31520,20744,61.4,106
1993,8045,CO,Garfield County,rural,West,Mountain,2947.541,32949,21854,67,98
1994,8045,CO,Garfield County,rural,West,Mountain,2947.541,34815,23304,571,110
1994,8045,,,,,,,,,70.5,
1995,8045,CO,Garfield County,rural,West,Mountain,2947.541,36377,24544,74,124
1996,8045,CO,Garfield County,rural,West,Mountain,2947.541,37826,25676,77.5,129
1997,8045,CO,Garfield County,rural,West,Mountain,2947.541,39210,26731,81,159
1998,8045,CO,Garfield County,rural,West,Mountain,2947.541,41095,28096,84.5,181
1999,8045,CO,Garfield County,rural,West,Mountain,2947.541,42611,29271,88,210
2000,8045,CO,Garfield County, rural,West,Mountain,2947.541,44257,30490,130,234
2001,8045,CO,Garfield County,Rural,West,Mountain,2947.541,45636,31481,147,275
2002,8045,CO,Garfield County,rural,West,Mountain,2947.541,46925,32505,95,304
2003,8045,CO,Garfield County,rural,West,Mountain,2947.541,47622,32893,107,268
2004,8045,CO,Garfield County,RURAL,West,Mountain,2947.541,48193,33416,111,205
2005,8045,CO,Garfield County,rural,West,Mountain,2947.541,49579,34306,114,173
2006,8045,CO,Garfield County,  RURAL ,West,Mountain,2947.541,51594,35773,161,164
2007,8045,CO,Garfield County,rural,West,Mountain,2947.541,53534,37106,149,124
2008,8045,CO,Garfield County,rural,West,Mountain,2947.541,55449,38450,120,136
2009,8045,CO,Garfield County,rural,West,Mountain,2947.541,57089,39442,152,146
2010,8045,CO,Garfield County,  RURAL ,West,Mountain,2947.541,56389,38833,128,143
2011,8045,CO,Garfield County, rural,West,Mountain,2947.541,56098,38571,113,136
2012,8045,CO,Garfield County,rural,West,Mountain,2947.541,55964,38327,110,138
2013,8045,CO,Garfield County,rural,West,Mountain,2947.541,56694,38520,99,127
2014,8045,CO,Garfield County,rural,West,Mountain,2947.541,56888,38456,86,121
2015,8045,CO,Garfield County,rural  ,West,Mountain,2947.541,57120,38452,106,112
2016,8045,CO,Garfield County,rural,West,Mountain,2947.541,57691,38711,,
1970,8047,CO,Gilpin County,suburban,West,Mountain,149.896,1303,830,0,
1971,8047,CO,Gilpin County,suburban,West,Mountain,149.896,1421,919,0,
1972,8047,CO,Gilpin County,suburban,West,Mountain,149.896,1525,1008,0,
1973,8047,CO,Gilpin County,suburban,West,Mountain,149.896,1761,1189,0,
1974,8047,CO,Gilpin County,suburban,West,Mountain,149.896,1706,1152,0,
1975,8047,CO,Gilpin County,suburban,West,Mountain,149.896,1864,1279,501,
1975,8047,,,,,,,,,0,
1976,8047,CO,Gilpin County,suburban,West,Mountain,149.896,1895,1311,0,
1977,8047,CO,Gilpin County,suburban,West,Mountain,149.896,1988,1384,0,
1978,8047,CO,Gilpin County,suburban,West,Mountain,149.896,2103,1484,1,
1979,8047,CO,Gilpin County,suburban,West,Mountain,149.896,2232,1591,1,
1979,8047,CO,Gilpin County,suburban,West,Mountain,149.896,2232,1591,1,
1980,8047,CO,Gilpin County,suburban,West,Mountain,149.896,2463,1779,1,
1981,8047,CO,Gilpin County,suburban  ,West,Mountain,149.896,2546,1847,1,
1982,8047,CO,Gilpin County,  SUBURBAN ,West,Mountain,149.896,2666,1942,1,
1983,8047,CO,Gilpin County,suburban,West,Mountain,149.896,2853,2078,1,
1984,8047,CO,Gilpin County, suburban,West,Mountain,149.896,2806,2047,1.5,6
1985,8047,CO,Gilpin County,suburban,West,Mountain,149.896,2929,2144,2,5
1986,8047,CO,Gilpin County,suburban,West,Mountain,149.896,2987,2190,4,7
1987,8047,CO,Gilpin County,suburban,West,Mountain,149.896,3051,2233,5,10
1988,8047,CO,Gilpin County,SUBURBAN,West,Mountain,149.896,3021,2205,2,8
1989,8047,CO,Gilpin County,suburban,West,Mountain,149.896,3018,2196,3.6,8
1990,8047,CO,Gilpin County,suburban,West,Mountain,149.896,3078,2243,5.2,10
1991,8047,CO,Gilpin County,suburban,West,Mountain,149.896,3171,2317,6.8,11
1992,8047,CO,Gilpin County,suburban,West,Mountain,149.896,3179,2334,8.4,13
1993,8047,CO,Gilpin County,suburban,West,Mountain,149.896,3314,2454,10,17
1994,8047,CO,Gilpin County,suburban,West,Mountain,149.896,3477,2597,14.83333,24
1995,8047,CO,Gilpin County,suburban,West,Mountain,149.896,3688,2766,19.66667,22
1995,8047,CO,Gilpin County,suburban,West,Mountain,149.896,3688,2766,19.66667,22
1996,8047,CO,Gilpin County,suburban,West,Mountain,149.896,3815,2881,24.5,24
1997,8047,CO,Gilpin County,suburban,West,Mountain,149.896,4101,3110,29.33333,33
1998,8047,CO,Gilpin County,suburban,West,Mountain,149.896,4337,3301,34.16667,33
1999,8047,CO,Gilpin County,suburban,West,Mountain,149.896,4658,3582,39,29
2000,8047,CO,Gilpin County,suburban,West,Mountain,149.896,4783,3684,38.33333,21
2001,8047,CO,Gilpin County,suburban,West,Mountain,149.896,4781,3694,37.66667,28
2002,8047,CO,Gilpin County,suburban,West,Mountain,149.896,4788,3689,37,28
2003,8047,CO,Gilpin County,suburban,West,Mountain,149.896,4777,3698,36.33333,37
2004,8047,CO,Gilpin County,suburban,West,Mountain,149.896,4752,3697,35.66667,40
2005,8047,CO,Gilpin County,suburban,West,Mountain,149.896,4810,3759,35,44
2006,8047,CO,Gilpin County,suburban,West,Mountain,149.896,4883,3808,36.25,37
2007,8047,CO,Gilpin County,suburban,West,Mountain,149.896,4893,3820,37.5,36
2008,8047,CO,Gilpin County,suburban,West,Mountain,149.896,5026,3841,38.75,29
2009,8047,CO,Gilpin County,  SUBURBAN ,West,Mountain,149.896,5352,4077,40,25
2010,8047,CO,Gilpin County,suburban,West,Mountain,149.896,5441,4120,41.25,23
2011,8047,CO,Gilpin County,suburban,West,Mountain,149.896,5462,4134,42.5,23
2012,8047,CO,Gilpin County,suburban,West,Mountain,149.896,5418,4082,43.75,24
2013,8047,CO,Gilpin County,suburban,West,Mountain,149.896,5420,4004,45,31
2014,8047,CO,Gilpin County,suburban,West,Mountain,149.896,5520,4006,45,36
2015,8047,CO,Gilpin County,suburban,West,Mountain,149.896,5736,4121,45,31
2015,8047,CO,Gilpin County,suburban,West,Mountain,149.896,5736,4121,45,31
2016,8047,CO,Gilpin County,suburban,West,Mountain,149.896,5791,4141,,
1970,8049,CO,Grand County,rural,West,Mountain,1846.441,4241,2791,1,
1971,8049,CO,Grand County,rural,West,Mountain,1846.441,4791,3193,1.875,
1972,8049,CO,Grand County,rural,West,Mountain,1846.441,5761,3918,2.75,
1973,8049,CO,Grand County,  RURAL ,West,Mountain,1846.441,6161,4231,3.625,
1974,8049,CO,Grand County,rural,West,Mountain,1846.441,6181,4267,4.5,
1975,8049,CO,Grand County, rural,West,Mountain,1846.441,6503,4524,5.375,
1976,8049,CO,Grand County,rural,West,Mountain,1846.441,6537,4578,6.25,
1977,8049,CO,Grand County,rural,West,Mountain,1846.441,6608,4656,7.125,
1978,8049,CO,Grand County,rural,West,Mountain,1846.441,6896,4883,8,
1979,8049,CO,Grand County,rural,West,Mountain,1846.441,7206,5163,9,
1980,8049,CO,Grand County,rural,West,Mountain,1846.441,7531,5414,10,
1981,8049,CO,Grand County,rural,West,Mountain,1846.441,7727,5564,11,
1982,8049,CO,Grand County,rural  ,West,Mountain,1846.441,8067,5819,12,
1983,8049,CO,Grand County,rural,West,Mountain,1846.441,8046,5793,13,
1983,8049,CO,Grand County,rural,West,Mountain,1846.441,8046,5793,13,
1984,8049,CO,Grand County,rural,West,Mountain,1846.441,8480,6115,20.5,4
1985,8049,CO,Grand County,rural,West,Mountain,1846.441,8615,6215,28,11
1986,8049,CO,Grand County,rural,West,Mountain,1846.441,8465,6099,19,14
1987,8049,CO,Grand County,rural,West,Mountain,1846.441,8307,5959,22,20
1988,8049,CO,Grand County,rural,West,Mountain,1846.441,8021,5733,19,20
1989,8049,CO,Grand County,rural,West,Mountain,1846.441,7854,5594,19.2,34
1990,8049,CO,Grand County,rural,West,Mountain,1846.441,8041,5712,19.4,43
1990,8049,CO,Grand County,rural,West,Mountain,1846.441,8041,5712,19.4,43
1991,8049,CO,Grand County,rural,West,Mountain,1846.441,8251,5861,19.6,31
1992,8049,CO,Grand County,rural,West,Mountain,1846.441,8650,6174,19.8,26
1993,8049,CO,Grand County,rural,West,Mountain,1846.441,9089,6506,20,28
1994,8049,CO,Grand County,rural,West,Mountain,1846.441,9312,6712,21.33333,21
1995,8049,CO,Grand County,rural,West,Mountain,1846.441,9944,7243,22.66667,24
1996,8049,CO,Grand County,rural,West,Mountain,1846.441,10552,7734,24,24
1997,8049,CO,Grand County,rural,West,Mountain,1846.441,11005,8134,25.33333,31
1998,8049,CO,Grand County,rural  ,West,Mountain,1846.441,11529,8533,26.66667,36
1999,8049,CO,Grand County,rural,West,Mountain,1846.441,12138,9021,28,45
2000,8049,CO,Grand County,rural,West,Mountain,1846.441,12496,9295,27.5,39
2001,8049,CO,Grand County,rural,West,Mountain,1846.441,12743,9537,27,45
2002,8049,CO,Grand County,  RURAL ,West,Mountain,1846.441,13158,9843,26.5,51
2003,8049,CO,Grand County,rural,West,Mountain,1846.441,13324,9939,26,32
2004,8049,CO,Grand County,rural,West,Mountain,1846.441,13596,10161,25.5,37
2005,8049,CO,Grand County,rural,West,Mountain,1846.441,13627,10174,578,35
2005,8049,,,,,,,,,25,
2006,8049,CO,Grand County,rural,West,Mountain,1846.441,14003,10424,25,28
2007,8049,CO,Grand County,rural,West,Mountain,1846.441,14306,10564,25,31
2008,8049,CO,Grand County,rural,West,Mountain,1846.441,14622,10713,25,29
2009,8049,CO,Grand County,rural,West,Mountain,1846.441,14902,10869,25,37
2010,8049,CO,Grand County,rural,West,Mountain,1846.441,14843,10801,25,31
2011,8049,CO,Grand County,rural,West,Mountain,1846.441,14794,10746,25,35
2012,8049,CO,Grand County,rural,West,Mountain,1846.441,14544,10503,25,35
2013,8049,CO,Grand County,rural,West,Mountain,1846.441,14204,10176,25,30
2014,8049,CO,Grand County,rural,West,Mountain,1846.441,14296,10157,25,25
2015,8049,CO,Grand County,rural,West,Mountain,1846.441,14536,10186,25,27
2016,8049,CO,Grand County,rural,West,Mountain,1846.441,14685,10277,,
1970,8051,CO,Gunnison County,rural,West,Mountain,3239.142,7731,5734,3.908657,
1971,8051,CO,Gunnison County,rural,West,Mountain,3239.142,8335,6213,3.545116,
1972,8051,CO,Gunnison County,rural,West,Mountain,3239.142,8536,6430,3.153864,
1973,8051,CO,Gunnison County,RURAL,West,Mountain,3239.142,8777,6668,2.7856,
1974,8051,CO,Gunnison County,rural,West,Mountain,3239.142,9343,7153,2.419824,
1975,8051,CO,Gunnison County,rural,West,Mountain,3239.142,9214,7121,2.049313,
1976,8051,CO,Gunnison County,rural,West,Mountain,3239.142,8964,6985,1.678164,
1977,8051,CO,Gunnison County,rural,West,Mountain,3239.142,9318,7320,1.313797,
1978,8051,CO,Gunnison County,rural,West,Mountain,3239.142,9558,7524,0.9542168,
1978,8051,CO,Gunnison County,rural,West,Mountain,3239.142,9558,7524,0.9542168,
1979,8051,CO,Gunnison County,rural,West,Mountain,3239.142,9966,7894,1.337642,
1980,8051,CO,Gunnison County,rural,West,Mountain,3239.142,10722,8534,1.738873,
1981,8051,CO,Gunnison County,rural,West,Mountain,3239.142,10788,8559,2.120234,
1981,8051,CO,Gunnison County,rural,West,Mountain,3239.142,10788,8559,2.120234,
1982,8051,CO,Gunnison County,rural,West,Mountain,3239.142,10874,8596,2.506403,
1983,8051,CO,Gunnison County,rural,West,Mountain,3239.142,10610,8337,529,
1983,8051,,,,,,,,,2.876481,
1984,8051,CO,Gunnison County,rural,West,Mountain,3239.142,10268,8037,4.592572,4
1985,8051,CO,Gunnison County,rural,West,Mountain,3239.142,10127,7892,6.31054,
1986,8051,CO,Gunnison County,rural,West,Mountain,3239.142,10075,7808,8.041589,8
1987,8051,CO,Gunnison County,rural,West,Mountain,3239.142,9930,7636,9.763971,11
1988,8051,CO,Gunnison County,rural,West,Mountain,3239.142,10158,7748,11.50124,14
1989,8051,CO,Gunnison County,rural,West,Mountain,3239.142,10145,7683,11.50868,18
1990,8051,CO,Gunnison County,rural,West,Mountain,3239.142,10340,7774,10.54817,14
1991,8051,CO,Gunnison County,rural,West,Mountain,3239.142,10613,8031,10.55448,11
1992,8051,CO,Gunnison County,rural,West,Mountain,3239.142,11208,8555,9.591883,9
1993,8051,CO,Gunnison County,rural,West,Mountain,3239.142,11690,8947,5.748153,9
1994,8051,CO,Gunnison County,rural,West,Mountain,3239.142,12098,9302,522,10
1994,8051,,,,,,,,,8.279484,
1995,8051,CO,Gunnison County,rural,West,Mountain,3239.142,12427,9619,10.81394,8
1996,8051,CO,Gunnison County,rural,West,Mountain,3239.142,12928,10080,13.32704,11
1997,8051,CO,Gunnison County,rural,West,Mountain,3239.142,13186,10299,15.8451,11
1998,8051,CO,Gunnison County,rural,West,Mountain,3239.142,13488,10565,18.36345,14
1998,8051,CO,Gunnison County,rural,West,Mountain,3239.142,13488,10565,18.36345,14
1999,8051,CO,Gunnison County,rural,West,Mountain,3239.142,13765,10792,20.9,12
2000,8051,CO,Gunnison County,rural,West,Mountain,3239.142,14068,11005,22.34663,27
2001,8051,CO,Gunnison County,rural,West,Mountain,3239.142,14206,11111,23.70701,22
2002,8051,CO,Gunnison County,rural,West,Mountain,3239.142,14322,11201,25.19322,23
2002,8051,CO,Gunnison County,rural,West,Mountain,3239.142,14322,11201,25.19322,23
2003,8051,CO,Gunnison County,rural,West,Mountain,3239.142,14273,11099,26.65283,28
2004,8051,CO,Gunnison County,rural,West,Mountain,3239.142,14356,11137,28.06608,32
2005,8051,CO,Gunnison County,rural,West,Mountain,3239.142,14456,11245,29.53945,38
2006,8051,CO,Gunnison County,rural,West,Mountain,3239.142,14720,11446,27.99553,39
2007,8051,CO,Gunnison County,rural,West,Mountain,3239.142,15043,11563,26.52283,35
2008,8051,CO,Gunnison County,rural,West,Mountain,3239.142,15250,11675,24.97007,27
2009,8051,CO,Gunnison County,rural,West,Mountain,3239.142,15356,11659,23.41165,25
2010,8051,CO,Gunnison County,rural,West,Mountain,3239.142,15324,11623,21.86066,21
2011,8051,CO,Gunnison County,Rural,West,Mountain,3239.142,15355,11665,20.33086,21
2012,8051,CO,Gunnison County,rural,West,Mountain,3239.142,15444,11653,18.80811,18
2013,8051,CO,Gunnison County,Rural,West,Mountain,3239.142,15431,11481,17.2488,23
2014,8051,CO,Gunnison County,rural,West,Mountain,3239.142,15646,11523,17.2488,25
2015,8051,CO,Gunnison County,Rural,West,Mountain,3239.142,15835,11635,17.2488,29
2016,8051,CO,Gunnison County,Rural,West,Mountain,3239.142,16166,11888,,
1970,8053,CO,Hinsdale County,rural,West,Mountain,1117.231,206,134,0.0913429,
1971,8053,CO,Hinsdale County,rural,West,Mountain,1117.231,207,140,501,
1971,8053,,,,,,,,,0.0798835,
1972,8053,CO,Hinsdale County,rural,West,Mountain,1117.231,275,196,0.0961364,
1973,8053,CO,Hinsdale County,  RURAL ,West,Mountain,1117.231,290,214,0.0893999,
1974,8053,CO,Hinsdale County,rural,West,Mountain,1117.231,317,237,0.0801759,
1974,8053,CO,Hinsdale County,rural,West,Mountain,1117.231,317,237,0.0801759,
1975,8053,CO,Hinsdale County,urban,West,Mountain,1117.231,349,263,0.0756873,
1976,8053,CO,Hinsdale County,rural,West,Mountain,1117.231,403,299,0.0718355,
1977,8053,CO,Hinsdale County,urban,West,Mountain,1117.231,459,341,0.0612028,
1978,8053,CO,Hinsdale County,rural,West,Mountain,1117.231,481,361,0.0457831,
1979,8053,CO,Hinsdale County,urban,West,Mountain,1117.231,499,368,0.0623578,
1980,8053,CO,Hinsdale County,rural,West,Mountain,1117.231,410,300,0.0611275,
1981,8053,CO,Hinsdale County,rural,West,Mountain,1117.231,438,322,0.0797658,
1982,8053,CO,Hinsdale County,rural,West,Mountain,1117.231,441,321,0.0935965,
1983,8053,CO,Hinsdale County,rural,West,Mountain,1117.231,492,358,0.1235193,
1984,8053,CO,Hinsdale County,rural,West,Mountain,1117.231,499,363,0.2074286,0
1985,8053,CO,Hinsdale County,rural,West,Mountain,1117.231,502,362,0.2894596,0
1986,8053,CO,Hinsdale County,urban,West,Mountain,1117.231,482,348,0.358411,0
1987,8053,CO,Hinsdale County,rural,West,Mountain,1117.231,472,341,0.4360286,0
1987,8053,CO,Hinsdale County,urban,West,Mountain,1117.231,472,341,0.4360286,0
1988,8053,CO,Hinsdale County,urban,West,Mountain,1117.231,466,336,0.498763,0
1989,8053,CO,Hinsdale County,urban,West,Mountain,1117.231,461,328,0.4913244,0
1990,8053,CO,Hinsdale County,Rural,West,Mountain,1117.231,468,333,0.4518318,
1991,8053,CO,Hinsdale County,urban,West,Mountain,1117.231,472,339,0.4455197,
1992,8053,CO,Hinsdale County,rural,West,Mountain,1117.231,510,364,0.4081175,
1992,8053,CO,Hinsdale County,rural,West,Mountain,1117.231,510,364,0.4081175,
1993,8053,CO,Hinsdale County,rural,West,Mountain,1117.231,551,392,0.2518471,
1994,8053,CO,Hinsdale County,rural,West,Mountain,1117.231,607,435,0.3871829,
1995,8053,CO,Hinsdale County,rural,West,Mountain,1117.231,644,462,0.5193929,
1996,8053,CO,Hinsdale County,rural,West,Mountain,1117.231,704,509,0.6729625,
1997,8053,CO,Hinsdale County,rural,West,Mountain,1117.231,737,534,0.8215637,
1998,8053,CO,Hinsdale County,rural,West,Mountain,1117.231,778,558,0.9698822,
1999,8053,CO,Hinsdale County,urban,West,Mountain,1117.231,793,568,1.1,
2000,8053,CO,Hinsdale County,RURAL,West,Mountain,1117.231,791,568,1.153374,
2000,8053,CO,Hinsdale County,RURAL,West,Mountain,1117.231,791,568,1.153374,
2001,8053,CO,Hinsdale County,Rural,West,Mountain,1117.231,817,606,1.292993,0
2002,8053,CO,Hinsdale County,urban,West,Mountain,1117.231,798,581,1.306782,0
2003,8053,CO,Hinsdale County,rural,West,Mountain,1117.231,779,561,1.34717,
2004,8053,CO,Hinsdale County,rural,West,Mountain,1117.231,810,569,1.433923,
2005,8053,CO,Hinsdale County,urban,West,Mountain,1117.231,794,556,1.460554,
2006,8053,CO,Hinsdale County,urban,West,Mountain,1117.231,815,564,1.379475,
2006,8053,CO,Hinsdale County,rural,West,Mountain,1117.231,815,564,1.379475,
2007,8053,CO,Hinsdale County, rural,West,Mountain,1117.231,835,535,1.227166,
2008,8053,CO,Hinsdale County,urban,West,Mountain,1117.231,818,540,1.154932,
2009,8053,CO,Hinsdale County,rural,West,Mountain,1117.231,834,542,1.088353,0
2010,8053,CO,Hinsdale County,urban,West,Mountain,1117.231,843,540,1.014338,0
2011,8053,CO,Hinsdale County,urban,West,Mountain,1117.231,844,544,0.9191357,0
2012,8053,CO,Hinsdale County,rural,West,Mountain,1117.231,825,525,0.816893,0
2013,8053,CO,Hinsdale County,rural  ,West,Mountain,1117.231,802,498,0.7511966,0
2014,8053,CO,Hinsdale County,urban,West,Mountain,1117.231,804,493,0.7511966,0
2015,8053,CO,Hinsdale County,rural,West,Mountain,1117.231,773,457,0.7511966,0
2016,8053,CO,Hinsdale County,urban,West,Mountain,1117.231,764,447,,
1970,8055,CO,Huerfano County,rural,West,Mountain,1591.033,6539,3615,4,
1971,8055,CO,Huerfano County,rural,West,Mountain,1591.033,6333,3502,4.5,
1972,8055,CO,Huerfano County,  RURAL ,West,Mountain,1591.033,6429,3608,5,
1973,8055,CO,Huerfano County,RURAL,West,Mountain,1591.033,6666,3808,5.5,
1974,8055,CO,Huerfano County,rural,West,Mountain,1591.033,6585,3798,6,
1975,8055,CO,Huerfano County,rural,West,Mountain,1591.033,6690,3924,6.5,
1976,8055,CO,Huerfano County,rural,West,Mountain,1591.033,6780,4018,7,
1977,8055,CO,Huerfano County,rural,West,Mountain,1591.033,6725,3981,7.5,
1978,8055,CO,Huerfano County,rural,West,Mountain,1591.033,6711,3964,8,
1979,8055,CO,Huerfano County,rural,West,Mountain,1591.033,6561,3889,7.6,
1980,8055,CO,Huerfano County,rural,West,Mountain,1591.033,6448,3800,7.2,
1981,8055,CO,Huerfano County,rural,West,Mountain,1591.033,6451,3808,6.8,
1982,8055,CO,Huerfano County,rural,West,Mountain,1591.033,6670,3948,6.4,
1983,8055,CO,Huerfano County,rural,West,Mountain,1591.033,6818,4034,6,
1984,8055,CO,Huerfano County,rural,West,Mountain,1591.033,6889,4081,5.6,4
1985,8055,CO,Huerfano County,rural,West,Mountain,1591.033,6801,4035,5.2,
1986,8055,CO,Huerfano County,RURAL,West,Mountain,1591.033,6718,3977,4.8,
1987,8055,CO,Huerfano County,rural,West,Mountain,1591.033,6464,3798,4.4,4
1988,8055,CO,Huerfano County,rural,West,Mountain,1591.033,6341,3704,4,7
1988,8055,CO,Huerfano County,rural,West,Mountain,1591.033,6341,3704,4,7
1989,8055,CO,Huerfano County,rural,West,Mountain,1591.033,6163,3582,6.8,10
1990,8055,CO,Huerfano County,rural,West,Mountain,1591.033,5997,3460,9.6,15
1991,8055,CO,Huerfano County,rural,West,Mountain,1591.033,6032,3516,12.4,13
1992,8055,CO,Huerfano County,rural,West,Mountain,1591.033,6125,3602,15.2,10
1993,8055,CO,Huerfano County,rural,West,Mountain,1591.033,6308,3753,18,16
1994,8055,CO,Huerfano County,  RURAL ,West,Mountain,1591.033,6586,3985,18.33333,28
1995,8055,CO,Huerfano County,rural,West,Mountain,1591.033,6881,4258,18.66667,22
1996,8055,CO,Huerfano County, rural,West,Mountain,1591.033,7223,4550,19,23
1997,8055,CO,Huerfano County,rural,West,Mountain,1591.033,7553,4833,19.33333,14
1997,8055,CO,Huerfano County,rural,West,Mountain,1591.033,7553,4833,19.33333,14
1998,8055,CO,Huerfano County, rural,West,Mountain,1591.033,7743,5019,19.66667,22
1999,8055,CO,Huerfano County,rural,West,Mountain,1591.033,7879,5159,20,27
2000,8055,CO,Huerfano County,rural,West,Mountain,1591.033,7771,5153,21.83333,23
2001,8055,CO,Huerfano County,rural,West,Mountain,1591.033,7635,5028,23.66667,20
2002,8055,CO,Huerfano County,rural,West,Mountain,1591.033,7571,4965,25.5,22
2003,8055,CO,Huerfano County,rural,West,Mountain,1591.033,7428,4846,27.33333,34
2004,8055,CO,Huerfano County,rural,West,Mountain,1591.033,7193,4654,29.16667,29
2005,8055,CO,Huerfano County,rural,West,Mountain,1591.033,7145,4551,31,44
2006,8055,CO,Huerfano County,rural,West,Mountain,1591.033,7127,4487,30.75,45
2007,8055,CO,Huerfano County,rural,West,Mountain,1591.033,7051,4401,30.5,25
2008,8055,CO,Huerfano County,rural,West,Mountain,1591.033,7073,4388,30.25,26
2009,8055,CO,Huerfano County,rural,West,Mountain,1591.033,6824,4179,30,22
2009,8055,CO,Huerfano County,rural,West,Mountain,1591.033,6824,4179,30,22
2010,8055,CO,Huerfano County,rural,West,Mountain,1591.033,6711,4088,29.75,20
2011,8055,CO,Huerfano County,rural,West,Mountain,1591.033,6679,4062,29.5,16
2012,8055,CO,Huerfano County,rural,West,Mountain,1591.033,6519,3909,29.25,14
2013,8055,CO,Huerfano County,rural,West,Mountain,1591.033,6557,3868,29,16
2014,8055,CO,Huerfano County,rural,West,Mountain,1591.033,6455,3751,29,15
2015,8055,CO,Huerfano County,rural,West,Mountain,1591.033,6389,3629,29,16
2016,8055,CO,Huerfano County,rural,West,Mountain,1591.033,6400,3573,,
1970,8057,CO,Jackson County,rural,West,Mountain,1613.726,1853,1177,0,
1971,8057,CO,Jackson County,rural,West,Mountain,1613.726,2023,1292,0,
1972,8057,CO,Jackson County,rural,West,Mountain,1613.726,2006,1288,0,
1972,8057,CO,Jackson County,rural,West,Mountain,1613.726,2006,1288,0,
1973,8057,CO,Jackson County,rural,West,Mountain,1613.726,2133,1379,0,
1974,8057,CO,Jackson County,rural,West,Mountain,1613.726,1856,1195,0,
1975,8057,CO,Jackson County,rural,West,Mountain,1613.726,1742,1120,0,
1976,8057,CO,Jackson County,rural,West,Mountain,1613.726,1717,1115,0,
1977,8057,CO,Jackson County,rural,West,Mountain,1613.726,1693,1107,0,
1978,8057,CO,Jackson County,rural,West,Mountain,1613.726,1796,1200,0,
1979,8057,CO,Jackson County,rural,West,Mountain,1613.726,1777,1196,0,
1980,8057,CO,Jackson County,rural,West,Mountain,1613.726,1860,1266,0,
1981,8057,CO,Jackson County,rural,West,Mountain,1613.726,1857,1264,0,
1982,8057,CO,Jackson County,RURAL,West,Mountain,1613.726,1803,1227,0,
1983,8057,CO,Jackson County,Rural,West,Mountain,1613.726,1754,1190,4,
1984,8057,CO,Jackson County,rural,West,Mountain,1613.726,1744,1189,4.2,
1985,8057,CO,Jackson County,rural,West,Mountain,1613.726,1684,1150,4.4,
1986,8057,CO,Jackson County,rural,West,Mountain,1613.726,1639,1117,4.6,5
1987,8057,CO,Jackson County,rural,West,Mountain,1613.726,1679,1139,4.8,7
1988,8057,CO,Jackson County,rural,West,Mountain,1613.726,1625,1095,5,6
1989,8057,CO,Jackson County,rural,West,Mountain,1613.726,1668,1127,557,9
1989,8057,,,,,,,,,4.4,
1990,8057,CO,Jackson County,Rural,West,Mountain,1613.726,1593,1070,3.8,7
1991,8057,CO,Jackson County,rural,West,Mountain,1613.726,1609,1077,3.2,5
1992,8057,CO,Jackson County,rural,West,Mountain,1613.726,1651,1097,2.6,5
1993,8057,CO,Jackson County,rural,West,Mountain,1613.726,1699,1125,2,4
1994,8057,CO,Jackson County,rural,West,Mountain,1613.726,1654,1105,515,5
1994,8057,,,,,,,,,1.833333,
1995,8057,CO,Jackson County,rural,West,Mountain,1613.726,1555,1031,1.666667,7
1996,8057,CO,Jackson County,  RURAL ,West,Mountain,1613.726,1509,992,1.5,7
1997,8057,CO,Jackson County,rural,West,Mountain,1613.726,1534,1008,1.333333,6
1998,8057,CO,Jackson County,rural,West,Mountain,1613.726,1541,1019,1.166667,7
1999,8057,CO,Jackson County,rural,West,Mountain,1613.726,1573,1049,1,8
2000,8057,CO,Jackson County,rural,West,Mountain,1613.726,1577,1053,1.333333,7
2001,8057,CO,Jackson County,rural,West,Mountain,1613.726,1529,1012,1.666667,4
2002,8057,CO,Jackson County,rural,West,Mountain,1613.726,1532,1021,2,4
2003,8057,CO,Jackson County,rural,West,Mountain,1613.726,1512,1010,2.333333,5
2004,8057,CO,Jackson County,rural,West,Mountain,1613.726,1486,964,2.666667,4
2005,8057,CO,Jackson County,rural,West,Mountain,1613.726,1449,959,3,5
2006,8057,CO,Jackson County, rural,West,Mountain,1613.726,1415,959,3.125,6
2007,8057,CO,Jackson County,rural,West,Mountain,1613.726,1407,931,543,5
2007,8057,,,,,,,,,3.25,
2008,8057,CO,Jackson County,rural,West,Mountain,1613.726,1378,917,3.375,6
2009,8057,CO,Jackson County,rural,West,Mountain,1613.726,1408,932,3.5,6
2010,8057,CO,Jackson County,rural,West,Mountain,1613.726,1394,916,3.625,5
2011,8057,CO,Jackson County,RURAL,West,Mountain,1613.726,1390,915,3.75,
2011,8057,CO,Jackson County,RURAL,West,Mountain,1613.726,1390,915,3.75,
2012,8057,CO,Jackson County,rural,West,Mountain,1613.726,1358,902,3.875,
2013,8057,CO,Jackson County,rural,West,Mountain,1613.726,1326,867,4,
2014,8057,CO,Jackson County,rural,West,Mountain,1613.726,1337,878,4,
2014,8057,CO,Jackson County,rural,West,Mountain,1613.726,1337,878,4,
2015,8057,CO,Jackson County,rural,West,Mountain,1613.726,1385,900,4,
2016,8057,CO,Jackson County,rural,West,Mountain,1613.726,1351,862,,
1970,8059,CO,Jefferson County,Suburban,West,Mountain,764.243,238134,149175,65,
1971,8059,CO,Jefferson County,suburban,West,Mountain,764.243,249216,158001,68.5,
1972,8059,CO,Jefferson County,suburban,West,Mountain,764.243,266555,171615,72,
1973,8059,CO,Jefferson County,suburban,West,Mountain,764.243,284810,186035,75.5,
1974,8059,CO,Jefferson County,suburban,West,Mountain,764.243,296778,196033,79,
1975,8059,CO,Jefferson County,suburban,West,Mountain,764.243,315260,210466,82.5,
1976,8059,CO,Jefferson County,  SUBURBAN ,West,Mountain,764.243,327847,221605,86,
1977,8059,CO,Jefferson County,suburban,West,Mountain,764.243,339731,232062,89.5,
1978,8059,CO,Jefferson County,Suburban,West,Mountain,764.243,355216,245126,93,
1979,8059,CO,Jefferson County,SUBURBAN,West,Mountain,764.243,369536,257439,110.2,
1980,8059,CO,Jefferson County,suburban,West,Mountain,764.243,374681,262011,127.4,
1981,8059,CO,Jefferson County,suburban,West,Mountain,764.243,384690,269430,144.6,
1982,8059,CO,Jefferson County,suburban,West,Mountain,764.243,393552,276145,161.8,
1983,8059,CO,Jefferson County,suburban,West,Mountain,764.243,403353,282806,179,
1984,8059,CO,Jefferson County,suburban  ,West,Mountain,764.243,411995,289198,161,361
1985,8059,CO,Jefferson County,  SUBURBAN ,West,Mountain,764.243,418409,293931,143,372
1986,8059,CO,Jefferson County,suburban,West,Mountain,764.243,423768,297579,164,389
1987,8059,CO,Jefferson County,  SUBURBAN ,West,Mountain,764.243,428663,299831,403,550
1988,8059,CO,Jefferson County,  SUBURBAN ,West,Mountain,764.243,431552,300846,364,682
1989,8059,CO,Jefferson County,suburban,West,Mountain,764.243,435907,303050,393,854
1989,8059,CO,Jefferson County,suburban,West,Mountain,764.243,435907,303050,393,854
1990,8059,CO,Jefferson County,suburban,West,Mountain,764.243,440014,303712,427,927
1990,8059,CO,Jefferson County,suburban,West,Mountain,764.243,440014,303712,427,927
1991,8059,CO,Jefferson County,suburban,West,Mountain,764.243,447371,308303,448,986
1992,8059,CO,Jefferson County,suburban,West,Mountain,764.243,457595,314855,465,1101
1993,8059,CO,Jefferson County,suburban,West,Mountain,764.243,472208,325939,491,1141
1994,8059,CO,Jefferson County,suburban,West,Mountain,764.243,483064,334326,483,1229
1995,8059,CO,Jefferson County,suburban,West,Mountain,764.243,492154,341528,563,1238
1996,8059,CO,Jefferson County,suburban,West,Mountain,764.243,499819,347112,578,1347
1997,8059,CO,Jefferson County, suburban,West,Mountain,764.243,507371,352212,493,1443
1998,8059,CO,Jefferson County,suburban,West,Mountain,764.243,513706,355991,518,1559
1999,8059,CO,Jefferson County,suburban,West,Mountain,764.243,523325,363602,701,1663
2000,8059,CO,Jefferson County,suburban,West,Mountain,764.243,526251,365836,653,1798
2001,8059,CO,Jefferson County,suburban,West,Mountain,764.243,528845,368812,575,1834
2002,8059,CO,Jefferson County,suburban,West,Mountain,764.243,527851,369290,950,2039
2003,8059,CO,Jefferson County,suburban,West,Mountain,764.243,524940,367530,1038,2094
2004,8059,CO,Jefferson County,suburban,West,Mountain,764.243,520900,364693,1043,2111
2005,8059,CO,Jefferson County,suburban,West,Mountain,764.243,519675,364192,1284,2302
2006,8059,CO,Jefferson County,suburban,West,Mountain,764.243,521662,364739,1374,2480
2007,8059,CO,Jefferson County,suburban,West,Mountain,764.243,524911,366444,1337,2494
2008,8059,CO,Jefferson County,Suburban,West,Mountain,764.243,529003,368122,1278,2547
2009,8059,CO,Jefferson County,suburban,West,Mountain,764.243,531961,369294,1274,2498
2010,8059,CO,Jefferson County,suburban,West,Mountain,764.243,534774,370076,1162,2429
2011,8059,CO,Jefferson County,suburban,West,Mountain,764.243,535737,370567,1144,2307
2012,8059,CO,Jefferson County,suburban,West,Mountain,764.243,540429,372974,1139,2173
2013,8059,CO,Jefferson County,suburban,West,Mountain,764.243,546333,374916,1141,2062
2014,8059,CO,Jefferson County,suburban,West,Mountain,764.243,551809,377033,1238,2103
2014,8059,CO,Jefferson County,suburban,West,Mountain,764.243,551809,377033,1238,2103
2015,8059,CO,Jefferson County,suburban,West,Mountain,764.243,558519,380730,1203,1968
2016,8059,CO,Jefferson County,suburban,West,Mountain,764.243,564365,383732,,
1970,8061,CO,Kiowa County,rural,West,Mountain,1767.809,2030,1228,2,
1971,8061,CO,Kiowa County,rural,West,Mountain,1767.809,2011,1218,2,
1972,8061,CO,Kiowa County,rural,West,Mountain,1767.809,2028,1237,2,
1973,8061,CO,Kiowa County,rural,West,Mountain,1767.809,2041,1255,2,
1974,8061,CO,Kiowa County,  RURAL ,West,Mountain,1767.809,2002,1239,2,
1975,8061,CO,Kiowa County,rural,West,Mountain,1767.809,2073,1302,2,
1975,8061,CO,Kiowa County,rural,West,Mountain,1767.809,2073,1302,2,
1976,8061,CO,Kiowa County,rural,West,Mountain,1767.809,2026,1281,2,
1977,8061,CO,Kiowa County,rural,West,Mountain,1767.809,1892,1195,2,
1978,8061,CO,Kiowa County,rural,West,Mountain,1767.809,1789,1127,2,
1979,8061,CO,Kiowa County,rural,West,Mountain,1767.809,1871,1203,2,
1980,8061,CO,Kiowa County,rural,West,Mountain,1767.809,1945,1273,2,
1981,8061,CO,Kiowa County,rural,West,Mountain,1767.809,1979,1278,2,
1982,8061,CO,Kiowa County,rural,West,Mountain,1767.809,1899,1222,2,
1983,8061,CO,Kiowa County,rural,West,Mountain,1767.809,1897,1200,2,
1984,8061,CO,Kiowa County,rural,West,Mountain,1767.809,1889,1183,2,
1985,8061,CO,Kiowa County,rural,West,Mountain,1767.809,1871,1157,2,
1986,8061,CO,Kiowa County, rural,West,Mountain,1767.809,1800,1097,2,0
1987,8061,CO,Kiowa County,rural,West,Mountain,1767.809,1751,1047,2,0
1988,8061,CO,Kiowa County,  RURAL ,West,Mountain,1767.809,1747,1021,2,
1989,8061,CO,Kiowa County,rural,West,Mountain,1767.809,1745,998,1.476749,0
1990,8061,CO,Kiowa County,rural,West,Mountain,1767.809,1676,934,2.107081,
1991,8061,CO,Kiowa County,rural,West,Mountain,1767.809,1631,918,2.743966,
1992,8061,CO,Kiowa County,rural,West,Mountain,1767.809,1630,925,3.442724,
1993,8061,CO,Kiowa County,rural,West,Mountain,1767.809,1700,981,4.287119,
1994,8061,CO,Kiowa County,rural,West,Mountain,1767.809,1656,971,4.18505,5
1995,8061,CO,Kiowa County,rural,West,Mountain,1767.809,1631,959,4.170581,5
1996,8061,CO,Kiowa County,rural,West,Mountain,1767.809,1641,979,4.285457,7
1997,8061,CO,Kiowa County,rural,West,Mountain,1767.809,1632,994,4.373815,6
1998,8061,CO,Kiowa County,rural,West,Mountain,1767.809,1637,1010,4.478299,8
1999,8061,CO,Kiowa County,rural,West,Mountain,1767.809,1639,1015,4.520487,8
2000,8061,CO,Kiowa County,rural,West,Mountain,1767.809,1610,1009,4.649461,7
2001,8061,CO,Kiowa County,rural  ,West,Mountain,1767.809,1550,964,4.692675,6
2002,8061,CO,Kiowa County,rural,West,Mountain,1767.809,1519,933,4.694701,6
2003,8061,CO,Kiowa County,rural,West,Mountain,1767.809,1501,899,4.715472,4
2004,8061,CO,Kiowa County,rural,West,Mountain,1767.809,1457,891,4.862681,4
2005,8061,CO,Kiowa County, rural,West,Mountain,1767.809,1467,884,5.054153,5
2006,8061,CO,Kiowa County,rural,West,Mountain,1767.809,1456,878,5.070436,5
2007,8061,CO,Kiowa County,rural,West,Mountain,1767.809,1410,857,4.990484,
2007,8061,CO,Kiowa County,rural,West,Mountain,1767.809,1410,857,4.990484,
2008,8061,CO,Kiowa County,rural,West,Mountain,1767.809,1392,838,4.837755,
2009,8061,CO,Kiowa County,rural,West,Mountain,1767.809,1378,830,4.736569,
2010,8061,CO,Kiowa County,rural,West,Mountain,1767.809,1398,855,4.800823,
2011,8061,CO,Kiowa County,rural,West,Mountain,1767.809,1404,863,4.76846,
2012,8061,CO,Kiowa County,rural,West,Mountain,1767.809,1431,875,4.635513,5
2013,8061,CO,Kiowa County,rural,West,Mountain,1767.809,1409,855,4.535819,
2014,8061,CO,Kiowa County,rural,West,Mountain,1767.809,1392,839,4.535819,
2015,8061,CO,Kiowa County,rural,West,Mountain,1767.809,1380,834,4.535819,
2016,8061,CO,Kiowa County,rural,West,Mountain,1767.809,1384,832,,
1970,8063,CO,Kit Carson County,rural,West,Mountain,2160.822,7596,4440,0,
1971,8063,CO,Kit Carson County,rural,West,Mountain,2160.822,7850,4631,0,
1972,8063,CO,Kit Carson County,rural,West,Mountain,2160.822,7473,4408,0,
1973,8063,CO,Kit Carson County,rural,West,Mountain,2160.822,7438,4427,0,
1974,8063,CO,Kit Carson County,rural,West,Mountain,2160.822,7560,4541,0,
1975,8063,CO,Kit Carson County,rural,West,Mountain,2160.822,7731,4693,0,
1976,8063,CO,Kit Carson County,rural,West,Mountain,2160.822,7796,4767,0,
1977,8063,CO,Kit Carson County,RURAL,West,Mountain,2160.822,7727,4746,0,
1978,8063,CO,Kit Carson County,rural,West,Mountain,2160.822,7528,4629,1,
1979,8063,CO,Kit Carson County,rural,West,Mountain,2160.822,7585,4677,2.2,
1980,8063,CO,Kit Carson County,rural,West,Mountain,2160.822,7601,4689,3.4,
1981,8063,CO,Kit Carson County,rural,West,Mountain,2160.822,7572,4668,4.6,
1982,8063,CO,Kit Carson County,rural,West,Mountain,2160.822,7591,4675,5.8,
1983,8063,CO,Kit Carson County,rural,West,Mountain,2160.822,7688,4720,7,
1984,8063,CO,Kit Carson County,RURAL,West,Mountain,2160.822,7677,4701,6.4,
1985,8063,CO,Kit Carson County,rural,West,Mountain,2160.822,7502,4586,5.8,5
1986,8063,CO,Kit Carson County,rural,West,Mountain,2160.822,7388,4494,5.2,6
1987,8063,CO,Kit Carson County,  RURAL ,West,Mountain,2160.822,7258,4377,4.6,6
1988,8063,CO,Kit Carson County,rural,West,Mountain,2160.822,7284,4355,4,7
1989,8063,CO,Kit Carson County,rural,West,Mountain,2160.822,7246,4295,5.2,8
1990,8063,CO,Kit Carson County,  RURAL ,West,Mountain,2160.822,7131,4176,6.4,10
1991,8063,CO,Kit Carson County,rural,West,Mountain,2160.822,7252,4278,7.6,9
1991,8063,CO,Kit Carson County,rural,West,Mountain,2160.822,7252,4278,7.6,9
1992,8063,CO,Kit Carson County,rural,West,Mountain,2160.822,7352,4343,8.8,11
1993,8063,CO,Kit Carson County,rural,West,Mountain,2160.822,7382,4388,10,9
1994,8063,CO,Kit Carson County,RURAL,West,Mountain,2160.822,7421,4479,10.5,11
1995,8063,CO,Kit Carson County,rural,West,Mountain,2160.822,7485,4562,11,11
1996,8063,CO,Kit Carson County,rural,West,Mountain,2160.822,7547,4642,11.5,13
1997,8063,CO,Kit Carson County,  RURAL ,West,Mountain,2160.822,7614,4716,12,10
1998,8063,CO,Kit Carson County,rural,West,Mountain,2160.822,7815,4887,12.5,13
1999,8063,CO,Kit Carson County,RURAL,West,Mountain,2160.822,8028,5076,13,9
2000,8063,CO,Kit Carson County, rural,West,Mountain,2160.822,7971,5099,15,9
2001,8063,CO,Kit Carson County,rural,West,Mountain,2160.822,7995,5161,17,13
2001,8063,CO,Kit Carson County,rural,West,Mountain,2160.822,7995,5161,17,13
2002,8063,CO,Kit Carson County,rural,West,Mountain,2160.822,8250,5366,19,13
2003,8063,CO,Kit Carson County,rural,West,Mountain,2160.822,8133,5360,21,14
2004,8063,CO,Kit Carson County,rural,West,Mountain,2160.822,8157,5417,23,11
2005,8063,CO,Kit Carson County,rural,West,Mountain,2160.822,8060,5332,25,20
2006,8063,CO,Kit Carson County,rural,West,Mountain,2160.822,8011,5352,25.25,22
2007,8063,CO,Kit Carson County,rural,West,Mountain,2160.822,7954,5253,25.5,19
2008,8063,CO,Kit Carson County,rural,West,Mountain,2160.822,8157,5454,25.75,17
2009,8063,CO,Kit Carson County,rural,West,Mountain,2160.822,8383,5603,26,21
2010,8063,CO,Kit Carson County,rural,West,Mountain,2160.822,8270,5442,26.25,22
2011,8063,CO,Kit Carson County,Rural,West,Mountain,2160.822,8264,5447,26.5,19
2012,8063,CO,Kit Carson County, rural,West,Mountain,2160.822,8156,5282,26.75,17
2013,8063,CO,Kit Carson County,Rural,West,Mountain,2160.822,8060,5170,27,21
2014,8063,CO,Kit Carson County,rural,West,Mountain,2160.822,8234,5405,27,21
2015,8063,CO,Kit Carson County,rural,West,Mountain,2160.822,8007,5136,27,20
2016,8063,CO,Kit Carson County,rural,West,Mountain,2160.822,8202,5291,,
2016,8063,CO,Kit Carson County,rural,West,Mountain,2160.822,8202,5291,,
1970,8065,CO,Lake County,rural,West,Mountain,376.919,8322,5112,6,
1971,8065,CO,Lake County,rural,West,Mountain,376.919,8508,5295,6,
1972,8065,CO,Lake County,rural,West,Mountain,376.919,8541,5403,6,
1973,8065,CO,Lake County,rural,West,Mountain,376.919,8541,5490,6,
1974,8065,CO,Lake County,rural,West,Mountain,376.919,8491,5542,6,
1975,8065,CO,Lake County,rural  ,West,Mountain,376.919,8679,5749,6,
1976,8065,CO,Lake County,rural,West,Mountain,376.919,8926,5989,6,
1977,8065,CO,Lake County,rural,West,Mountain,376.919,8811,5966,6,
1978,8065,CO,Lake County,Rural,West,Mountain,376.919,8722,5956,6,
1979,8065,CO,Lake County,rural,West,Mountain,376.919,8847,6099,6.4,
1980,8065,CO,Lake County, rural,West,Mountain,376.919,8844,6118,6.8,
1980,8065,CO,Lake County, rural,West,Mountain,376.919,8844,6118,6.8,
1981,8065,CO,Lake County,rural,West,Mountain,376.919,8842,6123,7.2,
1982,8065,CO,Lake County,rural,West,Mountain,376.919,8463,5864,7.6,
1983,8065,CO,Lake County,rural,West,Mountain,376.919,7625,5270,8,
1984,8065,CO,Lake County,rural,West,Mountain,376.919,6963,4807,13,7
1985,8065,CO,Lake County,rural,West,Mountain,376.919,6777,4682,18,7
1986,8065,CO,Lake County,rural,West,Mountain,376.919,6534,4507,14,13
1987,8065,CO,Lake County,rural,West,Mountain,376.919,6157,4226,10,8
1988,8065,CO,Lake County,rural,West,Mountain,376.919,5830,3983,8,9
1989,8065,CO,Lake County,rural,West,Mountain,376.919,5953,4044,8.2,10
1990,8065,CO,Lake County,rural,West,Mountain,376.919,6053,4097,8.4,12
1991,8065,CO,Lake County,rural,West,Mountain,376.919,6255,4260,8.6,15
1992,8065,CO,Lake County,rural,West,Mountain,376.919,6398,4368,8.8,24
1993,8065,CO,Lake County,rural,West,Mountain,376.919,6483,4460,9,16
1994,8065,CO,Lake County,rural,West,Mountain,376.919,6616,4604,10.16667,16
1995,8065,CO,Lake County,rural,West,Mountain,376.919,6907,4843,11.33333,14
1996,8065,CO,Lake County,rural,West,Mountain,376.919,7079,5008,12.5,16
1996,8065,CO,Lake County,rural,West,Mountain,376.919,7079,5008,12.5,16
1997,8065,CO,Lake County,rural,West,Mountain,376.919,7265,5134,13.66667,18
1997,8065,CO,Lake County,rural,West,Mountain,376.919,7265,5134,13.66667,18
1998,8065,CO,Lake County,rural,West,Mountain,376.919,7473,5294,14.83333,18
1999,8065,CO,Lake County,rural,West,Mountain,376.919,7713,5468,16,25
1999,8065,CO,Lake County,rural,West,Mountain,376.919,7713,5468,16,25
2000,8065,CO,Lake County,rural,West,Mountain,376.919,7815,5536,17.16667,21
2001,8065,CO,Lake County,rural,West,Mountain,376.919,7758,5479,18.33333,25
2002,8065,CO,Lake County,rural,West,Mountain,376.919,7676,5410,19.5,20
2003,8065,CO,Lake County,rural,West,Mountain,376.919,7491,5273,20.66667,25
2004,8065,CO,Lake County,rural,West,Mountain,376.919,7434,5253,21.83333,19
2005,8065,CO,Lake County,rural,West,Mountain,376.919,7331,5177,23,17
2006,8065,CO,Lake County,rural,West,Mountain,376.919,7278,5160,20.75,16
2007,8065,CO,Lake County,rural,West,Mountain,376.919,7392,5240,18.5,16
2008,8065,CO,Lake County,rural,West,Mountain,376.919,7450,5291,16.25,21
2009,8065,CO,Lake County,rural,West,Mountain,376.919,7426,5240,14,17
2010,8065,CO,Lake County,rural,West,Mountain,376.919,7310,5131,11.75,14
2011,8065,CO,Lake County,rural,West,Mountain,376.919,7266,5099,9.5,16
2012,8065,CO,Lake County,rural,West,Mountain,376.919,7335,5105,7.25,19
2013,8065,CO,Lake County,rural,West,Mountain,376.919,7247,5056,5,18
2014,8065,CO,Lake County,rural,West,Mountain,376.919,7261,5039,5,15
2015,8065,CO,Lake County,rural,West,Mountain,376.919,7317,5092,5,20
2016,8065,CO,Lake County,rural  ,West,Mountain,376.919,7444,5198,,
1970,8067,CO,La Plata County,rural,West,Mountain,1689.785,19391,12007,29.67291,
1970,8067,CO,La Plata County,rural,West,Mountain,1689.785,19391,12007,29.67291,
1971,8067,CO,La Plata County,RURAL,West,Mountain,1689.785,20131,12685,28.22465,
1972,8067,CO,La Plata County,Rural,West,Mountain,1689.785,21508,13836,26.75043,
1973,8067,CO,La Plata County,rural,West,Mountain,1689.785,21949,14352,25.10519,
1974,8067,CO,La Plata County,rural,West,Mountain,1689.785,22612,14991,23.57076,
1975,8067,CO,La Plata County,rural  ,West,Mountain,1689.785,23587,15843,22.0269,
1976,8067,CO,La Plata County,  RURAL ,West,Mountain,1689.785,25248,17214,20.51354,
1977,8067,CO,La Plata County,Rural,West,Mountain,1689.785,26255,18113,18.95726,
1978,8067,CO,La Plata County,rural,West,Mountain,1689.785,27043,18824,17.44848,
1979,8067,CO,La Plata County,Rural,West,Mountain,1689.785,27236,19081,20.17409,
1980,8067,CO,La Plata County,rural,West,Mountain,1689.785,27437,19195,22.90318,
1981,8067,CO,La Plata County,rural,West,Mountain,1689.785,28311,19793,25.59941,
1982,8067,CO,La Plata County,rural,West,Mountain,1689.785,29347,20510,28.295,
1982,8067,CO,La Plata County,rural,West,Mountain,1689.785,29347,20510,28.295,
1983,8067,CO,La Plata County,rural,West,Mountain,1689.785,30121,20991,31.01307,
1984,8067,CO,La Plata County,rural,West,Mountain,1689.785,30784,21428,37.44492,32
1985,8067,CO,La Plata County,rural  ,West,Mountain,1689.785,31373,21819,43.97658,32
1986,8067,CO,La Plata County,rural,West,Mountain,1689.785,31302,21713,50.59302,26
1987,8067,CO,La Plata County,rural,West,Mountain,1689.785,31284,21576,56.74315,26
1988,8067,CO,La Plata County,rural,West,Mountain,1689.785,31310,21474,63.30491,36
1989,8067,CO,La Plata County,rural,West,Mountain,1689.785,31694,21634,57.61515,38
1990,8067,CO,La Plata County,rural,West,Mountain,1689.785,32505,22068,56.68485,32
1991,8067,CO,La Plata County,rural,West,Mountain,1689.785,33684,23000,51.90768,36
1992,8067,CO,La Plata County,  RURAL ,West,Mountain,1689.785,34966,23998,55.06609,33
1993,8067,CO,La Plata County,RURAL,West,Mountain,1689.785,36550,25381,69.85236,38
1994,8067,CO,La Plata County,  RURAL ,West,Mountain,1689.785,37843,26488,74.71354,39
1995,8067,CO,La Plata County,rural,West,Mountain,1689.785,39568,28001,79.48577,54
1996,8067,CO,La Plata County,rural,West,Mountain,1689.785,40761,29043,84.24973,55
1997,8067,CO,La Plata County,rural,West,Mountain,1689.785,41654,29849,89.06226,66
1998,8067,CO,La Plata County,rural,West,Mountain,1689.785,42318,30413,93.86423,63
1999,8067,CO,La Plata County,rural,West,Mountain,1689.785,43049,31082,98.61979,78
2000,8067,CO,La Plata County,rural,West,Mountain,1689.785,44228,32080,112.2966,101
2001,8067,CO,La Plata County,rural,West,Mountain,1689.785,45044,32839,125.9333,133
2002,8067,CO,La Plata County,rural,West,Mountain,1689.785,45869,33521,139.6133,151
2003,8067,CO,La Plata County,rural,West,Mountain,1689.785,46121,33865,153.2293,162
2004,8067,CO,La Plata County,Rural,West,Mountain,1689.785,46728,34185,166.8387,174
2005,8067,CO,La Plata County,rural,West,Mountain,1689.785,47575,34820,180.5628,217
2006,8067,CO,La Plata County,rural,West,Mountain,1689.785,48574,35534,171.9888,257
2007,8067,CO,La Plata County,rural,West,Mountain,1689.785,49343,35889,163.5354,249
2008,8067,CO,La Plata County, rural,West,Mountain,1689.785,50291,36406,155.0803,240
2009,8067,CO,La Plata County,rural,West,Mountain,1689.785,51105,36757,146.6212,217
2010,8067,CO,La Plata County,rural,West,Mountain,1689.785,51335,36721,137.937,203
2011,8067,CO,La Plata County,rural,West,Mountain,1689.785,51338,36644,129.4568,204
2011,8067,CO,La Plata County,rural,West,Mountain,1689.785,51338,36644,129.4568,204
2012,8067,CO,La Plata County,rural,West,Mountain,1689.785,51770,36690,120.9794,155
2013,8067,CO,La Plata County, rural,West,Mountain,1689.785,52338,36878,112.5239,147
2013,8067,CO,La Plata County, rural,West,Mountain,1689.785,52338,36878,112.5239,147
2014,8067,CO,La Plata County,rural,West,Mountain,1689.785,53250,37346,112.5239,148
2015,8067,CO,La Plata County,rural,West,Mountain,1689.785,53740,37381,112.5239,141
2015,8067,CO,La Plata County,rural,West,Mountain,1689.785,53740,37381,112.5239,141
2016,8067,CO,La Plata County,RURAL,West,Mountain,1689.785,54552,37636,,
1970,8069,CO,Larimer County,small/mid,West,Mountain,2595.774,91342,59466,32,
1971,8069,CO,Larimer County,small/mid,West,Mountain,2595.774,97127,63865,32.875,
1972,8069,CO,Larimer County,small/mid,West,Mountain,2595.774,106998,71241,33.75,
1973,8069,CO,Larimer County,small/mid,West,Mountain,2595.774,112443,75609,34.625,
1974,8069,CO,Larimer County,small/mid  ,West,Mountain,2595.774,119945,81322,35.5,
1975,8069,CO,Larimer County,small/mid,West,Mountain,2595.774,120595,82118,36.375,
1976,8069,CO,Larimer County,small/mid,West,Mountain,2595.774,123191,84587,37.25,
1977,8069,CO,Larimer County,small/mid,West,Mountain,2595.774,131974,91537,38.125,
1978,8069,CO,Larimer County,small/mid,West,Mountain,2595.774,137782,96271,39,
1979,8069,CO,Larimer County,small/mid,West,Mountain,2595.774,145477,102250,47.4,
1980,8069,CO,Larimer County,small/mid,West,Mountain,2595.774,150179,105799,55.8,
1981,8069,CO,Larimer County,small/mid,West,Mountain,2595.774,153345,108062,578,
1981,8069,,,,,,,,,64.2,
1982,8069,CO,Larimer County,small/mid,West,Mountain,2595.774,157414,110922,72.6,
1983,8069,CO,Larimer County,small/mid,West,Mountain,2595.774,161821,113716,81,
1984,8069,CO,Larimer County,small/mid,West,Mountain,2595.774,165078,115888,108.5,130
1985,8069,CO,Larimer County,small/mid,West,Mountain,2595.774,169679,118972,136,141
1986,8069,CO,Larimer County,small/mid,West,Mountain,2595.774,174273,121867,138,170
1987,8069,CO,Larimer County,small/mid,West,Mountain,2595.774,177612,123458,133,183
1988,8069,CO,Larimer County,small/mid,West,Mountain,2595.774,180612,124876,136,254
1989,8069,CO,Larimer County,SMALL/MID,West,Mountain,2595.774,183504,126316,145,336
1990,8069,CO,Larimer County,small/mid,West,Mountain,2595.774,187299,128011,165,346
1991,8069,CO,Larimer County,small/mid,West,Mountain,2595.774,193154,132293,150,342
1992,8069,CO,Larimer County,small/mid,West,Mountain,2595.774,200212,137362,186,376
1993,8069,CO,Larimer County,small/mid,West,Mountain,2595.774,208143,143542,202,345
1994,8069,CO,Larimer County,small/mid,West,Mountain,2595.774,216868,150511,196,380
1995,8069,CO,Larimer County,small/mid,West,Mountain,2595.774,222750,155529,216,421
1996,8069,CO,Larimer County,small/mid,West,Mountain,2595.774,228350,159965,246,527
1997,8069,CO,Larimer County,small/mid,West,Mountain,2595.774,233746,164109,262,554
1998,8069,CO,Larimer County,small/mid,West,Mountain,2595.774,240765,169204,246,613
1999,8069,CO,Larimer County,small/mid,West,Mountain,2595.774,246884,174181,237,652
2000,8069,CO,Larimer County,small/mid,West,Mountain,2595.774,253072,179116,281.5,692
2001,8069,CO,Larimer County,small/mid,West,Mountain,2595.774,260541,185506,326,715
2002,8069,CO,Larimer County,small/mid,West,Mountain,2595.774,265372,189835,370.5,764
2003,8069,CO,Larimer County,small/mid,West,Mountain,2595.774,268448,192548,415,839
2004,8069,CO,Larimer County,small/mid,West,Mountain,2595.774,271510,194909,459.5,872
2005,8069,CO,Larimer County,small/mid,West,Mountain,2595.774,275116,197523,504,936
2006,8069,CO,Larimer County,small/mid,West,Mountain,2595.774,280713,200785,501,922
2007,8069,CO,Larimer County,small/mid,West,Mountain,2595.774,286112,203952,452,924
2008,8069,CO,Larimer County,Small/mid,West,Mountain,2595.774,291650,206867,472,853
2009,8069,CO,Larimer County,small/mid,West,Mountain,2595.774,296696,209472,487,852
2010,8069,CO,Larimer County,small/mid,West,Mountain,2595.774,299628,210965,473,891
2010,8069,CO,Larimer County,small/mid,West,Mountain,2595.774,299628,210965,473,891
2011,8069,CO,Larimer County,small/mid,West,Mountain,2595.774,300427,211446,457,874
2012,8069,CO,Larimer County,small/mid,West,Mountain,2595.774,305027,214206,450,814
2013,8069,CO,Larimer County,small/mid,West,Mountain,2595.774,310521,216729,447,832
2014,8069,CO,Larimer County,small/mid,West,Mountain,2595.774,315859,219366,432,800
2015,8069,CO,Larimer County,  SMALL/MID ,West,Mountain,2595.774,323673,223651,483,758
2016,8069,CO,Larimer County,small/mid,West,Mountain,2595.774,332840,229383,,
1970,8071,CO,Las Animas County,rural,West,Mountain,4772.938,15835,9295,9,
1971,8071,CO,Las Animas County,rural,West,Mountain,4772.938,16177,9580,536,
1971,8071,,,,,,,,,9,
1972,8071,CO,Las Animas County,rural,West,Mountain,4772.938,16161,9633,9,
1973,8071,CO,Las Animas County,rural,West,Mountain,4772.938,15763,9426,9,
1974,8071,CO,Las Animas County,rural,West,Mountain,4772.938,15701,9430,9,
1975,8071,CO,Las Animas County,  RURAL ,West,Mountain,4772.938,15768,9525,9,
1976,8071,CO,Las Animas County,rural,West,Mountain,4772.938,15712,9515,9,
1977,8071,CO,Las Animas County,rural,West,Mountain,4772.938,15443,9339,9,
1978,8071,CO,Las Animas County,rural,West,Mountain,4772.938,14902,8967,9,
1979,8071,CO,Las Animas County, rural,West,Mountain,4772.938,14611,8758,10.2,
1980,8071,CO,Las Animas County,rural  ,West,Mountain,4772.938,14930,8972,11.4,
1981,8071,CO,Las Animas County,rural,West,Mountain,4772.938,15011,9041,12.6,
1982,8071,CO,Las Animas County,rural,West,Mountain,4772.938,15145,9145,13.8,
1983,8071,CO,Las Animas County,rural,West,Mountain,4772.938,15076,9094,15,
1984,8071,CO,Las Animas County,rural,West,Mountain,4772.938,14743,8897,15,16
1985,8071,CO,Las Animas County,rural,West,Mountain,4772.938,14415,8698,15,15
1986,8071,CO,Las Animas County,rural,West,Mountain,4772.938,14215,8564,12,19
1987,8071,CO,Las Animas County,rural,West,Mountain,4772.938,14018,8388,10,17
1988,8071,CO,Las Animas County,rural,West,Mountain,4772.938,13772,8190,10,21
1989,8071,CO,Las Animas County,rural,West,Mountain,4772.938,13867,8199,10.8,20
1990,8071,CO,Las Animas County,rural,West,Mountain,4772.938,13757,8062,11.6,18
1991,8071,CO,Las Animas County,rural,West,Mountain,4772.938,13567,7971,12.4,28
1992,8071,CO,Las Animas County,rural,West,Mountain,4772.938,13698,8065,13.2,30
1993,8071,CO,Las Animas County,  RURAL ,West,Mountain,4772.938,13740,8134,14,33
1994,8071,CO,Las Animas County,rural,West,Mountain,4772.938,14067,8419,15.5,39
1995,8071,CO,Las Animas County,rural,West,Mountain,4772.938,14381,8742,17,41
1995,8071,CO,Las Animas County,rural,West,Mountain,4772.938,14381,8742,17,41
1996,8071,CO,Las Animas County,rural,West,Mountain,4772.938,14559,8934,18.5,46
1997,8071,CO,Las Animas County,rural,West,Mountain,4772.938,14621,8980,20,57
1998,8071,CO,Las Animas County,rural,West,Mountain,4772.938,14765,9093,21.5,52
1999,8071,CO,Las Animas County,rural,West,Mountain,4772.938,14960,9258,23,61
2000,8071,CO,Las Animas County,rural,West,Mountain,4772.938,15297,9516,25.66667,70
2001,8071,CO,Las Animas County,rural,West,Mountain,4772.938,15116,9553,28.33333,79
2002,8071,CO,Las Animas County,rural,West,Mountain,4772.938,15424,9848,31,67
2003,8071,CO,Las Animas County,rural,West,Mountain,4772.938,15706,10132,33.66667,60
2003,8071,CO,Las Animas County,rural,West,Mountain,4772.938,15706,10132,33.66667,60
2004,8071,CO,Las Animas County,rural,West,Mountain,4772.938,15573,10119,36.33333,65
2005,8071,CO,Las Animas County,rural,West,Mountain,4772.938,15582,10103,39,62
2006,8071,CO,Las Animas County,  RURAL ,West,Mountain,4772.938,15673,10194,38.375,64
2007,8071,CO,Las Animas County,rural,West,Mountain,4772.938,15734,10261,37.75,69
2008,8071,CO,Las Animas County,rural,West,Mountain,4772.938,15770,10260,37.125,75
2009,8071,CO,Las Animas County,rural,West,Mountain,4772.938,15775,10298,36.5,68
2010,8071,CO,Las Animas County,rural,West,Mountain,4772.938,15507,10117,35.875,75
2011,8071,CO,Las Animas County,rural  ,West,Mountain,4772.938,15411,10056,35.25,64
2012,8071,CO,Las Animas County,rural,West,Mountain,4772.938,15033,9765,34.625,53
2013,8071,CO,Las Animas County,rural,West,Mountain,4772.938,14971,9545,34,51
2014,8071,CO,Las Animas County,rural,West,Mountain,4772.938,14379,9028,34,49
2015,8071,CO,Las Animas County,rural,West,Mountain,4772.938,14031,8735,34,45
2016,8071,CO,Las Animas County,rural,West,Mountain,4772.938,14021,8641,,
1970,8073,CO,Lincoln County,rural,West,Mountain,2577.679,4870,2841,1,
1971,8073,CO,Lincoln County,rural  ,West,Mountain,2577.679,5012,2965,1.375,
1972,8073,CO,Lincoln County,rural,West,Mountain,2577.679,4964,2973,1.75,
1973,8073,CO,Lincoln County,rural,West,Mountain,2577.679,4848,2925,2.125,
1973,8073,CO,Lincoln County,rural,West,Mountain,2577.679,4848,2925,2.125,
1974,8073,CO,Lincoln County,rural,West,Mountain,2577.679,4894,2982,2.5,
1975,8073,CO,Lincoln County,rural,West,Mountain,2577.679,5033,3110,2.875,
1976,8073,CO,Lincoln County,rural,West,Mountain,2577.679,4934,3056,3.25,
1977,8073,CO,Lincoln County,rural,West,Mountain,2577.679,4775,2957,3.625,
1978,8073,CO,Lincoln County,rural,West,Mountain,2577.679,4585,2824,4,
1979,8073,CO,Lincoln County,rural,West,Mountain,2577.679,4566,2831,4.8,
1980,8073,CO,Lincoln County,rural,West,Mountain,2577.679,4642,2912,5.6,
1981,8073,CO,Lincoln County,rural,West,Mountain,2577.679,4548,2842,6.4,
1982,8073,CO,Lincoln County,rural,West,Mountain,2577.679,4546,2830,7.2,
1983,8073,CO,Lincoln County,rural,West,Mountain,2577.679,4518,2795,8,
1984,8073,CO,Lincoln County,rural,West,Mountain,2577.679,4578,2814,5.5,5
1985,8073,CO,Lincoln County, rural,West,Mountain,2577.679,4649,2841,3,
1986,8073,CO,Lincoln County,rural,West,Mountain,2577.679,4676,2835,9,
1987,8073,CO,Lincoln County,rural,West,Mountain,2577.679,4664,2794,8,
1988,8073,CO,Lincoln County,rural,West,Mountain,2577.679,4598,2720,8,
1989,8073,CO,Lincoln County,rural,West,Mountain,2577.679,4608,2695,9.2,7
1990,8073,CO,Lincoln County,rural,West,Mountain,2577.679,4525,2601,10.4,10
1991,8073,CO,Lincoln County,rural,West,Mountain,2577.679,5061,3132,11.6,17
1992,8073,CO,Lincoln County,rural,West,Mountain,2577.679,5616,3649,12.8,15
1992,8073,CO,Lincoln County,rural,West,Mountain,2577.679,5616,3649,12.8,15
1993,8073,CO,Lincoln County,rural,West,Mountain,2577.679,5595,3651,14,19
1994,8073,CO,Lincoln County,rural,West,Mountain,2577.679,5689,3727,14.66667,17
1995,8073,CO,Lincoln County,rural,West,Mountain,2577.679,5749,3762,15.33333,18
1996,8073,CO,Lincoln County,rural,West,Mountain,2577.679,5913,3928,16,28
1996,8073,CO,Lincoln County,rural,West,Mountain,2577.679,5913,3928,16,28
1997,8073,CO,Lincoln County,rural,West,Mountain,2577.679,5978,3958,16.66667,34
1998,8073,CO,Lincoln County,rural,West,Mountain,2577.679,6070,4018,17.33333,26
1999,8073,CO,Lincoln County,rural,West,Mountain,2577.679,6097,4062,18,30
2000,8073,CO,Lincoln County,rural,West,Mountain,2577.679,6070,4039,18.16667,32
2001,8073,CO,Lincoln County,rural,West,Mountain,2577.679,5912,3975,18.33333,30
2002,8073,CO,Lincoln County,rural  ,West,Mountain,2577.679,5936,4019,18.5,38
2003,8073,CO,Lincoln County,rural,West,Mountain,2577.679,5904,4018,18.66667,38
2004,8073,CO,Lincoln County,rural,West,Mountain,2577.679,5751,3928,18.83333,38
2005,8073,CO,Lincoln County,rural,West,Mountain,2577.679,5644,3834,19,28
2006,8073,CO,Lincoln County,rural,West,Mountain,2577.679,5530,3733,20.625,38
2007,8073,CO,Lincoln County,rural,West,Mountain,2577.679,5484,3698,22.25,39
2008,8073,CO,Lincoln County,rural,West,Mountain,2577.679,5468,3667,23.875,33
2009,8073,CO,Lincoln County,RURAL,West,Mountain,2577.679,5423,3628,25.5,32
2009,8073,CO,Lincoln County,RURAL,West,Mountain,2577.679,5423,3628,25.5,32
2010,8073,CO,Lincoln County,rural,West,Mountain,2577.679,5469,3668,27.125,46
2011,8073,CO,Lincoln County,rural,West,Mountain,2577.679,5473,3672,28.75,45
2012,8073,CO,Lincoln County,rural,West,Mountain,2577.679,5417,3634,30.375,52
2013,8073,CO,Lincoln County,Rural,West,Mountain,2577.679,5441,3614,32,60
2014,8073,CO,Lincoln County,rural,West,Mountain,2577.679,5436,3594,32,66
2015,8073,CO,Lincoln County,rural,West,Mountain,2577.679,5507,3647,32,59
2016,8073,CO,Lincoln County,rural  ,West,Mountain,2577.679,5548,3681,,
1970,8075,CO,Logan County,rural,West,Mountain,1838.598,18916,11553,8,
1971,8075,CO,Logan County,rural,West,Mountain,1838.598,19161,11785,8.25,
1972,8075,CO,Logan County,rural,West,Mountain,1838.598,19350,12010,8.5,
1973,8075,CO,Logan County,rural,West,Mountain,1838.598,19501,12213,8.75,
1974,8075,CO,Logan County,rural,West,Mountain,1838.598,19390,12229,9,
1975,8075,CO,Logan County,rural,West,Mountain,1838.598,19415,12335,9.25,
1976,8075,CO,Logan County,rural,West,Mountain,1838.598,19703,12646,9.5,
1977,8075,CO,Logan County,rural,West,Mountain,1838.598,19625,12619,9.75,
1978,8075,CO,Logan County,rural  ,West,Mountain,1838.598,19399,12491,10,
1979,8075,CO,Logan County,rural,West,Mountain,1838.598,19265,12382,11.6,
1980,8075,CO,Logan County,rural,West,Mountain,1838.598,19833,12797,13.2,
1981,8075,CO,Logan County,rural,West,Mountain,1838.598,19850,12796,14.8,
1982,8075,CO,Logan County,rural,West,Mountain,1838.598,19857,12795,16.4,
1983,8075,CO,Logan County,rural,West,Mountain,1838.598,20030,12866,18,
1984,8075,CO,Logan County,rural,West,Mountain,1838.598,19766,12674,16.32164,9
1985,8075,CO,Logan County,rural,West,Mountain,1838.598,19461,12455,17.85426,7
1986,8075,CO,Logan County,rural,West,Mountain,1838.598,18878,12037,19.31864,10
1986,8075,CO,Logan County,rural,West,Mountain,1838.598,18878,12037,19.31864,10
1987,8075,CO,Logan County,rural,West,Mountain,1838.598,18348,11605,20.74232,13
1988,8075,CO,Logan County,rural,West,Mountain,1838.598,18068,11340,22.195,17
1988,8075,CO,Logan County,rural,West,Mountain,1838.598,18068,11340,22.195,17
1989,8075,CO,Logan County,RURAL,West,Mountain,1838.598,17892,11142,22.51241,21
1990,8075,CO,Logan County,rural,West,Mountain,1838.598,17564,10821,22.76209,27
1991,8075,CO,Logan County,rural  ,West,Mountain,1838.598,17594,10826,23.09154,28
1992,8075,CO,Logan County,rural,West,Mountain,1838.598,17792,11004,23.5072,23
1993,8075,CO,Logan County,rural,West,Mountain,1838.598,18110,11271,23.83049,26
1994,8075,CO,Logan County,Rural,West,Mountain,1838.598,18521,11604,25.92751,36
1995,8075,CO,Logan County,rural,West,Mountain,1838.598,19045,12061,27.99904,34
1996,8075,CO,Logan County,rural,West,Mountain,1838.598,19491,12432,30.12268,45
1997,8075,CO,Logan County,rural,West,Mountain,1838.598,19803,12739,32.29885,54
1998,8075,CO,Logan County,rural,West,Mountain,1838.598,19843,12779,34.36105,66
1999,8075,CO,Logan County,rural,West,Mountain,1838.598,20076,12997,36.55043,53
2000,8075,CO,Logan County,rural,West,Mountain,1838.598,20699,13567,44.75619,62
2000,8075,CO,Logan County,rural,West,Mountain,1838.598,20699,13567,44.75619,62
2001,8075,CO,Logan County,rural,West,Mountain,1838.598,21459,14233,52.98097,71
2002,8075,CO,Logan County,  RURAL ,West,Mountain,1838.598,21548,14386,61.01149,93
2003,8075,CO,Logan County,rural,West,Mountain,1838.598,21825,14659,69.22519,92
2004,8075,CO,Logan County,rural,West,Mountain,1838.598,21795,14722,77.05332,97
2005,8075,CO,Logan County,rural,West,Mountain,1838.598,21694,14688,84.93119,113
2006,8075,CO,Logan County,rural,West,Mountain,1838.598,21911,14847,85.73278,115
2007,8075,CO,Logan County,rural,West,Mountain,1838.598,22163,15143,86.65736,132
2008,8075,CO,Logan County,rural,West,Mountain,1838.598,22128,15215,87.19289,132
2009,8075,CO,Logan County,rural  ,West,Mountain,1838.598,22451,15430,88.03646,122
2010,8075,CO,Logan County,rural,West,Mountain,1838.598,22709,15660,88.38484,108
2011,8075,CO,Logan County,rural,West,Mountain,1838.598,22139,15090,88.99253,113
2012,8075,CO,Logan County,rural,West,Mountain,1838.598,22084,15105,89.61559,117
2013,8075,CO,Logan County,rural,West,Mountain,1838.598,21867,14867,90.14294,119
2014,8075,CO,Logan County,rural,West,Mountain,1838.598,21680,14746,90.14294,110
2015,8075,CO,Logan County,rural,West,Mountain,1838.598,21958,14979,90.14294,97
2016,8075,CO,Logan County,rural,West,Mountain,1838.598,21968,14933,,
1970,8077,CO,Mesa County,small/mid,West,Mountain,3328.939,54564,33362,46,
1971,8077,CO,Mesa County,small/mid,West,Mountain,3328.939,55311,34050,48,
1972,8077,CO,Mesa County,small/mid,West,Mountain,3328.939,56909,35410,564,
1972,8077,,,,,,,,,50,
1973,8077,CO,Mesa County,small/mid,West,Mountain,3328.939,57964,36402,52,
1974,8077,CO,Mesa County,small/mid,West,Mountain,3328.939,58973,37296,54,
1975,8077,CO,Mesa County,small/mid,West,Mountain,3328.939,63263,40547,56,
1976,8077,CO,Mesa County,rural,West,Mountain,3328.939,66628,43105,58,
1977,8077,CO,Mesa County,small/mid,West,Mountain,3328.939,68585,44493,60,
1978,8077,CO,Mesa County,small/mid,West,Mountain,3328.939,72228,47146,62,
1979,8077,CO,Mesa County,small/mid,West,Mountain,3328.939,76946,50514,73.4,
1980,8077,CO,Mesa County,rural,West,Mountain,3328.939,82837,54596,84.8,
1981,8077,CO,Mesa County,small/mid,West,Mountain,3328.939,87656,57669,96.2,
1982,8077,CO,Mesa County,rural,West,Mountain,3328.939,94147,61836,107.6,
1983,8077,CO,Mesa County,small/mid,West,Mountain,3328.939,96011,62755,119,
1983,8077,CO,Mesa County,small/mid,West,Mountain,3328.939,96011,62755,119,
1984,8077,CO,Mesa County,small/mid,West,Mountain,3328.939,94499,61587,111,107
1985,8077,CO,Mesa County,small/mid,West,Mountain,3328.939,89364,58063,103,107
1986,8077,CO,Mesa County,rural,West,Mountain,3328.939,87383,56505,112,85
1987,8077,CO,Mesa County,rural,West,Mountain,3328.939,87443,56056,130,106
1987,8077,CO,Mesa County,small/mid,West,Mountain,3328.939,87443,56056,130,106
1988,8077,CO,Mesa County,rural,West,Mountain,3328.939,88869,56506,129,170
1989,8077,CO,Mesa County,rural,West,Mountain,3328.939,91230,57570,166,190
1990,8077,CO,Mesa County,small/mid,West,Mountain,3328.939,93757,58582,162,200
1991,8077,CO,Mesa County,small/mid,West,Mountain,3328.939,96348,60340,162,231
1992,8077,CO,Mesa County,rural,West,Mountain,3328.939,97977,61304,205,260
1993,8077,CO,Mesa County,small/mid,West,Mountain,3328.939,100579,63133,188,253
1993,8077,CO,Mesa County,rural,West,Mountain,3328.939,100579,63133,188,253
1994,8077,CO,Mesa County,rural,West,Mountain,3328.939,103373,65301,208,281
1995,8077,CO,Mesa County,small/mid,West,Mountain,3328.939,105968,67298,1201,293
1995,8077,,,,,,,,,648,
1996,8077,CO,Mesa County,small/mid,West,Mountain,3328.939,108131,68903,291,370
1997,8077,CO,Mesa County,small/mid,West,Mountain,3328.939,110566,70742,270,458
1998,8077,CO,Mesa County,small/mid,West,Mountain,3328.939,112686,72170,251,558
1999,8077,CO,Mesa County,  SMALL/MID ,West,Mountain,3328.939,114827,73861,401,641
2000,8077,CO,Mesa County,small/mid,West,Mountain,3328.939,117631,75817,153,757
2001,8077,CO,Mesa County,rural,West,Mountain,3328.939,119496,77292,158,827
2002,8077,CO,Mesa County,small/mid,West,Mountain,3328.939,122440,79534,163,895
2003,8077,CO,Mesa County,small/mid,West,Mountain,3328.939,124994,81478,172,933
2004,8077,CO,Mesa County,  SMALL/MID ,West,Mountain,3328.939,127678,83325,184,955
2005,8077,CO,Mesa County,small/mid,West,Mountain,3328.939,130194,85075,532,1026
2006,8077,CO,Mesa County, small/mid,West,Mountain,3328.939,134665,88200,536.875,1016
2007,8077,CO,Mesa County,rural,West,Mountain,3328.939,139434,91614,541.75,1049
2008,8077,CO,Mesa County,rural,West,Mountain,3328.939,143155,94143,546.625,1071
2009,8077,CO,Mesa County,small/mid,West,Mountain,3328.939,147851,97189,551.5,1048
2010,8077,CO,Mesa County,rural,West,Mountain,3328.939,146717,96113,556.375,1074
2011,8077,CO,Mesa County,small/mid,West,Mountain,3328.939,146424,95970,561.25,1012
2012,8077,CO,Mesa County,small/mid,West,Mountain,3328.939,147276,96376,566.125,910
2013,8077,CO,Mesa County,small/mid,West,Mountain,3328.939,147406,95899,571,912
2014,8077,CO,Mesa County,rural,West,Mountain,3328.939,147250,95355,579,919
2015,8077,CO,Mesa County,small/mid,West,Mountain,3328.939,147215,94758,587,891
2016,8077,CO,Mesa County,rural,West,Mountain,3328.939,148116,94989,,
1970,8079,CO,Mineral County,rural,West,Mountain,875.76,794,482,0.1492491,
1971,8079,CO,Mineral County,rural,West,Mountain,875.76,837,519,501,
1971,8079,,,,,,,,,0.1305534,
1972,8079,CO,Mineral County,rural,West,Mountain,875.76,865,543,0.1848895,
1973,8079,CO,Mineral County,rural,West,Mountain,875.76,797,506,0.2184965,
1974,8079,CO,Mineral County, rural,West,Mountain,875.76,797,512,0.2614913,
1975,8079,CO,Mineral County,rural,West,Mountain,875.76,800,521,0.3041932,
1976,8079,CO,Mineral County,rural,West,Mountain,875.76,820,542,0.3677857,
1977,8079,CO,Mineral County,rural,West,Mountain,875.76,824,555,0.4283022,
1977,8079,CO,Mineral County,rural,West,Mountain,875.76,824,555,0.4283022,
1978,8079,CO,Mineral County,rural,West,Mountain,875.76,835,575,0.4946237,
1979,8079,CO,Mineral County,rural,West,Mountain,875.76,789,546,0.5463903,
1980,8079,CO,Mineral County,rural,West,Mountain,875.76,816,576,0.6544525,
1981,8079,CO,Mineral County,rural,West,Mountain,875.76,878,616,0.7677607,
1982,8079,CO,Mineral County,rural,West,Mountain,875.76,848,594,0.8150384,
1983,8079,CO,Mineral County,rural,West,Mountain,875.76,839,587,501,
1983,8079,,,,,,,,,0.8751694,
1984,8079,CO,Mineral County,rural,West,Mountain,875.76,802,555,0.6056473,0
1985,8079,CO,Mineral County,rural,West,Mountain,875.76,788,542,0.3686072,
1986,8079,CO,Mineral County,rural,West,Mountain,875.76,678,463,0.6888949,0
1987,8079,CO,Mineral County,rural,West,Mountain,875.76,684,460,0.622547,0
1988,8079,CO,Mineral County,rural,West,Mountain,875.76,634,425,0.3536264,0
1989,8079,CO,Mineral County,rural,West,Mountain,875.76,580,381,0.340915,0
1990,8079,CO,Mineral County,rural,West,Mountain,875.76,554,362,0.3411072,0
1991,8079,CO,Mineral County,RURAL,West,Mountain,875.76,574,380,0.3658643,0
1992,8079,CO,Mineral County,rural,West,Mountain,875.76,588,392,0.3853137,0
1993,8079,CO,Mineral County,rural,West,Mountain,875.76,597,391,0.3889994,0
1993,8079,CO,Mineral County,rural,West,Mountain,875.76,597,391,0.3889994,0
1994,8079,CO,Mineral County,rural,West,Mountain,875.76,646,422,0.497461,0
1995,8079,CO,Mineral County,rural,West,Mountain,875.76,683,439,0.5942276,0
1996,8079,CO,Mineral County,rural,West,Mountain,875.76,720,462,0.709405,0
1997,8079,CO,Mineral County,rural,West,Mountain,875.76,724,476,0.8144903,0
1998,8079,CO,Mineral County,rural,West,Mountain,875.76,769,510,0.9626985,0
1999,8079,CO,Mineral County,rural,West,Mountain,875.76,802,531,1.102332,
2000,8079,CO,Mineral County,rural,West,Mountain,875.76,832,544,1.187392,
2001,8079,CO,Mineral County,rural,West,Mountain,875.76,796,515,1.208627,4
2002,8079,CO,Mineral County,rural,West,Mountain,875.76,812,535,1.318526,
2003,8079,CO,Mineral County,rural,West,Mountain,875.76,828,545,1.411298,
2004,8079,CO,Mineral County,rural,West,Mountain,875.76,848,571,1.541115,
2005,8079,CO,Mineral County,rural,West,Mountain,875.76,814,546,1.558887,
2006,8079,CO,Mineral County,rural,West,Mountain,875.76,789,534,1.599532,
2007,8079,CO,Mineral County,rural,West,Mountain,875.76,807,546,1.709423,
2008,8079,CO,Mineral County,rural,West,Mountain,875.76,774,532,1.713405,0
2009,8079,CO,Mineral County,rural,West,Mountain,875.76,732,490,1.629644,0
2010,8079,CO,Mineral County,rural,West,Mountain,875.76,712,468,1.562368,0
2011,8079,CO,Mineral County,  RURAL ,West,Mountain,875.76,704,463,1.645684,0
2012,8079,CO,Mineral County,rural,West,Mountain,875.76,711,471,1.644666,
2012,8079,CO,Mineral County,rural,West,Mountain,875.76,711,471,1.644666,
2013,8079,CO,Mineral County,rural,West,Mountain,875.76,719,452,1.74929,
2014,8079,CO,Mineral County,rural,West,Mountain,875.76,732,463,1.74929,
2015,8079,CO,Mineral County,Rural,West,Mountain,875.76,703,429,1.74929,0
2016,8079,CO,Mineral County,rural,West,Mountain,875.76,743,434,,
1970,8081,CO,Moffat County,rural,West,Mountain,4743.244,6510,3852,8,
1970,8081,CO,Moffat County,rural,West,Mountain,4743.244,6510,3852,8,
1971,8081,CO,Moffat County,rural,West,Mountain,4743.244,6463,3855,8.125,
1971,8081,CO,Moffat County,rural,West,Mountain,4743.244,6463,3855,8.125,
1972,8081,CO,Moffat County, rural,West,Mountain,4743.244,6394,3855,8.25,
1973,8081,CO,Moffat County,rural,West,Mountain,4743.244,6605,4032,8.375,
1974,8081,CO,Moffat County,rural,West,Mountain,4743.244,6989,4342,8.5,
1975,8081,CO,Moffat County, rural,West,Mountain,4743.244,7959,5072,8.625,
1976,8081,CO,Moffat County,rural,West,Mountain,4743.244,9464,6155,8.75,
1977,8081,CO,Moffat County, rural,West,Mountain,4743.244,9901,6486,8.875,
1978,8081,CO,Moffat County,rural,West,Mountain,4743.244,10297,6775,9,
1979,8081,CO,Moffat County,rural,West,Mountain,4743.244,12323,8223,14.2,
1980,8081,CO,Moffat County,Rural,West,Mountain,4743.244,13198,8821,19.4,
1980,8081,CO,Moffat County,Rural,West,Mountain,4743.244,13198,8821,19.4,
1981,8081,CO,Moffat County,rural,West,Mountain,4743.244,13393,8943,24.6,
1982,8081,CO,Moffat County,rural,West,Mountain,4743.244,14210,9480,29.8,
1983,8081,CO,Moffat County,rural,West,Mountain,4743.244,14538,9652,35,
1984,8081,CO,Moffat County,rural,West,Mountain,4743.244,13655,9047,32,15
1985,8081,CO,Moffat County,rural,West,Mountain,4743.244,12619,8346,29,16
1986,8081,CO,Moffat County,rural,West,Mountain,4743.244,12137,7997,26,22
1987,8081,CO,Moffat County,rural,West,Mountain,4743.244,11510,7523,23,23
1988,8081,CO,Moffat County,rural,West,Mountain,4743.244,11313,7335,20,19
1989,8081,CO,Moffat County,rural,West,Mountain,4743.244,11285,7267,21,22
1990,8081,CO,Moffat County,rural,West,Mountain,4743.244,11408,7276,22,25
1991,8081,CO,Moffat County,rural,West,Mountain,4743.244,11518,7368,23,34
1992,8081,CO,Moffat County,rural,West,Mountain,4743.244,11656,7466,24,34
1993,8081,CO,Moffat County,rural,West,Mountain,4743.244,11845,7650,578,37
1993,8081,,,,,,,,,25,
1994,8081,CO,Moffat County,rural,West,Mountain,4743.244,12091,7851,26,36
1995,8081,CO,Moffat County,rural,West,Mountain,4743.244,12222,8025,27,38
1996,8081,CO,Moffat County,rural,West,Mountain,4743.244,12343,8164,28,50
1997,8081,CO,Moffat County,rural,West,Mountain,4743.244,12651,8437,29,58
1998,8081,CO,Moffat County,rural,West,Mountain,4743.244,12956,8664,30,66
1999,8081,CO,Moffat County,rural,West,Mountain,4743.244,13178,8885,31,65
2000,8081,CO,Moffat County,rural,West,Mountain,4743.244,13147,8889,39.66667,79
2001,8081,CO,Moffat County,rural,West,Mountain,4743.244,13065,8871,48.33333,72
2002,8081,CO,Moffat County,rural,West,Mountain,4743.244,13193,8994,57,72
2003,8081,CO,Moffat County,rural,West,Mountain,4743.244,13106,8954,65.66666,75
2003,8081,CO,Moffat County,rural,West,Mountain,4743.244,13106,8954,65.66666,75
2004,8081,CO,Moffat County,rural,West,Mountain,4743.244,13175,8980,627,69
2004,8081,,,,,,,,,74.33334,
2005,8081,CO,Moffat County,rural,West,Mountain,4743.244,12956,8891,83,86
2006,8081,CO,Moffat County,rural,West,Mountain,4743.244,13115,8985,78,82
2007,8081,CO,Moffat County, rural,West,Mountain,4743.244,13348,9110,73,79
2008,8081,CO,Moffat County,rural,West,Mountain,4743.244,13585,9189,68,77
2009,8081,CO,Moffat County,rural,West,Mountain,4743.244,13728,9168,63,72
2010,8081,CO,Moffat County,rural,West,Mountain,4743.244,13795,9179,58,84
2011,8081,CO,Moffat County,rural,West,Mountain,4743.244,13798,9174,53,78
2012,8081,CO,Moffat County,rural,West,Mountain,4743.244,13412,8911,48,71
2013,8081,CO,Moffat County,rural,West,Mountain,4743.244,13159,8702,43,81
2014,8081,CO,Moffat County,rural,West,Mountain,4743.244,13115,8609,43,74
2015,8081,CO,Moffat County,rural,West,Mountain,4743.244,12931,8416,43,76
2016,8081,CO,Moffat County,rural,West,Mountain,4743.244,12940,8385,,
1970,8083,CO,Montezuma County,rural,West,Mountain,2029.329,13072,7704,8,
1971,8083,CO,Montezuma County,rural,West,Mountain,2029.329,13554,8037,10.625,
1972,8083,CO,Montezuma County,rural,West,Mountain,2029.329,13963,8362,13.25,
1973,8083,CO,Montezuma County,rural,West,Mountain,2029.329,13816,8323,15.875,
1974,8083,CO,Montezuma County,rural,West,Mountain,2029.329,14168,8602,18.5,
1975,8083,CO,Montezuma County,rural  ,West,Mountain,2029.329,15036,9235,21.125,
1976,8083,CO,Montezuma County,rural,West,Mountain,2029.329,14972,9243,23.75,
1977,8083,CO,Montezuma County,rural,West,Mountain,2029.329,15285,9501,26.375,
1978,8083,CO,Montezuma County,rural,West,Mountain,2029.329,15505,9710,29,
1979,8083,CO,Montezuma County,rural,West,Mountain,2029.329,16306,10292,28.4,
1980,8083,CO,Montezuma County,rural,West,Mountain,2029.329,16651,10531,27.8,
1981,8083,CO,Montezuma County,rural,West,Mountain,2029.329,17251,10886,27.2,
1982,8083,CO,Montezuma County,rural,West,Mountain,2029.329,17997,11341,26.6,
1983,8083,CO,Montezuma County,rural,West,Mountain,2029.329,18667,11715,26,
1984,8083,CO,Montezuma County,rural,West,Mountain,2029.329,19273,12072,28.2,15
1984,8083,CO,Montezuma County,rural,West,Mountain,2029.329,19273,12072,28.2,15
1985,8083,CO,Montezuma County,rural,West,Mountain,2029.329,19212,12016,30.4,21
1986,8083,CO,Montezuma County,rural,West,Mountain,2029.329,19155,11938,32.6,20
1987,8083,CO,Montezuma County,rural,West,Mountain,2029.329,18723,11584,34.8,20
1988,8083,CO,Montezuma County,rural,West,Mountain,2029.329,18693,11487,37,25
1989,8083,CO,Montezuma County,rural,West,Mountain,2029.329,18591,11358,36.8,17
1989,8083,CO,Montezuma County,rural,West,Mountain,2029.329,18591,11358,36.8,17
1990,8083,CO,Montezuma County,rural,West,Mountain,2029.329,18732,11325,36.6,15
1991,8083,CO,Montezuma County,rural,West,Mountain,2029.329,19104,11641,36.4,22
1992,8083,CO,Montezuma County,rural,West,Mountain,2029.329,19728,12031,36.2,19
1993,8083,CO,Montezuma County,rural,West,Mountain,2029.329,20443,12566,36,16
1994,8083,CO,Montezuma County,rural,West,Mountain,2029.329,21255,13195,45,26
1995,8083,CO,Montezuma County,rural,West,Mountain,2029.329,22035,13801,54,26
1996,8083,CO,Montezuma County,rural,West,Mountain,2029.329,22588,14220,63,42
1997,8083,CO,Montezuma County,rural,West,Mountain,2029.329,22989,14519,72,43
1998,8083,CO,Montezuma County,  RURAL ,West,Mountain,2029.329,23210,14649,81,50
1999,8083,CO,Montezuma County,rural,West,Mountain,2029.329,23601,14970,90,57
1999,8083,CO,Montezuma County,rural,West,Mountain,2029.329,23601,14970,90,57
2000,8083,CO,Montezuma County,rural,West,Mountain,2029.329,23847,15183,90,75
2001,8083,CO,Montezuma County,rural,West,Mountain,2029.329,23692,15158,90,79
2002,8083,CO,Montezuma County,rural,West,Mountain,2029.329,23935,15393,90,87
2003,8083,CO,Montezuma County,rural,West,Mountain,2029.329,24255,15570,90,97
2004,8083,CO,Montezuma County,rural,West,Mountain,2029.329,24456,15787,90,91
2005,8083,CO,Montezuma County,rural,West,Mountain,2029.329,24514,15894,90,97
2006,8083,CO,Montezuma County,rural,West,Mountain,2029.329,24968,16126,90,93
2007,8083,CO,Montezuma County,rural,West,Mountain,2029.329,25157,16234,90,93
2008,8083,CO,Montezuma County,  RURAL ,West,Mountain,2029.329,25222,16317,90,84
2009,8083,CO,Montezuma County,rural,West,Mountain,2029.329,25507,16437,90,81
2010,8083,CO,Montezuma County,rural,West,Mountain,2029.329,25541,16346,90,79
2011,8083,CO,Montezuma County,rural,West,Mountain,2029.329,25575,16345,90,101
2012,8083,CO,Montezuma County,RURAL,West,Mountain,2029.329,25463,16180,90,86
2013,8083,CO,Montezuma County,rural,West,Mountain,2029.329,25465,16014,90,90
2014,8083,CO,Montezuma County,rural  ,West,Mountain,2029.329,25535,15936,90,79
2015,8083,CO,Montezuma County,rural,West,Mountain,2029.329,25502,15747,90,82
2016,8083,CO,Montezuma County,rural,West,Mountain,2029.329,25697,15757,,
1970,8085,CO,Montrose County,rural,West,Mountain,2240.946,18390,10759,12.88723,
1971,8085,CO,Montrose County,rural,West,Mountain,2240.946,18484,10892,13.00833,
1972,8085,CO,Montrose County,rural,West,Mountain,2240.946,18558,11042,13.13317,
1973,8085,CO,Montrose County,rural,West,Mountain,2240.946,18840,11341,13.15369,
1974,8085,CO,Montrose County, rural,West,Mountain,2240.946,19627,11976,13.29342,
1975,8085,CO,Montrose County,Rural,West,Mountain,2240.946,20654,12775,13.3941,
1976,8085,CO,Montrose County,rural,West,Mountain,2240.946,21412,13376,13.46638,
1977,8085,CO,Montrose County,rural,West,Mountain,2240.946,22169,13970,592,
1977,8085,,,,,,,,,13.65064,
1978,8085,CO,Montrose County,rural,West,Mountain,2240.946,22762,14402,13.76513,
1979,8085,CO,Montrose County,rural,West,Mountain,2240.946,23431,14879,15.25674,
1980,8085,CO,Montrose County,rural,West,Mountain,2240.946,24537,15597,16.82564,
1981,8085,CO,Montrose County,rural,West,Mountain,2240.946,25153,15944,18.2734,
1981,8085,CO,Montrose County,rural,West,Mountain,2240.946,25153,15944,18.2734,
1982,8085,CO,Montrose County,rural,West,Mountain,2240.946,25501,16139,19.70079,
1983,8085,CO,Montrose County,rural,West,Mountain,2240.946,25927,16330,21.22457,
1984,8085,CO,Montrose County,rural,West,Mountain,2240.946,25592,16066,20.63742,10
1985,8085,CO,Montrose County,rural,West,Mountain,2240.946,24872,15571,20.19466,9
1986,8085,CO,Montrose County,rural,West,Mountain,2240.946,24318,15142,16.49056,16
1987,8085,CO,Montrose County,rural,West,Mountain,2240.946,24302,14989,23.68794,17
1988,8085,CO,Montrose County,rural,West,Mountain,2240.946,24256,14819,24.56037,22
1988,8085,CO,Montrose County,rural,West,Mountain,2240.946,24256,14819,24.56037,22
1989,8085,CO,Montrose County,rural,West,Mountain,2240.946,24466,14817,34.18119,30
1990,8085,CO,Montrose County,rural,West,Mountain,2240.946,24507,14679,43.69614,31
1990,8085,CO,Montrose County,rural,West,Mountain,2240.946,24507,14679,43.69614,31
1991,8085,CO,Montrose County,rural,West,Mountain,2240.946,25211,15111,53.14791,37
1992,8085,CO,Montrose County,rural,West,Mountain,2240.946,25847,15534,62.71435,20
1993,8085,CO,Montrose County,Rural,West,Mountain,2240.946,27016,16354,71.99648,38
1994,8085,CO,Montrose County,rural,West,Mountain,2240.946,28263,17325,71.51424,37
1995,8085,CO,Montrose County,rural,West,Mountain,2240.946,29609,18338,71.04628,50
1996,8085,CO,Montrose County,rural,West,Mountain,2240.946,30540,19002,70.7426,53
1997,8085,CO,Montrose County,rural,West,Mountain,2240.946,31460,19656,70.49015,66
1998,8085,CO,Montrose County,rural,West,Mountain,2240.946,32201,20139,70.08241,84
1999,8085,CO,Montrose County,rural,West,Mountain,2240.946,32907,20683,69.60067,131
2000,8085,CO,Montrose County,rural,West,Mountain,2240.946,33599,21185,60.51586,131
2001,8085,CO,Montrose County,RURAL,West,Mountain,2240.946,34361,21661,66.02332,144
2002,8085,CO,Montrose County,  RURAL ,West,Mountain,2240.946,35154,22271,66.97105,165
2003,8085,CO,Montrose County,rural,West,Mountain,2240.946,35767,22617,71.45407,156
2004,8085,CO,Montrose County,rural,West,Mountain,2240.946,36310,22990,81.94491,146
2005,8085,CO,Montrose County,rural,West,Mountain,2240.946,37227,23499,144.483,123
2006,8085,CO,Montrose County,rural,West,Mountain,2240.946,38282,24024,104.561,124
2007,8085,CO,Montrose County,rural,West,Mountain,2240.946,39673,24823,124.115,118
2008,8085,CO,Montrose County,rural,West,Mountain,2240.946,40658,25324,124.9202,115
2009,8085,CO,Montrose County,rural,West,Mountain,2240.946,41535,25756,152.1165,122
2010,8085,CO,Montrose County,rural,West,Mountain,2240.946,41278,25512,137.6742,118
2011,8085,CO,Montrose County,Rural,West,Mountain,2240.946,41187,25458,64.57624,84
2012,8085,CO,Montrose County,  RURAL ,West,Mountain,2240.946,40925,25212,50.14368,77
2012,8085,CO,Montrose County,  RURAL ,West,Mountain,2240.946,40925,25212,50.14368,77
2013,8085,CO,Montrose County,rural,West,Mountain,2240.946,40605,24918,67.16083,78
2013,8085,CO,Montrose County,rural,West,Mountain,2240.946,40605,24918,67.16083,78
2014,8085,CO,Montrose County,rural,West,Mountain,2240.946,40509,24666,93.14047,77
2015,8085,CO,Montrose County,rural,West,Mountain,2240.946,40553,24451,93.14047,77
2016,8085,CO,Montrose County,rural,West,Mountain,2240.946,40534,24328,,
1970,8087,CO,Morgan County,rural,West,Mountain,1280.485,20306,11662,4,
1971,8087,CO,Morgan County,rural,West,Mountain,1280.485,21096,12232,5.5,
1972,8087,CO,Morgan County,rural,West,Mountain,1280.485,21606,12685,7,
1972,8087,CO,Morgan County,rural,West,Mountain,1280.485,21606,12685,7,
1973,8087,CO,Morgan County,rural,West,Mountain,1280.485,21671,12834,8.5,
1974,8087,CO,Morgan County,rural,West,Mountain,1280.485,21610,12895,10,
1975,8087,CO,Morgan County,rural,West,Mountain,1280.485,21927,13216,11.5,
1976,8087,CO,Morgan County,rural,West,Mountain,1280.485,21568,13118,13,
1977,8087,CO,Morgan County,rural,West,Mountain,1280.485,21684,13295,14.5,
1978,8087,CO,Morgan County,rural,West,Mountain,1280.485,21358,13135,16,
1979,8087,CO,Morgan County,rural,West,Mountain,1280.485,21856,13582,15.6,
1980,8087,CO,Morgan County,rural,West,Mountain,1280.485,22514,14120,15.2,
1980,8087,CO,Morgan County,rural,West,Mountain,1280.485,22514,14120,15.2,
1981,8087,CO,Morgan County,rural,West,Mountain,1280.485,22412,14028,14.8,
1982,8087,CO,Morgan County,rural,West,Mountain,1280.485,22566,14108,14.4,
1983,8087,CO,Morgan County,  RURAL ,West,Mountain,1280.485,23325,14507,14,
1984,8087,CO,Morgan County,rural,West,Mountain,1280.485,23209,14387,20.2,26
1985,8087,CO,Morgan County,RURAL,West,Mountain,1280.485,22831,14111,26.4,21
1986,8087,CO,Morgan County,rural,West,Mountain,1280.485,22051,13556,32.6,22
1987,8087,CO,Morgan County,rural,West,Mountain,1280.485,22221,13530,38.8,29
1988,8087,CO,Morgan County,  RURAL ,West,Mountain,1280.485,21990,13261,45,32
1989,8087,CO,Morgan County,rural,West,Mountain,1280.485,22044,13171,45.8,28
1990,8087,CO,Morgan County,rural,West,Mountain,1280.485,21962,12968,46.6,27
1991,8087,CO,Morgan County,rural,West,Mountain,1280.485,22619,13402,47.4,32
1992,8087,CO,Morgan County,rural,West,Mountain,1280.485,23204,13795,48.2,41
1993,8087,CO,Morgan County,rural,West,Mountain,1280.485,23566,14140,49,44
1994,8087,CO,Morgan County,  RURAL ,West,Mountain,1280.485,24290,14738,52.5,52
1994,8087,CO,Morgan County,  RURAL ,West,Mountain,1280.485,24290,14738,52.5,52
1995,8087,CO,Morgan County,rural,West,Mountain,1280.485,24886,15209,56,52
1996,8087,CO,Morgan County,rural,West,Mountain,1280.485,25544,15683,59.5,51
1996,8087,CO,Morgan County,rural,West,Mountain,1280.485,25544,15683,59.5,51
1997,8087,CO,Morgan County,rural,West,Mountain,1280.485,26167,16101,63,64
1998,8087,CO,Morgan County,rural,West,Mountain,1280.485,26334,16209,66.5,68
1999,8087,CO,Morgan County,rural,West,Mountain,1280.485,26796,16528,70,77
2000,8087,CO,Morgan County,rural,West,Mountain,1280.485,27257,16842,75,82
2001,8087,CO,Morgan County,rural,West,Mountain,1280.485,27307,16948,80,91
2002,8087,CO,Morgan County,rural,West,Mountain,1280.485,27556,17106,85,93
2003,8087,CO,Morgan County,rural,West,Mountain,1280.485,27736,17226,90,83
2004,8087,CO,Morgan County,rural,West,Mountain,1280.485,27736,17191,95,86
2005,8087,CO,Morgan County,rural,West,Mountain,1280.485,27727,17319,100,106
2006,8087,CO,Morgan County,RURAL,West,Mountain,1280.485,27816,17456,97.125,144
2007,8087,CO,Morgan County,rural,West,Mountain,1280.485,27745,17413,94.25,146
2008,8087,CO,Morgan County,rural,West,Mountain,1280.485,27701,17389,91.375,139
2009,8087,CO,Morgan County,  RURAL ,West,Mountain,1280.485,28099,17629,88.5,129
2010,8087,CO,Morgan County,RURAL,West,Mountain,1280.485,28159,17658,85.625,134
2011,8087,CO,Morgan County,rural,West,Mountain,1280.485,28234,17691,82.75,131
2012,8087,CO,Morgan County,rural,West,Mountain,1280.485,28396,17761,79.875,126
2013,8087,CO,Morgan County,rural,West,Mountain,1280.485,28198,17669,77,105
2013,8087,CO,Morgan County,rural,West,Mountain,1280.485,28198,17669,77,105
2014,8087,CO,Morgan County,RURAL,West,Mountain,1280.485,28169,17705,77,114
2015,8087,CO,Morgan County,rural,West,Mountain,1280.485,28044,17663,77,103
2016,8087,CO,Morgan County, rural,West,Mountain,1280.485,28145,17690,,
1970,8089,CO,Otero County,rural,West,Mountain,1262.126,23444,13276,5,
1971,8089,CO,Otero County,rural,West,Mountain,1262.126,23098,13145,5.625,
1972,8089,CO,Otero County,rural,West,Mountain,1262.126,23682,13661,6.25,
1973,8089,CO,Otero County,rural,West,Mountain,1262.126,23657,13786,6.875,
1974,8089,CO,Otero County,rural,West,Mountain,1262.126,23419,13706,7.5,
1975,8089,CO,Otero County,rural,West,Mountain,1262.126,24151,14272,8.125,
1976,8089,CO,Otero County, rural,West,Mountain,1262.126,23978,14260,8.75,
1977,8089,CO,Otero County,rural,West,Mountain,1262.126,23467,13993,9.375,
1978,8089,CO,Otero County,rural,West,Mountain,1262.126,22801,13629,10,
1979,8089,CO,Otero County,rural,West,Mountain,1262.126,22565,13581,10,
1980,8089,CO,Otero County,rural  ,West,Mountain,1262.126,22590,13650,10,
1981,8089,CO,Otero County,rural,West,Mountain,1262.126,22565,13644,10,
1982,8089,CO,Otero County,rural,West,Mountain,1262.126,22377,13547,10,
1983,8089,CO,Otero County,rural,West,Mountain,1262.126,22447,13562,10,
1984,8089,CO,Otero County, rural,West,Mountain,1262.126,22031,13312,11.8,19
1985,8089,CO,Otero County,rural,West,Mountain,1262.126,21712,13112,13.6,19
1986,8089,CO,Otero County,rural,West,Mountain,1262.126,21485,12941,15.4,19
1987,8089,CO,Otero County,rural,West,Mountain,1262.126,21185,12670,17.2,22
1988,8089,CO,Otero County,rural,West,Mountain,1262.126,20714,12311,19,37
1989,8089,CO,Otero County,RURAL,West,Mountain,1262.126,20577,12152,20.2,46
1990,8089,CO,Otero County,rural,West,Mountain,1262.126,20118,11777,21.4,45
1991,8089,CO,Otero County,rural,West,Mountain,1262.126,20126,11846,22.6,47
1992,8089,CO,Otero County,rural,West,Mountain,1262.126,20053,11828,23.8,54
1993,8089,CO,Otero County,rural,West,Mountain,1262.126,20301,12096,25,53
1994,8089,CO,Otero County,rural  ,West,Mountain,1262.126,20408,12290,28,59
1995,8089,CO,Otero County,rural,West,Mountain,1262.126,20695,12574,30,75
1996,8089,CO,Otero County,rural,West,Mountain,1262.126,20694,12693,28,78
1997,8089,CO,Otero County,rural,West,Mountain,1262.126,20777,12823,25,77
1997,8089,CO,Otero County,rural,West,Mountain,1262.126,20777,12823,25,77
1998,8089,CO,Otero County,rural,West,Mountain,1262.126,20556,12720,22,92
1999,8089,CO,Otero County,  RURAL ,West,Mountain,1262.126,20502,12706,28,100
2000,8089,CO,Otero County,rural,West,Mountain,1262.126,20242,12534,31.33333,110
2001,8089,CO,Otero County,rural,West,Mountain,1262.126,20012,12381,34.66667,112
2002,8089,CO,Otero County,RURAL,West,Mountain,1262.126,19688,12194,38,109
2003,8089,CO,Otero County,rural,West,Mountain,1262.126,19585,12049,620,108
2003,8089,,,,,,,,,41.33333,
2004,8089,CO,Otero County,rural,West,Mountain,1262.126,19436,12013,44.66667,102
2005,8089,CO,Otero County,rural,West,Mountain,1262.126,19247,11933,48,91
2006,8089,CO,Otero County,rural,West,Mountain,1262.126,19042,11758,48,106
2007,8089,CO,Otero County,rural,West,Mountain,1262.126,18783,11541,48,84
2008,8089,CO,Otero County,rural,West,Mountain,1262.126,18726,11541,48,81
2009,8089,CO,Otero County,rural,West,Mountain,1262.126,18743,11532,48,64
2010,8089,CO,Otero County,rural,West,Mountain,1262.126,18831,11580,48,60
2011,8089,CO,Otero County,rural,West,Mountain,1262.126,18884,11629,48,65
2012,8089,CO,Otero County,rural,West,Mountain,1262.126,18860,11578,48,57
2013,8089,CO,Otero County,rural,West,Mountain,1262.126,18657,11405,48,48
2014,8089,CO,Otero County,rural,West,Mountain,1262.126,18479,11234,48,59
2015,8089,CO,Otero County,rural,West,Mountain,1262.126,18368,11175,48,59
2016,8089,CO,Otero County,rural,West,Mountain,1262.126,18212,11032,,
1970,8091,CO,Ouray County,rural,West,Mountain,541.593,1544,929,1.112765,
1971,8091,CO,Ouray County,rural,West,Mountain,541.593,1542,935,1.116672,
1972,8091,CO,Ouray County,rural,West,Mountain,541.593,1530,939,1.116831,
1972,8091,CO,Ouray County,rural,West,Mountain,541.593,1530,939,1.116831,
1973,8091,CO,Ouray County,rural,West,Mountain,541.593,1678,1053,1.221307,
1974,8091,CO,Ouray County,  RURAL ,West,Mountain,541.593,1724,1087,1.206576,
1975,8091,CO,Ouray County,rural,West,Mountain,541.593,1837,1174,1.230895,
1976,8091,CO,Ouray County,rural,West,Mountain,541.593,1981,1275,1.283615,
1976,8091,CO,Ouray County,rural,West,Mountain,541.593,1981,1275,1.283615,
1977,8091,CO,Ouray County,rural,West,Mountain,541.593,1934,1253,1.224356,
1978,8091,CO,Ouray County,rural,West,Mountain,541.593,1981,1292,1.234867,
1978,8091,CO,Ouray County,rural,West,Mountain,541.593,1981,1292,1.234867,
1979,8091,CO,Ouray County,rural,West,Mountain,541.593,1988,1310,1.343258,
1980,8091,CO,Ouray County,rural,West,Mountain,541.593,1943,1274,1.374358,
1981,8091,CO,Ouray County,rural,West,Mountain,541.593,2022,1332,1.526603,
1982,8091,CO,Ouray County,rural,West,Mountain,541.593,2109,1392,1.699207,
1983,8091,CO,Ouray County,rural,West,Mountain,541.593,2067,1366,1.775429,
1983,8091,CO,Ouray County,rural,West,Mountain,541.593,2067,1366,1.775429,
1984,8091,CO,Ouray County,rural,West,Mountain,541.593,2197,1450,1.862583,0
1985,8091,CO,Ouray County,RURAL,West,Mountain,541.593,2099,1392,1.805341,0
1986,8091,CO,Ouray County,rural,West,Mountain,541.593,2093,1386,1.509439,0
1987,8091,CO,Ouray County,rural,West,Mountain,541.593,2211,1463,2.312059,0
1988,8091,CO,Ouray County,rural,West,Mountain,541.593,2239,1472,2.439629,0
1989,8091,CO,Ouray County,rural,West,Mountain,541.593,2260,1482,3.418811,0
1990,8091,CO,Ouray County,  RURAL ,West,Mountain,541.593,2309,1513,4.503866,
1991,8091,CO,Ouray County,rural,West,Mountain,541.593,2438,1607,5.652088,
1992,8091,CO,Ouray County,rural,West,Mountain,541.593,2508,1656,6.685655,
1993,8091,CO,Ouray County,rural,West,Mountain,541.593,2718,1818,8.003522,0
1994,8091,CO,Ouray County,rural,West,Mountain,541.593,2926,1975,8.152418,5
1995,8091,CO,Ouray County,rural,West,Mountain,541.593,3129,2139,8.287054,
1996,8091,CO,Ouray County,rural,West,Mountain,541.593,3226,2218,8.257399,
1997,8091,CO,Ouray County,rural,West,Mountain,541.593,3323,2280,8.176514,4
1998,8091,CO,Ouray County,rural,West,Mountain,541.593,3470,2371,8.250926,
1999,8091,CO,Ouray County,rural,West,Mountain,541.593,3622,2496,8.399327,
2000,8091,CO,Ouray County,rural,West,Mountain,541.593,3775,2620,7.484142,
2001,8091,CO,Ouray County,rural,West,Mountain,541.593,3787,2617,7.976686,
2002,8091,CO,Ouray County,rural,West,Mountain,541.593,3872,2670,8.028949,5
2003,8091,CO,Ouray County,rural,West,Mountain,541.593,3880,2705,8.545928,5
2004,8091,CO,Ouray County,rural,West,Mountain,541.593,4003,2821,10.05509,4
2005,8091,CO,Ouray County,Rural,West,Mountain,541.593,4055,2849,17.517,4
2006,8091,CO,Ouray County,rural,West,Mountain,541.593,4090,2858,12.43903,
2007,8091,CO,Ouray County,rural,West,Mountain,541.593,4250,2977,14.885,
2008,8091,CO,Ouray County,rural,West,Mountain,541.593,4405,3057,15.07981,
2009,8091,CO,Ouray County,rural,West,Mountain,541.593,4395,3028,17.88355,4
2010,8091,CO,Ouray County,rural,West,Mountain,541.593,4434,3015,16.3258,5
2011,8091,CO,Ouray County,rural,West,Mountain,541.593,4447,3020,7.423761,
2012,8091,CO,Ouray County,rural,West,Mountain,541.593,4413,2904,5.856314,
2013,8091,CO,Ouray County,rural,West,Mountain,541.593,4494,2917,7.839174,
2014,8091,CO,Ouray County,rural,West,Mountain,541.593,4540,2895,10.85953,
2015,8091,CO,Ouray County,rural,West,Mountain,541.593,4560,2857,10.85953,
2016,8091,CO,Ouray County,rural,West,Mountain,541.593,4589,2840,,
1970,8093,CO,Park County,suburban,West,Mountain,2193.903,2210,1369,0,
1971,8093,CO,Park County,suburban,West,Mountain,2193.903,2319,1452,0,
1972,8093,CO,Park County,suburban  ,West,Mountain,2193.903,2783,1787,0,
1973,8093,CO,Park County,suburban,West,Mountain,2193.903,2952,1925,0,
1974,8093,CO,Park County,suburban,West,Mountain,2193.903,2992,1955,0,
1975,8093,CO,Park County,suburban,West,Mountain,2193.903,3259,2153,0,
1976,8093,CO,Park County,suburban,West,Mountain,2193.903,3352,2221,0,
1977,8093,CO,Park County,suburban,West,Mountain,2193.903,3549,2359,0,
1978,8093,CO,Park County,suburban,West,Mountain,2193.903,4009,2702,0,
1979,8093,CO,Park County,suburban,West,Mountain,2193.903,4555,3059,0,
1980,8093,CO,Park County,suburban,West,Mountain,2193.903,5421,3675,0,
1981,8093,CO,Park County,suburban,West,Mountain,2193.903,5757,3923,0,
1982,8093,CO,Park County,suburban,West,Mountain,2193.903,6049,4146,0,
1983,8093,CO,Park County,suburban,West,Mountain,2193.903,6290,4320,501,
1983,8093,,,,,,,,,0,
1984,8093,CO,Park County,  SUBURBAN ,West,Mountain,2193.903,6436,4441,0,
1985,8093,CO,Park County,suburban,West,Mountain,2193.903,6536,4525,501,
1985,8093,,,,,,,,,0,
1986,8093,CO,Park County,suburban,West,Mountain,2193.903,6722,4665,0,
1987,8093,CO,Park County,suburban,West,Mountain,2193.903,6822,4723,0,
1988,8093,CO,Park County,suburban,West,Mountain,2193.903,6880,4758,0,6
1989,8093,CO,Park County,suburban,West,Mountain,2193.903,7034,4858,0,7
1990,8093,CO,Park County,suburban,West,Mountain,2193.903,7215,4966,0,9
1990,8093,CO,Park County,suburban,West,Mountain,2193.903,7215,4966,0,9
1991,8093,CO,Park County,suburban,West,Mountain,2193.903,7655,5294,0,9
1991,8093,CO,Park County,suburban,West,Mountain,2193.903,7655,5294,0,9
1992,8093,CO,Park County,suburban,West,Mountain,2193.903,7979,5534,0,16
1993,8093,CO,Park County,suburban,West,Mountain,2193.903,8418,5886,0,13
1994,8093,CO,Park County,suburban,West,Mountain,2193.903,9384,6623,0,12
1995,8093,CO,Park County,suburban,West,Mountain,2193.903,10452,7493,0,20
1996,8093,CO,Park County,suburban,West,Mountain,2193.903,11518,8307,0,20
1997,8093,CO,Park County,suburban,West,Mountain,2193.903,12437,9059,0,12
1998,8093,CO,Park County,suburban,West,Mountain,2193.903,13154,9628,0,14
1999,8093,CO,Park County,suburban,West,Mountain,2193.903,13987,10272,0,15
2000,8093,CO,Park County,suburban,West,Mountain,2193.903,14670,10777,55,17
2001,8093,CO,Park County,suburban,West,Mountain,2193.903,15255,11213,50,20
2002,8093,CO,Park County,suburban,West,Mountain,2193.903,15760,11606,120,34
2003,8093,CO,Park County,suburban,West,Mountain,2193.903,16024,11818,135,37
2004,8093,CO,Park County,Suburban,West,Mountain,2193.903,16130,11906,113,51
2005,8093,CO,Park County,suburban,West,Mountain,2193.903,16204,11995,190,44
2006,8093,CO,Park County,SUBURBAN,West,Mountain,2193.903,16230,11960,180,39
2007,8093,CO,Park County,suburban,West,Mountain,2193.903,16445,12069,170,41
2008,8093,CO,Park County,suburban,West,Mountain,2193.903,16394,12025,160,39
2009,8093,CO,Park County,suburban,West,Mountain,2193.903,16098,11685,150,44
2010,8093,CO,Park County,suburban,West,Mountain,2193.903,16201,11790,140,49
2011,8093,CO,Park County,suburban,West,Mountain,2193.903,16276,11830,130,44
2011,8093,CO,Park County,suburban,West,Mountain,2193.903,16276,11830,130,44
2012,8093,CO,Park County,suburban,West,Mountain,2193.903,16043,11644,120,24
2013,8093,CO,Park County,suburban,West,Mountain,2193.903,16033,11510,110,22
2014,8093,CO,Park County,suburban,West,Mountain,2193.903,16168,11471,110,25
2015,8093,CO,Park County,suburban,West,Mountain,2193.903,16364,11440,110,24
2016,8093,CO,Park County,suburban,West,Mountain,2193.903,16715,11467,,
1970,8095,CO,Phillips County,rural,West,Mountain,687.928,4088,2326,2,
1971,8095,CO,Phillips County,  RURAL ,West,Mountain,687.928,3938,2214,1.875,
1972,8095,CO,Phillips County,rural,West,Mountain,687.928,4020,2271,1.75,
1973,8095,CO,Phillips County,  RURAL ,West,Mountain,687.928,4043,2290,1.625,
1974,8095,CO,Phillips County,rural,West,Mountain,687.928,4000,2254,1.5,
1975,8095,CO,Phillips County,Rural,West,Mountain,687.928,4275,2445,1.375,
1975,8095,CO,Phillips County,Rural,West,Mountain,687.928,4275,2445,1.375,
1976,8095,CO,Phillips County,rural,West,Mountain,687.928,4423,2564,1.25,
1977,8095,CO,Phillips County,rural,West,Mountain,687.928,4409,2559,1.125,
1978,8095,CO,Phillips County,rural,West,Mountain,687.928,4362,2524,1,
1979,8095,CO,Phillips County,rural,West,Mountain,687.928,4428,2574,0,
1980,8095,CO,Phillips County,rural,West,Mountain,687.928,4539,2653,0,
1981,8095,CO,Phillips County,rural,West,Mountain,687.928,4517,2648,0,
1982,8095,CO,Phillips County,rural,West,Mountain,687.928,4620,2718,0,
1983,8095,CO,Phillips County,rural,West,Mountain,687.928,4668,2744,0,
1984,8095,CO,Phillips County,rural,West,Mountain,687.928,4589,2701,3.478361,
1985,8095,CO,Phillips County,rural,West,Mountain,687.928,4444,2613,3.745739,
1986,8095,CO,Phillips County,Rural,West,Mountain,687.928,4328,2543,4.081358,
1986,8095,CO,Phillips County,Rural,West,Mountain,687.928,4328,2543,4.081358,
1987,8095,CO,Phillips County,rural,West,Mountain,687.928,4274,2494,4.457678,0
1988,8095,CO,Phillips County,rural,West,Mountain,687.928,4234,2455,557,0
1988,8095,,,,,,,,,4.805002,
1989,8095,CO,Phillips County,rural,West,Mountain,687.928,4201,2419,4.887589,
1990,8095,CO,Phillips County,rural,West,Mountain,687.928,4199,2395,5.037909,
1991,8095,CO,Phillips County,rural,West,Mountain,687.928,4206,2395,5.108464,
1991,8095,CO,Phillips County,rural,West,Mountain,687.928,4206,2395,5.108464,
1992,8095,CO,Phillips County,rural,West,Mountain,687.928,4205,2384,5.0928,
1993,8095,CO,Phillips County,rural,West,Mountain,687.928,4289,2445,5.16951,4
1994,8095,CO,Phillips County,rural,West,Mountain,687.928,4330,2494,5.572493,5
1994,8095,CO,Phillips County,rural,West,Mountain,687.928,4330,2494,5.572493,5
1995,8095,CO,Phillips County,rural,West,Mountain,687.928,4465,2585,6.000956,6
1996,8095,CO,Phillips County,rural,West,Mountain,687.928,4516,2632,6.377324,8
1997,8095,CO,Phillips County,rural,West,Mountain,687.928,4523,2643,6.701144,10
1998,8095,CO,Phillips County,RURAL,West,Mountain,687.928,4545,2655,7.138947,15
1999,8095,CO,Phillips County,rural,West,Mountain,687.928,4521,2649,7.449572,7
2000,8095,CO,Phillips County,rural,West,Mountain,687.928,4455,2600,8.577143,8
2001,8095,CO,Phillips County,rural,West,Mountain,687.928,4456,2602,9.685695,8
2002,8095,CO,Phillips County,rural,West,Mountain,687.928,4497,2591,10.98851,9
2003,8095,CO,Phillips County,rural,West,Mountain,687.928,4415,2564,12.10815,10
2004,8095,CO,Phillips County,Rural,West,Mountain,687.928,4475,2601,13.61335,10
2005,8095,CO,Phillips County,rural,West,Mountain,687.928,4467,2606,15.06881,15
2006,8095,CO,Phillips County,rural,West,Mountain,687.928,4414,2579,14.89222,16
2007,8095,CO,Phillips County,rural,West,Mountain,687.928,4378,2550,14.59264,15
2008,8095,CO,Phillips County,rural,West,Mountain,687.928,4349,2562,14.6821,19
2009,8095,CO,Phillips County,rural,West,Mountain,687.928,4359,2535,14.46354,15
2010,8095,CO,Phillips County,rural,West,Mountain,687.928,4442,2608,14.74016,17
2011,8095,CO,Phillips County,  RURAL ,West,Mountain,687.928,4472,2629,14.75747,14
2012,8095,CO,Phillips County,rural,West,Mountain,687.928,4374,2599,14.75941,11
2013,8095,CO,Phillips County,rural,West,Mountain,687.928,4393,2574,14.85706,8
2014,8095,CO,Phillips County,rural,West,Mountain,687.928,4363,2543,14.85706,9
2015,8095,CO,Phillips County,rural,West,Mountain,687.928,4382,2571,14.85706,13
2016,8095,CO,Phillips County,rural,West,Mountain,687.928,4315,2510,,
1970,8097,CO,Pitkin County,rural,West,Mountain,970.701,6347,4564,4,
1971,8097,CO,Pitkin County,rural,West,Mountain,970.701,7027,5162,4,
1972,8097,CO,Pitkin County,rural,West,Mountain,970.701,7533,5636,4,
1973,8097,CO,Pitkin County,rural,West,Mountain,970.701,8169,6220,4,
1974,8097,CO,Pitkin County,rural,West,Mountain,970.701,8550,6591,4,
1975,8097,CO,Pitkin County,rural,West,Mountain,970.701,9089,7090,4,
1976,8097,CO,Pitkin County,rural,West,Mountain,970.701,10021,7951,4,
1977,8097,CO,Pitkin County,rural,West,Mountain,970.701,10632,8552,4,
1978,8097,CO,Pitkin County,rural,West,Mountain,970.701,11150,9103,4,
1979,8097,CO,Pitkin County,rural,West,Mountain,970.701,10682,8826,4,
1980,8097,CO,Pitkin County,rural,West,Mountain,970.701,10348,8602,4,
1981,8097,CO,Pitkin County,rural  ,West,Mountain,970.701,10374,8614,4,
1981,8097,CO,Pitkin County,rural  ,West,Mountain,970.701,10374,8614,4,
1982,8097,CO,Pitkin County,rural,West,Mountain,970.701,10663,8840,4,
1983,8097,CO,Pitkin County,rural,West,Mountain,970.701,10933,9035,4,
1984,8097,CO,Pitkin County,rural,West,Mountain,970.701,10743,8858,6.6,15
1984,8097,CO,Pitkin County,rural,West,Mountain,970.701,10743,8858,6.6,15
1985,8097,CO,Pitkin County,rural,West,Mountain,970.701,10697,8800,9.2,15
1986,8097,CO,Pitkin County,rural,West,Mountain,970.701,11100,9104,11.8,17
1987,8097,CO,Pitkin County,rural,West,Mountain,970.701,11527,9407,14.4,21
1988,8097,CO,Pitkin County,rural,West,Mountain,970.701,12041,9784,17,18
1989,8097,CO,Pitkin County,rural,West,Mountain,970.701,12335,9985,18,31
1990,8097,CO,Pitkin County,RURAL,West,Mountain,970.701,12758,10292,19,29
1991,8097,CO,Pitkin County,rural,West,Mountain,970.701,12877,10365,20,22
1992,8097,CO,Pitkin County,rural,West,Mountain,970.701,13230,10615,21,27
1993,8097,CO,Pitkin County,rural,West,Mountain,970.701,13896,11176,22,30
1994,8097,CO,Pitkin County,rural,West,Mountain,970.701,14339,11521,20.83333,31
1995,8097,CO,Pitkin County,rural,West,Mountain,970.701,14603,11754,19.66667,27
1996,8097,CO,Pitkin County,rural,West,Mountain,970.701,14519,11665,18.5,37
1997,8097,CO,Pitkin County,rural,West,Mountain,970.701,14920,11952,17.33333,46
1998,8097,CO,Pitkin County,rural,West,Mountain,970.701,14886,11896,16.16667,36
1999,8097,CO,Pitkin County,rural,West,Mountain,970.701,15081,12017,15,40
2000,8097,CO,Pitkin County,rural,West,Mountain,970.701,14817,11735,15,46
2001,8097,CO,Pitkin County, rural,West,Mountain,970.701,15013,11835,15,38
2002,8097,CO,Pitkin County,rural,West,Mountain,970.701,15098,11875,15,36
2003,8097,CO,Pitkin County,rural,West,Mountain,970.701,15217,11898,15,32
2004,8097,CO,Pitkin County,rural,West,Mountain,970.701,15220,11755,15,34
2005,8097,CO,Pitkin County,rural,West,Mountain,970.701,15399,11830,15,27
2005,8097,CO,Pitkin County,rural,West,Mountain,970.701,15399,11830,15,27
2006,8097,CO,Pitkin County,rural,West,Mountain,970.701,15504,11933,15.125,24
2007,8097,CO,Pitkin County,rural,West,Mountain,970.701,15814,12092,15.25,19
2008,8097,CO,Pitkin County,rural,West,Mountain,970.701,16454,12464,15.375,15
2009,8097,CO,Pitkin County,rural  ,West,Mountain,970.701,17008,12764,15.5,18
2010,8097,CO,Pitkin County,rural,West,Mountain,970.701,17148,12732,15.625,23
2010,8097,CO,Pitkin County,rural,West,Mountain,970.701,17148,12732,15.625,23
2011,8097,CO,Pitkin County,rural,West,Mountain,970.701,17156,12700,15.75,20
2012,8097,CO,Pitkin County,rural,West,Mountain,970.701,17146,12460,15.875,18
2013,8097,CO,Pitkin County,rural,West,Mountain,970.701,17259,12416,16,11
2014,8097,CO,Pitkin County,rural,West,Mountain,970.701,17425,12439,16,14
2015,8097,CO,Pitkin County,rural,West,Mountain,970.701,17664,12539,16,15
2016,8097,CO,Pitkin County,rural,West,Mountain,970.701,17862,12638,,
1970,8099,CO,Prowers County,  RURAL ,West,Mountain,1638.397,13294,7686,10,
1971,8099,CO,Prowers County,rural,West,Mountain,1638.397,13455,7841,9.5,
1972,8099,CO,Prowers County,rural,West,Mountain,1638.397,13513,7958,9,
1973,8099,CO,Prowers County,rural,West,Mountain,1638.397,13495,8024,8.5,
1974,8099,CO,Prowers County,  RURAL ,West,Mountain,1638.397,13462,8079,8,
1975,8099,CO,Prowers County,rural,West,Mountain,1638.397,13807,8382,7.5,
1975,8099,CO,Prowers County,rural,West,Mountain,1638.397,13807,8382,7.5,
1976,8099,CO,Prowers County,rural,West,Mountain,1638.397,13732,8377,7,
1977,8099,CO,Prowers County,rural,West,Mountain,1638.397,13588,8316,6.5,
1978,8099,CO,Prowers County,rural,West,Mountain,1638.397,13256,8117,6,
1979,8099,CO,Prowers County,rural,West,Mountain,1638.397,13390,8229,5.6,
1980,8099,CO,Prowers County,rural,West,Mountain,1638.397,13066,8012,5.2,
1981,8099,CO,Prowers County,rural,West,Mountain,1638.397,13021,8000,4.8,
1982,8099,CO,Prowers County,rural,West,Mountain,1638.397,13262,8164,4.4,
1983,8099,CO,Prowers County,rural,West,Mountain,1638.397,13812,8493,4,
1984,8099,CO,Prowers County,rural,West,Mountain,1638.397,14225,8751,6,16
1985,8099,CO,Prowers County,rural,West,Mountain,1638.397,14113,8698,8,19
1986,8099,CO,Prowers County,rural,West,Mountain,1638.397,14111,8684,8,12
1987,8099,CO,Prowers County,rural,West,Mountain,1638.397,14001,8577,3,7
1988,8099,CO,Prowers County,rural,West,Mountain,1638.397,13945,8497,7,9
1989,8099,CO,Prowers County,rural,West,Mountain,1638.397,13501,8193,12.12325,20
1990,8099,CO,Prowers County,rural,West,Mountain,1638.397,13338,8020,18.09292,23
1991,8099,CO,Prowers County,rural,West,Mountain,1638.397,13349,8048,24.05603,22
1992,8099,CO,Prowers County,rural,West,Mountain,1638.397,13316,8049,29.95728,26
1993,8099,CO,Prowers County,rural,West,Mountain,1638.397,13450,8172,35.71288,19
1994,8099,CO,Prowers County,rural,West,Mountain,1638.397,13851,8503,36.64828,22
1995,8099,CO,Prowers County,rural,West,Mountain,1638.397,13948,8622,37.49609,24
1996,8099,CO,Prowers County,rural,West,Mountain,1638.397,14046,8730,38.21454,32
1997,8099,CO,Prowers County,rural,West,Mountain,1638.397,14237,8854,38.95952,36
1998,8099,CO,Prowers County,rural,West,Mountain,1638.397,14355,8951,39.68837,36
1998,8099,CO,Prowers County,rural,West,Mountain,1638.397,14355,8951,39.68837,36
1999,8099,CO,Prowers County,rural,West,Mountain,1638.397,14520,9089,40.47951,53
2000,8099,CO,Prowers County,rural  ,West,Mountain,1638.397,14431,9046,41.68387,58
2001,8099,CO,Prowers County,RURAL,West,Mountain,1638.397,14182,8828,42.974,66
2002,8099,CO,Prowers County,rural,West,Mountain,1638.397,14057,8805,44.3053,62
2003,8099,CO,Prowers County,rural,West,Mountain,1638.397,13853,8697,45.61786,73
2004,8099,CO,Prowers County,rural,West,Mountain,1638.397,13613,8576,46.80399,61
2005,8099,CO,Prowers County,rural  ,West,Mountain,1638.397,13480,8386,47.94585,50
2006,8099,CO,Prowers County,rural,West,Mountain,1638.397,13130,8148,47.05457,48
2007,8099,CO,Prowers County,rural,West,Mountain,1638.397,12736,7944,46.25952,52
2008,8099,CO,Prowers County,rural,West,Mountain,1638.397,12663,7888,45.53725,46
2009,8099,CO,Prowers County,rural,West,Mountain,1638.397,12593,7844,44.76343,47
2010,8099,CO,Prowers County,rural,West,Mountain,1638.397,12551,7868,43.82418,43
2011,8099,CO,Prowers County,rural,West,Mountain,1638.397,12571,7883,42.98154,41
2012,8099,CO,Prowers County,rural,West,Mountain,1638.397,12516,7890,42.23949,42
2012,8099,CO,Prowers County,rural,West,Mountain,1638.397,12516,7890,42.23949,42
2013,8099,CO,Prowers County,rural,West,Mountain,1638.397,12437,7809,41.46418,40
2014,8099,CO,Prowers County,rural,West,Mountain,1638.397,12331,7699,41.46418,45
2015,8099,CO,Prowers County,rural,West,Mountain,1638.397,12075,7526,41.46418,44
2016,8099,CO,Prowers County, rural,West,Mountain,1638.397,11953,7417,,
1970,8101,CO,Pueblo County,small/mid,West,Mountain,2386.146,118742,72584,104,
1971,8101,CO,Pueblo County,small/mid,West,Mountain,2386.146,120748,74450,103.375,
1972,8101,CO,Pueblo County,small/mid,West,Mountain,2386.146,122038,76007,102.75,
1972,8101,CO,Pueblo County,small/mid,West,Mountain,2386.146,122038,76007,102.75,
1973,8101,CO,Pueblo County,small/mid,West,Mountain,2386.146,124682,78565,102.125,
1974,8101,CO,Pueblo County,small/mid,West,Mountain,2386.146,124614,79179,101.5,
1975,8101,CO,Pueblo County,small/mid,West,Mountain,2386.146,126648,81217,100.875,
1976,8101,CO,Pueblo County,small/mid,West,Mountain,2386.146,125680,81021,627,
1976,8101,,,,,,,,,100.25,
1977,8101,CO,Pueblo County,small/mid,West,Mountain,2386.146,124640,80554,99.625,
1978,8101,CO,Pueblo County,small/mid,West,Mountain,2386.146,123964,80268,99,
1979,8101,CO,Pueblo County,small/mid,West,Mountain,2386.146,125888,81789,110,
1980,8101,CO,Pueblo County,small/mid,West,Mountain,2386.146,126076,81916,121,
1981,8101,CO,Pueblo County,small/mid,West,Mountain,2386.146,125862,81754,132,
1982,8101,CO,Pueblo County,small/mid,West,Mountain,2386.146,125297,81375,143,
1983,8101,CO,Pueblo County,Small/mid,West,Mountain,2386.146,125739,81412,154,
1984,8101,CO,Pueblo County,small/mid,West,Mountain,2386.146,124179,80288,165,146
1985,8101,CO,Pueblo County,small/mid,West,Mountain,2386.146,123856,79934,176,167
1986,8101,CO,Pueblo County,small/mid,West,Mountain,2386.146,124114,79814,243,183
1987,8101,CO,Pueblo County,small/mid,West,Mountain,2386.146,124313,79337,221,212
1988,8101,CO,Pueblo County,small/mid  ,West,Mountain,2386.146,123749,78396,175,235
1989,8101,CO,Pueblo County,small/mid,West,Mountain,2386.146,123647,77784,164,267
1990,8101,CO,Pueblo County,Small/mid,West,Mountain,2386.146,123134,76794,242,247
1990,8101,CO,Pueblo County,Small/mid,West,Mountain,2386.146,123134,76794,242,247
1991,8101,CO,Pueblo County,small/mid,West,Mountain,2386.146,123447,76961,206,260
1991,8101,CO,Pueblo County,small/mid,West,Mountain,2386.146,123447,76961,206,260
1992,8101,CO,Pueblo County,small/mid,West,Mountain,2386.146,124387,77466,250,270
1993,8101,CO,Pueblo County,small/mid,West,Mountain,2386.146,126644,79136,760,292
1993,8101,,,,,,,,,220,
1994,8101,CO,Pueblo County,small/mid,West,Mountain,2386.146,128787,80878,781,340
1994,8101,,,,,,,,,241.1667,
1995,8101,CO,Pueblo County,small/mid,West,Mountain,2386.146,130865,82547,262.3333,359
1996,8101,CO,Pueblo County,small/mid,West,Mountain,2386.146,132686,83902,283.5,416
1996,8101,CO,Pueblo County,small/mid,West,Mountain,2386.146,132686,83902,283.5,416
1997,8101,CO,Pueblo County,small/mid,West,Mountain,2386.146,134792,85357,304.6667,500
1998,8101,CO,Pueblo County,small/mid,West,Mountain,2386.146,137690,87262,325.8333,546
1999,8101,CO,Pueblo County,small/mid,West,Mountain,2386.146,140184,89111,347,633
2000,8101,CO,Pueblo County,SMALL/MID,West,Mountain,2386.146,141800,90230,384,682
2001,8101,CO,Pueblo County,small/mid,West,Mountain,2386.146,144014,91820,425,689
2002,8101,CO,Pueblo County,small/mid,West,Mountain,2386.146,146537,93759,545,758
2003,8101,CO,Pueblo County,small/mid,West,Mountain,2386.146,147907,94845,520,824
2004,8101,CO,Pueblo County,SMALL/MID,West,Mountain,2386.146,148654,95475,534,839
2005,8101,CO,Pueblo County,small/mid,West,Mountain,2386.146,149825,96436,636,959
2006,8101,CO,Pueblo County,small/mid,West,Mountain,2386.146,152026,97950,586,990
2007,8101,CO,Pueblo County,small/mid,West,Mountain,2386.146,155121,100081,595,1013
2008,8101,CO,Pueblo County,small/mid,West,Mountain,2386.146,156748,101102,559,1002
2009,8101,CO,Pueblo County,small/mid,West,Mountain,2386.146,157846,101726,523,993
2010,8101,CO,Pueblo County,small/mid  ,West,Mountain,2386.146,159063,102492,573,1008
2011,8101,CO,Pueblo County,small/mid,West,Mountain,2386.146,159463,102813,580.5,984
2011,8101,CO,Pueblo County,small/mid,West,Mountain,2386.146,159463,102813,580.5,984
2012,8101,CO,Pueblo County,small/mid,West,Mountain,2386.146,160171,103312,588,915
2013,8101,CO,Pueblo County,small/mid,West,Mountain,2386.146,160735,103365,595.5,991
2013,8101,CO,Pueblo County,small/mid,West,Mountain,2386.146,160735,103365,595.5,991
2014,8101,CO,Pueblo County,small/mid,West,Mountain,2386.146,161070,103083,603,1053
2015,8101,CO,Pueblo County,small/mid,West,Mountain,2386.146,161419,102922,603,874
2016,8101,CO,Pueblo County,small/mid,West,Mountain,2386.146,163043,103665,,
1970,8103,CO,Rio Blanco County, rural,West,Mountain,3220.971,4837,3046,4,
1971,8103,CO,Rio Blanco County, rural,West,Mountain,3220.971,4836,3062,3.875,
1971,8103,CO,Rio Blanco County, rural,West,Mountain,3220.971,4836,3062,3.875,
1972,8103,CO,Rio Blanco County,rural,West,Mountain,3220.971,4685,2980,3.75,
1973,8103,CO,Rio Blanco County,rural,West,Mountain,3220.971,4898,3149,3.625,
1974,8103,CO,Rio Blanco County,rural,West,Mountain,3220.971,5036,3269,3.5,
1975,8103,CO,Rio Blanco County,rural,West,Mountain,3220.971,5212,3419,3.375,
1976,8103,CO,Rio Blanco County,rural,West,Mountain,3220.971,4904,3208,3.25,
1977,8103,CO,Rio Blanco County, rural,West,Mountain,3220.971,4912,3210,3.125,
1978,8103,CO,Rio Blanco County,rural,West,Mountain,3220.971,5537,3662,3,
1979,8103,CO,Rio Blanco County,rural,West,Mountain,3220.971,5972,3976,4,
1980,8103,CO,Rio Blanco County, rural,West,Mountain,3220.971,6353,4243,5,
1981,8103,CO,Rio Blanco County,rural  ,West,Mountain,3220.971,6713,4484,6,
1982,8103,CO,Rio Blanco County,rural,West,Mountain,3220.971,7031,4694,7,
1983,8103,CO,Rio Blanco County,rural,West,Mountain,3220.971,7153,4767,8,
1984,8103,CO,Rio Blanco County,rural,West,Mountain,3220.971,6818,4540,6,8
1985,8103,CO,Rio Blanco County,rural,West,Mountain,3220.971,6685,4448,4,11
1986,8103,CO,Rio Blanco County,rural,West,Mountain,3220.971,6647,4419,7,10
1987,8103,CO,Rio Blanco County,rural,West,Mountain,3220.971,6474,4283,10,16
1988,8103,CO,Rio Blanco County,rural,West,Mountain,3220.971,6253,4112,6,12
1989,8103,CO,Rio Blanco County,rural,West,Mountain,3220.971,6119,4003,6.6,14
1990,8103,CO,Rio Blanco County,rural,West,Mountain,3220.971,6011,3931,7.2,11
1991,8103,CO,Rio Blanco County,rural,West,Mountain,3220.971,6134,4019,7.8,10
1992,8103,CO,Rio Blanco County,rural,West,Mountain,3220.971,6176,4057,8.4,8
1993,8103,CO,Rio Blanco County,rural,West,Mountain,3220.971,6237,4120,9,15
1994,8103,CO,Rio Blanco County,rural,West,Mountain,3220.971,6336,4214,10.33333,13
1995,8103,CO,Rio Blanco County,rural,West,Mountain,3220.971,6380,4273,11.66667,12
1996,8103,CO,Rio Blanco County,rural,West,Mountain,3220.971,6263,4207,13,14
1997,8103,CO,Rio Blanco County,rural,West,Mountain,3220.971,6199,4175,14.33333,16
1998,8103,CO,Rio Blanco County,rural,West,Mountain,3220.971,6132,4146,15.66667,14
1999,8103,CO,Rio Blanco County,rural,West,Mountain,3220.971,6022,4080,17,18
2000,8103,CO,Rio Blanco County,rural,West,Mountain,3220.971,5986,4076,17.16667,21
2001,8103,CO,Rio Blanco County,rural,West,Mountain,3220.971,5868,4036,17.33333,15
2002,8103,CO,Rio Blanco County,rural,West,Mountain,3220.971,5951,4129,17.5,21
2003,8103,CO,Rio Blanco County,rural,West,Mountain,3220.971,5923,4099,557,21
2003,8103,,,,,,,,,17.66667,
2004,8103,CO,Rio Blanco County,rural,West,Mountain,3220.971,6007,4133,17.83333,19
2005,8103,CO,Rio Blanco County,rural,West,Mountain,3220.971,5945,4082,18,21
2006,8103,CO,Rio Blanco County,rural,West,Mountain,3220.971,6176,4250,17.125,22
2007,8103,CO,Rio Blanco County,rural,West,Mountain,3220.971,6373,4395,16.25,17
2008,8103,CO,Rio Blanco County,rural,West,Mountain,3220.971,6522,4456,15.375,17
2009,8103,CO,Rio Blanco County,Rural,West,Mountain,3220.971,6779,4575,14.5,16
2009,8103,CO,Rio Blanco County,Rural,West,Mountain,3220.971,6779,4575,14.5,16
2010,8103,CO,Rio Blanco County,rural,West,Mountain,3220.971,6669,4473,13.625,14
2011,8103,CO,Rio Blanco County,rural,West,Mountain,3220.971,6668,4489,12.75,13
2012,8103,CO,Rio Blanco County,rural,West,Mountain,3220.971,6771,4494,11.875,15
2013,8103,CO,Rio Blanco County,  RURAL ,West,Mountain,3220.971,6792,4494,11,19
2014,8103,CO,Rio Blanco County,rural,West,Mountain,3220.971,6732,4446,11.5,12
2015,8103,CO,Rio Blanco County,  RURAL ,West,Mountain,3220.971,6636,4359,12,13
2016,8103,CO,Rio Blanco County,rural,West,Mountain,3220.971,6515,4260,,
1970,8105,CO,Rio Grande County,rural,West,Mountain,911.956,10469,5977,1.850751,
1971,8105,CO,Rio Grande County,rural,West,Mountain,911.956,10372,5941,1.494447,
1972,8105,CO,Rio Grande County,  RURAL ,West,Mountain,911.956,10475,6065,2.06511,
1973,8105,CO,Rio Grande County,rural,West,Mountain,911.956,10521,6152,2.656503,
1974,8105,CO,Rio Grande County,rural,West,Mountain,911.956,10688,6341,3.238509,
1975,8105,CO,Rio Grande County,rural,West,Mountain,911.956,10888,6544,543,
1975,8105,,,,,,,,,3.820807,
1976,8105,CO,Rio Grande County,rural,West,Mountain,911.956,10699,6458,4.382214,
1977,8105,CO,Rio Grande County,rural,West,Mountain,911.956,10571,6410,4.946698,
1978,8105,CO,Rio Grande County,Rural,West,Mountain,911.956,10519,6400,5.505376,
1979,8105,CO,Rio Grande County,rural,West,Mountain,911.956,10573,6449,6.45361,
1980,8105,CO,Rio Grande County,rural,West,Mountain,911.956,10574,6465,7.345548,
1981,8105,CO,Rio Grande County,rural,West,Mountain,911.956,10794,6605,8.23224,
1982,8105,CO,Rio Grande County,rural,West,Mountain,911.956,10914,6694,9.184961,
1983,8105,CO,Rio Grande County,rural,West,Mountain,911.956,11096,6791,10.12483,
1984,8105,CO,Rio Grande County,rural  ,West,Mountain,911.956,11058,6776,7.394353,6
1985,8105,CO,Rio Grande County,rural,West,Mountain,911.956,11114,6810,4.631393,10
1986,8105,CO,Rio Grande County,rural  ,West,Mountain,911.956,11330,6930,10.3111,8
1986,8105,CO,Rio Grande County,rural  ,West,Mountain,911.956,11330,6930,10.3111,8
1987,8105,CO,Rio Grande County,rural,West,Mountain,911.956,11402,6929,9.377453,11
1988,8105,CO,Rio Grande County,rural,West,Mountain,911.956,11228,6786,5.646374,13
1989,8105,CO,Rio Grande County,rural,West,Mountain,911.956,10891,6548,5.859085,11
1990,8105,CO,Rio Grande County,rural,West,Mountain,911.956,10764,6430,6.058893,10
1991,8105,CO,Rio Grande County,rural,West,Mountain,911.956,10814,6475,6.234136,10
1992,8105,CO,Rio Grande County,rural,West,Mountain,911.956,10831,6526,6.414687,11
1993,8105,CO,Rio Grande County,rural,West,Mountain,911.956,10954,6645,6.611001,11
1994,8105,CO,Rio Grande County,rural,West,Mountain,911.956,11267,6930,8.169206,11
1995,8105,CO,Rio Grande County,rural,West,Mountain,911.956,11606,7195,9.739105,12
1996,8105,CO,Rio Grande County,rural,West,Mountain,911.956,11791,7353,11.2906,10
1997,8105,CO,Rio Grande County,rural,West,Mountain,911.956,11990,7511,12.85218,16
1998,8105,CO,Rio Grande County,rural,West,Mountain,911.956,12163,7613,14.37063,18
1999,8105,CO,Rio Grande County,rural,West,Mountain,911.956,12258,7658,15.89767,23
2000,8105,CO,Rio Grande County,rural,West,Mountain,911.956,12445,7779,16.97927,30
2001,8105,CO,Rio Grande County,rural,West,Mountain,911.956,12213,7723,18.12471,31
2002,8105,CO,Rio Grande County,RURAL,West,Mountain,911.956,12224,7783,19.18147,41
2003,8105,CO,Rio Grande County,rural,West,Mountain,911.956,12296,7822,20.25537,33
2004,8105,CO,Rio Grande County,rural,West,Mountain,911.956,12328,7889,21.29222,33
2005,8105,CO,Rio Grande County,rural,West,Mountain,911.956,12208,7860,22.44111,40
2006,8105,CO,Rio Grande County,Rural,West,Mountain,911.956,12033,7687,23.02547,35
2007,8105,CO,Rio Grande County,rural,West,Mountain,911.956,11852,7519,23.54058,25
2008,8105,CO,Rio Grande County,rural,West,Mountain,911.956,11860,7502,24.16159,26
2009,8105,CO,Rio Grande County,rural,West,Mountain,911.956,11872,7478,24.87036,29
2009,8105,CO,Rio Grande County,rural,West,Mountain,911.956,11872,7478,24.87036,29
2010,8105,CO,Rio Grande County,Rural,West,Mountain,911.956,11982,7547,25.56263,30
2011,8105,CO,Rio Grande County,Rural,West,Mountain,911.956,12025,7562,26.10432,27
2012,8105,CO,Rio Grande County,rural,West,Mountain,911.956,11905,7478,26.73034,34
2012,8105,CO,Rio Grande County,rural,West,Mountain,911.956,11905,7478,26.73034,34
2013,8105,CO,Rio Grande County,rural,West,Mountain,911.956,11861,7389,27.25071,28
2014,8105,CO,Rio Grande County,rural,West,Mountain,911.956,11676,7254,27.25071,35
2015,8105,CO,Rio Grande County,rural,West,Mountain,911.956,11498,7117,27.25071,27
2016,8105,CO,Rio Grande County,rural,West,Mountain,911.956,11338,7007,,
1970,8107,CO,Routt County,rural,West,Mountain,2362.02,6754,4208,3,
1971,8107,CO,Routt County,rural,West,Mountain,2362.02,7397,4745,3.25,
1972,8107,CO,Routt County,rural,West,Mountain,2362.02,8185,5398,3.5,
1972,8107,CO,Routt County,rural,West,Mountain,2362.02,8185,5398,3.5,
1973,8107,CO,Routt County,rural,West,Mountain,2362.02,8808,5935,3.75,
1974,8107,CO,Routt County, rural,West,Mountain,2362.02,9016,6160,4,
1975,8107,CO,Routt County,rural,West,Mountain,2362.02,9795,6809,4.25,
1976,8107,CO,Routt County,rural,West,Mountain,2362.02,10138,7153,4.5,
1976,8107,CO,Routt County,rural,West,Mountain,2362.02,10138,7153,4.5,
1977,8107,CO,Routt County,rural,West,Mountain,2362.02,10701,7656,4.75,
1978,8107,CO,Routt County,rural,West,Mountain,2362.02,11762,8520,5,
1979,8107,CO,Routt County,RURAL,West,Mountain,2362.02,12966,9499,5.6,
1980,8107,CO,Routt County,rural,West,Mountain,2362.02,13454,9913,6.2,
1981,8107,CO,Routt County,rural,West,Mountain,2362.02,13595,10031,6.8,
1981,8107,CO,Routt County,rural,West,Mountain,2362.02,13595,10031,6.8,
1982,8107,CO,Routt County,rural,West,Mountain,2362.02,13995,10331,7.4,
1982,8107,CO,Routt County,rural,West,Mountain,2362.02,13995,10331,7.4,
1983,8107,CO,Routt County,rural,West,Mountain,2362.02,14144,10421,8,
1984,8107,CO,Routt County,rural,West,Mountain,2362.02,14081,10370,9.2,7
1985,8107,CO,Routt County,rural,West,Mountain,2362.02,13833,10181,10.4,13
1985,8107,CO,Routt County,rural,West,Mountain,2362.02,13833,10181,10.4,13
1986,8107,CO,Routt County,RURAL,West,Mountain,2362.02,13480,9897,11.6,13
1987,8107,CO,Routt County,rural,West,Mountain,2362.02,13499,9857,12.8,17
1988,8107,CO,Routt County,rural,West,Mountain,2362.02,13372,9721,14,25
1989,8107,CO,Routt County,rural,West,Mountain,2362.02,13626,9868,15,22
1990,8107,CO,Routt County,rural,West,Mountain,2362.02,14239,10258,16,22
1991,8107,CO,Routt County,rural  ,West,Mountain,2362.02,14807,10720,17,20
1991,8107,CO,Routt County,rural  ,West,Mountain,2362.02,14807,10720,17,20
1992,8107,CO,Routt County,Rural,West,Mountain,2362.02,15314,11131,18,18
1993,8107,CO,Routt County,rural,West,Mountain,2362.02,15989,11725,19,21
1994,8107,CO,Routt County,rural,West,Mountain,2362.02,16678,12356,22.33333,29
1995,8107,CO,Routt County,Rural,West,Mountain,2362.02,17295,12940,25.66667,24
1996,8107,CO,Routt County,rural,West,Mountain,2362.02,17831,13411,29,28
1997,8107,CO,Routt County,RURAL,West,Mountain,2362.02,18313,13845,32.33333,28
1998,8107,CO,Routt County,rural,West,Mountain,2362.02,18653,14138,35.66667,31
1999,8107,CO,Routt County,rural,West,Mountain,2362.02,19237,14681,39,27
2000,8107,CO,Routt County,RURAL,West,Mountain,2362.02,19815,15180,40,35
2001,8107,CO,Routt County,rural,West,Mountain,2362.02,20210,15576,41,36
2002,8107,CO,Routt County,rural,West,Mountain,2362.02,20469,15764,42,46
2003,8107,CO,Routt County,rural,West,Mountain,2362.02,20893,16006,43,39
2004,8107,CO,Routt County,rural,West,Mountain,2362.02,21162,16199,44,37
2005,8107,CO,Routt County,rural,West,Mountain,2362.02,21398,16394,45,45
2006,8107,CO,Routt County,rural,West,Mountain,2362.02,21859,16732,42,60
2007,8107,CO,Routt County,rural,West,Mountain,2362.02,22491,17125,39,36
2008,8107,CO,Routt County,RURAL,West,Mountain,2362.02,23135,17555,36,40
2009,8107,CO,Routt County,rural,West,Mountain,2362.02,23688,17843,33,33
2010,8107,CO,Routt County,rural,West,Mountain,2362.02,23506,17539,30,32
2011,8107,CO,Routt County,rural,West,Mountain,2362.02,23446,17457,27,28
2012,8107,CO,Routt County,rural,West,Mountain,2362.02,23246,17192,24,23
2013,8107,CO,Routt County,rural,West,Mountain,2362.02,23253,17072,21,25
2013,8107,CO,Routt County,rural,West,Mountain,2362.02,23253,17072,21,25
2014,8107,CO,Routt County,rural,West,Mountain,2362.02,23569,17159,21,33
2015,8107,CO,Routt County,rural,West,Mountain,2362.02,24019,17334,21,26
2016,8107,CO,Routt County,rural,West,Mountain,2362.02,24310,17406,,
1970,8109,CO,Saguache County,rural,West,Mountain,3168.566,3832,2206,4,
1971,8109,CO,Saguache County,rural,West,Mountain,3168.566,3894,2275,3.75,
1972,8109,CO,Saguache County,rural,West,Mountain,3168.566,3987,2367,3.5,
1973,8109,CO,Saguache County,rural,West,Mountain,3168.566,3954,2380,3.25,
1974,8109,CO,Saguache County,rural,West,Mountain,3168.566,4081,2490,3,
1975,8109,CO,Saguache County,rural,West,Mountain,3168.566,4137,2552,2.75,
1976,8109,CO,Saguache County,rural,West,Mountain,3168.566,4112,2563,2.5,
1977,8109,CO,Saguache County,rural,West,Mountain,3168.566,4122,2588,2.25,
1978,8109,CO,Saguache County,rural,West,Mountain,3168.566,4235,2683,2,
1979,8109,CO,Saguache County,rural,West,Mountain,3168.566,3955,2485,4.2,
1980,8109,CO,Saguache County,rural,West,Mountain,3168.566,3963,2506,6.4,
1981,8109,CO,Saguache County,rural,West,Mountain,3168.566,4067,2561,8.6,
1982,8109,CO,Saguache County,rural,West,Mountain,3168.566,4120,2600,10.8,
1983,8109,CO,Saguache County,rural  ,West,Mountain,3168.566,4210,2643,13,
1984,8109,CO,Saguache County,rural,West,Mountain,3168.566,4184,2623,11.4,4
1985,8109,CO,Saguache County,rural,West,Mountain,3168.566,4224,2640,9.8,6
1986,8109,CO,Saguache County,rural,West,Mountain,3168.566,4332,2701,8.2,
1987,8109,CO,Saguache County,rural,West,Mountain,3168.566,4395,2716,6.6,
1988,8109,CO,Saguache County,rural,West,Mountain,3168.566,4469,2741,5,
1989,8109,CO,Saguache County,rural,West,Mountain,3168.566,4512,2748,5,5
1990,8109,CO,Saguache County,rural,West,Mountain,3168.566,4632,2802,5,4
1991,8109,CO,Saguache County,rural,West,Mountain,3168.566,4690,2868,5,5
1992,8109,CO,Saguache County,rural,West,Mountain,3168.566,4693,2870,5,4
1993,8109,CO,Saguache County,rural,West,Mountain,3168.566,4706,2914,5,
1994,8109,CO,Saguache County,rural,West,Mountain,3168.566,4898,3074,6.666667,
1995,8109,CO,Saguache County,rural,West,Mountain,3168.566,5201,3315,8.333333,4
1996,8109,CO,Saguache County,rural,West,Mountain,3168.566,5413,3493,10,5
1997,8109,CO,Saguache County,rural,West,Mountain,3168.566,5543,3609,11.66667,6
1998,8109,CO,Saguache County,RURAL,West,Mountain,3168.566,5613,3700,13.33333,6
1999,8109,CO,Saguache County,rural,West,Mountain,3168.566,5706,3767,15,5
2000,8109,CO,Saguache County,rural,West,Mountain,3168.566,5939,3944,15.66667,6
2001,8109,CO,Saguache County,rural,West,Mountain,3168.566,6024,3999,16.33333,8
2002,8109,CO,Saguache County,rural,West,Mountain,3168.566,6209,4124,17,4
2003,8109,CO,Saguache County,rural,West,Mountain,3168.566,6262,4199,17.66667,11
2004,8109,CO,Saguache County,rural,West,Mountain,3168.566,6365,4316,18.33333,16
2005,8109,CO,Saguache County,rural,West,Mountain,3168.566,6296,4283,19,11
2006,8109,CO,Saguache County,rural,West,Mountain,3168.566,6223,4216,18.625,10
2007,8109,CO,Saguache County,RURAL,West,Mountain,3168.566,6148,4154,18.25,11
2008,8109,CO,Saguache County,rural,West,Mountain,3168.566,6179,4184,17.875,10
2009,8109,CO,Saguache County,rural,West,Mountain,3168.566,6134,4180,17.5,8
2010,8109,CO,Saguache County,rural,West,Mountain,3168.566,6108,4041,17.125,11
2011,8109,CO,Saguache County,rural,West,Mountain,3168.566,6136,4053,16.75,6
2011,8109,CO,Saguache County,rural,West,Mountain,3168.566,6136,4053,16.75,6
2012,8109,CO,Saguache County,rural,West,Mountain,3168.566,6177,4067,16.375,10
2013,8109,CO,Saguache County,rural,West,Mountain,3168.566,6320,4005,16,10
2014,8109,CO,Saguache County,rural,West,Mountain,3168.566,6232,3912,16,15
2015,8109,CO,Saguache County, rural,West,Mountain,3168.566,6186,3835,16,18
2016,8109,CO,Saguache County,rural,West,Mountain,3168.566,6239,3805,,
1970,8111,CO,San Juan County,rural,West,Mountain,387.516,830,537,1.327089,
1971,8111,CO,San Juan County,rural,West,Mountain,387.516,797,517,1.150347,
1972,8111,CO,San Juan County,rural,West,Mountain,387.516,789,517,0.9995645,
1972,8111,CO,San Juan County,rural,West,Mountain,387.516,789,517,0.9995645,
1973,8111,CO,San Juan County,rural,West,Mountain,387.516,871,583,1.019811,
1973,8111,CO,San Juan County,rural,West,Mountain,387.516,871,583,1.019811,
1974,8111,CO,San Juan County,rural,West,Mountain,387.516,879,591,0.9292453,
1975,8111,CO,San Juan County,rural,West,Mountain,387.516,891,610,0.8480976,
1976,8111,CO,San Juan County,rural,West,Mountain,387.516,895,618,0.7364569,
1976,8111,CO,San Juan County,rural,West,Mountain,387.516,895,618,0.7364569,
1977,8111,CO,San Juan County, rural,West,Mountain,387.516,918,638,0.6677377,
1978,8111,CO,San Juan County,RURAL,West,Mountain,387.516,857,595,501,
1978,8111,,,,,,,,,0.5515217,
1979,8111,CO,San Juan County,rural,West,Mountain,387.516,855,592,0.6259137,
1980,8111,CO,San Juan County,rural,West,Mountain,387.516,840,584,0.6968198,
1981,8111,CO,San Juan County,rural,West,Mountain,387.516,890,619,0.8005879,
1982,8111,CO,San Juan County,RURAL,West,Mountain,387.516,940,656,0.9049986,
1983,8111,CO,San Juan County,rural,West,Mountain,387.516,960,668,0.9869338,
1984,8111,CO,San Juan County,rural,West,Mountain,387.516,950,661,1.155082,0
1985,8111,CO,San Juan County,rural,West,Mountain,387.516,871,607,1.223419,
1986,8111,CO,San Juan County,rural,West,Mountain,387.516,743,518,1.206981,
1987,8111,CO,San Juan County,rural,West,Mountain,387.516,907,630,1.65685,
1988,8111,CO,San Juan County,rural,West,Mountain,387.516,830,575,1.695088,
1989,8111,CO,San Juan County,RURAL,West,Mountain,387.516,753,520,1.384851,
1990,8111,CO,San Juan County,rural,West,Mountain,387.516,749,512,1.315146,
1991,8111,CO,San Juan County,rural,West,Mountain,387.516,705,484,1.092318,
1992,8111,CO,San Juan County,rural,West,Mountain,387.516,588,407,0.933907,0
1993,8111,CO,San Juan County,rural,West,Mountain,387.516,587,417,1.147647,
1994,8111,CO,San Juan County,rural,West,Mountain,387.516,554,397,1.1198,
1995,8111,CO,San Juan County,rural,West,Mountain,387.516,565,416,1.180889,0
1996,8111,CO,San Juan County,RURAL,West,Mountain,387.516,576,431,1.250271,
1997,8111,CO,San Juan County,RURAL,West,Mountain,387.516,555,426,1.271082,
1997,8111,CO,San Juan County,RURAL,West,Mountain,387.516,555,426,1.271082,
1998,8111,CO,San Juan County,  RURAL ,West,Mountain,387.516,543,422,1.302427,
1999,8111,CO,San Juan County,Rural,West,Mountain,387.516,549,435,1.380208,
2000,8111,CO,San Juan County, rural,West,Mountain,387.516,562,439,1.536727,0
2001,8111,CO,San Juan County,rural,West,Mountain,387.516,581,452,1.733361,0
2001,8111,CO,San Juan County,rural,West,Mountain,387.516,581,452,1.733361,0
2002,8111,CO,San Juan County,rural,West,Mountain,387.516,594,453,1.886722,
2002,8111,CO,San Juan County,rural,West,Mountain,387.516,594,453,1.886722,
2003,8111,CO,San Juan County,rural,West,Mountain,387.516,610,465,2.103991,0
2004,8111,CO,San Juan County,rural,West,Mountain,387.516,631,477,2.327982,0
2005,8111,CO,San Juan County,rural,West,Mountain,387.516,627,470,2.437234,0
2006,8111,CO,San Juan County,rural,West,Mountain,387.516,649,493,2.386179,0
2007,8111,CO,San Juan County,rural,West,Mountain,387.516,661,486,2.214557,0
2008,8111,CO,San Juan County,rural  ,West,Mountain,387.516,670,480,2.044678,
2009,8111,CO,San Juan County,rural,West,Mountain,387.516,657,471,1.878788,
2010,8111,CO,San Juan County,rural,West,Mountain,387.516,699,501,1.937952,
2011,8111,CO,San Juan County,rural,West,Mountain,387.516,708,514,1.793168,
2012,8111,CO,San Juan County,rural,West,Mountain,387.516,690,503,1.645621,
2013,8111,CO,San Juan County,rural,West,Mountain,387.516,692,497,1.476147,
2014,8111,CO,San Juan County,rural,West,Mountain,387.516,691,485,1.476147,
2015,8111,CO,San Juan County,Rural,West,Mountain,387.516,711,483,1.476147,
2016,8111,CO,San Juan County, rural,West,Mountain,387.516,688,459,,
1970,8113,CO,San Miguel County,rural,West,Mountain,1286.726,1965,1149,0,
1971,8113,CO,San Miguel County,rural,West,Mountain,1286.726,2050,1231,0,
1972,8113,CO,San Miguel County,rural,West,Mountain,1286.726,1996,1226,0,
1972,8113,CO,San Miguel County,rural,West,Mountain,1286.726,1996,1226,0,
1973,8113,CO,San Miguel County,rural,West,Mountain,1286.726,2185,1386,0,
1974,8113,CO,San Miguel County, rural,West,Mountain,1286.726,2306,1505,0,
1974,8113,CO,San Miguel County, rural,West,Mountain,1286.726,2306,1505,0,
1975,8113,CO,San Miguel County,rural,West,Mountain,1286.726,2276,1517,0,
1976,8113,CO,San Miguel County,rural,West,Mountain,1286.726,2479,1688,0,
1977,8113,CO,San Miguel County,rural,West,Mountain,1286.726,2842,1980,0,
1978,8113,CO,San Miguel County,rural,West,Mountain,1286.726,2949,2067,0,
1979,8113,CO,San Miguel County,rural,West,Mountain,1286.726,2892,2042,0,
1980,8113,CO,San Miguel County,rural,West,Mountain,1286.726,3193,2284,0,
1980,8113,CO,San Miguel County,rural,West,Mountain,1286.726,3193,2284,0,
1981,8113,CO,San Miguel County,rural,West,Mountain,1286.726,3190,2305,0,
1982,8113,CO,San Miguel County,rural,West,Mountain,1286.726,3018,2202,0,
1983,8113,CO,San Miguel County,rural,West,Mountain,1286.726,3042,2234,0,
1984,8113,CO,San Miguel County,rural,West,Mountain,1286.726,3012,2225,0,
1984,8113,CO,San Miguel County,rural,West,Mountain,1286.726,3012,2225,0,
1985,8113,CO,San Miguel County,rural,West,Mountain,1286.726,2957,2198,0,
1986,8113,CO,San Miguel County,rural,West,Mountain,1286.726,3214,2400,0,
1987,8113,CO,San Miguel County,rural,West,Mountain,1286.726,3332,2493,0,
1988,8113,CO,San Miguel County,rural,West,Mountain,1286.726,3352,2513,0,
1989,8113,CO,San Miguel County,rural,West,Mountain,1286.726,3409,2561,0,
1990,8113,CO,San Miguel County,rural,West,Mountain,1286.726,3741,2815,0,
1991,8113,CO,San Miguel County,rural,West,Mountain,1286.726,4108,3136,0,
1992,8113,CO,San Miguel County,rural,West,Mountain,1286.726,4440,3421,0,
1993,8113,CO,San Miguel County,rural,West,Mountain,1286.726,4841,3788,0,5
1994,8113,CO,San Miguel County, rural,West,Mountain,1286.726,5171,4088,0,10
1995,8113,CO,San Miguel County,rural,West,Mountain,1286.726,5419,4330,0,6
1996,8113,CO,San Miguel County,rural,West,Mountain,1286.726,5776,4667,0,5
1997,8113,CO,San Miguel County,RURAL,West,Mountain,1286.726,5991,4877,0,6
1998,8113,CO,San Miguel County,rural,West,Mountain,1286.726,6256,5116,0,9
1999,8113,CO,San Miguel County,rural,West,Mountain,1286.726,6396,5262,0,12
2000,8113,CO,San Miguel County,rural,West,Mountain,1286.726,6609,5433,0,18
2001,8113,CO,San Miguel County,rural,West,Mountain,1286.726,6858,5586,0,18
2001,8113,CO,San Miguel County,rural,West,Mountain,1286.726,6858,5586,0,18
2002,8113,CO,San Miguel County,rural,West,Mountain,1286.726,7111,5758,0,18
2003,8113,CO,San Miguel County,rural,West,Mountain,1286.726,7062,5670,0,14
2004,8113,CO,San Miguel County,rural,West,Mountain,1286.726,7038,5640,0,11
2005,8113,CO,San Miguel County,  RURAL ,West,Mountain,1286.726,7097,5645,0,13
2006,8113,CO,San Miguel County,rural,West,Mountain,1286.726,7071,5613,0,9
2007,8113,CO,San Miguel County,rural,West,Mountain,1286.726,7322,5750,501,11
2007,8113,,,,,,,,,0,
2008,8113,CO,San Miguel County,rural,West,Mountain,1286.726,7366,5674,0,9
2009,8113,CO,San Miguel County,RURAL,West,Mountain,1286.726,7379,5628,0,13
2010,8113,CO,San Miguel County,rural,West,Mountain,1286.726,7359,5586,0,19
2011,8113,CO,San Miguel County,rural,West,Mountain,1286.726,7356,5575,0,18
2012,8113,CO,San Miguel County,rural,West,Mountain,1286.726,7469,5664,0,6
2013,8113,CO,San Miguel County,rural,West,Mountain,1286.726,7561,5626,9,13
2014,8113,CO,San Miguel County,rural,West,Mountain,1286.726,7598,5609,9,12
2014,8113,CO,San Miguel County,rural,West,Mountain,1286.726,7598,5609,9,12
2015,8113,CO,San Miguel County,rural,West,Mountain,1286.726,7704,5657,9,9
2016,8113,CO,San Miguel County,rural,West,Mountain,1286.726,7785,5660,,
1970,8115,CO,Sedgwick County,rural,West,Mountain,548.041,3403,2018,501,
1970,8115,,,,,,,,,0,
1971,8115,CO,Sedgwick County,RURAL,West,Mountain,548.041,3438,2051,0,
1971,8115,CO,Sedgwick County,RURAL,West,Mountain,548.041,3438,2051,0,
1972,8115,CO,Sedgwick County,rural,West,Mountain,548.041,3398,2038,0,
1973,8115,CO,Sedgwick County,rural,West,Mountain,548.041,3330,2010,0,
1974,8115,CO,Sedgwick County,rural,West,Mountain,548.041,3301,1989,0,
1975,8115,CO,Sedgwick County,rural,West,Mountain,548.041,3411,2075,0,
1976,8115,CO,Sedgwick County,rural,West,Mountain,548.041,3368,2033,0,
1977,8115,CO,Sedgwick County,rural,West,Mountain,548.041,3353,2021,0,
1978,8115,CO,Sedgwick County,Rural,West,Mountain,548.041,3372,2028,1,
1979,8115,CO,Sedgwick County,rural,West,Mountain,548.041,3413,2053,1,
1980,8115,CO,Sedgwick County,rural,West,Mountain,548.041,3257,1939,1,
1981,8115,CO,Sedgwick County,rural,West,Mountain,548.041,3229,1924,1,
1982,8115,CO,Sedgwick County,rural,West,Mountain,548.041,3223,1924,1,
1983,8115,CO,Sedgwick County,rural,West,Mountain,548.041,3177,1896,1,
1984,8115,CO,Sedgwick County,rural,West,Mountain,548.041,3139,1869,1,
1985,8115,CO,Sedgwick County,rural,West,Mountain,548.041,3055,1817,1,
1986,8115,CO,Sedgwick County,  RURAL ,West,Mountain,548.041,2960,1752,1,
1987,8115,CO,Sedgwick County,rural,West,Mountain,548.041,2854,1680,1,
1988,8115,CO,Sedgwick County,rural,West,Mountain,548.041,2797,1634,1,
1989,8115,CO,Sedgwick County,rural,West,Mountain,548.041,2766,1603,1,
1990,8115,CO,Sedgwick County,rural,West,Mountain,548.041,2678,1536,1,
1991,8115,CO,Sedgwick County,rural,West,Mountain,548.041,2692,1535,1,
1992,8115,CO,Sedgwick County,rural,West,Mountain,548.041,2674,1527,1,
1993,8115,CO,Sedgwick County,rural,West,Mountain,548.041,2684,1538,1,
1994,8115,CO,Sedgwick County,rural,West,Mountain,548.041,2688,1564,1,
1995,8115,CO,Sedgwick County,rural,West,Mountain,548.041,2683,1579,1,
1996,8115,CO,Sedgwick County,rural,West,Mountain,548.041,2743,1639,1,
1997,8115,CO,Sedgwick County,rural,West,Mountain,548.041,2696,1617,1,5
1998,8115,CO,Sedgwick County,rural,West,Mountain,548.041,2663,1573,1,5
1999,8115,CO,Sedgwick County,rural,West,Mountain,548.041,2711,1607,1,6
2000,8115,CO,Sedgwick County,rural,West,Mountain,548.041,2746,1637,1.166667,7
2001,8115,CO,Sedgwick County,rural,West,Mountain,548.041,2661,1589,1.333333,7
2002,8115,CO,Sedgwick County,rural,West,Mountain,548.041,2694,1585,1.5,9
2003,8115,CO,Sedgwick County,rural,West,Mountain,548.041,2652,1577,1.666667,7
2004,8115,CO,Sedgwick County,rural,West,Mountain,548.041,2551,1516,1.833333,7
2005,8115,CO,Sedgwick County,rural,West,Mountain,548.041,2522,1521,2,6
2006,8115,CO,Sedgwick County, rural,West,Mountain,548.041,2474,1481,2,5
2007,8115,CO,Sedgwick County,rural,West,Mountain,548.041,2400,1455,2,9
2008,8115,CO,Sedgwick County,rural,West,Mountain,548.041,2421,1467,2,12
2009,8115,CO,Sedgwick County,rural,West,Mountain,548.041,2392,1452,2,9
2010,8115,CO,Sedgwick County,rural,West,Mountain,548.041,2379,1433,2,5
2011,8115,CO,Sedgwick County,rural,West,Mountain,548.041,2368,1427,2,5
2012,8115,CO,Sedgwick County,rural  ,West,Mountain,548.041,2366,1424,2,
2013,8115,CO,Sedgwick County,rural,West,Mountain,548.041,2373,1420,2,4
2014,8115,CO,Sedgwick County,rural,West,Mountain,548.041,2335,1393,2,6
2014,8115,CO,Sedgwick County,rural,West,Mountain,548.041,2335,1393,2,6
2015,8115,CO,Sedgwick County,rural,West,Mountain,548.041,2329,1373,2,
2016,8115,CO,Sedgwick County,rural,West,Mountain,548.041,2370,1390,,
1970,8117,CO,Summit County,rural,West,Mountain,608.339,2793,1841,2,
1971,8117,CO,Summit County,rural,West,Mountain,608.339,3333,2301,2.625,
1972,8117,CO,Summit County,rural,West,Mountain,608.339,4032,2882,3.25,
1973,8117,CO,Summit County,rural,West,Mountain,608.339,4858,3560,3.875,
1974,8117,CO,Summit County,rural,West,Mountain,608.339,5562,4149,4.5,
1975,8117,CO,Summit County,rural,West,Mountain,608.339,5926,4477,5.125,
1976,8117,CO,Summit County,rural,West,Mountain,608.339,6513,5044,5.75,
1977,8117,CO,Summit County,rural,West,Mountain,608.339,7277,5731,6.375,
1978,8117,CO,Summit County,rural,West,Mountain,608.339,7984,6360,7,
1979,8117,CO,Summit County,rural,West,Mountain,608.339,8560,6892,8.2,
1980,8117,CO,Summit County,rural,West,Mountain,608.339,8961,7267,9.4,
1981,8117,CO,Summit County,rural,West,Mountain,608.339,9390,7615,10.6,
1982,8117,CO,Summit County,rural,West,Mountain,608.339,10272,8320,11.8,
1983,8117,CO,Summit County,Rural,West,Mountain,608.339,10689,8639,13,
1984,8117,CO,Summit County,rural,West,Mountain,608.339,10638,8588,16,7
1985,8117,CO,Summit County,rural,West,Mountain,608.339,11057,8918,19,6
1986,8117,CO,Summit County,rural,West,Mountain,608.339,11476,9235,22,10
1987,8117,CO,Summit County,rural,West,Mountain,608.339,11415,9146,25,16
1988,8117,CO,Summit County,rural,West,Mountain,608.339,11636,9286,28,18
1988,8117,CO,Summit County,rural,West,Mountain,608.339,11636,9286,28,18
1989,8117,CO,Summit County,rural,West,Mountain,608.339,12195,9710,29.2,32
1990,8117,CO,Summit County,rural,West,Mountain,608.339,13124,10409,30.4,38
1991,8117,CO,Summit County,rural,West,Mountain,608.339,13962,11108,31.6,36
1992,8117,CO,Summit County,rural,West,Mountain,608.339,15025,12006,585,37
1992,8117,,,,,,,,,32.8,
1993,8117,CO,Summit County,rural,West,Mountain,608.339,16169,12983,34,37
1994,8117,CO,Summit County,rural,West,Mountain,608.339,17490,14113,27,41
1994,8117,CO,Summit County,rural,West,Mountain,608.339,17490,14113,27,41
1995,8117,CO,Summit County,rural,West,Mountain,608.339,18873,15297,35,32
1996,8117,CO,Summit County,rural,West,Mountain,608.339,19900,16176,30,39
1996,8117,CO,Summit County,rural,West,Mountain,608.339,19900,16176,30,39
1997,8117,CO,Summit County,rural,West,Mountain,608.339,20976,17116,78,35
1998,8117,CO,Summit County,rural,West,Mountain,608.339,21702,17720,70,52
1999,8117,CO,Summit County,rural,West,Mountain,608.339,23069,18926,65,57
2000,8117,CO,Summit County,rural,West,Mountain,608.339,23700,19446,70,46
2001,8117,CO,Summit County,rural,West,Mountain,608.339,24716,20110,55,41
2002,8117,CO,Summit County,rural,West,Mountain,608.339,25006,20205,52,46
2003,8117,CO,Summit County,rural,West,Mountain,608.339,25408,20407,52,52
2004,8117,CO,Summit County,rural,West,Mountain,608.339,25313,20294,37,47
2005,8117,CO,Summit County,rural,West,Mountain,608.339,25487,20304,34,40
2006,8117,CO,Summit County,rural  ,West,Mountain,608.339,26019,20691,34.375,56
2007,8117,CO,Summit County,rural,West,Mountain,608.339,26603,21011,34.75,58
2008,8117,CO,Summit County,rural,West,Mountain,608.339,27144,21297,35.125,75
2009,8117,CO,Summit County,rural,West,Mountain,608.339,27678,21562,35.5,74
2010,8117,CO,Summit County,rural,West,Mountain,608.339,27994,21703,35.875,60
2011,8117,CO,Summit County,rural,West,Mountain,608.339,28068,21743,36.25,50
2012,8117,CO,Summit County,rural,West,Mountain,608.339,27988,21536,36.625,46
2013,8117,CO,Summit County,rural,West,Mountain,608.339,28229,21477,37,44
2014,8117,CO,Summit County,rural  ,West,Mountain,608.339,28655,21638,37,47
2015,8117,CO,Summit County,rural,West,Mountain,608.339,29186,21867,37,41
2016,8117,CO,Summit County,rural,West,Mountain,608.339,29852,22336,,
1970,8119,CO,Teller County,small/mid,West,Mountain,557.043,3392,2060,5,
1971,8119,CO,Teller County,small/mid,West,Mountain,557.043,3729,2303,5,
1972,8119,CO,Teller County,small/mid,West,Mountain,557.043,4567,2899,5,
1973,8119,CO,Teller County,small/mid,West,Mountain,557.043,5078,3280,5,
1974,8119,CO,Teller County,small/mid,West,Mountain,557.043,5437,3552,5,
1975,8119,CO,Teller County,small/mid,West,Mountain,557.043,5836,3858,5,
1976,8119,CO,Teller County,small/mid,West,Mountain,557.043,6093,4066,5,
1976,8119,CO,Teller County,small/mid,West,Mountain,557.043,6093,4066,5,
1977,8119,CO,Teller County,small/mid,West,Mountain,557.043,6450,4352,5,
1978,8119,CO,Teller County,small/mid  ,West,Mountain,557.043,6987,4746,5,
1979,8119,CO,Teller County,small/mid,West,Mountain,557.043,7886,5396,7,
1980,8119,CO,Teller County,small/mid,West,Mountain,557.043,8138,5576,9,
1981,8119,CO,Teller County,small/mid,West,Mountain,557.043,8531,5849,11,
1982,8119,CO,Teller County,small/mid,West,Mountain,557.043,9082,6249,13,
1983,8119,CO,Teller County,small/mid  ,West,Mountain,557.043,9576,6581,15,
1984,8119,CO,Teller County,small/mid,West,Mountain,557.043,10410,7162,14,8
1985,8119,CO,Teller County,small/mid,West,Mountain,557.043,10854,7475,13,12
1986,8119,CO,Teller County,small/mid,West,Mountain,557.043,11367,7826,12,9
1987,8119,CO,Teller County,SMALL/MID,West,Mountain,557.043,11966,8209,11,10
1988,8119,CO,Teller County,small/mid  ,West,Mountain,557.043,12227,8358,10,14
1989,8119,CO,Teller County,small/mid,West,Mountain,557.043,12263,8355,16.27273,14
1990,8119,CO,Teller County,small/mid,West,Mountain,557.043,12526,8472,22.54545,17
1991,8119,CO,Teller County,small/mid,West,Mountain,557.043,12808,8699,28.81818,14
1991,8119,CO,Teller County,small/mid,West,Mountain,557.043,12808,8699,28.81818,14
1992,8119,CO,Teller County,small/mid,West,Mountain,557.043,13624,9316,35.09091,18
1993,8119,CO,Teller County, small/mid,West,Mountain,557.043,14750,10183,41.36364,20
1994,8119,CO,Teller County,small/mid,West,Mountain,557.043,15815,11022,47.63636,25
1995,8119,CO,Teller County,small/mid,West,Mountain,557.043,17112,12037,606,26
1995,8119,,,,,,,,,53.90909,
1996,8119,CO,Teller County,small/mid,West,Mountain,557.043,18162,12867,60.18182,25
1997,8119,CO,Teller County,small/mid,West,Mountain,557.043,19173,13631,66.45454,23
1998,8119,CO,Teller County,small/mid,West,Mountain,557.043,19737,14069,72.72727,30
1999,8119,CO,Teller County,  SMALL/MID ,West,Mountain,557.043,20294,14523,79,34
2000,8119,CO,Teller County,small/mid,West,Mountain,557.043,20655,14786,77.16666,33
2001,8119,CO,Teller County,small/mid,West,Mountain,557.043,21193,15192,75.33334,33
2002,8119,CO,Teller County,small/mid,West,Mountain,557.043,21543,15480,73.5,35
2003,8119,CO,Teller County,small/mid,West,Mountain,557.043,21682,15615,71.66666,47
2004,8119,CO,Teller County,small/mid,West,Mountain,557.043,21678,15716,69.83334,59
2005,8119,CO,Teller County,small/mid,West,Mountain,557.043,21978,15953,68,59
2005,8119,CO,Teller County,small/mid,West,Mountain,557.043,21978,15953,68,59
2006,8119,CO,Teller County,small/mid,West,Mountain,557.043,22281,16241,127,63
2007,8119,CO,Teller County,small/mid,West,Mountain,557.043,22707,16440,59,63
2008,8119,CO,Teller County,SMALL/MID,West,Mountain,557.043,22725,16338,129,60
2009,8119,CO,Teller County,small/mid,West,Mountain,557.043,22937,16344,80,61
2010,8119,CO,Teller County,small/mid,West,Mountain,557.043,23356,16532,58,55
2011,8119,CO,Teller County,small/mid,West,Mountain,557.043,23465,16568,60,53
2012,8119,CO,Teller County,small/mid,West,Mountain,557.043,23363,16345,41,58
2013,8119,CO,Teller County,small/mid,West,Mountain,557.043,23439,16133,606,53
2013,8119,,,,,,,,,40,
2014,8119,CO,Teller County,small/mid,West,Mountain,557.043,23351,15905,81,62
2015,8119,CO,Teller County,small/mid,West,Mountain,557.043,23431,15703,54,73
2016,8119,CO,Teller County,small/mid,West,Mountain,557.043,23377,15489,,
1970,8121,CO,Washington County,rural,West,Mountain,2518.084,5534,3295,2,
1971,8121,CO,Washington County,rural  ,West,Mountain,2518.084,5446,3266,2.076923,
1971,8121,CO,Washington County,rural  ,West,Mountain,2518.084,5446,3266,2.076923,
1972,8121,CO,Washington County,rural,West,Mountain,2518.084,5498,3343,2.153846,
1973,8121,CO,Washington County,rural,West,Mountain,2518.084,5195,3168,2.230769,
1974,8121,CO,Washington County,rural,West,Mountain,2518.084,5173,3197,2.307692,
1975,8121,CO,Washington County,rural,West,Mountain,2518.084,5177,3245,2.384615,
1976,8121,CO,Washington County,rural,West,Mountain,2518.084,5244,3289,2.461539,
1977,8121,CO,Washington County,rural,West,Mountain,2518.084,5008,3117,2.538461,
1978,8121,CO,Washington County, rural,West,Mountain,2518.084,4838,2985,529,
1978,8121,,,,,,,,,2.615385,
1979,8121,CO,Washington County,rural,West,Mountain,2518.084,4879,3023,2.692308,
1980,8121,CO,Washington County,rural,West,Mountain,2518.084,5287,3319,2.769231,
1981,8121,CO,Washington County,rural,West,Mountain,2518.084,5187,3251,2.846154,
1982,8121,CO,Washington County,rural,West,Mountain,2518.084,5318,3333,2.923077,
1983,8121,CO,Washington County,rural,West,Mountain,2518.084,5436,3393,3,
1984,8121,CO,Washington County,rural,West,Mountain,2518.084,5386,3351,2.6,4
1985,8121,CO,Washington County,rural,West,Mountain,2518.084,5253,3254,2.2,
1985,8121,CO,Washington County,rural,West,Mountain,2518.084,5253,3254,2.2,
1986,8121,CO,Washington County,rural,West,Mountain,2518.084,5172,3188,1.8,
1987,8121,CO,Washington County,rural,West,Mountain,2518.084,5137,3134,1.4,4
1987,8121,CO,Washington County,rural,West,Mountain,2518.084,5137,3134,1.4,4
1988,8121,CO,Washington County,rural,West,Mountain,2518.084,5081,3068,1,4
1988,8121,CO,Washington County,rural,West,Mountain,2518.084,5081,3068,1,4
1989,8121,CO,Washington County,rural,West,Mountain,2518.084,4965,2972,1.8,5
1990,8121,CO,Washington County,rural,West,Mountain,2518.084,4784,2830,2.6,5
1991,8121,CO,Washington County,  RURAL ,West,Mountain,2518.084,4813,2845,3.4,6
1992,8121,CO,Washington County,rural,West,Mountain,2518.084,4728,2781,4.2,8
1993,8121,CO,Washington County,rural,West,Mountain,2518.084,4848,2865,5,5
1994,8121,CO,Washington County,rural,West,Mountain,2518.084,4906,2916,571,4
1994,8121,,,,,,,,,5.5,
1995,8121,CO,Washington County,rural,West,Mountain,2518.084,5013,3001,6,6
1995,8121,CO,Washington County,rural,West,Mountain,2518.084,5013,3001,6,6
1996,8121,CO,Washington County,rural,West,Mountain,2518.084,5036,3021,6.5,8
1997,8121,CO,Washington County,rural,West,Mountain,2518.084,5019,3015,7,7
1998,8121,CO,Washington County,rural  ,West,Mountain,2518.084,5034,3039,7.5,6
1999,8121,CO,Washington County,rural,West,Mountain,2518.084,4862,2910,8,9
1999,8121,CO,Washington County,rural,West,Mountain,2518.084,4862,2910,8,9
2000,8121,CO,Washington County,rural,West,Mountain,2518.084,4939,3001,39.5,9
2001,8121,CO,Washington County,rural,West,Mountain,2518.084,4874,2977,71,14
2002,8121,CO,Washington County,rural,West,Mountain,2518.084,5035,3097,102.5,13
2003,8121,CO,Washington County,rural,West,Mountain,2518.084,5028,3124,134,15
2004,8121,CO,Washington County,rural,West,Mountain,2518.084,4923,3059,165.5,11
2004,8121,CO,Washington County,rural,West,Mountain,2518.084,4923,3059,165.5,11
2005,8121,CO,Washington County,rural,West,Mountain,2518.084,4912,3088,197,16
2006,8121,CO,Washington County,rural,West,Mountain,2518.084,4907,3059,196,27
2007,8121,CO,Washington County, rural,West,Mountain,2518.084,4883,3039,193,32
2008,8121,CO,Washington County,rural,West,Mountain,2518.084,4792,2948,88,22
2009,8121,CO,Washington County,rural,West,Mountain,2518.084,4800,2988,150,18
2010,8121,CO,Washington County,rural,West,Mountain,2518.084,4814,2996,210,19
2010,8121,CO,Washington County,rural,West,Mountain,2518.084,4814,2996,210,19
2011,8121,CO,Washington County,rural,West,Mountain,2518.084,4823,2998,149,16
2012,8121,CO,Washington County,rural,West,Mountain,2518.084,4763,2952,165,15
2013,8121,CO,Washington County,rural,West,Mountain,2518.084,4701,2908,166,13
2014,8121,CO,Washington County,rural,West,Mountain,2518.084,4743,2951,182,10
2015,8121,CO,Washington County,rural,West,Mountain,2518.084,4732,2915,182,13
2016,8121,CO,Washington County,rural,West,Mountain,2518.084,4787,2954,,
1970,8123,CO,Weld County,small/mid,West,Mountain,3986.005,90195,56428,26,
1971,8123,CO,Weld County,small/mid,West,Mountain,3986.005,93780,59173,32.25,
1972,8123,CO,Weld County,small/mid,West,Mountain,3986.005,99597,63563,38.5,
1973,8123,CO,Weld County,small/mid,West,Mountain,3986.005,104415,67342,44.75,
1974,8123,CO,Weld County,small/mid,West,Mountain,3986.005,108063,70267,51,
1975,8123,CO,Weld County,small/mid,West,Mountain,3986.005,108482,70917,57.25,
1976,8123,CO,Weld County,small/mid,West,Mountain,3986.005,110053,72464,63.5,
1977,8123,CO,Weld County,small/mid,West,Mountain,3986.005,112556,74523,69.75,
1977,8123,CO,Weld County,small/mid,West,Mountain,3986.005,112556,74523,69.75,
1978,8123,CO,Weld County,small/mid,West,Mountain,3986.005,114921,76500,76,
1979,8123,CO,Weld County,small/mid,West,Mountain,3986.005,120195,80480,84.2,
1980,8123,CO,Weld County, small/mid,West,Mountain,3986.005,123839,83126,92.4,
1981,8123,CO,Weld County,small/mid,West,Mountain,3986.005,124781,83814,100.6,
1982,8123,CO,Weld County,small/mid,West,Mountain,3986.005,125735,84513,108.8,
1983,8123,CO,Weld County,small/mid,West,Mountain,3986.005,129548,86881,117,
1984,8123,CO,Weld County,small/mid,West,Mountain,3986.005,130762,87665,104.5,77
1985,8123,CO,Weld County,small/mid,West,Mountain,3986.005,131405,88063,92,84
1986,8123,CO,Weld County,small/mid,West,Mountain,3986.005,131716,88099,126,105
1987,8123,CO,Weld County,small/mid,West,Mountain,3986.005,131715,87587,133,132
1987,8123,CO,Weld County,small/mid,West,Mountain,3986.005,131715,87587,133,132
1988,8123,CO,Weld County,small/mid,West,Mountain,3986.005,131840,87219,143,192
1989,8123,CO,Weld County,small/mid,West,Mountain,3986.005,132205,87064,145,229
1990,8123,CO,Weld County,small/mid,West,Mountain,3986.005,132161,86433,156,255
1991,8123,CO,Weld County,small/mid,West,Mountain,3986.005,134262,87903,172,298
1992,8123,CO,Weld County,small/mid,West,Mountain,3986.005,137560,90112,175,365
1993,8123,CO,Weld County,small/mid,West,Mountain,3986.005,142586,93975,170,356
1994,8123,CO,Weld County,small/mid,West,Mountain,3986.005,147328,97704,190.8333,393
1995,8123,CO,Weld County,small/mid,West,Mountain,3986.005,152140,101512,211.6667,413
1996,8123,CO,Weld County, small/mid,West,Mountain,3986.005,156140,104546,232.5,477
1997,8123,CO,Weld County,small/mid,West,Mountain,3986.005,161525,108304,253.3333,479
1998,8123,CO,Weld County,small/mid,West,Mountain,3986.005,166547,111673,274.1667,528
1999,8123,CO,Weld County,small/mid,West,Mountain,3986.005,174342,117364,295,591
2000,8123,CO,Weld County,small/mid,West,Mountain,3986.005,182782,123380,354,607
2001,8123,CO,Weld County,small/mid  ,West,Mountain,3986.005,192278,129893,391,656
2002,8123,CO,Weld County,small/mid,West,Mountain,3986.005,202234,136888,454,732
2003,8123,CO,Weld County,small/mid,West,Mountain,3986.005,208858,141048,483,787
2004,8123,CO,Weld County,small/mid,West,Mountain,3986.005,215322,145383,502,854
2005,8123,CO,Weld County,small/mid,West,Mountain,3986.005,222879,150575,597,949
2006,8123,CO,Weld County,small/mid,West,Mountain,3986.005,230703,155779,649,1057
2007,8123,CO,Weld County,small/mid,West,Mountain,3986.005,237692,160219,649,1079
2008,8123,CO,Weld County,small/mid,West,Mountain,3986.005,243442,163742,653,1163
2009,8123,CO,Weld County,small/mid,West,Mountain,3986.005,248193,166193,736,1161
2010,8123,CO,Weld County,small/mid,West,Mountain,3986.005,252839,169217,727,1182
2011,8123,CO,Weld County,small/mid,West,Mountain,3986.005,254182,170069,757,1146
2012,8123,CO,Weld County,small/mid,West,Mountain,3986.005,258528,172757,756,1067
2013,8123,CO,Weld County,small/mid,West,Mountain,3986.005,263754,175484,760,1099
2014,8123,CO,Weld County,small/mid,West,Mountain,3986.005,269804,179011,747,1097
2015,8123,CO,Weld County,small/mid,West,Mountain,3986.005,275584,182092,618,1059
2016,8123,CO,Weld County,small/mid,West,Mountain,3986.005,284382,187829,,
1970,8125,CO,Yuma County,rural,West,Mountain,2364.398,8520,4946,1,
1971,8125,CO,Yuma County,rural,West,Mountain,2364.398,8407,4860,1.111111,
1972,8125,CO,Yuma County,rural,West,Mountain,2364.398,8369,4839,1.222222,
1973,8125,CO,Yuma County,rural,West,Mountain,2364.398,8331,4820,1.333333,
1974,8125,CO,Yuma County,rural,West,Mountain,2364.398,8449,4912,1.444444,
1975,8125,CO,Yuma County,  RURAL ,West,Mountain,2364.398,8822,5189,1.555556,
1976,8125,CO,Yuma County,  RURAL ,West,Mountain,2364.398,8968,5308,1.666667,
1977,8125,CO,Yuma County,rural,West,Mountain,2364.398,9262,5543,1.777778,
1978,8125,CO,Yuma County,rural,West,Mountain,2364.398,9151,5468,1.888889,
1979,8125,CO,Yuma County,rural,West,Mountain,2364.398,9616,5791,2,
1980,8125,CO,Yuma County,rural  ,West,Mountain,2364.398,9678,5808,2.111111,
1981,8125,CO,Yuma County,rural,West,Mountain,2364.398,9613,5781,2.222222,
1982,8125,CO,Yuma County,rural,West,Mountain,2364.398,9752,5878,2.333333,
1983,8125,CO,Yuma County,rural,West,Mountain,2364.398,9888,5955,2.444444,
1984,8125,CO,Yuma County,rural,West,Mountain,2364.398,9732,5861,2.555556,
1985,8125,CO,Yuma County,rural,West,Mountain,2364.398,9724,5863,2.666667,
1986,8125,CO,Yuma County,rural,West,Mountain,2364.398,9592,5767,2.777778,
1987,8125,CO,Yuma County,rural,West,Mountain,2364.398,9345,5584,2.888889,
1988,8125,CO,Yuma County,rural,West,Mountain,2364.398,9386,5573,3,4
1989,8125,CO,Yuma County,rural  ,West,Mountain,2364.398,9185,5427,3.6,4
1989,8125,CO,Yuma County,rural  ,West,Mountain,2364.398,9185,5427,3.6,4
1990,8125,CO,Yuma County,rural,West,Mountain,2364.398,8929,5218,4.2,
1990,8125,CO,Yuma County,rural,West,Mountain,2364.398,8929,5218,4.2,
1991,8125,CO,Yuma County,rural,West,Mountain,2364.398,8998,5262,4.8,5
1992,8125,CO,Yuma County,rural,West,Mountain,2364.398,9072,5319,5.4,11
1993,8125,CO,Yuma County,rural,West,Mountain,2364.398,9126,5374,6,11
1994,8125,CO,Yuma County,rural,West,Mountain,2364.398,9231,5464,7.5,11
1995,8125,CO,Yuma County,rural,West,Mountain,2364.398,9403,5616,9,11
1996,8125,CO,Yuma County,rural,West,Mountain,2364.398,9490,5700,10.5,8
1997,8125,CO,Yuma County,rural,West,Mountain,2364.398,9637,5836,12,12
1998,8125,CO,Yuma County,rural,West,Mountain,2364.398,9756,5938,13.5,12
1999,8125,CO,Yuma County,rural,West,Mountain,2364.398,9807,5979,15,10
2000,8125,CO,Yuma County,rural  ,West,Mountain,2364.398,9823,5983,16.5,16
2000,8125,CO,Yuma County,rural  ,West,Mountain,2364.398,9823,5983,16.5,16
2001,8125,CO,Yuma County, rural,West,Mountain,2364.398,9822,6037,18,13
2002,8125,CO,Yuma County,rural,West,Mountain,2364.398,9762,6041,19.5,20
2003,8125,CO,Yuma County,  RURAL ,West,Mountain,2364.398,9923,6125,21,19
2004,8125,CO,Yuma County,rural,West,Mountain,2364.398,9791,6057,22.5,15
2005,8125,CO,Yuma County,rural,West,Mountain,2364.398,9765,6037,24,21
2006,8125,CO,Yuma County,rural,West,Mountain,2364.398,9784,6048,613,27
2006,8125,,,,,,,,,34,
2007,8125,CO,Yuma County,rural,West,Mountain,2364.398,9788,6026,30,28
2008,8125,CO,Yuma County,rural,West,Mountain,2364.398,9843,6066,24,23
2009,8125,CO,Yuma County,rural,West,Mountain,2364.398,10022,6150,29,21
2010,8125,CO,Yuma County,rural,West,Mountain,2364.398,10043,6229,21,21
2011,8125,CO,Yuma County,rural,West,Mountain,2364.398,10052,6228,20,28
2012,8125,CO,Yuma County,rural,West,Mountain,2364.398,10098,6208,26,26
2013,8125,CO,Yuma County,rural,West,Mountain,2364.398,10076,6167,29,23
2013,8125,CO,Yuma County,rural,West,Mountain,2364.398,10076,6167,29,23
2014,8125,CO,Yuma County,rural,West,Mountain,2364.398,10112,6152,25,26
2015,8125,CO,Yuma County,rural,West,Mountain,2364.398,10175,6178,25,23
2015,8125,CO,Yuma County,rural,West,Mountain,2364.398,10175,6178,25,23
2016,8125,CO,Yuma County,  RURAL ,West,Mountain,2364.398,10064,6067,,
