year,fips,state,county_name,urbanicity,region,division,land_area,total_pop,total_pop_15to64,total_jail_pop,total_prison_pop
1970,19001,IA,Adair County,Rural,Midwest,West North Central,569.271,9445,5425,2,
1971,19001,IA,Adair County,rural,Midwest,West North Central,569.271,9284,5267,2,
1971,19001,IA,Adair County,rural,Midwest,West North Central,569.271,9284,5267,2,
1972,19001,IA,Adair County,rural  ,Midwest,West North Central,569.271,9453,5354,2,
1973,19001,IA,Adair County,rural,Midwest,West North Central,569.271,9560,5407,2,
1974,19001,IA,Adair County,rural,Midwest,West North Central,569.271,9306,5243,2,
1975,19001,IA,Adair County,rural,Midwest,West North Central,569.271,9308,5259,2,
1976,19001,IA,Adair County,  RURAL ,Midwest,West North Central,569.271,9342,5386,2,
1977,19001,IA,Adair County,rural  ,Midwest,West North Central,569.271,9372,5424,2,
1978,19001,IA,Adair County,rural,Midwest,West North Central,569.271,9437,5536,2,
1979,19001,IA,Adair County,rural,Midwest,West North Central,569.271,9556,5607,2,
1980,19001,IA,Adair County,rural,Midwest,West North Central,569.271,9497,5563,2,
1981,19001,IA,Adair County,rural,Midwest,West North Central,569.271,9397,5476,2,
1982,19001,IA,Adair County,rural,Midwest,West North Central,569.271,9258,5362,2,
1983,19001,IA,Adair County,rural,Midwest,West North Central,569.271,9210,5305,2,
1984,19001,IA,Adair County,rural,Midwest,West North Central,569.271,9147,5245,2,
1985,19001,IA,Adair County,rural,Midwest,West North Central,569.271,8934,5100,529,
1985,19001,,,,,,,,,2,
1986,19001,IA,Adair County,rural,Midwest,West North Central,569.271,8699,4939,2,
1987,19001,IA,Adair County,rural,Midwest,West North Central,569.271,8549,4827,2,
1987,19001,IA,Adair County,rural,Midwest,West North Central,569.271,8549,4827,2,
1988,19001,IA,Adair County,rural,Midwest,West North Central,569.271,8509,4783,2,
1989,19001,IA,Adair County,rural,Midwest,West North Central,569.271,8431,4695,1.8,8
1990,19001,IA,Adair County,rural,Midwest,West North Central,569.271,8397,4659,1.6,7
1991,19001,IA,Adair County, rural,Midwest,West North Central,569.271,8430,4687,1.4,7
1992,19001,IA,Adair County,RURAL,Midwest,West North Central,569.271,8441,4717,1.2,7
1992,19001,IA,Adair County,RURAL,Midwest,West North Central,569.271,8441,4717,1.2,7
1993,19001,IA,Adair County,rural,Midwest,West North Central,569.271,8483,4776,1,10
1994,19001,IA,Adair County,rural  ,Midwest,West North Central,569.271,8380,4756,1.166667,11
1995,19001,IA,Adair County,rural,Midwest,West North Central,569.271,8366,4816,1.333333,10.9090909091
1996,19001,IA,Adair County,rural,Midwest,West North Central,569.271,8363,4829,1.5,10.8181818182
1997,19001,IA,Adair County,rural,Midwest,West North Central,569.271,8310,4844,1.666667,10.7272727273
1998,19001,IA,Adair County,Rural,Midwest,West North Central,569.271,8305,4857,1.833333,10.6363636364
1999,19001,IA,Adair County,RURAL,Midwest,West North Central,569.271,8298,4873,2,10.5454545455
2000,19001,IA,Adair County,rural,Midwest,West North Central,569.271,8223,4847,2.333333,10.4545454545
2001,19001,IA,Adair County,RURAL,Midwest,West North Central,569.271,8132,4796,2.666667,10.3636363636
2002,19001,IA,Adair County,rural,Midwest,West North Central,569.271,8059,4809,3,10.2727272727
2003,19001,IA,Adair County, rural,Midwest,West North Central,569.271,8050,4775,3.333333,10.1818181818
2004,19001,IA,Adair County,rural,Midwest,West North Central,569.271,8019,4780,3.666667,10.0909090909
2005,19001,IA,Adair County,rural,Midwest,West North Central,569.271,7932,4765,4,10
2006,19001,IA,Adair County,rural,Midwest,West North Central,569.271,7924,4717,3.875,8
2006,19001,IA,Adair County,rural,Midwest,West North Central,569.271,7924,4717,3.875,8
2007,19001,IA,Adair County,rural,Midwest,West North Central,569.271,7871,4688,3.75,11
2008,19001,IA,Adair County,rural,Midwest,West North Central,569.271,7747,4624,3.625,11
2009,19001,IA,Adair County,rural,Midwest,West North Central,569.271,7676,4584,3.5,6
2010,19001,IA,Adair County,rural,Midwest,West North Central,569.271,7682,4637,3.375,5
2011,19001,IA,Adair County,Rural,Midwest,West North Central,569.271,7679,4641,3.25,4
2012,19001,IA,Adair County,rural,Midwest,West North Central,569.271,7545,4567,3.125,7
2013,19001,IA,Adair County,rural,Midwest,West North Central,569.271,7468,4516,3,8
2014,19001,IA,Adair County,rural,Midwest,West North Central,569.271,7387,4475,3,7
2015,19001,IA,Adair County,rural,Midwest,West North Central,569.271,7367,4445,3,6
2016,19001,IA,Adair County,rural,Midwest,West North Central,569.271,7141,4323,,
1970,19003,IA,Adams County,rural,Midwest,West North Central,423.439,6310,3667,0,
1971,19003,IA,Adams County,rural,Midwest,West North Central,423.439,6288,3680,501,
1971,19003,,,,,,,,,0,
1972,19003,IA,Adams County,rural,Midwest,West North Central,423.439,6288,3719,0,
1973,19003,IA,Adams County,rural,Midwest,West North Central,423.439,6086,3614,0,
1974,19003,IA,Adams County,rural,Midwest,West North Central,423.439,5973,3563,0,
1975,19003,IA,Adams County,rural,Midwest,West North Central,423.439,5913,3555,0,
1976,19003,IA,Adams County,rural,Midwest,West North Central,423.439,5830,3507,0,
1977,19003,IA,Adams County,rural,Midwest,West North Central,423.439,5918,3585,0,
1978,19003,IA,Adams County,rural,Midwest,West North Central,423.439,5946,3614,1,
1979,19003,IA,Adams County,rural,Midwest,West North Central,423.439,5856,3558,1,
1980,19003,IA,Adams County,rural,Midwest,West North Central,423.439,5714,3473,1,
1980,19003,IA,Adams County,rural,Midwest,West North Central,423.439,5714,3473,1,
1981,19003,IA,Adams County,rural,Midwest,West North Central,423.439,5629,3405,1,
1982,19003,IA,Adams County,rural,Midwest,West North Central,423.439,5557,3343,1,
1983,19003,IA,Adams County,rural,Midwest,West North Central,423.439,5496,3289,1,
1984,19003,IA,Adams County,rural,Midwest,West North Central,423.439,5424,3237,1,
1985,19003,IA,Adams County,rural,Midwest,West North Central,423.439,5306,3155,1,
1986,19003,IA,Adams County,RURAL,Midwest,West North Central,423.439,5197,3072,1,
1987,19003,IA,Adams County,rural,Midwest,West North Central,423.439,5214,3068,1,
1988,19003,IA,Adams County,rural,Midwest,West North Central,423.439,5097,2991,1,
1989,19003,IA,Adams County,rural,Midwest,West North Central,423.439,4986,2905,1.6,0
1990,19003,IA,Adams County,rural,Midwest,West North Central,423.439,4845,2805,2.2,
1991,19003,IA,Adams County,rural,Midwest,West North Central,423.439,4748,2735,2.8,
1992,19003,IA,Adams County,rural,Midwest,West North Central,423.439,4687,2704,543,0
1992,19003,,,,,,,,,3.4,
1993,19003,IA,Adams County,Rural,Midwest,West North Central,423.439,4634,2680,4,5
1994,19003,IA,Adams County,rural,Midwest,West North Central,423.439,4616,2692,5.666667,5
1995,19003,IA,Adams County,rural,Midwest,West North Central,423.439,4578,2692,7.333333,4.90909090909
1996,19003,IA,Adams County,rural,Midwest,West North Central,423.439,4534,2669,9,4.81818181818
1997,19003,IA,Adams County,rural,Midwest,West North Central,423.439,4503,2665,10.66667,4.72727272727
1998,19003,IA,Adams County,rural,Midwest,West North Central,423.439,4493,2647,12.33333,4.63636363636
1999,19003,IA,Adams County,rural  ,Midwest,West North Central,423.439,4498,2658,14,4.54545454545
1999,19003,IA,Adams County,rural  ,Midwest,West North Central,423.439,4498,2658,14,4.54545454545
2000,19003,IA,Adams County,rural,Midwest,West North Central,423.439,4476,2643,13.16667,4.45454545455
2001,19003,IA,Adams County,rural,Midwest,West North Central,423.439,4402,2616,12.33333,4.36363636364
2002,19003,IA,Adams County,RURAL,Midwest,West North Central,423.439,4370,2594,11.5,4.27272727273
2003,19003,IA,Adams County,Rural,Midwest,West North Central,423.439,4365,2623,10.66667,4.18181818182
2004,19003,IA,Adams County,rural,Midwest,West North Central,423.439,4307,2579,9.833333,4.09090909091
2005,19003,IA,Adams County,rural,Midwest,West North Central,423.439,4226,2567,9,4
2006,19003,IA,Adams County,rural,Midwest,West North Central,423.439,4224,2570,10,4
2007,19003,IA,Adams County,rural,Midwest,West North Central,423.439,4195,2527,11,7
2007,19003,IA,Adams County,rural,Midwest,West North Central,423.439,4195,2527,11,7
2008,19003,IA,Adams County,rural,Midwest,West North Central,423.439,4151,2501,12,7
2009,19003,IA,Adams County,rural,Midwest,West North Central,423.439,4047,2456,13,4
2010,19003,IA,Adams County,rural,Midwest,West North Central,423.439,4029,2484,14,5
2011,19003,IA,Adams County,rural,Midwest,West North Central,423.439,4023,2483,15,6
2012,19003,IA,Adams County,rural,Midwest,West North Central,423.439,3994,2461,16,8
2013,19003,IA,Adams County,  RURAL ,Midwest,West North Central,423.439,3909,2387,17,8
2014,19003,IA,Adams County,rural,Midwest,West North Central,423.439,3892,2375,17,6
2015,19003,IA,Adams County,rural,Midwest,West North Central,423.439,3878,2327,17,6
2016,19003,IA,Adams County,rural,Midwest,West North Central,423.439,3753,2259,,
1970,19005,IA,Allamakee County,rural,Midwest,West North Central,639.082,15029,8159,4,
1971,19005,IA,Allamakee County,rural,Midwest,West North Central,639.082,15256,8386,3.75,
1972,19005,IA,Allamakee County,rural,Midwest,West North Central,639.082,15442,8611,3.5,
1973,19005,IA,Allamakee County,rural,Midwest,West North Central,639.082,15108,8495,3.25,
1973,19005,IA,Allamakee County,rural,Midwest,West North Central,639.082,15108,8495,3.25,
1974,19005,IA,Allamakee County,rural,Midwest,West North Central,639.082,14967,8495,3,
1975,19005,IA,Allamakee County,rural,Midwest,West North Central,639.082,15169,8723,2.75,
1976,19005,IA,Allamakee County,rural  ,Midwest,West North Central,639.082,15251,8829,2.5,
1977,19005,IA,Allamakee County,rural,Midwest,West North Central,639.082,15645,9152,2.25,
1978,19005,IA,Allamakee County,rural,Midwest,West North Central,639.082,15728,9251,2,
1979,19005,IA,Allamakee County,rural,Midwest,West North Central,639.082,15380,9057,2.4,
1980,19005,IA,Allamakee County,rural,Midwest,West North Central,639.082,15100,8901,2.8,
1981,19005,IA,Allamakee County,rural,Midwest,West North Central,639.082,14989,8815,3.2,
1982,19005,IA,Allamakee County,rural,Midwest,West North Central,639.082,14868,8712,3.6,
1983,19005,IA,Allamakee County,rural,Midwest,West North Central,639.082,14890,8709,4,
1984,19005,IA,Allamakee County,rural,Midwest,West North Central,639.082,14832,8666,3.8,
1985,19005,IA,Allamakee County,rural,Midwest,West North Central,639.082,14640,8542,3.6,
1986,19005,IA,Allamakee County,rural,Midwest,West North Central,639.082,14384,8377,3.4,
1987,19005,IA,Allamakee County,  RURAL ,Midwest,West North Central,639.082,14163,8235,3.2,
1988,19005,IA,Allamakee County,rural,Midwest,West North Central,639.082,14164,8225,3,
1989,19005,IA,Allamakee County,rural,Midwest,West North Central,639.082,14063,8116,3.4,
1990,19005,IA,Allamakee County,rural,Midwest,West North Central,639.082,13836,7969,3.8,5
1991,19005,IA,Allamakee County,rural,Midwest,West North Central,639.082,13996,8126,4.2,7
1992,19005,IA,Allamakee County,rural,Midwest,West North Central,639.082,14123,8245,4.6,11
1993,19005,IA,Allamakee County,rural,Midwest,West North Central,639.082,14231,8334,571,11
1993,19005,,,,,,,,,5,
1994,19005,IA,Allamakee County,rural,Midwest,West North Central,639.082,14248,8418,5.333333,14
1995,19005,IA,Allamakee County,rural,Midwest,West North Central,639.082,14484,8650,5.666667,13.5454545455
1996,19005,IA,Allamakee County,rural,Midwest,West North Central,639.082,14468,8668,6,13.0909090909
1997,19005,IA,Allamakee County,rural,Midwest,West North Central,639.082,14487,8740,6.333333,12.6363636364
1998,19005,IA,Allamakee County,rural,Midwest,West North Central,639.082,14611,8869,6.666667,12.1818181818
1999,19005,IA,Allamakee County,rural,Midwest,West North Central,639.082,14651,8924,7,11.7272727273
2000,19005,IA,Allamakee County,rural,Midwest,West North Central,639.082,14674,8961,7.166667,11.2727272727
2001,19005,IA,Allamakee County,rural,Midwest,West North Central,639.082,14333,8792,7.333333,10.8181818182
2002,19005,IA,Allamakee County,rural,Midwest,West North Central,639.082,14289,8807,508,10.3636363636
2002,19005,,,,,,,,,7.5,
2003,19005,IA,Allamakee County,rural,Midwest,West North Central,639.082,14345,8850,7.666667,9.90909090909
2004,19005,IA,Allamakee County,rural,Midwest,West North Central,639.082,14324,8889,7.833333,9.45454545455
2005,19005,IA,Allamakee County,RURAL,Midwest,West North Central,639.082,14371,8923,8,9
2006,19005,IA,Allamakee County,rural,Midwest,West North Central,639.082,14378,8887,7.75,11
2007,19005,IA,Allamakee County,rural,Midwest,West North Central,639.082,14335,8857,7.5,15
2008,19005,IA,Allamakee County,rural,Midwest,West North Central,639.082,14325,8805,7.25,16
2009,19005,IA,Allamakee County,rural,Midwest,West North Central,639.082,14263,8780,7,12
2010,19005,IA,Allamakee County,rural,Midwest,West North Central,639.082,14328,8804,6.75,11
2011,19005,IA,Allamakee County,rural,Midwest,West North Central,639.082,14373,8827,6.5,14
2012,19005,IA,Allamakee County,rural,Midwest,West North Central,639.082,14208,8758,6.25,18
2013,19005,IA,Allamakee County,rural,Midwest,West North Central,639.082,14136,8636,6,17
2014,19005,IA,Allamakee County,rural,Midwest,West North Central,639.082,14051,8506,6,27
2015,19005,IA,Allamakee County,rural,Midwest,West North Central,639.082,14044,8433,6,27
2016,19005,IA,Allamakee County,rural,Midwest,West North Central,639.082,13852,8231,,
2016,19005,IA,Allamakee County,rural,Midwest,West North Central,639.082,13852,8231,,
1970,19007,IA,Appanoose County,rural,Midwest,West North Central,497.293,15051,8584,0,
1971,19007,IA,Appanoose County,rural,Midwest,West North Central,497.293,15225,8726,0,
1972,19007,IA,Appanoose County,rural,Midwest,West North Central,497.293,15483,8951,0,
1973,19007,IA,Appanoose County,rural,Midwest,West North Central,497.293,14972,8634,0,
1974,19007,IA,Appanoose County, rural,Midwest,West North Central,497.293,14695,8476,0,
1975,19007,IA,Appanoose County,rural,Midwest,West North Central,497.293,14870,8624,0,
1976,19007,IA,Appanoose County,rural,Midwest,West North Central,497.293,15150,8874,0,
1977,19007,IA,Appanoose County,rural,Midwest,West North Central,497.293,15591,9243,0,
1978,19007,IA,Appanoose County,rural,Midwest,West North Central,497.293,15402,9109,6,
1979,19007,IA,Appanoose County,rural,Midwest,West North Central,497.293,15523,9190,5.8,
1980,19007,IA,Appanoose County,rural,Midwest,West North Central,497.293,15493,9155,5.6,
1981,19007,IA,Appanoose County,rural,Midwest,West North Central,497.293,15359,9059,571,
1981,19007,,,,,,,,,5.4,
1982,19007,IA,Appanoose County,rural,Midwest,West North Central,497.293,15156,8910,5.2,
1983,19007,IA,Appanoose County,rural,Midwest,West North Central,497.293,14866,8712,5,
1984,19007,IA,Appanoose County,rural,Midwest,West North Central,497.293,14638,8572,4.6,
1985,19007,IA,Appanoose County,RURAL,Midwest,West North Central,497.293,14388,8414,4.2,
1986,19007,IA,Appanoose County,rural,Midwest,West North Central,497.293,14149,8253,3.8,
1987,19007,IA,Appanoose County,rural,Midwest,West North Central,497.293,14116,8214,3.4,
1987,19007,IA,Appanoose County,rural,Midwest,West North Central,497.293,14116,8214,3.4,
1988,19007,IA,Appanoose County,rural,Midwest,West North Central,497.293,13959,8111,3,
1989,19007,IA,Appanoose County,rural,Midwest,West North Central,497.293,13816,7984,4.4,10
1990,19007,IA,Appanoose County,rural,Midwest,West North Central,497.293,13744,7926,5.8,14
1991,19007,IA,Appanoose County, rural,Midwest,West North Central,497.293,13768,7972,7.2,15
1992,19007,IA,Appanoose County,rural,Midwest,West North Central,497.293,13865,8082,8.6,18
1993,19007,IA,Appanoose County,rural,Midwest,West North Central,497.293,13903,8132,10,24
1994,19007,IA,Appanoose County,rural,Midwest,West North Central,497.293,13726,8082,10.83333,25
1995,19007,IA,Appanoose County,rural,Midwest,West North Central,497.293,13723,8150,11.66667,25.1818181818
1996,19007,IA,Appanoose County,rural,Midwest,West North Central,497.293,13752,8237,12.5,25.3636363636
1997,19007,IA,Appanoose County,rural,Midwest,West North Central,497.293,13677,8237,13.33333,25.5454545455
1998,19007,IA,Appanoose County,rural,Midwest,West North Central,497.293,13761,8319,14.16667,25.7272727273
1999,19007,IA,Appanoose County, rural,Midwest,West North Central,497.293,13709,8298,15,25.9090909091
2000,19007,IA,Appanoose County,rural,Midwest,West North Central,497.293,13696,8323,14.83333,26.0909090909
2000,19007,IA,Appanoose County,rural,Midwest,West North Central,497.293,13696,8323,14.83333,26.0909090909
2001,19007,IA,Appanoose County,rural,Midwest,West North Central,497.293,13578,8255,14.66667,26.2727272727
2002,19007,IA,Appanoose County,rural,Midwest,West North Central,497.293,13420,8200,14.5,26.4545454545
2003,19007,IA,Appanoose County,rural,Midwest,West North Central,497.293,13522,8305,14.33333,26.6363636364
2004,19007,IA,Appanoose County,rural,Midwest,West North Central,497.293,13462,8306,14.16667,26.8181818182
2005,19007,IA,Appanoose County,rural,Midwest,West North Central,497.293,13453,8318,14,27
2006,19007,IA,Appanoose County,rural,Midwest,West North Central,497.293,13319,8220,15.125,27
2007,19007,IA,Appanoose County,rural,Midwest,West North Central,497.293,13105,8111,16.25,24
2008,19007,IA,Appanoose County,rural,Midwest,West North Central,497.293,12950,7967,17.375,31
2009,19007,IA,Appanoose County,rural,Midwest,West North Central,497.293,12896,7914,18.5,44
2010,19007,IA,Appanoose County,rural,Midwest,West North Central,497.293,12887,7912,19.625,43
2011,19007,IA,Appanoose County,rural,Midwest,West North Central,497.293,12856,7907,20.75,24
2012,19007,IA,Appanoose County,rural,Midwest,West North Central,497.293,12846,7888,21.875,37
2013,19007,IA,Appanoose County,rural,Midwest,West North Central,497.293,12706,7707,23,34
2014,19007,IA,Appanoose County,rural,Midwest,West North Central,497.293,12650,7614,23,37
2015,19007,IA,Appanoose County,rural,Midwest,West North Central,497.293,12667,7555,23,34
2016,19007,IA,Appanoose County,rural,Midwest,West North Central,497.293,12570,7483,,
1970,19009,IA,Audubon County,rural,Midwest,West North Central,442.961,9556,5405,0,
1971,19009,IA,Audubon County,rural,Midwest,West North Central,442.961,9392,5337,0,
1972,19009,IA,Audubon County,rural,Midwest,West North Central,442.961,9410,5403,0,
1973,19009,IA,Audubon County,rural,Midwest,West North Central,442.961,9140,5282,0,
1974,19009,IA,Audubon County,rural,Midwest,West North Central,442.961,8897,5175,0,
1975,19009,IA,Audubon County,rural,Midwest,West North Central,442.961,8918,5255,0,
1976,19009,IA,Audubon County,rural,Midwest,West North Central,442.961,8966,5321,0,
1977,19009,IA,Audubon County,rural,Midwest,West North Central,442.961,8984,5362,0,
1978,19009,IA,Audubon County,rural,Midwest,West North Central,442.961,9025,5418,2,
1979,19009,IA,Audubon County,rural,Midwest,West North Central,442.961,8864,5320,1.8,
1980,19009,IA,Audubon County,rural,Midwest,West North Central,442.961,8551,5086,515,
1980,19009,,,,,,,,,1.6,
1981,19009,IA,Audubon County,rural,Midwest,West North Central,442.961,8468,5003,1.4,
1982,19009,IA,Audubon County,rural,Midwest,West North Central,442.961,8356,4903,1.2,
1983,19009,IA,Audubon County,rural,Midwest,West North Central,442.961,8245,4797,1,
1984,19009,IA,Audubon County,rural,Midwest,West North Central,442.961,8312,4813,1,
1985,19009,IA,Audubon County,rural,Midwest,West North Central,442.961,8095,4662,1,
1986,19009,IA,Audubon County,rural,Midwest,West North Central,442.961,7847,4484,1,
1986,19009,IA,Audubon County,rural,Midwest,West North Central,442.961,7847,4484,1,
1987,19009,IA,Audubon County,rural,Midwest,West North Central,442.961,7603,4313,1,
1988,19009,IA,Audubon County, rural,Midwest,West North Central,442.961,7506,4233,1,
1989,19009,IA,Audubon County,rural,Midwest,West North Central,442.961,7404,4131,529,
1989,19009,,,,,,,,,2,
1990,19009,IA,Audubon County,rural,Midwest,West North Central,442.961,7335,4064,3,
1991,19009,IA,Audubon County,rural,Midwest,West North Central,442.961,7251,3992,5,
1992,19009,IA,Audubon County,rural,Midwest,West North Central,442.961,7141,3947,1,0
1993,19009,IA,Audubon County,rural,Midwest,West North Central,442.961,7038,3879,4,5
1994,19009,IA,Audubon County,rural,Midwest,West North Central,442.961,6992,3873,3.833333,10
1994,19009,IA,Audubon County,rural,Midwest,West North Central,442.961,6992,3873,3.833333,10
1995,19009,IA,Audubon County,rural,Midwest,West North Central,442.961,6954,3859,3.666667,11.1818181818
1996,19009,IA,Audubon County,rural,Midwest,West North Central,442.961,6920,3856,3.5,12.3636363636
1997,19009,IA,Audubon County,rural,Midwest,West North Central,442.961,6916,3857,3.333333,13.5454545455
1998,19009,IA,Audubon County,rural,Midwest,West North Central,442.961,6893,3845,3.166667,14.7272727273
1999,19009,IA,Audubon County,rural,Midwest,West North Central,442.961,6896,3838,3,15.9090909091
2000,19009,IA,Audubon County, rural,Midwest,West North Central,442.961,6804,3785,2.833333,17.0909090909
2000,19009,IA,Audubon County, rural,Midwest,West North Central,442.961,6804,3785,2.833333,17.0909090909
2001,19009,IA,Audubon County,rural,Midwest,West North Central,442.961,6664,3779,2.666667,18.2727272727
2002,19009,IA,Audubon County,rural,Midwest,West North Central,442.961,6572,3760,2.5,19.4545454545
2003,19009,IA,Audubon County,rural,Midwest,West North Central,442.961,6479,3724,2.333333,20.6363636364
2004,19009,IA,Audubon County,rural,Midwest,West North Central,442.961,6430,3737,2.166667,21.8181818182
2005,19009,IA,Audubon County,rural,Midwest,West North Central,442.961,6324,3713,2,23
2006,19009,IA,Audubon County,rural,Midwest,West North Central,442.961,6265,3688,2,17
2007,19009,IA,Audubon County,rural,Midwest,West North Central,442.961,6222,3638,2,18
2008,19009,IA,Audubon County,rural,Midwest,West North Central,442.961,6200,3636,2,20
2009,19009,IA,Audubon County,rural,Midwest,West North Central,442.961,6136,3611,2,21
2010,19009,IA,Audubon County,rural,Midwest,West North Central,442.961,6119,3650,2,15
2011,19009,IA,Audubon County,rural,Midwest,West North Central,442.961,6098,3650,2,14
2011,19009,IA,Audubon County,rural,Midwest,West North Central,442.961,6098,3650,2,14
2012,19009,IA,Audubon County,rural,Midwest,West North Central,442.961,6003,3598,2,13
2013,19009,IA,Audubon County,rural,Midwest,West North Central,442.961,5865,3507,2,13
2014,19009,IA,Audubon County,  RURAL ,Midwest,West North Central,442.961,5861,3488,2,14
2015,19009,IA,Audubon County,  RURAL ,Midwest,West North Central,442.961,5769,3435,2,14
2016,19009,IA,Audubon County,rural,Midwest,West North Central,442.961,5712,3383,,
1970,19011,IA,Benton County,small/mid  ,Midwest,West North Central,716.265,22910,13053,4,
1971,19011,IA,Benton County,small/mid,Midwest,West North Central,716.265,22966,13186,3.875,
1972,19011,IA,Benton County,small/mid,Midwest,West North Central,716.265,22950,13322,3.75,
1973,19011,IA,Benton County,small/mid,Midwest,West North Central,716.265,22878,13426,3.625,
1974,19011,IA,Benton County,small/mid,Midwest,West North Central,716.265,22763,13468,3.5,
1975,19011,IA,Benton County,small/mid,Midwest,West North Central,716.265,22943,13705,3.375,
1976,19011,IA,Benton County,small/mid,Midwest,West North Central,716.265,23030,13901,3.25,
1977,19011,IA,Benton County,small/mid,Midwest,West North Central,716.265,23391,14232,3.125,
1978,19011,IA,Benton County,small/mid,Midwest,West North Central,716.265,23459,14338,3,
1979,19011,IA,Benton County,small/mid,Midwest,West North Central,716.265,23673,14561,3.6,
1980,19011,IA,Benton County,small/mid,Midwest,West North Central,716.265,23668,14567,4.2,
1981,19011,IA,Benton County,small/mid,Midwest,West North Central,716.265,23603,14486,4.8,
1982,19011,IA,Benton County,small/mid,Midwest,West North Central,716.265,23301,14251,5.4,
1983,19011,IA,Benton County,small/mid,Midwest,West North Central,716.265,22904,13976,6,
1984,19011,IA,Benton County,small/mid,Midwest,West North Central,716.265,22824,13909,5.5,
1985,19011,IA,Benton County,small/mid,Midwest,West North Central,716.265,22515,13699,5,
1986,19011,IA,Benton County,small/mid,Midwest,West North Central,716.265,22347,13568,557,
1986,19011,,,,,,,,,4,
1987,19011,IA,Benton County,small/mid,Midwest,West North Central,716.265,22216,13460,7,
1988,19011,IA,Benton County,small/mid,Midwest,West North Central,716.265,22294,13479,20,
1989,19011,IA,Benton County,SMALL/MID,Midwest,West North Central,716.265,22439,13478,20.4,16
1990,19011,IA,Benton County,small/mid,Midwest,West North Central,716.265,22425,13432,20.8,27
1991,19011,IA,Benton County,small/mid,Midwest,West North Central,716.265,22526,13495,21.2,27
1992,19011,IA,Benton County,small/mid,Midwest,West North Central,716.265,22712,13694,21.6,24
1993,19011,IA,Benton County,small/mid,Midwest,West North Central,716.265,23223,14075,22,28
1994,19011,IA,Benton County, small/mid,Midwest,West North Central,716.265,23552,14337,22.66667,24
1995,19011,IA,Benton County,small/mid,Midwest,West North Central,716.265,23962,14713,23.33333,23.6363636364
1996,19011,IA,Benton County,small/mid,Midwest,West North Central,716.265,24249,14919,24,23.2727272727
1997,19011,IA,Benton County,small/mid,Midwest,West North Central,716.265,24453,15078,24.66667,22.9090909091
1998,19011,IA,Benton County,small/mid,Midwest,West North Central,716.265,24823,15350,25.33333,22.5454545455
1999,19011,IA,Benton County,small/mid,Midwest,West North Central,716.265,25214,15621,26,22.1818181818
2000,19011,IA,Benton County,small/mid,Midwest,West North Central,716.265,25326,15703,24.83333,21.8181818182
2001,19011,IA,Benton County,small/mid,Midwest,West North Central,716.265,25532,15897,23.66667,21.4545454545
2002,19011,IA,Benton County,small/mid,Midwest,West North Central,716.265,25829,16161,22.5,21.0909090909
2002,19011,IA,Benton County,small/mid,Midwest,West North Central,716.265,25829,16161,22.5,21.0909090909
2003,19011,IA,Benton County,small/mid,Midwest,West North Central,716.265,25946,16302,21.33333,20.7272727273
2004,19011,IA,Benton County,small/mid,Midwest,West North Central,716.265,26181,16492,20.16667,20.3636363636
2005,19011,IA,Benton County,small/mid,Midwest,West North Central,716.265,26265,16703,19,20
2006,19011,IA,Benton County,small/mid,Midwest,West North Central,716.265,26137,16766,17.875,23
2007,19011,IA,Benton County,small/mid,Midwest,West North Central,716.265,26066,16779,16.75,23
2008,19011,IA,Benton County,small/mid,Midwest,West North Central,716.265,26097,16717,15.625,31
2009,19011,IA,Benton County,small/mid,Midwest,West North Central,716.265,26117,16717,14.5,34
2009,19011,IA,Benton County,small/mid,Midwest,West North Central,716.265,26117,16717,14.5,34
2010,19011,IA,Benton County,small/mid,Midwest,West North Central,716.265,26076,16683,13.375,22
2011,19011,IA,Benton County,small/mid,Midwest,West North Central,716.265,26049,16672,12.25,21
2012,19011,IA,Benton County,small/mid,Midwest,West North Central,716.265,26079,16733,11.125,24
2013,19011,IA,Benton County,small/mid,Midwest,West North Central,716.265,25836,16468,10,22
2014,19011,IA,Benton County,small/mid,Midwest,West North Central,716.265,25706,16368,10,24
2015,19011,IA,Benton County,small/mid,Midwest,West North Central,716.265,25630,16314,10,25
2016,19011,IA,Benton County,small/mid,Midwest,West North Central,716.265,25611,16219,,
1970,19013,IA,Black Hawk County,small/mid,Midwest,West North Central,565.782,133011,81862,44,
1971,19013,IA,Black Hawk County,small/mid,Midwest,West North Central,565.782,133412,82747,44.625,
1972,19013,IA,Black Hawk County,small/mid,Midwest,West North Central,565.782,132417,82921,45.25,
1973,19013,IA,Black Hawk County,small/mid,Midwest,West North Central,565.782,132811,84065,45.875,
1974,19013,IA,Black Hawk County,small/mid,Midwest,West North Central,565.782,132412,84589,46.5,
1975,19013,IA,Black Hawk County,small/mid,Midwest,West North Central,565.782,133085,85806,47.125,
1976,19013,IA,Black Hawk County,small/mid,Midwest,West North Central,565.782,134210,87460,47.75,
1977,19013,IA,Black Hawk County,small/mid,Midwest,West North Central,565.782,134917,88600,48.375,
1978,19013,IA,Black Hawk County,small/mid,Midwest,West North Central,565.782,136176,90131,49,
1979,19013,IA,Black Hawk County,small/mid,Midwest,West North Central,565.782,136185,90637,51.2,
1980,19013,IA,Black Hawk County,small/mid,Midwest,West North Central,565.782,138068,92284,53.4,
1981,19013,IA,Black Hawk County, small/mid,Midwest,West North Central,565.782,137899,92021,55.6,
1982,19013,IA,Black Hawk County,small/mid,Midwest,West North Central,565.782,136847,91057,57.8,
1983,19013,IA,Black Hawk County,small/mid,Midwest,West North Central,565.782,135581,89970,60,
1984,19013,IA,Black Hawk County,small/mid,Midwest,West North Central,565.782,133871,88698,57.5,
1985,19013,IA,Black Hawk County,small/mid,Midwest,West North Central,565.782,130068,85997,55,
1986,19013,IA,Black Hawk County,small/mid,Midwest,West North Central,565.782,126206,83229,55,
1987,19013,IA,Black Hawk County,small/mid,Midwest,West North Central,565.782,123820,81427,69,
1988,19013,IA,Black Hawk County,small/mid,Midwest,West North Central,565.782,122444,80283,64,
1989,19013,IA,Black Hawk County,small/mid,Midwest,West North Central,565.782,123260,80271,67,301
1990,19013,IA,Black Hawk County,small/mid,Midwest,West North Central,565.782,124155,80662,64,356
1991,19013,IA,Black Hawk County, small/mid,Midwest,West North Central,565.782,125601,81797,126,377
1992,19013,IA,Black Hawk County,small/mid,Midwest,West North Central,565.782,126142,82330,81,411
1992,19013,IA,Black Hawk County,small/mid,Midwest,West North Central,565.782,126142,82330,81,411
1993,19013,IA,Black Hawk County,small/mid,Midwest,West North Central,565.782,126976,83147,75,469
1994,19013,IA,Black Hawk County,small/mid,Midwest,West North Central,565.782,127150,83594,85,530
1995,19013,IA,Black Hawk County,small/mid,Midwest,West North Central,565.782,126936,83977,86,574.454545455
1996,19013,IA,Black Hawk County,small/mid,Midwest,West North Central,565.782,127392,84592,177,618.909090909
1997,19013,IA,Black Hawk County,small/mid,Midwest,West North Central,565.782,127275,84798,236,663.363636364
1998,19013,IA,Black Hawk County,  SMALL/MID ,Midwest,West North Central,565.782,127743,85395,244,707.818181818
1999,19013,IA,Black Hawk County,small/mid,Midwest,West North Central,565.782,127786,85579,244,752.272727273
2000,19013,IA,Black Hawk County,small/mid,Midwest,West North Central,565.782,128019,85969,250,796.727272727
2001,19013,IA,Black Hawk County,small/mid  ,Midwest,West North Central,565.782,127765,86314,263,841.181818182
2002,19013,IA,Black Hawk County,small/mid,Midwest,West North Central,565.782,126876,85985,250,885.636363636
2003,19013,IA,Black Hawk County,small/mid,Midwest,West North Central,565.782,126491,85948,248,930.090909091
2004,19013,IA,Black Hawk County,small/mid,Midwest,West North Central,565.782,126682,86163,272,974.545454545
2005,19013,IA,Black Hawk County,small/mid,Midwest,West North Central,565.782,127021,86475,254,1019
2006,19013,IA,Black Hawk County,small/mid,Midwest,West North Central,565.782,127486,86947,255.125,1060
2007,19013,IA,Black Hawk County,small/mid,Midwest,West North Central,565.782,127756,86997,256.25,1024
2008,19013,IA,Black Hawk County,small/mid,Midwest,West North Central,565.782,129203,87844,257.375,1005
2009,19013,IA,Black Hawk County,SMALL/MID,Midwest,West North Central,565.782,130595,89014,258.5,982
2010,19013,IA,Black Hawk County,small/mid,Midwest,West North Central,565.782,131090,89128,259.625,1035
2011,19013,IA,Black Hawk County,small/mid,Midwest,West North Central,565.782,131153,89146,260.75,994
2012,19013,IA,Black Hawk County,small/mid,Midwest,West North Central,565.782,131470,89358,261.875,870
2013,19013,IA,Black Hawk County,small/mid,Midwest,West North Central,565.782,131794,89179,263,909
2014,19013,IA,Black Hawk County,small/mid,Midwest,West North Central,565.782,132781,89514,263,914
2015,19013,IA,Black Hawk County,small/mid,Midwest,West North Central,565.782,133123,89293,263,934
2016,19013,IA,Black Hawk County,small/mid,Midwest,West North Central,565.782,133435,88931,,
1970,19015,IA,Boone County,rural,Midwest,West North Central,571.579,26564,15523,1,
1971,19015,IA,Boone County,rural  ,Midwest,West North Central,571.579,26932,15920,0,
1972,19015,IA,Boone County,rural,Midwest,West North Central,571.579,27485,16497,0,
1973,19015,IA,Boone County,rural,Midwest,West North Central,571.579,26840,16234,0,
1974,19015,IA,Boone County,rural,Midwest,West North Central,571.579,26462,16131,0,
1975,19015,IA,Boone County,rural,Midwest,West North Central,571.579,26162,16080,0,
1976,19015,IA,Boone County,rural,Midwest,West North Central,571.579,26258,16228,0,
1977,19015,IA,Boone County,rural,Midwest,West North Central,571.579,26450,16464,0,
1978,19015,IA,Boone County,rural,Midwest,West North Central,571.579,26359,16492,0,
1979,19015,IA,Boone County,rural,Midwest,West North Central,571.579,26347,16591,0,
1980,19015,IA,Boone County,rural,Midwest,West North Central,571.579,26232,16497,0,
1981,19015,IA,Boone County,rural,Midwest,West North Central,571.579,26278,16488,0,
1982,19015,IA,Boone County,rural,Midwest,West North Central,571.579,26060,16297,0,
1983,19015,IA,Boone County,rural,Midwest,West North Central,571.579,25897,16147,0,
1984,19015,IA,Boone County,rural,Midwest,West North Central,571.579,25710,16006,0,
1985,19015,IA,Boone County,rural,Midwest,West North Central,571.579,25510,15853,0,
1986,19015,IA,Boone County,rural,Midwest,West North Central,571.579,25315,15691,0,
1987,19015,IA,Boone County,rural,Midwest,West North Central,571.579,25153,15552,0,
1988,19015,IA,Boone County,rural,Midwest,West North Central,571.579,25173,15530,0,
1989,19015,IA,Boone County,rural,Midwest,West North Central,571.579,25110,15401,0,19
1990,19015,IA,Boone County,rural,Midwest,West North Central,571.579,25200,15424,0,29
1991,19015,IA,Boone County,rural,Midwest,West North Central,571.579,25335,15513,0,29
1992,19015,IA,Boone County,rural,Midwest,West North Central,571.579,25259,15485,0,26
1993,19015,IA,Boone County,rural,Midwest,West North Central,571.579,25133,15456,0,18
1994,19015,IA,Boone County,rural  ,Midwest,West North Central,571.579,25161,15536,0,16
1995,19015,IA,Boone County,rural,Midwest,West North Central,571.579,25456,15836,0,17.3636363636
1996,19015,IA,Boone County,  RURAL ,Midwest,West North Central,571.579,25742,16120,0,18.7272727273
1997,19015,IA,Boone County,rural,Midwest,West North Central,571.579,26023,16361,0,20.0909090909
1997,19015,IA,Boone County,rural,Midwest,West North Central,571.579,26023,16361,0,20.0909090909
1998,19015,IA,Boone County,rural,Midwest,West North Central,571.579,25930,16370,0,21.4545454545
1999,19015,IA,Boone County,rural,Midwest,West North Central,571.579,26164,16579,0,22.8181818182
2000,19015,IA,Boone County,rural,Midwest,West North Central,571.579,26251,16675,0,24.1818181818
2001,19015,IA,Boone County,rural,Midwest,West North Central,571.579,26249,16785,0,25.5454545455
2002,19015,IA,Boone County,rural,Midwest,West North Central,571.579,26086,16704,0,26.9090909091
2002,19015,IA,Boone County,rural,Midwest,West North Central,571.579,26086,16704,0,26.9090909091
2003,19015,IA,Boone County,rural,Midwest,West North Central,571.579,26232,16844,0,28.2727272727
2004,19015,IA,Boone County,  RURAL ,Midwest,West North Central,571.579,26372,16986,0,29.6363636364
2005,19015,IA,Boone County,rural,Midwest,West North Central,571.579,26500,17182,0,31
2006,19015,IA,Boone County,rural,Midwest,West North Central,571.579,26471,17204,0,46
2007,19015,IA,Boone County,rural  ,Midwest,West North Central,571.579,26553,17191,0,41
2008,19015,IA,Boone County,rural,Midwest,West North Central,571.579,26454,17140,0,37
2009,19015,IA,Boone County,rural,Midwest,West North Central,571.579,26360,17056,0,35
2010,19015,IA,Boone County,rural,Midwest,West North Central,571.579,26306,17090,0,37
2011,19015,IA,Boone County,Rural,Midwest,West North Central,571.579,26270,17088,0,35
2011,19015,IA,Boone County,Rural,Midwest,West North Central,571.579,26270,17088,0,35
2012,19015,IA,Boone County,rural,Midwest,West North Central,571.579,26286,17103,0,30
2013,19015,IA,Boone County,rural,Midwest,West North Central,571.579,26137,17015,0,33
2014,19015,IA,Boone County,Rural,Midwest,West North Central,571.579,26283,17132,0,39
2015,19015,IA,Boone County,rural,Midwest,West North Central,571.579,26282,17146,0,52
2016,19015,IA,Boone County,rural,Midwest,West North Central,571.579,26439,17273,,
1970,19017,IA,Bremer County, small/mid,Midwest,West North Central,435.479,22754,13641,3,
1971,19017,IA,Bremer County,small/mid,Midwest,West North Central,435.479,22790,13733,2.875,
1972,19017,IA,Bremer County,small/mid,Midwest,West North Central,435.479,23059,14019,2.75,
1973,19017,IA,Bremer County,small/mid,Midwest,West North Central,435.479,23329,14310,2.625,
1974,19017,IA,Bremer County,small/mid,Midwest,West North Central,435.479,23788,14738,2.5,
1975,19017,IA,Bremer County,small/mid,Midwest,West North Central,435.479,23821,14869,2.375,
1976,19017,IA,Bremer County,small/mid,Midwest,West North Central,435.479,23769,14904,2.25,
1977,19017,IA,Bremer County,small/mid  ,Midwest,West North Central,435.479,23857,14995,2.125,
1978,19017,IA,Bremer County,small/mid,Midwest,West North Central,435.479,24049,15147,2,
1979,19017,IA,Bremer County,small/mid,Midwest,West North Central,435.479,24294,15358,2.2,
1980,19017,IA,Bremer County,small/mid,Midwest,West North Central,435.479,24842,15740,2.4,
1981,19017,IA,Bremer County,small/mid,Midwest,West North Central,435.479,24783,15684,2.6,
1982,19017,IA,Bremer County, small/mid,Midwest,West North Central,435.479,24660,15577,2.8,
1983,19017,IA,Bremer County,  SMALL/MID ,Midwest,West North Central,435.479,24532,15475,3,
1984,19017,IA,Bremer County,SMALL/MID,Midwest,West North Central,435.479,24196,15261,2.8,
1985,19017,IA,Bremer County,small/mid,Midwest,West North Central,435.479,23712,14946,529,
1985,19017,,,,,,,,,2.6,
1986,19017,IA,Bremer County,small/mid,Midwest,West North Central,435.479,23223,14620,2.4,
1986,19017,IA,Bremer County,small/mid,Midwest,West North Central,435.479,23223,14620,2.4,
1987,19017,IA,Bremer County,small/mid,Midwest,West North Central,435.479,22707,14277,2.2,
1988,19017,IA,Bremer County,Small/mid,Midwest,West North Central,435.479,22515,14143,2,
1989,19017,IA,Bremer County,small/mid,Midwest,West North Central,435.479,22702,14193,2.6,6
1989,19017,IA,Bremer County,small/mid,Midwest,West North Central,435.479,22702,14193,2.6,6
1990,19017,IA,Bremer County,  SMALL/MID ,Midwest,West North Central,435.479,22854,14270,543,6
1990,19017,,,,,,,,,3.2,
1991,19017,IA,Bremer County,small/mid,Midwest,West North Central,435.479,22931,14361,3.8,8
1992,19017,IA,Bremer County,small/mid,Midwest,West North Central,435.479,23038,14516,4.4,11
1993,19017,IA,Bremer County,small/mid,Midwest,West North Central,435.479,23157,14657,5,12
1994,19017,IA,Bremer County,small/mid,Midwest,West North Central,435.479,23098,14699,6,11
1995,19017,IA,Bremer County,small/mid,Midwest,West North Central,435.479,23183,14874,7,12.4545454545
1996,19017,IA,Bremer County,small/mid,Midwest,West North Central,435.479,23301,15006,8,13.9090909091
1997,19017,IA,Bremer County,small/mid,Midwest,West North Central,435.479,23292,15014,9,15.3636363636
1998,19017,IA,Bremer County,small/mid,Midwest,West North Central,435.479,23322,15073,10,16.8181818182
1999,19017,IA,Bremer County,small/mid,Midwest,West North Central,435.479,23398,15141,11,18.2727272727
2000,19017,IA,Bremer County,small/mid,Midwest,West North Central,435.479,23312,15099,550,19.7272727273
2000,19017,,,,,,,,,10.83333,
2001,19017,IA,Bremer County,small/mid,Midwest,West North Central,435.479,23506,15195,10.66667,21.1818181818
2002,19017,IA,Bremer County,small/mid,Midwest,West North Central,435.479,23386,15149,10.5,22.6363636364
2003,19017,IA,Bremer County,small/mid,Midwest,West North Central,435.479,23549,15277,10.33333,24.0909090909
2004,19017,IA,Bremer County,small/mid,Midwest,West North Central,435.479,23728,15439,10.16667,25.5454545455
2005,19017,IA,Bremer County,small/mid,Midwest,West North Central,435.479,23833,15538,10,27
2006,19017,IA,Bremer County,small/mid,Midwest,West North Central,435.479,24054,15633,12.375,31
2007,19017,IA,Bremer County,small/mid,Midwest,West North Central,435.479,24237,15740,14.75,31
2008,19017,IA,Bremer County,small/mid,Midwest,West North Central,435.479,24162,15684,17.125,45
2009,19017,IA,Bremer County,small/mid,Midwest,West North Central,435.479,24183,15648,19.5,33
2010,19017,IA,Bremer County,small/mid,Midwest,West North Central,435.479,24276,15671,21.875,23
2011,19017,IA,Bremer County,small/mid,Midwest,West North Central,435.479,24295,15692,24.25,27
2012,19017,IA,Bremer County,small/mid,Midwest,West North Central,435.479,24376,15756,26.625,32
2013,19017,IA,Bremer County,small/mid,Midwest,West North Central,435.479,24491,15739,29,45
2014,19017,IA,Bremer County,small/mid,Midwest,West North Central,435.479,24573,15760,29,40
2014,19017,IA,Bremer County,small/mid,Midwest,West North Central,435.479,24573,15760,29,40
2015,19017,IA,Bremer County,small/mid,Midwest,West North Central,435.479,24674,15671,29,36
2015,19017,IA,Bremer County,small/mid,Midwest,West North Central,435.479,24674,15671,29,36
2016,19017,IA,Bremer County,small/mid,Midwest,West North Central,435.479,24761,15644,,
1970,19019,IA,Buchanan County,rural,Midwest,West North Central,571.02,21726,12149,4,
1971,19019,IA,Buchanan County,rural,Midwest,West North Central,571.02,21556,12159,4.5,
1972,19019,IA,Buchanan County,  RURAL ,Midwest,West North Central,571.02,21602,12340,5,
1973,19019,IA,Buchanan County,rural,Midwest,West North Central,571.02,22032,12784,5.5,
1974,19019,IA,Buchanan County,rural,Midwest,West North Central,571.02,22097,12958,6,
1975,19019,IA,Buchanan County,rural,Midwest,West North Central,571.02,22499,13349,6.5,
1975,19019,IA,Buchanan County,rural,Midwest,West North Central,571.02,22499,13349,6.5,
1976,19019,IA,Buchanan County,Rural,Midwest,West North Central,571.02,22694,13565,7,
1977,19019,IA,Buchanan County,  RURAL ,Midwest,West North Central,571.02,23072,13904,7.5,
1978,19019,IA,Buchanan County,rural,Midwest,West North Central,571.02,23128,14006,8,
1979,19019,IA,Buchanan County,rural,Midwest,West North Central,571.02,23218,14132,7,
1980,19019,IA,Buchanan County,rural,Midwest,West North Central,571.02,22952,13953,6,
1980,19019,IA,Buchanan County,rural,Midwest,West North Central,571.02,22952,13953,6,
1981,19019,IA,Buchanan County,rural,Midwest,West North Central,571.02,23032,13957,5,
1982,19019,IA,Buchanan County,rural,Midwest,West North Central,571.02,22979,13863,4,
1982,19019,IA,Buchanan County,rural,Midwest,West North Central,571.02,22979,13863,4,
1983,19019,IA,Buchanan County, rural,Midwest,West North Central,571.02,22739,13666,3,
1984,19019,IA,Buchanan County,rural,Midwest,West North Central,571.02,22254,13346,3.8,
1985,19019,IA,Buchanan County, rural,Midwest,West North Central,571.02,21810,13049,4.6,
1986,19019,IA,Buchanan County,rural,Midwest,West North Central,571.02,21077,12572,5.4,
1986,19019,IA,Buchanan County,rural,Midwest,West North Central,571.02,21077,12572,5.4,
1987,19019,IA,Buchanan County,rural,Midwest,West North Central,571.02,20787,12362,6.2,
1988,19019,IA,Buchanan County,rural  ,Midwest,West North Central,571.02,20761,12302,7,
1989,19019,IA,Buchanan County,rural,Midwest,West North Central,571.02,20891,12279,8,14
1990,19019,IA,Buchanan County,rural,Midwest,West North Central,571.02,20842,12210,9,17
1991,19019,IA,Buchanan County,rural,Midwest,West North Central,571.02,20902,12278,10,23
1991,19019,IA,Buchanan County,rural,Midwest,West North Central,571.02,20902,12278,10,23
1992,19019,IA,Buchanan County,rural,Midwest,West North Central,571.02,20952,12435,11,19
1993,19019,IA,Buchanan County,rural,Midwest,West North Central,571.02,21091,12604,12,20
1994,19019,IA,Buchanan County,rural,Midwest,West North Central,571.02,21230,12806,10.5,31
1995,19019,IA,Buchanan County,RURAL,Midwest,West North Central,571.02,21141,12899,9,30.6363636364
1996,19019,IA,Buchanan County,rural,Midwest,West North Central,571.02,21126,12977,7.5,30.2727272727
1997,19019,IA,Buchanan County,rural,Midwest,West North Central,571.02,21084,13002,6,29.9090909091
1997,19019,IA,Buchanan County,rural,Midwest,West North Central,571.02,21084,13002,6,29.9090909091
1998,19019,IA,Buchanan County,rural,Midwest,West North Central,571.02,21088,13098,4.5,29.5454545455
1999,19019,IA,Buchanan County,rural,Midwest,West North Central,571.02,21158,13183,3,29.1818181818
2000,19019,IA,Buchanan County,RURAL,Midwest,West North Central,571.02,21064,13156,571,28.8181818182
2000,19019,,,,,,,,,5.833333,
2001,19019,IA,Buchanan County,rural,Midwest,West North Central,571.02,20952,13088,8.666667,28.4545454545
2002,19019,IA,Buchanan County,rural,Midwest,West North Central,571.02,20796,12958,11.5,28.0909090909
2003,19019,IA,Buchanan County,rural,Midwest,West North Central,571.02,20822,13003,14.33333,27.7272727273
2004,19019,IA,Buchanan County,rural,Midwest,West North Central,571.02,20910,13126,17.16667,27.3636363636
2005,19019,IA,Buchanan County,rural,Midwest,West North Central,571.02,20831,13082,20,27
2006,19019,IA,Buchanan County,rural,Midwest,West North Central,571.02,20957,13098,20.125,33
2007,19019,IA,Buchanan County,rural,Midwest,West North Central,571.02,21069,13115,20.25,32
2008,19019,IA,Buchanan County,RURAL,Midwest,West North Central,571.02,21154,13150,20.375,34
2009,19019,IA,Buchanan County,rural,Midwest,West North Central,571.02,21016,13028,20.5,40
2010,19019,IA,Buchanan County,rural,Midwest,West North Central,571.02,20958,13028,20.625,34
2011,19019,IA,Buchanan County,rural,Midwest,West North Central,571.02,20977,13037,20.75,33
2012,19019,IA,Buchanan County,rural,Midwest,West North Central,571.02,20911,13005,20.875,36
2013,19019,IA,Buchanan County,rural,Midwest,West North Central,571.02,20998,12979,21,44
2014,19019,IA,Buchanan County,rural,Midwest,West North Central,571.02,21027,12941,21,43
2015,19019,IA,Buchanan County, rural,Midwest,West North Central,571.02,21135,12939,21,43
2015,19019,IA,Buchanan County, rural,Midwest,West North Central,571.02,21135,12939,21,43
2016,19019,IA,Buchanan County,rural,Midwest,West North Central,571.02,21109,12883,,
2016,19019,IA,Buchanan County,rural,Midwest,West North Central,571.02,21109,12883,,
1970,19021,IA,Buena Vista County,rural,Midwest,West North Central,574.902,20765,12084,0,
1971,19021,IA,Buena Vista County,rural,Midwest,West North Central,574.902,21039,12396,0,
1972,19021,IA,Buena Vista County,rural,Midwest,West North Central,574.902,21219,12675,0,
1973,19021,IA,Buena Vista County,rural,Midwest,West North Central,574.902,21014,12688,0,
1974,19021,IA,Buena Vista County,rural,Midwest,West North Central,574.902,20882,12738,0,
1975,19021,IA,Buena Vista County,rural,Midwest,West North Central,574.902,20796,12815,0,
1976,19021,IA,Buena Vista County,rural,Midwest,West North Central,574.902,20862,12947,0,
1977,19021,IA,Buena Vista County,rural,Midwest,West North Central,574.902,20938,13058,0,
1978,19021,IA,Buena Vista County,rural,Midwest,West North Central,574.902,20930,13085,11,
1979,19021,IA,Buena Vista County,rural,Midwest,West North Central,574.902,20637,12939,9.6,
1980,19021,IA,Buena Vista County,rural,Midwest,West North Central,574.902,20817,13098,8.2,
1981,19021,IA,Buena Vista County,rural,Midwest,West North Central,574.902,20890,13091,6.8,
1982,19021,IA,Buena Vista County,rural,Midwest,West North Central,574.902,20856,13001,5.4,
1983,19021,IA,Buena Vista County,rural,Midwest,West North Central,574.902,20744,12866,4,
1984,19021,IA,Buena Vista County,rural,Midwest,West North Central,574.902,20924,12930,4,
1985,19021,IA,Buena Vista County,rural,Midwest,West North Central,574.902,20572,12664,4,
1986,19021,IA,Buena Vista County,rural,Midwest,West North Central,574.902,20403,12507,4,
1987,19021,IA,Buena Vista County,rural,Midwest,West North Central,574.902,20102,12264,557,
1987,19021,,,,,,,,,4,
1988,19021,IA,Buena Vista County,rural,Midwest,West North Central,574.902,20162,12249,4,
1989,19021,IA,Buena Vista County,rural,Midwest,West North Central,574.902,20055,12091,5.2,7
1990,19021,IA,Buena Vista County,rural,Midwest,West North Central,574.902,19992,12015,6.4,15
1991,19021,IA,Buena Vista County,rural,Midwest,West North Central,574.902,20076,12054,7.6,17
1992,19021,IA,Buena Vista County,rural,Midwest,West North Central,574.902,20299,12216,8.8,23
1993,19021,IA,Buena Vista County,rural,Midwest,West North Central,574.902,20578,12409,10,23
1994,19021,IA,Buena Vista County,rural,Midwest,West North Central,574.902,20497,12427,12,31
1995,19021,IA,Buena Vista County,rural,Midwest,West North Central,574.902,20500,12527,14,31.6363636364
1996,19021,IA,Buena Vista County,RURAL,Midwest,West North Central,574.902,20506,12613,16,32.2727272727
1997,19021,IA,Buena Vista County,rural,Midwest,West North Central,574.902,20427,12658,18,32.9090909091
1998,19021,IA,Buena Vista County,rural,Midwest,West North Central,574.902,20301,12616,20,33.5454545455
1999,19021,IA,Buena Vista County, rural,Midwest,West North Central,574.902,20508,12746,22,34.1818181818
2000,19021,IA,Buena Vista County,rural,Midwest,West North Central,574.902,20361,12736,21,34.8181818182
2001,19021,IA,Buena Vista County,rural,Midwest,West North Central,574.902,20241,12746,20,35.4545454545
2001,19021,IA,Buena Vista County,rural,Midwest,West North Central,574.902,20241,12746,20,35.4545454545
2002,19021,IA,Buena Vista County,rural,Midwest,West North Central,574.902,20233,12812,19,36.0909090909
2003,19021,IA,Buena Vista County,rural,Midwest,West North Central,574.902,20141,12836,18,36.7272727273
2004,19021,IA,Buena Vista County,rural,Midwest,West North Central,574.902,20000,12802,17,37.3636363636
2005,19021,IA,Buena Vista County,rural,Midwest,West North Central,574.902,19970,12764,16,38
2006,19021,IA,Buena Vista County,rural,Midwest,West North Central,574.902,19909,12782,17.25,28
2007,19021,IA,Buena Vista County,rural,Midwest,West North Central,574.902,19798,12726,18.5,27
2008,19021,IA,Buena Vista County,RURAL,Midwest,West North Central,574.902,19855,12797,19.75,31
2009,19021,IA,Buena Vista County,rural,Midwest,West North Central,574.902,20004,12884,21,40
2009,19021,IA,Buena Vista County,rural,Midwest,West North Central,574.902,20004,12884,21,40
2010,19021,IA,Buena Vista County,rural,Midwest,West North Central,574.902,20260,13094,22.25,40
2011,19021,IA,Buena Vista County,rural,Midwest,West North Central,574.902,20331,13132,23.5,34
2011,19021,IA,Buena Vista County,rural,Midwest,West North Central,574.902,20331,13132,23.5,34
2012,19021,IA,Buena Vista County, rural,Midwest,West North Central,574.902,20282,13097,24.75,36
2013,19021,IA,Buena Vista County,rural,Midwest,West North Central,574.902,20562,13234,26,41
2014,19021,IA,Buena Vista County,rural,Midwest,West North Central,574.902,20612,13209,26,51
2015,19021,IA,Buena Vista County,rural,Midwest,West North Central,574.902,20551,13142,26,51
2016,19021,IA,Buena Vista County,rural,Midwest,West North Central,574.902,20302,12992,,
1970,19023,IA,Butler County,rural,Midwest,West North Central,580.138,16967,9811,0,
1971,19023,IA,Butler County,rural,Midwest,West North Central,580.138,17003,9854,0,
1972,19023,IA,Butler County,rural,Midwest,West North Central,580.138,17110,9980,0,
1973,19023,IA,Butler County,rural,Midwest,West North Central,580.138,17236,10117,0,
1974,19023,IA,Butler County,rural,Midwest,West North Central,580.138,17353,10247,0,
1975,19023,IA,Butler County,rural,Midwest,West North Central,580.138,17350,10287,0,
1976,19023,IA,Butler County,rural,Midwest,West North Central,580.138,17480,10412,0,
1977,19023,IA,Butler County,rural,Midwest,West North Central,580.138,17715,10585,0,
1978,19023,IA,Butler County,rural,Midwest,West North Central,580.138,17711,10623,0,
1979,19023,IA,Butler County,rural,Midwest,West North Central,580.138,17823,10714,0,
1980,19023,IA,Butler County,RURAL,Midwest,West North Central,580.138,17670,10578,0,
1981,19023,IA,Butler County,rural,Midwest,West North Central,580.138,17570,10482,0,
1981,19023,IA,Butler County,rural,Midwest,West North Central,580.138,17570,10482,0,
1982,19023,IA,Butler County,rural,Midwest,West North Central,580.138,17434,10355,0,
1983,19023,IA,Butler County,rural,Midwest,West North Central,580.138,17257,10208,1,
1984,19023,IA,Butler County,rural,Midwest,West North Central,580.138,17101,10088,1.2,
1985,19023,IA,Butler County,rural,Midwest,West North Central,580.138,16781,9872,1.4,
1986,19023,IA,Butler County,rural,Midwest,West North Central,580.138,16323,9562,1.6,
1987,19023,IA,Butler County,rural,Midwest,West North Central,580.138,15987,9333,1.8,
1988,19023,IA,Butler County,rural,Midwest,West North Central,580.138,15968,9289,2,
1989,19023,IA,Butler County,RURAL,Midwest,West North Central,580.138,15823,9134,2.4,
1990,19023,IA,Butler County,rural,Midwest,West North Central,580.138,15713,9041,2.8,5
1991,19023,IA,Butler County,rural,Midwest,West North Central,580.138,15788,9103,3.2,6
1992,19023,IA,Butler County,rural,Midwest,West North Central,580.138,15709,9118,3.6,8
1993,19023,IA,Butler County,rural,Midwest,West North Central,580.138,15578,9063,4,5
1994,19023,IA,Butler County,rural,Midwest,West North Central,580.138,15578,9134,5,5
1995,19023,IA,Butler County,rural,Midwest,West North Central,580.138,15573,9203,6,5
1996,19023,IA,Butler County,rural,Midwest,West North Central,580.138,15531,9238,7,5
1997,19023,IA,Butler County,rural,Midwest,West North Central,580.138,15501,9272,8,5
1997,19023,IA,Butler County,rural,Midwest,West North Central,580.138,15501,9272,8,5
1998,19023,IA,Butler County,rural,Midwest,West North Central,580.138,15406,9262,9,5
1999,19023,IA,Butler County,rural,Midwest,West North Central,580.138,15286,9199,10,5
2000,19023,IA,Butler County,rural,Midwest,West North Central,580.138,15299,9252,9.333333,5
2001,19023,IA,Butler County,rural,Midwest,West North Central,580.138,15065,9108,8.666667,5
2002,19023,IA,Butler County,rural,Midwest,West North Central,580.138,14926,9083,8,5
2003,19023,IA,Butler County,Rural,Midwest,West North Central,580.138,14939,9104,7.333333,5
2004,19023,IA,Butler County,rural,Midwest,West North Central,580.138,14985,9174,6.666667,5
2005,19023,IA,Butler County,rural,Midwest,West North Central,580.138,14965,9189,6,5
2006,19023,IA,Butler County,rural,Midwest,West North Central,580.138,14931,9205,6.75,8
2007,19023,IA,Butler County,rural,Midwest,West North Central,580.138,14961,9185,7.5,11
2008,19023,IA,Butler County,rural,Midwest,West North Central,580.138,14957,9101,8.25,12
2009,19023,IA,Butler County,rural,Midwest,West North Central,580.138,14699,8906,9,14
2010,19023,IA,Butler County,rural,Midwest,West North Central,580.138,14867,9003,9.75,18
2011,19023,IA,Butler County,rural,Midwest,West North Central,580.138,14918,9027,10.5,16
2012,19023,IA,Butler County,rural,Midwest,West North Central,580.138,14969,9043,11.25,15
2013,19023,IA,Butler County,rural,Midwest,West North Central,580.138,14977,8996,12,16
2014,19023,IA,Butler County,rural,Midwest,West North Central,580.138,14978,8973,12,22
2015,19023,IA,Butler County,rural,Midwest,West North Central,580.138,14958,8895,12,18
2016,19023,IA,Butler County,rural,Midwest,West North Central,580.138,14880,8850,,
2016,19023,IA,Butler County,rural,Midwest,West North Central,580.138,14880,8850,,
1970,19025,IA,Calhoun County,rural,Midwest,West North Central,569.846,14261,8039,2,
1971,19025,IA,Calhoun County,rural,Midwest,West North Central,569.846,14154,8021,2.384615,
1972,19025,IA,Calhoun County,rural,Midwest,West North Central,569.846,13916,7939,2.769231,
1973,19025,IA,Calhoun County,rural,Midwest,West North Central,569.846,13960,8057,3.153846,
1974,19025,IA,Calhoun County,rural,Midwest,West North Central,569.846,13773,7987,3.538461,
1975,19025,IA,Calhoun County,rural,Midwest,West North Central,569.846,13806,8074,3.923077,
1976,19025,IA,Calhoun County,rural,Midwest,West North Central,569.846,13875,8176,4.307693,
1977,19025,IA,Calhoun County,rural,Midwest,West North Central,569.846,13780,8122,4.692307,
1978,19025,IA,Calhoun County,rural,Midwest,West North Central,569.846,13660,8083,5.076923,
1979,19025,IA,Calhoun County,rural,Midwest,West North Central,569.846,13493,8009,5.461538,
1979,19025,IA,Calhoun County,rural,Midwest,West North Central,569.846,13493,8009,5.461538,
1980,19025,IA,Calhoun County, rural,Midwest,West North Central,569.846,13521,8027,5.846154,
1981,19025,IA,Calhoun County, rural,Midwest,West North Central,569.846,13384,7892,6.230769,
1982,19025,IA,Calhoun County,rural  ,Midwest,West North Central,569.846,13242,7751,6.615385,
1982,19025,IA,Calhoun County,rural  ,Midwest,West North Central,569.846,13242,7751,6.615385,
1983,19025,IA,Calhoun County,rural,Midwest,West North Central,569.846,13017,7566,7,
1984,19025,IA,Calhoun County,rural,Midwest,West North Central,569.846,12760,7369,0.5877177,
1985,19025,IA,Calhoun County,rural,Midwest,West North Central,569.846,12346,7083,0.6791918,
1986,19025,IA,Calhoun County,Rural,Midwest,West North Central,569.846,11953,6807,0.7737426,
1987,19025,IA,Calhoun County,rural,Midwest,West North Central,569.846,11761,6647,0.8693939,
1988,19025,IA,Calhoun County,rural,Midwest,West North Central,569.846,11632,6527,0.9674646,
1989,19025,IA,Calhoun County,rural,Midwest,West North Central,569.846,11597,6435,1.160941,4
1990,19025,IA,Calhoun County,rural,Midwest,West North Central,569.846,11501,6358,1.351944,4
1991,19025,IA,Calhoun County,rural,Midwest,West North Central,569.846,11497,6376,1.55714,
1992,19025,IA,Calhoun County,rural,Midwest,West North Central,569.846,11503,6460,1.757557,5
1992,19025,IA,Calhoun County,rural,Midwest,West North Central,569.846,11503,6460,1.757557,5
1993,19025,IA,Calhoun County,rural,Midwest,West North Central,569.846,11478,6500,1.968504,4
1994,19025,IA,Calhoun County,RURAL,Midwest,West North Central,569.846,11630,6698,2.394856,7
1995,19025,IA,Calhoun County,rural,Midwest,West North Central,569.846,11473,6662,2.80096,7.45454545455
1996,19025,IA,Calhoun County,rural,Midwest,West North Central,569.846,11426,6671,3.20911,7.90909090909
1997,19025,IA,Calhoun County,rural,Midwest,West North Central,569.846,11377,6719,3.63475,8.36363636364
1998,19025,IA,Calhoun County,rural,Midwest,West North Central,569.846,11296,6719,4.043018,8.81818181818
1999,19025,IA,Calhoun County,rural,Midwest,West North Central,569.846,11190,6659,4.460811,9.27272727273
2000,19025,IA,Calhoun County,rural,Midwest,West North Central,569.846,11088,6625,4.572291,9.72727272727
2001,19025,IA,Calhoun County,rural,Midwest,West North Central,569.846,10918,6499,4.626446,10.1818181818
2002,19025,IA,Calhoun County,rural,Midwest,West North Central,569.846,10683,6373,4.695115,10.6363636364
2003,19025,IA,Calhoun County,rural,Midwest,West North Central,569.846,10488,6318,4.790118,11.0909090909
2003,19025,IA,Calhoun County,rural,Midwest,West North Central,569.846,10488,6318,4.790118,11.0909090909
2004,19025,IA,Calhoun County,rural,Midwest,West North Central,569.846,10382,6235,4.857842,11.5454545455
2004,19025,IA,Calhoun County,rural,Midwest,West North Central,569.846,10382,6235,4.857842,11.5454545455
2005,19025,IA,Calhoun County,rural,Midwest,West North Central,569.846,10228,6164,4.934753,12
2006,19025,IA,Calhoun County,rural,Midwest,West North Central,569.846,10093,6096,4.535714,19
2007,19025,IA,Calhoun County,rural,Midwest,West North Central,569.846,9947,5949,4.151601,16
2008,19025,IA,Calhoun County,rural,Midwest,West North Central,569.846,9845,5849,3.773077,25
2009,19025,IA,Calhoun County,rural,Midwest,West North Central,569.846,9684,5736,3.38664,23
2010,19025,IA,Calhoun County,rural,Midwest,West North Central,569.846,10177,6187,3.13311,14
2011,19025,IA,Calhoun County,rural,Midwest,West North Central,569.846,10160,6180,2.75674,14
2012,19025,IA,Calhoun County,rural,Midwest,West North Central,569.846,10062,6137,2.370856,9
2013,19025,IA,Calhoun County,rural,Midwest,West North Central,569.846,9909,6010,2.008191,8
2014,19025,IA,Calhoun County,rural,Midwest,West North Central,569.846,9898,5998,2.008191,13
2014,19025,IA,Calhoun County,rural,Midwest,West North Central,569.846,9898,5998,2.008191,13
2015,19025,IA,Calhoun County,rural  ,Midwest,West North Central,569.846,9839,5976,2.008191,6
2016,19025,IA,Calhoun County,rural,Midwest,West North Central,569.846,9790,5923,,
2016,19025,IA,Calhoun County,rural,Midwest,West North Central,569.846,9790,5923,,
1970,19027,IA,Carroll County,rural,Midwest,West North Central,569.437,22904,12380,2,
1971,19027,IA,Carroll County,rural,Midwest,West North Central,569.437,22850,12493,1.875,
1972,19027,IA,Carroll County,rural,Midwest,West North Central,569.437,22765,12625,1.75,
1973,19027,IA,Carroll County,Rural,Midwest,West North Central,569.437,23090,13034,1.625,
1974,19027,IA,Carroll County,rural,Midwest,West North Central,569.437,23126,13232,1.5,
1975,19027,IA,Carroll County,rural,Midwest,West North Central,569.437,23051,13344,1.375,
1976,19027,IA,Carroll County,rural,Midwest,West North Central,569.437,23019,13460,1.25,
1977,19027,IA,Carroll County,rural,Midwest,West North Central,569.437,22975,13550,1.125,
1978,19027,IA,Carroll County, rural,Midwest,West North Central,569.437,23075,13718,1,
1979,19027,IA,Carroll County,rural,Midwest,West North Central,569.437,22859,13654,1.2,
1980,19027,IA,Carroll County,rural,Midwest,West North Central,569.437,22982,13741,1.4,
1981,19027,IA,Carroll County,rural,Midwest,West North Central,569.437,22963,13660,1.6,
1982,19027,IA,Carroll County,rural,Midwest,West North Central,569.437,22665,13404,1.8,
1983,19027,IA,Carroll County,rural,Midwest,West North Central,569.437,22638,13316,2,
1984,19027,IA,Carroll County,rural,Midwest,West North Central,569.437,22643,13271,2.2,
1985,19027,IA,Carroll County,rural  ,Midwest,West North Central,569.437,22434,13105,2.4,
1986,19027,IA,Carroll County,rural,Midwest,West North Central,569.437,22098,12850,2.6,
1987,19027,IA,Carroll County,rural,Midwest,West North Central,569.437,21771,12599,2.8,
1988,19027,IA,Carroll County,rural,Midwest,West North Central,569.437,21730,12509,3,
1989,19027,IA,Carroll County,rural,Midwest,West North Central,569.437,21502,12262,4,
1990,19027,IA,Carroll County,rural,Midwest,West North Central,569.437,21415,12153,5,6
1991,19027,IA,Carroll County,rural,Midwest,West North Central,569.437,21429,12176,6,6
1992,19027,IA,Carroll County,rural,Midwest,West North Central,569.437,21483,12278,7,9
1993,19027,IA,Carroll County,rural,Midwest,West North Central,569.437,21634,12455,8,10
1994,19027,IA,Carroll County,rural,Midwest,West North Central,569.437,21525,12464,8.5,12
1995,19027,IA,Carroll County,rural,Midwest,West North Central,569.437,21651,12650,9,12.6363636364
1996,19027,IA,Carroll County,rural,Midwest,West North Central,569.437,21651,12696,9.5,13.2727272727
1997,19027,IA,Carroll County,rural,Midwest,West North Central,569.437,21705,12802,10,13.9090909091
1998,19027,IA,Carroll County,rural,Midwest,West North Central,569.437,21703,12881,10.5,14.5454545455
1999,19027,IA,Carroll County,rural,Midwest,West North Central,569.437,21631,12903,11,15.1818181818
2000,19027,IA,Carroll County,RURAL,Midwest,West North Central,569.437,21382,12793,11.33333,15.8181818182
2001,19027,IA,Carroll County,rural,Midwest,West North Central,569.437,21225,12813,11.66667,16.4545454545
2002,19027,IA,Carroll County,rural,Midwest,West North Central,569.437,21159,12793,12,17.0909090909
2003,19027,IA,Carroll County,rural,Midwest,West North Central,569.437,21024,12792,12.33333,17.7272727273
2004,19027,IA,Carroll County,rural,Midwest,West North Central,569.437,20936,12756,12.66667,18.3636363636
2005,19027,IA,Carroll County,rural,Midwest,West North Central,569.437,20973,12776,13,19
2006,19027,IA,Carroll County,rural,Midwest,West North Central,569.437,20832,12710,12.25,23
2007,19027,IA,Carroll County,rural,Midwest,West North Central,569.437,20869,12701,11.5,27
2008,19027,IA,Carroll County,rural,Midwest,West North Central,569.437,20742,12636,10.75,27
2009,19027,IA,Carroll County,rural,Midwest,West North Central,569.437,20743,12660,10,23
2009,19027,IA,Carroll County,rural,Midwest,West North Central,569.437,20743,12660,10,23
2010,19027,IA,Carroll County,rural,Midwest,West North Central,569.437,20816,12747,9.25,20
2011,19027,IA,Carroll County,rural,Midwest,West North Central,569.437,20824,12770,8.5,28
2012,19027,IA,Carroll County,rural,Midwest,West North Central,569.437,20853,12821,7.75,21
2013,19027,IA,Carroll County,rural,Midwest,West North Central,569.437,20651,12664,7,18
2014,19027,IA,Carroll County,rural,Midwest,West North Central,569.437,20538,12578,7,23
2015,19027,IA,Carroll County,rural,Midwest,West North Central,569.437,20496,12508,7,29
2016,19027,IA,Carroll County,rural,Midwest,West North Central,569.437,20420,12432,,
1970,19029,IA,Cass County,rural,Midwest,West North Central,564.269,17054,9640,3,
1971,19029,IA,Cass County,rural,Midwest,West North Central,564.269,17230,9802,3.166667,
1972,19029,IA,Cass County,rural,Midwest,West North Central,564.269,17020,9718,3.333333,
1973,19029,IA,Cass County,rural,Midwest,West North Central,564.269,17208,9930,3.5,
1974,19029,IA,Cass County,rural,Midwest,West North Central,564.269,17077,9920,3.666667,
1975,19029,IA,Cass County,rural,Midwest,West North Central,564.269,16966,9926,3.833333,
1976,19029,IA,Cass County,rural,Midwest,West North Central,564.269,17022,10058,4,
1976,19029,IA,Cass County,rural,Midwest,West North Central,564.269,17022,10058,4,
1977,19029,IA,Cass County,rural,Midwest,West North Central,564.269,17140,10164,4.166667,
1978,19029,IA,Cass County,rural,Midwest,West North Central,564.269,17219,10299,4.333333,
1978,19029,IA,Cass County,rural,Midwest,West North Central,564.269,17219,10299,4.333333,
1979,19029,IA,Cass County,rural,Midwest,West North Central,564.269,17222,10365,4.5,
1980,19029,IA,Cass County,rural,Midwest,West North Central,564.269,16974,10167,4.666667,
1981,19029,IA,Cass County,rural,Midwest,West North Central,564.269,17055,10176,4.833333,
1982,19029,IA,Cass County,rural,Midwest,West North Central,564.269,16917,10044,5,
1982,19029,IA,Cass County,rural,Midwest,West North Central,564.269,16917,10044,5,
1983,19029,IA,Cass County, rural,Midwest,West North Central,564.269,16881,9975,5.166667,
1984,19029,IA,Cass County,rural,Midwest,West North Central,564.269,16874,9946,5.333333,
1985,19029,IA,Cass County, rural,Midwest,West North Central,564.269,16367,9614,5.5,
1986,19029,IA,Cass County,rural,Midwest,West North Central,564.269,15841,9266,5.666667,
1987,19029,IA,Cass County,rural,Midwest,West North Central,564.269,15416,8979,5.833333,
1988,19029,IA,Cass County,rural,Midwest,West North Central,564.269,15329,8900,6,
1988,19029,IA,Cass County,rural,Midwest,West North Central,564.269,15329,8900,6,
1989,19029,IA,Cass County,rural,Midwest,West North Central,564.269,15224,8778,7.2,12
1990,19029,IA,Cass County,rural,Midwest,West North Central,564.269,15110,8688,8.4,21
1991,19029,IA,Cass County,Rural,Midwest,West North Central,564.269,15062,8675,9.6,16
1992,19029,IA,Cass County,rural,Midwest,West North Central,564.269,15056,8733,10.8,8
1993,19029,IA,Cass County,Rural,Midwest,West North Central,564.269,15090,8768,12,13
1994,19029,IA,Cass County, rural,Midwest,West North Central,564.269,15168,8864,13.33333,11
1995,19029,IA,Cass County,rural,Midwest,West North Central,564.269,15043,8863,14.66667,11.7272727273
1996,19029,IA,Cass County,rural,Midwest,West North Central,564.269,15005,8898,16,12.4545454545
1997,19029,IA,Cass County,rural,Midwest,West North Central,564.269,14886,8890,17.33333,13.1818181818
1998,19029,IA,Cass County,rural,Midwest,West North Central,564.269,14794,8837,18.66667,13.9090909091
1999,19029,IA,Cass County,RURAL,Midwest,West North Central,564.269,14649,8772,20,14.6363636364
2000,19029,IA,Cass County,rural,Midwest,West North Central,564.269,14675,8858,18.83333,15.3636363636
2001,19029,IA,Cass County,rural,Midwest,West North Central,564.269,14488,8746,17.66667,16.0909090909
2002,19029,IA,Cass County,rural,Midwest,West North Central,564.269,14242,8608,16.5,16.8181818182
2003,19029,IA,Cass County,rural,Midwest,West North Central,564.269,14275,8612,15.33333,17.5454545455
2003,19029,IA,Cass County,rural,Midwest,West North Central,564.269,14275,8612,15.33333,17.5454545455
2004,19029,IA,Cass County,RURAL,Midwest,West North Central,564.269,14142,8523,14.16667,18.2727272727
2005,19029,IA,Cass County,Rural,Midwest,West North Central,564.269,14002,8479,13,19
2006,19029,IA,Cass County,rural,Midwest,West North Central,564.269,14021,8503,13.375,20
2007,19029,IA,Cass County,rural,Midwest,West North Central,564.269,13988,8483,13.75,18
2008,19029,IA,Cass County,rural,Midwest,West North Central,564.269,13935,8452,14.125,26
2009,19029,IA,Cass County,rural,Midwest,West North Central,564.269,13949,8405,14.5,23
2010,19029,IA,Cass County,rural,Midwest,West North Central,564.269,13956,8410,14.875,24
2011,19029,IA,Cass County,rural,Midwest,West North Central,564.269,13929,8396,15.25,24
2011,19029,IA,Cass County,rural,Midwest,West North Central,564.269,13929,8396,15.25,24
2012,19029,IA,Cass County,rural,Midwest,West North Central,564.269,13764,8319,15.625,23
2013,19029,IA,Cass County,rural,Midwest,West North Central,564.269,13699,8226,16,29
2014,19029,IA,Cass County,rural,Midwest,West North Central,564.269,13569,8082,16,39
2015,19029,IA,Cass County,  RURAL ,Midwest,West North Central,564.269,13394,7971,16,32
2016,19029,IA,Cass County,rural,Midwest,West North Central,564.269,13349,7919,,
1970,19031,IA,Cedar County,rural,Midwest,West North Central,579.435,17721,10201,4,
1971,19031,IA,Cedar County,rural,Midwest,West North Central,579.435,17954,10419,3.75,
1972,19031,IA,Cedar County,rural,Midwest,West North Central,579.435,18055,10599,3.5,
1973,19031,IA,Cedar County,rural,Midwest,West North Central,579.435,18016,10678,3.25,
1974,19031,IA,Cedar County,rural,Midwest,West North Central,579.435,17748,10595,3,
1975,19031,IA,Cedar County,RURAL,Midwest,West North Central,579.435,17846,10770,2.75,
1976,19031,IA,Cedar County, rural,Midwest,West North Central,579.435,18256,11109,2.5,
1977,19031,IA,Cedar County,rural,Midwest,West North Central,579.435,18758,11538,2.25,
1978,19031,IA,Cedar County,rural,Midwest,West North Central,579.435,18893,11716,2,
1979,19031,IA,Cedar County,rural,Midwest,West North Central,579.435,18840,11726,2,
1980,19031,IA,Cedar County,rural,Midwest,West North Central,579.435,18650,11591,2,
1981,19031,IA,Cedar County,rural,Midwest,West North Central,579.435,18613,11543,2,
1982,19031,IA,Cedar County,rural,Midwest,West North Central,579.435,18516,11445,2,
1983,19031,IA,Cedar County,rural,Midwest,West North Central,579.435,18577,11453,2,
1984,19031,IA,Cedar County,rural,Midwest,West North Central,579.435,18429,11344,543,
1984,19031,,,,,,,,,3.2,
1985,19031,IA,Cedar County,rural,Midwest,West North Central,579.435,18217,11200,4.4,
1986,19031,IA,Cedar County,rural,Midwest,West North Central,579.435,17822,10933,5.6,
1987,19031,IA,Cedar County,rural,Midwest,West North Central,579.435,17478,10703,6.8,
1988,19031,IA,Cedar County,rural,Midwest,West North Central,579.435,17329,10589,8,
1989,19031,IA,Cedar County,rural,Midwest,West North Central,579.435,17380,10552,10,10
1990,19031,IA,Cedar County,  RURAL ,Midwest,West North Central,579.435,17447,10549,10,16
1991,19031,IA,Cedar County,rural,Midwest,West North Central,579.435,17505,10570,10,15
1992,19031,IA,Cedar County,rural,Midwest,West North Central,579.435,17703,10756,10,21
1993,19031,IA,Cedar County,rural,Midwest,West North Central,579.435,17551,10688,9,25
1994,19031,IA,Cedar County,rural,Midwest,West North Central,579.435,17566,10753,9.5,24
1995,19031,IA,Cedar County,rural,Midwest,West North Central,579.435,17742,10984,10,24
1996,19031,IA,Cedar County,rural,Midwest,West North Central,579.435,17860,11135,10.5,24
1997,19031,IA,Cedar County,rural,Midwest,West North Central,579.435,18102,11358,11,24
1998,19031,IA,Cedar County,rural,Midwest,West North Central,579.435,18057,11378,11.5,24
1999,19031,IA,Cedar County,rural,Midwest,West North Central,579.435,18178,11494,12,24
2000,19031,IA,Cedar County,rural,Midwest,West North Central,579.435,18199,11565,16.66667,24
2001,19031,IA,Cedar County,rural,Midwest,West North Central,579.435,18126,11512,21.33333,24
2002,19031,IA,Cedar County,rural  ,Midwest,West North Central,579.435,18150,11523,26,24
2003,19031,IA,Cedar County,rural,Midwest,West North Central,579.435,18224,11567,30.66667,24
2004,19031,IA,Cedar County,rural,Midwest,West North Central,579.435,18248,11661,35.33333,24
2004,19031,IA,Cedar County,rural,Midwest,West North Central,579.435,18248,11661,35.33333,24
2005,19031,IA,Cedar County,rural,Midwest,West North Central,579.435,18213,11648,40,24
2005,19031,IA,Cedar County,rural,Midwest,West North Central,579.435,18213,11648,40,24
2006,19031,IA,Cedar County,rural,Midwest,West North Central,579.435,18332,11739,37.375,19
2007,19031,IA,Cedar County,rural,Midwest,West North Central,579.435,18321,11726,34.75,23
2008,19031,IA,Cedar County,rural,Midwest,West North Central,579.435,18460,11743,32.125,28
2009,19031,IA,Cedar County,rural  ,Midwest,West North Central,579.435,18458,11703,29.5,28
2010,19031,IA,Cedar County,rural,Midwest,West North Central,579.435,18495,11718,26.875,24
2011,19031,IA,Cedar County,rural,Midwest,West North Central,579.435,18502,11748,24.25,28
2012,19031,IA,Cedar County,rural,Midwest,West North Central,579.435,18402,11741,21.625,25
2013,19031,IA,Cedar County,Rural,Midwest,West North Central,579.435,18340,11649,19,26
2014,19031,IA,Cedar County,RURAL,Midwest,West North Central,579.435,18270,11593,585,18
2014,19031,,,,,,,,,19,
2015,19031,IA,Cedar County,rural,Midwest,West North Central,579.435,18318,11564,19,22
2016,19031,IA,Cedar County,rural,Midwest,West North Central,579.435,18300,11549,,
1970,19033,IA,Cerro Gordo County,rural,Midwest,West North Central,568.297,49272,29685,13,
1971,19033,IA,Cerro Gordo County,rural,Midwest,West North Central,568.297,49458,30062,12.75,
1972,19033,IA,Cerro Gordo County,rural,Midwest,West North Central,568.297,49299,30270,12.5,
1973,19033,IA,Cerro Gordo County,rural,Midwest,West North Central,568.297,49662,30876,12.25,
1974,19033,IA,Cerro Gordo County,rural,Midwest,West North Central,568.297,49652,31220,12,
1975,19033,IA,Cerro Gordo County,rural,Midwest,West North Central,568.297,49318,31316,11.75,
1976,19033,IA,Cerro Gordo County,rural,Midwest,West North Central,568.297,49209,31510,11.5,
1977,19033,IA,Cerro Gordo County,rural,Midwest,West North Central,568.297,49177,31625,11.25,
1978,19033,IA,Cerro Gordo County,rural,Midwest,West North Central,568.297,48863,31573,11,
1979,19033,IA,Cerro Gordo County,rural,Midwest,West North Central,568.297,48493,31436,10,
1980,19033,IA,Cerro Gordo County,rural,Midwest,West North Central,568.297,48504,31458,9,
1981,19033,IA,Cerro Gordo County,rural,Midwest,West North Central,568.297,48415,31288,8,
1982,19033,IA,Cerro Gordo County,rural,Midwest,West North Central,568.297,48217,31004,7,
1983,19033,IA,Cerro Gordo County,rural,Midwest,West North Central,568.297,48061,30767,6,
1984,19033,IA,Cerro Gordo County,rural,Midwest,West North Central,568.297,48057,30666,9.8,
1985,19033,IA,Cerro Gordo County,rural,Midwest,West North Central,568.297,48494,30840,13.6,
1986,19033,IA,Cerro Gordo County,rural,Midwest,West North Central,568.297,48156,30499,17.4,
1987,19033,IA,Cerro Gordo County,rural,Midwest,West North Central,568.297,47356,29870,21.2,
1988,19033,IA,Cerro Gordo County,RURAL,Midwest,West North Central,568.297,47219,29680,25,
1989,19033,IA,Cerro Gordo County,rural,Midwest,West North Central,568.297,46839,29212,25.4,39
1990,19033,IA,Cerro Gordo County,rural,Midwest,West North Central,568.297,46773,29081,25.8,43
1991,19033,IA,Cerro Gordo County,rural,Midwest,West North Central,568.297,47206,29335,26.2,42
1992,19033,IA,Cerro Gordo County,rural,Midwest,West North Central,568.297,47060,29269,26.6,63
1993,19033,IA,Cerro Gordo County,rural,Midwest,West North Central,568.297,46904,29179,27,79
1994,19033,IA,Cerro Gordo County,rural,Midwest,West North Central,568.297,46945,29260,31,81
1995,19033,IA,Cerro Gordo County,rural,Midwest,West North Central,568.297,47196,29543,35,89.6363636364
1996,19033,IA,Cerro Gordo County,rural,Midwest,West North Central,568.297,47080,29547,39,98.2727272727
1997,19033,IA,Cerro Gordo County,rural,Midwest,West North Central,568.297,47091,29627,43,106.909090909
1998,19033,IA,Cerro Gordo County,rural,Midwest,West North Central,568.297,46950,29569,47,115.545454545
1999,19033,IA,Cerro Gordo County,rural,Midwest,West North Central,568.297,46637,29355,51,124.181818182
2000,19033,IA,Cerro Gordo County,rural,Midwest,West North Central,568.297,46389,29189,51.66667,132.818181818
2001,19033,IA,Cerro Gordo County,rural,Midwest,West North Central,568.297,45844,28957,52.33333,141.454545455
2002,19033,IA,Cerro Gordo County,rural,Midwest,West North Central,568.297,45430,28789,53,150.090909091
2003,19033,IA,Cerro Gordo County,rural,Midwest,West North Central,568.297,45412,28803,53.66667,158.727272727
2004,19033,IA,Cerro Gordo County,rural  ,Midwest,West North Central,568.297,44993,28686,54.33333,167.363636364
2005,19033,IA,Cerro Gordo County,rural,Midwest,West North Central,568.297,44741,28707,55,176
2006,19033,IA,Cerro Gordo County,rural,Midwest,West North Central,568.297,44531,28692,571,156
2006,19033,,,,,,,,,57.375,
2007,19033,IA,Cerro Gordo County,rural,Midwest,West North Central,568.297,44461,28607,59.75,153
2008,19033,IA,Cerro Gordo County,rural,Midwest,West North Central,568.297,44285,28538,641,135
2008,19033,,,,,,,,,62.125,
2009,19033,IA,Cerro Gordo County,rural,Midwest,West North Central,568.297,44239,28525,64.5,130
2010,19033,IA,Cerro Gordo County,rural,Midwest,West North Central,568.297,44151,28451,66.875,136
2011,19033,IA,Cerro Gordo County,rural,Midwest,West North Central,568.297,44093,28443,69.25,116
2011,19033,IA,Cerro Gordo County,rural,Midwest,West North Central,568.297,44093,28443,69.25,116
2012,19033,IA,Cerro Gordo County,rural,Midwest,West North Central,568.297,43960,28332,71.625,122
2013,19033,IA,Cerro Gordo County,rural,Midwest,West North Central,568.297,43692,27928,74,134
2013,19033,IA,Cerro Gordo County,rural,Midwest,West North Central,568.297,43692,27928,74,134
2014,19033,IA,Cerro Gordo County,rural,Midwest,West North Central,568.297,43512,27676,627,160
2014,19033,,,,,,,,,74,
2015,19033,IA,Cerro Gordo County,rural,Midwest,West North Central,568.297,43166,27316,74,165
2016,19033,IA,Cerro Gordo County,Rural,Midwest,West North Central,568.297,42923,26921,,
1970,19035,IA,Cherokee County,rural,Midwest,West North Central,576.906,17278,9966,2,
1971,19035,IA,Cherokee County,rural,Midwest,West North Central,576.906,17308,10059,2.153846,
1972,19035,IA,Cherokee County,rural,Midwest,West North Central,576.906,17421,10256,2.307692,
1972,19035,IA,Cherokee County,rural,Midwest,West North Central,576.906,17421,10256,2.307692,
1973,19035,IA,Cherokee County,rural,Midwest,West North Central,576.906,17166,10199,2.461539,
1974,19035,IA,Cherokee County,rural,Midwest,West North Central,576.906,16878,10112,2.615385,
1975,19035,IA,Cherokee County,rural,Midwest,West North Central,576.906,16545,9990,2.769231,
1976,19035,IA,Cherokee County,rural,Midwest,West North Central,576.906,16482,10027,2.923077,
1977,19035,IA,Cherokee County,rural,Midwest,West North Central,576.906,16569,10136,3.076923,
1977,19035,IA,Cherokee County,rural,Midwest,West North Central,576.906,16569,10136,3.076923,
1978,19035,IA,Cherokee County,rural,Midwest,West North Central,576.906,16619,10248,3.230769,
1979,19035,IA,Cherokee County,rural,Midwest,West North Central,576.906,16421,10183,3.384615,
1980,19035,IA,Cherokee County,rural,Midwest,West North Central,576.906,16233,10067,3.538461,
1981,19035,IA,Cherokee County,rural,Midwest,West North Central,576.906,16128,9955,3.692308,
1982,19035,IA,Cherokee County,rural,Midwest,West North Central,576.906,15868,9739,3.846154,
1983,19035,IA,Cherokee County,rural,Midwest,West North Central,576.906,15850,9682,4,
1984,19035,IA,Cherokee County,rural,Midwest,West North Central,576.906,15656,9530,3.6,
1985,19035,IA,Cherokee County,rural,Midwest,West North Central,576.906,15266,9257,3.2,
1985,19035,IA,Cherokee County,rural,Midwest,West North Central,576.906,15266,9257,3.2,
1986,19035,IA,Cherokee County,rural,Midwest,West North Central,576.906,14842,8956,2.8,
1987,19035,IA,Cherokee County,rural,Midwest,West North Central,576.906,14511,8717,2.4,
1988,19035,IA,Cherokee County,rural,Midwest,West North Central,576.906,14277,8537,2,
1989,19035,IA,Cherokee County,rural,Midwest,West North Central,576.906,14141,8381,2.6,
1990,19035,IA,Cherokee County,rural,Midwest,West North Central,576.906,14107,8323,3.2,7
1991,19035,IA,Cherokee County,rural,Midwest,West North Central,576.906,14062,8306,3.8,13
1992,19035,IA,Cherokee County,rural,Midwest,West North Central,576.906,13978,8281,4.4,6
1993,19035,IA,Cherokee County,rural,Midwest,West North Central,576.906,13912,8264,5,8
1994,19035,IA,Cherokee County,rural,Midwest,West North Central,576.906,13882,8264,5.5,7
1995,19035,IA,Cherokee County,rural,Midwest,West North Central,576.906,13635,8136,6,7.27272727273
1996,19035,IA,Cherokee County,rural,Midwest,West North Central,576.906,13450,8027,6.5,7.54545454545
1996,19035,IA,Cherokee County,rural,Midwest,West North Central,576.906,13450,8027,6.5,7.54545454545
1997,19035,IA,Cherokee County,rural,Midwest,West North Central,576.906,13381,8017,7,7.81818181818
1998,19035,IA,Cherokee County,rural,Midwest,West North Central,576.906,13204,7920,7.5,8.09090909091
1999,19035,IA,Cherokee County,rural,Midwest,West North Central,576.906,13096,7864,8,8.36363636364
2000,19035,IA,Cherokee County,rural,Midwest,West North Central,576.906,13019,7852,7,8.63636363636
2001,19035,IA,Cherokee County,RURAL,Midwest,West North Central,576.906,12905,7779,2,8.90909090909
2001,19035,IA,Cherokee County,RURAL,Midwest,West North Central,576.906,12905,7779,2,8.90909090909
2002,19035,IA,Cherokee County,rural,Midwest,West North Central,576.906,12685,7669,7,9.18181818182
2003,19035,IA,Cherokee County,rural,Midwest,West North Central,576.906,12579,7603,9,9.45454545455
2004,19035,IA,Cherokee County,rural,Midwest,West North Central,576.906,12510,7613,7,9.72727272727
2005,19035,IA,Cherokee County,rural,Midwest,West North Central,576.906,12380,7528,6,10
2006,19035,IA,Cherokee County,  RURAL ,Midwest,West North Central,576.906,12215,7435,6.5,13
2007,19035,IA,Cherokee County,rural,Midwest,West North Central,576.906,12152,7369,7,12
2008,19035,IA,Cherokee County, rural,Midwest,West North Central,576.906,12014,7275,7.5,17
2009,19035,IA,Cherokee County,rural,Midwest,West North Central,576.906,11953,7250,8,20
2010,19035,IA,Cherokee County,rural,Midwest,West North Central,576.906,12072,7396,8.5,22
2011,19035,IA,Cherokee County,rural  ,Midwest,West North Central,576.906,12115,7441,9,20
2012,19035,IA,Cherokee County,rural,Midwest,West North Central,576.906,12028,7399,9.5,14
2013,19035,IA,Cherokee County,rural,Midwest,West North Central,576.906,11957,7286,10,20
2014,19035,IA,Cherokee County,rural,Midwest,West North Central,576.906,11878,7218,10,18
2015,19035,IA,Cherokee County,rural,Midwest,West North Central,576.906,11802,7113,10,18
2016,19035,IA,Cherokee County,RURAL,Midwest,West North Central,576.906,11485,6858,,
1970,19037,IA,Chickasaw County,rural,Midwest,West North Central,504.38,14916,8114,4,
1971,19037,IA,Chickasaw County,rural,Midwest,West North Central,504.38,14714,8053,3.75,
1972,19037,IA,Chickasaw County,rural,Midwest,West North Central,504.38,14799,8213,3.5,
1973,19037,IA,Chickasaw County,rural,Midwest,West North Central,504.38,14899,8379,3.25,
1974,19037,IA,Chickasaw County, rural,Midwest,West North Central,504.38,14944,8502,3,
1974,19037,IA,Chickasaw County, rural,Midwest,West North Central,504.38,14944,8502,3,
1975,19037,IA,Chickasaw County,rural,Midwest,West North Central,504.38,15203,8764,2.75,
1976,19037,IA,Chickasaw County,rural,Midwest,West North Central,504.38,15297,8949,2.5,
1977,19037,IA,Chickasaw County,rural,Midwest,West North Central,504.38,15424,9122,2.25,
1977,19037,IA,Chickasaw County,rural,Midwest,West North Central,504.38,15424,9122,2.25,
1978,19037,IA,Chickasaw County,rural,Midwest,West North Central,504.38,15469,9234,2,
1979,19037,IA,Chickasaw County,rural,Midwest,West North Central,504.38,15497,9342,2.6,
1980,19037,IA,Chickasaw County,rural,Midwest,West North Central,504.38,15431,9335,3.2,
1981,19037,IA,Chickasaw County,rural,Midwest,West North Central,504.38,15330,9251,3.8,
1982,19037,IA,Chickasaw County,rural,Midwest,West North Central,504.38,15213,9149,4.4,
1983,19037,IA,Chickasaw County,rural,Midwest,West North Central,504.38,15144,9076,5,
1984,19037,IA,Chickasaw County,rural,Midwest,West North Central,504.38,14897,8918,5,
1985,19037,IA,Chickasaw County,rural,Midwest,West North Central,504.38,14484,8651,5,
1986,19037,IA,Chickasaw County,rural,Midwest,West North Central,504.38,14174,8446,5,
1987,19037,IA,Chickasaw County,RURAL,Midwest,West North Central,504.38,13716,8150,5,
1988,19037,IA,Chickasaw County,rural,Midwest,West North Central,504.38,13539,8027,5,
1989,19037,IA,Chickasaw County,rural,Midwest,West North Central,504.38,13417,7904,4.8,
1990,19037,IA,Chickasaw County,rural,Midwest,West North Central,504.38,13288,7807,4.6,
1991,19037,IA,Chickasaw County, rural,Midwest,West North Central,504.38,13219,7769,4.4,4
1992,19037,IA,Chickasaw County,rural,Midwest,West North Central,504.38,13218,7824,4.2,
1993,19037,IA,Chickasaw County,rural,Midwest,West North Central,504.38,13238,7872,4,
1994,19037,IA,Chickasaw County,rural,Midwest,West North Central,504.38,13287,7960,4,
1995,19037,IA,Chickasaw County,rural,Midwest,West North Central,504.38,13297,8052,4,
1996,19037,IA,Chickasaw County,rural,Midwest,West North Central,504.38,13270,8061,4,
1997,19037,IA,Chickasaw County,rural,Midwest,West North Central,504.38,13272,8089,4,
1998,19037,IA,Chickasaw County,rural,Midwest,West North Central,504.38,13237,8109,4,
1999,19037,IA,Chickasaw County,rural,Midwest,West North Central,504.38,13209,8095,4,
2000,19037,IA,Chickasaw County, rural,Midwest,West North Central,504.38,13168,8021,4,
2001,19037,IA,Chickasaw County,rural,Midwest,West North Central,504.38,13192,8041,4,
2002,19037,IA,Chickasaw County,rural,Midwest,West North Central,504.38,12941,7901,557,
2002,19037,,,,,,,,,4,
2003,19037,IA,Chickasaw County,rural,Midwest,West North Central,504.38,12770,7815,4,
2004,19037,IA,Chickasaw County,rural,Midwest,West North Central,504.38,12691,7771,4,
2005,19037,IA,Chickasaw County,rural,Midwest,West North Central,504.38,12561,7756,4,
2006,19037,IA,Chickasaw County,rural,Midwest,West North Central,504.38,12603,7778,4,5
2007,19037,IA,Chickasaw County,rural,Midwest,West North Central,504.38,12540,7722,4,12
2008,19037,IA,Chickasaw County,rural,Midwest,West North Central,504.38,12471,7655,4,16
2009,19037,IA,Chickasaw County,rural,Midwest,West North Central,504.38,12465,7666,4,13
2009,19037,IA,Chickasaw County,rural,Midwest,West North Central,504.38,12465,7666,4,13
2010,19037,IA,Chickasaw County,rural,Midwest,West North Central,504.38,12439,7625,4,15
2011,19037,IA,Chickasaw County,rural,Midwest,West North Central,504.38,12407,7598,4,14
2011,19037,IA,Chickasaw County,rural,Midwest,West North Central,504.38,12407,7598,4,14
2012,19037,IA,Chickasaw County, rural,Midwest,West North Central,504.38,12400,7625,4,13
2013,19037,IA,Chickasaw County,rural,Midwest,West North Central,504.38,12282,7531,4,13
2014,19037,IA,Chickasaw County,rural,Midwest,West North Central,504.38,12268,7529,4,12
2014,19037,IA,Chickasaw County,rural,Midwest,West North Central,504.38,12268,7529,4,12
2015,19037,IA,Chickasaw County,rural,Midwest,West North Central,504.38,12239,7448,4,14
2016,19037,IA,Chickasaw County,rural,Midwest,West North Central,504.38,12123,7385,,
1970,19039,IA,Clarke County,rural,Midwest,West North Central,431.167,7597,4385,5,
1971,19039,IA,Clarke County,rural,Midwest,West North Central,431.167,7624,4396,4.692307,
1972,19039,IA,Clarke County,rural,Midwest,West North Central,431.167,7925,4618,4.384615,
1973,19039,IA,Clarke County,rural,Midwest,West North Central,431.167,7843,4575,4.076923,
1973,19039,IA,Clarke County,rural,Midwest,West North Central,431.167,7843,4575,4.076923,
1974,19039,IA,Clarke County,rural,Midwest,West North Central,431.167,7835,4575,3.769231,
1975,19039,IA,Clarke County,rural,Midwest,West North Central,431.167,7991,4692,3.461539,
1976,19039,IA,Clarke County,Rural,Midwest,West North Central,431.167,8077,4783,3.153846,
1976,19039,IA,Clarke County,Rural,Midwest,West North Central,431.167,8077,4783,3.153846,
1977,19039,IA,Clarke County,rural  ,Midwest,West North Central,431.167,8234,4897,2.846154,
1978,19039,IA,Clarke County,rural,Midwest,West North Central,431.167,8319,4961,2.538461,
1978,19039,IA,Clarke County,rural,Midwest,West North Central,431.167,8319,4961,2.538461,
1979,19039,IA,Clarke County,rural,Midwest,West North Central,431.167,8457,5061,2.230769,
1980,19039,IA,Clarke County,rural,Midwest,West North Central,431.167,8624,5197,1.923077,
1981,19039,IA,Clarke County,rural,Midwest,West North Central,431.167,8646,5204,1.615385,
1982,19039,IA,Clarke County,rural,Midwest,West North Central,431.167,8721,5240,1.307692,
1983,19039,IA,Clarke County,rural,Midwest,West North Central,431.167,8566,5140,1,
1984,19039,IA,Clarke County,rural,Midwest,West North Central,431.167,8493,5094,1.6,
1985,19039,IA,Clarke County,  RURAL ,Midwest,West North Central,431.167,8385,5024,2.2,
1985,19039,IA,Clarke County,  RURAL ,Midwest,West North Central,431.167,8385,5024,2.2,
1986,19039,IA,Clarke County,rural,Midwest,West North Central,431.167,8288,4961,2.8,
1987,19039,IA,Clarke County,rural,Midwest,West North Central,431.167,8352,4997,3.4,
1988,19039,IA,Clarke County,rural,Midwest,West North Central,431.167,8407,5025,4,
1989,19039,IA,Clarke County,rural,Midwest,West North Central,431.167,8329,4956,3.8,8
1990,19039,IA,Clarke County,rural,Midwest,West North Central,431.167,8301,4930,3.6,9
1991,19039,IA,Clarke County,rural,Midwest,West North Central,431.167,8353,4945,3.4,12
1992,19039,IA,Clarke County,rural  ,Midwest,West North Central,431.167,8496,5063,3.2,16
1993,19039,IA,Clarke County,rural  ,Midwest,West North Central,431.167,8549,5098,3,14
1994,19039,IA,Clarke County,rural,Midwest,West North Central,431.167,8429,5019,3.5,18
1995,19039,IA,Clarke County,rural,Midwest,West North Central,431.167,8486,5095,4,18.9090909091
1996,19039,IA,Clarke County,rural,Midwest,West North Central,431.167,8663,5229,4.5,19.8181818182
1997,19039,IA,Clarke County,rural,Midwest,West North Central,431.167,8701,5255,5,20.7272727273
1998,19039,IA,Clarke County,rural,Midwest,West North Central,431.167,8841,5380,5.5,21.6363636364
1999,19039,IA,Clarke County,rural,Midwest,West North Central,431.167,8908,5436,6,22.5454545455
2000,19039,IA,Clarke County,rural,Midwest,West North Central,431.167,9194,5673,8,23.4545454545
2001,19039,IA,Clarke County,RURAL,Midwest,West North Central,431.167,9207,5717,10,24.3636363636
2002,19039,IA,Clarke County,rural,Midwest,West North Central,431.167,9213,5747,12,25.2727272727
2003,19039,IA,Clarke County,rural,Midwest,West North Central,431.167,9282,5795,14,26.1818181818
2003,19039,IA,Clarke County,rural,Midwest,West North Central,431.167,9282,5795,14,26.1818181818
2004,19039,IA,Clarke County,rural,Midwest,West North Central,431.167,9307,5816,16,27.0909090909
2005,19039,IA,Clarke County,rural,Midwest,West North Central,431.167,9180,5784,18,28
2006,19039,IA,Clarke County,rural,Midwest,West North Central,431.167,9196,5731,17.875,23
2007,19039,IA,Clarke County,rural,Midwest,West North Central,431.167,9149,5735,17.75,26
2008,19039,IA,Clarke County,rural,Midwest,West North Central,431.167,9217,5798,17.625,25
2009,19039,IA,Clarke County,rural,Midwest,West North Central,431.167,9228,5748,17.5,22
2010,19039,IA,Clarke County,rural,Midwest,West North Central,431.167,9286,5779,17.375,23
2011,19039,IA,Clarke County,rural,Midwest,West North Central,431.167,9318,5793,17.25,18
2012,19039,IA,Clarke County,rural,Midwest,West North Central,431.167,9317,5839,557,20
2012,19039,,,,,,,,,17.125,
2013,19039,IA,Clarke County,rural,Midwest,West North Central,431.167,9341,5799,17,20
2014,19039,IA,Clarke County,rural,Midwest,West North Central,431.167,9245,5739,17,24
2015,19039,IA,Clarke County,rural,Midwest,West North Central,431.167,9202,5690,17,24
2016,19039,IA,Clarke County,RURAL,Midwest,West North Central,431.167,9227,5659,,
2016,19039,IA,Clarke County,RURAL,Midwest,West North Central,431.167,9227,5659,,
1970,19041,IA,Clay County,rural,Midwest,West North Central,567.238,18477,10952,7,
1971,19041,IA,Clay County,  RURAL ,Midwest,West North Central,567.238,18554,11090,6.5,
1972,19041,IA,Clay County,RURAL,Midwest,West North Central,567.238,18368,11083,6,
1973,19041,IA,Clay County,rural,Midwest,West North Central,567.238,18422,11243,5.5,
1973,19041,IA,Clay County,rural,Midwest,West North Central,567.238,18422,11243,5.5,
1974,19041,IA,Clay County,rural  ,Midwest,West North Central,567.238,18544,11441,5,
1975,19041,IA,Clay County,rural,Midwest,West North Central,567.238,18788,11728,4.5,
1976,19041,IA,Clay County,rural,Midwest,West North Central,567.238,19042,11964,4,
1977,19041,IA,Clay County,rural,Midwest,West North Central,567.238,19217,12103,3.5,
1978,19041,IA,Clay County,rural,Midwest,West North Central,567.238,19471,12292,3,
1978,19041,IA,Clay County,rural,Midwest,West North Central,567.238,19471,12292,3,
1979,19041,IA,Clay County,rural,Midwest,West North Central,567.238,19623,12421,4.2,
1980,19041,IA,Clay County,rural,Midwest,West North Central,567.238,19562,12349,5.4,
1981,19041,IA,Clay County,rural,Midwest,West North Central,567.238,19398,12199,6.6,
1982,19041,IA,Clay County,rural,Midwest,West North Central,567.238,19222,12023,7.8,
1983,19041,IA,Clay County,rural,Midwest,West North Central,567.238,19202,11950,9,
1984,19041,IA,Clay County,rural,Midwest,West North Central,567.238,18954,11759,8.4,
1985,19041,IA,Clay County,rural,Midwest,West North Central,567.238,18384,11365,7.8,
1986,19041,IA,Clay County,rural,Midwest,West North Central,567.238,17769,10936,7.2,
1987,19041,IA,Clay County,rural,Midwest,West North Central,567.238,17314,10610,6.6,
1988,19041,IA,Clay County,rural,Midwest,West North Central,567.238,17192,10484,6,
1989,19041,IA,Clay County,rural,Midwest,West North Central,567.238,17451,10547,6.4,9
1990,19041,IA,Clay County,rural,Midwest,West North Central,567.238,17654,10623,6.8,14
1991,19041,IA,Clay County,rural,Midwest,West North Central,567.238,17638,10602,7.2,20
1992,19041,IA,Clay County,rural,Midwest,West North Central,567.238,17766,10716,7.6,12
1993,19041,IA,Clay County,rural,Midwest,West North Central,567.238,17700,10732,8,18
1994,19041,IA,Clay County,rural,Midwest,West North Central,567.238,17696,10759,8,18
1995,19041,IA,Clay County,rural,Midwest,West North Central,567.238,17577,10751,8,18
1996,19041,IA,Clay County,rural,Midwest,West North Central,567.238,17601,10804,8,18
1997,19041,IA,Clay County,rural,Midwest,West North Central,567.238,17662,10893,8,18
1998,19041,IA,Clay County,rural,Midwest,West North Central,567.238,17550,10862,8,18
1999,19041,IA,Clay County, rural,Midwest,West North Central,567.238,17339,10731,8,18
2000,19041,IA,Clay County,rural,Midwest,West North Central,567.238,17360,10784,8.666667,18
2001,19041,IA,Clay County,rural,Midwest,West North Central,567.238,17256,10733,9.333333,18
2002,19041,IA,Clay County,rural,Midwest,West North Central,567.238,17086,10618,10,18
2003,19041,IA,Clay County,RURAL,Midwest,West North Central,567.238,16985,10629,10.66667,18
2004,19041,IA,Clay County,rural,Midwest,West North Central,567.238,16960,10582,11.33333,18
2005,19041,IA,Clay County,rural,Midwest,West North Central,567.238,16848,10558,12,18
2006,19041,IA,Clay County,rural,Midwest,West North Central,567.238,16812,10558,7,17
2007,19041,IA,Clay County,rural,Midwest,West North Central,567.238,16725,10539,6,24
2008,19041,IA,Clay County,rural,Midwest,West North Central,567.238,16697,10451,10,27
2009,19041,IA,Clay County,rural,Midwest,West North Central,567.238,16708,10447,9,27
2010,19041,IA,Clay County,rural,Midwest,West North Central,567.238,16667,10434,9,20
2011,19041,IA,Clay County,rural,Midwest,West North Central,567.238,16633,10414,16,25
2012,19041,IA,Clay County,rural,Midwest,West North Central,567.238,16595,10368,11,22
2013,19041,IA,Clay County,rural,Midwest,West North Central,567.238,16540,10298,9,25
2014,19041,IA,Clay County,RURAL,Midwest,West North Central,567.238,16442,10160,14,33
2015,19041,IA,Clay County,rural,Midwest,West North Central,567.238,16491,10141,14,32
2016,19041,IA,Clay County,rural  ,Midwest,West North Central,567.238,16508,10143,,
1970,19043,IA,Clayton County,rural,Midwest,West North Central,778.496,20644,11584,0,
1971,19043,IA,Clayton County,rural,Midwest,West North Central,778.496,20771,11735,0,
1971,19043,IA,Clayton County,rural,Midwest,West North Central,778.496,20771,11735,0,
1972,19043,IA,Clayton County,rural,Midwest,West North Central,778.496,21289,12185,0,
1973,19043,IA,Clayton County,rural,Midwest,West North Central,778.496,21141,12203,0,
1974,19043,IA,Clayton County,rural,Midwest,West North Central,778.496,21116,12286,0,
1975,19043,IA,Clayton County,rural,Midwest,West North Central,778.496,21429,12600,0,
1976,19043,IA,Clayton County,rural,Midwest,West North Central,778.496,21541,12773,0,
1977,19043,IA,Clayton County,rural,Midwest,West North Central,778.496,21831,13045,0,
1978,19043,IA,Clayton County,rural,Midwest,West North Central,778.496,21822,13118,5,
1979,19043,IA,Clayton County,rural,Midwest,West North Central,778.496,21621,13039,4.8,
1980,19043,IA,Clayton County,RURAL,Midwest,West North Central,778.496,21096,12666,4.6,
1981,19043,IA,Clayton County,rural,Midwest,West North Central,778.496,20952,12554,4.4,
1982,19043,IA,Clayton County,rural,Midwest,West North Central,778.496,20800,12423,4.2,
1983,19043,IA,Clayton County,  RURAL ,Midwest,West North Central,778.496,20601,12276,4,
1984,19043,IA,Clayton County,rural,Midwest,West North Central,778.496,20506,12214,4.5,
1985,19043,IA,Clayton County,Rural,Midwest,West North Central,778.496,20178,11997,5,
1986,19043,IA,Clayton County,rural,Midwest,West North Central,778.496,19700,11695,2,
1987,19043,IA,Clayton County, rural,Midwest,West North Central,778.496,19411,11500,5,
1988,19043,IA,Clayton County,rural,Midwest,West North Central,778.496,19369,11460,3,
1989,19043,IA,Clayton County,rural,Midwest,West North Central,778.496,19217,11302,3,9
1990,19043,IA,Clayton County,rural,Midwest,West North Central,778.496,19064,11182,3,8
1991,19043,IA,Clayton County,rural,Midwest,West North Central,778.496,18889,11060,3,8
1992,19043,IA,Clayton County,rural,Midwest,West North Central,778.496,18813,11104,3,10
1993,19043,IA,Clayton County,rural,Midwest,West North Central,778.496,18909,11194,3,16
1994,19043,IA,Clayton County,rural,Midwest,West North Central,778.496,18886,11230,3.333333,12
1995,19043,IA,Clayton County,rural,Midwest,West North Central,778.496,18871,11317,3.666667,11.5454545455
1996,19043,IA,Clayton County,rural,Midwest,West North Central,778.496,18930,11441,4,11.0909090909
1997,19043,IA,Clayton County,rural,Midwest,West North Central,778.496,18953,11515,4.333333,10.6363636364
1998,19043,IA,Clayton County,rural,Midwest,West North Central,778.496,18900,11524,4.666667,10.1818181818
1999,19043,IA,Clayton County, rural,Midwest,West North Central,778.496,18825,11492,5,9.72727272727
2000,19043,IA,Clayton County,rural,Midwest,West North Central,778.496,18611,11356,5.5,9.27272727273
2000,19043,IA,Clayton County,rural,Midwest,West North Central,778.496,18611,11356,5.5,9.27272727273
2001,19043,IA,Clayton County,rural,Midwest,West North Central,778.496,18529,11359,6,8.81818181818
2002,19043,IA,Clayton County,Rural,Midwest,West North Central,778.496,18369,11314,6.5,8.36363636364
2003,19043,IA,Clayton County,rural,Midwest,West North Central,778.496,18357,11370,7,7.90909090909
2004,19043,IA,Clayton County,rural,Midwest,West North Central,778.496,18358,11336,7.5,7.45454545455
2005,19043,IA,Clayton County,rural,Midwest,West North Central,778.496,18269,11357,8,7
2006,19043,IA,Clayton County,rural,Midwest,West North Central,778.496,18272,11360,522,14
2006,19043,,,,,,,,,8.75,
2007,19043,IA,Clayton County,rural,Midwest,West North Central,778.496,18259,11359,9.5,14
2008,19043,IA,Clayton County,rural,Midwest,West North Central,778.496,18209,11319,10.25,23
2009,19043,IA,Clayton County,rural,Midwest,West North Central,778.496,18185,11273,11,16
2010,19043,IA,Clayton County,rural,Midwest,West North Central,778.496,18129,11198,11.75,15
2011,19043,IA,Clayton County,rural,Midwest,West North Central,778.496,18081,11165,12.5,16
2012,19043,IA,Clayton County,rural,Midwest,West North Central,778.496,18018,11103,13.25,17
2013,19043,IA,Clayton County,rural,Midwest,West North Central,778.496,17948,10960,14,27
2014,19043,IA,Clayton County,rural,Midwest,West North Central,778.496,17792,10900,14,38
2015,19043,IA,Clayton County,RURAL,Midwest,West North Central,778.496,17763,10799,14,34
2016,19043,IA,Clayton County,rural,Midwest,West North Central,778.496,17715,10700,,
1970,19045,IA,Clinton County,rural,Midwest,West North Central,694.919,56872,33373,19,
1971,19045,IA,Clinton County,rural,Midwest,West North Central,694.919,57357,33967,19.25,
1972,19045,IA,Clinton County,rural,Midwest,West North Central,694.919,57116,34176,19.5,
1973,19045,IA,Clinton County,rural,Midwest,West North Central,694.919,56816,34362,19.75,
1974,19045,IA,Clinton County,  RURAL ,Midwest,West North Central,694.919,57401,35090,20,
1975,19045,IA,Clinton County,rural,Midwest,West North Central,694.919,57863,35714,20.25,
1976,19045,IA,Clinton County,rural,Midwest,West North Central,694.919,58241,36220,20.5,
1977,19045,IA,Clinton County,rural,Midwest,West North Central,694.919,58260,36462,20.75,
1978,19045,IA,Clinton County,rural,Midwest,West North Central,694.919,58330,36737,21,
1979,19045,IA,Clinton County,rural,Midwest,West North Central,694.919,58326,36886,23.2,
1979,19045,IA,Clinton County,rural,Midwest,West North Central,694.919,58326,36886,23.2,
1980,19045,IA,Clinton County,rural,Midwest,West North Central,694.919,57098,36042,25.4,
1981,19045,IA,Clinton County,rural,Midwest,West North Central,694.919,56674,35716,27.6,
1982,19045,IA,Clinton County,Rural,Midwest,West North Central,694.919,56356,35407,29.8,
1983,19045,IA,Clinton County,rural,Midwest,West North Central,694.919,55326,34673,32,
1984,19045,IA,Clinton County,rural,Midwest,West North Central,694.919,54516,34136,31.8,
1985,19045,IA,Clinton County,rural,Midwest,West North Central,694.919,53585,33503,31.6,
1986,19045,IA,Clinton County, rural,Midwest,West North Central,694.919,52450,32744,31.4,
1987,19045,IA,Clinton County,rural,Midwest,West North Central,694.919,51720,32227,31.2,
1987,19045,IA,Clinton County,rural,Midwest,West North Central,694.919,51720,32227,31.2,
1988,19045,IA,Clinton County,rural,Midwest,West North Central,694.919,51365,31947,31,
1989,19045,IA,Clinton County,rural,Midwest,West North Central,694.919,51063,31566,33.6,30
1990,19045,IA,Clinton County,rural,Midwest,West North Central,694.919,51091,31504,36.2,52
1991,19045,IA,Clinton County,rural,Midwest,West North Central,694.919,51064,31488,38.8,56
1992,19045,IA,Clinton County,rural,Midwest,West North Central,694.919,51405,31842,41.4,63
1993,19045,IA,Clinton County,rural,Midwest,West North Central,694.919,51489,32002,44,88
1994,19045,IA,Clinton County,rural,Midwest,West North Central,694.919,51320,31973,45.16667,78
1995,19045,IA,Clinton County,rural,Midwest,West North Central,694.919,51270,32131,46.33333,78.5454545455
1996,19045,IA,Clinton County,rural,Midwest,West North Central,694.919,50793,31855,47.5,79.0909090909
1997,19045,IA,Clinton County,rural,Midwest,West North Central,694.919,50635,31872,48.66667,79.6363636364
1998,19045,IA,Clinton County,rural,Midwest,West North Central,694.919,50553,31895,550,80.1818181818
1998,19045,,,,,,,,,49.83333,
1999,19045,IA,Clinton County,rural  ,Midwest,West North Central,694.919,50346,31815,51,80.7272727273
2000,19045,IA,Clinton County,rural,Midwest,West North Central,694.919,50120,31677,50.5,81.2727272727
2001,19045,IA,Clinton County,rural,Midwest,West North Central,694.919,49889,31592,50,81.8181818182
2002,19045,IA,Clinton County,rural,Midwest,West North Central,694.919,49659,31586,49.5,82.3636363636
2003,19045,IA,Clinton County,rural,Midwest,West North Central,694.919,49585,31586,49,82.9090909091
2004,19045,IA,Clinton County,rural,Midwest,West North Central,694.919,49498,31629,48.5,83.4545454545
2005,19045,IA,Clinton County,rural,Midwest,West North Central,694.919,49475,31628,627,84
2005,19045,,,,,,,,,48,
2006,19045,IA,Clinton County,rural,Midwest,West North Central,694.919,49487,31608,613,86
2006,19045,,,,,,,,,47.375,
2007,19045,IA,Clinton County,Rural,Midwest,West North Central,694.919,49342,31485,46.75,109
2008,19045,IA,Clinton County,rural,Midwest,West North Central,694.919,49303,31427,46.125,129
2009,19045,IA,Clinton County,rural  ,Midwest,West North Central,694.919,49147,31302,45.5,103
2010,19045,IA,Clinton County,rural,Midwest,West North Central,694.919,49116,31307,44.875,122
2011,19045,IA,Clinton County,rural,Midwest,West North Central,694.919,49092,31315,44.25,122
2012,19045,IA,Clinton County,rural,Midwest,West North Central,694.919,49086,31400,43.625,117
2013,19045,IA,Clinton County,rural,Midwest,West North Central,694.919,48700,30905,43,129
2014,19045,IA,Clinton County,rural,Midwest,West North Central,694.919,48264,30472,39,130
2015,19045,IA,Clinton County,rural,Midwest,West North Central,694.919,47882,30181,35,110
2016,19045,IA,Clinton County,rural,Midwest,West North Central,694.919,47545,29692,,
1970,19047,IA,Crawford County,rural,Midwest,West North Central,714.19,19082,10889,5,
1971,19047,IA,Crawford County,rural,Midwest,West North Central,714.19,18928,10863,4.75,
1971,19047,IA,Crawford County,rural,Midwest,West North Central,714.19,18928,10863,4.75,
1972,19047,IA,Crawford County,rural,Midwest,West North Central,714.19,18862,10931,4.5,
1972,19047,IA,Crawford County,rural,Midwest,West North Central,714.19,18862,10931,4.5,
1973,19047,IA,Crawford County,rural,Midwest,West North Central,714.19,18713,10946,4.25,
1974,19047,IA,Crawford County,rural,Midwest,West North Central,714.19,18681,11025,4,
1975,19047,IA,Crawford County,rural,Midwest,West North Central,714.19,18757,11174,3.75,
1976,19047,IA,Crawford County,rural,Midwest,West North Central,714.19,18908,11374,3.5,
1976,19047,IA,Crawford County,rural,Midwest,West North Central,714.19,18908,11374,3.5,
1977,19047,IA,Crawford County,rural,Midwest,West North Central,714.19,19166,11617,3.25,
1978,19047,IA,Crawford County,rural,Midwest,West North Central,714.19,19194,11734,3,
1979,19047,IA,Crawford County,rural,Midwest,West North Central,714.19,19286,11891,3.2,
1980,19047,IA,Crawford County,rural,Midwest,West North Central,714.19,18944,11680,3.4,
1981,19047,IA,Crawford County,rural,Midwest,West North Central,714.19,18887,11615,3.6,
1982,19047,IA,Crawford County,rural,Midwest,West North Central,714.19,18844,11552,3.8,
1983,19047,IA,Crawford County,rural,Midwest,West North Central,714.19,18816,11501,4,
1984,19047,IA,Crawford County,rural,Midwest,West North Central,714.19,18738,11444,2.5,
1985,19047,IA,Crawford County,rural,Midwest,West North Central,714.19,18332,11178,1,
1986,19047,IA,Crawford County,rural,Midwest,West North Central,714.19,17743,10795,5,
1987,19047,IA,Crawford County,rural,Midwest,West North Central,714.19,17616,10699,4,
1988,19047,IA,Crawford County,rural,Midwest,West North Central,714.19,17483,10598,5,
1989,19047,IA,Crawford County,rural,Midwest,West North Central,714.19,17061,10277,5.2,9
1990,19047,IA,Crawford County,rural,Midwest,West North Central,714.19,16737,10044,5.4,12
1991,19047,IA,Crawford County,rural  ,Midwest,West North Central,714.19,16739,10023,5.6,9
1992,19047,IA,Crawford County,rural,Midwest,West North Central,714.19,16791,10074,5.8,8
1993,19047,IA,Crawford County,rural,Midwest,West North Central,714.19,16683,10012,6,7
1994,19047,IA,Crawford County,rural,Midwest,West North Central,714.19,16715,10070,7.166667,
1994,19047,IA,Crawford County,rural,Midwest,West North Central,714.19,16715,10070,7.166667,
1995,19047,IA,Crawford County,rural,Midwest,West North Central,714.19,16761,10147,8.333333,4.09090909091
1996,19047,IA,Crawford County,rural,Midwest,West North Central,714.19,16775,10183,9.5,5.18181818182
1997,19047,IA,Crawford County,rural,Midwest,West North Central,714.19,16864,10305,10.66667,6.27272727273
1998,19047,IA,Crawford County,rural,Midwest,West North Central,714.19,16901,10385,11.83333,7.36363636364
1999,19047,IA,Crawford County,rural,Midwest,West North Central,714.19,16911,10432,13,8.45454545455
2000,19047,IA,Crawford County,rural,Midwest,West North Central,714.19,16944,10504,12,9.54545454545
2001,19047,IA,Crawford County,Rural,Midwest,West North Central,714.19,16960,10538,13,10.6363636364
2002,19047,IA,Crawford County,rural,Midwest,West North Central,714.19,16981,10563,13,11.7272727273
2003,19047,IA,Crawford County,rural,Midwest,West North Central,714.19,16953,10558,12,12.8181818182
2003,19047,IA,Crawford County,rural,Midwest,West North Central,714.19,16953,10558,12,12.8181818182
2004,19047,IA,Crawford County,rural,Midwest,West North Central,714.19,16941,10577,13,13.9090909091
2005,19047,IA,Crawford County,rural,Midwest,West North Central,714.19,16920,10571,14,15
2006,19047,IA,Crawford County,rural,Midwest,West North Central,714.19,16868,10569,13.375,25
2007,19047,IA,Crawford County,  RURAL ,Midwest,West North Central,714.19,16931,10628,12.75,17
2007,19047,IA,Crawford County,  RURAL ,Midwest,West North Central,714.19,16931,10628,12.75,17
2008,19047,IA,Crawford County,rural,Midwest,West North Central,714.19,16881,10515,12.125,15
2009,19047,IA,Crawford County,rural,Midwest,West North Central,714.19,16944,10467,11.5,16
2010,19047,IA,Crawford County,rural,Midwest,West North Central,714.19,17096,10575,10.875,16
2011,19047,IA,Crawford County,rural,Midwest,West North Central,714.19,17158,10594,10.25,16
2012,19047,IA,Crawford County,rural,Midwest,West North Central,714.19,17224,10692,9.625,17
2013,19047,IA,Crawford County,rural,Midwest,West North Central,714.19,17323,10692,9,17
2014,19047,IA,Crawford County,rural,Midwest,West North Central,714.19,17365,10732,9,19
2015,19047,IA,Crawford County,rural,Midwest,West North Central,714.19,17167,10614,536,19
2015,19047,,,,,,,,,9,
2016,19047,IA,Crawford County,rural,Midwest,West North Central,714.19,17031,10519,,
1970,19049,IA,Dallas County,small/mid,Midwest,West North Central,588.3,26145,15029,5,
1971,19049,IA,Dallas County, small/mid,Midwest,West North Central,588.3,26389,15302,4.625,
1972,19049,IA,Dallas County,small/mid,Midwest,West North Central,588.3,26572,15587,4.25,
1973,19049,IA,Dallas County,small/mid,Midwest,West North Central,588.3,26896,15971,3.875,
1974,19049,IA,Dallas County,small/mid,Midwest,West North Central,588.3,27247,16368,3.5,
1975,19049,IA,Dallas County,small/mid,Midwest,West North Central,588.3,27532,16712,3.125,
1976,19049,IA,Dallas County,small/mid,Midwest,West North Central,588.3,27828,17077,2.75,
1977,19049,IA,Dallas County,small/mid,Midwest,West North Central,588.3,28330,17508,2.375,
1978,19049,IA,Dallas County,small/mid,Midwest,West North Central,588.3,28832,17976,2,
1979,19049,IA,Dallas County,small/mid,Midwest,West North Central,588.3,29044,18179,2.2,
1980,19049,IA,Dallas County,SMALL/MID,Midwest,West North Central,588.3,29514,18528,2.4,
1981,19049,IA,Dallas County,small/mid,Midwest,West North Central,588.3,29360,18402,2.6,
1982,19049,IA,Dallas County,Small/mid,Midwest,West North Central,588.3,29172,18244,2.8,
1983,19049,IA,Dallas County,small/mid,Midwest,West North Central,588.3,29322,18303,3,
1984,19049,IA,Dallas County,small/mid,Midwest,West North Central,588.3,29177,18212,4,
1985,19049,IA,Dallas County,small/mid,Midwest,West North Central,588.3,29245,18240,5,
1986,19049,IA,Dallas County,small/mid,Midwest,West North Central,588.3,28877,17995,6,
1987,19049,IA,Dallas County,small/mid,Midwest,West North Central,588.3,28806,17940,7,
1988,19049,IA,Dallas County,small/mid,Midwest,West North Central,588.3,29177,18148,8,
1989,19049,IA,Dallas County, small/mid,Midwest,West North Central,588.3,29312,18136,11.8,27
1990,19049,IA,Dallas County,Small/mid,Midwest,West North Central,588.3,29904,18486,15.6,24
1991,19049,IA,Dallas County,small/mid,Midwest,West North Central,588.3,30578,18936,19.4,21
1992,19049,IA,Dallas County,small/mid,Midwest,West North Central,588.3,31360,19549,23.2,23
1993,19049,IA,Dallas County,Small/mid,Midwest,West North Central,588.3,32262,20211,27,25
1994,19049,IA,Dallas County,small/mid,Midwest,West North Central,588.3,33036,20807,27.83333,30
1995,19049,IA,Dallas County,small/mid,Midwest,West North Central,588.3,34050,21652,28.66667,32.9090909091
1996,19049,IA,Dallas County,small/mid,Midwest,West North Central,588.3,35380,22643,29.5,35.8181818182
1997,19049,IA,Dallas County, small/mid,Midwest,West North Central,588.3,36862,23754,30.33333,38.7272727273
1998,19049,IA,Dallas County,small/mid,Midwest,West North Central,588.3,38152,24699,31.16667,41.6363636364
1999,19049,IA,Dallas County,small/mid,Midwest,West North Central,588.3,39691,25815,32,44.5454545455
2000,19049,IA,Dallas County,small/mid,Midwest,West North Central,588.3,41446,27163,32.33333,47.4545454545
2001,19049,IA,Dallas County,small/mid,Midwest,West North Central,588.3,43204,28321,32.66667,50.3636363636
2002,19049,IA,Dallas County,small/mid,Midwest,West North Central,588.3,44960,29532,33,53.2727272727
2003,19049,IA,Dallas County,small/mid,Midwest,West North Central,588.3,47118,30980,33.33333,56.1818181818
2004,19049,IA,Dallas County,small/mid,Midwest,West North Central,588.3,50387,33209,33.66667,59.0909090909
2005,19049,IA,Dallas County,small/mid,Midwest,West North Central,588.3,53042,34862,34,62
2006,19049,IA,Dallas County,small/mid,Midwest,West North Central,588.3,56158,36852,32.25,50
2007,19049,IA,Dallas County,  SMALL/MID ,Midwest,West North Central,588.3,59164,38679,30.5,57
2008,19049,IA,Dallas County,small/mid,Midwest,West North Central,588.3,62144,40647,28.75,63
2009,19049,IA,Dallas County,small/mid,Midwest,West North Central,588.3,64489,42022,27,61
2010,19049,IA,Dallas County,small/mid,Midwest,West North Central,588.3,66137,42964,25.25,62
2011,19049,IA,Dallas County,small/mid,Midwest,West North Central,588.3,66737,43348,23.5,59
2012,19049,IA,Dallas County,small/mid,Midwest,West North Central,588.3,69605,45345,21.75,60
2013,19049,IA,Dallas County,small/mid,Midwest,West North Central,588.3,72176,46908,20,63
2014,19049,IA,Dallas County,small/mid,Midwest,West North Central,588.3,74842,48484,20,71
2015,19049,IA,Dallas County,small/mid,Midwest,West North Central,588.3,77569,50042,20,70
2016,19049,IA,Dallas County,small/mid,Midwest,West North Central,588.3,80491,51825,,
1970,19051,IA,Davis County,rural,Midwest,West North Central,502.188,8221,4749,7,
1971,19051,IA,Davis County,rural,Midwest,West North Central,502.188,8249,4770,6.375,
1972,19051,IA,Davis County,rural,Midwest,West North Central,502.188,8378,4884,5.75,
1973,19051,IA,Davis County,rural,Midwest,West North Central,502.188,8436,4945,5.125,
1974,19051,IA,Davis County, rural,Midwest,West North Central,502.188,8485,4997,4.5,
1975,19051,IA,Davis County,RURAL,Midwest,West North Central,502.188,8593,5095,3.875,
1976,19051,IA,Davis County,rural,Midwest,West North Central,502.188,8835,5280,3.25,
1977,19051,IA,Davis County,rural,Midwest,West North Central,502.188,9174,5507,2.625,
1977,19051,IA,Davis County,rural,Midwest,West North Central,502.188,9174,5507,2.625,
1978,19051,IA,Davis County,rural,Midwest,West North Central,502.188,9118,5479,2,
1979,19051,IA,Davis County,rural,Midwest,West North Central,502.188,9199,5531,2,
1980,19051,IA,Davis County,rural,Midwest,West North Central,502.188,9117,5448,2,
1980,19051,IA,Davis County,rural,Midwest,West North Central,502.188,9117,5448,2,
1981,19051,IA,Davis County,rural,Midwest,West North Central,502.188,9111,5432,2,
1982,19051,IA,Davis County,rural,Midwest,West North Central,502.188,9024,5364,2,
1983,19051,IA,Davis County,rural,Midwest,West North Central,502.188,8994,5336,2,
1984,19051,IA,Davis County,rural,Midwest,West North Central,502.188,8929,5289,1.8,
1985,19051,IA,Davis County,rural,Midwest,West North Central,502.188,8785,5199,1.6,
1986,19051,IA,Davis County,rural,Midwest,West North Central,502.188,8686,5127,515,
1986,19051,,,,,,,,,1.4,
1987,19051,IA,Davis County,rural,Midwest,West North Central,502.188,8553,5044,1.2,
1988,19051,IA,Davis County,rural,Midwest,West North Central,502.188,8378,4935,1,
1989,19051,IA,Davis County,rural,Midwest,West North Central,502.188,8303,4862,1.2,6
1990,19051,IA,Davis County,rural,Midwest,West North Central,502.188,8321,4862,1.4,4
1991,19051,IA,Davis County,rural,Midwest,West North Central,502.188,8321,4854,515,5
1991,19051,,,,,,,,,1.6,
1992,19051,IA,Davis County,rural,Midwest,West North Central,502.188,8326,4871,1.8,
1993,19051,IA,Davis County,rural,Midwest,West North Central,502.188,8398,4932,529,4
1993,19051,,,,,,,,,2,
1994,19051,IA,Davis County,rural,Midwest,West North Central,502.188,8452,5002,2.833333,4
1994,19051,IA,Davis County,rural,Midwest,West North Central,502.188,8452,5002,2.833333,4
1995,19051,IA,Davis County,rural,Midwest,West North Central,502.188,8512,5095,3.666667,5.45454545455
1996,19051,IA,Davis County,rural,Midwest,West North Central,502.188,8428,5054,557,6.90909090909
1996,19051,,,,,,,,,4.5,
1997,19051,IA,Davis County,RURAL,Midwest,West North Central,502.188,8496,5106,5.333333,8.36363636364
1998,19051,IA,Davis County, rural,Midwest,West North Central,502.188,8484,5111,6.166667,9.81818181818
1999,19051,IA,Davis County,rural,Midwest,West North Central,502.188,8518,5134,7,11.2727272727
2000,19051,IA,Davis County,  RURAL ,Midwest,West North Central,502.188,8544,5176,7.166667,12.7272727273
2001,19051,IA,Davis County,RURAL,Midwest,West North Central,502.188,8588,5196,7.333333,14.1818181818
2002,19051,IA,Davis County,rural,Midwest,West North Central,502.188,8586,5195,7.5,15.6363636364
2003,19051,IA,Davis County,  RURAL ,Midwest,West North Central,502.188,8534,5170,7.666667,17.0909090909
2004,19051,IA,Davis County,rural,Midwest,West North Central,502.188,8612,5176,7.833333,18.5454545455
2005,19051,IA,Davis County,rural,Midwest,West North Central,502.188,8583,5185,8,20
2006,19051,IA,Davis County,rural,Midwest,West North Central,502.188,8619,5171,7.875,27
2007,19051,IA,Davis County,rural,Midwest,West North Central,502.188,8676,5138,7.75,23
2008,19051,IA,Davis County,rural,Midwest,West North Central,502.188,8675,5096,7.625,23
2009,19051,IA,Davis County,RURAL,Midwest,West North Central,502.188,8701,5086,7.5,18
2010,19051,IA,Davis County,rural,Midwest,West North Central,502.188,8753,5112,7.375,20
2011,19051,IA,Davis County,RURAL,Midwest,West North Central,502.188,8775,5122,7.25,19
2012,19051,IA,Davis County,rural,Midwest,West North Central,502.188,8770,5138,7.125,20
2012,19051,IA,Davis County,rural,Midwest,West North Central,502.188,8770,5138,7.125,20
2013,19051,IA,Davis County,rural,Midwest,West North Central,502.188,8707,5117,7,26
2014,19051,IA,Davis County,rural,Midwest,West North Central,502.188,8768,5166,7,30
2015,19051,IA,Davis County,rural,Midwest,West North Central,502.188,8756,5160,7,28
2016,19051,IA,Davis County,RURAL,Midwest,West North Central,502.188,8777,5134,,
1970,19053,IA,Decatur County,rural,Midwest,West North Central,531.882,9740,5902,3,
1970,19053,IA,Decatur County,rural,Midwest,West North Central,531.882,9740,5902,3,
1971,19053,IA,Decatur County,rural,Midwest,West North Central,531.882,9728,5908,3.034483,
1972,19053,IA,Decatur County,rural,Midwest,West North Central,531.882,9759,5956,3.068965,
1973,19053,IA,Decatur County,rural,Midwest,West North Central,531.882,9607,5874,3.103448,
1974,19053,IA,Decatur County,rural,Midwest,West North Central,531.882,9673,5954,3.137931,
1975,19053,IA,Decatur County,rural,Midwest,West North Central,531.882,9864,6120,3.172414,
1976,19053,IA,Decatur County,rural,Midwest,West North Central,531.882,9853,6114,3.206897,
1977,19053,IA,Decatur County,rural,Midwest,West North Central,531.882,9987,6203,3.241379,
1978,19053,IA,Decatur County,rural,Midwest,West North Central,531.882,9835,6103,3.275862,
1979,19053,IA,Decatur County,rural,Midwest,West North Central,531.882,9803,6091,3.310345,
1980,19053,IA,Decatur County,rural,Midwest,West North Central,531.882,9795,6068,3.344828,
1980,19053,IA,Decatur County,rural,Midwest,West North Central,531.882,9795,6068,3.344828,
1981,19053,IA,Decatur County,rural,Midwest,West North Central,531.882,9751,6029,3.37931,
1982,19053,IA,Decatur County,rural,Midwest,West North Central,531.882,9580,5903,3.413793,
1983,19053,IA,Decatur County,rural,Midwest,West North Central,531.882,9279,5698,3.448276,
1984,19053,IA,Decatur County,rural,Midwest,West North Central,531.882,9095,5577,3.482759,
1985,19053,IA,Decatur County,  RURAL ,Midwest,West North Central,531.882,8911,5451,3.517241,
1986,19053,IA,Decatur County,rural,Midwest,West North Central,531.882,8782,5353,3.551724,
1987,19053,IA,Decatur County,rural,Midwest,West North Central,531.882,8560,5207,3.586207,
1988,19053,IA,Decatur County,rural,Midwest,West North Central,531.882,8466,5138,3.62069,
1989,19053,IA,Decatur County, rural,Midwest,West North Central,531.882,8493,5125,3.655172,4
1990,19053,IA,Decatur County,rural,Midwest,West North Central,531.882,8303,4988,3.689655,8
1990,19053,IA,Decatur County,rural,Midwest,West North Central,531.882,8303,4988,3.689655,8
1991,19053,IA,Decatur County,rural,Midwest,West North Central,531.882,8185,4927,3.724138,8
1992,19053,IA,Decatur County,rural,Midwest,West North Central,531.882,8219,4993,3.758621,8
1993,19053,IA,Decatur County,rural,Midwest,West North Central,531.882,8163,4998,3.793103,6
1994,19053,IA,Decatur County,rural,Midwest,West North Central,531.882,8290,5114,3.827586,9
1994,19053,IA,Decatur County,rural,Midwest,West North Central,531.882,8290,5114,3.827586,9
1995,19053,IA,Decatur County,rural,Midwest,West North Central,531.882,8468,5274,3.862069,9.09090909091
1995,19053,IA,Decatur County,rural,Midwest,West North Central,531.882,8468,5274,3.862069,9.09090909091
1996,19053,IA,Decatur County,rural  ,Midwest,West North Central,531.882,8459,5305,3.896552,9.18181818182
1997,19053,IA,Decatur County,Rural,Midwest,West North Central,531.882,8416,5282,3.931035,9.27272727273
1998,19053,IA,Decatur County,rural,Midwest,West North Central,531.882,8538,5394,3.965517,9.36363636364
1999,19053,IA,Decatur County,rural,Midwest,West North Central,531.882,8646,5498,4,9.45454545455
2000,19053,IA,Decatur County,rural,Midwest,West North Central,531.882,8645,5512,3.5,9.54545454545
2001,19053,IA,Decatur County,rural,Midwest,West North Central,531.882,8669,5508,3,9.63636363636
2002,19053,IA,Decatur County,rural,Midwest,West North Central,531.882,8603,5510,2.5,9.72727272727
2003,19053,IA,Decatur County,rural,Midwest,West North Central,531.882,8575,5488,2,9.81818181818
2004,19053,IA,Decatur County,rural,Midwest,West North Central,531.882,8580,5509,1.5,9.90909090909
2005,19053,IA,Decatur County,rural,Midwest,West North Central,531.882,8618,5529,1,10
2006,19053,IA,Decatur County,rural,Midwest,West North Central,531.882,8576,5491,1.25,9
2007,19053,IA,Decatur County,rural,Midwest,West North Central,531.882,8569,5474,1.5,11
2008,19053,IA,Decatur County,rural,Midwest,West North Central,531.882,8457,5352,1.75,12
2008,19053,IA,Decatur County,rural,Midwest,West North Central,531.882,8457,5352,1.75,12
2009,19053,IA,Decatur County,rural,Midwest,West North Central,531.882,8506,5354,2,14
2010,19053,IA,Decatur County,rural,Midwest,West North Central,531.882,8457,5360,2.25,12
2011,19053,IA,Decatur County,rural,Midwest,West North Central,531.882,8419,5339,2.5,6
2012,19053,IA,Decatur County,rural,Midwest,West North Central,531.882,8245,5269,2.75,14
2013,19053,IA,Decatur County,rural,Midwest,West North Central,531.882,8237,5252,3,16
2014,19053,IA,Decatur County,rural,Midwest,West North Central,531.882,8209,5272,3,16
2014,19053,IA,Decatur County,rural,Midwest,West North Central,531.882,8209,5272,3,16
2015,19053,IA,Decatur County,rural,Midwest,West North Central,531.882,8200,5205,3,18
2016,19053,IA,Decatur County,rural,Midwest,West North Central,531.882,8123,5190,,
1970,19055,IA,Delaware County,rural,Midwest,West North Central,577.717,18704,10038,7,
1971,19055,IA,Delaware County,rural,Midwest,West North Central,577.717,18411,9979,6.692307,
1972,19055,IA,Delaware County,rural,Midwest,West North Central,577.717,18784,10364,6.384615,
1973,19055,IA,Delaware County,rural,Midwest,West North Central,577.717,18850,10570,6.076923,
1974,19055,IA,Delaware County,rural,Midwest,West North Central,577.717,18686,10613,5.769231,
1975,19055,IA,Delaware County, rural,Midwest,West North Central,577.717,18907,10895,5.461538,
1976,19055,IA,Delaware County,rural,Midwest,West North Central,577.717,18876,11015,5.153846,
1977,19055,IA,Delaware County,rural,Midwest,West North Central,577.717,18769,11056,4.846154,
1978,19055,IA,Delaware County,rural,Midwest,West North Central,577.717,18785,11189,4.538462,
1979,19055,IA,Delaware County,rural,Midwest,West North Central,577.717,18707,11272,4.230769,
1980,19055,IA,Delaware County,rural,Midwest,West North Central,577.717,18937,11478,3.923077,
1981,19055,IA,Delaware County,rural,Midwest,West North Central,577.717,18853,11401,3.615385,
1982,19055,IA,Delaware County,rural,Midwest,West North Central,577.717,18719,11285,3.307692,
1983,19055,IA,Delaware County,rural,Midwest,West North Central,577.717,18731,11265,3,
1984,19055,IA,Delaware County,rural,Midwest,West North Central,577.717,18749,11271,4,
1985,19055,IA,Delaware County,rural,Midwest,West North Central,577.717,18514,11116,5,
1986,19055,IA,Delaware County,rural,Midwest,West North Central,577.717,18057,10834,4,
1987,19055,IA,Delaware County,rural,Midwest,West North Central,577.717,17926,10733,1,
1987,19055,IA,Delaware County,rural,Midwest,West North Central,577.717,17926,10733,1,
1988,19055,IA,Delaware County,rural,Midwest,West North Central,577.717,17985,10749,3,
1989,19055,IA,Delaware County,rural,Midwest,West North Central,577.717,18055,10721,3.2,
1989,19055,IA,Delaware County,rural,Midwest,West North Central,577.717,18055,10721,3.2,
1990,19055,IA,Delaware County,rural,Midwest,West North Central,577.717,18046,10683,3.4,
1991,19055,IA,Delaware County,rural,Midwest,West North Central,577.717,18139,10776,3.6,6
1992,19055,IA,Delaware County,rural,Midwest,West North Central,577.717,18271,10908,3.8,
1993,19055,IA,Delaware County,rural,Midwest,West North Central,577.717,18269,10982,4,7
1993,19055,IA,Delaware County,rural,Midwest,West North Central,577.717,18269,10982,4,7
1994,19055,IA,Delaware County,rural,Midwest,West North Central,577.717,18322,11096,4.333333,9
1995,19055,IA,Delaware County,rural,Midwest,West North Central,577.717,18347,11176,4.666667,9.54545454545
1996,19055,IA,Delaware County,rural,Midwest,West North Central,577.717,18324,11214,5,10.0909090909
1997,19055,IA,Delaware County,rural,Midwest,West North Central,577.717,18380,11279,5.333333,10.6363636364
1998,19055,IA,Delaware County,rural,Midwest,West North Central,577.717,18487,11399,5.666667,11.1818181818
1999,19055,IA,Delaware County,rural,Midwest,West North Central,577.717,18444,11393,6,11.7272727273
2000,19055,IA,Delaware County,rural,Midwest,West North Central,577.717,18416,11389,6.333333,12.2727272727
2001,19055,IA,Delaware County,rural,Midwest,West North Central,577.717,18294,11359,6.666667,12.8181818182
2002,19055,IA,Delaware County,rural,Midwest,West North Central,577.717,18271,11370,7,13.3636363636
2003,19055,IA,Delaware County,rural,Midwest,West North Central,577.717,18190,11334,7.333333,13.9090909091
2004,19055,IA,Delaware County,rural,Midwest,West North Central,577.717,18066,11323,7.666667,14.4545454545
2005,19055,IA,Delaware County,rural,Midwest,West North Central,577.717,17955,11297,8,15
2006,19055,IA,Delaware County,rural,Midwest,West North Central,577.717,17957,11278,7.75,16
2007,19055,IA,Delaware County,rural,Midwest,West North Central,577.717,17981,11332,7.5,16
2008,19055,IA,Delaware County,rural,Midwest,West North Central,577.717,17840,11216,7.25,12
2009,19055,IA,Delaware County,rural,Midwest,West North Central,577.717,17755,11201,7,15
2010,19055,IA,Delaware County,rural,Midwest,West North Central,577.717,17764,11214,6.75,15
2011,19055,IA,Delaware County,rural,Midwest,West North Central,577.717,17757,11212,6.5,19
2012,19055,IA,Delaware County,rural,Midwest,West North Central,577.717,17624,11114,6.25,28
2013,19055,IA,Delaware County,rural,Midwest,West North Central,577.717,17563,11044,6,37
2014,19055,IA,Delaware County,rural,Midwest,West North Central,577.717,17461,10979,6,41
2015,19055,IA,Delaware County,rural,Midwest,West North Central,577.717,17374,10871,6,43
2015,19055,IA,Delaware County,rural,Midwest,West North Central,577.717,17374,10871,6,43
2016,19055,IA,Delaware County,rural,Midwest,West North Central,577.717,17371,10832,,
1970,19057,IA,Des Moines County,rural,Midwest,West North Central,416.135,46863,27666,14,
1971,19057,IA,Des Moines County,rural,Midwest,West North Central,416.135,46390,27509,13.75,
1972,19057,IA,Des Moines County,rural,Midwest,West North Central,416.135,45534,27166,13.5,
1973,19057,IA,Des Moines County,rural,Midwest,West North Central,416.135,45577,27456,13.25,
1974,19057,IA,Des Moines County,RURAL,Midwest,West North Central,416.135,45768,27826,13,
1975,19057,IA,Des Moines County,rural,Midwest,West North Central,416.135,45629,27955,12.75,
1976,19057,IA,Des Moines County,rural,Midwest,West North Central,416.135,45585,28174,12.5,
1977,19057,IA,Des Moines County,rural,Midwest,West North Central,416.135,45728,28477,12.25,
1978,19057,IA,Des Moines County,rural,Midwest,West North Central,416.135,45985,28837,12,
1979,19057,IA,Des Moines County,rural,Midwest,West North Central,416.135,45849,28851,11.8,
1980,19057,IA,Des Moines County,rural,Midwest,West North Central,416.135,46233,29175,11.6,
1981,19057,IA,Des Moines County,rural,Midwest,West North Central,416.135,46123,29074,11.4,
1982,19057,IA,Des Moines County,rural,Midwest,West North Central,416.135,45420,28571,11.2,
1983,19057,IA,Des Moines County,rural,Midwest,West North Central,416.135,44711,28072,11,
1984,19057,IA,Des Moines County,RURAL,Midwest,West North Central,416.135,44362,27846,15.5,
1984,19057,IA,Des Moines County,RURAL,Midwest,West North Central,416.135,44362,27846,15.5,
1985,19057,IA,Des Moines County,rural,Midwest,West North Central,416.135,43847,27504,20,
1986,19057,IA,Des Moines County,rural,Midwest,West North Central,416.135,43220,27077,16,
1986,19057,IA,Des Moines County,rural,Midwest,West North Central,416.135,43220,27077,16,
1987,19057,IA,Des Moines County,rural,Midwest,West North Central,416.135,42947,26877,16,
1988,19057,IA,Des Moines County,rural,Midwest,West North Central,416.135,42795,26758,18,
1989,19057,IA,Des Moines County,rural,Midwest,West North Central,416.135,42604,26511,18.6,46
1990,19057,IA,Des Moines County,rural,Midwest,West North Central,416.135,42668,26520,19.2,68
1991,19057,IA,Des Moines County,rural,Midwest,West North Central,416.135,42871,26684,19.8,92
1992,19057,IA,Des Moines County,rural,Midwest,West North Central,416.135,43014,26855,20.4,91
1993,19057,IA,Des Moines County,rural,Midwest,West North Central,416.135,43104,26982,21,78
1994,19057,IA,Des Moines County,rural,Midwest,West North Central,416.135,43112,27079,25.33333,73
1995,19057,IA,Des Moines County,rural,Midwest,West North Central,416.135,42936,27060,29.66667,91.6363636364
1996,19057,IA,Des Moines County,rural,Midwest,West North Central,416.135,42825,27058,34,110.272727273
1997,19057,IA,Des Moines County,rural,Midwest,West North Central,416.135,42620,27000,38.33333,128.909090909
1998,19057,IA,Des Moines County,rural,Midwest,West North Central,416.135,42621,27056,42.66667,147.545454545
1999,19057,IA,Des Moines County,rural,Midwest,West North Central,416.135,42515,26960,47,166.181818182
2000,19057,IA,Des Moines County,rural,Midwest,West North Central,416.135,42253,26808,48,184.818181818
2001,19057,IA,Des Moines County,rural,Midwest,West North Central,416.135,41820,26622,49,203.454545455
2002,19057,IA,Des Moines County,rural,Midwest,West North Central,416.135,41138,26224,50,222.090909091
2003,19057,IA,Des Moines County,rural,Midwest,West North Central,416.135,41047,26127,51,240.727272727
2004,19057,IA,Des Moines County,rural,Midwest,West North Central,416.135,40562,25848,592,259.363636364
2004,19057,,,,,,,,,52,
2005,19057,IA,Des Moines County,rural,Midwest,West North Central,416.135,40332,25771,53,278
2006,19057,IA,Des Moines County,rural,Midwest,West North Central,416.135,40192,25735,53.125,283
2007,19057,IA,Des Moines County, rural,Midwest,West North Central,416.135,40206,25762,53.25,270
2008,19057,IA,Des Moines County,rural,Midwest,West North Central,416.135,40235,25596,53.375,255
2009,19057,IA,Des Moines County,rural,Midwest,West North Central,416.135,40379,25633,53.5,255
2010,19057,IA,Des Moines County,rural,Midwest,West North Central,416.135,40325,25465,53.625,280
2011,19057,IA,Des Moines County,rural,Midwest,West North Central,416.135,40238,25418,53.75,246
2012,19057,IA,Des Moines County,rural,Midwest,West North Central,416.135,40057,25293,53.875,218
2013,19057,IA,Des Moines County,rural,Midwest,West North Central,416.135,40222,25248,54,201
2014,19057,IA,Des Moines County,Rural,Midwest,West North Central,416.135,40381,25240,54,200
2015,19057,IA,Des Moines County,RURAL,Midwest,West North Central,416.135,40087,24879,54,181
2016,19057,IA,Des Moines County,rural,Midwest,West North Central,416.135,39870,24617,,
1970,19059,IA,Dickinson County,rural,Midwest,West North Central,380.519,12628,7468,3,
1971,19059,IA,Dickinson County,rural,Midwest,West North Central,380.519,12865,7631,2.875,
1972,19059,IA,Dickinson County, rural,Midwest,West North Central,380.519,12998,7754,2.75,
1973,19059,IA,Dickinson County,rural,Midwest,West North Central,380.519,13386,8057,2.625,
1974,19059,IA,Dickinson County,rural,Midwest,West North Central,380.519,13717,8299,2.5,
1974,19059,IA,Dickinson County,rural,Midwest,West North Central,380.519,13717,8299,2.5,
1975,19059,IA,Dickinson County,rural,Midwest,West North Central,380.519,14246,8679,2.375,
1976,19059,IA,Dickinson County,  RURAL ,Midwest,West North Central,380.519,14667,9004,2.25,
1977,19059,IA,Dickinson County,  RURAL ,Midwest,West North Central,380.519,15108,9337,2.125,
1978,19059,IA,Dickinson County,rural,Midwest,West North Central,380.519,15322,9532,2,
1979,19059,IA,Dickinson County,rural,Midwest,West North Central,380.519,15720,9808,2,
1980,19059,IA,Dickinson County, rural,Midwest,West North Central,380.519,15628,9705,2,
1981,19059,IA,Dickinson County,rural,Midwest,West North Central,380.519,15567,9630,2,
1982,19059,IA,Dickinson County,rural,Midwest,West North Central,380.519,15384,9469,2,
1983,19059,IA,Dickinson County,rural,Midwest,West North Central,380.519,15245,9342,2,
1984,19059,IA,Dickinson County,rural,Midwest,West North Central,380.519,15219,9301,2.4,
1985,19059,IA,Dickinson County,rural,Midwest,West North Central,380.519,15045,9168,2.8,
1986,19059,IA,Dickinson County,rural  ,Midwest,West North Central,380.519,14812,8988,3.2,
1987,19059,IA,Dickinson County,rural,Midwest,West North Central,380.519,14656,8857,3.6,
1988,19059,IA,Dickinson County,rural,Midwest,West North Central,380.519,14727,8865,4,
1988,19059,IA,Dickinson County,rural,Midwest,West North Central,380.519,14727,8865,4,
1989,19059,IA,Dickinson County,rural,Midwest,West North Central,380.519,14849,8876,5.2,13
1990,19059,IA,Dickinson County,rural,Midwest,West North Central,380.519,14935,8886,6.4,11
1991,19059,IA,Dickinson County,rural,Midwest,West North Central,380.519,15196,9072,7.6,14
1992,19059,IA,Dickinson County,  RURAL ,Midwest,West North Central,380.519,15245,9108,8.8,14
1993,19059,IA,Dickinson County,rural,Midwest,West North Central,380.519,15389,9224,10,13
1994,19059,IA,Dickinson County,rural,Midwest,West North Central,380.519,15414,9280,10,18
1995,19059,IA,Dickinson County,Rural,Midwest,West North Central,380.519,15601,9472,10,18.2727272727
1996,19059,IA,Dickinson County,rural,Midwest,West North Central,380.519,15783,9625,550,18.5454545455
1996,19059,,,,,,,,,10,
1997,19059,IA,Dickinson County,rural,Midwest,West North Central,380.519,16076,9842,10,18.8181818182
1998,19059,IA,Dickinson County,rural,Midwest,West North Central,380.519,16236,9978,10,19.0909090909
1999,19059,IA,Dickinson County,rural,Midwest,West North Central,380.519,16333,10040,10,19.3636363636
2000,19059,IA,Dickinson County,rural,Midwest,West North Central,380.519,16460,10158,8.833333,19.6363636364
2001,19059,IA,Dickinson County,rural,Midwest,West North Central,380.519,16477,10193,7.666667,19.9090909091
2002,19059,IA,Dickinson County,rural,Midwest,West North Central,380.519,16351,10176,6.5,20.1818181818
2003,19059,IA,Dickinson County,rural,Midwest,West North Central,380.519,16339,10168,5.333333,20.4545454545
2004,19059,IA,Dickinson County,rural,Midwest,West North Central,380.519,16506,10321,4.166667,20.7272727273
2005,19059,IA,Dickinson County,rural,Midwest,West North Central,380.519,16644,10447,3,21
2006,19059,IA,Dickinson County,rural,Midwest,West North Central,380.519,16667,10477,4.25,23
2007,19059,IA,Dickinson County,rural,Midwest,West North Central,380.519,16634,10420,5.5,29
2008,19059,IA,Dickinson County,RURAL,Midwest,West North Central,380.519,16690,10422,6.75,28
2009,19059,IA,Dickinson County,rural,Midwest,West North Central,380.519,16666,10319,8,27
2010,19059,IA,Dickinson County,rural,Midwest,West North Central,380.519,16667,10295,9.25,30
2011,19059,IA,Dickinson County,rural,Midwest,West North Central,380.519,16670,10275,10.5,22
2012,19059,IA,Dickinson County,rural,Midwest,West North Central,380.519,16857,10396,11.75,23
2012,19059,IA,Dickinson County,rural,Midwest,West North Central,380.519,16857,10396,11.75,23
2013,19059,IA,Dickinson County,rural,Midwest,West North Central,380.519,16924,10295,13,28
2014,19059,IA,Dickinson County,rural,Midwest,West North Central,380.519,16876,10258,13,19
2015,19059,IA,Dickinson County,rural,Midwest,West North Central,380.519,16830,10158,13,19
2016,19059,IA,Dickinson County,rural,Midwest,West North Central,380.519,16990,10175,,
1970,19061,IA,Dubuque County,small/mid,Midwest,West North Central,608.299,90839,51221,1,
1971,19061,IA,Dubuque County,small/mid,Midwest,West North Central,608.299,91739,52386,2.125,
1972,19061,IA,Dubuque County,Small/mid,Midwest,West North Central,608.299,92728,53774,3.25,
1973,19061,IA,Dubuque County,small/mid,Midwest,West North Central,608.299,93696,55189,4.375,
1974,19061,IA,Dubuque County,small/mid,Midwest,West North Central,608.299,93781,55996,5.5,
1975,19061,IA,Dubuque County,small/mid,Midwest,West North Central,608.299,94655,57270,6.625,
1975,19061,IA,Dubuque County,small/mid,Midwest,West North Central,608.299,94655,57270,6.625,
1976,19061,IA,Dubuque County,small/mid  ,Midwest,West North Central,608.299,95688,58556,508,
1976,19061,,,,,,,,,7.75,
1977,19061,IA,Dubuque County,small/mid,Midwest,West North Central,608.299,94269,58165,8.875,
1978,19061,IA,Dubuque County,small/mid  ,Midwest,West North Central,608.299,93714,58590,10,
1979,19061,IA,Dubuque County,small/mid,Midwest,West North Central,608.299,93423,59043,11.6,
1980,19061,IA,Dubuque County,Small/mid,Midwest,West North Central,608.299,93774,59637,13.2,
1981,19061,IA,Dubuque County, small/mid,Midwest,West North Central,608.299,93308,59356,14.8,
1982,19061,IA,Dubuque County,small/mid,Midwest,West North Central,608.299,91992,58467,16.4,
1983,19061,IA,Dubuque County,small/mid,Midwest,West North Central,608.299,90293,57360,18,
1984,19061,IA,Dubuque County,small/mid,Midwest,West North Central,608.299,89618,56983,19.5,
1985,19061,IA,Dubuque County,small/mid,Midwest,West North Central,608.299,89096,56684,21,
1986,19061,IA,Dubuque County,small/mid,Midwest,West North Central,608.299,87766,55857,24,
1987,19061,IA,Dubuque County,small/mid  ,Midwest,West North Central,608.299,87122,55444,25,
1987,19061,IA,Dubuque County,small/mid  ,Midwest,West North Central,608.299,87122,55444,25,
1988,19061,IA,Dubuque County,small/mid,Midwest,West North Central,608.299,87351,55579,22,
1989,19061,IA,Dubuque County,small/mid,Midwest,West North Central,608.299,86647,54900,24,59
1990,19061,IA,Dubuque County,small/mid,Midwest,West North Central,608.299,86462,54732,33,82
1991,19061,IA,Dubuque County,small/mid,Midwest,West North Central,608.299,86988,55066,33,85
1992,19061,IA,Dubuque County,small/mid,Midwest,West North Central,608.299,87672,55739,34,122
1993,19061,IA,Dubuque County,small/mid,Midwest,West North Central,608.299,88261,56207,37,119
1994,19061,IA,Dubuque County,small/mid,Midwest,West North Central,608.299,88654,56696,40.83333,125
1995,19061,IA,Dubuque County,small/mid,Midwest,West North Central,608.299,88938,57087,44.66667,136.272727273
1996,19061,IA,Dubuque County,small/mid,Midwest,West North Central,608.299,89097,57213,48.5,147.545454545
1997,19061,IA,Dubuque County, small/mid,Midwest,West North Central,608.299,88996,57157,52.33333,158.818181818
1998,19061,IA,Dubuque County, small/mid,Midwest,West North Central,608.299,88775,57012,56.16667,170.090909091
1999,19061,IA,Dubuque County,small/mid,Midwest,West North Central,608.299,88934,57160,60,181.363636364
2000,19061,IA,Dubuque County,  SMALL/MID ,Midwest,West North Central,608.299,89201,57437,65.5,192.636363636
2001,19061,IA,Dubuque County,small/mid,Midwest,West North Central,608.299,88932,57297,71,203.909090909
2002,19061,IA,Dubuque County,small/mid,Midwest,West North Central,608.299,89132,57563,76.5,215.181818182
2003,19061,IA,Dubuque County,small/mid,Midwest,West North Central,608.299,90012,58127,82,226.454545455
2004,19061,IA,Dubuque County,small/mid,Midwest,West North Central,608.299,90462,58473,87.5,237.727272727
2005,19061,IA,Dubuque County,  SMALL/MID ,Midwest,West North Central,608.299,90769,58878,93,249
2006,19061,IA,Dubuque County,small/mid,Midwest,West North Central,608.299,91258,59378,96.625,239
2007,19061,IA,Dubuque County,small/mid,Midwest,West North Central,608.299,92130,59940,100.25,214
2008,19061,IA,Dubuque County,small/mid,Midwest,West North Central,608.299,92519,60105,103.875,205
2009,19061,IA,Dubuque County,small/mid,Midwest,West North Central,608.299,92948,60428,107.5,194
2010,19061,IA,Dubuque County,  SMALL/MID ,Midwest,West North Central,608.299,93653,60849,111.125,221
2011,19061,IA,Dubuque County,small/mid,Midwest,West North Central,608.299,93930,61034,114.75,205
2012,19061,IA,Dubuque County,small/mid,Midwest,West North Central,608.299,94599,61711,118.375,191
2013,19061,IA,Dubuque County,small/mid,Midwest,West North Central,608.299,95128,61902,122,213
2014,19061,IA,Dubuque County,  SMALL/MID ,Midwest,West North Central,608.299,95888,62331,122,211
2015,19061,IA,Dubuque County,small/mid,Midwest,West North Central,608.299,96408,62308,122,205
2016,19061,IA,Dubuque County,small/mid,Midwest,West North Central,608.299,96813,62274,,
2016,19061,IA,Dubuque County,small/mid,Midwest,West North Central,608.299,96813,62274,,
1970,19063,IA,Emmet County,rural,Midwest,West North Central,395.882,13994,8175,1,
1971,19063,IA,Emmet County,rural,Midwest,West North Central,395.882,13913,8181,1.25,
1972,19063,IA,Emmet County,rural,Midwest,West North Central,395.882,14237,8491,1.5,
1973,19063,IA,Emmet County,rural,Midwest,West North Central,395.882,13845,8310,1.75,
1974,19063,IA,Emmet County,rural,Midwest,West North Central,395.882,13678,8274,2,
1975,19063,IA,Emmet County,rural,Midwest,West North Central,395.882,13636,8317,2.25,
1976,19063,IA,Emmet County,rural,Midwest,West North Central,395.882,13710,8419,2.5,
1977,19063,IA,Emmet County,rural,Midwest,West North Central,395.882,13906,8598,2.75,
1978,19063,IA,Emmet County,rural,Midwest,West North Central,395.882,13740,8506,3,
1979,19063,IA,Emmet County,rural  ,Midwest,West North Central,395.882,13512,8360,3,
1980,19063,IA,Emmet County,rural,Midwest,West North Central,395.882,13340,8242,3,
1981,19063,IA,Emmet County,  RURAL ,Midwest,West North Central,395.882,13269,8170,3,
1982,19063,IA,Emmet County,rural,Midwest,West North Central,395.882,13145,8057,3,
1982,19063,IA,Emmet County,rural,Midwest,West North Central,395.882,13145,8057,3,
1983,19063,IA,Emmet County,rural,Midwest,West North Central,395.882,12823,7823,3,
1984,19063,IA,Emmet County,RURAL,Midwest,West North Central,395.882,12757,7757,2.6,
1984,19063,IA,Emmet County,RURAL,Midwest,West North Central,395.882,12757,7757,2.6,
1985,19063,IA,Emmet County,Rural,Midwest,West North Central,395.882,12407,7527,2.2,
1986,19063,IA,Emmet County,Rural,Midwest,West North Central,395.882,11900,7188,1.8,
1987,19063,IA,Emmet County,rural,Midwest,West North Central,395.882,11648,7013,1.4,
1988,19063,IA,Emmet County,rural,Midwest,West North Central,395.882,11675,7001,1,
1989,19063,IA,Emmet County,rural,Midwest,West North Central,395.882,11531,6860,1.6,8
1990,19063,IA,Emmet County,  RURAL ,Midwest,West North Central,395.882,11592,6870,2.2,7
1991,19063,IA,Emmet County,rural,Midwest,West North Central,395.882,11666,6912,2.8,10
1991,19063,IA,Emmet County,rural,Midwest,West North Central,395.882,11666,6912,2.8,10
1992,19063,IA,Emmet County,  RURAL ,Midwest,West North Central,395.882,11722,7018,3.4,9
1993,19063,IA,Emmet County,rural,Midwest,West North Central,395.882,11568,6944,4,14
1994,19063,IA,Emmet County,rural,Midwest,West North Central,395.882,11501,6946,4.666667,20
1995,19063,IA,Emmet County,rural,Midwest,West North Central,395.882,11403,6928,5.333333,19.1818181818
1996,19063,IA,Emmet County,rural,Midwest,West North Central,395.882,11338,6935,6,18.3636363636
1997,19063,IA,Emmet County,rural,Midwest,West North Central,395.882,11303,6957,6.666667,17.5454545455
1998,19063,IA,Emmet County,rural,Midwest,West North Central,395.882,11247,6968,7.333333,16.7272727273
1999,19063,IA,Emmet County,rural,Midwest,West North Central,395.882,11103,6891,8,15.9090909091
2000,19063,IA,Emmet County,rural,Midwest,West North Central,395.882,10995,6820,8.333333,15.0909090909
2000,19063,IA,Emmet County,rural,Midwest,West North Central,395.882,10995,6820,8.333333,15.0909090909
2001,19063,IA,Emmet County,rural,Midwest,West North Central,395.882,10890,6765,8.666667,14.2727272727
2002,19063,IA,Emmet County,rural,Midwest,West North Central,395.882,10815,6735,9,13.4545454545
2002,19063,IA,Emmet County,rural,Midwest,West North Central,395.882,10815,6735,9,13.4545454545
2003,19063,IA,Emmet County,rural,Midwest,West North Central,395.882,10724,6723,9.333333,12.6363636364
2004,19063,IA,Emmet County,rural,Midwest,West North Central,395.882,10553,6627,9.666667,11.8181818182
2005,19063,IA,Emmet County,rural,Midwest,West North Central,395.882,10527,6579,10,11
2006,19063,IA,Emmet County,rural,Midwest,West North Central,395.882,10437,6499,9,12
2007,19063,IA,Emmet County,rural,Midwest,West North Central,395.882,10417,6486,522,13
2007,19063,,,,,,,,,8,
2008,19063,IA,Emmet County,rural,Midwest,West North Central,395.882,10448,6539,508,12
2008,19063,,,,,,,,,7,
2009,19063,IA,Emmet County, rural,Midwest,West North Central,395.882,10361,6495,6,14
2010,19063,IA,Emmet County,rural,Midwest,West North Central,395.882,10302,6459,5,12
2011,19063,IA,Emmet County,  RURAL ,Midwest,West North Central,395.882,10268,6451,4,14
2012,19063,IA,Emmet County,rural,Midwest,West North Central,395.882,10063,6377,3,14
2013,19063,IA,Emmet County,rural,Midwest,West North Central,395.882,9920,6272,2,17
2014,19063,IA,Emmet County,rural,Midwest,West North Central,395.882,9849,6251,2,17
2015,19063,IA,Emmet County,rural,Midwest,West North Central,395.882,9792,6182,2,20
2016,19063,IA,Emmet County,Rural,Midwest,West North Central,395.882,9672,6086,,
1970,19065,IA,Fayette County,rural,Midwest,West North Central,730.83,26888,15346,2,
1971,19065,IA,Fayette County,rural,Midwest,West North Central,730.83,26834,15406,2.217391,
1972,19065,IA,Fayette County,rural,Midwest,West North Central,730.83,27049,15689,2.434783,
1973,19065,IA,Fayette County,rural,Midwest,West North Central,730.83,26491,15468,2.652174,
1974,19065,IA,Fayette County,rural,Midwest,West North Central,730.83,26248,15413,2.869565,
1975,19065,IA,Fayette County,rural,Midwest,West North Central,730.83,26060,15391,3.086957,
1976,19065,IA,Fayette County,rural,Midwest,West North Central,730.83,26144,15557,3.304348,
1977,19065,IA,Fayette County,rural,Midwest,West North Central,730.83,26142,15684,3.521739,
1978,19065,IA,Fayette County,rural,Midwest,West North Central,730.83,25792,15541,3.73913,
1979,19065,IA,Fayette County,rural,Midwest,West North Central,730.83,25176,15176,3.956522,
1980,19065,IA,Fayette County,  RURAL ,Midwest,West North Central,730.83,25432,15383,4.173913,
1981,19065,IA,Fayette County,rural,Midwest,West North Central,730.83,25052,15114,4.391304,
1982,19065,IA,Fayette County,rural,Midwest,West North Central,730.83,24837,14935,4.608696,
1983,19065,IA,Fayette County,rural,Midwest,West North Central,730.83,24457,14662,4.826087,
1984,19065,IA,Fayette County, rural,Midwest,West North Central,730.83,24150,14457,5.043478,
1984,19065,IA,Fayette County, rural,Midwest,West North Central,730.83,24150,14457,5.043478,
1985,19065,IA,Fayette County,rural,Midwest,West North Central,730.83,23379,13970,571,
1985,19065,,,,,,,,,5.26087,
1986,19065,IA,Fayette County,rural  ,Midwest,West North Central,730.83,22605,13472,5.478261,
1987,19065,IA,Fayette County,rural,Midwest,West North Central,730.83,21999,13076,5.695652,
1988,19065,IA,Fayette County,rural,Midwest,West North Central,730.83,21880,12974,5.913043,
1989,19065,IA,Fayette County,rural,Midwest,West North Central,730.83,21844,12868,6.130435,7
1990,19065,IA,Fayette County,rural,Midwest,West North Central,730.83,21889,12880,6.347826,10
1991,19065,IA,Fayette County,rural,Midwest,West North Central,730.83,22065,13033,6.565217,21
1992,19065,IA,Fayette County,rural,Midwest,West North Central,730.83,22082,13124,6.782609,25
1993,19065,IA,Fayette County,rural,Midwest,West North Central,730.83,22089,13149,7,19
1994,19065,IA,Fayette County,rural,Midwest,West North Central,730.83,22129,13216,8.833333,21
1995,19065,IA,Fayette County,rural,Midwest,West North Central,730.83,22211,13345,10.66667,32
1996,19065,IA,Fayette County,rural,Midwest,West North Central,730.83,22275,13440,12.5,43
1997,19065,IA,Fayette County,rural,Midwest,West North Central,730.83,22261,13502,14.33333,54
1998,19065,IA,Fayette County,rural,Midwest,West North Central,730.83,22179,13495,16.16667,65
1998,19065,IA,Fayette County,rural,Midwest,West North Central,730.83,22179,13495,16.16667,65
1999,19065,IA,Fayette County,rural,Midwest,West North Central,730.83,22011,13384,18,76
1999,19065,IA,Fayette County,rural,Midwest,West North Central,730.83,22011,13384,18,76
2000,19065,IA,Fayette County,rural,Midwest,West North Central,730.83,22022,13402,20,87
2001,19065,IA,Fayette County,rural,Midwest,West North Central,730.83,21791,13341,22,98
2001,19065,IA,Fayette County,rural,Midwest,West North Central,730.83,21791,13341,22,98
2002,19065,IA,Fayette County,rural,Midwest,West North Central,730.83,21643,13248,24,109
2003,19065,IA,Fayette County,rural,Midwest,West North Central,730.83,21604,13315,26,120
2004,19065,IA,Fayette County,rural,Midwest,West North Central,730.83,21415,13229,28,131
2005,19065,IA,Fayette County,rural,Midwest,West North Central,730.83,21426,13263,30,142
2006,19065,IA,Fayette County,rural,Midwest,West North Central,730.83,21265,13182,30,130
2007,19065,IA,Fayette County,rural,Midwest,West North Central,730.83,21005,13031,30,106
2008,19065,IA,Fayette County,rural,Midwest,West North Central,730.83,20910,12991,30,83
2009,19065,IA,Fayette County,rural,Midwest,West North Central,730.83,20939,13059,30,105
2009,19065,IA,Fayette County,rural,Midwest,West North Central,730.83,20939,13059,30,105
2010,19065,IA,Fayette County,rural,Midwest,West North Central,730.83,20880,13035,30,134
2011,19065,IA,Fayette County,rural,Midwest,West North Central,730.83,20858,13039,30,122
2012,19065,IA,Fayette County,rural,Midwest,West North Central,730.83,20959,13159,30,85
2013,19065,IA,Fayette County,rural,Midwest,West North Central,730.83,20760,13011,30,58
2014,19065,IA,Fayette County,rural,Midwest,West North Central,730.83,20500,12860,30,55
2014,19065,IA,Fayette County,rural,Midwest,West North Central,730.83,20500,12860,30,55
2015,19065,IA,Fayette County,rural,Midwest,West North Central,730.83,20274,12717,30,66
2016,19065,IA,Fayette County,rural,Midwest,West North Central,730.83,20139,12623,,
1970,19067,IA,Floyd County,rural,Midwest,West North Central,500.632,20094,11662,3,
1971,19067,IA,Floyd County,rural,Midwest,West North Central,500.632,21006,12355,2.875,
1972,19067,IA,Floyd County,rural,Midwest,West North Central,500.632,20294,12002,2.75,
1973,19067,IA,Floyd County,rural,Midwest,West North Central,500.632,19705,11724,2.625,
1974,19067,IA,Floyd County,rural,Midwest,West North Central,500.632,19858,11912,2.5,
1974,19067,IA,Floyd County,rural,Midwest,West North Central,500.632,19858,11912,2.5,
1975,19067,IA,Floyd County,rural,Midwest,West North Central,500.632,20225,12248,2.375,
1976,19067,IA,Floyd County,rural,Midwest,West North Central,500.632,20103,12194,2.25,
1977,19067,IA,Floyd County,rural,Midwest,West North Central,500.632,19836,12071,2.125,
1978,19067,IA,Floyd County,rural,Midwest,West North Central,500.632,19835,12109,2,
1979,19067,IA,Floyd County,rural,Midwest,West North Central,500.632,19627,11994,2.4,
1979,19067,IA,Floyd County,rural,Midwest,West North Central,500.632,19627,11994,2.4,
1980,19067,IA,Floyd County,rural,Midwest,West North Central,500.632,19570,11946,2.8,
1981,19067,IA,Floyd County,rural,Midwest,West North Central,500.632,19342,11769,3.2,
1982,19067,IA,Floyd County,RURAL,Midwest,West North Central,500.632,19106,11574,3.6,
1983,19067,IA,Floyd County,rural,Midwest,West North Central,500.632,18997,11468,4,
1984,19067,IA,Floyd County,rural,Midwest,West North Central,500.632,18777,11309,4.2,
1985,19067,IA,Floyd County,rural,Midwest,West North Central,500.632,18523,11130,4.4,
1986,19067,IA,Floyd County,rural,Midwest,West North Central,500.632,17882,10708,4.6,
1987,19067,IA,Floyd County,rural,Midwest,West North Central,500.632,17537,10462,4.8,
1988,19067,IA,Floyd County,  RURAL ,Midwest,West North Central,500.632,17399,10352,5,
1989,19067,IA,Floyd County,rural,Midwest,West North Central,500.632,17312,10229,6.4,4
1990,19067,IA,Floyd County,rural  ,Midwest,West North Central,500.632,17056,10034,7.8,9
1991,19067,IA,Floyd County,rural,Midwest,West North Central,500.632,16950,9957,9.2,13
1992,19067,IA,Floyd County,rural,Midwest,West North Central,500.632,17118,10101,10.6,11
1993,19067,IA,Floyd County,rural,Midwest,West North Central,500.632,17060,10068,12,14
1994,19067,IA,Floyd County,rural,Midwest,West North Central,500.632,17062,10083,13.33333,12
1995,19067,IA,Floyd County,rural,Midwest,West North Central,500.632,17001,10107,14.66667,12.9090909091
1996,19067,IA,Floyd County,rural,Midwest,West North Central,500.632,17028,10158,16,13.8181818182
1997,19067,IA,Floyd County,rural,Midwest,West North Central,500.632,17059,10233,17.33333,14.7272727273
1998,19067,IA,Floyd County,rural,Midwest,West North Central,500.632,16987,10190,18.66667,15.6363636364
1999,19067,IA,Floyd County,rural,Midwest,West North Central,500.632,16959,10187,20,16.5454545455
2000,19067,IA,Floyd County,rural,Midwest,West North Central,500.632,16854,10176,18.16667,17.4545454545
2001,19067,IA,Floyd County,rural,Midwest,West North Central,500.632,16660,10092,16.33333,18.3636363636
2002,19067,IA,Floyd County,rural,Midwest,West North Central,500.632,16670,10093,14.5,19.2727272727
2003,19067,IA,Floyd County,rural,Midwest,West North Central,500.632,16641,10084,12.66667,20.1818181818
2004,19067,IA,Floyd County,rural,Midwest,West North Central,500.632,16586,10083,10.83333,21.0909090909
2005,19067,IA,Floyd County,rural,Midwest,West North Central,500.632,16520,10011,9,22
2006,19067,IA,Floyd County,rural,Midwest,West North Central,500.632,16586,10061,8.625,23
2007,19067,IA,Floyd County,RURAL,Midwest,West North Central,500.632,16497,9985,8.25,26
2008,19067,IA,Floyd County,rural,Midwest,West North Central,500.632,16331,9919,7.875,27
2009,19067,IA,Floyd County,rural,Midwest,West North Central,500.632,16248,9901,7.5,22
2010,19067,IA,Floyd County,rural,Midwest,West North Central,500.632,16303,9896,7.125,22
2011,19067,IA,Floyd County,rural,Midwest,West North Central,500.632,16317,9905,6.75,22
2012,19067,IA,Floyd County, rural,Midwest,West North Central,500.632,16102,9759,6.375,26
2013,19067,IA,Floyd County,rural,Midwest,West North Central,500.632,16097,9725,6,30
2014,19067,IA,Floyd County,rural,Midwest,West North Central,500.632,16035,9733,6,29
2015,19067,IA,Floyd County,rural,Midwest,West North Central,500.632,16009,9646,6,28
2016,19067,IA,Floyd County,  RURAL ,Midwest,West North Central,500.632,15895,9545,,
1970,19069,IA,Franklin County,rural,Midwest,West North Central,581.972,13242,7747,1,
1971,19069,IA,Franklin County,rural,Midwest,West North Central,581.972,13240,7792,1.25,
1972,19069,IA,Franklin County,rural,Midwest,West North Central,581.972,13231,7856,1.5,
1973,19069,IA,Franklin County,rural,Midwest,West North Central,581.972,12954,7731,1.75,
1974,19069,IA,Franklin County,rural,Midwest,West North Central,581.972,12908,7762,2,
1974,19069,IA,Franklin County,rural,Midwest,West North Central,581.972,12908,7762,2,
1975,19069,IA,Franklin County,rural,Midwest,West North Central,581.972,13012,7900,2.25,
1976,19069,IA,Franklin County,rural,Midwest,West North Central,581.972,13049,7951,2.5,
1976,19069,IA,Franklin County,rural,Midwest,West North Central,581.972,13049,7951,2.5,
1977,19069,IA,Franklin County,RURAL,Midwest,West North Central,581.972,12824,7822,2.75,
1978,19069,IA,Franklin County,rural,Midwest,West North Central,581.972,12909,7903,3,
1979,19069,IA,Franklin County,rural,Midwest,West North Central,581.972,13047,8000,3.4,
1980,19069,IA,Franklin County,rural,Midwest,West North Central,581.972,13020,7967,3.8,
1981,19069,IA,Franklin County,rural,Midwest,West North Central,581.972,12903,7859,4.2,
1982,19069,IA,Franklin County,rural,Midwest,West North Central,581.972,12786,7742,4.6,
1983,19069,IA,Franklin County,rural,Midwest,West North Central,581.972,12720,7664,5,
1984,19069,IA,Franklin County,rural,Midwest,West North Central,581.972,12516,7513,0,
1985,19069,IA,Franklin County,rural,Midwest,West North Central,581.972,12400,7413,0,
1986,19069,IA,Franklin County,rural,Midwest,West North Central,581.972,12099,7192,0,
1987,19069,IA,Franklin County,rural  ,Midwest,West North Central,581.972,11795,6978,0,
1988,19069,IA,Franklin County, rural,Midwest,West North Central,581.972,11531,6790,0,
1989,19069,IA,Franklin County,Rural,Midwest,West North Central,581.972,11394,6649,0,4
1990,19069,IA,Franklin County,rural,Midwest,West North Central,581.972,11351,6593,0,6
1991,19069,IA,Franklin County,rural,Midwest,West North Central,581.972,11314,6563,0,9
1992,19069,IA,Franklin County,rural,Midwest,West North Central,581.972,11179,6500,0,11
1993,19069,IA,Franklin County,rural,Midwest,West North Central,581.972,11252,6579,0,6
1994,19069,IA,Franklin County,rural,Midwest,West North Central,581.972,11045,6516,0,13
1995,19069,IA,Franklin County, rural,Midwest,West North Central,581.972,11016,6551,0,12.3636363636
1995,19069,IA,Franklin County, rural,Midwest,West North Central,581.972,11016,6551,0,12.3636363636
1996,19069,IA,Franklin County,rural,Midwest,West North Central,581.972,11030,6607,0,11.7272727273
1997,19069,IA,Franklin County,rural,Midwest,West North Central,581.972,10921,6578,0,11.0909090909
1998,19069,IA,Franklin County,rural,Midwest,West North Central,581.972,10875,6571,0,10.4545454545
1999,19069,IA,Franklin County,rural,Midwest,West North Central,581.972,10780,6519,0,9.81818181818
2000,19069,IA,Franklin County,rural,Midwest,West North Central,581.972,10679,6457,0,9.18181818182
2001,19069,IA,Franklin County,Rural,Midwest,West North Central,581.972,10618,6456,0,8.54545454545
2002,19069,IA,Franklin County,rural,Midwest,West North Central,581.972,10674,6483,0,7.90909090909
2002,19069,IA,Franklin County,rural,Midwest,West North Central,581.972,10674,6483,0,7.90909090909
2003,19069,IA,Franklin County,Rural,Midwest,West North Central,581.972,10655,6504,0,7.27272727273
2004,19069,IA,Franklin County,rural,Midwest,West North Central,581.972,10716,6554,0,6.63636363636
2005,19069,IA,Franklin County,rural,Midwest,West North Central,581.972,10766,6582,0,6
2006,19069,IA,Franklin County,rural,Midwest,West North Central,581.972,10699,6561,0,8
2007,19069,IA,Franklin County,RURAL,Midwest,West North Central,581.972,10759,6594,0,6
2008,19069,IA,Franklin County,rural,Midwest,West North Central,581.972,10690,6520,0,14
2009,19069,IA,Franklin County,rural,Midwest,West North Central,581.972,10656,6548,0,8
2010,19069,IA,Franklin County,rural,Midwest,West North Central,581.972,10680,6565,0,8
2011,19069,IA,Franklin County,rural,Midwest,West North Central,581.972,10702,6561,0,8
2012,19069,IA,Franklin County,rural,Midwest,West North Central,581.972,10691,6585,0,6
2013,19069,IA,Franklin County,rural,Midwest,West North Central,581.972,10509,6450,0,13
2014,19069,IA,Franklin County, rural,Midwest,West North Central,581.972,10506,6458,0,10
2014,19069,IA,Franklin County, rural,Midwest,West North Central,581.972,10506,6458,0,10
2015,19069,IA,Franklin County,rural,Midwest,West North Central,581.972,10432,6367,0,10
2016,19069,IA,Franklin County,rural,Midwest,West North Central,581.972,10326,6275,,
1970,19071,IA,Fremont County,rural,Midwest,West North Central,511.125,9359,5425,2,
1971,19071,IA,Fremont County,rural,Midwest,West North Central,511.125,9672,5664,2,
1972,19071,IA,Fremont County,rural,Midwest,West North Central,511.125,9826,5809,2,
1973,19071,IA,Fremont County,rural,Midwest,West North Central,511.125,9638,5714,2,
1974,19071,IA,Fremont County,rural,Midwest,West North Central,511.125,9588,5717,2,
1975,19071,IA,Fremont County,rural,Midwest,West North Central,511.125,9589,5759,2,
1976,19071,IA,Fremont County,rural,Midwest,West North Central,511.125,9647,5789,2,
1977,19071,IA,Fremont County,rural,Midwest,West North Central,511.125,9625,5776,2,
1978,19071,IA,Fremont County,rural,Midwest,West North Central,511.125,9688,5803,2,
1979,19071,IA,Fremont County,rural,Midwest,West North Central,511.125,9696,5805,2.2,
1980,19071,IA,Fremont County,rural,Midwest,West North Central,511.125,9382,5578,2.4,
1981,19071,IA,Fremont County,rural,Midwest,West North Central,511.125,9260,5482,2.6,
1982,19071,IA,Fremont County,rural,Midwest,West North Central,511.125,9166,5402,2.8,
1983,19071,IA,Fremont County,rural,Midwest,West North Central,511.125,9063,5310,3,
1983,19071,IA,Fremont County,rural,Midwest,West North Central,511.125,9063,5310,3,
1984,19071,IA,Fremont County,rural,Midwest,West North Central,511.125,9027,5275,2.8,
1985,19071,IA,Fremont County,rural,Midwest,West North Central,511.125,8830,5139,2.6,
1986,19071,IA,Fremont County,rural,Midwest,West North Central,511.125,8666,5020,2.4,
1987,19071,IA,Fremont County,Rural,Midwest,West North Central,511.125,8670,5002,2.2,
1988,19071,IA,Fremont County,rural,Midwest,West North Central,511.125,8438,4849,2,
1989,19071,IA,Fremont County,rural,Midwest,West North Central,511.125,8254,4699,2,5
1990,19071,IA,Fremont County,rural,Midwest,West North Central,511.125,8236,4669,1,7
1991,19071,IA,Fremont County,rural,Midwest,West North Central,511.125,8194,4644,5,4
1992,19071,IA,Fremont County,rural,Midwest,West North Central,511.125,8242,4717,5,6
1993,19071,IA,Fremont County,rural,Midwest,West North Central,511.125,8217,4724,4,5
1994,19071,IA,Fremont County,rural,Midwest,West North Central,511.125,8259,4783,4.666667,8
1995,19071,IA,Fremont County,rural,Midwest,West North Central,511.125,8172,4778,5.333333,8
1995,19071,IA,Fremont County,rural,Midwest,West North Central,511.125,8172,4778,5.333333,8
1996,19071,IA,Fremont County,rural,Midwest,West North Central,511.125,8077,4759,6,8
1997,19071,IA,Fremont County,rural,Midwest,West North Central,511.125,7989,4728,6.666667,8
1998,19071,IA,Fremont County,rural,Midwest,West North Central,511.125,7993,4775,7.333333,8
1999,19071,IA,Fremont County,rural  ,Midwest,West North Central,511.125,7997,4771,8,8
2000,19071,IA,Fremont County,rural,Midwest,West North Central,511.125,7995,4793,7.833333,8
2001,19071,IA,Fremont County,rural,Midwest,West North Central,511.125,7874,4714,7.666667,8
2002,19071,IA,Fremont County,rural,Midwest,West North Central,511.125,7787,4697,7.5,8
2003,19071,IA,Fremont County,rural,Midwest,West North Central,511.125,7743,4702,7.333333,8
2004,19071,IA,Fremont County,rural,Midwest,West North Central,511.125,7655,4681,7.166667,8
2005,19071,IA,Fremont County,rural,Midwest,West North Central,511.125,7616,4709,7,8
2006,19071,IA,Fremont County,rural,Midwest,West North Central,511.125,7622,4731,6.625,7
2007,19071,IA,Fremont County,rural,Midwest,West North Central,511.125,7642,4730,6.25,5
2008,19071,IA,Fremont County,rural,Midwest,West North Central,511.125,7489,4688,5.875,6
2009,19071,IA,Fremont County,rural,Midwest,West North Central,511.125,7453,4614,5.5,6
2010,19071,IA,Fremont County,rural,Midwest,West North Central,511.125,7441,4622,5.125,6
2011,19071,IA,Fremont County, rural,Midwest,West North Central,511.125,7437,4623,4.75,7
2012,19071,IA,Fremont County,rural,Midwest,West North Central,511.125,7374,4595,4.375,7
2013,19071,IA,Fremont County,rural,Midwest,West North Central,511.125,7144,4375,4,7
2014,19071,IA,Fremont County,RURAL,Midwest,West North Central,511.125,7072,4302,4,9
2015,19071,IA,Fremont County,rural,Midwest,West North Central,511.125,7032,4228,4,15
2016,19071,IA,Fremont County,rural,Midwest,West North Central,511.125,6913,4157,,
2016,19071,IA,Fremont County,rural,Midwest,West North Central,511.125,6913,4157,,
1970,19073,IA,Greene County,rural,Midwest,West North Central,569.601,12722,7214,0,
1970,19073,IA,Greene County,rural,Midwest,West North Central,569.601,12722,7214,0,
1971,19073,IA,Greene County,rural,Midwest,West North Central,569.601,12748,7266,0,
1972,19073,IA,Greene County,rural,Midwest,West North Central,569.601,12624,7232,0,
1973,19073,IA,Greene County,rural,Midwest,West North Central,569.601,12502,7212,501,
1973,19073,,,,,,,,,0,
1974,19073,IA,Greene County,rural,Midwest,West North Central,569.601,12365,7172,0,
1975,19073,IA,Greene County,rural,Midwest,West North Central,569.601,12351,7213,0,
1976,19073,IA,Greene County,rural,Midwest,West North Central,569.601,12351,7277,0,
1977,19073,IA,Greene County,rural,Midwest,West North Central,569.601,12281,7237,0,
1978,19073,IA,Greene County,  RURAL ,Midwest,West North Central,569.601,12153,7172,2,
1979,19073,IA,Greene County,rural,Midwest,West North Central,569.601,12250,7271,2,
1980,19073,IA,Greene County,rural,Midwest,West North Central,569.601,12098,7158,2,
1981,19073,IA,Greene County,Rural,Midwest,West North Central,569.601,11979,7063,2,
1982,19073,IA,Greene County,rural,Midwest,West North Central,569.601,11791,6918,2,
1983,19073,IA,Greene County,rural,Midwest,West North Central,569.601,11709,6841,2,
1984,19073,IA,Greene County,rural,Midwest,West North Central,569.601,11491,6694,2,
1985,19073,IA,Greene County,rural,Midwest,West North Central,569.601,11202,6497,2,
1986,19073,IA,Greene County,RURAL,Midwest,West North Central,569.601,10822,6252,2,
1987,19073,IA,Greene County,rural,Midwest,West North Central,569.601,10521,6052,2,
1988,19073,IA,Greene County,rural,Midwest,West North Central,569.601,10310,5910,2,
1988,19073,IA,Greene County,rural,Midwest,West North Central,569.601,10310,5910,2,
1989,19073,IA,Greene County,rural,Midwest,West North Central,569.601,10164,5781,2.6,15
1990,19073,IA,Greene County,rural,Midwest,West North Central,569.601,10028,5671,3.2,15
1991,19073,IA,Greene County,rural,Midwest,West North Central,569.601,10110,5745,3.8,10
1992,19073,IA,Greene County,  RURAL ,Midwest,West North Central,569.601,10187,5792,4.4,11
1993,19073,IA,Greene County,rural,Midwest,West North Central,569.601,10280,5850,5,10
1994,19073,IA,Greene County,rural,Midwest,West North Central,569.601,10255,5831,5.5,15
1995,19073,IA,Greene County,rural,Midwest,West North Central,569.601,10226,5844,6,14.8181818182
1996,19073,IA,Greene County,rural,Midwest,West North Central,569.601,10333,5947,6.5,14.6363636364
1997,19073,IA,Greene County,rural,Midwest,West North Central,569.601,10402,6006,7,14.4545454545
1998,19073,IA,Greene County,RURAL,Midwest,West North Central,569.601,10442,6023,7.5,14.2727272727
1999,19073,IA,Greene County, rural,Midwest,West North Central,569.601,10394,6007,8,14.0909090909
2000,19073,IA,Greene County,rural,Midwest,West North Central,569.601,10341,6000,7.5,13.9090909091
2001,19073,IA,Greene County,rural,Midwest,West North Central,569.601,10150,5924,7,13.7272727273
2002,19073,IA,Greene County,rural,Midwest,West North Central,569.601,10105,5957,6.5,13.5454545455
2003,19073,IA,Greene County,Rural,Midwest,West North Central,569.601,9996,5883,6,13.3636363636
2004,19073,IA,Greene County,rural,Midwest,West North Central,569.601,9932,5900,5.5,13.1818181818
2005,19073,IA,Greene County,rural,Midwest,West North Central,569.601,9800,5914,5,13
2006,19073,IA,Greene County,rural,Midwest,West North Central,569.601,9611,5818,5.25,14
2007,19073,IA,Greene County,rural,Midwest,West North Central,569.601,9548,5773,5.5,17
2008,19073,IA,Greene County,rural,Midwest,West North Central,569.601,9415,5693,5.75,13
2009,19073,IA,Greene County,rural,Midwest,West North Central,569.601,9329,5657,6,6
2010,19073,IA,Greene County,Rural,Midwest,West North Central,569.601,9337,5643,585,5
2010,19073,,,,,,,,,6.25,
2011,19073,IA,Greene County,rural,Midwest,West North Central,569.601,9361,5645,6.5,5
2012,19073,IA,Greene County,rural,Midwest,West North Central,569.601,9330,5629,6.75,12
2013,19073,IA,Greene County,rural,Midwest,West North Central,569.601,9182,5520,7,13
2013,19073,IA,Greene County,rural,Midwest,West North Central,569.601,9182,5520,7,13
2014,19073,IA,Greene County, rural,Midwest,West North Central,569.601,9158,5495,7,21
2015,19073,IA,Greene County,rural,Midwest,West North Central,569.601,9129,5489,7,20
2016,19073,IA,Greene County,rural,Midwest,West North Central,569.601,8951,5369,,
2016,19073,IA,Greene County,rural,Midwest,West North Central,569.601,8951,5369,,
1970,19075,IA,Grundy County,small/mid,Midwest,West North Central,501.855,14110,8385,1,
1971,19075,IA,Grundy County,small/mid  ,Midwest,West North Central,501.855,14074,8390,1.125,
1972,19075,IA,Grundy County,small/mid,Midwest,West North Central,501.855,14122,8483,1.25,
1973,19075,IA,Grundy County,SMALL/MID,Midwest,West North Central,501.855,14022,8473,1.375,
1974,19075,IA,Grundy County,small/mid,Midwest,West North Central,501.855,13985,8478,1.5,
1975,19075,IA,Grundy County,small/mid,Midwest,West North Central,501.855,14080,8572,1.625,
1976,19075,IA,Grundy County,small/mid  ,Midwest,West North Central,501.855,14053,8590,1.75,
1977,19075,IA,Grundy County,small/mid,Midwest,West North Central,501.855,14017,8581,1.875,
1978,19075,IA,Grundy County,small/mid,Midwest,West North Central,501.855,14196,8737,529,
1978,19075,,,,,,,,,2,
1979,19075,IA,Grundy County,small/mid,Midwest,West North Central,501.855,14415,8893,2.8,
1979,19075,IA,Grundy County,small/mid,Midwest,West North Central,501.855,14415,8893,2.8,
1980,19075,IA,Grundy County,small/mid,Midwest,West North Central,501.855,14343,8836,3.6,
1981,19075,IA,Grundy County,small/mid,Midwest,West North Central,501.855,14190,8700,4.4,
1982,19075,IA,Grundy County,small/mid,Midwest,West North Central,501.855,13947,8508,5.2,
1982,19075,IA,Grundy County,small/mid,Midwest,West North Central,501.855,13947,8508,5.2,
1983,19075,IA,Grundy County,small/mid,Midwest,West North Central,501.855,13781,8365,6,
1984,19075,IA,Grundy County,small/mid,Midwest,West North Central,501.855,13512,8171,5.2,
1985,19075,IA,Grundy County,small/mid,Midwest,West North Central,501.855,13252,7977,4.4,
1986,19075,IA,Grundy County,small/mid,Midwest,West North Central,501.855,12803,7671,543,
1986,19075,,,,,,,,,3.6,
1987,19075,IA,Grundy County,small/mid,Midwest,West North Central,501.855,12423,7406,2.8,
1988,19075,IA,Grundy County,small/mid,Midwest,West North Central,501.855,12276,7282,2,
1989,19075,IA,Grundy County,SMALL/MID,Midwest,West North Central,501.855,12114,7125,2.12,5
1989,19075,IA,Grundy County,SMALL/MID,Midwest,West North Central,501.855,12114,7125,2.12,5
1990,19075,IA,Grundy County,SMALL/MID,Midwest,West North Central,501.855,12017,7041,2.24,4
1991,19075,IA,Grundy County,small/mid,Midwest,West North Central,501.855,11957,7023,2.36,7
1991,19075,IA,Grundy County,small/mid,Midwest,West North Central,501.855,11957,7023,2.36,7
1992,19075,IA,Grundy County, small/mid,Midwest,West North Central,501.855,12081,7117,2.48,4
1993,19075,IA,Grundy County,small/mid,Midwest,West North Central,501.855,12071,7125,2.6,6
1994,19075,IA,Grundy County,Small/mid,Midwest,West North Central,501.855,12152,7206,2.72,5
1995,19075,IA,Grundy County,small/mid,Midwest,West North Central,501.855,12244,7321,2.84,5.09090909091
1996,19075,IA,Grundy County,small/mid,Midwest,West North Central,501.855,12317,7385,2.96,5.18181818182
1997,19075,IA,Grundy County,small/mid,Midwest,West North Central,501.855,12335,7433,3.08,5.27272727273
1998,19075,IA,Grundy County,small/mid,Midwest,West North Central,501.855,12277,7402,3.2,5.36363636364
1999,19075,IA,Grundy County, small/mid,Midwest,West North Central,501.855,12332,7450,3.32,5.45454545455
2000,19075,IA,Grundy County,small/mid  ,Midwest,West North Central,501.855,12368,7502,3.44,5.54545454545
2001,19075,IA,Grundy County,small/mid,Midwest,West North Central,501.855,12319,7504,3.56,5.63636363636
2002,19075,IA,Grundy County,small/mid,Midwest,West North Central,501.855,12372,7600,3.68,5.72727272727
2003,19075,IA,Grundy County,small/mid,Midwest,West North Central,501.855,12348,7622,3.8,5.81818181818
2004,19075,IA,Grundy County,small/mid,Midwest,West North Central,501.855,12383,7673,3.92,5.90909090909
2005,19075,IA,Grundy County,small/mid,Midwest,West North Central,501.855,12406,7711,4.04,6
2006,19075,IA,Grundy County,small/mid,Midwest,West North Central,501.855,12436,7732,4.16,8
2006,19075,IA,Grundy County,small/mid,Midwest,West North Central,501.855,12436,7732,4.16,8
2007,19075,IA,Grundy County,small/mid,Midwest,West North Central,501.855,12317,7663,4.28,8
2008,19075,IA,Grundy County,small/mid,Midwest,West North Central,501.855,12359,7618,4.4,8
2009,19075,IA,Grundy County,small/mid,Midwest,West North Central,501.855,12447,7673,4.52,5
2010,19075,IA,Grundy County,small/mid,Midwest,West North Central,501.855,12453,7715,4.64,
2011,19075,IA,Grundy County,small/mid,Midwest,West North Central,501.855,12465,7719,4.76,5
2012,19075,IA,Grundy County,SMALL/MID,Midwest,West North Central,501.855,12479,7697,4.88,6
2013,19075,IA,Grundy County,small/mid,Midwest,West North Central,501.855,12440,7635,5,6
2014,19075,IA,Grundy County,small/mid  ,Midwest,West North Central,501.855,12343,7528,5,8
2015,19075,IA,Grundy County,small/mid,Midwest,West North Central,501.855,12392,7542,5,13
2016,19075,IA,Grundy County,small/mid,Midwest,West North Central,501.855,12406,7565,,
1970,19077,IA,Guthrie County,small/mid,Midwest,West North Central,590.62,12264,6854,6,
1971,19077,IA,Guthrie County,small/mid,Midwest,West North Central,590.62,12330,6923,5.5,
1972,19077,IA,Guthrie County,Small/mid,Midwest,West North Central,590.62,12726,7246,5,
1973,19077,IA,Guthrie County,small/mid,Midwest,West North Central,590.62,12394,7064,4.5,
1974,19077,IA,Guthrie County,small/mid,Midwest,West North Central,590.62,12316,7093,4,
1975,19077,IA,Guthrie County,small/mid,Midwest,West North Central,590.62,12189,7083,3.5,
1976,19077,IA,Guthrie County,small/mid  ,Midwest,West North Central,590.62,12250,7172,3,
1977,19077,IA,Guthrie County, small/mid,Midwest,West North Central,590.62,12311,7232,2.5,
1978,19077,IA,Guthrie County,small/mid,Midwest,West North Central,590.62,11999,7022,2,
1979,19077,IA,Guthrie County, small/mid,Midwest,West North Central,590.62,11880,6961,2.2,
1980,19077,IA,Guthrie County,small/mid,Midwest,West North Central,590.62,11969,7041,2.4,
1981,19077,IA,Guthrie County,small/mid,Midwest,West North Central,590.62,11856,6964,2.6,
1982,19077,IA,Guthrie County,small/mid,Midwest,West North Central,590.62,11688,6846,2.8,
1983,19077,IA,Guthrie County,small/mid,Midwest,West North Central,590.62,11551,6759,3,
1984,19077,IA,Guthrie County,small/mid  ,Midwest,West North Central,590.62,11595,6787,3,
1985,19077,IA,Guthrie County,small/mid,Midwest,West North Central,590.62,11419,6682,3,
1986,19077,IA,Guthrie County,small/mid,Midwest,West North Central,590.62,11275,6590,3,
1987,19077,IA,Guthrie County,small/mid,Midwest,West North Central,590.62,11050,6455,3,
1988,19077,IA,Guthrie County,small/mid,Midwest,West North Central,590.62,11060,6462,3,
1989,19077,IA,Guthrie County,small/mid  ,Midwest,West North Central,590.62,10919,6358,4,
1990,19077,IA,Guthrie County,small/mid,Midwest,West North Central,590.62,10941,6359,5,5
1991,19077,IA,Guthrie County,small/mid,Midwest,West North Central,590.62,11101,6473,6,6
1992,19077,IA,Guthrie County,small/mid,Midwest,West North Central,590.62,11125,6519,7,6
1993,19077,IA,Guthrie County,small/mid,Midwest,West North Central,590.62,11123,6540,8,6
1994,19077,IA,Guthrie County,small/mid,Midwest,West North Central,590.62,11139,6595,5,5
1995,19077,IA,Guthrie County,small/mid,Midwest,West North Central,590.62,11241,6695,9,5.72727272727
1996,19077,IA,Guthrie County,small/mid,Midwest,West North Central,590.62,11268,6736,8,6.45454545455
1997,19077,IA,Guthrie County,small/mid,Midwest,West North Central,590.62,11321,6777,9,7.18181818182
1998,19077,IA,Guthrie County,small/mid,Midwest,West North Central,590.62,11321,6831,7,7.90909090909
1999,19077,IA,Guthrie County,small/mid,Midwest,West North Central,590.62,11403,6907,7,8.63636363636
2000,19077,IA,Guthrie County,small/mid,Midwest,West North Central,590.62,11334,6874,6.833333,9.36363636364
2001,19077,IA,Guthrie County,small/mid,Midwest,West North Central,590.62,11225,6822,6.666667,10.0909090909
2002,19077,IA,Guthrie County,small/mid,Midwest,West North Central,590.62,11227,6798,6.5,10.8181818182
2003,19077,IA,Guthrie County,small/mid,Midwest,West North Central,590.62,11343,6906,6.333333,11.5454545455
2004,19077,IA,Guthrie County,Small/mid,Midwest,West North Central,590.62,11389,6947,6.166667,12.2727272727
2005,19077,IA,Guthrie County,small/mid,Midwest,West North Central,590.62,11249,6860,6,13
2006,19077,IA,Guthrie County,small/mid,Midwest,West North Central,590.62,11150,6801,6.375,10
2007,19077,IA,Guthrie County,small/mid,Midwest,West North Central,590.62,11116,6806,6.75,15
2008,19077,IA,Guthrie County,small/mid,Midwest,West North Central,590.62,11038,6789,7.125,19
2009,19077,IA,Guthrie County,small/mid,Midwest,West North Central,590.62,10939,6674,7.5,20
2010,19077,IA,Guthrie County,small/mid,Midwest,West North Central,590.62,10954,6649,7.875,17
2011,19077,IA,Guthrie County,small/mid  ,Midwest,West North Central,590.62,10935,6641,8.25,16
2012,19077,IA,Guthrie County,small/mid,Midwest,West North Central,590.62,10857,6628,8.625,22
2013,19077,IA,Guthrie County,small/mid,Midwest,West North Central,590.62,10759,6526,9,31
2014,19077,IA,Guthrie County,small/mid,Midwest,West North Central,590.62,10669,6474,9,36
2015,19077,IA,Guthrie County,small/mid,Midwest,West North Central,590.62,10681,6442,9,30
2016,19077,IA,Guthrie County,small/mid,Midwest,West North Central,590.62,10644,6414,,
1970,19079,IA,Hamilton County,rural,Midwest,West North Central,576.751,18313,10804,0,
1971,19079,IA,Hamilton County,  RURAL ,Midwest,West North Central,576.751,18038,10671,0,
1972,19079,IA,Hamilton County, rural,Midwest,West North Central,576.751,17836,10622,0,
1973,19079,IA,Hamilton County,rural,Midwest,West North Central,576.751,18405,11111,0,
1974,19079,IA,Hamilton County,rural,Midwest,West North Central,576.751,18072,10993,0,
1974,19079,IA,Hamilton County,rural,Midwest,West North Central,576.751,18072,10993,0,
1975,19079,IA,Hamilton County,rural,Midwest,West North Central,576.751,18230,11221,501,
1975,19079,,,,,,,,,0,
1976,19079,IA,Hamilton County,rural,Midwest,West North Central,576.751,18264,11341,0,
1977,19079,IA,Hamilton County,  RURAL ,Midwest,West North Central,576.751,18001,11222,0,
1977,19079,IA,Hamilton County,  RURAL ,Midwest,West North Central,576.751,18001,11222,0,
1978,19079,IA,Hamilton County,rural,Midwest,West North Central,576.751,18082,11338,0,
1978,19079,IA,Hamilton County,rural,Midwest,West North Central,576.751,18082,11338,0,
1979,19079,IA,Hamilton County,Rural,Midwest,West North Central,576.751,18003,11315,0,
1980,19079,IA,Hamilton County,rural,Midwest,West North Central,576.751,17874,11224,0,
1981,19079,IA,Hamilton County,rural,Midwest,West North Central,576.751,17835,11157,0,
1982,19079,IA,Hamilton County,rural,Midwest,West North Central,576.751,17591,10954,0,
1983,19079,IA,Hamilton County,rural,Midwest,West North Central,576.751,17431,10807,0,
1984,19079,IA,Hamilton County,rural,Midwest,West North Central,576.751,17203,10639,0,
1985,19079,IA,Hamilton County,rural,Midwest,West North Central,576.751,16980,10473,0,
1986,19079,IA,Hamilton County,rural,Midwest,West North Central,576.751,16830,10339,0,
1987,19079,IA,Hamilton County,rural,Midwest,West North Central,576.751,16573,10144,0,
1988,19079,IA,Hamilton County,rural,Midwest,West North Central,576.751,16459,10040,0,
1989,19079,IA,Hamilton County,Rural,Midwest,West North Central,576.751,16302,9873,0,11
1990,19079,IA,Hamilton County,rural,Midwest,West North Central,576.751,16049,9667,0,11
1991,19079,IA,Hamilton County,rural,Midwest,West North Central,576.751,16098,9695,0,14
1991,19079,IA,Hamilton County,rural,Midwest,West North Central,576.751,16098,9695,0,14
1992,19079,IA,Hamilton County,rural,Midwest,West North Central,576.751,16229,9815,0,26
1993,19079,IA,Hamilton County,rural,Midwest,West North Central,576.751,16188,9800,0,28
1994,19079,IA,Hamilton County,rural,Midwest,West North Central,576.751,16233,9815,0,34
1995,19079,IA,Hamilton County,RURAL,Midwest,West North Central,576.751,16468,10032,0,32.4545454545
1996,19079,IA,Hamilton County,rural,Midwest,West North Central,576.751,16356,9982,0,30.9090909091
1997,19079,IA,Hamilton County,rural,Midwest,West North Central,576.751,16371,10010,0,29.3636363636
1998,19079,IA,Hamilton County,rural,Midwest,West North Central,576.751,16405,10066,0,27.8181818182
1999,19079,IA,Hamilton County,rural  ,Midwest,West North Central,576.751,16387,10032,0,26.2727272727
1999,19079,IA,Hamilton County,rural  ,Midwest,West North Central,576.751,16387,10032,0,26.2727272727
2000,19079,IA,Hamilton County,rural  ,Midwest,West North Central,576.751,16423,10039,0,24.7272727273
2001,19079,IA,Hamilton County,rural,Midwest,West North Central,576.751,16236,9934,0,23.1818181818
2002,19079,IA,Hamilton County,  RURAL ,Midwest,West North Central,576.751,16337,10019,0,21.6363636364
2003,19079,IA,Hamilton County,  RURAL ,Midwest,West North Central,576.751,16366,10072,0,20.0909090909
2004,19079,IA,Hamilton County,rural,Midwest,West North Central,576.751,16285,10042,0,18.5454545455
2005,19079,IA,Hamilton County,rural,Midwest,West North Central,576.751,16261,10121,0,17
2006,19079,IA,Hamilton County,rural,Midwest,West North Central,576.751,16144,10091,0,13
2007,19079,IA,Hamilton County,rural,Midwest,West North Central,576.751,15987,9931,0,19
2008,19079,IA,Hamilton County,rural,Midwest,West North Central,576.751,15863,9814,0,27
2009,19079,IA,Hamilton County,rural,Midwest,West North Central,576.751,15739,9752,0,15
2010,19079,IA,Hamilton County,rural,Midwest,West North Central,576.751,15673,9723,0,7
2011,19079,IA,Hamilton County,rural  ,Midwest,West North Central,576.751,15631,9708,0,8
2012,19079,IA,Hamilton County, rural,Midwest,West North Central,576.751,15462,9617,0,14
2013,19079,IA,Hamilton County,RURAL,Midwest,West North Central,576.751,15316,9511,10,18
2014,19079,IA,Hamilton County,Rural,Midwest,West North Central,576.751,15340,9489,10,20
2015,19079,IA,Hamilton County,rural,Midwest,West North Central,576.751,15218,9396,10,19
2016,19079,IA,Hamilton County,rural,Midwest,West North Central,576.751,15232,9344,,
1970,19081,IA,Hancock County,rural,Midwest,West North Central,571.005,13507,7731,0,
1971,19081,IA,Hancock County,rural,Midwest,West North Central,571.005,13510,7775,0,
1972,19081,IA,Hancock County,rural,Midwest,West North Central,571.005,13883,8100,0,
1973,19081,IA,Hancock County,rural,Midwest,West North Central,571.005,13747,8086,0,
1974,19081,IA,Hancock County,rural,Midwest,West North Central,571.005,13405,7918,0,
1975,19081,IA,Hancock County,rural,Midwest,West North Central,571.005,13548,8084,0,
1976,19081,IA,Hancock County,rural,Midwest,West North Central,571.005,13776,8304,0,
1977,19081,IA,Hancock County,rural,Midwest,West North Central,571.005,13960,8467,0,
1978,19081,IA,Hancock County,rural,Midwest,West North Central,571.005,13924,8460,0,
1979,19081,IA,Hancock County,RURAL,Midwest,West North Central,571.005,13771,8388,0,
1980,19081,IA,Hancock County,rural,Midwest,West North Central,571.005,13811,8392,0,
1981,19081,IA,Hancock County,rural,Midwest,West North Central,571.005,13660,8267,0,
1982,19081,IA,Hancock County,rural,Midwest,West North Central,571.005,13582,8184,0,
1983,19081,IA,Hancock County,rural,Midwest,West North Central,571.005,13412,8045,1,
1983,19081,IA,Hancock County,rural,Midwest,West North Central,571.005,13412,8045,1,
1984,19081,IA,Hancock County,rural,Midwest,West North Central,571.005,13498,8070,1,
1985,19081,IA,Hancock County,rural,Midwest,West North Central,571.005,13382,7977,1,
1986,19081,IA,Hancock County,rural,Midwest,West North Central,571.005,13095,7777,1,
1987,19081,IA,Hancock County,rural,Midwest,West North Central,571.005,12900,7630,1,
1988,19081,IA,Hancock County,rural,Midwest,West North Central,571.005,12865,7581,1,
1989,19081,IA,Hancock County,rural,Midwest,West North Central,571.005,12830,7497,2,14
1990,19081,IA,Hancock County,rural  ,Midwest,West North Central,571.005,12610,7338,3,15
1991,19081,IA,Hancock County,rural,Midwest,West North Central,571.005,12496,7268,4,14
1992,19081,IA,Hancock County,rural,Midwest,West North Central,571.005,12391,7225,5,10
1993,19081,IA,Hancock County,rural,Midwest,West North Central,571.005,12170,7093,6,11
1994,19081,IA,Hancock County,rural,Midwest,West North Central,571.005,12073,7089,6.333333,15
1995,19081,IA,Hancock County,rural,Midwest,West North Central,571.005,12148,7222,6.666667,14.8181818182
1996,19081,IA,Hancock County,rural,Midwest,West North Central,571.005,12158,7280,7,14.6363636364
1997,19081,IA,Hancock County,rural,Midwest,West North Central,571.005,12043,7254,7.333333,14.4545454545
1998,19081,IA,Hancock County,rural,Midwest,West North Central,571.005,12085,7324,7.666667,14.2727272727
1999,19081,IA,Hancock County,rural,Midwest,West North Central,571.005,12091,7348,8,14.0909090909
1999,19081,IA,Hancock County,rural,Midwest,West North Central,571.005,12091,7348,8,14.0909090909
2000,19081,IA,Hancock County,rural,Midwest,West North Central,571.005,12109,7389,7.333333,13.9090909091
2001,19081,IA,Hancock County,rural,Midwest,West North Central,571.005,11954,7325,6.666667,13.7272727273
2002,19081,IA,Hancock County,rural,Midwest,West North Central,571.005,11846,7303,6,13.5454545455
2003,19081,IA,Hancock County,rural,Midwest,West North Central,571.005,11905,7369,5.333333,13.3636363636
2004,19081,IA,Hancock County,rural,Midwest,West North Central,571.005,11838,7308,4.666667,13.1818181818
2005,19081,IA,Hancock County,rural,Midwest,West North Central,571.005,11834,7318,4,13
2006,19081,IA,Hancock County,rural,Midwest,West North Central,571.005,11729,7317,4.25,12
2007,19081,IA,Hancock County,rural,Midwest,West North Central,571.005,11580,7231,4.5,9
2008,19081,IA,Hancock County,rural,Midwest,West North Central,571.005,11525,7158,4.75,13
2009,19081,IA,Hancock County,rural,Midwest,West North Central,571.005,11371,7035,5,12
2010,19081,IA,Hancock County,rural,Midwest,West North Central,571.005,11341,7009,5.25,15
2011,19081,IA,Hancock County,rural,Midwest,West North Central,571.005,11300,6995,5.5,17
2012,19081,IA,Hancock County,rural,Midwest,West North Central,571.005,11294,6980,5.75,16
2013,19081,IA,Hancock County,rural,Midwest,West North Central,571.005,11179,6893,6,23
2014,19081,IA,Hancock County,rural,Midwest,West North Central,571.005,11133,6845,6,18
2015,19081,IA,Hancock County,rural,Midwest,West North Central,571.005,11037,6781,6,26
2016,19081,IA,Hancock County,rural  ,Midwest,West North Central,571.005,11023,6745,,
1970,19083,IA,Hardin County,rural,Midwest,West North Central,569.311,22250,13118,0,
1971,19083,IA,Hardin County,rural,Midwest,West North Central,569.311,22279,13218,0,
1972,19083,IA,Hardin County,Rural,Midwest,West North Central,569.311,22313,13366,0,
1972,19083,IA,Hardin County,Rural,Midwest,West North Central,569.311,22313,13366,0,
1973,19083,IA,Hardin County,rural,Midwest,West North Central,569.311,22059,13305,0,
1974,19083,IA,Hardin County,rural,Midwest,West North Central,569.311,22260,13593,0,
1975,19083,IA,Hardin County,Rural,Midwest,West North Central,569.311,22162,13654,0,
1976,19083,IA,Hardin County,rural,Midwest,West North Central,569.311,22216,13752,0,
1977,19083,IA,Hardin County,rural,Midwest,West North Central,569.311,22080,13687,501,
1977,19083,,,,,,,,,0,
1978,19083,IA,Hardin County,rural,Midwest,West North Central,569.311,21697,13440,6,
1979,19083,IA,Hardin County,rural,Midwest,West North Central,569.311,22020,13694,6.6,
1980,19083,IA,Hardin County,rural,Midwest,West North Central,569.311,21777,13499,7.2,
1981,19083,IA,Hardin County,rural,Midwest,West North Central,569.311,21660,13357,7.8,
1982,19083,IA,Hardin County,Rural,Midwest,West North Central,569.311,21547,13206,8.4,
1983,19083,IA,Hardin County,rural,Midwest,West North Central,569.311,21322,12994,536,
1983,19083,,,,,,,,,9,
1984,19083,IA,Hardin County,rural,Midwest,West North Central,569.311,21321,12939,8.6,
1985,19083,IA,Hardin County,rural,Midwest,West North Central,569.311,20880,12613,8.2,
1986,19083,IA,Hardin County,rural,Midwest,West North Central,569.311,20273,12178,7.8,
1987,19083,IA,Hardin County,rural,Midwest,West North Central,569.311,19639,11730,7.4,
1988,19083,IA,Hardin County,rural,Midwest,West North Central,569.311,19387,11526,7,
1989,19083,IA,Hardin County,rural,Midwest,West North Central,569.311,19216,11322,6.8,7
1990,19083,IA,Hardin County,rural,Midwest,West North Central,569.311,19099,11188,6.6,8
1991,19083,IA,Hardin County,rural,Midwest,West North Central,569.311,19032,11143,6.4,18
1992,19083,IA,Hardin County,rural,Midwest,West North Central,569.311,18937,11107,6.2,25
1993,19083,IA,Hardin County,rural,Midwest,West North Central,569.311,18822,11011,6,29
1994,19083,IA,Hardin County,rural,Midwest,West North Central,569.311,18941,11175,7,29
1995,19083,IA,Hardin County,rural,Midwest,West North Central,569.311,19103,11355,8,28.5454545455
1996,19083,IA,Hardin County,rural,Midwest,West North Central,569.311,19062,11377,9,28.0909090909
1997,19083,IA,Hardin County,Rural,Midwest,West North Central,569.311,18981,11351,10,27.6363636364
1998,19083,IA,Hardin County,rural,Midwest,West North Central,569.311,18912,11340,11,27.1818181818
1999,19083,IA,Hardin County,rural,Midwest,West North Central,569.311,18784,11306,12,26.7272727273
2000,19083,IA,Hardin County,rural,Midwest,West North Central,569.311,18807,11403,20.83333,26.2727272727
2001,19083,IA,Hardin County,rural,Midwest,West North Central,569.311,18669,11325,29.66667,25.8181818182
2002,19083,IA,Hardin County,rural,Midwest,West North Central,569.311,18476,11239,38.5,25.3636363636
2003,19083,IA,Hardin County,rural,Midwest,West North Central,569.311,18327,11141,47.33333,24.9090909091
2004,19083,IA,Hardin County,rural,Midwest,West North Central,569.311,18164,11090,56.16667,24.4545454545
2004,19083,IA,Hardin County,rural,Midwest,West North Central,569.311,18164,11090,56.16667,24.4545454545
2005,19083,IA,Hardin County,rural,Midwest,West North Central,569.311,17974,10995,65,24
2006,19083,IA,Hardin County,rural,Midwest,West North Central,569.311,17893,10941,84,22
2007,19083,IA,Hardin County,rural,Midwest,West North Central,569.311,17789,10852,85,29
2008,19083,IA,Hardin County,rural,Midwest,West North Central,569.311,17690,10753,80,33
2009,19083,IA,Hardin County,rural,Midwest,West North Central,569.311,17535,10627,96,37
2010,19083,IA,Hardin County,rural,Midwest,West North Central,569.311,17534,10635,92,32
2011,19083,IA,Hardin County,rural,Midwest,West North Central,569.311,17543,10662,86,25
2012,19083,IA,Hardin County,rural  ,Midwest,West North Central,569.311,17372,10675,74,24
2013,19083,IA,Hardin County,rural,Midwest,West North Central,569.311,17358,10690,45,26
2014,19083,IA,Hardin County,rural,Midwest,West North Central,569.311,17377,10732,55,24
2015,19083,IA,Hardin County,rural,Midwest,West North Central,569.311,17327,10782,55,37
2016,19083,IA,Hardin County,rural,Midwest,West North Central,569.311,17252,10814,,
1970,19085,IA,Harrison County,small/mid,Midwest,West North Central,696.84,16307,9144,5,
1971,19085,IA,Harrison County,small/mid,Midwest,West North Central,696.84,16574,9392,4.75,
1972,19085,IA,Harrison County,small/mid,Midwest,West North Central,696.84,17098,9849,4.5,
1973,19085,IA,Harrison County,small/mid,Midwest,West North Central,696.84,16797,9734,4.25,
1974,19085,IA,Harrison County,small/mid,Midwest,West North Central,696.84,16580,9676,4,
1975,19085,IA,Harrison County,small/mid,Midwest,West North Central,696.84,16607,9779,3.75,
1976,19085,IA,Harrison County,Small/mid,Midwest,West North Central,696.84,16714,9914,3.5,
1977,19085,IA,Harrison County,  SMALL/MID ,Midwest,West North Central,696.84,16861,10054,3.25,
1978,19085,IA,Harrison County,small/mid,Midwest,West North Central,696.84,16616,9916,3,
1979,19085,IA,Harrison County,small/mid,Midwest,West North Central,696.84,16639,9935,4,
1980,19085,IA,Harrison County,  SMALL/MID ,Midwest,West North Central,696.84,16326,9715,5,
1980,19085,IA,Harrison County,  SMALL/MID ,Midwest,West North Central,696.84,16326,9715,5,
1981,19085,IA,Harrison County,small/mid,Midwest,West North Central,696.84,16154,9592,6,
1982,19085,IA,Harrison County,small/mid,Midwest,West North Central,696.84,16036,9490,7,
1983,19085,IA,Harrison County,small/mid,Midwest,West North Central,696.84,15804,9334,8,
1984,19085,IA,Harrison County,small/mid,Midwest,West North Central,696.84,15630,9223,7.4,
1985,19085,IA,Harrison County,small/mid,Midwest,West North Central,696.84,15451,9107,6.8,
1986,19085,IA,Harrison County, small/mid,Midwest,West North Central,696.84,15345,9026,6.2,
1987,19085,IA,Harrison County,small/mid,Midwest,West North Central,696.84,15176,8912,5.6,
1988,19085,IA,Harrison County, small/mid,Midwest,West North Central,696.84,15080,8848,5,
1989,19085,IA,Harrison County,small/mid,Midwest,West North Central,696.84,14835,8654,4.2,11
1990,19085,IA,Harrison County,small/mid,Midwest,West North Central,696.84,14734,8583,3.4,12
1991,19085,IA,Harrison County,small/mid,Midwest,West North Central,696.84,14712,8571,2.6,13
1992,19085,IA,Harrison County,small/mid,Midwest,West North Central,696.84,14752,8622,1.8,14
1993,19085,IA,Harrison County,small/mid,Midwest,West North Central,696.84,14895,8777,1,12
1994,19085,IA,Harrison County,Small/mid,Midwest,West North Central,696.84,14993,8916,2.166667,11
1995,19085,IA,Harrison County,small/mid,Midwest,West North Central,696.84,15231,9131,3.333333,11.2727272727
1996,19085,IA,Harrison County,SMALL/MID,Midwest,West North Central,696.84,15400,9266,4.5,11.5454545455
1997,19085,IA,Harrison County,small/mid,Midwest,West North Central,696.84,15498,9374,5.666667,11.8181818182
1998,19085,IA,Harrison County,small/mid,Midwest,West North Central,696.84,15569,9472,585,12.0909090909
1998,19085,,,,,,,,,6.833333,
1999,19085,IA,Harrison County,small/mid,Midwest,West North Central,696.84,15510,9436,8,12.3636363636
2000,19085,IA,Harrison County,small/mid,Midwest,West North Central,696.84,15685,9576,8.666667,12.6363636364
2001,19085,IA,Harrison County,small/mid,Midwest,West North Central,696.84,15592,9571,9.333333,12.9090909091
2002,19085,IA,Harrison County,small/mid,Midwest,West North Central,696.84,15421,9521,10,13.1818181818
2003,19085,IA,Harrison County,small/mid,Midwest,West North Central,696.84,15444,9597,10.66667,13.4545454545
2004,19085,IA,Harrison County,small/mid,Midwest,West North Central,696.84,15412,9622,11.33333,13.7272727273
2005,19085,IA,Harrison County,small/mid,Midwest,West North Central,696.84,15362,9630,12,14
2006,19085,IA,Harrison County, small/mid,Midwest,West North Central,696.84,15346,9643,11.5,12
2007,19085,IA,Harrison County,small/mid,Midwest,West North Central,696.84,15177,9576,11,12
2008,19085,IA,Harrison County,small/mid,Midwest,West North Central,696.84,14946,9401,10.5,13
2009,19085,IA,Harrison County,small/mid,Midwest,West North Central,696.84,14972,9398,10,11
2010,19085,IA,Harrison County,small/mid,Midwest,West North Central,696.84,14937,9380,9.5,17
2011,19085,IA,Harrison County,small/mid,Midwest,West North Central,696.84,14909,9392,9,14
2012,19085,IA,Harrison County,small/mid,Midwest,West North Central,696.84,14764,9401,8.5,7
2013,19085,IA,Harrison County,small/mid,Midwest,West North Central,696.84,14475,9167,8,16
2014,19085,IA,Harrison County,small/mid,Midwest,West North Central,696.84,14357,9043,8,10
2015,19085,IA,Harrison County,small/mid,Midwest,West North Central,696.84,14269,8920,8,15
2016,19085,IA,Harrison County,small/mid,Midwest,West North Central,696.84,14144,8808,,
2016,19085,IA,Harrison County,small/mid,Midwest,West North Central,696.84,14144,8808,,
1970,19087,IA,Henry County,rural,Midwest,West North Central,434.285,18150,10912,2,
1971,19087,IA,Henry County,rural,Midwest,West North Central,434.285,18272,11040,2.375,
1972,19087,IA,Henry County,rural,Midwest,West North Central,434.285,18223,11075,2.75,
1973,19087,IA,Henry County,rural,Midwest,West North Central,434.285,18179,11113,3.125,
1974,19087,IA,Henry County,rural,Midwest,West North Central,434.285,18291,11272,3.5,
1975,19087,IA,Henry County,rural,Midwest,West North Central,434.285,18288,11338,3.875,
1975,19087,IA,Henry County,rural,Midwest,West North Central,434.285,18288,11338,3.875,
1976,19087,IA,Henry County,rural,Midwest,West North Central,434.285,18368,11429,4.25,
1977,19087,IA,Henry County,rural,Midwest,West North Central,434.285,18603,11643,4.625,
1978,19087,IA,Henry County,rural,Midwest,West North Central,434.285,18971,11961,5,
1979,19087,IA,Henry County,rural,Midwest,West North Central,434.285,18915,11930,5.6,
1980,19087,IA,Henry County,rural,Midwest,West North Central,434.285,18891,11894,6.2,
1981,19087,IA,Henry County,rural,Midwest,West North Central,434.285,18803,11836,6.8,
1982,19087,IA,Henry County,rural,Midwest,West North Central,434.285,18690,11745,7.4,
1983,19087,IA,Henry County,Rural,Midwest,West North Central,434.285,18554,11644,8,
1984,19087,IA,Henry County,rural,Midwest,West North Central,434.285,18554,11644,6,
1984,19087,IA,Henry County,rural,Midwest,West North Central,434.285,18554,11644,6,
1985,19087,IA,Henry County,rural,Midwest,West North Central,434.285,18841,11822,4,
1986,19087,IA,Henry County,rural,Midwest,West North Central,434.285,18965,11886,3,
1987,19087,IA,Henry County,rural,Midwest,West North Central,434.285,19061,11942,3,
1988,19087,IA,Henry County,rural,Midwest,West North Central,434.285,19114,11968,8,
1989,19087,IA,Henry County,rural,Midwest,West North Central,434.285,19055,11885,7.8,10
1990,19087,IA,Henry County,rural,Midwest,West North Central,434.285,19296,12047,7.6,11
1990,19087,IA,Henry County,rural,Midwest,West North Central,434.285,19296,12047,7.6,11
1991,19087,IA,Henry County,rural,Midwest,West North Central,434.285,19490,12210,7.4,13
1992,19087,IA,Henry County,rural,Midwest,West North Central,434.285,19641,12433,7.2,15
1993,19087,IA,Henry County,rural,Midwest,West North Central,434.285,19634,12438,7,23
1994,19087,IA,Henry County,rural,Midwest,West North Central,434.285,19841,12668,8,28
1995,19087,IA,Henry County,rural,Midwest,West North Central,434.285,20001,12862,8,28.8181818182
1996,19087,IA,Henry County,Rural,Midwest,West North Central,434.285,20025,12930,8,29.6363636364
1997,19087,IA,Henry County,rural,Midwest,West North Central,434.285,20033,12961,9,30.4545454545
1998,19087,IA,Henry County,rural,Midwest,West North Central,434.285,20285,13201,9,31.2727272727
1999,19087,IA,Henry County,rural,Midwest,West North Central,434.285,20351,13263,9,32.0909090909
2000,19087,IA,Henry County,  RURAL ,Midwest,West North Central,434.285,20341,13285,9,32.9090909091
2001,19087,IA,Henry County,rural,Midwest,West North Central,434.285,20408,13306,9,33.7272727273
2002,19087,IA,Henry County,rural,Midwest,West North Central,434.285,20086,13139,9,34.5454545455
2003,19087,IA,Henry County,rural,Midwest,West North Central,434.285,20225,13346,9,35.3636363636
2004,19087,IA,Henry County,rural,Midwest,West North Central,434.285,20225,13378,9,36.1818181818
2005,19087,IA,Henry County,rural,Midwest,West North Central,434.285,20354,13432,536,37
2005,19087,,,,,,,,,9,
2006,19087,IA,Henry County,rural,Midwest,West North Central,434.285,20326,13389,9.875,38
2007,19087,IA,Henry County,rural,Midwest,West North Central,434.285,20359,13373,10.75,46
2008,19087,IA,Henry County,rural,Midwest,West North Central,434.285,20307,13258,11.625,49
2009,19087,IA,Henry County,rural,Midwest,West North Central,434.285,20202,13115,12.5,41
2010,19087,IA,Henry County,rural,Midwest,West North Central,434.285,20145,13098,13.375,42
2011,19087,IA,Henry County,rural,Midwest,West North Central,434.285,20103,13067,14.25,49
2012,19087,IA,Henry County,Rural,Midwest,West North Central,434.285,20233,13228,15.125,54
2013,19087,IA,Henry County,rural,Midwest,West North Central,434.285,19989,12967,16,54
2013,19087,IA,Henry County,rural,Midwest,West North Central,434.285,19989,12967,16,54
2014,19087,IA,Henry County,rural,Midwest,West North Central,434.285,20020,12899,16,62
2015,19087,IA,Henry County,rural,Midwest,West North Central,434.285,19820,12715,16,51
2016,19087,IA,Henry County,rural,Midwest,West North Central,434.285,19823,12630,,
1970,19089,IA,Howard County, rural,Midwest,West North Central,473.248,11407,6254,1,
1971,19089,IA,Howard County,rural,Midwest,West North Central,473.248,11258,6194,1,
1971,19089,IA,Howard County,rural,Midwest,West North Central,473.248,11258,6194,1,
1972,19089,IA,Howard County,rural,Midwest,West North Central,473.248,11210,6219,1,
1973,19089,IA,Howard County,rural,Midwest,West North Central,473.248,11298,6341,1,
1974,19089,IA,Howard County,rural,Midwest,West North Central,473.248,11321,6414,1,
1975,19089,IA,Howard County,rural,Midwest,West North Central,473.248,11481,6584,1,
1976,19089,IA,Howard County,rural,Midwest,West North Central,473.248,11510,6654,1,
1977,19089,IA,Howard County,rural,Midwest,West North Central,473.248,11457,6642,1,
1978,19089,IA,Howard County,rural,Midwest,West North Central,473.248,11316,6570,1,
1978,19089,IA,Howard County,rural,Midwest,West North Central,473.248,11316,6570,1,
1979,19089,IA,Howard County,rural,Midwest,West North Central,473.248,11144,6464,1,
1980,19089,IA,Howard County,rural,Midwest,West North Central,473.248,11103,6460,1,
1981,19089,IA,Howard County,rural,Midwest,West North Central,473.248,11005,6376,1,
1982,19089,IA,Howard County,rural,Midwest,West North Central,473.248,10907,6283,1,
1983,19089,IA,Howard County,rural,Midwest,West North Central,473.248,10775,6179,1,
1984,19089,IA,Howard County,rural,Midwest,West North Central,473.248,10854,6205,1.6,
1985,19089,IA,Howard County,rural,Midwest,West North Central,473.248,10569,6026,2.2,
1986,19089,IA,Howard County,rural,Midwest,West North Central,473.248,10288,5842,2.8,
1987,19089,IA,Howard County,rural,Midwest,West North Central,473.248,10133,5728,3.4,
1988,19089,IA,Howard County,rural,Midwest,West North Central,473.248,10058,5669,4,
1989,19089,IA,Howard County,rural,Midwest,West North Central,473.248,9911,5533,3.8,
1990,19089,IA,Howard County,rural,Midwest,West North Central,473.248,9811,5451,3.6,0
1991,19089,IA,Howard County,rural,Midwest,West North Central,473.248,9910,5504,3.4,0
1992,19089,IA,Howard County,rural,Midwest,West North Central,473.248,9977,5571,3.2,
1993,19089,IA,Howard County,rural,Midwest,West North Central,473.248,10008,5593,3,
1994,19089,IA,Howard County,rural,Midwest,West North Central,473.248,9944,5595,3.166667,0
1995,19089,IA,Howard County,rural  ,Midwest,West North Central,473.248,9944,5650,3.333333,
1996,19089,IA,Howard County,rural,Midwest,West North Central,473.248,9980,5725,3.5,
1997,19089,IA,Howard County,rural,Midwest,West North Central,473.248,9966,5761,3.666667,
1998,19089,IA,Howard County,rural,Midwest,West North Central,473.248,9999,5820,3.833333,
1999,19089,IA,Howard County,RURAL,Midwest,West North Central,473.248,9950,5816,4,
2000,19089,IA,Howard County,rural,Midwest,West North Central,473.248,9934,5835,4,3.27272727273
2001,19089,IA,Howard County,rural,Midwest,West North Central,473.248,9908,5853,4,3.81818181818
2002,19089,IA,Howard County,rural,Midwest,West North Central,473.248,9860,5881,4,4.36363636364
2003,19089,IA,Howard County,Rural,Midwest,West North Central,473.248,9808,5881,4,4.90909090909
2004,19089,IA,Howard County,rural,Midwest,West North Central,473.248,9792,5906,4,5.45454545455
2005,19089,IA,Howard County,rural,Midwest,West North Central,473.248,9760,5909,4,6
2006,19089,IA,Howard County,rural,Midwest,West North Central,473.248,9664,5858,3.875,5
2007,19089,IA,Howard County,rural,Midwest,West North Central,473.248,9636,5854,3.75,6
2008,19089,IA,Howard County,rural,Midwest,West North Central,473.248,9625,5796,3.625,4
2009,19089,IA,Howard County,rural,Midwest,West North Central,473.248,9568,5734,3.5,
2010,19089,IA,Howard County,rural,Midwest,West North Central,473.248,9566,5737,3.375,
2011,19089,IA,Howard County,rural,Midwest,West North Central,473.248,9570,5738,3.25,
2012,19089,IA,Howard County,rural,Midwest,West North Central,473.248,9543,5721,3.125,
2013,19089,IA,Howard County,rural,Midwest,West North Central,473.248,9546,5700,3,5
2014,19089,IA,Howard County,Rural,Midwest,West North Central,473.248,9436,5604,3,6
2015,19089,IA,Howard County,rural,Midwest,West North Central,473.248,9352,5551,3,10
2015,19089,IA,Howard County,rural,Midwest,West North Central,473.248,9352,5551,3,10
2016,19089,IA,Howard County,rural,Midwest,West North Central,473.248,9315,5536,,
1970,19091,IA,Humboldt County,rural  ,Midwest,West North Central,434.364,12547,7215,5,
1971,19091,IA,Humboldt County,rural,Midwest,West North Central,434.364,12670,7357,4.923077,
1972,19091,IA,Humboldt County,rural,Midwest,West North Central,434.364,12832,7550,4.846154,
1973,19091,IA,Humboldt County,rural,Midwest,West North Central,434.364,12524,7431,4.769231,
1974,19091,IA,Humboldt County,rural  ,Midwest,West North Central,434.364,12399,7423,4.692307,
1975,19091,IA,Humboldt County,rural,Midwest,West North Central,434.364,12356,7453,4.615385,
1976,19091,IA,Humboldt County,rural,Midwest,West North Central,434.364,12553,7653,4.538462,
1976,19091,IA,Humboldt County,rural,Midwest,West North Central,434.364,12553,7653,4.538462,
1977,19091,IA,Humboldt County,rural,Midwest,West North Central,434.364,12621,7760,4.461538,
1978,19091,IA,Humboldt County,rural,Midwest,West North Central,434.364,12390,7645,4.384615,
1979,19091,IA,Humboldt County,rural,Midwest,West North Central,434.364,12306,7624,4.307693,
1980,19091,IA,Humboldt County,Rural,Midwest,West North Central,434.364,12247,7560,4.230769,
1981,19091,IA,Humboldt County,rural,Midwest,West North Central,434.364,12191,7473,4.153846,
1982,19091,IA,Humboldt County,rural,Midwest,West North Central,434.364,11972,7285,4.076923,
1983,19091,IA,Humboldt County, rural,Midwest,West North Central,434.364,11932,7210,4,
1984,19091,IA,Humboldt County,rural,Midwest,West North Central,434.364,11831,7107,3.4,
1984,19091,IA,Humboldt County,rural,Midwest,West North Central,434.364,11831,7107,3.4,
1985,19091,IA,Humboldt County,rural,Midwest,West North Central,434.364,11622,6940,2.8,
1986,19091,IA,Humboldt County,Rural,Midwest,West North Central,434.364,11273,6686,2.2,
1987,19091,IA,Humboldt County,rural,Midwest,West North Central,434.364,10946,6440,1.6,
1988,19091,IA,Humboldt County,  RURAL ,Midwest,West North Central,434.364,10865,6352,1,
1989,19091,IA,Humboldt County,RURAL,Midwest,West North Central,434.364,10763,6221,2.4,
1990,19091,IA,Humboldt County,rural,Midwest,West North Central,434.364,10755,6178,3.8,
1991,19091,IA,Humboldt County,rural,Midwest,West North Central,434.364,10687,6126,5.2,
1992,19091,IA,Humboldt County,rural,Midwest,West North Central,434.364,10586,6094,6.6,6
1993,19091,IA,Humboldt County,rural,Midwest,West North Central,434.364,10517,6082,8,7
1994,19091,IA,Humboldt County,rural,Midwest,West North Central,434.364,10492,6083,8.333333,8
1994,19091,IA,Humboldt County,rural,Midwest,West North Central,434.364,10492,6083,8.333333,8
1995,19091,IA,Humboldt County,rural,Midwest,West North Central,434.364,10457,6074,8.666667,7.90909090909
1996,19091,IA,Humboldt County,rural,Midwest,West North Central,434.364,10475,6114,9,7.81818181818
1997,19091,IA,Humboldt County,rural,Midwest,West North Central,434.364,10473,6161,9.333333,7.72727272727
1998,19091,IA,Humboldt County,rural,Midwest,West North Central,434.364,10462,6206,536,7.63636363636
1998,19091,,,,,,,,,9.666667,
1999,19091,IA,Humboldt County,rural,Midwest,West North Central,434.364,10414,6178,10,7.54545454545
2000,19091,IA,Humboldt County,Rural,Midwest,West North Central,434.364,10377,6170,9.333333,7.45454545455
2001,19091,IA,Humboldt County,rural,Midwest,West North Central,434.364,10335,6185,8.666667,7.36363636364
2002,19091,IA,Humboldt County, rural,Midwest,West North Central,434.364,10176,6131,8,7.27272727273
2002,19091,IA,Humboldt County, rural,Midwest,West North Central,434.364,10176,6131,8,7.27272727273
2003,19091,IA,Humboldt County,rural,Midwest,West North Central,434.364,10154,6123,7.333333,7.18181818182
2004,19091,IA,Humboldt County,  RURAL ,Midwest,West North Central,434.364,10121,6116,6.666667,7.09090909091
2005,19091,IA,Humboldt County,rural,Midwest,West North Central,434.364,10033,6080,6,7
2006,19091,IA,Humboldt County,rural,Midwest,West North Central,434.364,10038,6047,5.75,11
2007,19091,IA,Humboldt County,rural,Midwest,West North Central,434.364,9935,5990,5.5,15
2008,19091,IA,Humboldt County,rural,Midwest,West North Central,434.364,9911,5940,5.25,14
2009,19091,IA,Humboldt County,rural,Midwest,West North Central,434.364,9843,5915,5,12
2010,19091,IA,Humboldt County,rural,Midwest,West North Central,434.364,9814,5917,4.75,10
2011,19091,IA,Humboldt County,rural,Midwest,West North Central,434.364,9792,5910,4.5,13
2012,19091,IA,Humboldt County,rural,Midwest,West North Central,434.364,9779,5944,4.25,12
2013,19091,IA,Humboldt County,rural,Midwest,West North Central,434.364,9719,5889,4,17
2014,19091,IA,Humboldt County,  RURAL ,Midwest,West North Central,434.364,9666,5846,4,13
2015,19091,IA,Humboldt County,rural,Midwest,West North Central,434.364,9624,5830,4,15
2016,19091,IA,Humboldt County,rural,Midwest,West North Central,434.364,9544,5775,,
2016,19091,IA,Humboldt County,rural,Midwest,West North Central,434.364,9544,5775,,
1970,19093,IA,Ida County,rural,Midwest,West North Central,431.508,9270,5306,0,
1971,19093,IA,Ida County,rural  ,Midwest,West North Central,431.508,9193,5281,0,
1972,19093,IA,Ida County,rural,Midwest,West North Central,431.508,9279,5387,0,
1973,19093,IA,Ida County,rural,Midwest,West North Central,431.508,9350,5486,0,
1974,19093,IA,Ida County,rural,Midwest,West North Central,431.508,9207,5435,501,
1974,19093,,,,,,,,,0,
1975,19093,IA,Ida County,rural,Midwest,West North Central,431.508,9122,5428,0,
1976,19093,IA,Ida County,rural,Midwest,West North Central,431.508,9090,5432,0,
1976,19093,IA,Ida County,rural,Midwest,West North Central,431.508,9090,5432,0,
1977,19093,IA,Ida County,rural,Midwest,West North Central,431.508,9061,5424,0,
1978,19093,IA,Ida County,rural,Midwest,West North Central,431.508,9031,5420,0,
1979,19093,IA,Ida County,rural,Midwest,West North Central,431.508,9055,5445,0,
1980,19093,IA,Ida County,  RURAL ,Midwest,West North Central,431.508,8914,5327,0,
1981,19093,IA,Ida County,rural,Midwest,West North Central,431.508,8894,5279,0,
1981,19093,IA,Ida County,rural,Midwest,West North Central,431.508,8894,5279,0,
1982,19093,IA,Ida County,rural,Midwest,West North Central,431.508,8744,5160,0,
1983,19093,IA,Ida County,rural,Midwest,West North Central,431.508,8800,5155,0,
1984,19093,IA,Ida County,rural,Midwest,West North Central,431.508,8798,5127,0,
1985,19093,IA,Ida County,Rural,Midwest,West North Central,431.508,8750,5075,0,
1986,19093,IA,Ida County,rural,Midwest,West North Central,431.508,8595,4953,0,
1987,19093,IA,Ida County,rural,Midwest,West North Central,431.508,8381,4799,0,
1988,19093,IA,Ida County,rural,Midwest,West North Central,431.508,8344,4750,1,
1989,19093,IA,Ida County,rural,Midwest,West North Central,431.508,8393,4728,1.6,
1990,19093,IA,Ida County,rural,Midwest,West North Central,431.508,8341,4672,2.2,
1991,19093,IA,Ida County,rural,Midwest,West North Central,431.508,8286,4653,2.8,4
1992,19093,IA,Ida County,rural,Midwest,West North Central,431.508,8290,4674,3.4,7
1993,19093,IA,Ida County,rural,Midwest,West North Central,431.508,8321,4725,4,10
1994,19093,IA,Ida County,rural,Midwest,West North Central,431.508,8333,4759,4,11
1995,19093,IA,Ida County,rural,Midwest,West North Central,431.508,8206,4709,4,10.7272727273
1996,19093,IA,Ida County,rural,Midwest,West North Central,431.508,8092,4658,4,10.4545454545
1997,19093,IA,Ida County,rural,Midwest,West North Central,431.508,8024,4628,4,10.1818181818
1998,19093,IA,Ida County,rural,Midwest,West North Central,431.508,7928,4580,4,9.90909090909
1999,19093,IA,Ida County, rural,Midwest,West North Central,431.508,7914,4602,4,9.63636363636
2000,19093,IA,Ida County,rural,Midwest,West North Central,431.508,7804,4531,4.5,9.36363636364
2001,19093,IA,Ida County,rural,Midwest,West North Central,431.508,7704,4472,5,9.09090909091
2002,19093,IA,Ida County,rural,Midwest,West North Central,431.508,7636,4462,5.5,8.81818181818
2003,19093,IA,Ida County,rural,Midwest,West North Central,431.508,7571,4445,6,8.54545454545
2004,19093,IA,Ida County,rural,Midwest,West North Central,431.508,7457,4414,6.5,8.27272727273
2005,19093,IA,Ida County,rural,Midwest,West North Central,431.508,7369,4447,7,8
2005,19093,IA,Ida County,rural,Midwest,West North Central,431.508,7369,4447,7,8
2006,19093,IA,Ida County,  RURAL ,Midwest,West North Central,431.508,7247,4383,7,8
2006,19093,IA,Ida County,  RURAL ,Midwest,West North Central,431.508,7247,4383,7,8
2007,19093,IA,Ida County,rural,Midwest,West North Central,431.508,7228,4358,7,11
2008,19093,IA,Ida County,RURAL,Midwest,West North Central,431.508,7215,4316,7,15
2009,19093,IA,Ida County,rural,Midwest,West North Central,431.508,7090,4246,7,18
2010,19093,IA,Ida County,rural,Midwest,West North Central,431.508,7089,4225,7,14
2011,19093,IA,Ida County,rural,Midwest,West North Central,431.508,7067,4205,7,7
2012,19093,IA,Ida County,rural,Midwest,West North Central,431.508,7044,4198,7,15
2013,19093,IA,Ida County,rural,Midwest,West North Central,431.508,7043,4206,7,16
2013,19093,IA,Ida County,rural,Midwest,West North Central,431.508,7043,4206,7,16
2014,19093,IA,Ida County,rural,Midwest,West North Central,431.508,7073,4204,7,16
2014,19093,IA,Ida County,rural,Midwest,West North Central,431.508,7073,4204,7,16
2015,19093,IA,Ida County,rural  ,Midwest,West North Central,431.508,6970,4120,508,16
2015,19093,,,,,,,,,7,
2016,19093,IA,Ida County,rural,Midwest,West North Central,431.508,6962,4077,,
1970,19095,IA,Iowa County,rural,Midwest,West North Central,586.457,15420,8886,2,
1971,19095,IA,Iowa County,rural,Midwest,West North Central,586.457,15403,8944,1.875,
1972,19095,IA,Iowa County,rural,Midwest,West North Central,586.457,15479,9090,1.75,
1973,19095,IA,Iowa County,rural,Midwest,West North Central,586.457,15867,9459,1.625,
1974,19095,IA,Iowa County,rural  ,Midwest,West North Central,586.457,15776,9474,1.5,
1975,19095,IA,Iowa County,rural,Midwest,West North Central,586.457,15850,9601,1.375,
1976,19095,IA,Iowa County,rural,Midwest,West North Central,586.457,15848,9711,1.25,
1977,19095,IA,Iowa County,rural,Midwest,West North Central,586.457,15893,9792,1.125,
1978,19095,IA,Iowa County,rural,Midwest,West North Central,586.457,15760,9752,1,
1979,19095,IA,Iowa County,rural,Midwest,West North Central,586.457,15725,9782,1.6,
1980,19095,IA,Iowa County,rural,Midwest,West North Central,586.457,15437,9569,2.2,
1981,19095,IA,Iowa County,rural,Midwest,West North Central,586.457,15412,9512,2.8,
1982,19095,IA,Iowa County,rural,Midwest,West North Central,586.457,15153,9306,3.4,
1983,19095,IA,Iowa County,rural,Midwest,West North Central,586.457,15102,9234,4,
1984,19095,IA,Iowa County,rural,Midwest,West North Central,586.457,15115,9213,4.4,
1985,19095,IA,Iowa County,rural,Midwest,West North Central,586.457,15077,9158,4.8,
1986,19095,IA,Iowa County,rural,Midwest,West North Central,586.457,14922,9026,5.2,
1987,19095,IA,Iowa County,rural,Midwest,West North Central,586.457,14698,8854,5.6,
1988,19095,IA,Iowa County,rural,Midwest,West North Central,586.457,14706,8826,6,
1989,19095,IA,Iowa County,rural,Midwest,West North Central,586.457,14653,8728,5.8,6
1990,19095,IA,Iowa County,rural,Midwest,West North Central,586.457,14618,8666,5.6,7
1991,19095,IA,Iowa County,rural,Midwest,West North Central,586.457,14744,8746,5.4,11
1992,19095,IA,Iowa County,rural,Midwest,West North Central,586.457,14750,8777,5.2,13
1993,19095,IA,Iowa County,rural,Midwest,West North Central,586.457,14857,8880,5,10
1994,19095,IA,Iowa County,rural,Midwest,West North Central,586.457,14927,8961,5.833333,14
1995,19095,IA,Iowa County,rural,Midwest,West North Central,586.457,15136,9167,6.666667,14.2727272727
1996,19095,IA,Iowa County, rural,Midwest,West North Central,586.457,15332,9309,7.5,14.5454545455
1997,19095,IA,Iowa County,rural,Midwest,West North Central,586.457,15423,9402,8.333333,14.8181818182
1998,19095,IA,Iowa County,rural,Midwest,West North Central,586.457,15463,9423,9.166667,15.0909090909
1998,19095,IA,Iowa County,rural,Midwest,West North Central,586.457,15463,9423,9.166667,15.0909090909
1999,19095,IA,Iowa County,rural,Midwest,West North Central,586.457,15570,9492,10,15.3636363636
2000,19095,IA,Iowa County,rural,Midwest,West North Central,586.457,15729,9607,10.33333,15.6363636364
2001,19095,IA,Iowa County,rural,Midwest,West North Central,586.457,15868,9710,10.66667,15.9090909091
2002,19095,IA,Iowa County,rural,Midwest,West North Central,586.457,15911,9772,11,16.1818181818
2002,19095,IA,Iowa County,rural,Midwest,West North Central,586.457,15911,9772,11,16.1818181818
2003,19095,IA,Iowa County,RURAL,Midwest,West North Central,586.457,16062,9900,11.33333,16.4545454545
2004,19095,IA,Iowa County,rural,Midwest,West North Central,586.457,16108,9981,11.66667,16.7272727273
2005,19095,IA,Iowa County,Rural,Midwest,West North Central,586.457,16297,10179,12,17
2005,19095,IA,Iowa County,Rural,Midwest,West North Central,586.457,16297,10179,12,17
2006,19095,IA,Iowa County,rural  ,Midwest,West North Central,586.457,16391,10250,13.25,15
2007,19095,IA,Iowa County,rural,Midwest,West North Central,586.457,16308,10218,14.5,18
2008,19095,IA,Iowa County,rural,Midwest,West North Central,586.457,16337,10274,15.75,19
2009,19095,IA,Iowa County,rural,Midwest,West North Central,586.457,16406,10353,17,17
2010,19095,IA,Iowa County,rural,Midwest,West North Central,586.457,16355,10330,18.25,18
2011,19095,IA,Iowa County,  RURAL ,Midwest,West North Central,586.457,16335,10324,19.5,24
2012,19095,IA,Iowa County,rural,Midwest,West North Central,586.457,16319,10379,20.75,18
2013,19095,IA,Iowa County,rural,Midwest,West North Central,586.457,16177,10242,22,14
2014,19095,IA,Iowa County,rural,Midwest,West North Central,586.457,16279,10280,22,14
2015,19095,IA,Iowa County,rural,Midwest,West North Central,586.457,16312,10276,22,13
2015,19095,IA,Iowa County,rural,Midwest,West North Central,586.457,16312,10276,22,13
2016,19095,IA,Iowa County,rural,Midwest,West North Central,586.457,16275,10192,,
1970,19097,IA,Jackson County,rural,Midwest,West North Central,636.039,20944,11479,0,
1971,19097,IA,Jackson County,rural,Midwest,West North Central,636.039,21344,11836,0,
1972,19097,IA,Jackson County,rural,Midwest,West North Central,636.039,21169,11863,0,
1973,19097,IA,Jackson County,rural,Midwest,West North Central,636.039,21184,12022,0,
1974,19097,IA,Jackson County,rural,Midwest,West North Central,636.039,21311,12237,0,
1975,19097,IA,Jackson County,rural,Midwest,West North Central,636.039,21599,12554,0,
1976,19097,IA,Jackson County, rural,Midwest,West North Central,636.039,21892,12871,0,
1977,19097,IA,Jackson County,rural,Midwest,West North Central,636.039,22137,13127,0,
1978,19097,IA,Jackson County,rural,Midwest,West North Central,636.039,22313,13336,3,
1979,19097,IA,Jackson County,rural,Midwest,West North Central,636.039,22414,13514,3.4,
1980,19097,IA,Jackson County,rural,Midwest,West North Central,636.039,22487,13612,3.8,
1981,19097,IA,Jackson County,rural,Midwest,West North Central,636.039,22297,13486,4.2,
1982,19097,IA,Jackson County,rural,Midwest,West North Central,636.039,22075,13333,4.6,
1983,19097,IA,Jackson County,rural,Midwest,West North Central,636.039,21987,13271,5,
1984,19097,IA,Jackson County,rural,Midwest,West North Central,636.039,21858,13206,4.8,
1984,19097,IA,Jackson County,rural,Midwest,West North Central,636.039,21858,13206,4.8,
1985,19097,IA,Jackson County,rural,Midwest,West North Central,636.039,21569,13042,4.6,
1986,19097,IA,Jackson County,rural,Midwest,West North Central,636.039,21116,12771,4.4,
1987,19097,IA,Jackson County,rural  ,Midwest,West North Central,636.039,20804,12579,4.2,
1988,19097,IA,Jackson County,rural,Midwest,West North Central,636.039,20585,12449,4,
1989,19097,IA,Jackson County,rural,Midwest,West North Central,636.039,20183,12150,4.4,14
1990,19097,IA,Jackson County,rural,Midwest,West North Central,636.039,19909,11973,4.8,20
1991,19097,IA,Jackson County,rural,Midwest,West North Central,636.039,19912,11996,5.2,27
1992,19097,IA,Jackson County,rural,Midwest,West North Central,636.039,20106,12187,5.6,26
1993,19097,IA,Jackson County,rural,Midwest,West North Central,636.039,20165,12238,6,22
1994,19097,IA,Jackson County,RURAL,Midwest,West North Central,636.039,20262,12365,5,25
1995,19097,IA,Jackson County,Rural,Midwest,West North Central,636.039,20196,12376,5,24.8181818182
1996,19097,IA,Jackson County,rural,Midwest,West North Central,636.039,20199,12423,7,24.6363636364
1997,19097,IA,Jackson County,rural,Midwest,West North Central,636.039,20155,12421,7,24.4545454545
1998,19097,IA,Jackson County, rural,Midwest,West North Central,636.039,20225,12481,9,24.2727272727
1999,19097,IA,Jackson County,rural,Midwest,West North Central,636.039,20217,12466,6,24.0909090909
2000,19097,IA,Jackson County,rural,Midwest,West North Central,636.039,20297,12546,6.5,23.9090909091
2001,19097,IA,Jackson County,rural,Midwest,West North Central,636.039,20267,12539,7,23.7272727273
2001,19097,IA,Jackson County,rural,Midwest,West North Central,636.039,20267,12539,7,23.7272727273
2002,19097,IA,Jackson County,rural,Midwest,West North Central,636.039,20142,12504,7.5,23.5454545455
2003,19097,IA,Jackson County,rural,Midwest,West North Central,636.039,20148,12556,8,23.3636363636
2004,19097,IA,Jackson County,rural,Midwest,West North Central,636.039,20146,12570,8.5,23.1818181818
2005,19097,IA,Jackson County,rural,Midwest,West North Central,636.039,20124,12606,536,23
2005,19097,,,,,,,,,9,
2006,19097,IA,Jackson County,rural,Midwest,West North Central,636.039,20092,12604,8.875,20
2007,19097,IA,Jackson County,RURAL,Midwest,West North Central,636.039,20015,12580,8.75,18
2008,19097,IA,Jackson County,rural,Midwest,West North Central,636.039,19919,12479,8.625,25
2009,19097,IA,Jackson County,rural,Midwest,West North Central,636.039,19841,12400,8.5,31
2010,19097,IA,Jackson County,rural,Midwest,West North Central,636.039,19848,12424,8.375,37
2011,19097,IA,Jackson County,rural,Midwest,West North Central,636.039,19823,12423,8.25,33
2012,19097,IA,Jackson County,  RURAL ,Midwest,West North Central,636.039,19725,12398,8.125,28
2013,19097,IA,Jackson County,RURAL,Midwest,West North Central,636.039,19677,12308,8,29
2014,19097,IA,Jackson County,rural,Midwest,West North Central,636.039,19510,12176,8,30
2015,19097,IA,Jackson County, rural,Midwest,West North Central,636.039,19422,12083,8,35
2016,19097,IA,Jackson County,RURAL,Midwest,West North Central,636.039,19357,12040,,
1970,19099,IA,Jasper County, rural,Midwest,West North Central,730.418,35474,21150,6,
1971,19099,IA,Jasper County,rural  ,Midwest,West North Central,730.418,35713,21421,5.875,
1972,19099,IA,Jasper County,rural,Midwest,West North Central,730.418,35531,21476,5.75,
1973,19099,IA,Jasper County, rural,Midwest,West North Central,730.418,36550,22372,5.625,
1974,19099,IA,Jasper County,rural,Midwest,West North Central,730.418,36468,22507,5.5,
1975,19099,IA,Jasper County,rural,Midwest,West North Central,730.418,36609,22794,5.375,
1976,19099,IA,Jasper County,rural,Midwest,West North Central,730.418,36717,23014,5.25,
1977,19099,IA,Jasper County,rural,Midwest,West North Central,730.418,36706,23102,5.125,
1978,19099,IA,Jasper County,Rural,Midwest,West North Central,730.418,36690,23203,5,
1979,19099,IA,Jasper County,rural,Midwest,West North Central,730.418,36788,23409,5.2,
1980,19099,IA,Jasper County,RURAL,Midwest,West North Central,730.418,36386,23150,5.4,
1981,19099,IA,Jasper County,rural,Midwest,West North Central,730.418,36050,22913,5.6,
1982,19099,IA,Jasper County,RURAL,Midwest,West North Central,730.418,35707,22649,5.8,
1983,19099,IA,Jasper County,rural,Midwest,West North Central,730.418,35243,22320,6,
1983,19099,IA,Jasper County,rural,Midwest,West North Central,730.418,35243,22320,6,
1984,19099,IA,Jasper County,rural,Midwest,West North Central,730.418,35027,22183,6.4,
1985,19099,IA,Jasper County,rural,Midwest,West North Central,730.418,34716,21979,6.8,
1986,19099,IA,Jasper County,Rural,Midwest,West North Central,730.418,34637,21907,7.2,
1987,19099,IA,Jasper County,rural,Midwest,West North Central,730.418,34567,21857,7.6,
1987,19099,IA,Jasper County,rural,Midwest,West North Central,730.418,34567,21857,7.6,
1988,19099,IA,Jasper County,rural,Midwest,West North Central,730.418,34743,21953,8,
1989,19099,IA,Jasper County,rural,Midwest,West North Central,730.418,34755,21859,10.4,22
1990,19099,IA,Jasper County,rural,Midwest,West North Central,730.418,34829,21856,12.8,25
1991,19099,IA,Jasper County,rural,Midwest,West North Central,730.418,34791,21721,15.2,34
1992,19099,IA,Jasper County,rural,Midwest,West North Central,730.418,34925,21847,17.6,39
1993,19099,IA,Jasper County,rural,Midwest,West North Central,730.418,35136,21974,20,40
1994,19099,IA,Jasper County,rural,Midwest,West North Central,730.418,35343,22144,21.83333,34
1995,19099,IA,Jasper County,rural,Midwest,West North Central,730.418,35407,22234,23.66667,38.9090909091
1996,19099,IA,Jasper County,rural,Midwest,West North Central,730.418,35715,22453,25.5,43.8181818182
1997,19099,IA,Jasper County,rural,Midwest,West North Central,730.418,36087,22743,27.33333,48.7272727273
1998,19099,IA,Jasper County,rural,Midwest,West North Central,730.418,36898,23528,29.16667,53.6363636364
1999,19099,IA,Jasper County,  RURAL ,Midwest,West North Central,730.418,37096,23657,31,58.5454545455
2000,19099,IA,Jasper County,rural,Midwest,West North Central,730.418,37252,23759,30.16667,63.4545454545
2001,19099,IA,Jasper County, rural,Midwest,West North Central,730.418,37377,23808,29.33333,68.3636363636
2002,19099,IA,Jasper County,rural,Midwest,West North Central,730.418,37552,23935,28.5,73.2727272727
2003,19099,IA,Jasper County,rural,Midwest,West North Central,730.418,37703,24113,27.66667,78.1818181818
2004,19099,IA,Jasper County,rural,Midwest,West North Central,730.418,37645,24105,26.83333,83.0909090909
2005,19099,IA,Jasper County,rural,Midwest,West North Central,730.418,37482,24052,26,88
2006,19099,IA,Jasper County,rural,Midwest,West North Central,730.418,37288,23986,26.375,63
2007,19099,IA,Jasper County,rural,Midwest,West North Central,730.418,37167,23958,26.75,62
2008,19099,IA,Jasper County,rural,Midwest,West North Central,730.418,37103,23947,27.125,75
2009,19099,IA,Jasper County,rural,Midwest,West North Central,730.418,36879,23764,27.5,64
2010,19099,IA,Jasper County,rural,Midwest,West North Central,730.418,36842,23827,27.875,81
2011,19099,IA,Jasper County,RURAL,Midwest,West North Central,730.418,36813,23805,529,86
2011,19099,,,,,,,,,28.25,
2012,19099,IA,Jasper County,rural,Midwest,West North Central,730.418,36613,23689,28.625,81
2013,19099,IA,Jasper County,rural,Midwest,West North Central,730.418,36524,23376,29,80
2014,19099,IA,Jasper County,rural,Midwest,West North Central,730.418,36718,23403,29,96
2015,19099,IA,Jasper County,rural,Midwest,West North Central,730.418,36870,23236,29,106
2016,19099,IA,Jasper County,rural,Midwest,West North Central,730.418,36729,23133,,
1970,19101,IA,Jefferson County,rural,Midwest,West North Central,435.523,15870,9632,4,
1971,19101,IA,Jefferson County,rural,Midwest,West North Central,435.523,16247,9920,3.846154,
1972,19101,IA,Jefferson County,rural,Midwest,West North Central,435.523,16229,9963,3.692308,
1972,19101,IA,Jefferson County,rural,Midwest,West North Central,435.523,16229,9963,3.692308,
1973,19101,IA,Jefferson County,rural,Midwest,West North Central,435.523,15911,9801,3.538461,
1974,19101,IA,Jefferson County,rural,Midwest,West North Central,435.523,14649,8933,3.384615,
1975,19101,IA,Jefferson County,  RURAL ,Midwest,West North Central,435.523,15324,9447,3.230769,
1976,19101,IA,Jefferson County,rural,Midwest,West North Central,435.523,15702,9825,3.076923,
1977,19101,IA,Jefferson County,RURAL,Midwest,West North Central,435.523,15940,10076,2.923077,
1978,19101,IA,Jefferson County,rural,Midwest,West North Central,435.523,16159,10343,2.769231,
1979,19101,IA,Jefferson County, rural,Midwest,West North Central,435.523,16259,10480,2.615385,
1980,19101,IA,Jefferson County,rural,Midwest,West North Central,435.523,16279,10548,2.461539,
1981,19101,IA,Jefferson County,rural,Midwest,West North Central,435.523,16091,10434,2.307692,
1982,19101,IA,Jefferson County,rural,Midwest,West North Central,435.523,16314,10566,2.153846,
1983,19101,IA,Jefferson County,rural,Midwest,West North Central,435.523,16141,10445,2,
1984,19101,IA,Jefferson County,rural,Midwest,West North Central,435.523,16380,10608,2.6,
1984,19101,IA,Jefferson County,rural,Midwest,West North Central,435.523,16380,10608,2.6,
1985,19101,IA,Jefferson County,rural,Midwest,West North Central,435.523,16329,10570,3.2,
1986,19101,IA,Jefferson County,rural,Midwest,West North Central,435.523,16272,10528,3.8,
1987,19101,IA,Jefferson County,rural,Midwest,West North Central,435.523,16300,10544,4.4,
1988,19101,IA,Jefferson County,  RURAL ,Midwest,West North Central,435.523,16343,10575,5,
1989,19101,IA,Jefferson County,rural,Midwest,West North Central,435.523,16378,10569,5.6,12
1990,19101,IA,Jefferson County,rural,Midwest,West North Central,435.523,16313,10519,6.2,10
1991,19101,IA,Jefferson County,rural,Midwest,West North Central,435.523,16316,10492,6.8,12
1992,19101,IA,Jefferson County,rural,Midwest,West North Central,435.523,16364,10581,7.4,10
1992,19101,IA,Jefferson County,rural,Midwest,West North Central,435.523,16364,10581,7.4,10
1993,19101,IA,Jefferson County,rural,Midwest,West North Central,435.523,16559,10749,8,13
1994,19101,IA,Jefferson County,rural,Midwest,West North Central,435.523,16563,10813,8.333333,15
1995,19101,IA,Jefferson County,rural,Midwest,West North Central,435.523,16468,10786,8.666667,16
1996,19101,IA,Jefferson County,rural,Midwest,West North Central,435.523,16517,10858,9,17
1997,19101,IA,Jefferson County,rural,Midwest,West North Central,435.523,16628,11009,9.333333,18
1998,19101,IA,Jefferson County,rural,Midwest,West North Central,435.523,16553,11010,9.666667,19
1999,19101,IA,Jefferson County,rural,Midwest,West North Central,435.523,16282,10842,10,20
2000,19101,IA,Jefferson County,rural,Midwest,West North Central,435.523,16189,10827,12,21
2000,19101,IA,Jefferson County,rural,Midwest,West North Central,435.523,16189,10827,12,21
2001,19101,IA,Jefferson County,rural,Midwest,West North Central,435.523,16207,10950,14,22
2002,19101,IA,Jefferson County,rural,Midwest,West North Central,435.523,16131,10974,16,23
2003,19101,IA,Jefferson County,rural,Midwest,West North Central,435.523,16194,11145,18,24
2004,19101,IA,Jefferson County,rural,Midwest,West North Central,435.523,16298,11317,20,25
2005,19101,IA,Jefferson County,rural,Midwest,West North Central,435.523,16315,11396,22,26
2006,19101,IA,Jefferson County,rural,Midwest,West North Central,435.523,16401,11485,20.875,15
2006,19101,IA,Jefferson County,rural,Midwest,West North Central,435.523,16401,11485,20.875,15
2007,19101,IA,Jefferson County,rural,Midwest,West North Central,435.523,16600,11703,19.75,17
2008,19101,IA,Jefferson County,rural,Midwest,West North Central,435.523,16607,11739,18.625,22
2009,19101,IA,Jefferson County,rural,Midwest,West North Central,435.523,16782,11842,17.5,23
2009,19101,IA,Jefferson County,rural,Midwest,West North Central,435.523,16782,11842,17.5,23
2010,19101,IA,Jefferson County,rural,Midwest,West North Central,435.523,16840,11879,16.375,32
2011,19101,IA,Jefferson County,rural,Midwest,West North Central,435.523,16829,11861,15.25,25
2012,19101,IA,Jefferson County,rural,Midwest,West North Central,435.523,17014,11963,14.125,29
2013,19101,IA,Jefferson County,rural  ,Midwest,West North Central,435.523,17215,11985,13,29
2014,19101,IA,Jefferson County,rural,Midwest,West North Central,435.523,17509,12085,13,30
2015,19101,IA,Jefferson County,rural,Midwest,West North Central,435.523,17693,12106,13,36
2016,19101,IA,Jefferson County,rural,Midwest,West North Central,435.523,17927,12099,,
1970,19103,IA,Johnson County,small/mid,Midwest,West North Central,614.048,72405,49583,20,
1971,19103,IA,Johnson County,small/mid,Midwest,West North Central,614.048,73558,50772,19.625,
1972,19103,IA,Johnson County,small/mid,Midwest,West North Central,614.048,73148,51010,19.25,
1973,19103,IA,Johnson County,small/mid,Midwest,West North Central,614.048,74907,52753,18.875,
1974,19103,IA,Johnson County,small/mid,Midwest,West North Central,614.048,76083,54184,18.5,
1975,19103,IA,Johnson County,small/mid,Midwest,West North Central,614.048,76501,55059,18.125,
1976,19103,IA,Johnson County,SMALL/MID,Midwest,West North Central,614.048,79077,57631,17.75,
1977,19103,IA,Johnson County,small/mid,Midwest,West North Central,614.048,79183,58118,17.375,
1977,19103,IA,Johnson County,small/mid,Midwest,West North Central,614.048,79183,58118,17.375,
1978,19103,IA,Johnson County,small/mid,Midwest,West North Central,614.048,79499,58790,17,
1978,19103,IA,Johnson County,small/mid,Midwest,West North Central,614.048,79499,58790,17,
1979,19103,IA,Johnson County,small/mid,Midwest,West North Central,614.048,81405,60643,20.2,
1980,19103,IA,Johnson County,small/mid,Midwest,West North Central,614.048,82191,61518,23.4,
1981,19103,IA,Johnson County,small/mid,Midwest,West North Central,614.048,83691,62789,26.6,
1982,19103,IA,Johnson County,small/mid,Midwest,West North Central,614.048,84635,63549,29.8,
1983,19103,IA,Johnson County,small/mid,Midwest,West North Central,614.048,86011,64644,33,
1984,19103,IA,Johnson County,small/mid,Midwest,West North Central,614.048,87325,65725,35.6,
1985,19103,IA,Johnson County,small/mid,Midwest,West North Central,614.048,88539,66696,38.2,
1986,19103,IA,Johnson County,small/mid,Midwest,West North Central,614.048,89401,67377,40.8,
1987,19103,IA,Johnson County,small/mid,Midwest,West North Central,614.048,90497,68207,43.4,
1988,19103,IA,Johnson County,small/mid,Midwest,West North Central,614.048,92565,69769,46,
1989,19103,IA,Johnson County, small/mid,Midwest,West North Central,614.048,94371,70933,50,85
1989,19103,IA,Johnson County, small/mid,Midwest,West North Central,614.048,94371,70933,50,85
1990,19103,IA,Johnson County,small/mid,Midwest,West North Central,614.048,96595,72623,54,116
1991,19103,IA,Johnson County,small/mid,Midwest,West North Central,614.048,97484,73222,58,141
1991,19103,IA,Johnson County,small/mid,Midwest,West North Central,614.048,97484,73222,58,141
1992,19103,IA,Johnson County,small/mid,Midwest,West North Central,614.048,99364,74843,62,152
1993,19103,IA,Johnson County,small/mid,Midwest,West North Central,614.048,100939,75985,66,160
1994,19103,IA,Johnson County,small/mid,Midwest,West North Central,614.048,103045,77742,70,193
1994,19103,IA,Johnson County,small/mid,Midwest,West North Central,614.048,103045,77742,70,193
1995,19103,IA,Johnson County,small/mid,Midwest,West North Central,614.048,104488,79079,74,194.363636364
1995,19103,IA,Johnson County,small/mid,Midwest,West North Central,614.048,104488,79079,74,194.363636364
1996,19103,IA,Johnson County,small/mid,Midwest,West North Central,614.048,105355,79769,78,195.727272727
1997,19103,IA,Johnson County, small/mid,Midwest,West North Central,614.048,106538,80676,82,197.090909091
1998,19103,IA,Johnson County,small/mid,Midwest,West North Central,614.048,107819,81648,86,198.454545455
1999,19103,IA,Johnson County,small/mid,Midwest,West North Central,614.048,109814,83135,90,199.818181818
2000,19103,IA,Johnson County,small/mid,Midwest,West North Central,614.048,111455,84422,89.83334,201.181818182
2001,19103,IA,Johnson County,  SMALL/MID ,Midwest,West North Central,614.048,113546,86198,89.66666,202.545454545
2002,19103,IA,Johnson County,small/mid,Midwest,West North Central,614.048,114948,87460,89.5,203.909090909
2003,19103,IA,Johnson County,small/mid,Midwest,West North Central,614.048,116673,88658,89.33334,205.272727273
2004,19103,IA,Johnson County,small/mid,Midwest,West North Central,614.048,118891,90189,89.16666,206.636363636
2005,19103,IA,Johnson County,small/mid,Midwest,West North Central,614.048,120300,91319,89,208
2006,19103,IA,Johnson County,small/mid,Midwest,West North Central,614.048,122226,92542,89,226
2007,19103,IA,Johnson County,small/mid,Midwest,West North Central,614.048,124541,93825,89,233
2008,19103,IA,Johnson County,small/mid,Midwest,West North Central,614.048,127113,95419,89,223
2009,19103,IA,Johnson County,Small/mid,Midwest,West North Central,614.048,129864,96966,89,226
2010,19103,IA,Johnson County,small/mid,Midwest,West North Central,614.048,130882,97597,89,264
2011,19103,IA,Johnson County,small/mid,Midwest,West North Central,614.048,131293,97792,89,255
2012,19103,IA,Johnson County,small/mid,Midwest,West North Central,614.048,133674,99224,89,235
2013,19103,IA,Johnson County,small/mid,Midwest,West North Central,614.048,136783,100834,89,195
2014,19103,IA,Johnson County,small/mid,Midwest,West North Central,614.048,139653,102323,89,214
2015,19103,IA,Johnson County,small/mid,Midwest,West North Central,614.048,142100,103370,89,211
2016,19103,IA,Johnson County,  SMALL/MID ,Midwest,West North Central,614.048,144527,104692,,
1970,19105,IA,Jones County,small/mid,Midwest,West North Central,575.59,19852,11664,1,
1971,19105,IA,Jones County,small/mid,Midwest,West North Central,575.59,19793,11721,1.375,
1972,19105,IA,Jones County,small/mid,Midwest,West North Central,575.59,19819,11858,1.75,
1973,19105,IA,Jones County, small/mid,Midwest,West North Central,575.59,19623,11858,2.125,
1974,19105,IA,Jones County,small/mid,Midwest,West North Central,575.59,19452,11854,2.5,
1975,19105,IA,Jones County,small/mid  ,Midwest,West North Central,575.59,19928,12300,2.875,
1976,19105,IA,Jones County,small/mid,Midwest,West North Central,575.59,20242,12622,3.25,
1977,19105,IA,Jones County,small/mid,Midwest,West North Central,575.59,20248,12670,3.625,
1978,19105,IA,Jones County,small/mid,Midwest,West North Central,575.59,20113,12611,4,
1979,19105,IA,Jones County,small/mid,Midwest,West North Central,575.59,20367,12864,4,
1980,19105,IA,Jones County,SMALL/MID,Midwest,West North Central,575.59,20383,12887,4,
1981,19105,IA,Jones County,Small/mid,Midwest,West North Central,575.59,20176,12748,4,
1981,19105,IA,Jones County,Small/mid,Midwest,West North Central,575.59,20176,12748,4,
1982,19105,IA,Jones County,small/mid,Midwest,West North Central,575.59,20019,12628,4,
1983,19105,IA,Jones County,small/mid,Midwest,West North Central,575.59,19924,12560,4,
1984,19105,IA,Jones County,small/mid,Midwest,West North Central,575.59,19903,12556,4,
1985,19105,IA,Jones County,SMALL/MID,Midwest,West North Central,575.59,19654,12396,4,
1986,19105,IA,Jones County,small/mid,Midwest,West North Central,575.59,19345,12198,557,
1986,19105,,,,,,,,,4,
1987,19105,IA,Jones County,small/mid,Midwest,West North Central,575.59,19032,11991,4,
1988,19105,IA,Jones County,small/mid,Midwest,West North Central,575.59,19140,12054,4,
1989,19105,IA,Jones County,small/mid,Midwest,West North Central,575.59,19387,12161,5,13
1989,19105,IA,Jones County,small/mid,Midwest,West North Central,575.59,19387,12161,5,13
1990,19105,IA,Jones County,small/mid,Midwest,West North Central,575.59,19480,12212,6,13
1991,19105,IA,Jones County,small/mid,Midwest,West North Central,575.59,19607,12290,7,16
1992,19105,IA,Jones County,small/mid,Midwest,West North Central,575.59,19818,12503,8,13
1993,19105,IA,Jones County,small/mid,Midwest,West North Central,575.59,19939,12630,9,17
1994,19105,IA,Jones County,small/mid,Midwest,West North Central,575.59,20095,12827,9.833333,29
1995,19105,IA,Jones County,small/mid,Midwest,West North Central,575.59,20521,13236,10.66667,27.9090909091
1996,19105,IA,Jones County, small/mid,Midwest,West North Central,575.59,20522,13260,11.5,26.8181818182
1997,19105,IA,Jones County,small/mid,Midwest,West North Central,575.59,20587,13364,12.33333,25.7272727273
1997,19105,IA,Jones County,small/mid,Midwest,West North Central,575.59,20587,13364,12.33333,25.7272727273
1998,19105,IA,Jones County,Small/mid,Midwest,West North Central,575.59,20369,13229,13.16667,24.6363636364
1999,19105,IA,Jones County,small/mid,Midwest,West North Central,575.59,20220,13075,14,23.5454545455
2000,19105,IA,Jones County,SMALL/MID,Midwest,West North Central,575.59,20259,13086,14.5,22.4545454545
2001,19105,IA,Jones County,small/mid,Midwest,West North Central,575.59,20254,13143,15,21.3636363636
2002,19105,IA,Jones County,  SMALL/MID ,Midwest,West North Central,575.59,20283,13179,15.5,20.2727272727
2003,19105,IA,Jones County,small/mid,Midwest,West North Central,575.59,20406,13232,16,19.1818181818
2004,19105,IA,Jones County,small/mid,Midwest,West North Central,575.59,20613,13362,16.5,18.0909090909
2005,19105,IA,Jones County,small/mid,Midwest,West North Central,575.59,20605,13398,17,17
2006,19105,IA,Jones County,small/mid,Midwest,West North Central,575.59,20678,13503,16.5,18
2007,19105,IA,Jones County,small/mid,Midwest,West North Central,575.59,20803,13503,16,17
2008,19105,IA,Jones County,small/mid,Midwest,West North Central,575.59,20848,13512,15.5,25
2009,19105,IA,Jones County,small/mid,Midwest,West North Central,575.59,20562,13249,15,23
2010,19105,IA,Jones County,small/mid,Midwest,West North Central,575.59,20636,13346,14.5,16
2010,19105,IA,Jones County,small/mid,Midwest,West North Central,575.59,20636,13346,14.5,16
2011,19105,IA,Jones County,small/mid,Midwest,West North Central,575.59,20689,13373,14,16
2012,19105,IA,Jones County,small/mid,Midwest,West North Central,575.59,20734,13403,13.5,14
2013,19105,IA,Jones County,small/mid,Midwest,West North Central,575.59,20592,13207,13,13
2014,19105,IA,Jones County,small/mid,Midwest,West North Central,575.59,20508,13042,13,12
2015,19105,IA,Jones County,small/mid,Midwest,West North Central,575.59,20512,13009,13,11
2016,19105,IA,Jones County,small/mid,Midwest,West North Central,575.59,20402,12858,,
1970,19107,IA,Keokuk County,rural,Midwest,West North Central,579.179,13986,7745,2,
1971,19107,IA,Keokuk County,rural,Midwest,West North Central,579.179,14148,7913,2.125,
1972,19107,IA,Keokuk County,rural,Midwest,West North Central,579.179,13900,7825,2.25,
1973,19107,IA,Keokuk County, rural,Midwest,West North Central,579.179,13871,7893,2.375,
1974,19107,IA,Keokuk County,rural,Midwest,West North Central,579.179,13560,7757,2.5,
1975,19107,IA,Keokuk County,rural,Midwest,West North Central,579.179,13531,7805,2.625,
1976,19107,IA,Keokuk County,rural,Midwest,West North Central,579.179,13490,7843,2.75,
1977,19107,IA,Keokuk County,rural,Midwest,West North Central,579.179,13472,7881,2.875,
1978,19107,IA,Keokuk County,rural,Midwest,West North Central,579.179,13301,7766,3,
1979,19107,IA,Keokuk County,rural,Midwest,West North Central,579.179,13117,7684,3,
1980,19107,IA,Keokuk County,rural,Midwest,West North Central,579.179,12901,7557,3,
1981,19107,IA,Keokuk County,rural,Midwest,West North Central,579.179,12783,7473,3,
1982,19107,IA,Keokuk County,rural,Midwest,West North Central,579.179,12639,7361,3,
1983,19107,IA,Keokuk County,rural,Midwest,West North Central,579.179,12574,7307,3,
1984,19107,IA,Keokuk County,Rural,Midwest,West North Central,579.179,12501,7254,2.6,
1985,19107,IA,Keokuk County, rural,Midwest,West North Central,579.179,12395,7185,2.2,
1986,19107,IA,Keokuk County,rural,Midwest,West North Central,579.179,12123,7013,1.8,
1986,19107,IA,Keokuk County,rural,Midwest,West North Central,579.179,12123,7013,1.8,
1987,19107,IA,Keokuk County,rural,Midwest,West North Central,579.179,11899,6868,1.4,
1987,19107,IA,Keokuk County,rural,Midwest,West North Central,579.179,11899,6868,1.4,
1988,19107,IA,Keokuk County,rural,Midwest,West North Central,579.179,11827,6819,1,
1989,19107,IA,Keokuk County,rural,Midwest,West North Central,579.179,11657,6687,2.8,
1990,19107,IA,Keokuk County,rural,Midwest,West North Central,579.179,11601,6638,4.6,
1991,19107,IA,Keokuk County,rural,Midwest,West North Central,579.179,11617,6662,585,5
1991,19107,,,,,,,,,6.4,
1992,19107,IA,Keokuk County,rural,Midwest,West North Central,579.179,11592,6681,8.2,4
1993,19107,IA,Keokuk County,rural,Midwest,West North Central,579.179,11600,6727,10,
1994,19107,IA,Keokuk County,Rural,Midwest,West North Central,579.179,11490,6685,10,5
1995,19107,IA,Keokuk County,rural,Midwest,West North Central,579.179,11597,6791,10,6
1996,19107,IA,Keokuk County,rural,Midwest,West North Central,579.179,11486,6743,10,7
1997,19107,IA,Keokuk County,rural,Midwest,West North Central,579.179,11444,6749,10,8
1998,19107,IA,Keokuk County,rural,Midwest,West North Central,579.179,11406,6751,10,9
1999,19107,IA,Keokuk County,rural,Midwest,West North Central,579.179,11317,6676,10,10
2000,19107,IA,Keokuk County,rural,Midwest,West North Central,579.179,11418,6758,9.5,11
2000,19107,IA,Keokuk County,rural,Midwest,West North Central,579.179,11418,6758,9.5,11
2001,19107,IA,Keokuk County,rural,Midwest,West North Central,579.179,11369,6774,9,12
2002,19107,IA,Keokuk County,rural,Midwest,West North Central,579.179,11330,6747,8.5,13
2003,19107,IA,Keokuk County,rural,Midwest,West North Central,579.179,11186,6669,8,14
2004,19107,IA,Keokuk County,rural,Midwest,West North Central,579.179,11061,6651,7.5,15
2005,19107,IA,Keokuk County,rural,Midwest,West North Central,579.179,10881,6614,7,16
2006,19107,IA,Keokuk County,rural,Midwest,West North Central,579.179,10713,6608,6.375,14
2007,19107,IA,Keokuk County,rural,Midwest,West North Central,579.179,10688,6572,5.75,13
2008,19107,IA,Keokuk County,rural,Midwest,West North Central,579.179,10620,6548,5.125,17
2009,19107,IA,Keokuk County,rural,Midwest,West North Central,579.179,10552,6514,4.5,12
2010,19107,IA,Keokuk County,rural,Midwest,West North Central,579.179,10511,6514,3.875,14
2011,19107,IA,Keokuk County,rural,Midwest,West North Central,579.179,10509,6512,3.25,18
2012,19107,IA,Keokuk County,rural,Midwest,West North Central,579.179,10397,6401,2.625,16
2013,19107,IA,Keokuk County,rural,Midwest,West North Central,579.179,10427,6366,2,14
2014,19107,IA,Keokuk County,rural,Midwest,West North Central,579.179,10336,6283,2,11
2015,19107,IA,Keokuk County,rural,Midwest,West North Central,579.179,10282,6224,2,11
2016,19107,IA,Keokuk County,rural,Midwest,West North Central,579.179,10168,6159,,
1970,19109,IA,Kossuth County,rural,Midwest,West North Central,972.731,22950,12837,0,
1971,19109,IA,Kossuth County,rural,Midwest,West North Central,972.731,22998,12977,0,
1972,19109,IA,Kossuth County,rural,Midwest,West North Central,972.731,23050,13169,0,
1973,19109,IA,Kossuth County,Rural,Midwest,West North Central,972.731,22647,13066,0,
1974,19109,IA,Kossuth County,rural,Midwest,West North Central,972.731,22263,12974,0,
1975,19109,IA,Kossuth County,rural,Midwest,West North Central,972.731,22401,13225,0,
1976,19109,IA,Kossuth County,rural,Midwest,West North Central,972.731,22315,13294,0,
1977,19109,IA,Kossuth County,rural,Midwest,West North Central,972.731,22135,13266,0,
1978,19109,IA,Kossuth County,rural,Midwest,West North Central,972.731,22126,13349,0,
1979,19109,IA,Kossuth County,rural,Midwest,West North Central,972.731,21946,13333,0,
1980,19109,IA,Kossuth County,rural,Midwest,West North Central,972.731,21842,13298,0,
1981,19109,IA,Kossuth County,rural,Midwest,West North Central,972.731,21516,13037,0,
1981,19109,IA,Kossuth County,rural,Midwest,West North Central,972.731,21516,13037,0,
1982,19109,IA,Kossuth County,rural,Midwest,West North Central,972.731,21203,12769,0,
1983,19109,IA,Kossuth County,rural,Midwest,West North Central,972.731,21015,12588,2,
1984,19109,IA,Kossuth County,rural,Midwest,West North Central,972.731,20827,12429,1.8,
1985,19109,IA,Kossuth County,rural,Midwest,West North Central,972.731,20403,12118,1.6,
1986,19109,IA,Kossuth County,rural,Midwest,West North Central,972.731,19684,11626,1.4,
1987,19109,IA,Kossuth County,rural  ,Midwest,West North Central,972.731,19156,11252,1.2,
1988,19109,IA,Kossuth County,rural,Midwest,West North Central,972.731,19033,11124,1,
1989,19109,IA,Kossuth County,rural,Midwest,West North Central,972.731,18840,10905,1.4,6
1990,19109,IA,Kossuth County,rural,Midwest,West North Central,972.731,18551,10676,1.8,8
1991,19109,IA,Kossuth County,rural,Midwest,West North Central,972.731,18230,10491,2.2,7
1992,19109,IA,Kossuth County,rural,Midwest,West North Central,972.731,18098,10462,2.6,6
1993,19109,IA,Kossuth County,rural,Midwest,West North Central,972.731,17983,10461,3,5
1994,19109,IA,Kossuth County,rural,Midwest,West North Central,972.731,17950,10495,3.666667,6
1995,19109,IA,Kossuth County,rural,Midwest,West North Central,972.731,17836,10531,4.333333,6.45454545455
1996,19109,IA,Kossuth County,rural,Midwest,West North Central,972.731,17645,10461,5,6.90909090909
1997,19109,IA,Kossuth County,rural,Midwest,West North Central,972.731,17552,10470,5.666667,7.36363636364
1998,19109,IA,Kossuth County,rural,Midwest,West North Central,972.731,17321,10366,6.333333,7.81818181818
1999,19109,IA,Kossuth County,rural,Midwest,West North Central,972.731,17258,10330,7,8.27272727273
1999,19109,IA,Kossuth County,rural,Midwest,West North Central,972.731,17258,10330,7,8.27272727273
2000,19109,IA,Kossuth County, rural,Midwest,West North Central,972.731,17206,10255,8,8.72727272727
2001,19109,IA,Kossuth County,rural,Midwest,West North Central,972.731,16912,10046,9,9.18181818182
2002,19109,IA,Kossuth County,rural,Midwest,West North Central,972.731,16670,9947,10,9.63636363636
2003,19109,IA,Kossuth County,rural,Midwest,West North Central,972.731,16525,9879,11,10.0909090909
2004,19109,IA,Kossuth County,rural,Midwest,West North Central,972.731,16437,9846,12,10.5454545455
2005,19109,IA,Kossuth County,rural,Midwest,West North Central,972.731,16287,9796,592,11
2005,19109,,,,,,,,,13,
2006,19109,IA,Kossuth County,rural,Midwest,West North Central,972.731,16045,9603,12.75,15
2007,19109,IA,Kossuth County,rural,Midwest,West North Central,972.731,15878,9513,12.5,19
2008,19109,IA,Kossuth County,rural,Midwest,West North Central,972.731,15685,9382,12.25,18
2009,19109,IA,Kossuth County,rural,Midwest,West North Central,972.731,15630,9381,12,15
2010,19109,IA,Kossuth County,rural,Midwest,West North Central,972.731,15543,9305,11.75,13
2011,19109,IA,Kossuth County,rural,Midwest,West North Central,972.731,15523,9284,11.5,15
2012,19109,IA,Kossuth County,rural,Midwest,West North Central,972.731,15392,9226,11.25,15
2013,19109,IA,Kossuth County,rural,Midwest,West North Central,972.731,15406,9200,11,13
2014,19109,IA,Kossuth County,rural,Midwest,West North Central,972.731,15324,9141,11,13
2015,19109,IA,Kossuth County,Rural,Midwest,West North Central,972.731,15223,9054,11,18
2016,19109,IA,Kossuth County,rural,Midwest,West North Central,972.731,15153,8991,,
1970,19111,IA,Lee County,rural,Midwest,West North Central,517.54,43228,25889,0,
1971,19111,IA,Lee County,rural,Midwest,West North Central,517.54,44198,26714,0,
1972,19111,IA,Lee County,rural,Midwest,West North Central,517.54,43409,26403,0,
1973,19111,IA,Lee County,rural,Midwest,West North Central,517.54,42805,26224,0,
1974,19111,IA,Lee County,rural,Midwest,West North Central,517.54,42878,26502,0,
1975,19111,IA,Lee County,rural,Midwest,West North Central,517.54,42592,26510,0,
1976,19111,IA,Lee County, rural,Midwest,West North Central,517.54,43354,27258,0,
1977,19111,IA,Lee County,  RURAL ,Midwest,West North Central,517.54,43787,27734,0,
1978,19111,IA,Lee County,Rural,Midwest,West North Central,517.54,43836,27932,0,
1979,19111,IA,Lee County,rural,Midwest,West North Central,517.54,43364,27700,0,
1980,19111,IA,Lee County,rural,Midwest,West North Central,517.54,43048,27486,0,
1981,19111,IA,Lee County,rural,Midwest,West North Central,517.54,42572,27111,0,
1982,19111,IA,Lee County,rural,Midwest,West North Central,517.54,42265,26811,0,
1983,19111,IA,Lee County,rural,Midwest,West North Central,517.54,41896,26484,0,
1984,19111,IA,Lee County,rural,Midwest,West North Central,517.54,41567,26226,0,
1985,19111,IA,Lee County,rural,Midwest,West North Central,517.54,40798,25669,0,
1986,19111,IA,Lee County,rural,Midwest,West North Central,517.54,40319,25289,0,
1987,19111,IA,Lee County,rural,Midwest,West North Central,517.54,39663,24800,0,
1988,19111,IA,Lee County,rural,Midwest,West North Central,517.54,39176,24420,20,
1989,19111,IA,Lee County,rural,Midwest,West North Central,517.54,38886,24069,21.6,78
1989,19111,IA,Lee County,rural,Midwest,West North Central,517.54,38886,24069,21.6,78
1990,19111,IA,Lee County,rural,Midwest,West North Central,517.54,38632,23823,23.2,93
1991,19111,IA,Lee County,rural,Midwest,West North Central,517.54,38913,24008,24.8,101
1992,19111,IA,Lee County,rural,Midwest,West North Central,517.54,39070,24267,26.4,125
1993,19111,IA,Lee County,Rural,Midwest,West North Central,517.54,38901,24198,28,128
1993,19111,IA,Lee County,Rural,Midwest,West North Central,517.54,38901,24198,28,128
1994,19111,IA,Lee County,rural,Midwest,West North Central,517.54,38965,24389,31.66667,118
1995,19111,IA,Lee County,rural,Midwest,West North Central,517.54,39107,24651,35.33333,118.909090909
1996,19111,IA,Lee County,rural,Midwest,West North Central,517.54,38781,24534,39,119.818181818
1997,19111,IA,Lee County,rural,Midwest,West North Central,517.54,38720,24586,543,120.727272727
1997,19111,,,,,,,,,42.66667,
1998,19111,IA,Lee County,rural,Midwest,West North Central,517.54,38544,24526,46.33333,121.636363636
1999,19111,IA,Lee County,rural,Midwest,West North Central,517.54,38281,24357,50,122.545454545
2000,19111,IA,Lee County,rural,Midwest,West North Central,517.54,37931,24151,50.83333,123.454545455
2001,19111,IA,Lee County,rural,Midwest,West North Central,517.54,37435,23932,51.66667,124.363636364
2002,19111,IA,Lee County,rural,Midwest,West North Central,517.54,36960,23716,52.5,125.272727273
2003,19111,IA,Lee County,rural,Midwest,West North Central,517.54,36627,23583,53.33333,126.181818182
2004,19111,IA,Lee County,rural,Midwest,West North Central,517.54,36587,23649,54.16667,127.090909091
2005,19111,IA,Lee County,rural,Midwest,West North Central,517.54,36364,23581,55,128
2006,19111,IA,Lee County,rural,Midwest,West North Central,517.54,36291,23550,43,130
2007,19111,IA,Lee County,rural,Midwest,West North Central,517.54,36130,23509,35,135
2008,19111,IA,Lee County,rural,Midwest,West North Central,517.54,35819,23287,40,126
2009,19111,IA,Lee County,rural,Midwest,West North Central,517.54,35856,23263,46,127
2010,19111,IA,Lee County,rural,Midwest,West North Central,517.54,35862,23342,37,124
2011,19111,IA,Lee County,rural  ,Midwest,West North Central,517.54,35847,23369,53,124
2012,19111,IA,Lee County,rural  ,Midwest,West North Central,517.54,35554,23182,53.5,137
2013,19111,IA,Lee County,rural,Midwest,West North Central,517.54,35531,23000,54,142
2014,19111,IA,Lee County,rural,Midwest,West North Central,517.54,35229,22665,57,146
2015,19111,IA,Lee County,rural,Midwest,West North Central,517.54,35052,22356,57,139
2016,19111,IA,Lee County,rural,Midwest,West North Central,517.54,34895,22125,,
1970,19113,IA,Linn County,small/mid,Midwest,West North Central,716.899,163523,98672,606,
1970,19113,,,,,,,,,66,
1971,19113,IA,Linn County,  SMALL/MID ,Midwest,West North Central,716.899,164770,100295,63.125,
1972,19113,IA,Linn County,small/mid,Midwest,West North Central,716.899,165226,101734,60.25,
1973,19113,IA,Linn County,small/mid,Midwest,West North Central,716.899,164482,102413,57.375,
1974,19113,IA,Linn County,small/mid,Midwest,West North Central,716.899,165667,104423,54.5,
1975,19113,IA,Linn County,small/mid,Midwest,West North Central,716.899,167190,106592,51.625,
1976,19113,IA,Linn County,small/mid,Midwest,West North Central,716.899,168221,108446,48.75,
1977,19113,IA,Linn County,small/mid,Midwest,West North Central,716.899,167206,108735,45.875,
1978,19113,IA,Linn County,small/mid,Midwest,West North Central,716.899,167462,109773,43,
1979,19113,IA,Linn County,small/mid,Midwest,West North Central,716.899,167900,110962,45.2,
1980,19113,IA,Linn County,small/mid,Midwest,West North Central,716.899,169738,112872,47.4,
1981,19113,IA,Linn County,small/mid,Midwest,West North Central,716.899,168756,112334,49.6,
1982,19113,IA,Linn County,  SMALL/MID ,Midwest,West North Central,716.899,167062,111189,51.8,
1982,19113,IA,Linn County,  SMALL/MID ,Midwest,West North Central,716.899,167062,111189,51.8,
1983,19113,IA,Linn County,small/mid,Midwest,West North Central,716.899,165406,110119,54,
1984,19113,IA,Linn County,small/mid,Midwest,West North Central,716.899,165246,110179,60.8,
1985,19113,IA,Linn County,small/mid,Midwest,West North Central,716.899,164835,110036,67.6,
1986,19113,IA,Linn County,small/mid,Midwest,West North Central,716.899,164171,109701,74.4,
1987,19113,IA,Linn County,small/mid,Midwest,West North Central,716.899,164332,109896,81.2,
1988,19113,IA,Linn County,small/mid,Midwest,West North Central,716.899,165975,111061,88,
1989,19113,IA,Linn County,small/mid,Midwest,West North Central,716.899,167697,111862,99,212
1990,19113,IA,Linn County,small/mid,Midwest,West North Central,716.899,169295,112849,115,290
1991,19113,IA,Linn County, small/mid,Midwest,West North Central,716.899,171320,113790,109,301
1992,19113,IA,Linn County,Small/mid,Midwest,West North Central,716.899,174288,116073,128,309
1993,19113,IA,Linn County,SMALL/MID,Midwest,West North Central,716.899,176786,117722,122,344
1994,19113,IA,Linn County,small/mid,Midwest,West North Central,716.899,179064,119485,147,356
1995,19113,IA,Linn County,small/mid,Midwest,West North Central,716.899,181874,121741,166,364.818181818
1996,19113,IA,Linn County,small/mid,Midwest,West North Central,716.899,183167,122395,197,373.636363636
1997,19113,IA,Linn County,small/mid,Midwest,West North Central,716.899,185450,123942,202,382.454545455
1997,19113,IA,Linn County,small/mid,Midwest,West North Central,716.899,185450,123942,202,382.454545455
1998,19113,IA,Linn County,small/mid,Midwest,West North Central,716.899,187210,124925,207,391.272727273
1999,19113,IA,Linn County,small/mid,Midwest,West North Central,716.899,189931,126574,233,400.090909091
2000,19113,IA,Linn County,small/mid,Midwest,West North Central,716.899,192365,128143,255,408.909090909
2001,19113,IA,Linn County,small/mid,Midwest,West North Central,716.899,194359,129364,264,417.727272727
2002,19113,IA,Linn County,small/mid,Midwest,West North Central,716.899,195987,130325,336,426.545454545
2003,19113,IA,Linn County,  SMALL/MID ,Midwest,West North Central,716.899,196920,130813,345,435.363636364
2004,19113,IA,Linn County,small/mid,Midwest,West North Central,716.899,198314,131829,368,444.181818182
2005,19113,IA,Linn County,small/mid,Midwest,West North Central,716.899,200395,133346,346,453
2006,19113,IA,Linn County,small/mid,Midwest,West North Central,716.899,202709,135054,384,463
2007,19113,IA,Linn County,small/mid,Midwest,West North Central,716.899,205840,137067,372,441
2008,19113,IA,Linn County,small/mid,Midwest,West North Central,716.899,208558,138925,336,515
2009,19113,IA,Linn County,small/mid,Midwest,West North Central,716.899,210217,139867,300,453
2010,19113,IA,Linn County,small/mid,Midwest,West North Central,716.899,211229,140594,360,452
2011,19113,IA,Linn County, small/mid,Midwest,West North Central,716.899,211657,140858,355,470
2012,19113,IA,Linn County,small/mid,Midwest,West North Central,716.899,213983,142448,324,445
2013,19113,IA,Linn County,small/mid,Midwest,West North Central,716.899,215312,142667,344,399
2013,19113,IA,Linn County,small/mid,Midwest,West North Central,716.899,215312,142667,344,399
2014,19113,IA,Linn County,small/mid,Midwest,West North Central,716.899,216235,142708,341,404
2015,19113,IA,Linn County,small/mid,Midwest,West North Central,716.899,217821,143560,343,397
2016,19113,IA,Linn County,SMALL/MID,Midwest,West North Central,716.899,219971,144555,,
1970,19115,IA,Louisa County,rural,Midwest,West North Central,401.771,10747,6158,3,
1971,19115,IA,Louisa County,rural,Midwest,West North Central,401.771,11026,6374,2.875,
1972,19115,IA,Louisa County,rural,Midwest,West North Central,401.771,11215,6546,2.75,
1973,19115,IA,Louisa County,RURAL,Midwest,West North Central,401.771,11149,6550,2.625,
1974,19115,IA,Louisa County,rural,Midwest,West North Central,401.771,11234,6664,529,
1974,19115,,,,,,,,,2.5,
1975,19115,IA,Louisa County,rural,Midwest,West North Central,401.771,11304,6758,2.375,
1976,19115,IA,Louisa County,rural,Midwest,West North Central,401.771,11514,6961,2.25,
1977,19115,IA,Louisa County,rural,Midwest,West North Central,401.771,11885,7249,2.125,
1978,19115,IA,Louisa County,rural,Midwest,West North Central,401.771,12082,7419,2,
1979,19115,IA,Louisa County,rural,Midwest,West North Central,401.771,12101,7439,2.8,
1979,19115,IA,Louisa County,rural,Midwest,West North Central,401.771,12101,7439,2.8,
1980,19115,IA,Louisa County,rural,Midwest,West North Central,401.771,12082,7418,3.6,
1981,19115,IA,Louisa County,rural,Midwest,West North Central,401.771,12145,7464,4.4,
1982,19115,IA,Louisa County,rural,Midwest,West North Central,401.771,12005,7385,5.2,
1983,19115,IA,Louisa County,rural,Midwest,West North Central,401.771,11987,7381,6,
1984,19115,IA,Louisa County,rural,Midwest,West North Central,401.771,12001,7408,5.5,
1984,19115,IA,Louisa County,rural,Midwest,West North Central,401.771,12001,7408,5.5,
1985,19115,IA,Louisa County,rural,Midwest,West North Central,401.771,11793,7298,5,
1986,19115,IA,Louisa County,rural,Midwest,West North Central,401.771,11628,7213,4,
1987,19115,IA,Louisa County,rural,Midwest,West North Central,401.771,11636,7229,4,
1988,19115,IA,Louisa County,rural,Midwest,West North Central,401.771,11636,7247,5,
1989,19115,IA,Louisa County,rural,Midwest,West North Central,401.771,11567,7182,1,9
1990,19115,IA,Louisa County,rural,Midwest,West North Central,401.771,11620,7228,7,8
1991,19115,IA,Louisa County,rural,Midwest,West North Central,401.771,11644,7224,8,16
1992,19115,IA,Louisa County,rural,Midwest,West North Central,401.771,11479,7115,7,18
1993,19115,IA,Louisa County,rural,Midwest,West North Central,401.771,11822,7385,8,16
1994,19115,IA,Louisa County,rural,Midwest,West North Central,401.771,11850,7452,8.166667,16
1995,19115,IA,Louisa County,rural,Midwest,West North Central,401.771,11939,7536,8.333333,15.0909090909
1996,19115,IA,Louisa County,rural,Midwest,West North Central,401.771,12087,7639,8.5,14.1818181818
1997,19115,IA,Louisa County,rural,Midwest,West North Central,401.771,12050,7603,8.666667,13.2727272727
1998,19115,IA,Louisa County,Rural,Midwest,West North Central,401.771,12114,7643,8.833333,12.3636363636
1999,19115,IA,Louisa County,rural,Midwest,West North Central,401.771,12174,7673,9,11.4545454545
2000,19115,IA,Louisa County,rural,Midwest,West North Central,401.771,12174,7657,9.166667,10.5454545455
2001,19115,IA,Louisa County,rural,Midwest,West North Central,401.771,12184,7662,9.333333,9.63636363636
2002,19115,IA,Louisa County,rural,Midwest,West North Central,401.771,12225,7691,9.5,8.72727272727
2003,19115,IA,Louisa County,rural,Midwest,West North Central,401.771,12230,7673,9.666667,7.81818181818
2004,19115,IA,Louisa County,RURAL,Midwest,West North Central,401.771,12115,7599,9.833333,6.90909090909
2004,19115,IA,Louisa County,RURAL,Midwest,West North Central,401.771,12115,7599,9.833333,6.90909090909
2005,19115,IA,Louisa County,RURAL,Midwest,West North Central,401.771,11862,7472,10,6
2006,19115,IA,Louisa County,rural,Midwest,West North Central,401.771,11904,7483,10.375,9
2007,19115,IA,Louisa County,rural,Midwest,West North Central,401.771,11892,7529,10.75,8
2007,19115,IA,Louisa County,rural,Midwest,West North Central,401.771,11892,7529,10.75,8
2008,19115,IA,Louisa County,rural,Midwest,West North Central,401.771,11830,7505,11.125,8
2009,19115,IA,Louisa County,rural,Midwest,West North Central,401.771,11416,7309,11.5,10
2010,19115,IA,Louisa County,rural,Midwest,West North Central,401.771,11387,7302,11.875,14
2011,19115,IA,Louisa County,rural,Midwest,West North Central,401.771,11380,7298,12.25,15
2012,19115,IA,Louisa County,rural,Midwest,West North Central,401.771,11374,7334,12.625,15
2013,19115,IA,Louisa County,rural,Midwest,West North Central,401.771,11355,7317,13,12
2014,19115,IA,Louisa County,Rural,Midwest,West North Central,401.771,11336,7333,15.5,14
2015,19115,IA,Louisa County,rural,Midwest,West North Central,401.771,11225,7256,18,17
2016,19115,IA,Louisa County,rural,Midwest,West North Central,401.771,11256,7192,,
1970,19117,IA,Lucas County,rural,Midwest,West North Central,430.603,10194,5783,0,
1971,19117,IA,Lucas County,rural  ,Midwest,West North Central,430.603,10318,5891,0,
1972,19117,IA,Lucas County,rural,Midwest,West North Central,430.603,10438,6023,0,
1973,19117,IA,Lucas County,rural,Midwest,West North Central,430.603,10416,6056,0,
1974,19117,IA,Lucas County,rural,Midwest,West North Central,430.603,10283,5990,0,
1974,19117,IA,Lucas County,rural,Midwest,West North Central,430.603,10283,5990,0,
1975,19117,IA,Lucas County,  RURAL ,Midwest,West North Central,430.603,10316,6052,0,
1975,19117,IA,Lucas County,  RURAL ,Midwest,West North Central,430.603,10316,6052,0,
1976,19117,IA,Lucas County,rural,Midwest,West North Central,430.603,10265,6078,0,
1977,19117,IA,Lucas County,  RURAL ,Midwest,West North Central,430.603,10201,6051,0,
1978,19117,IA,Lucas County,rural,Midwest,West North Central,430.603,10263,6123,0,
1979,19117,IA,Lucas County,rural,Midwest,West North Central,430.603,10432,6268,0,
1980,19117,IA,Lucas County,rural,Midwest,West North Central,430.603,10315,6205,0,
1981,19117,IA,Lucas County, rural,Midwest,West North Central,430.603,10272,6165,0,
1982,19117,IA,Lucas County,rural,Midwest,West North Central,430.603,10279,6148,0,
1983,19117,IA,Lucas County,rural,Midwest,West North Central,430.603,10070,6005,3,
1984,19117,IA,Lucas County,rural,Midwest,West North Central,430.603,10040,5986,4,
1985,19117,IA,Lucas County,rural,Midwest,West North Central,430.603,9768,5812,5,
1986,19117,IA,Lucas County,rural,Midwest,West North Central,430.603,9544,5666,3,
1987,19117,IA,Lucas County,rural,Midwest,West North Central,430.603,9383,5560,4,
1988,19117,IA,Lucas County, rural,Midwest,West North Central,430.603,9292,5498,4,
1989,19117,IA,Lucas County,rural,Midwest,West North Central,430.603,9180,5402,4.2,13
1990,19117,IA,Lucas County,rural,Midwest,West North Central,430.603,9059,5310,4.4,16
1991,19117,IA,Lucas County,rural  ,Midwest,West North Central,430.603,9166,5377,4.6,11
1992,19117,IA,Lucas County,rural,Midwest,West North Central,430.603,9132,5367,4.8,18
1993,19117,IA,Lucas County,rural,Midwest,West North Central,430.603,9181,5423,5,18
1993,19117,IA,Lucas County,rural,Midwest,West North Central,430.603,9181,5423,5,18
1994,19117,IA,Lucas County,rural,Midwest,West North Central,430.603,9184,5433,5.333333,14
1995,19117,IA,Lucas County,rural,Midwest,West North Central,430.603,9234,5504,5.666667,14.6363636364
1996,19117,IA,Lucas County,rural,Midwest,West North Central,430.603,9277,5531,6,15.2727272727
1997,19117,IA,Lucas County,  RURAL ,Midwest,West North Central,430.603,9395,5593,6.333333,15.9090909091
1998,19117,IA,Lucas County,rural,Midwest,West North Central,430.603,9422,5611,6.666667,16.5454545455
1999,19117,IA,Lucas County,rural,Midwest,West North Central,430.603,9461,5659,7,17.1818181818
2000,19117,IA,Lucas County,rural,Midwest,West North Central,430.603,9369,5620,9,17.8181818182
2001,19117,IA,Lucas County,rural,Midwest,West North Central,430.603,9386,5646,8,18.4545454545
2001,19117,IA,Lucas County,rural,Midwest,West North Central,430.603,9386,5646,8,18.4545454545
2002,19117,IA,Lucas County, rural,Midwest,West North Central,430.603,9360,5649,7,19.0909090909
2003,19117,IA,Lucas County,rural,Midwest,West North Central,430.603,9384,5653,5,19.7272727273
2004,19117,IA,Lucas County,rural,Midwest,West North Central,430.603,9508,5701,8,20.3636363636
2005,19117,IA,Lucas County,rural,Midwest,West North Central,430.603,9462,5704,2,21
2006,19117,IA,Lucas County,rural,Midwest,West North Central,430.603,9331,5664,2,26
2007,19117,IA,Lucas County,rural,Midwest,West North Central,430.603,9280,5616,2,21
2008,19117,IA,Lucas County,Rural,Midwest,West North Central,430.603,9137,5433,2,21
2009,19117,IA,Lucas County,rural,Midwest,West North Central,430.603,8948,5381,2,19
2010,19117,IA,Lucas County,rural,Midwest,West North Central,430.603,8898,5359,2,18
2011,19117,IA,Lucas County,rural,Midwest,West North Central,430.603,8895,5351,2,17
2012,19117,IA,Lucas County,rural,Midwest,West North Central,430.603,8869,5341,2,20
2013,19117,IA,Lucas County,rural,Midwest,West North Central,430.603,8768,5302,2,21
2014,19117,IA,Lucas County,rural,Midwest,West North Central,430.603,8686,5232,529,21
2014,19117,,,,,,,,,2,
2015,19117,IA,Lucas County,rural,Midwest,West North Central,430.603,8624,5205,2,27
2016,19117,IA,Lucas County,rural,Midwest,West North Central,430.603,8599,5191,,
1970,19119,IA,Lyon County,rural,Midwest,West North Central,587.65,13284,7383,1,
1971,19119,IA,Lyon County,rural,Midwest,West North Central,587.65,13026,7272,1.125,
1972,19119,IA,Lyon County,rural,Midwest,West North Central,587.65,13103,7414,1.25,
1973,19119,IA,Lyon County,rural,Midwest,West North Central,587.65,13382,7689,1.375,
1974,19119,IA,Lyon County, rural,Midwest,West North Central,587.65,13223,7669,1.5,
1975,19119,IA,Lyon County,rural,Midwest,West North Central,587.65,13118,7682,1.625,
1976,19119,IA,Lyon County,rural  ,Midwest,West North Central,587.65,13065,7699,1.75,
1977,19119,IA,Lyon County,rural,Midwest,West North Central,587.65,13023,7690,1.875,
1978,19119,IA,Lyon County,rural  ,Midwest,West North Central,587.65,13070,7761,2,
1979,19119,IA,Lyon County,rural,Midwest,West North Central,587.65,12843,7622,2.2,
1979,19119,IA,Lyon County,rural,Midwest,West North Central,587.65,12843,7622,2.2,
1980,19119,IA,Lyon County,RURAL,Midwest,West North Central,587.65,12884,7647,2.4,
1981,19119,IA,Lyon County,  RURAL ,Midwest,West North Central,587.65,12800,7559,2.6,
1982,19119,IA,Lyon County,rural,Midwest,West North Central,587.65,12702,7461,2.8,
1983,19119,IA,Lyon County,rural,Midwest,West North Central,587.65,12743,7448,3,
1984,19119,IA,Lyon County,rural,Midwest,West North Central,587.65,12587,7332,2,
1985,19119,IA,Lyon County,rural,Midwest,West North Central,587.65,12375,7185,1,
1986,19119,IA,Lyon County,rural,Midwest,West North Central,587.65,12072,6983,1,
1987,19119,IA,Lyon County,rural,Midwest,West North Central,587.65,11902,6854,1,
1988,19119,IA,Lyon County,rural,Midwest,West North Central,587.65,11944,6850,1,
1989,19119,IA,Lyon County,rural,Midwest,West North Central,587.65,11904,6768,2.2,
1990,19119,IA,Lyon County,rural,Midwest,West North Central,587.65,11978,6788,3.4,7
1991,19119,IA,Lyon County,rural,Midwest,West North Central,587.65,11914,6750,4.6,5
1992,19119,IA,Lyon County,rural,Midwest,West North Central,587.65,11914,6792,5.8,9
1993,19119,IA,Lyon County,rural,Midwest,West North Central,587.65,11890,6799,7,14
1994,19119,IA,Lyon County,rural,Midwest,West North Central,587.65,11811,6768,508,15
1994,19119,,,,,,,,,7.833333,
1995,19119,IA,Lyon County,rural,Midwest,West North Central,587.65,11724,6785,8.666667,15.3636363636
1996,19119,IA,Lyon County,rural,Midwest,West North Central,587.65,11797,6853,9.5,15.7272727273
1997,19119,IA,Lyon County,rural,Midwest,West North Central,587.65,11811,6877,10.33333,16.0909090909
1998,19119,IA,Lyon County,rural,Midwest,West North Central,587.65,11863,6918,11.16667,16.4545454545
1999,19119,IA,Lyon County,rural,Midwest,West North Central,587.65,11812,6887,12,16.8181818182
2000,19119,IA,Lyon County,rural,Midwest,West North Central,587.65,11748,6865,12.83333,17.1818181818
2001,19119,IA,Lyon County,rural,Midwest,West North Central,587.65,11684,6856,13.66667,17.5454545455
2002,19119,IA,Lyon County,rural,Midwest,West North Central,587.65,11670,6849,14.5,17.9090909091
2003,19119,IA,Lyon County,rural,Midwest,West North Central,587.65,11702,6893,15.33333,18.2727272727
2004,19119,IA,Lyon County,rural,Midwest,West North Central,587.65,11692,6939,16.16667,18.6363636364
2005,19119,IA,Lyon County,rural,Midwest,West North Central,587.65,11677,6957,17,19
2006,19119,IA,Lyon County,rural,Midwest,West North Central,587.65,11604,6919,16.125,14
2007,19119,IA,Lyon County,rural,Midwest,West North Central,587.65,11536,6893,15.25,18
2008,19119,IA,Lyon County,rural,Midwest,West North Central,587.65,11545,6911,14.375,21
2009,19119,IA,Lyon County,rural,Midwest,West North Central,587.65,11557,6926,13.5,21
2010,19119,IA,Lyon County,rural,Midwest,West North Central,587.65,11581,6942,12.625,20
2011,19119,IA,Lyon County,rural,Midwest,West North Central,587.65,11568,6936,11.75,21
2012,19119,IA,Lyon County,rural,Midwest,West North Central,587.65,11691,7010,10.875,15
2013,19119,IA,Lyon County,rural,Midwest,West North Central,587.65,11757,7036,10,18
2014,19119,IA,Lyon County,  RURAL ,Midwest,West North Central,587.65,11695,6976,10,23
2015,19119,IA,Lyon County,rural,Midwest,West North Central,587.65,11701,6939,10,20
2016,19119,IA,Lyon County,  RURAL ,Midwest,West North Central,587.65,11748,6916,,
1970,19121,IA,Madison County,small/mid,Midwest,West North Central,561.006,11577,6581,0,
1971,19121,IA,Madison County,small/mid  ,Midwest,West North Central,561.006,11658,6634,0,
1972,19121,IA,Madison County, small/mid,Midwest,West North Central,561.006,12219,7033,0,
1972,19121,IA,Madison County, small/mid,Midwest,West North Central,561.006,12219,7033,0,
1973,19121,IA,Madison County,small/mid,Midwest,West North Central,561.006,12230,7065,0,
1973,19121,IA,Madison County,small/mid,Midwest,West North Central,561.006,12230,7065,0,
1974,19121,IA,Madison County,small/mid,Midwest,West North Central,561.006,12162,7065,0,
1975,19121,IA,Madison County,small/mid,Midwest,West North Central,561.006,12139,7083,0,
1976,19121,IA,Madison County,small/mid,Midwest,West North Central,561.006,12282,7240,0,
1977,19121,IA,Madison County,small/mid,Midwest,West North Central,561.006,12631,7502,0,
1978,19121,IA,Madison County,small/mid,Midwest,West North Central,561.006,12760,7602,2,
1979,19121,IA,Madison County, small/mid,Midwest,West North Central,561.006,12870,7689,2.2,
1980,19121,IA,Madison County,small/mid,Midwest,West North Central,561.006,12586,7478,2.4,
1981,19121,IA,Madison County,small/mid,Midwest,West North Central,561.006,12504,7422,2.6,
1982,19121,IA,Madison County,small/mid,Midwest,West North Central,561.006,12471,7388,2.8,
1983,19121,IA,Madison County,small/mid,Midwest,West North Central,561.006,12319,7292,3,
1984,19121,IA,Madison County,small/mid,Midwest,West North Central,561.006,12230,7245,3,
1985,19121,IA,Madison County,small/mid,Midwest,West North Central,561.006,12204,7235,3,
1986,19121,IA,Madison County, small/mid,Midwest,West North Central,561.006,12233,7255,3,
1987,19121,IA,Madison County,small/mid,Midwest,West North Central,561.006,12257,7270,3,
1988,19121,IA,Madison County,small/mid,Midwest,West North Central,561.006,12323,7312,3,
1989,19121,IA,Madison County, small/mid,Midwest,West North Central,561.006,12405,7337,3.2,7
1990,19121,IA,Madison County,small/mid,Midwest,West North Central,561.006,12516,7413,3.4,6
1991,19121,IA,Madison County,small/mid,Midwest,West North Central,561.006,12548,7470,3.6,7
1992,19121,IA,Madison County,small/mid,Midwest,West North Central,561.006,12736,7622,3.8,6
1993,19121,IA,Madison County,small/mid,Midwest,West North Central,561.006,12808,7701,4,5
1994,19121,IA,Madison County,small/mid,Midwest,West North Central,561.006,12949,7850,5.333333,4
1995,19121,IA,Madison County,small/mid,Midwest,West North Central,561.006,13340,8189,6.666667,4.36363636364
1996,19121,IA,Madison County,small/mid,Midwest,West North Central,561.006,13480,8302,8,4.72727272727
1997,19121,IA,Madison County,small/mid,Midwest,West North Central,561.006,13585,8421,9.333333,5.09090909091
1998,19121,IA,Madison County,small/mid,Midwest,West North Central,561.006,13702,8530,10.66667,5.45454545455
1999,19121,IA,Madison County,small/mid,Midwest,West North Central,561.006,13898,8668,12,5.81818181818
1999,19121,IA,Madison County,small/mid,Midwest,West North Central,561.006,13898,8668,12,5.81818181818
2000,19121,IA,Madison County,SMALL/MID,Midwest,West North Central,561.006,14049,8805,11.5,6.18181818182
2001,19121,IA,Madison County,small/mid,Midwest,West North Central,561.006,14144,8942,11,6.54545454545
2002,19121,IA,Madison County,small/mid,Midwest,West North Central,561.006,14312,9100,10.5,6.90909090909
2003,19121,IA,Madison County,small/mid,Midwest,West North Central,561.006,14481,9179,10,7.27272727273
2004,19121,IA,Madison County,small/mid,Midwest,West North Central,561.006,14733,9302,9.5,7.63636363636
2005,19121,IA,Madison County,small/mid,Midwest,West North Central,561.006,14918,9463,9,8
2006,19121,IA,Madison County,small/mid,Midwest,West North Central,561.006,15262,9641,8.875,7
2007,19121,IA,Madison County,small/mid,Midwest,West North Central,561.006,15418,9701,8.75,14
2008,19121,IA,Madison County,small/mid,Midwest,West North Central,561.006,15517,9768,8.625,16
2009,19121,IA,Madison County,small/mid,Midwest,West North Central,561.006,15510,9673,8.5,15
2010,19121,IA,Madison County,small/mid,Midwest,West North Central,561.006,15679,9792,8.375,12
2011,19121,IA,Madison County,small/mid,Midwest,West North Central,561.006,15732,9826,8.25,12
2012,19121,IA,Madison County,small/mid,Midwest,West North Central,561.006,15734,9868,8.125,19
2013,19121,IA,Madison County,small/mid,Midwest,West North Central,561.006,15638,9815,8,21
2013,19121,IA,Madison County,small/mid,Midwest,West North Central,561.006,15638,9815,8,21
2014,19121,IA,Madison County,small/mid,Midwest,West North Central,561.006,15475,9714,8,25
2015,19121,IA,Madison County,small/mid,Midwest,West North Central,561.006,15604,9773,8,29
2016,19121,IA,Madison County,small/mid  ,Midwest,West North Central,561.006,15713,9840,,
1970,19123,IA,Mahaska County,rural,Midwest,West North Central,570.863,22251,13250,9,
1971,19123,IA,Mahaska County,rural,Midwest,West North Central,570.863,22545,13512,9,
1972,19123,IA,Mahaska County,rural,Midwest,West North Central,570.863,22534,13594,9,
1973,19123,IA,Mahaska County,rural,Midwest,West North Central,570.863,22443,13622,9,
1974,19123,IA,Mahaska County, rural,Midwest,West North Central,570.863,22472,13741,9,
1975,19123,IA,Mahaska County,rural,Midwest,West North Central,570.863,22105,13570,9,
1975,19123,IA,Mahaska County,rural,Midwest,West North Central,570.863,22105,13570,9,
1976,19123,IA,Mahaska County,rural,Midwest,West North Central,570.863,22216,13709,9,
1977,19123,IA,Mahaska County,  RURAL ,Midwest,West North Central,570.863,22847,14200,9,
1978,19123,IA,Mahaska County,rural,Midwest,West North Central,570.863,22960,14322,9,
1979,19123,IA,Mahaska County,rural,Midwest,West North Central,570.863,23024,14404,8.8,
1980,19123,IA,Mahaska County,rural,Midwest,West North Central,570.863,22832,14218,8.6,
1981,19123,IA,Mahaska County,rural,Midwest,West North Central,570.863,22566,14016,8.4,
1982,19123,IA,Mahaska County,rural,Midwest,West North Central,570.863,22279,13789,8.2,
1983,19123,IA,Mahaska County,rural,Midwest,West North Central,570.863,22011,13575,8,
1984,19123,IA,Mahaska County,  RURAL ,Midwest,West North Central,570.863,22139,13630,7.8,
1984,19123,IA,Mahaska County,  RURAL ,Midwest,West North Central,570.863,22139,13630,7.8,
1985,19123,IA,Mahaska County,rural,Midwest,West North Central,570.863,21845,13413,7.6,
1986,19123,IA,Mahaska County,rural,Midwest,West North Central,570.863,21638,13242,7.4,
1987,19123,IA,Mahaska County,rural,Midwest,West North Central,570.863,21461,13095,7.2,
1988,19123,IA,Mahaska County,rural,Midwest,West North Central,570.863,21558,13116,7,
1989,19123,IA,Mahaska County,rural,Midwest,West North Central,570.863,21408,12936,8,15
1990,19123,IA,Mahaska County,rural,Midwest,West North Central,570.863,21563,12989,9,23
1991,19123,IA,Mahaska County,rural,Midwest,West North Central,570.863,21516,12984,10,26
1992,19123,IA,Mahaska County, rural,Midwest,West North Central,570.863,21613,13112,11,32
1993,19123,IA,Mahaska County,RURAL,Midwest,West North Central,570.863,21798,13253,12,34
1994,19123,IA,Mahaska County,rural,Midwest,West North Central,570.863,21908,13387,14.66667,37
1994,19123,IA,Mahaska County,rural,Midwest,West North Central,570.863,21908,13387,14.66667,37
1995,19123,IA,Mahaska County, rural,Midwest,West North Central,570.863,22055,13573,17.33333,41.0909090909
1996,19123,IA,Mahaska County,rural,Midwest,West North Central,570.863,22031,13605,599,45.1818181818
1996,19123,,,,,,,,,20,
1997,19123,IA,Mahaska County,rural,Midwest,West North Central,570.863,22126,13763,22.66667,49.2727272727
1998,19123,IA,Mahaska County,rural,Midwest,West North Central,570.863,22266,13874,25.33333,53.3636363636
1999,19123,IA,Mahaska County,rural,Midwest,West North Central,570.863,22400,14025,28,57.4545454545
2000,19123,IA,Mahaska County,rural,Midwest,West North Central,570.863,22299,13986,27.16667,61.5454545455
2001,19123,IA,Mahaska County,rural,Midwest,West North Central,570.863,22407,14120,26.33333,65.6363636364
2002,19123,IA,Mahaska County,Rural,Midwest,West North Central,570.863,22394,14111,25.5,69.7272727273
2003,19123,IA,Mahaska County,rural,Midwest,West North Central,570.863,22156,14001,24.66667,73.8181818182
2004,19123,IA,Mahaska County,rural,Midwest,West North Central,570.863,22240,14102,23.83333,77.9090909091
2005,19123,IA,Mahaska County,Rural,Midwest,West North Central,570.863,22454,14251,23,82
2006,19123,IA,Mahaska County,rural,Midwest,West North Central,570.863,22298,14199,22.75,75
2007,19123,IA,Mahaska County,RURAL,Midwest,West North Central,570.863,22388,14271,22.5,95
2008,19123,IA,Mahaska County,rural,Midwest,West North Central,570.863,22483,14304,22.25,95
2009,19123,IA,Mahaska County,rural,Midwest,West North Central,570.863,22364,14213,22,78
2010,19123,IA,Mahaska County,rural,Midwest,West North Central,570.863,22381,14236,21.75,81
2011,19123,IA,Mahaska County,rural,Midwest,West North Central,570.863,22406,14248,21.5,81
2011,19123,IA,Mahaska County,rural,Midwest,West North Central,570.863,22406,14248,21.5,81
2012,19123,IA,Mahaska County,rural,Midwest,West North Central,570.863,22490,14307,21.25,68
2013,19123,IA,Mahaska County,rural,Midwest,West North Central,570.863,22393,14248,21,71
2014,19123,IA,Mahaska County,rural,Midwest,West North Central,570.863,22405,14178,21,71
2015,19123,IA,Mahaska County,Rural,Midwest,West North Central,570.863,22352,14144,21,72
2016,19123,IA,Mahaska County,rural,Midwest,West North Central,570.863,22308,14052,,
2016,19123,IA,Mahaska County,rural,Midwest,West North Central,570.863,22308,14052,,
1970,19125,IA,Marion County,rural,Midwest,West North Central,554.491,26434,15732,1,
1971,19125,IA,Marion County, rural,Midwest,West North Central,554.491,26764,16009,1.375,
1972,19125,IA,Marion County,rural,Midwest,West North Central,554.491,26904,16204,1.75,
1973,19125,IA,Marion County,rural,Midwest,West North Central,554.491,26845,16268,2.125,
1974,19125,IA,Marion County, rural,Midwest,West North Central,554.491,27019,16467,2.5,
1975,19125,IA,Marion County,rural,Midwest,West North Central,554.491,27416,16817,2.875,
1976,19125,IA,Marion County,rural,Midwest,West North Central,554.491,27927,17294,3.25,
1977,19125,IA,Marion County,rural,Midwest,West North Central,554.491,28659,17869,3.625,
1978,19125,IA,Marion County,rural,Midwest,West North Central,554.491,29236,18387,4,
1979,19125,IA,Marion County,rural,Midwest,West North Central,554.491,29188,18360,4.2,
1980,19125,IA,Marion County,rural,Midwest,West North Central,554.491,29733,18750,4.4,
1981,19125,IA,Marion County,rural,Midwest,West North Central,554.491,29830,18801,4.6,
1982,19125,IA,Marion County,rural,Midwest,West North Central,554.491,29925,18828,4.8,
1983,19125,IA,Marion County,rural,Midwest,West North Central,554.491,29677,18648,5,
1984,19125,IA,Marion County,rural,Midwest,West North Central,554.491,29638,18624,585,
1984,19125,,,,,,,,,6.4,
1985,19125,IA,Marion County,rural,Midwest,West North Central,554.491,29514,18539,7.8,
1986,19125,IA,Marion County,rural,Midwest,West North Central,554.491,29455,18482,9.2,
1987,19125,IA,Marion County,rural,Midwest,West North Central,554.491,29593,18558,10.6,
1987,19125,IA,Marion County,rural,Midwest,West North Central,554.491,29593,18558,10.6,
1988,19125,IA,Marion County,rural,Midwest,West North Central,554.491,29884,18732,12,
1989,19125,IA,Marion County,rural,Midwest,West North Central,554.491,30030,18739,12.4,20
1990,19125,IA,Marion County,Rural,Midwest,West North Central,554.491,29995,18713,12.8,27
1990,19125,IA,Marion County,Rural,Midwest,West North Central,554.491,29995,18713,12.8,27
1991,19125,IA,Marion County,rural,Midwest,West North Central,554.491,30183,18802,13.2,22
1992,19125,IA,Marion County,rural,Midwest,West North Central,554.491,30276,18863,13.6,11
1993,19125,IA,Marion County,rural,Midwest,West North Central,554.491,30515,19033,14,15
1994,19125,IA,Marion County,rural,Midwest,West North Central,554.491,30805,19247,14.5,10
1994,19125,IA,Marion County,rural,Midwest,West North Central,554.491,30805,19247,14.5,10
1995,19125,IA,Marion County,rural,Midwest,West North Central,554.491,31143,19575,15,12.3636363636
1996,19125,IA,Marion County,rural,Midwest,West North Central,554.491,31280,19639,15.5,14.7272727273
1996,19125,IA,Marion County,rural,Midwest,West North Central,554.491,31280,19639,15.5,14.7272727273
1997,19125,IA,Marion County,rural,Midwest,West North Central,554.491,31317,19723,16,17.0909090909
1998,19125,IA,Marion County,rural,Midwest,West North Central,554.491,31601,19971,16.5,19.4545454545
1999,19125,IA,Marion County,rural,Midwest,West North Central,554.491,31879,20198,17,21.8181818182
2000,19125,IA,Marion County,rural,Midwest,West North Central,554.491,32104,20342,17.66667,24.1818181818
2000,19125,IA,Marion County,rural,Midwest,West North Central,554.491,32104,20342,17.66667,24.1818181818
2001,19125,IA,Marion County,rural,Midwest,West North Central,554.491,32583,20731,18.33333,26.5454545455
2002,19125,IA,Marion County,rural,Midwest,West North Central,554.491,32572,20822,19,28.9090909091
2003,19125,IA,Marion County,rural,Midwest,West North Central,554.491,32547,20796,19.66667,31.2727272727
2004,19125,IA,Marion County,rural,Midwest,West North Central,554.491,32618,20921,20.33333,33.6363636364
2005,19125,IA,Marion County,rural,Midwest,West North Central,554.491,32774,21076,21,36
2006,19125,IA,Marion County,rural,Midwest,West North Central,554.491,33396,21465,22.875,49
2007,19125,IA,Marion County,rural,Midwest,West North Central,554.491,33279,21315,24.75,52
2007,19125,IA,Marion County,rural,Midwest,West North Central,554.491,33279,21315,24.75,52
2008,19125,IA,Marion County,rural  ,Midwest,West North Central,554.491,33515,21368,26.625,70
2009,19125,IA,Marion County,rural,Midwest,West North Central,554.491,33468,21369,28.5,73
2010,19125,IA,Marion County,rural,Midwest,West North Central,554.491,33309,21255,30.375,55
2011,19125,IA,Marion County,Rural,Midwest,West North Central,554.491,33225,21219,32.25,59
2012,19125,IA,Marion County,Rural,Midwest,West North Central,554.491,33262,21248,34.125,67
2012,19125,IA,Marion County,Rural,Midwest,West North Central,554.491,33262,21248,34.125,67
2013,19125,IA,Marion County,rural,Midwest,West North Central,554.491,33266,21248,36,76
2014,19125,IA,Marion County,rural,Midwest,West North Central,554.491,33010,21029,37.5,83
2015,19125,IA,Marion County, rural,Midwest,West North Central,554.491,33260,21183,39,88
2016,19125,IA,Marion County,rural,Midwest,West North Central,554.491,33109,21019,,
1970,19127,IA,Marshall County,rural,Midwest,West North Central,572.503,41210,24495,1,
1971,19127,IA,Marshall County,rural,Midwest,West North Central,572.503,41763,25001,2.625,
1972,19127,IA,Marshall County,rural,Midwest,West North Central,572.503,42372,25628,4.25,
1973,19127,IA,Marshall County,rural,Midwest,West North Central,572.503,41992,25576,5.875,
1974,19127,IA,Marshall County,rural,Midwest,West North Central,572.503,42242,25953,7.5,
1975,19127,IA,Marshall County,rural,Midwest,West North Central,572.503,42740,26481,9.125,
1976,19127,IA,Marshall County,rural,Midwest,West North Central,572.503,42706,26662,10.75,
1976,19127,IA,Marshall County,rural,Midwest,West North Central,572.503,42706,26662,10.75,
1977,19127,IA,Marshall County,rural,Midwest,West North Central,572.503,43043,27080,12.375,
1978,19127,IA,Marshall County,rural,Midwest,West North Central,572.503,42453,26783,14,
1979,19127,IA,Marshall County,RURAL,Midwest,West North Central,572.503,41659,26360,16,
1980,19127,IA,Marshall County,rural,Midwest,West North Central,572.503,41728,26472,18,
1981,19127,IA,Marshall County,rural,Midwest,West North Central,572.503,41827,26481,20,
1982,19127,IA,Marshall County,rural,Midwest,West North Central,572.503,41822,26382,22,
1983,19127,IA,Marshall County,rural,Midwest,West North Central,572.503,41531,26119,564,
1983,19127,,,,,,,,,24,
1984,19127,IA,Marshall County,rural,Midwest,West North Central,572.503,40974,25723,23.4,
1985,19127,IA,Marshall County,RURAL,Midwest,West North Central,572.503,40278,25232,22.8,
1986,19127,IA,Marshall County,rural,Midwest,West North Central,572.503,39653,24772,22.2,
1987,19127,IA,Marshall County,  RURAL ,Midwest,West North Central,572.503,38764,24152,21.6,
1988,19127,IA,Marshall County,rural,Midwest,West North Central,572.503,38404,23867,21,
1989,19127,IA,Marshall County,rural,Midwest,West North Central,572.503,38275,23645,21.6,74
1990,19127,IA,Marshall County,rural,Midwest,West North Central,572.503,38301,23597,22.2,78
1991,19127,IA,Marshall County,rural,Midwest,West North Central,572.503,38209,23528,22.8,95
1992,19127,IA,Marshall County,Rural,Midwest,West North Central,572.503,37907,23409,23.4,94
1993,19127,IA,Marshall County,rural,Midwest,West North Central,572.503,38094,23528,24,101
1994,19127,IA,Marshall County,rural,Midwest,West North Central,572.503,38526,23874,24,102
1995,19127,IA,Marshall County,rural,Midwest,West North Central,572.503,39051,24340,25,111.272727273
1996,19127,IA,Marshall County,rural,Midwest,West North Central,572.503,39103,24454,27,120.545454545
1997,19127,IA,Marshall County,rural,Midwest,West North Central,572.503,39242,24641,27,129.818181818
1998,19127,IA,Marshall County,rural,Midwest,West North Central,572.503,39238,24663,25,139.090909091
1999,19127,IA,Marshall County,rural,Midwest,West North Central,572.503,39313,24773,28,148.363636364
2000,19127,IA,Marshall County,rural,Midwest,West North Central,572.503,39356,24795,47.83333,157.636363636
2000,19127,IA,Marshall County,rural,Midwest,West North Central,572.503,39356,24795,47.83333,157.636363636
2001,19127,IA,Marshall County,rural,Midwest,West North Central,572.503,39414,24946,67.66666,166.909090909
2002,19127,IA,Marshall County,rural,Midwest,West North Central,572.503,39297,25042,87.5,176.181818182
2003,19127,IA,Marshall County,rural,Midwest,West North Central,572.503,39397,25030,107.3333,185.454545455
2004,19127,IA,Marshall County,rural,Midwest,West North Central,572.503,39711,25167,127.1667,194.727272727
2005,19127,IA,Marshall County,rural,Midwest,West North Central,572.503,39646,25058,147,204
2006,19127,IA,Marshall County,  RURAL ,Midwest,West North Central,572.503,39601,24919,135,215
2006,19127,IA,Marshall County,  RURAL ,Midwest,West North Central,572.503,39601,24919,135,215
2007,19127,IA,Marshall County,rural,Midwest,West North Central,572.503,39875,25069,148,204
2008,19127,IA,Marshall County,rural,Midwest,West North Central,572.503,40151,25173,146,174
2009,19127,IA,Marshall County,rural,Midwest,West North Central,572.503,40280,25275,120,184
2010,19127,IA,Marshall County,  RURAL ,Midwest,West North Central,572.503,40648,25483,132,193
2011,19127,IA,Marshall County,rural,Midwest,West North Central,572.503,40687,25517,123,175
2012,19127,IA,Marshall County,rural,Midwest,West North Central,572.503,40953,25726,110,181
2013,19127,IA,Marshall County,rural,Midwest,West North Central,572.503,41007,25525,116,159
2013,19127,IA,Marshall County,rural,Midwest,West North Central,572.503,41007,25525,116,159
2014,19127,IA,Marshall County,rural,Midwest,West North Central,572.503,40913,25358,122,164
2014,19127,IA,Marshall County,rural,Midwest,West North Central,572.503,40913,25358,122,164
2015,19127,IA,Marshall County,rural,Midwest,West North Central,572.503,40672,25097,122,165
2016,19127,IA,Marshall County, rural,Midwest,West North Central,572.503,40346,24849,,
1970,19129,IA,Mills County,small/mid,Midwest,West North Central,437.435,11924,7196,0,
1971,19129,IA,Mills County,small/mid,Midwest,West North Central,437.435,12284,7459,0,
1971,19129,IA,Mills County,small/mid,Midwest,West North Central,437.435,12284,7459,0,
1972,19129,IA,Mills County,small/mid,Midwest,West North Central,437.435,12577,7696,0,
1973,19129,IA,Mills County,small/mid,Midwest,West North Central,437.435,12360,7588,0,
1974,19129,IA,Mills County,small/mid,Midwest,West North Central,437.435,12621,7809,0,
1975,19129,IA,Mills County,small/mid,Midwest,West North Central,437.435,12559,7801,501,
1975,19129,,,,,,,,,0,
1976,19129,IA,Mills County,small/mid,Midwest,West North Central,437.435,12874,8061,0,
1977,19129,IA,Mills County,small/mid,Midwest,West North Central,437.435,13227,8324,0,
1978,19129,IA,Mills County,Small/mid,Midwest,West North Central,437.435,13380,8440,4,
1979,19129,IA,Mills County,small/mid,Midwest,West North Central,437.435,13628,8597,5,
1980,19129,IA,Mills County,small/mid,Midwest,West North Central,437.435,13443,8472,6,
1981,19129,IA,Mills County,small/mid,Midwest,West North Central,437.435,13521,8534,7,
1982,19129,IA,Mills County,small/mid,Midwest,West North Central,437.435,13379,8453,8,
1983,19129,IA,Mills County,small/mid,Midwest,West North Central,437.435,13361,8450,9,
1984,19129,IA,Mills County,small/mid,Midwest,West North Central,437.435,13308,8439,8,
1985,19129,IA,Mills County,small/mid,Midwest,West North Central,437.435,13334,8473,7,
1986,19129,IA,Mills County,small/mid,Midwest,West North Central,437.435,13231,8423,6,
1987,19129,IA,Mills County,small/mid,Midwest,West North Central,437.435,13209,8431,5,
1988,19129,IA,Mills County,small/mid,Midwest,West North Central,437.435,13317,8509,4,
1989,19129,IA,Mills County,small/mid,Midwest,West North Central,437.435,13242,8442,5,12
1990,19129,IA,Mills County,small/mid,Midwest,West North Central,437.435,13168,8398,6,13
1991,19129,IA,Mills County,small/mid,Midwest,West North Central,437.435,13227,8432,7,20
1992,19129,IA,Mills County,small/mid,Midwest,West North Central,437.435,13305,8523,8,16
1993,19129,IA,Mills County,small/mid,Midwest,West North Central,437.435,13275,8497,9,18
1994,19129,IA,Mills County,small/mid,Midwest,West North Central,437.435,13446,8640,8.833333,16
1995,19129,IA,Mills County,small/mid,Midwest,West North Central,437.435,13663,8810,8.666667,16.6363636364
1996,19129,IA,Mills County,small/mid,Midwest,West North Central,437.435,13819,8948,8.5,17.2727272727
1997,19129,IA,Mills County,small/mid,Midwest,West North Central,437.435,14145,9226,8.333333,17.9090909091
1998,19129,IA,Mills County,small/mid,Midwest,West North Central,437.435,14265,9325,8.166667,18.5454545455
1999,19129,IA,Mills County,small/mid,Midwest,West North Central,437.435,14478,9483,8,19.1818181818
2000,19129,IA,Mills County,small/mid,Midwest,West North Central,437.435,14554,9539,8.333333,19.8181818182
2001,19129,IA,Mills County,small/mid,Midwest,West North Central,437.435,14497,9529,8.666667,20.4545454545
2002,19129,IA,Mills County,SMALL/MID,Midwest,West North Central,437.435,14546,9594,9,21.0909090909
2003,19129,IA,Mills County,small/mid,Midwest,West North Central,437.435,14621,9636,9.333333,21.7272727273
2004,19129,IA,Mills County,small/mid,Midwest,West North Central,437.435,14715,9748,9.666667,22.3636363636
2005,19129,IA,Mills County,small/mid,Midwest,West North Central,437.435,14905,9908,10,23
2006,19129,IA,Mills County,small/mid,Midwest,West North Central,437.435,15214,10031,10,20
2007,19129,IA,Mills County,small/mid,Midwest,West North Central,437.435,15239,10065,10,23
2008,19129,IA,Mills County,small/mid,Midwest,West North Central,437.435,15214,9980,10,20
2009,19129,IA,Mills County,small/mid,Midwest,West North Central,437.435,15056,9879,10,16
2010,19129,IA,Mills County,small/mid,Midwest,West North Central,437.435,15059,9925,10,19
2011,19129,IA,Mills County,small/mid,Midwest,West North Central,437.435,15076,9937,550,28
2011,19129,,,,,,,,,10,
2012,19129,IA,Mills County,small/mid,Midwest,West North Central,437.435,15028,9862,10,28
2013,19129,IA,Mills County,small/mid,Midwest,West North Central,437.435,14873,9733,10,35
2014,19129,IA,Mills County,small/mid,Midwest,West North Central,437.435,14907,9673,10,39
2015,19129,IA,Mills County,small/mid,Midwest,West North Central,437.435,14763,9526,10,35
2016,19129,IA,Mills County,small/mid,Midwest,West North Central,437.435,14882,9471,,
1970,19131,IA,Mitchell County,rural,Midwest,West North Central,469.133,13069,7005,0,
1970,19131,IA,Mitchell County,rural,Midwest,West North Central,469.133,13069,7005,0,
1971,19131,IA,Mitchell County,rural,Midwest,West North Central,469.133,12883,6950,0,
1972,19131,IA,Mitchell County,rural,Midwest,West North Central,469.133,12566,6839,0,
1973,19131,IA,Mitchell County,rural,Midwest,West North Central,469.133,12662,7000,0,
1973,19131,IA,Mitchell County,rural,Midwest,West North Central,469.133,12662,7000,0,
1974,19131,IA,Mitchell County,rural,Midwest,West North Central,469.133,12563,7032,0,
1974,19131,IA,Mitchell County,rural,Midwest,West North Central,469.133,12563,7032,0,
1975,19131,IA,Mitchell County,rural,Midwest,West North Central,469.133,12584,7137,0,
1976,19131,IA,Mitchell County,rural,Midwest,West North Central,469.133,12684,7281,0,
1977,19131,IA,Mitchell County,rural,Midwest,West North Central,469.133,12487,7231,0,
1977,19131,IA,Mitchell County,rural,Midwest,West North Central,469.133,12487,7231,0,
1978,19131,IA,Mitchell County,rural,Midwest,West North Central,469.133,12479,7274,0,
1979,19131,IA,Mitchell County,rural,Midwest,West North Central,469.133,12361,7263,0,
1980,19131,IA,Mitchell County,rural,Midwest,West North Central,469.133,12299,7253,0,
1981,19131,IA,Mitchell County,rural,Midwest,West North Central,469.133,12114,7118,0,
1982,19131,IA,Mitchell County,rural  ,Midwest,West North Central,469.133,11942,6981,0,
1983,19131,IA,Mitchell County,rural,Midwest,West North Central,469.133,11844,6895,0,
1984,19131,IA,Mitchell County,rural,Midwest,West North Central,469.133,11588,6729,0,
1985,19131,IA,Mitchell County,rural,Midwest,West North Central,469.133,11430,6615,0,
1986,19131,IA,Mitchell County,rural,Midwest,West North Central,469.133,11257,6493,0,
1987,19131,IA,Mitchell County,rural,Midwest,West North Central,469.133,11148,6403,0,
1987,19131,IA,Mitchell County,rural,Midwest,West North Central,469.133,11148,6403,0,
1988,19131,IA,Mitchell County,Rural,Midwest,West North Central,469.133,11109,6361,1,
1989,19131,IA,Mitchell County,rural,Midwest,West North Central,469.133,11006,6259,1,4
1989,19131,IA,Mitchell County,rural,Midwest,West North Central,469.133,11006,6259,1,4
1990,19131,IA,Mitchell County,rural,Midwest,West North Central,469.133,10919,6192,1,8
1991,19131,IA,Mitchell County,rural  ,Midwest,West North Central,469.133,10897,6153,1,12
1992,19131,IA,Mitchell County,rural,Midwest,West North Central,469.133,10799,6091,1,12
1993,19131,IA,Mitchell County,rural,Midwest,West North Central,469.133,10947,6187,1,9
1993,19131,IA,Mitchell County,rural,Midwest,West North Central,469.133,10947,6187,1,9
1994,19131,IA,Mitchell County,rural,Midwest,West North Central,469.133,10974,6221,1,9
1995,19131,IA,Mitchell County,rural,Midwest,West North Central,469.133,10972,6237,1,8.90909090909
1996,19131,IA,Mitchell County,rural,Midwest,West North Central,469.133,10957,6221,1,8.81818181818
1997,19131,IA,Mitchell County, rural,Midwest,West North Central,469.133,10942,6219,1,8.72727272727
1998,19131,IA,Mitchell County,rural,Midwest,West North Central,469.133,10863,6161,1,8.63636363636
1999,19131,IA,Mitchell County,rural,Midwest,West North Central,469.133,10895,6183,1,8.54545454545
2000,19131,IA,Mitchell County, rural,Midwest,West North Central,469.133,10868,6174,3.833333,8.45454545455
2001,19131,IA,Mitchell County,rural,Midwest,West North Central,469.133,10736,6128,6.666667,8.36363636364
2001,19131,IA,Mitchell County,rural,Midwest,West North Central,469.133,10736,6128,6.666667,8.36363636364
2002,19131,IA,Mitchell County,rural,Midwest,West North Central,469.133,10822,6135,9.5,8.27272727273
2003,19131,IA,Mitchell County,rural  ,Midwest,West North Central,469.133,10830,6189,12.33333,8.18181818182
2004,19131,IA,Mitchell County,rural,Midwest,West North Central,469.133,10898,6286,15.16667,8.09090909091
2005,19131,IA,Mitchell County,rural,Midwest,West North Central,469.133,10800,6279,18,8
2006,19131,IA,Mitchell County,rural,Midwest,West North Central,469.133,10836,6332,16.125,4
2007,19131,IA,Mitchell County,rural,Midwest,West North Central,469.133,10812,6311,14.25,6
2007,19131,IA,Mitchell County,rural,Midwest,West North Central,469.133,10812,6311,14.25,6
2008,19131,IA,Mitchell County,rural,Midwest,West North Central,469.133,10815,6309,12.375,4
2009,19131,IA,Mitchell County,rural,Midwest,West North Central,469.133,10763,6272,10.5,5
2010,19131,IA,Mitchell County,rural,Midwest,West North Central,469.133,10772,6253,8.625,4
2011,19131,IA,Mitchell County,rural,Midwest,West North Central,469.133,10788,6271,6.75,
2012,19131,IA,Mitchell County,rural,Midwest,West North Central,469.133,10702,6298,4.875,4
2012,19131,IA,Mitchell County,rural,Midwest,West North Central,469.133,10702,6298,4.875,4
2013,19131,IA,Mitchell County,rural,Midwest,West North Central,469.133,10711,6289,3,5
2014,19131,IA,Mitchell County,rural,Midwest,West North Central,469.133,10663,6275,3,5
2015,19131,IA,Mitchell County,rural,Midwest,West North Central,469.133,10693,6313,543,12
2015,19131,,,,,,,,,3,
2016,19131,IA,Mitchell County,rural,Midwest,West North Central,469.133,10671,6311,,
1970,19133,IA,Monona County,rural,Midwest,West North Central,694.072,12061,6922,0,
1971,19133,IA,Monona County,rural,Midwest,West North Central,694.072,12041,6913,0,
1972,19133,IA,Monona County,rural,Midwest,West North Central,694.072,12243,7087,0,
1973,19133,IA,Monona County,rural,Midwest,West North Central,694.072,12153,7064,0,
1974,19133,IA,Monona County,rural,Midwest,West North Central,694.072,11983,6957,0,
1974,19133,IA,Monona County,rural,Midwest,West North Central,694.072,11983,6957,0,
1975,19133,IA,Monona County,rural,Midwest,West North Central,694.072,12022,7002,0,
1976,19133,IA,Monona County,rural,Midwest,West North Central,694.072,12067,7099,0,
1977,19133,IA,Monona County,rural,Midwest,West North Central,694.072,12164,7215,0,
1977,19133,IA,Monona County,rural,Midwest,West North Central,694.072,12164,7215,0,
1978,19133,IA,Monona County,rural,Midwest,West North Central,694.072,12237,7300,4,
1978,19133,IA,Monona County,rural,Midwest,West North Central,694.072,12237,7300,4,
1979,19133,IA,Monona County,rural,Midwest,West North Central,694.072,12197,7301,3.6,
1979,19133,IA,Monona County,rural,Midwest,West North Central,694.072,12197,7301,3.6,
1980,19133,IA,Monona County,rural,Midwest,West North Central,694.072,11665,6905,3.2,
1981,19133,IA,Monona County,rural,Midwest,West North Central,694.072,11518,6782,2.8,
1982,19133,IA,Monona County,rural,Midwest,West North Central,694.072,11404,6668,2.4,
1983,19133,IA,Monona County,rural,Midwest,West North Central,694.072,11420,6637,2,
1984,19133,IA,Monona County,rural,Midwest,West North Central,694.072,11204,6482,2.4,
1985,19133,IA,Monona County,rural,Midwest,West North Central,694.072,10837,6237,2.8,
1985,19133,IA,Monona County,rural,Midwest,West North Central,694.072,10837,6237,2.8,
1986,19133,IA,Monona County,rural,Midwest,West North Central,694.072,10525,6021,3.2,
1987,19133,IA,Monona County,rural,Midwest,West North Central,694.072,10342,5878,3.6,
1988,19133,IA,Monona County,rural,Midwest,West North Central,694.072,10295,5820,4,
1989,19133,IA,Monona County,rural,Midwest,West North Central,694.072,10156,5687,2,5
1989,19133,IA,Monona County,rural,Midwest,West North Central,694.072,10156,5687,2,5
1990,19133,IA,Monona County,rural,Midwest,West North Central,694.072,10003,5573,6,4
1991,19133,IA,Monona County,rural,Midwest,West North Central,694.072,9978,5540,7,5
1992,19133,IA,Monona County,Rural,Midwest,West North Central,694.072,10045,5587,4,5
1993,19133,IA,Monona County,rural,Midwest,West North Central,694.072,10070,5626,4,4
1994,19133,IA,Monona County,rural,Midwest,West North Central,694.072,10092,5666,4.833333,5
1995,19133,IA,Monona County,rural,Midwest,West North Central,694.072,10059,5673,5.666667,5.45454545455
1996,19133,IA,Monona County,rural,Midwest,West North Central,694.072,10069,5709,585,5.90909090909
1996,19133,,,,,,,,,6.5,
1997,19133,IA,Monona County, rural,Midwest,West North Central,694.072,10121,5748,7.333333,6.36363636364
1998,19133,IA,Monona County,rural,Midwest,West North Central,694.072,10047,5731,8.166667,6.81818181818
1999,19133,IA,Monona County,rural,Midwest,West North Central,694.072,10056,5758,9,7.27272727273
2000,19133,IA,Monona County,rural,Midwest,West North Central,694.072,10009,5755,9.333333,7.72727272727
2001,19133,IA,Monona County,rural,Midwest,West North Central,694.072,9860,5660,9.666667,8.18181818182
2002,19133,IA,Monona County, rural,Midwest,West North Central,694.072,9791,5662,10,8.63636363636
2003,19133,IA,Monona County,rural,Midwest,West North Central,694.072,9819,5684,10.33333,9.09090909091
2004,19133,IA,Monona County,rural,Midwest,West North Central,694.072,9681,5670,10.66667,9.54545454545
2005,19133,IA,Monona County,rural,Midwest,West North Central,694.072,9566,5623,11,10
2006,19133,IA,Monona County,RURAL,Midwest,West North Central,694.072,9479,5531,11.375,5
2007,19133,IA,Monona County,rural,Midwest,West North Central,694.072,9423,5546,11.75,9
2008,19133,IA,Monona County,rural,Midwest,West North Central,694.072,9350,5460,12.125,9
2009,19133,IA,Monona County,rural,Midwest,West North Central,694.072,9247,5404,12.5,7
2009,19133,IA,Monona County,rural,Midwest,West North Central,694.072,9247,5404,12.5,7
2010,19133,IA,Monona County,  RURAL ,Midwest,West North Central,694.072,9242,5401,12.875,5
2011,19133,IA,Monona County,rural,Midwest,West North Central,694.072,9248,5404,13.25,10
2012,19133,IA,Monona County,rural,Midwest,West North Central,694.072,9235,5406,13.625,16
2013,19133,IA,Monona County,rural,Midwest,West North Central,694.072,9089,5336,14,29
2014,19133,IA,Monona County,Rural,Midwest,West North Central,694.072,9028,5288,14,22
2015,19133,IA,Monona County,rural,Midwest,West North Central,694.072,8894,5214,14,23
2016,19133,IA,Monona County,rural,Midwest,West North Central,694.072,8863,5195,,
1970,19135,IA,Monroe County,rural,Midwest,West North Central,433.715,9384,5244,7,
1971,19135,IA,Monroe County,rural,Midwest,West North Central,433.715,9463,5343,6.923077,
1972,19135,IA,Monroe County,RURAL,Midwest,West North Central,433.715,9434,5381,6.846154,
1973,19135,IA,Monroe County,rural,Midwest,West North Central,433.715,9361,5389,6.769231,
1974,19135,IA,Monroe County,rural,Midwest,West North Central,433.715,9274,5385,6.692307,
1975,19135,IA,Monroe County,rural,Midwest,West North Central,433.715,9281,5441,6.615385,
1976,19135,IA,Monroe County,rural,Midwest,West North Central,433.715,9335,5533,6.538462,
1977,19135,IA,Monroe County,rural,Midwest,West North Central,433.715,9447,5648,6.461538,
1978,19135,IA,Monroe County,rural,Midwest,West North Central,433.715,9402,5649,6.384615,
1979,19135,IA,Monroe County,rural,Midwest,West North Central,433.715,9614,5843,6.307693,
1980,19135,IA,Monroe County,rural,Midwest,West North Central,433.715,9200,5537,6.230769,
1981,19135,IA,Monroe County,rural,Midwest,West North Central,433.715,9112,5465,6.153846,
1982,19135,IA,Monroe County,rural,Midwest,West North Central,433.715,8950,5348,6.076923,
1983,19135,IA,Monroe County,rural,Midwest,West North Central,433.715,8852,5264,6,
1984,19135,IA,Monroe County,rural,Midwest,West North Central,433.715,8696,5161,5.4,
1985,19135,IA,Monroe County,rural,Midwest,West North Central,433.715,8585,5085,4.8,
1986,19135,IA,Monroe County,rural,Midwest,West North Central,433.715,8359,4927,557,
1986,19135,,,,,,,,,4.2,
1987,19135,IA,Monroe County,rural,Midwest,West North Central,433.715,8245,4844,3.6,
1988,19135,IA,Monroe County,rural,Midwest,West North Central,433.715,8149,4773,3,
1989,19135,IA,Monroe County,rural,Midwest,West North Central,433.715,8090,4703,3.2,16
1990,19135,IA,Monroe County,rural,Midwest,West North Central,433.715,8130,4718,3.4,18
1991,19135,IA,Monroe County,rural,Midwest,West North Central,433.715,8169,4739,3.6,18
1992,19135,IA,Monroe County,  RURAL ,Midwest,West North Central,433.715,8209,4792,3.8,13
1993,19135,IA,Monroe County,rural,Midwest,West North Central,433.715,8175,4803,4,13
1994,19135,IA,Monroe County,rural,Midwest,West North Central,433.715,8184,4852,4,16
1995,19135,IA,Monroe County,rural,Midwest,West North Central,433.715,8203,4909,8,15.6363636364
1996,19135,IA,Monroe County,rural,Midwest,West North Central,433.715,8129,4864,15,15.2727272727
1997,19135,IA,Monroe County,rural,Midwest,West North Central,433.715,8132,4863,15,14.9090909091
1998,19135,IA,Monroe County,rural,Midwest,West North Central,433.715,8080,4841,17,14.5454545455
1999,19135,IA,Monroe County,rural,Midwest,West North Central,433.715,8061,4816,13,14.1818181818
2000,19135,IA,Monroe County,rural,Midwest,West North Central,433.715,8005,4794,12,13.8181818182
2001,19135,IA,Monroe County,  RURAL ,Midwest,West North Central,433.715,7986,4791,11,13.4545454545
2002,19135,IA,Monroe County,Rural,Midwest,West North Central,433.715,7887,4776,10,13.0909090909
2003,19135,IA,Monroe County,  RURAL ,Midwest,West North Central,433.715,7954,4845,9,12.7272727273
2004,19135,IA,Monroe County,rural,Midwest,West North Central,433.715,7969,4875,8,12.3636363636
2004,19135,IA,Monroe County,rural,Midwest,West North Central,433.715,7969,4875,8,12.3636363636
2005,19135,IA,Monroe County,rural,Midwest,West North Central,433.715,7955,4888,7,12
2006,19135,IA,Monroe County,rural,Midwest,West North Central,433.715,7911,4865,7.125,16
2007,19135,IA,Monroe County,rural,Midwest,West North Central,433.715,7877,4842,7.25,14
2008,19135,IA,Monroe County,rural,Midwest,West North Central,433.715,7904,4880,7.375,12
2009,19135,IA,Monroe County,rural,Midwest,West North Central,433.715,7924,4899,7.5,16
2010,19135,IA,Monroe County,rural,Midwest,West North Central,433.715,7970,4915,7.625,16
2011,19135,IA,Monroe County,rural,Midwest,West North Central,433.715,7995,4927,7.75,16
2012,19135,IA,Monroe County,rural,Midwest,West North Central,433.715,8059,4973,7.875,21
2013,19135,IA,Monroe County,rural,Midwest,West North Central,433.715,8073,4943,8,22
2014,19135,IA,Monroe County,rural,Midwest,West North Central,433.715,7978,4917,8,15
2015,19135,IA,Monroe County,rural,Midwest,West North Central,433.715,7957,4878,8,13
2016,19135,IA,Monroe County,rural,Midwest,West North Central,433.715,7925,4867,,
1970,19137,IA,Montgomery County,rural  ,Midwest,West North Central,424.097,12851,7278,0,
1971,19137,IA,Montgomery County,rural,Midwest,West North Central,424.097,13126,7490,0,
1972,19137,IA,Montgomery County,rural,Midwest,West North Central,424.097,13544,7827,0,
1973,19137,IA,Montgomery County,rural,Midwest,West North Central,424.097,13110,7568,0,
1974,19137,IA,Montgomery County,  RURAL ,Midwest,West North Central,424.097,13138,7617,0,
1975,19137,IA,Montgomery County,rural,Midwest,West North Central,424.097,13211,7688,0,
1975,19137,IA,Montgomery County,rural,Midwest,West North Central,424.097,13211,7688,0,
1976,19137,IA,Montgomery County,rural,Midwest,West North Central,424.097,13337,7813,0,
1977,19137,IA,Montgomery County,rural,Midwest,West North Central,424.097,13590,8004,0,
1978,19137,IA,Montgomery County,rural,Midwest,West North Central,424.097,13476,7969,6,
1979,19137,IA,Montgomery County,rural,Midwest,West North Central,424.097,13439,7954,5.6,
1980,19137,IA,Montgomery County,rural,Midwest,West North Central,424.097,13413,7924,5.2,
1981,19137,IA,Montgomery County,rural,Midwest,West North Central,424.097,13363,7879,557,
1981,19137,,,,,,,,,4.8,
1982,19137,IA,Montgomery County,rural,Midwest,West North Central,424.097,13146,7726,4.4,
1983,19137,IA,Montgomery County,rural,Midwest,West North Central,424.097,13130,7694,4,
1984,19137,IA,Montgomery County,rural,Midwest,West North Central,424.097,13167,7703,4,
1984,19137,IA,Montgomery County,rural,Midwest,West North Central,424.097,13167,7703,4,
1985,19137,IA,Montgomery County,rural,Midwest,West North Central,424.097,12838,7497,4,
1986,19137,IA,Montgomery County,rural,Midwest,West North Central,424.097,12344,7192,4,
1987,19137,IA,Montgomery County,rural,Midwest,West North Central,424.097,12089,7031,4,
1988,19137,IA,Montgomery County,rural,Midwest,West North Central,424.097,12061,7001,4,
1989,19137,IA,Montgomery County,rural,Midwest,West North Central,424.097,12110,6990,4.2,4
1990,19137,IA,Montgomery County,rural,Midwest,West North Central,424.097,12074,6966,4.4,11
1991,19137,IA,Montgomery County,rural,Midwest,West North Central,424.097,11980,6887,4.6,9
1992,19137,IA,Montgomery County,rural,Midwest,West North Central,424.097,11916,6888,4.8,7
1992,19137,IA,Montgomery County,rural,Midwest,West North Central,424.097,11916,6888,4.8,7
1993,19137,IA,Montgomery County, rural,Midwest,West North Central,424.097,12053,6980,5,9
1994,19137,IA,Montgomery County,rural,Midwest,West North Central,424.097,11992,6977,6,11
1995,19137,IA,Montgomery County,rural,Midwest,West North Central,424.097,11947,6979,14,11.7272727273
1996,19137,IA,Montgomery County,rural,Midwest,West North Central,424.097,11917,6975,10,12.4545454545
1997,19137,IA,Montgomery County,rural,Midwest,West North Central,424.097,11889,6994,13,13.1818181818
1998,19137,IA,Montgomery County,rural,Midwest,West North Central,424.097,11890,7031,12,13.9090909091
1999,19137,IA,Montgomery County,rural,Midwest,West North Central,424.097,11767,6972,14,14.6363636364
2000,19137,IA,Montgomery County,rural,Midwest,West North Central,424.097,11793,7028,13,15.3636363636
2001,19137,IA,Montgomery County,rural,Midwest,West North Central,424.097,11509,6902,578,16.0909090909
2001,19137,,,,,,,,,12,
2002,19137,IA,Montgomery County,RURAL,Midwest,West North Central,424.097,11313,6795,11,16.8181818182
2003,19137,IA,Montgomery County,RURAL,Midwest,West North Central,424.097,11211,6706,10,17.5454545455
2004,19137,IA,Montgomery County,rural,Midwest,West North Central,424.097,11191,6776,9,18.2727272727
2005,19137,IA,Montgomery County,rural,Midwest,West North Central,424.097,11214,6778,8,19
2006,19137,IA,Montgomery County,rural,Midwest,West North Central,424.097,11179,6767,7.5,12
2007,19137,IA,Montgomery County,rural,Midwest,West North Central,424.097,10981,6626,7,12
2008,19137,IA,Montgomery County,rural,Midwest,West North Central,424.097,10823,6540,6.5,16
2009,19137,IA,Montgomery County, rural,Midwest,West North Central,424.097,10803,6568,6,15
2010,19137,IA,Montgomery County,rural,Midwest,West North Central,424.097,10740,6569,5.5,15
2011,19137,IA,Montgomery County,rural,Midwest,West North Central,424.097,10689,6555,5,14
2012,19137,IA,Montgomery County,rural,Midwest,West North Central,424.097,10630,6522,4.5,16
2013,19137,IA,Montgomery County,Rural,Midwest,West North Central,424.097,10540,6431,4,16
2014,19137,IA,Montgomery County,rural,Midwest,West North Central,424.097,10397,6343,4,17
2015,19137,IA,Montgomery County,rural,Midwest,West North Central,424.097,10378,6321,4,9
2016,19137,IA,Montgomery County,rural,Midwest,West North Central,424.097,10149,6203,,
1970,19139,IA,Muscatine County,Rural,Midwest,West North Central,437.445,37311,21661,10,
1970,19139,IA,Muscatine County,Rural,Midwest,West North Central,437.445,37311,21661,10,
1971,19139,IA,Muscatine County,rural,Midwest,West North Central,437.445,37853,22154,9.75,
1972,19139,IA,Muscatine County,rural,Midwest,West North Central,437.445,38117,22522,9.5,
1973,19139,IA,Muscatine County,rural,Midwest,West North Central,437.445,38473,22967,9.25,
1974,19139,IA,Muscatine County,rural,Midwest,West North Central,437.445,38986,23526,9,
1975,19139,IA,Muscatine County,rural,Midwest,West North Central,437.445,39754,24254,8.75,
1976,19139,IA,Muscatine County,rural,Midwest,West North Central,437.445,40228,24735,8.5,
1977,19139,IA,Muscatine County,rural,Midwest,West North Central,437.445,40387,25028,8.25,
1978,19139,IA,Muscatine County,rural,Midwest,West North Central,437.445,40478,25254,8,
1979,19139,IA,Muscatine County,rural,Midwest,West North Central,437.445,40491,25403,8.2,
1980,19139,IA,Muscatine County,rural,Midwest,West North Central,437.445,40589,25500,8.4,
1981,19139,IA,Muscatine County,rural,Midwest,West North Central,437.445,40999,25779,8.6,
1982,19139,IA,Muscatine County,rural,Midwest,West North Central,437.445,41403,26030,8.8,
1983,19139,IA,Muscatine County,rural,Midwest,West North Central,437.445,41068,25831,9,
1984,19139,IA,Muscatine County,  RURAL ,Midwest,West North Central,437.445,40852,25738,11.6,
1985,19139,IA,Muscatine County,Rural,Midwest,West North Central,437.445,40417,25502,14.2,
1986,19139,IA,Muscatine County,rural,Midwest,West North Central,437.445,40028,25286,16.8,
1987,19139,IA,Muscatine County,rural  ,Midwest,West North Central,437.445,39540,25012,19.4,
1988,19139,IA,Muscatine County,rural,Midwest,West North Central,437.445,39737,25158,22,
1989,19139,IA,Muscatine County,rural,Midwest,West North Central,437.445,39759,25084,24.8,47
1990,19139,IA,Muscatine County,rural,Midwest,West North Central,437.445,39969,25244,27.6,75
1991,19139,IA,Muscatine County,rural,Midwest,West North Central,437.445,40538,25616,30.4,93
1991,19139,IA,Muscatine County,rural,Midwest,West North Central,437.445,40538,25616,30.4,93
1992,19139,IA,Muscatine County,rural,Midwest,West North Central,437.445,40831,25974,33.2,93
1993,19139,IA,Muscatine County,rural,Midwest,West North Central,437.445,41192,26300,36,101
1994,19139,IA,Muscatine County,rural,Midwest,West North Central,437.445,41246,26453,49.16667,87
1995,19139,IA,Muscatine County,rural,Midwest,West North Central,437.445,41440,26750,62.33333,90.0909090909
1995,19139,IA,Muscatine County,rural,Midwest,West North Central,437.445,41440,26750,62.33333,90.0909090909
1996,19139,IA,Muscatine County,rural,Midwest,West North Central,437.445,41274,26685,75.5,93.1818181818
1997,19139,IA,Muscatine County,rural,Midwest,West North Central,437.445,41280,26723,88.66666,96.2727272727
1998,19139,IA,Muscatine County,rural,Midwest,West North Central,437.445,41417,26836,101.8333,99.3636363636
1999,19139,IA,Muscatine County,rural,Midwest,West North Central,437.445,41587,26971,115,102.454545455
2000,19139,IA,Muscatine County,rural,Midwest,West North Central,437.445,41791,27144,114.6667,105.545454545
2001,19139,IA,Muscatine County,rural,Midwest,West North Central,437.445,41760,27092,114.3333,108.636363636
2002,19139,IA,Muscatine County,  RURAL ,Midwest,West North Central,437.445,41757,27053,114,111.727272727
2003,19139,IA,Muscatine County,rural,Midwest,West North Central,437.445,41654,26936,113.6667,114.818181818
2004,19139,IA,Muscatine County,rural,Midwest,West North Central,437.445,41758,27054,113.3333,117.909090909
2005,19139,IA,Muscatine County,rural,Midwest,West North Central,437.445,41894,27228,113,121
2006,19139,IA,Muscatine County,rural,Midwest,West North Central,437.445,42145,27425,112,132
2007,19139,IA,Muscatine County,rural,Midwest,West North Central,437.445,42325,27578,113,134
2008,19139,IA,Muscatine County,rural,Midwest,West North Central,437.445,42515,27567,110,158
2008,19139,IA,Muscatine County,rural,Midwest,West North Central,437.445,42515,27567,110,158
2009,19139,IA,Muscatine County,rural,Midwest,West North Central,437.445,42783,27671,110,135
2010,19139,IA,Muscatine County,rural,Midwest,West North Central,437.445,42749,27643,121,128
2011,19139,IA,Muscatine County,rural,Midwest,West North Central,437.445,42741,27648,146,111
2011,19139,IA,Muscatine County,rural,Midwest,West North Central,437.445,42741,27648,146,111
2012,19139,IA,Muscatine County,rural,Midwest,West North Central,437.445,42771,27640,257,130
2013,19139,IA,Muscatine County,rural,Midwest,West North Central,437.445,42860,27544,187,125
2014,19139,IA,Muscatine County,rural,Midwest,West North Central,437.445,42931,27507,181,138
2015,19139,IA,Muscatine County,rural,Midwest,West North Central,437.445,42936,27406,183,146
2016,19139,IA,Muscatine County,rural,Midwest,West North Central,437.445,42964,27335,,
1970,19141,IA,O'Brien County,small/mid,Midwest,West North Central,573.035,17585,9845,0,
1971,19141,IA,O'Brien County,rural,Midwest,West North Central,573.035,17810,10097,0,
1972,19141,IA,O'Brien County,rural,Midwest,West North Central,573.035,17774,10209,0,
1973,19141,IA,O'Brien County,small/mid,Midwest,West North Central,573.035,17427,10111,0,
1974,19141,IA,O'Brien County,small/mid,Midwest,West North Central,573.035,17474,10284,0,
1975,19141,IA,O'Brien County,rural,Midwest,West North Central,573.035,17430,10394,0,
1976,19141,IA,O'Brien County,rural,Midwest,West North Central,573.035,17400,10448,0,
1977,19141,IA,O'Brien County,rural,Midwest,West North Central,573.035,17355,10484,0,
1978,19141,IA,O'Brien County,rural,Midwest,West North Central,573.035,17247,10435,0,
1979,19141,IA,O'Brien County,  RURAL ,Midwest,West North Central,573.035,17046,10336,0,
1980,19141,IA,O'Brien County,rural,Midwest,West North Central,573.035,16990,10302,0,
1981,19141,IA,O'Brien County,small/mid,Midwest,West North Central,573.035,16968,10225,0,
1982,19141,IA,O'Brien County,rural,Midwest,West North Central,573.035,16860,10088,0,
1983,19141,IA,O'Brien County,rural,Midwest,West North Central,573.035,16914,10060,5,
1984,19141,IA,O'Brien County,small/mid,Midwest,West North Central,573.035,16697,9882,4.2,
1984,19141,IA,O'Brien County,small/mid,Midwest,West North Central,573.035,16697,9882,4.2,
1985,19141,IA,O'Brien County,small/mid,Midwest,West North Central,573.035,16317,9608,3.4,
1986,19141,IA,O'Brien County,rural,Midwest,West North Central,573.035,15925,9318,2.6,
1987,19141,IA,O'Brien County,rural,Midwest,West North Central,573.035,15609,9078,1.8,
1988,19141,IA,O'Brien County,rural,Midwest,West North Central,573.035,15555,8996,1,
1989,19141,IA,O'Brien County,rural,Midwest,West North Central,573.035,15520,8882,1.4,6
1990,19141,IA,O'Brien County,rural,Midwest,West North Central,573.035,15451,8789,1.8,9
1991,19141,IA,O'Brien County,rural,Midwest,West North Central,573.035,15530,8855,2.2,14
1992,19141,IA,O'Brien County,rural,Midwest,West North Central,573.035,15638,8950,2.6,13
1993,19141,IA,O'Brien County,rural,Midwest,West North Central,573.035,15635,8967,3,19
1994,19141,IA,O'Brien County,small/mid,Midwest,West North Central,573.035,15646,9042,3.666667,15
1995,19141,IA,O'Brien County,small/mid,Midwest,West North Central,573.035,15647,9122,4.333333,20.4545454545
1996,19141,IA,O'Brien County,rural,Midwest,West North Central,573.035,15456,9044,5,25.9090909091
1997,19141,IA,O'Brien County,rural,Midwest,West North Central,573.035,15498,9095,5.666667,31.3636363636
1997,19141,IA,O'Brien County,rural,Midwest,West North Central,573.035,15498,9095,5.666667,31.3636363636
1998,19141,IA,O'Brien County,small/mid,Midwest,West North Central,573.035,15457,9100,6.333333,36.8181818182
1999,19141,IA,O'Brien County,rural,Midwest,West North Central,573.035,15200,8955,7,42.2727272727
2000,19141,IA,O'Brien County,rural,Midwest,West North Central,573.035,15067,8919,11,47.7272727273
2001,19141,IA,O'Brien County,rural,Midwest,West North Central,573.035,14950,8842,15,53.1818181818
2002,19141,IA,O'Brien County,rural,Midwest,West North Central,573.035,14808,8812,19,58.6363636364
2003,19141,IA,O'Brien County, rural,Midwest,West North Central,573.035,14762,8777,23,64.0909090909
2004,19141,IA,O'Brien County,small/mid,Midwest,West North Central,573.035,14564,8641,27,69.5454545455
2005,19141,IA,O'Brien County,small/mid,Midwest,West North Central,573.035,14552,8675,31,75
2006,19141,IA,O'Brien County,small/mid,Midwest,West North Central,573.035,14558,8664,31.375,90
2007,19141,IA,O'Brien County,rural,Midwest,West North Central,573.035,14421,8583,31.75,67
2008,19141,IA,O'Brien County,small/mid,Midwest,West North Central,573.035,14332,8532,32.125,52
2009,19141,IA,O'Brien County,rural,Midwest,West North Central,573.035,14412,8591,32.5,61
2010,19141,IA,O'Brien County,small/mid,Midwest,West North Central,573.035,14398,8654,32.875,78
2011,19141,IA,O'Brien County,rural,Midwest,West North Central,573.035,14408,8663,33.25,49
2012,19141,IA,O'Brien County,  RURAL ,Midwest,West North Central,573.035,14218,8572,33.625,43
2013,19141,IA,O'Brien County,rural,Midwest,West North Central,573.035,14154,8538,34,11
2014,19141,IA,O'Brien County,rural,Midwest,West North Central,573.035,14044,8445,34,17
2015,19141,IA,O'Brien County,small/mid,Midwest,West North Central,573.035,14036,8388,34,19
2016,19141,IA,O'Brien County,rural,Midwest,West North Central,573.035,13919,8336,,
1970,19143,IA,Osceola County,rural,Midwest,West North Central,398.687,8543,4810,0,
1971,19143,IA,Osceola County,rural,Midwest,West North Central,398.687,8473,4796,0,
1972,19143,IA,Osceola County,rural,Midwest,West North Central,398.687,8511,4860,0,
1973,19143,IA,Osceola County,rural,Midwest,West North Central,398.687,8612,4982,0,
1974,19143,IA,Osceola County,  RURAL ,Midwest,West North Central,398.687,8579,5019,0,
1975,19143,IA,Osceola County,rural,Midwest,West North Central,398.687,8390,4946,0,
1975,19143,IA,Osceola County,rural,Midwest,West North Central,398.687,8390,4946,0,
1976,19143,IA,Osceola County,rural,Midwest,West North Central,398.687,8496,5053,0,
1977,19143,IA,Osceola County,rural,Midwest,West North Central,398.687,8385,4993,0,
1978,19143,IA,Osceola County,rural,Midwest,West North Central,398.687,8424,5032,5,
1979,19143,IA,Osceola County,rural,Midwest,West North Central,398.687,8489,5088,4.4,
1980,19143,IA,Osceola County,rural,Midwest,West North Central,398.687,8356,4988,3.8,
1981,19143,IA,Osceola County,rural,Midwest,West North Central,398.687,8255,4911,3.2,
1982,19143,IA,Osceola County,rural,Midwest,West North Central,398.687,8122,4816,2.6,
1983,19143,IA,Osceola County,Rural,Midwest,West North Central,398.687,8130,4802,2,
1984,19143,IA,Osceola County,rural,Midwest,West North Central,398.687,8059,4751,2.4,
1985,19143,IA,Osceola County, rural,Midwest,West North Central,398.687,7757,4573,2.8,
1985,19143,IA,Osceola County, rural,Midwest,West North Central,398.687,7757,4573,2.8,
1986,19143,IA,Osceola County,rural,Midwest,West North Central,398.687,7539,4430,3.2,
1987,19143,IA,Osceola County,rural,Midwest,West North Central,398.687,7358,4309,3.6,
1988,19143,IA,Osceola County,rural  ,Midwest,West North Central,398.687,7345,4289,4,
1988,19143,IA,Osceola County,rural  ,Midwest,West North Central,398.687,7345,4289,4,
1989,19143,IA,Osceola County,rural,Midwest,West North Central,398.687,7259,4211,3.8,
1990,19143,IA,Osceola County,rural,Midwest,West North Central,398.687,7285,4215,3.6,
1991,19143,IA,Osceola County,rural,Midwest,West North Central,398.687,7290,4207,3.4,0
1992,19143,IA,Osceola County,rural,Midwest,West North Central,398.687,7246,4217,3.2,
1993,19143,IA,Osceola County,rural,Midwest,West North Central,398.687,7239,4232,3,
1994,19143,IA,Osceola County,rural,Midwest,West North Central,398.687,7217,4237,543,
1994,19143,,,,,,,,,3.5,
1995,19143,IA,Osceola County,rural,Midwest,West North Central,398.687,7138,4208,4,
1996,19143,IA,Osceola County,rural,Midwest,West North Central,398.687,7156,4261,4.5,
1997,19143,IA,Osceola County,rural,Midwest,West North Central,398.687,7167,4280,5,
1998,19143,IA,Osceola County,rural,Midwest,West North Central,398.687,7087,4229,5.5,3.18181818182
1999,19143,IA,Osceola County,rural,Midwest,West North Central,398.687,7049,4207,6,3.72727272727
2000,19143,IA,Osceola County, rural,Midwest,West North Central,398.687,6985,4190,571,4.27272727273
2000,19143,,,,,,,,,5.666667,
2001,19143,IA,Osceola County,rural,Midwest,West North Central,398.687,6963,4174,5.333333,4.81818181818
2001,19143,IA,Osceola County,rural,Midwest,West North Central,398.687,6963,4174,5.333333,4.81818181818
2002,19143,IA,Osceola County,rural,Midwest,West North Central,398.687,6899,4145,5,5.36363636364
2003,19143,IA,Osceola County,rural,Midwest,West North Central,398.687,6888,4151,4.666667,5.90909090909
2004,19143,IA,Osceola County,rural,Midwest,West North Central,398.687,6863,4145,4.333333,6.45454545455
2005,19143,IA,Osceola County, rural,Midwest,West North Central,398.687,6743,4086,4,7
2006,19143,IA,Osceola County,rural,Midwest,West North Central,398.687,6713,4118,3.875,6
2007,19143,IA,Osceola County, rural,Midwest,West North Central,398.687,6600,4042,543,6
2007,19143,,,,,,,,,3.75,
2008,19143,IA,Osceola County,  RURAL ,Midwest,West North Central,398.687,6617,4077,3.625,6
2009,19143,IA,Osceola County,rural,Midwest,West North Central,398.687,6509,4016,3.5,4
2010,19143,IA,Osceola County,rural,Midwest,West North Central,398.687,6462,3971,3.375,
2011,19143,IA,Osceola County,rural  ,Midwest,West North Central,398.687,6455,3974,3.25,
2012,19143,IA,Osceola County,rural,Midwest,West North Central,398.687,6313,3889,3.125,
2013,19143,IA,Osceola County,rural,Midwest,West North Central,398.687,6203,3787,3,6
2014,19143,IA,Osceola County,rural,Midwest,West North Central,398.687,6232,3765,3,6
2015,19143,IA,Osceola County,rural,Midwest,West North Central,398.687,6227,3727,3,7
2016,19143,IA,Osceola County,rural,Midwest,West North Central,398.687,6159,3655,,
1970,19145,IA,Page County,rural,Midwest,West North Central,534.944,18631,10974,16,
1971,19145,IA,Page County,rural,Midwest,West North Central,534.944,18993,11242,14.75,
1972,19145,IA,Page County,rural,Midwest,West North Central,534.944,19268,11474,13.5,
1972,19145,IA,Page County,rural,Midwest,West North Central,534.944,19268,11474,13.5,
1973,19145,IA,Page County,rural,Midwest,West North Central,534.944,18936,11272,12.25,
1974,19145,IA,Page County,rural,Midwest,West North Central,534.944,19068,11396,11,
1975,19145,IA,Page County,rural,Midwest,West North Central,534.944,19020,11388,9.75,
1976,19145,IA,Page County,rural,Midwest,West North Central,534.944,19118,11492,8.5,
1976,19145,IA,Page County,rural,Midwest,West North Central,534.944,19118,11492,8.5,
1977,19145,IA,Page County,rural,Midwest,West North Central,534.944,19256,11578,7.25,
1978,19145,IA,Page County,rural,Midwest,West North Central,534.944,19280,11599,6,
1979,19145,IA,Page County,rural,Midwest,West North Central,534.944,19360,11657,7,
1980,19145,IA,Page County,rural,Midwest,West North Central,534.944,19053,11394,8,
1981,19145,IA,Page County,rural,Midwest,West North Central,534.944,18914,11291,9,
1982,19145,IA,Page County,rural,Midwest,West North Central,534.944,18608,11074,10,
1983,19145,IA,Page County,Rural,Midwest,West North Central,534.944,18357,10891,11,
1984,19145,IA,Page County,Rural,Midwest,West North Central,534.944,18179,10778,7.5,
1985,19145,IA,Page County,rural,Midwest,West North Central,534.944,17786,10534,4,
1986,19145,IA,Page County,rural,Midwest,West North Central,534.944,17301,10222,6,
1987,19145,IA,Page County,rural,Midwest,West North Central,534.944,16965,10009,9,
1988,19145,IA,Page County,rural,Midwest,West North Central,534.944,16738,9853,8,
1989,19145,IA,Page County,rural,Midwest,West North Central,534.944,16841,9862,8.4,13
1990,19145,IA,Page County,rural,Midwest,West North Central,534.944,16874,9863,8.8,12
1991,19145,IA,Page County,rural,Midwest,West North Central,534.944,16861,9876,9.2,11
1992,19145,IA,Page County,rural,Midwest,West North Central,534.944,16678,9785,9.6,14
1993,19145,IA,Page County,rural  ,Midwest,West North Central,534.944,16652,9788,10,10
1994,19145,IA,Page County,rural,Midwest,West North Central,534.944,16784,9939,10.66667,11
1994,19145,IA,Page County,rural,Midwest,West North Central,534.944,16784,9939,10.66667,11
1995,19145,IA,Page County,rural,Midwest,West North Central,534.944,16729,9960,11.33333,11.8181818182
1996,19145,IA,Page County,rural,Midwest,West North Central,534.944,17344,10562,12,12.6363636364
1996,19145,IA,Page County,rural,Midwest,West North Central,534.944,17344,10562,12,12.6363636364
1997,19145,IA,Page County,rural,Midwest,West North Central,534.944,17374,10680,12.66667,13.4545454545
1998,19145,IA,Page County,rural,Midwest,West North Central,534.944,17330,10684,13.33333,14.2727272727
1998,19145,IA,Page County,rural,Midwest,West North Central,534.944,17330,10684,13.33333,14.2727272727
1999,19145,IA,Page County,Rural,Midwest,West North Central,534.944,17112,10561,14,15.0909090909
1999,19145,IA,Page County,Rural,Midwest,West North Central,534.944,17112,10561,14,15.0909090909
2000,19145,IA,Page County,rural,Midwest,West North Central,534.944,16939,10493,13.66667,15.9090909091
2001,19145,IA,Page County,rural,Midwest,West North Central,534.944,16822,10401,13.33333,16.7272727273
2002,19145,IA,Page County,rural,Midwest,West North Central,534.944,16506,10245,13,17.5454545455
2002,19145,IA,Page County,rural,Midwest,West North Central,534.944,16506,10245,13,17.5454545455
2003,19145,IA,Page County,rural,Midwest,West North Central,534.944,16356,10190,12.66667,18.3636363636
2004,19145,IA,Page County,rural  ,Midwest,West North Central,534.944,16227,10174,12.33333,19.1818181818
2005,19145,IA,Page County,Rural,Midwest,West North Central,534.944,16274,10301,12,20
2006,19145,IA,Page County,rural,Midwest,West North Central,534.944,16331,10368,11.5,17
2007,19145,IA,Page County,rural,Midwest,West North Central,534.944,16256,10314,11,23
2007,19145,IA,Page County,rural,Midwest,West North Central,534.944,16256,10314,11,23
2008,19145,IA,Page County, rural,Midwest,West North Central,534.944,16083,10140,10.5,23
2009,19145,IA,Page County,rural,Midwest,West North Central,534.944,15885,9957,10,19
2010,19145,IA,Page County,rural,Midwest,West North Central,534.944,15943,10037,9.5,26
2011,19145,IA,Page County,rural,Midwest,West North Central,534.944,15916,10043,9,26
2011,19145,IA,Page County,rural,Midwest,West North Central,534.944,15916,10043,9,26
2012,19145,IA,Page County,rural,Midwest,West North Central,534.944,15883,10085,8.5,22
2013,19145,IA,Page County,rural,Midwest,West North Central,534.944,15689,10009,8,18
2014,19145,IA,Page County,rural,Midwest,West North Central,534.944,15498,9851,8,19
2015,19145,IA,Page County,rural,Midwest,West North Central,534.944,15463,9853,8,20
2016,19145,IA,Page County,rural,Midwest,West North Central,534.944,15447,9799,,
1970,19147,IA,Palo Alto County,rural,Midwest,West North Central,563.86,13362,7551,1,
1971,19147,IA,Palo Alto County,rural,Midwest,West North Central,563.86,13626,7778,1,
1972,19147,IA,Palo Alto County,RURAL,Midwest,West North Central,563.86,13734,7932,1,
1973,19147,IA,Palo Alto County,rural,Midwest,West North Central,563.86,13218,7659,1,
1974,19147,IA,Palo Alto County,rural,Midwest,West North Central,563.86,13314,7816,1,
1975,19147,IA,Palo Alto County,rural,Midwest,West North Central,563.86,13166,7801,1,
1976,19147,IA,Palo Alto County,rural,Midwest,West North Central,563.86,13314,7979,1,
1977,19147,IA,Palo Alto County,rural,Midwest,West North Central,563.86,13407,8082,1,
1978,19147,IA,Palo Alto County,rural,Midwest,West North Central,563.86,13147,7939,1,
1979,19147,IA,Palo Alto County,rural,Midwest,West North Central,563.86,12934,7830,1,
1980,19147,IA,Palo Alto County,rural,Midwest,West North Central,563.86,12724,7700,1,
1981,19147,IA,Palo Alto County,rural,Midwest,West North Central,563.86,12678,7634,1,
1982,19147,IA,Palo Alto County,rural,Midwest,West North Central,563.86,12507,7482,1,
1983,19147,IA,Palo Alto County, rural,Midwest,West North Central,563.86,12455,7403,1,
1984,19147,IA,Palo Alto County,rural,Midwest,West North Central,563.86,12167,7202,1.2,
1985,19147,IA,Palo Alto County, rural,Midwest,West North Central,563.86,11893,7009,1.4,
1986,19147,IA,Palo Alto County,rural,Midwest,West North Central,563.86,11366,6663,1.6,
1987,19147,IA,Palo Alto County,  RURAL ,Midwest,West North Central,563.86,10983,6404,1.8,
1988,19147,IA,Palo Alto County,rural,Midwest,West North Central,563.86,10839,6279,2,
1989,19147,IA,Palo Alto County,rural,Midwest,West North Central,563.86,10763,6174,2.181818,
1990,19147,IA,Palo Alto County,rural,Midwest,West North Central,563.86,10642,6067,2.363636,6
1991,19147,IA,Palo Alto County,rural,Midwest,West North Central,563.86,10613,6070,2.545455,5
1992,19147,IA,Palo Alto County,rural,Midwest,West North Central,563.86,10561,6061,2.727273,
1993,19147,IA,Palo Alto County,rural,Midwest,West North Central,563.86,10506,6049,2.909091,
1994,19147,IA,Palo Alto County,rural,Midwest,West North Central,563.86,10511,6104,3.090909,6
1995,19147,IA,Palo Alto County,rural,Midwest,West North Central,563.86,10260,5984,3.272727,6
1995,19147,IA,Palo Alto County,rural,Midwest,West North Central,563.86,10260,5984,3.272727,6
1996,19147,IA,Palo Alto County,rural,Midwest,West North Central,563.86,10261,6022,3.454545,6
1997,19147,IA,Palo Alto County,rural,Midwest,West North Central,563.86,10254,6080,3.636364,6
1998,19147,IA,Palo Alto County,rural,Midwest,West North Central,563.86,10245,6126,3.818182,6
1999,19147,IA,Palo Alto County,rural,Midwest,West North Central,563.86,10137,6054,4,6
2000,19147,IA,Palo Alto County,rural,Midwest,West North Central,563.86,10135,6083,4.166667,6
2001,19147,IA,Palo Alto County,rural,Midwest,West North Central,563.86,10051,6023,4.333333,6
2002,19147,IA,Palo Alto County,rural,Midwest,West North Central,563.86,9896,5945,4.5,6
2003,19147,IA,Palo Alto County,rural,Midwest,West North Central,563.86,9748,5838,4.666667,6
2004,19147,IA,Palo Alto County,rural,Midwest,West North Central,563.86,9753,5875,4.833333,6
2005,19147,IA,Palo Alto County,rural,Midwest,West North Central,563.86,9702,5817,5,6
2006,19147,IA,Palo Alto County,rural,Midwest,West North Central,563.86,9586,5780,5,6
2007,19147,IA,Palo Alto County,rural,Midwest,West North Central,563.86,9577,5795,5,4
2008,19147,IA,Palo Alto County,rural,Midwest,West North Central,563.86,9486,5746,5,7
2009,19147,IA,Palo Alto County,rural,Midwest,West North Central,563.86,9510,5752,5,8
2010,19147,IA,Palo Alto County,rural,Midwest,West North Central,563.86,9421,5693,5,10
2011,19147,IA,Palo Alto County,rural,Midwest,West North Central,563.86,9398,5683,5,6
2012,19147,IA,Palo Alto County,rural,Midwest,West North Central,563.86,9349,5657,5,5
2013,19147,IA,Palo Alto County,Rural,Midwest,West North Central,563.86,9275,5599,5,9
2014,19147,IA,Palo Alto County,rural,Midwest,West North Central,563.86,9159,5537,5,6
2015,19147,IA,Palo Alto County,rural,Midwest,West North Central,563.86,9118,5479,5,7
2016,19147,IA,Palo Alto County,rural,Midwest,West North Central,563.86,9138,5438,,
1970,19149,IA,Plymouth County,small/mid  ,Midwest,West North Central,862.828,24331,14153,3,
1971,19149,IA,Plymouth County,small/mid,Midwest,West North Central,862.828,24362,14246,2.923077,
1972,19149,IA,Plymouth County,small/mid,Midwest,West North Central,862.828,24360,14359,2.846154,
1973,19149,IA,Plymouth County,small/mid,Midwest,West North Central,862.828,24095,14303,2.769231,
1974,19149,IA,Plymouth County,small/mid,Midwest,West North Central,862.828,24110,14428,2.692308,
1975,19149,IA,Plymouth County,small/mid,Midwest,West North Central,862.828,24283,14647,2.615385,
1975,19149,IA,Plymouth County,small/mid,Midwest,West North Central,862.828,24283,14647,2.615385,
1976,19149,IA,Plymouth County,small/mid,Midwest,West North Central,862.828,24641,14996,2.538461,
1977,19149,IA,Plymouth County,small/mid,Midwest,West North Central,862.828,25102,15364,2.461539,
1978,19149,IA,Plymouth County,small/mid,Midwest,West North Central,862.828,25037,15391,2.384615,
1979,19149,IA,Plymouth County,small/mid,Midwest,West North Central,862.828,24968,15396,2.307692,
1980,19149,IA,Plymouth County,small/mid,Midwest,West North Central,862.828,24803,15252,2.230769,
1981,19149,IA,Plymouth County,small/mid,Midwest,West North Central,862.828,24880,15240,2.153846,
1982,19149,IA,Plymouth County,small/mid,Midwest,West North Central,862.828,24431,14895,2.076923,
1983,19149,IA,Plymouth County,small/mid  ,Midwest,West North Central,862.828,24290,14746,2,
1984,19149,IA,Plymouth County,small/mid,Midwest,West North Central,862.828,24075,14580,2.6,
1985,19149,IA,Plymouth County,small/mid,Midwest,West North Central,862.828,23679,14295,3.2,
1986,19149,IA,Plymouth County,small/mid,Midwest,West North Central,862.828,23599,14200,3.8,
1987,19149,IA,Plymouth County,small/mid,Midwest,West North Central,862.828,23562,14129,4.4,
1988,19149,IA,Plymouth County,Small/mid,Midwest,West North Central,862.828,23691,14158,5,
1989,19149,IA,Plymouth County,small/mid,Midwest,West North Central,862.828,23449,13901,5.4,6
1990,19149,IA,Plymouth County,small/mid,Midwest,West North Central,862.828,23382,13802,5.8,9
1991,19149,IA,Plymouth County,small/mid,Midwest,West North Central,862.828,23470,13908,6.2,4
1991,19149,IA,Plymouth County,small/mid,Midwest,West North Central,862.828,23470,13908,6.2,4
1992,19149,IA,Plymouth County,small/mid,Midwest,West North Central,862.828,23713,14137,6.6,6
1993,19149,IA,Plymouth County,small/mid,Midwest,West North Central,862.828,23944,14344,7,10
1994,19149,IA,Plymouth County,small/mid,Midwest,West North Central,862.828,24256,14559,8.166667,9
1995,19149,IA,Plymouth County,small/mid,Midwest,West North Central,862.828,24339,14686,9.333333,10.4545454545
1996,19149,IA,Plymouth County,small/mid,Midwest,West North Central,862.828,24739,15038,10.5,11.9090909091
1997,19149,IA,Plymouth County,small/mid,Midwest,West North Central,862.828,24691,15021,11.66667,13.3636363636
1997,19149,IA,Plymouth County,small/mid,Midwest,West North Central,862.828,24691,15021,11.66667,13.3636363636
1998,19149,IA,Plymouth County,small/mid,Midwest,West North Central,862.828,24578,15005,12.83333,14.8181818182
1999,19149,IA,Plymouth County,small/mid  ,Midwest,West North Central,862.828,24774,15193,14,16.2727272727
2000,19149,IA,Plymouth County,small/mid,Midwest,West North Central,862.828,24870,15306,18.5,17.7272727273
2001,19149,IA,Plymouth County,small/mid,Midwest,West North Central,862.828,24847,15325,23,19.1818181818
2001,19149,IA,Plymouth County,small/mid,Midwest,West North Central,862.828,24847,15325,23,19.1818181818
2002,19149,IA,Plymouth County,small/mid,Midwest,West North Central,862.828,24729,15324,27.5,20.6363636364
2003,19149,IA,Plymouth County,small/mid,Midwest,West North Central,862.828,24858,15456,32,22.0909090909
2004,19149,IA,Plymouth County,small/mid,Midwest,West North Central,862.828,25042,15627,36.5,23.5454545455
2005,19149,IA,Plymouth County,small/mid,Midwest,West North Central,862.828,24980,15623,41,25
2006,19149,IA,Plymouth County,small/mid,Midwest,West North Central,862.828,24982,15634,39.625,31
2007,19149,IA,Plymouth County,small/mid,Midwest,West North Central,862.828,24886,15597,38.25,41
2008,19149,IA,Plymouth County,small/mid,Midwest,West North Central,862.828,24898,15598,36.875,44
2009,19149,IA,Plymouth County,small/mid,Midwest,West North Central,862.828,24904,15547,35.5,44
2010,19149,IA,Plymouth County,small/mid,Midwest,West North Central,862.828,24981,15558,34.125,41
2011,19149,IA,Plymouth County,small/mid,Midwest,West North Central,862.828,24970,15560,32.75,39
2012,19149,IA,Plymouth County,small/mid,Midwest,West North Central,862.828,24808,15504,31.375,36
2013,19149,IA,Plymouth County,small/mid,Midwest,West North Central,862.828,24822,15495,30,46
2014,19149,IA,Plymouth County,small/mid,Midwest,West North Central,862.828,24916,15471,30,38
2015,19149,IA,Plymouth County,small/mid,Midwest,West North Central,862.828,24897,15424,30,46
2016,19149,IA,Plymouth County,small/mid,Midwest,West North Central,862.828,24898,15424,,
1970,19151,IA,Pocahontas County,rural,Midwest,West North Central,577.241,12786,7077,557,
1970,19151,,,,,,,,,4,
1971,19151,IA,Pocahontas County, rural,Midwest,West North Central,577.241,12741,7113,3.75,
1972,19151,IA,Pocahontas County,rural,Midwest,West North Central,577.241,12299,6901,3.5,
1973,19151,IA,Pocahontas County,rural,Midwest,West North Central,577.241,12152,6892,3.25,
1974,19151,IA,Pocahontas County,rural,Midwest,West North Central,577.241,11997,6877,3,
1975,19151,IA,Pocahontas County,rural,Midwest,West North Central,577.241,12215,7124,2.75,
1976,19151,IA,Pocahontas County,rural,Midwest,West North Central,577.241,12062,7088,2.5,
1977,19151,IA,Pocahontas County,rural,Midwest,West North Central,577.241,11850,7009,2.25,
1977,19151,IA,Pocahontas County,rural,Midwest,West North Central,577.241,11850,7009,2.25,
1978,19151,IA,Pocahontas County,rural,Midwest,West North Central,577.241,11827,7059,2,
1978,19151,IA,Pocahontas County,rural,Midwest,West North Central,577.241,11827,7059,2,
1979,19151,IA,Pocahontas County,rural,Midwest,West North Central,577.241,11697,7047,2.2,
1980,19151,IA,Pocahontas County,rural  ,Midwest,West North Central,577.241,11337,6803,2.4,
1981,19151,IA,Pocahontas County,rural,Midwest,West North Central,577.241,11159,6656,2.6,
1982,19151,IA,Pocahontas County,rural,Midwest,West North Central,577.241,10967,6493,2.8,
1983,19151,IA,Pocahontas County,rural,Midwest,West North Central,577.241,10925,6427,3,
1984,19151,IA,Pocahontas County,RURAL,Midwest,West North Central,577.241,10837,6343,2.8,
1985,19151,IA,Pocahontas County,Rural,Midwest,West North Central,577.241,10740,6254,2.6,
1986,19151,IA,Pocahontas County,rural,Midwest,West North Central,577.241,10366,5998,2.4,
1987,19151,IA,Pocahontas County,rural,Midwest,West North Central,577.241,10012,5752,2.2,
1988,19151,IA,Pocahontas County,rural,Midwest,West North Central,577.241,9865,5635,2,
1989,19151,IA,Pocahontas County,rural,Midwest,West North Central,577.241,9711,5486,2.2,4
1990,19151,IA,Pocahontas County,rural,Midwest,West North Central,577.241,9493,5336,2.4,8
1991,19151,IA,Pocahontas County,rural,Midwest,West North Central,577.241,9396,5288,2.6,11
1992,19151,IA,Pocahontas County,rural,Midwest,West North Central,577.241,9312,5261,2.8,10
1993,19151,IA,Pocahontas County,rural,Midwest,West North Central,577.241,9167,5181,3,10
1994,19151,IA,Pocahontas County,rural,Midwest,West North Central,577.241,9140,5172,3.333333,9
1995,19151,IA,Pocahontas County, rural,Midwest,West North Central,577.241,9133,5203,3.666667,9.27272727273
1996,19151,IA,Pocahontas County,rural,Midwest,West North Central,577.241,8970,5150,4,9.54545454545
1997,19151,IA,Pocahontas County,rural,Midwest,West North Central,577.241,8864,5102,4.333333,9.81818181818
1998,19151,IA,Pocahontas County,rural,Midwest,West North Central,577.241,8859,5144,4.666667,10.0909090909
1999,19151,IA,Pocahontas County,Rural,Midwest,West North Central,577.241,8808,5117,5,10.3636363636
2000,19151,IA,Pocahontas County,rural,Midwest,West North Central,577.241,8602,4994,4.833333,10.6363636364
2001,19151,IA,Pocahontas County,Rural,Midwest,West North Central,577.241,8465,4945,4.666667,10.9090909091
2002,19151,IA,Pocahontas County,rural,Midwest,West North Central,577.241,8355,4861,4.5,11.1818181818
2003,19151,IA,Pocahontas County,rural,Midwest,West North Central,577.241,8170,4796,4.333333,11.4545454545
2004,19151,IA,Pocahontas County,rural,Midwest,West North Central,577.241,8003,4739,4.166667,11.7272727273
2005,19151,IA,Pocahontas County,rural,Midwest,West North Central,577.241,7835,4670,4,12
2006,19151,IA,Pocahontas County,rural,Midwest,West North Central,577.241,7694,4653,4.125,12
2007,19151,IA,Pocahontas County,rural,Midwest,West North Central,577.241,7667,4601,4.25,15
2008,19151,IA,Pocahontas County,rural,Midwest,West North Central,577.241,7510,4562,4.375,15
2009,19151,IA,Pocahontas County, rural,Midwest,West North Central,577.241,7395,4466,4.5,13
2009,19151,IA,Pocahontas County, rural,Midwest,West North Central,577.241,7395,4466,4.5,13
2010,19151,IA,Pocahontas County,rural,Midwest,West North Central,577.241,7310,4432,4.625,10
2011,19151,IA,Pocahontas County,rural,Midwest,West North Central,577.241,7289,4422,4.75,13
2012,19151,IA,Pocahontas County,rural  ,Midwest,West North Central,577.241,7202,4342,4.875,14
2013,19151,IA,Pocahontas County,rural,Midwest,West North Central,577.241,7141,4280,5,19
2014,19151,IA,Pocahontas County,rural,Midwest,West North Central,577.241,7110,4236,5,15
2015,19151,IA,Pocahontas County,rural  ,Midwest,West North Central,577.241,7096,4204,5,17
2015,19151,IA,Pocahontas County,rural  ,Midwest,West North Central,577.241,7096,4204,5,17
2016,19151,IA,Pocahontas County,rural  ,Midwest,West North Central,577.241,6962,4105,,
1970,19153,IA,Polk County,small/mid,Midwest,West North Central,572.487,287164,177450,118,
1971,19153,IA,Polk County,small/mid,Midwest,West North Central,572.487,291336,181838,118.75,
1972,19153,IA,Polk County,small/mid,Midwest,West North Central,572.487,292767,184806,119.5,
1973,19153,IA,Polk County,small/mid,Midwest,West North Central,572.487,297287,190040,120.25,
1974,19153,IA,Polk County,small/mid,Midwest,West North Central,572.487,300812,194518,121,
1975,19153,IA,Polk County,small/mid,Midwest,West North Central,572.487,303139,198011,121.75,
1976,19153,IA,Polk County,small/mid,Midwest,West North Central,572.487,304521,200659,122.5,
1977,19153,IA,Polk County,small/mid,Midwest,West North Central,572.487,302092,200265,123.25,
1978,19153,IA,Polk County,small/mid,Midwest,West North Central,572.487,302901,202107,124,
1979,19153,IA,Polk County,small/mid,Midwest,West North Central,572.487,302333,202818,126.8,
1980,19153,IA,Polk County,small/mid,Midwest,West North Central,572.487,303763,204374,129.6,
1981,19153,IA,Polk County,small/mid,Midwest,West North Central,572.487,304866,205219,132.4,
1982,19153,IA,Polk County,small/mid,Midwest,West North Central,572.487,304567,204891,135.2,
1983,19153,IA,Polk County,small/mid,Midwest,West North Central,572.487,305727,205621,138,
1984,19153,IA,Polk County,small/mid,Midwest,West North Central,572.487,307093,206730,648,
1984,19153,,,,,,,,,134,
1985,19153,IA,Polk County,small/mid,Midwest,West North Central,572.487,308358,207697,130,
1986,19153,IA,Polk County,  SMALL/MID ,Midwest,West North Central,572.487,309717,208689,162,
1986,19153,IA,Polk County,  SMALL/MID ,Midwest,West North Central,572.487,309717,208689,162,
1987,19153,IA,Polk County,small/mid,Midwest,West North Central,572.487,312847,210865,160,
1987,19153,IA,Polk County,small/mid,Midwest,West North Central,572.487,312847,210865,160,
1988,19153,IA,Polk County,small/mid,Midwest,West North Central,572.487,317115,213756,160,
1989,19153,IA,Polk County,small/mid,Midwest,West North Central,572.487,322466,216537,179,564
1990,19153,IA,Polk County,small/mid,Midwest,West North Central,572.487,328531,220361,194,758
1991,19153,IA,Polk County,small/mid,Midwest,West North Central,572.487,333568,223330,210,784
1992,19153,IA,Polk County,small/mid,Midwest,West North Central,572.487,339643,228034,291,780
1993,19153,IA,Polk County, small/mid,Midwest,West North Central,572.487,345143,231737,289,829
1994,19153,IA,Polk County,small/mid,Midwest,West North Central,572.487,349349,234885,363,866
1995,19153,IA,Polk County,small/mid,Midwest,West North Central,572.487,354097,238844,316,985.363636364
1996,19153,IA,Polk County,small/mid,Midwest,West North Central,572.487,357986,241487,338,1104.72727273
1997,19153,IA,Polk County,small/mid,Midwest,West North Central,572.487,360985,243492,510,1224.09090909
1998,19153,IA,Polk County,small/mid,Midwest,West North Central,572.487,365086,246061,544,1343.45454545
1999,19153,IA,Polk County,small/mid,Midwest,West North Central,572.487,370593,249266,566,1462.81818182
2000,19153,IA,Polk County, small/mid,Midwest,West North Central,572.487,375627,252556,648,1582.18181818
2001,19153,IA,Polk County,small/mid,Midwest,West North Central,572.487,380108,256126,630,1701.54545455
2002,19153,IA,Polk County,small/mid,Midwest,West North Central,572.487,384355,259268,700,1820.90909091
2003,19153,IA,Polk County,small/mid,Midwest,West North Central,572.487,388277,262132,819,1940.27272727
2004,19153,IA,Polk County,small/mid,Midwest,West North Central,572.487,392164,265079,568,2059.63636364
2005,19153,IA,Polk County,  SMALL/MID ,Midwest,West North Central,572.487,399030,270363,1208,2179
2005,19153,,,,,,,,,629,
2006,19153,IA,Polk County,small/mid,Midwest,West North Central,572.487,405990,275147,577,2296
2007,19153,IA,Polk County,small/mid,Midwest,West North Central,572.487,413024,279842,579,2350
2008,19153,IA,Polk County,small/mid,Midwest,West North Central,572.487,419495,283969,605,2211
2009,19153,IA,Polk County,small/mid,Midwest,West North Central,572.487,425737,287937,835,2187
2010,19153,IA,Polk County,small/mid,Midwest,West North Central,572.487,430635,290967,930,2440
2011,19153,IA,Polk County,small/mid,Midwest,West North Central,572.487,432223,291958,929,2375
2012,19153,IA,Polk County,small/mid,Midwest,West North Central,572.487,438137,296067,942,2362
2013,19153,IA,Polk County,small/mid,Midwest,West North Central,572.487,444302,298755,943,2344
2014,19153,IA,Polk County,small/mid,Midwest,West North Central,572.487,452032,303342,947,2318
2015,19153,IA,Polk County,small/mid,Midwest,West North Central,572.487,460293,308007,932,2420
2016,19153,IA,Polk County,Small/mid,Midwest,West North Central,572.487,467252,311800,,
2016,19153,IA,Polk County,Small/mid,Midwest,West North Central,572.487,467252,311800,,
1970,19155,IA,Pottawattamie County,small/mid,Midwest,West North Central,950.546,87260,50775,0,
1971,19155,IA,Pottawattamie County,small/mid,Midwest,West North Central,950.546,88327,51924,0,
1972,19155,IA,Pottawattamie County,small/mid,Midwest,West North Central,950.546,88893,52922,0,
1973,19155,IA,Pottawattamie County,small/mid,Midwest,West North Central,950.546,87462,52619,0,
1974,19155,IA,Pottawattamie County,small/mid,Midwest,West North Central,950.546,86827,52755,0,
1975,19155,IA,Pottawattamie County,small/mid,Midwest,West North Central,950.546,86652,53163,0,
1976,19155,IA,Pottawattamie County, small/mid,Midwest,West North Central,950.546,87266,54187,0,
1977,19155,IA,Pottawattamie County,  SMALL/MID ,Midwest,West North Central,950.546,87764,55107,0,
1978,19155,IA,Pottawattamie County, small/mid,Midwest,West North Central,950.546,86857,55006,24,
1979,19155,IA,Pottawattamie County,small/mid,Midwest,West North Central,950.546,86462,55197,29,
1980,19155,IA,Pottawattamie County,small/mid,Midwest,West North Central,950.546,86610,55569,34,
1981,19155,IA,Pottawattamie County,small/mid,Midwest,West North Central,950.546,86309,55359,39,
1982,19155,IA,Pottawattamie County,small/mid  ,Midwest,West North Central,950.546,85932,55037,44,
1983,19155,IA,Pottawattamie County,small/mid,Midwest,West North Central,950.546,85464,54689,49,
1984,19155,IA,Pottawattamie County,small/mid,Midwest,West North Central,950.546,85612,54813,46,
1985,19155,IA,Pottawattamie County,small/mid,Midwest,West North Central,950.546,84827,54327,43,
1986,19155,IA,Pottawattamie County,small/mid,Midwest,West North Central,950.546,84179,53921,40,
1987,19155,IA,Pottawattamie County,small/mid,Midwest,West North Central,950.546,83794,53680,37,
1988,19155,IA,Pottawattamie County,small/mid,Midwest,West North Central,950.546,83332,53381,34,
1989,19155,IA,Pottawattamie County,small/mid,Midwest,West North Central,950.546,82774,52788,36.8,180
1990,19155,IA,Pottawattamie County,small/mid,Midwest,West North Central,950.546,82697,52656,39.6,214
1990,19155,IA,Pottawattamie County,small/mid,Midwest,West North Central,950.546,82697,52656,39.6,214
1991,19155,IA,Pottawattamie County,small/mid,Midwest,West North Central,950.546,82864,52686,42.4,212
1992,19155,IA,Pottawattamie County,small/mid,Midwest,West North Central,950.546,83507,53329,45.2,229
1993,19155,IA,Pottawattamie County,small/mid,Midwest,West North Central,950.546,83643,53567,48,243
1994,19155,IA,Pottawattamie County,small/mid,Midwest,West North Central,950.546,83540,53524,50.33333,233
1995,19155,IA,Pottawattamie County,  SMALL/MID ,Midwest,West North Central,950.546,83973,54027,52.66667,248.636363636
1996,19155,IA,Pottawattamie County,small/mid,Midwest,West North Central,950.546,84992,54860,55,264.272727273
1997,19155,IA,Pottawattamie County,small/mid,Midwest,West North Central,950.546,85677,55438,57.33333,279.909090909
1997,19155,IA,Pottawattamie County,small/mid,Midwest,West North Central,950.546,85677,55438,57.33333,279.909090909
1998,19155,IA,Pottawattamie County,small/mid,Midwest,West North Central,950.546,86610,56226,59.66667,295.545454545
1999,19155,IA,Pottawattamie County,small/mid,Midwest,West North Central,950.546,87153,56633,62,311.181818182
2000,19155,IA,Pottawattamie County,small/mid,Midwest,West North Central,950.546,88022,57259,90,326.818181818
2001,19155,IA,Pottawattamie County,small/mid,Midwest,West North Central,950.546,87953,57379,118,342.454545455
2002,19155,IA,Pottawattamie County, small/mid,Midwest,West North Central,950.546,88447,57995,146,358.090909091
2003,19155,IA,Pottawattamie County,small/mid,Midwest,West North Central,950.546,88821,58355,174,373.727272727
2004,19155,IA,Pottawattamie County,small/mid,Midwest,West North Central,950.546,89762,59128,202,389.363636364
2005,19155,IA,Pottawattamie County,Small/mid,Midwest,West North Central,950.546,90198,59627,230,405
2006,19155,IA,Pottawattamie County, small/mid,Midwest,West North Central,950.546,90867,60040,227.75,426
2007,19155,IA,Pottawattamie County,small/mid,Midwest,West North Central,950.546,91239,60235,739,380
2007,19155,,,,,,,,,225.5,
2008,19155,IA,Pottawattamie County,small/mid,Midwest,West North Central,950.546,91781,60437,223.25,372
2009,19155,IA,Pottawattamie County,small/mid,Midwest,West North Central,950.546,92395,60758,221,370
2010,19155,IA,Pottawattamie County,small/mid,Midwest,West North Central,950.546,93149,61157,218.75,369
2011,19155,IA,Pottawattamie County,small/mid,Midwest,West North Central,950.546,93352,61282,216.5,361
2012,19155,IA,Pottawattamie County,small/mid,Midwest,West North Central,950.546,93471,61263,214.25,380
2013,19155,IA,Pottawattamie County,small/mid,Midwest,West North Central,950.546,92906,60466,212,354
2014,19155,IA,Pottawattamie County,small/mid,Midwest,West North Central,950.546,92810,60144,212,414
2015,19155,IA,Pottawattamie County,small/mid,Midwest,West North Central,950.546,93199,60074,212,383
2016,19155,IA,Pottawattamie County,SMALL/MID,Midwest,West North Central,950.546,93532,60094,,
1970,19157,IA,Poweshiek County,rural,Midwest,West North Central,584.918,18782,11294,2,
1971,19157,IA,Poweshiek County,rural,Midwest,West North Central,584.918,18698,11341,2,
1972,19157,IA,Poweshiek County,rural,Midwest,West North Central,584.918,18986,11684,2,
1973,19157,IA,Poweshiek County,  RURAL ,Midwest,West North Central,584.918,19238,12003,2,
1974,19157,IA,Poweshiek County,rural,Midwest,West North Central,584.918,19205,12067,2,
1975,19157,IA,Poweshiek County,rural,Midwest,West North Central,584.918,19384,12271,2,
1976,19157,IA,Poweshiek County,rural,Midwest,West North Central,584.918,19237,12211,2,
1977,19157,IA,Poweshiek County,rural,Midwest,West North Central,584.918,19230,12254,2,
1978,19157,IA,Poweshiek County,rural,Midwest,West North Central,584.918,19079,12205,2,
1979,19157,IA,Poweshiek County,rural,Midwest,West North Central,584.918,19063,12183,2.2,
1980,19157,IA,Poweshiek County,rural,Midwest,West North Central,584.918,19316,12385,2.4,
1981,19157,IA,Poweshiek County,rural,Midwest,West North Central,584.918,19269,12336,2.6,
1982,19157,IA,Poweshiek County,rural,Midwest,West North Central,584.918,19091,12189,2.8,
1983,19157,IA,Poweshiek County,rural,Midwest,West North Central,584.918,19041,12133,3,
1984,19157,IA,Poweshiek County,rural,Midwest,West North Central,584.918,18820,11987,2.8,
1985,19157,IA,Poweshiek County,rural,Midwest,West North Central,584.918,18893,12013,2.6,
1986,19157,IA,Poweshiek County,Rural,Midwest,West North Central,584.918,18703,11873,2.4,
1987,19157,IA,Poweshiek County,rural,Midwest,West North Central,584.918,18748,11882,2.2,
1988,19157,IA,Poweshiek County, rural,Midwest,West North Central,584.918,18923,11978,2,
1989,19157,IA,Poweshiek County,rural,Midwest,West North Central,584.918,19055,12004,2.6,7
1990,19157,IA,Poweshiek County,rural,Midwest,West North Central,584.918,19035,11967,3.2,10
1990,19157,IA,Poweshiek County,rural,Midwest,West North Central,584.918,19035,11967,3.2,10
1991,19157,IA,Poweshiek County,rural,Midwest,West North Central,584.918,18945,11909,543,12
1991,19157,,,,,,,,,3.8,
1992,19157,IA,Poweshiek County,rural,Midwest,West North Central,584.918,18944,11940,4.4,17
1993,19157,IA,Poweshiek County,rural,Midwest,West North Central,584.918,18884,11882,5,16
1994,19157,IA,Poweshiek County,rural  ,Midwest,West North Central,584.918,18999,11999,5.5,22
1995,19157,IA,Poweshiek County,rural,Midwest,West North Central,584.918,18925,11968,6,21.7272727273
1995,19157,IA,Poweshiek County,rural,Midwest,West North Central,584.918,18925,11968,6,21.7272727273
1996,19157,IA,Poweshiek County,rural,Midwest,West North Central,584.918,19004,12059,6.5,21.4545454545
1997,19157,IA,Poweshiek County,rural,Midwest,West North Central,584.918,18989,12091,7,21.1818181818
1998,19157,IA,Poweshiek County,rural,Midwest,West North Central,584.918,18814,11976,7.5,20.9090909091
1999,19157,IA,Poweshiek County,rural,Midwest,West North Central,584.918,18797,12002,8,20.6363636364
2000,19157,IA,Poweshiek County,rural,Midwest,West North Central,584.918,18903,12125,7.333333,20.3636363636
2001,19157,IA,Poweshiek County,rural,Midwest,West North Central,584.918,18972,12204,6.666667,20.0909090909
2002,19157,IA,Poweshiek County,rural,Midwest,West North Central,584.918,18941,12190,6,19.8181818182
2003,19157,IA,Poweshiek County,rural,Midwest,West North Central,584.918,19060,12262,5.333333,19.5454545455
2004,19157,IA,Poweshiek County,rural,Midwest,West North Central,584.918,19106,12338,4.666667,19.2727272727
2005,19157,IA,Poweshiek County,rural,Midwest,West North Central,584.918,19002,12309,4,19
2006,19157,IA,Poweshiek County,rural,Midwest,West North Central,584.918,19053,12369,6.375,25
2007,19157,IA,Poweshiek County,rural,Midwest,West North Central,584.918,19140,12425,8.75,28
2008,19157,IA,Poweshiek County,rural,Midwest,West North Central,584.918,19025,12268,11.125,34
2009,19157,IA,Poweshiek County,rural,Midwest,West North Central,584.918,18958,12211,13.5,24
2010,19157,IA,Poweshiek County,rural,Midwest,West North Central,584.918,18914,12202,15.875,27
2011,19157,IA,Poweshiek County,rural,Midwest,West North Central,584.918,18922,12190,18.25,21
2012,19157,IA,Poweshiek County,rural,Midwest,West North Central,584.918,18874,12166,20.625,24
2013,19157,IA,Poweshiek County,rural,Midwest,West North Central,584.918,18710,11998,23,25
2014,19157,IA,Poweshiek County,rural,Midwest,West North Central,584.918,18581,11951,23,36
2015,19157,IA,Poweshiek County,rural,Midwest,West North Central,584.918,18571,11967,23,48
2016,19157,IA,Poweshiek County,rural,Midwest,West North Central,584.918,18381,11815,,
1970,19159,IA,Ringgold County,RURAL,Midwest,West North Central,535.499,6379,3691,1,
1971,19159,IA,Ringgold County, rural,Midwest,West North Central,535.499,6398,3721,1.125,
1972,19159,IA,Ringgold County,rural,Midwest,West North Central,535.499,6394,3747,1.25,
1973,19159,IA,Ringgold County,rural,Midwest,West North Central,535.499,6289,3697,1.375,
1974,19159,IA,Ringgold County,rural,Midwest,West North Central,535.499,6172,3627,1.5,
1975,19159,IA,Ringgold County,rural  ,Midwest,West North Central,535.499,6147,3632,1.625,
1976,19159,IA,Ringgold County,rural,Midwest,West North Central,535.499,6194,3669,1.75,
1977,19159,IA,Ringgold County,rural,Midwest,West North Central,535.499,6268,3708,515,
1977,19159,,,,,,,,,1.875,
1978,19159,IA,Ringgold County,rural,Midwest,West North Central,535.499,6236,3694,2,
1979,19159,IA,Ringgold County,rural,Midwest,West North Central,535.499,6090,3595,2,
1980,19159,IA,Ringgold County,rural,Midwest,West North Central,535.499,6118,3603,2,
1981,19159,IA,Ringgold County,rural  ,Midwest,West North Central,535.499,6084,3568,2,
1982,19159,IA,Ringgold County,rural,Midwest,West North Central,535.499,6102,3553,2,
1983,19159,IA,Ringgold County,Rural,Midwest,West North Central,535.499,6001,3477,2,
1984,19159,IA,Ringgold County,rural,Midwest,West North Central,535.499,5966,3439,2.2,
1985,19159,IA,Ringgold County,rural,Midwest,West North Central,535.499,5788,3324,2.4,
1986,19159,IA,Ringgold County,rural,Midwest,West North Central,535.499,5567,3175,2.6,
1987,19159,IA,Ringgold County,rural,Midwest,West North Central,535.499,5429,3080,2.8,
1988,19159,IA,Ringgold County,rural,Midwest,West North Central,535.499,5421,3061,3,
1989,19159,IA,Ringgold County,rural,Midwest,West North Central,535.499,5433,3043,2,4
1990,19159,IA,Ringgold County,rural,Midwest,West North Central,535.499,5416,3022,3,7
1991,19159,IA,Ringgold County,rural,Midwest,West North Central,535.499,5405,3018,1,7
1992,19159,IA,Ringgold County,rural,Midwest,West North Central,535.499,5414,3020,1,6
1993,19159,IA,Ringgold County,rural,Midwest,West North Central,535.499,5405,3013,3,
1993,19159,IA,Ringgold County,rural,Midwest,West North Central,535.499,5405,3013,3,
1994,19159,IA,Ringgold County,rural,Midwest,West North Central,535.499,5378,3005,3,4
1995,19159,IA,Ringgold County,rural,Midwest,West North Central,535.499,5382,3007,3,4.36363636364
1996,19159,IA,Ringgold County,rural,Midwest,West North Central,535.499,5418,3071,3,4.72727272727
1997,19159,IA,Ringgold County,rural,Midwest,West North Central,535.499,5447,3096,3,5.09090909091
1998,19159,IA,Ringgold County,rural,Midwest,West North Central,535.499,5441,3099,3,5.45454545455
1999,19159,IA,Ringgold County,rural,Midwest,West North Central,535.499,5449,3106,3,5.81818181818
2000,19159,IA,Ringgold County,rural,Midwest,West North Central,535.499,5465,3143,3.5,6.18181818182
2001,19159,IA,Ringgold County,  RURAL ,Midwest,West North Central,535.499,5415,3130,4,6.54545454545
2002,19159,IA,Ringgold County,rural,Midwest,West North Central,535.499,5339,3069,4.5,6.90909090909
2003,19159,IA,Ringgold County,rural,Midwest,West North Central,535.499,5332,3095,5,7.27272727273
2004,19159,IA,Ringgold County,rural,Midwest,West North Central,535.499,5335,3048,5.5,7.63636363636
2005,19159,IA,Ringgold County,rural,Midwest,West North Central,535.499,5304,2985,6,8
2006,19159,IA,Ringgold County,rural,Midwest,West North Central,535.499,5230,2950,6.875,
2007,19159,IA,Ringgold County,Rural,Midwest,West North Central,535.499,5201,2927,7.75,6
2008,19159,IA,Ringgold County,  RURAL ,Midwest,West North Central,535.499,5164,2903,8.625,7
2009,19159,IA,Ringgold County,Rural,Midwest,West North Central,535.499,5119,2872,9.5,6
2010,19159,IA,Ringgold County,rural,Midwest,West North Central,535.499,5131,2874,10.375,9
2011,19159,IA,Ringgold County,rural,Midwest,West North Central,535.499,5114,2881,11.25,7
2012,19159,IA,Ringgold County,rural,Midwest,West North Central,535.499,5049,2863,12.125,
2013,19159,IA,Ringgold County,rural,Midwest,West North Central,535.499,5029,2828,13,9
2014,19159,IA,Ringgold County,rural,Midwest,West North Central,535.499,4974,2787,13,4
2015,19159,IA,Ringgold County,rural,Midwest,West North Central,535.499,4961,2789,13,12
2016,19159,IA,Ringgold County,rural,Midwest,West North Central,535.499,4974,2832,,
1970,19161,IA,Sac County,rural,Midwest,West North Central,575.022,15572,8810,5,
1970,19161,IA,Sac County,rural,Midwest,West North Central,575.022,15572,8810,5,
1971,19161,IA,Sac County,rural,Midwest,West North Central,575.022,15524,8841,4.625,
1972,19161,IA,Sac County,rural,Midwest,West North Central,575.022,15319,8793,4.25,
1973,19161,IA,Sac County,rural,Midwest,West North Central,575.022,15225,8831,3.875,
1974,19161,IA,Sac County,rural,Midwest,West North Central,575.022,15026,8795,3.5,
1975,19161,IA,Sac County, rural,Midwest,West North Central,575.022,14924,8820,3.125,
1976,19161,IA,Sac County,rural,Midwest,West North Central,575.022,14952,8891,2.75,
1977,19161,IA,Sac County,RURAL,Midwest,West North Central,575.022,14821,8828,2.375,
1978,19161,IA,Sac County,RURAL,Midwest,West North Central,575.022,14544,8670,2,
1979,19161,IA,Sac County,rural,Midwest,West North Central,575.022,14322,8540,1.8,
1980,19161,IA,Sac County,rural,Midwest,West North Central,575.022,14107,8380,1.6,
1981,19161,IA,Sac County,rural,Midwest,West North Central,575.022,14013,8270,1.4,
1982,19161,IA,Sac County,rural  ,Midwest,West North Central,575.022,13740,8046,1.2,
1983,19161,IA,Sac County,rural,Midwest,West North Central,575.022,13455,7822,1,
1984,19161,IA,Sac County,rural,Midwest,West North Central,575.022,13276,7677,0.6122823,
1985,19161,IA,Sac County,rural,Midwest,West North Central,575.022,13076,7517,0.7208082,
1986,19161,IA,Sac County,rural,Midwest,West North Central,575.022,12744,7269,0.8262575,
1987,19161,IA,Sac County,RURAL,Midwest,West North Central,575.022,12558,7115,0.930606,
1988,19161,IA,Sac County,rural,Midwest,West North Central,575.022,12381,6966,1.032535,
1988,19161,IA,Sac County,rural,Midwest,West North Central,575.022,12381,6966,1.032535,
1989,19161,IA,Sac County,rural,Midwest,West North Central,575.022,12348,6868,1.239059,
1990,19161,IA,Sac County,Rural,Midwest,West North Central,575.022,12311,6810,1.448056,6
1991,19161,IA,Sac County,rural,Midwest,West North Central,575.022,12156,6727,1.64286,5
1992,19161,IA,Sac County,rural,Midwest,West North Central,575.022,12152,6772,1.842443,8
1993,19161,IA,Sac County,rural,Midwest,West North Central,575.022,12036,6708,2.031496,7
1994,19161,IA,Sac County,rural,Midwest,West North Central,575.022,12090,6820,2.438477,7
1995,19161,IA,Sac County,rural,Midwest,West North Central,575.022,12003,6816,2.865707,7.72727272727
1995,19161,IA,Sac County,rural,Midwest,West North Central,575.022,12003,6816,2.865707,7.72727272727
1996,19161,IA,Sac County,rural,Midwest,West North Central,575.022,11968,6841,3.29089,8.45454545455
1997,19161,IA,Sac County,rural,Midwest,West North Central,575.022,11882,6837,3.698584,9.18181818182
1998,19161,IA,Sac County,rural,Midwest,West North Central,575.022,11852,6853,4.123649,9.90909090909
1999,19161,IA,Sac County,rural,Midwest,West North Central,575.022,11686,6776,4.539189,10.6363636364
2000,19161,IA,Sac County,rural,Midwest,West North Central,575.022,11481,6657,4.594376,11.3636363636
2001,19161,IA,Sac County,rural,Midwest,West North Central,575.022,11403,6612,4.706887,12.0909090909
2001,19161,IA,Sac County,rural,Midwest,West North Central,575.022,11403,6612,4.706887,12.0909090909
2002,19161,IA,Sac County,rural,Midwest,West North Central,575.022,11119,6522,4.804885,12.8181818182
2003,19161,IA,Sac County,rural,Midwest,West North Central,575.022,10967,6432,4.876549,13.5454545455
2004,19161,IA,Sac County,rural,Midwest,West North Central,575.022,10871,6386,4.975491,14.2727272727
2005,19161,IA,Sac County,rural,Midwest,West North Central,575.022,10716,6327,5.065247,15
2006,19161,IA,Sac County,rural,Midwest,West North Central,575.022,10707,6336,4.714286,10
2007,19161,IA,Sac County,rural,Midwest,West North Central,575.022,10532,6231,4.348399,7
2008,19161,IA,Sac County,Rural,Midwest,West North Central,575.022,10475,6165,3.976923,10
2009,19161,IA,Sac County,rural,Midwest,West North Central,575.022,10342,6120,3.61336,7
2010,19161,IA,Sac County,rural,Midwest,West North Central,575.022,10350,6146,3.11689,6
2011,19161,IA,Sac County,rural,Midwest,West North Central,575.022,10354,6150,2.74326,9
2011,19161,IA,Sac County,rural,Midwest,West North Central,575.022,10354,6150,2.74326,9
2012,19161,IA,Sac County,rural,Midwest,West North Central,575.022,10222,6112,2.379144,9
2012,19161,IA,Sac County,rural,Midwest,West North Central,575.022,10222,6112,2.379144,9
2013,19161,IA,Sac County,rural,Midwest,West North Central,575.022,10161,6032,1.991809,8
2014,19161,IA,Sac County,rural,Midwest,West North Central,575.022,10032,5959,1.991809,10
2015,19161,IA,Sac County,rural,Midwest,West North Central,575.022,10048,5973,1.991809,12
2016,19161,IA,Sac County,rural,Midwest,West North Central,575.022,9966,5896,,
1970,19163,IA,Scott County,small/mid,Midwest,West North Central,458.086,143147,85271,61,
1971,19163,IA,Scott County,small/mid,Midwest,West North Central,458.086,145025,87240,58.75,
1972,19163,IA,Scott County,small/mid,Midwest,West North Central,458.086,144683,88010,56.5,
1973,19163,IA,Scott County,Small/mid,Midwest,West North Central,458.086,146200,90049,54.25,
1974,19163,IA,Scott County,small/mid,Midwest,West North Central,458.086,149590,93353,52,
1975,19163,IA,Scott County,small/mid,Midwest,West North Central,458.086,152841,96528,49.75,
1976,19163,IA,Scott County,small/mid,Midwest,West North Central,458.086,155069,99121,47.5,
1976,19163,IA,Scott County,small/mid,Midwest,West North Central,458.086,155069,99121,47.5,
1977,19163,IA,Scott County,small/mid,Midwest,West North Central,458.086,156945,101284,45.25,
1978,19163,IA,Scott County,small/mid,Midwest,West North Central,458.086,158698,103271,43,
1979,19163,IA,Scott County,small/mid,Midwest,West North Central,458.086,159627,104690,49.2,
1979,19163,IA,Scott County,small/mid,Midwest,West North Central,458.086,159627,104690,49.2,
1980,19163,IA,Scott County,small/mid,Midwest,West North Central,458.086,160203,105428,55.4,
1981,19163,IA,Scott County,small/mid,Midwest,West North Central,458.086,160175,105343,61.6,
1981,19163,IA,Scott County,small/mid,Midwest,West North Central,458.086,160175,105343,61.6,
1982,19163,IA,Scott County,small/mid,Midwest,West North Central,458.086,159620,104794,67.8,
1983,19163,IA,Scott County,small/mid,Midwest,West North Central,458.086,157401,103194,74,
1984,19163,IA,Scott County,small/mid,Midwest,West North Central,458.086,156287,102438,75,
1985,19163,IA,Scott County,small/mid,Midwest,West North Central,458.086,154571,101250,76,
1986,19163,IA,Scott County,small/mid,Midwest,West North Central,458.086,152615,99918,85,
1987,19163,IA,Scott County,small/mid,Midwest,West North Central,458.086,150901,98705,85,
1988,19163,IA,Scott County,small/mid,Midwest,West North Central,458.086,150221,98117,98,
1989,19163,IA,Scott County,Small/mid,Midwest,West North Central,458.086,150050,97450,110.8,370
1990,19163,IA,Scott County, small/mid,Midwest,West North Central,458.086,151304,98097,123.6,475
1991,19163,IA,Scott County,small/mid,Midwest,West North Central,458.086,153222,99432,136.4,537
1992,19163,IA,Scott County,small/mid,Midwest,West North Central,458.086,154912,101046,149.2,590
1993,19163,IA,Scott County,small/mid,Midwest,West North Central,458.086,155375,101641,162,605
1994,19163,IA,Scott County,small/mid,Midwest,West North Central,458.086,155740,102247,174,608
1995,19163,IA,Scott County,small/mid,Midwest,West North Central,458.086,156271,103057,203,638.545454545
1996,19163,IA,Scott County,small/mid,Midwest,West North Central,458.086,156751,103552,220,669.090909091
1997,19163,IA,Scott County,  SMALL/MID ,Midwest,West North Central,458.086,157228,104101,218,699.636363636
1998,19163,IA,Scott County,small/mid,Midwest,West North Central,458.086,157754,104564,250,730.181818182
1999,19163,IA,Scott County,small/mid,Midwest,West North Central,458.086,158765,105347,238,760.727272727
2000,19163,IA,Scott County,small/mid,Midwest,West North Central,458.086,158614,105321,240.6667,791.272727273
2001,19163,IA,Scott County,small/mid,Midwest,West North Central,458.086,158203,105133,243.3333,821.818181818
2002,19163,IA,Scott County,small/mid,Midwest,West North Central,458.086,158086,105232,246,852.363636364
2003,19163,IA,Scott County,small/mid,Midwest,West North Central,458.086,158048,105239,248.6667,882.909090909
2004,19163,IA,Scott County,small/mid,Midwest,West North Central,458.086,158145,105557,251.3333,913.454545455
2005,19163,IA,Scott County, small/mid,Midwest,West North Central,458.086,158543,105965,254,944
2005,19163,IA,Scott County, small/mid,Midwest,West North Central,458.086,158543,105965,254,944
2006,19163,IA,Scott County,small/mid,Midwest,West North Central,458.086,159597,106501,262.25,931
2007,19163,IA,Scott County,small/mid,Midwest,West North Central,458.086,160077,106910,270.5,922
2008,19163,IA,Scott County,small/mid,Midwest,West North Central,458.086,161824,107749,278.75,887
2009,19163,IA,Scott County,small/mid  ,Midwest,West North Central,458.086,163582,108908,287,808
2010,19163,IA,Scott County,small/mid,Midwest,West North Central,458.086,165224,109836,295.25,852
2011,19163,IA,Scott County,small/mid,Midwest,West North Central,458.086,165261,109753,303.5,803
2012,19163,IA,Scott County,  SMALL/MID ,Midwest,West North Central,458.086,166521,110531,311.75,732
2013,19163,IA,Scott County,small/mid,Midwest,West North Central,458.086,168266,111087,320,707
2014,19163,IA,Scott County,small/mid,Midwest,West North Central,458.086,170071,111884,310.5,719
2015,19163,IA,Scott County,small/mid,Midwest,West North Central,458.086,171118,111862,301,722
2016,19163,IA,Scott County,small/mid,Midwest,West North Central,458.086,171724,111709,,
1970,19165,IA,Shelby County,rural,Midwest,West North Central,590.779,15562,8478,2,
1971,19165,IA,Shelby County,rural,Midwest,West North Central,590.779,15675,8642,2.111111,
1972,19165,IA,Shelby County,rural,Midwest,West North Central,590.779,15771,8837,2.222222,
1973,19165,IA,Shelby County,rural,Midwest,West North Central,590.779,15480,8777,2.333333,
1974,19165,IA,Shelby County,rural,Midwest,West North Central,590.779,15209,8722,2.444444,
1975,19165,IA,Shelby County,rural,Midwest,West North Central,590.779,15142,8790,2.555556,
1976,19165,IA,Shelby County,rural,Midwest,West North Central,590.779,15006,8770,2.666667,
1977,19165,IA,Shelby County,  RURAL ,Midwest,West North Central,590.779,15021,8858,2.777778,
1978,19165,IA,Shelby County,rural,Midwest,West North Central,590.779,14834,8809,2.888889,
1979,19165,IA,Shelby County,rural,Midwest,West North Central,590.779,14766,8827,3,
1980,19165,IA,Shelby County,rural,Midwest,West North Central,590.779,15017,9040,3.111111,
1981,19165,IA,Shelby County,  RURAL ,Midwest,West North Central,590.779,14832,8886,3.222222,
1981,19165,IA,Shelby County,  RURAL ,Midwest,West North Central,590.779,14832,8886,3.222222,
1982,19165,IA,Shelby County,rural,Midwest,West North Central,590.779,14779,8803,3.333333,
1983,19165,IA,Shelby County,rural,Midwest,West North Central,590.779,14629,8669,3.444444,
1984,19165,IA,Shelby County,rural,Midwest,West North Central,590.779,14700,8677,3.555556,
1985,19165,IA,Shelby County,rural,Midwest,West North Central,590.779,14206,8350,3.666667,
1986,19165,IA,Shelby County,RURAL,Midwest,West North Central,590.779,13797,8067,543,
1986,19165,,,,,,,,,3.777778,
1987,19165,IA,Shelby County,rural,Midwest,West North Central,590.779,13466,7838,3.888889,
1987,19165,IA,Shelby County,rural,Midwest,West North Central,590.779,13466,7838,3.888889,
1988,19165,IA,Shelby County,rural,Midwest,West North Central,590.779,13418,7773,4,
1989,19165,IA,Shelby County,rural  ,Midwest,West North Central,590.779,13279,7619,4.4,0
1990,19165,IA,Shelby County,rural,Midwest,West North Central,590.779,13235,7564,4.8,
1991,19165,IA,Shelby County,rural,Midwest,West North Central,590.779,13318,7594,5.2,5
1992,19165,IA,Shelby County,rural,Midwest,West North Central,590.779,13318,7613,5.6,
1993,19165,IA,Shelby County,rural,Midwest,West North Central,590.779,13295,7620,6,5
1994,19165,IA,Shelby County,rural,Midwest,West North Central,590.779,13278,7632,6.5,8
1995,19165,IA,Shelby County,rural,Midwest,West North Central,590.779,13232,7664,7,8.18181818182
1995,19165,IA,Shelby County,rural,Midwest,West North Central,590.779,13232,7664,7,8.18181818182
1996,19165,IA,Shelby County,rural,Midwest,West North Central,590.779,13311,7734,7.5,8.36363636364
1997,19165,IA,Shelby County,rural,Midwest,West North Central,590.779,13353,7794,522,8.54545454545
1997,19165,,,,,,,,,8,
1998,19165,IA,Shelby County,rural  ,Midwest,West North Central,590.779,13256,7768,8.5,8.72727272727
1999,19165,IA,Shelby County,rural,Midwest,West North Central,590.779,13179,7714,9,8.90909090909
2000,19165,IA,Shelby County,rural,Midwest,West North Central,590.779,13031,7654,9.166667,9.09090909091
2001,19165,IA,Shelby County,rural,Midwest,West North Central,590.779,12990,7622,9.333333,9.27272727273
2002,19165,IA,Shelby County,rural,Midwest,West North Central,590.779,12869,7594,9.5,9.45454545455
2003,19165,IA,Shelby County,rural,Midwest,West North Central,590.779,12819,7572,536,9.63636363636
2003,19165,,,,,,,,,9.666667,
2004,19165,IA,Shelby County,rural,Midwest,West North Central,590.779,12750,7570,9.833333,9.81818181818
2005,19165,IA,Shelby County,rural,Midwest,West North Central,590.779,12547,7493,10,10
2006,19165,IA,Shelby County,rural,Midwest,West North Central,590.779,12480,7503,9.75,10
2007,19165,IA,Shelby County,rural,Midwest,West North Central,590.779,12496,7533,9.5,14
2008,19165,IA,Shelby County,rural,Midwest,West North Central,590.779,12338,7412,9.25,17
2009,19165,IA,Shelby County,rural,Midwest,West North Central,590.779,12165,7318,9,11
2010,19165,IA,Shelby County,rural,Midwest,West North Central,590.779,12167,7307,8.75,10
2010,19165,IA,Shelby County,rural,Midwest,West North Central,590.779,12167,7307,8.75,10
2011,19165,IA,Shelby County,rural,Midwest,West North Central,590.779,12172,7315,8.5,14
2012,19165,IA,Shelby County,rural,Midwest,West North Central,590.779,11986,7212,8.25,10
2013,19165,IA,Shelby County,rural,Midwest,West North Central,590.779,12020,7180,8,11
2014,19165,IA,Shelby County,rural,Midwest,West North Central,590.779,11894,7074,8,17
2015,19165,IA,Shelby County,rural,Midwest,West North Central,590.779,11873,7051,8,13
2016,19165,IA,Shelby County,rural,Midwest,West North Central,590.779,11794,7036,,
1970,19167,IA,Sioux County,rural,Midwest,West North Central,767.879,28031,16286,0,
1971,19167,IA,Sioux County,rural,Midwest,West North Central,767.879,28146,16464,0,
1971,19167,IA,Sioux County,rural,Midwest,West North Central,767.879,28146,16464,0,
1972,19167,IA,Sioux County,rural,Midwest,West North Central,767.879,28174,16636,0,
1973,19167,IA,Sioux County,rural,Midwest,West North Central,767.879,28549,17042,0,
1974,19167,IA,Sioux County,Rural,Midwest,West North Central,767.879,28873,17424,0,
1975,19167,IA,Sioux County,rural,Midwest,West North Central,767.879,29008,17679,0,
1976,19167,IA,Sioux County,rural,Midwest,West North Central,767.879,29474,18100,0,
1977,19167,IA,Sioux County,rural,Midwest,West North Central,767.879,29906,18489,0,
1978,19167,IA,Sioux County,rural,Midwest,West North Central,767.879,30266,18797,5,
1979,19167,IA,Sioux County,rural,Midwest,West North Central,767.879,30563,19032,5.4,
1980,19167,IA,Sioux County,rural,Midwest,West North Central,767.879,30816,19196,5.8,
1981,19167,IA,Sioux County,rural,Midwest,West North Central,767.879,30654,19015,6.2,
1982,19167,IA,Sioux County,RURAL,Midwest,West North Central,767.879,30534,18846,6.6,
1983,19167,IA,Sioux County,rural,Midwest,West North Central,767.879,30699,18867,508,
1983,19167,,,,,,,,,7,
1984,19167,IA,Sioux County,rural,Midwest,West North Central,767.879,30605,18752,6.8,
1985,19167,IA,Sioux County,rural,Midwest,West North Central,767.879,30437,18592,6.6,
1986,19167,IA,Sioux County,rural,Midwest,West North Central,767.879,29891,18195,6.4,
1987,19167,IA,Sioux County,rural,Midwest,West North Central,767.879,29595,17944,6.2,
1988,19167,IA,Sioux County,rural,Midwest,West North Central,767.879,29977,18105,585,
1988,19167,,,,,,,,,6,
1989,19167,IA,Sioux County,rural,Midwest,West North Central,767.879,29876,17889,7.2,16
1989,19167,IA,Sioux County,rural,Midwest,West North Central,767.879,29876,17889,7.2,16
1990,19167,IA,Sioux County,Rural,Midwest,West North Central,767.879,29927,17865,8.4,12
1991,19167,IA,Sioux County,rural,Midwest,West North Central,767.879,30125,17956,9.6,15
1992,19167,IA,Sioux County,RURAL,Midwest,West North Central,767.879,30450,18296,10.8,15
1993,19167,IA,Sioux County,rural,Midwest,West North Central,767.879,30965,18741,12,20
1994,19167,IA,Sioux County,rural,Midwest,West North Central,767.879,31352,19199,12,32
1995,19167,IA,Sioux County,rural,Midwest,West North Central,767.879,31347,19313,12,33.1818181818
1996,19167,IA,Sioux County,rural,Midwest,West North Central,767.879,31196,19262,12,34.3636363636
1997,19167,IA,Sioux County,rural,Midwest,West North Central,767.879,31473,19628,12,35.5454545455
1998,19167,IA,Sioux County,rural,Midwest,West North Central,767.879,31649,19868,12,36.7272727273
1999,19167,IA,Sioux County,rural,Midwest,West North Central,767.879,31669,19948,12,37.9090909091
2000,19167,IA,Sioux County,rural,Midwest,West North Central,767.879,31609,19939,15.83333,39.0909090909
2001,19167,IA,Sioux County,rural,Midwest,West North Central,767.879,31952,20118,19.66667,40.2727272727
2002,19167,IA,Sioux County, rural,Midwest,West North Central,767.879,32164,20301,23.5,41.4545454545
2003,19167,IA,Sioux County,rural,Midwest,West North Central,767.879,32318,20530,27.33333,42.6363636364
2004,19167,IA,Sioux County,rural,Midwest,West North Central,767.879,32547,20718,31.16667,43.8181818182
2005,19167,IA,Sioux County,rural,Midwest,West North Central,767.879,32726,20858,35,45
2006,19167,IA,Sioux County,rural,Midwest,West North Central,767.879,33077,21085,34.875,39
2007,19167,IA,Sioux County,rural,Midwest,West North Central,767.879,33150,21025,34.75,33
2008,19167,IA,Sioux County,rural,Midwest,West North Central,767.879,33364,21105,34.625,41
2009,19167,IA,Sioux County,rural,Midwest,West North Central,767.879,33587,21244,34.5,42
2010,19167,IA,Sioux County,rural,Midwest,West North Central,767.879,33704,21317,613,35
2010,19167,,,,,,,,,34.375,
2011,19167,IA,Sioux County,RURAL,Midwest,West North Central,767.879,33737,21345,34.25,34
2012,19167,IA,Sioux County,rural,Midwest,West North Central,767.879,33984,21469,613,27
2012,19167,,,,,,,,,34.125,
2013,19167,IA,Sioux County,rural,Midwest,West North Central,767.879,34269,21603,34,35
2014,19167,IA,Sioux County,rural,Midwest,West North Central,767.879,34454,21669,34,38
2015,19167,IA,Sioux County,rural,Midwest,West North Central,767.879,34566,21639,34,38
2016,19167,IA,Sioux County,rural  ,Midwest,West North Central,767.879,34687,21653,,
2016,19167,IA,Sioux County,rural  ,Midwest,West North Central,767.879,34687,21653,,
1970,19169,IA,Story County,small/mid,Midwest,West North Central,572.68,62953,43493,9,
1971,19169,IA,Story County,small/mid,Midwest,West North Central,572.68,63649,44343,9.5,
1972,19169,IA,Story County,small/mid,Midwest,West North Central,572.68,64614,45446,10,
1973,19169,IA,Story County,small/mid,Midwest,West North Central,572.68,66374,47127,10.5,
1974,19169,IA,Story County,small/mid  ,Midwest,West North Central,572.68,67670,48471,11,
1975,19169,IA,Story County,small/mid,Midwest,West North Central,572.68,68015,49111,11.5,
1976,19169,IA,Story County,small/mid,Midwest,West North Central,572.68,69073,50481,12,
1977,19169,IA,Story County,Small/mid,Midwest,West North Central,572.68,69901,51438,12.5,
1978,19169,IA,Story County,small/mid,Midwest,West North Central,572.68,71312,52861,13,
1979,19169,IA,Story County,small/mid,Midwest,West North Central,572.68,71441,53161,15,
1980,19169,IA,Story County,small/mid,Midwest,West North Central,572.68,72509,54152,17,
1981,19169,IA,Story County,small/mid,Midwest,West North Central,572.68,72867,54417,19,
1982,19169,IA,Story County,Small/mid,Midwest,West North Central,572.68,72293,53906,21,
1983,19169,IA,Story County,small/mid,Midwest,West North Central,572.68,73309,54580,23,
1984,19169,IA,Story County,small/mid,Midwest,West North Central,572.68,73409,54619,25.4,
1985,19169,IA,Story County,small/mid,Midwest,West North Central,572.68,74054,55020,27.8,
1986,19169,IA,Story County,  SMALL/MID ,Midwest,West North Central,572.68,74026,54883,30.2,
1987,19169,IA,Story County,  SMALL/MID ,Midwest,West North Central,572.68,73317,54232,32.6,
1988,19169,IA,Story County,small/mid,Midwest,West North Central,572.68,73880,54539,35,
1989,19169,IA,Story County,small/mid,Midwest,West North Central,572.68,73709,54163,36.6,75
1990,19169,IA,Story County,small/mid,Midwest,West North Central,572.68,74382,54631,38.2,103
1991,19169,IA,Story County,small/mid,Midwest,West North Central,572.68,74497,54631,39.8,94
1992,19169,IA,Story County,small/mid,Midwest,West North Central,572.68,75130,55308,41.4,83
1993,19169,IA,Story County,small/mid,Midwest,West North Central,572.68,76008,56025,43,93
1994,19169,IA,Story County,small/mid,Midwest,West North Central,572.68,75899,55905,43.5,87
1995,19169,IA,Story County,small/mid  ,Midwest,West North Central,572.68,76265,56261,44,96.9090909091
1996,19169,IA,Story County, small/mid,Midwest,West North Central,572.68,76937,56948,44.5,106.818181818
1997,19169,IA,Story County,small/mid,Midwest,West North Central,572.68,77833,57723,45,116.727272727
1998,19169,IA,Story County,small/mid,Midwest,West North Central,572.68,78221,58015,45.5,126.636363636
1999,19169,IA,Story County,small/mid,Midwest,West North Central,572.68,79372,59039,46,136.545454545
2000,19169,IA,Story County,small/mid  ,Midwest,West North Central,572.68,80152,59752,592,146.454545455
2000,19169,,,,,,,,,52.16667,
2001,19169,IA,Story County,small/mid,Midwest,West North Central,572.68,80260,60052,58.33333,156.363636364
2002,19169,IA,Story County,small/mid  ,Midwest,West North Central,572.68,81885,61704,64.5,166.272727273
2003,19169,IA,Story County,small/mid,Midwest,West North Central,572.68,82068,61857,70.66666,176.181818182
2003,19169,IA,Story County,small/mid,Midwest,West North Central,572.68,82068,61857,70.66666,176.181818182
2004,19169,IA,Story County,small/mid,Midwest,West North Central,572.68,82754,62505,76.83334,186.090909091
2005,19169,IA,Story County, small/mid,Midwest,West North Central,572.68,82884,62651,83,196
2006,19169,IA,Story County,small/mid,Midwest,West North Central,572.68,84739,64035,81.625,182
2007,19169,IA,Story County,small/mid,Midwest,West North Central,572.68,86540,65399,80.25,182
2008,19169,IA,Story County,small/mid,Midwest,West North Central,572.68,87831,66182,78.875,175
2009,19169,IA,Story County,small/mid,Midwest,West North Central,572.68,89285,67112,77.5,172
2010,19169,IA,Story County,small/mid,Midwest,West North Central,572.68,89542,67135,76.125,190
2011,19169,IA,Story County,small/mid,Midwest,West North Central,572.68,89627,67158,74.75,173
2012,19169,IA,Story County,small/mid,Midwest,West North Central,572.68,90797,68321,73.375,165
2013,19169,IA,Story County,small/mid,Midwest,West North Central,572.68,91730,68778,72,121
2014,19169,IA,Story County,SMALL/MID,Midwest,West North Central,572.68,93462,70171,72,122
2015,19169,IA,Story County,small/mid,Midwest,West North Central,572.68,95310,71639,72,103
2016,19169,IA,Story County,  SMALL/MID ,Midwest,West North Central,572.68,96348,72392,,
1970,19171,IA,Tama County,rural,Midwest,West North Central,721.012,20205,11518,0,
1970,19171,IA,Tama County,rural,Midwest,West North Central,721.012,20205,11518,0,
1971,19171,IA,Tama County,rural,Midwest,West North Central,721.012,20442,11753,0,
1972,19171,IA,Tama County,rural,Midwest,West North Central,721.012,20125,11653,0,
1973,19171,IA,Tama County,rural,Midwest,West North Central,721.012,20213,11836,0,
1974,19171,IA,Tama County,Rural,Midwest,West North Central,721.012,20194,11947,0,
1975,19171,IA,Tama County,rural  ,Midwest,West North Central,721.012,19645,11691,0,
1976,19171,IA,Tama County,rural,Midwest,West North Central,721.012,19877,11895,0,
1977,19171,IA,Tama County,rural,Midwest,West North Central,721.012,20011,12001,0,
1978,19171,IA,Tama County,rural,Midwest,West North Central,721.012,20127,12114,0,
1979,19171,IA,Tama County,rural,Midwest,West North Central,721.012,19902,11967,0,
1980,19171,IA,Tama County,rural,Midwest,West North Central,721.012,19508,11690,0,
1981,19171,IA,Tama County,rural,Midwest,West North Central,721.012,19340,11561,0,
1982,19171,IA,Tama County,rural,Midwest,West North Central,721.012,19202,11448,0,
1983,19171,IA,Tama County,rural,Midwest,West North Central,721.012,19043,11330,0,
1984,19171,IA,Tama County,rural,Midwest,West North Central,721.012,18999,11295,0,
1985,19171,IA,Tama County,rural,Midwest,West North Central,721.012,18663,11086,0,
1986,19171,IA,Tama County,rural,Midwest,West North Central,721.012,18216,10803,0,
1987,19171,IA,Tama County,rural,Midwest,West North Central,721.012,17803,10553,0,
1988,19171,IA,Tama County,rural,Midwest,West North Central,721.012,17676,10467,0,
1989,19171,IA,Tama County,rural,Midwest,West North Central,721.012,17488,10302,0,35
1990,19171,IA,Tama County,rural,Midwest,West North Central,721.012,17436,10271,0,30
1991,19171,IA,Tama County,rural,Midwest,West North Central,721.012,17424,10258,0,42
1992,19171,IA,Tama County,rural,Midwest,West North Central,721.012,17513,10334,0,41
1993,19171,IA,Tama County,rural,Midwest,West North Central,721.012,17728,10474,18,43
1994,19171,IA,Tama County,rural,Midwest,West North Central,721.012,17906,10641,18.5,42
1995,19171,IA,Tama County,rural,Midwest,West North Central,721.012,17951,10715,19,41.5454545455
1996,19171,IA,Tama County,rural,Midwest,West North Central,721.012,17885,10674,19.5,41.0909090909
1997,19171,IA,Tama County,rural,Midwest,West North Central,721.012,17950,10725,20,40.6363636364
1998,19171,IA,Tama County,rural,Midwest,West North Central,721.012,18070,10785,20.5,40.1818181818
1999,19171,IA,Tama County,rural,Midwest,West North Central,721.012,18121,10819,21,39.7272727273
2000,19171,IA,Tama County,rural,Midwest,West North Central,721.012,18084,10815,20.66667,39.2727272727
2001,19171,IA,Tama County,rural,Midwest,West North Central,721.012,18080,10834,20.33333,38.8181818182
2002,19171,IA,Tama County,rural,Midwest,West North Central,721.012,18017,10837,20,38.3636363636
2003,19171,IA,Tama County,rural,Midwest,West North Central,721.012,18030,10880,19.66667,37.9090909091
2004,19171,IA,Tama County,rural,Midwest,West North Central,721.012,18167,10960,19.33333,37.4545454545
2005,19171,IA,Tama County,rural,Midwest,West North Central,721.012,18197,11023,19,37
2006,19171,IA,Tama County,rural,Midwest,West North Central,721.012,18149,11056,18.5,42
2007,19171,IA,Tama County,RURAL,Midwest,West North Central,721.012,18064,11038,18,45
2008,19171,IA,Tama County,rural,Midwest,West North Central,721.012,17986,10998,17.5,50
2009,19171,IA,Tama County,rural,Midwest,West North Central,721.012,17833,10906,17,35
2010,19171,IA,Tama County,rural,Midwest,West North Central,721.012,17767,10839,16.5,39
2011,19171,IA,Tama County,rural,Midwest,West North Central,721.012,17718,10822,16,39
2012,19171,IA,Tama County,rural,Midwest,West North Central,721.012,17610,10827,15.5,36
2013,19171,IA,Tama County,rural,Midwest,West North Central,721.012,17501,10751,15,43
2014,19171,IA,Tama County,rural,Midwest,West North Central,721.012,17429,10726,15,48
2015,19171,IA,Tama County,rural,Midwest,West North Central,721.012,17308,10604,15,35
2016,19171,IA,Tama County,rural,Midwest,West North Central,721.012,17204,10523,,
2016,19171,IA,Tama County,rural,Midwest,West North Central,721.012,17204,10523,,
1970,19173,IA,Taylor County,rural,Midwest,West North Central,531.902,8819,4949,2,
1970,19173,IA,Taylor County,rural,Midwest,West North Central,531.902,8819,4949,2,
1971,19173,IA,Taylor County,  RURAL ,Midwest,West North Central,531.902,8925,5048,515,
1971,19173,,,,,,,,,1.944444,
1972,19173,IA,Taylor County,rural,Midwest,West North Central,531.902,8772,4982,1.888889,
1972,19173,IA,Taylor County,rural,Midwest,West North Central,531.902,8772,4982,1.888889,
1973,19173,IA,Taylor County,rural,Midwest,West North Central,531.902,8642,4926,1.833333,
1974,19173,IA,Taylor County,rural,Midwest,West North Central,531.902,8346,4749,1.777778,
1975,19173,IA,Taylor County,rural,Midwest,West North Central,531.902,8430,4847,1.722222,
1976,19173,IA,Taylor County,rural,Midwest,West North Central,531.902,8371,4805,1.666667,
1977,19173,IA,Taylor County,rural,Midwest,West North Central,531.902,8353,4803,1.611111,
1978,19173,IA,Taylor County,rural,Midwest,West North Central,531.902,8429,4882,1.555556,
1979,19173,IA,Taylor County,rural,Midwest,West North Central,531.902,8342,4841,515,
1979,19173,,,,,,,,,1.5,
1980,19173,IA,Taylor County,Rural,Midwest,West North Central,531.902,8355,4861,1.444444,
1981,19173,IA,Taylor County,rural,Midwest,West North Central,531.902,8317,4811,1.388889,
1981,19173,IA,Taylor County,rural,Midwest,West North Central,531.902,8317,4811,1.388889,
1982,19173,IA,Taylor County,rural,Midwest,West North Central,531.902,8313,4780,1.333333,
1983,19173,IA,Taylor County,rural,Midwest,West North Central,531.902,8211,4691,1.277778,
1984,19173,IA,Taylor County, rural,Midwest,West North Central,531.902,8088,4598,1.222222,
1985,19173,IA,Taylor County,rural,Midwest,West North Central,531.902,7841,4432,1.166667,
1985,19173,IA,Taylor County,rural,Midwest,West North Central,531.902,7841,4432,1.166667,
1986,19173,IA,Taylor County,RURAL,Midwest,West North Central,531.902,7590,4258,1.111111,
1987,19173,IA,Taylor County,rural,Midwest,West North Central,531.902,7407,4129,1.055556,
1988,19173,IA,Taylor County,rural,Midwest,West North Central,531.902,7239,4009,1,
1989,19173,IA,Taylor County,rural,Midwest,West North Central,531.902,7187,3944,1.4,4
1990,19173,IA,Taylor County,rural,Midwest,West North Central,531.902,7103,3893,1.8,4
1991,19173,IA,Taylor County,rural,Midwest,West North Central,531.902,7053,3853,2.2,5
1992,19173,IA,Taylor County,rural,Midwest,West North Central,531.902,7024,3890,2.6,
1993,19173,IA,Taylor County,rural,Midwest,West North Central,531.902,7024,3910,3,
1994,19173,IA,Taylor County,rural,Midwest,West North Central,531.902,7048,3963,1,0
1995,19173,IA,Taylor County,rural,Midwest,West North Central,531.902,7069,4018,2,
1996,19173,IA,Taylor County,rural,Midwest,West North Central,531.902,7069,4046,3,
1997,19173,IA,Taylor County,rural,Midwest,West North Central,531.902,7016,4031,5,
1998,19173,IA,Taylor County,rural,Midwest,West North Central,531.902,7029,4077,5,
1999,19173,IA,Taylor County,rural,Midwest,West North Central,531.902,6905,4000,6,3.63636363636
2000,19173,IA,Taylor County,rural,Midwest,West North Central,531.902,6976,4085,6,4.36363636364
2001,19173,IA,Taylor County, rural,Midwest,West North Central,531.902,6894,4060,7,5.09090909091
2002,19173,IA,Taylor County,rural,Midwest,West North Central,531.902,6813,4002,5,5.81818181818
2003,19173,IA,Taylor County,rural,Midwest,West North Central,531.902,6747,3954,4,6.54545454545
2004,19173,IA,Taylor County,rural  ,Midwest,West North Central,531.902,6689,3921,4,7.27272727273
2005,19173,IA,Taylor County,rural,Midwest,West North Central,531.902,6534,3881,2,8
2006,19173,IA,Taylor County,rural,Midwest,West North Central,531.902,6557,3851,2.25,8
2007,19173,IA,Taylor County,rural,Midwest,West North Central,531.902,6448,3777,2.5,7
2008,19173,IA,Taylor County,rural,Midwest,West North Central,531.902,6348,3714,2.75,15
2009,19173,IA,Taylor County,rural,Midwest,West North Central,531.902,6355,3755,3,15
2010,19173,IA,Taylor County,rural,Midwest,West North Central,531.902,6317,3779,3.25,13
2011,19173,IA,Taylor County,rural,Midwest,West North Central,531.902,6319,3774,3.5,12
2012,19173,IA,Taylor County,rural,Midwest,West North Central,531.902,6303,3768,3.75,9
2012,19173,IA,Taylor County,rural,Midwest,West North Central,531.902,6303,3768,3.75,9
2013,19173,IA,Taylor County,rural,Midwest,West North Central,531.902,6262,3746,4,10
2014,19173,IA,Taylor County,rural,Midwest,West North Central,531.902,6226,3750,4,8
2015,19173,IA,Taylor County,rural,Midwest,West North Central,531.902,6164,3693,4,7
2016,19173,IA,Taylor County,rural  ,Midwest,West North Central,531.902,6263,3719,,
1970,19175,IA,Union County,rural,Midwest,West North Central,423.645,13583,7611,1,
1971,19175,IA,Union County,rural,Midwest,West North Central,423.645,13680,7712,1.625,
1972,19175,IA,Union County,rural,Midwest,West North Central,423.645,13898,7916,2.25,
1973,19175,IA,Union County,rural,Midwest,West North Central,423.645,13634,7803,2.875,
1974,19175,IA,Union County,rural,Midwest,West North Central,423.645,13644,7879,3.5,
1975,19175,IA,Union County,rural,Midwest,West North Central,423.645,13537,7878,4.125,
1976,19175,IA,Union County,rural,Midwest,West North Central,423.645,13661,8033,4.75,
1977,19175,IA,Union County,rural,Midwest,West North Central,423.645,13831,8212,5.375,
1978,19175,IA,Union County,Rural,Midwest,West North Central,423.645,13942,8354,6,
1979,19175,IA,Union County,rural,Midwest,West North Central,423.645,14078,8476,7,
1980,19175,IA,Union County,rural  ,Midwest,West North Central,423.645,13866,8313,8,
1981,19175,IA,Union County,  RURAL ,Midwest,West North Central,423.645,13848,8296,9,
1982,19175,IA,Union County,rural,Midwest,West North Central,423.645,13745,8220,10,
1983,19175,IA,Union County,rural,Midwest,West North Central,423.645,13662,8159,11,
1984,19175,IA,Union County,rural,Midwest,West North Central,423.645,13494,8061,9.8,
1985,19175,IA,Union County,rural,Midwest,West North Central,423.645,13140,7848,8.6,
1985,19175,IA,Union County,rural,Midwest,West North Central,423.645,13140,7848,8.6,
1986,19175,IA,Union County,rural,Midwest,West North Central,423.645,12925,7710,7.4,
1987,19175,IA,Union County,rural,Midwest,West North Central,423.645,12854,7665,6.2,
1988,19175,IA,Union County,rural,Midwest,West North Central,423.645,12748,7601,5,
1989,19175,IA,Union County,rural  ,Midwest,West North Central,423.645,12636,7506,6,11
1990,19175,IA,Union County,rural,Midwest,West North Central,423.645,12774,7573,7,18
1991,19175,IA,Union County,rural,Midwest,West North Central,423.645,12635,7506,8,14
1992,19175,IA,Union County,rural,Midwest,West North Central,423.645,12503,7481,9,14
1993,19175,IA,Union County,rural,Midwest,West North Central,423.645,12482,7520,10,17
1994,19175,IA,Union County, rural,Midwest,West North Central,423.645,12352,7480,10,16
1995,19175,IA,Union County,rural,Midwest,West North Central,423.645,12325,7509,10,16.9090909091
1996,19175,IA,Union County,rural,Midwest,West North Central,423.645,12459,7652,10,17.8181818182
1997,19175,IA,Union County,rural,Midwest,West North Central,423.645,12345,7617,10,18.7272727273
1998,19175,IA,Union County,rural,Midwest,West North Central,423.645,12349,7636,10,19.6363636364
1999,19175,IA,Union County,rural,Midwest,West North Central,423.645,12397,7715,10,20.5454545455
2000,19175,IA,Union County,rural,Midwest,West North Central,423.645,12281,7684,10,21.4545454545
2001,19175,IA,Union County,rural,Midwest,West North Central,423.645,12240,7660,10,22.3636363636
2002,19175,IA,Union County,rural,Midwest,West North Central,423.645,12163,7637,10,23.2727272727
2003,19175,IA,Union County,rural,Midwest,West North Central,423.645,12004,7583,10,24.1818181818
2004,19175,IA,Union County,rural,Midwest,West North Central,423.645,12085,7640,10,25.0909090909
2005,19175,IA,Union County,rural,Midwest,West North Central,423.645,12143,7695,10,26
2005,19175,IA,Union County,rural,Midwest,West North Central,423.645,12143,7695,10,26
2006,19175,IA,Union County,rural,Midwest,West North Central,423.645,12225,7798,9.875,21
2007,19175,IA,Union County,rural,Midwest,West North Central,423.645,12319,7823,9.75,23
2008,19175,IA,Union County,rural,Midwest,West North Central,423.645,12447,7834,9.625,36
2009,19175,IA,Union County,rural,Midwest,West North Central,423.645,12527,7827,9.5,27
2010,19175,IA,Union County,rural  ,Midwest,West North Central,423.645,12534,7799,9.375,32
2011,19175,IA,Union County,rural,Midwest,West North Central,423.645,12511,7783,9.25,30
2012,19175,IA,Union County,rural,Midwest,West North Central,423.645,12549,7819,9.125,39
2013,19175,IA,Union County,rural,Midwest,West North Central,423.645,12580,7842,9,39
2014,19175,IA,Union County,rural,Midwest,West North Central,423.645,12607,7817,9,53
2015,19175,IA,Union County,rural,Midwest,West North Central,423.645,12615,7860,9,53
2016,19175,IA,Union County,rural,Midwest,West North Central,423.645,12425,7698,,
1970,19177,IA,Van Buren County,rural,Midwest,West North Central,484.808,8628,4812,4,
1971,19177,IA,Van Buren County,rural,Midwest,West North Central,484.808,8537,4770,4.5,
1972,19177,IA,Van Buren County,rural,Midwest,West North Central,484.808,8819,5001,5,
1973,19177,IA,Van Buren County,rural,Midwest,West North Central,484.808,8479,4804,5.5,
1974,19177,IA,Van Buren County, rural,Midwest,West North Central,484.808,8485,4839,6,
1975,19177,IA,Van Buren County,rural,Midwest,West North Central,484.808,8341,4772,6.5,
1976,19177,IA,Van Buren County,rural,Midwest,West North Central,484.808,8359,4793,7,
1977,19177,IA,Van Buren County,rural,Midwest,West North Central,484.808,8632,5019,7.5,
1978,19177,IA,Van Buren County,rural,Midwest,West North Central,484.808,8510,4938,8,
1979,19177,IA,Van Buren County,rural,Midwest,West North Central,484.808,8519,4958,6.6,
1980,19177,IA,Van Buren County,rural,Midwest,West North Central,484.808,8633,5048,5.2,
1981,19177,IA,Van Buren County,rural,Midwest,West North Central,484.808,8630,5036,3.8,
1982,19177,IA,Van Buren County,rural  ,Midwest,West North Central,484.808,8520,4957,2.4,
1983,19177,IA,Van Buren County,rural  ,Midwest,West North Central,484.808,8424,4891,1,
1984,19177,IA,Van Buren County,rural,Midwest,West North Central,484.808,8298,4816,1.2,
1984,19177,IA,Van Buren County,rural,Midwest,West North Central,484.808,8298,4816,1.2,
1985,19177,IA,Van Buren County,rural,Midwest,West North Central,484.808,8118,4711,1.4,
1986,19177,IA,Van Buren County,  RURAL ,Midwest,West North Central,484.808,7992,4631,1.6,
1987,19177,IA,Van Buren County,rural,Midwest,West North Central,484.808,7871,4548,1.8,
1987,19177,IA,Van Buren County,rural,Midwest,West North Central,484.808,7871,4548,1.8,
1988,19177,IA,Van Buren County,rural,Midwest,West North Central,484.808,7848,4533,2,
1989,19177,IA,Van Buren County,rural,Midwest,West North Central,484.808,7670,4408,3,0
1990,19177,IA,Van Buren County, rural,Midwest,West North Central,484.808,7683,4412,4,
1991,19177,IA,Van Buren County,rural,Midwest,West North Central,484.808,7718,4461,5,
1992,19177,IA,Van Buren County,rural,Midwest,West North Central,484.808,7700,4471,6,9
1993,19177,IA,Van Buren County,rural,Midwest,West North Central,484.808,7725,4520,7,5
1993,19177,IA,Van Buren County,rural,Midwest,West North Central,484.808,7725,4520,7,5
1994,19177,IA,Van Buren County,rural,Midwest,West North Central,484.808,7686,4514,7,4
1995,19177,IA,Van Buren County,rural,Midwest,West North Central,484.808,7701,4561,7,4.36363636364
1996,19177,IA,Van Buren County,rural,Midwest,West North Central,484.808,7669,4560,7,4.72727272727
1997,19177,IA,Van Buren County,rural,Midwest,West North Central,484.808,7736,4624,7,5.09090909091
1998,19177,IA,Van Buren County,rural,Midwest,West North Central,484.808,7774,4682,7,5.45454545455
1999,19177,IA,Van Buren County,rural,Midwest,West North Central,484.808,7784,4703,7,5.81818181818
2000,19177,IA,Van Buren County,rural,Midwest,West North Central,484.808,7793,4743,6.333333,6.18181818182
2001,19177,IA,Van Buren County,rural,Midwest,West North Central,484.808,7716,4704,5.666667,6.54545454545
2002,19177,IA,Van Buren County,rural,Midwest,West North Central,484.808,7722,4682,5,6.90909090909
2003,19177,IA,Van Buren County,rural,Midwest,West North Central,484.808,7672,4707,4.333333,7.27272727273
2004,19177,IA,Van Buren County,rural,Midwest,West North Central,484.808,7665,4714,3.666667,7.63636363636
2005,19177,IA,Van Buren County,rural,Midwest,West North Central,484.808,7638,4687,3,8
2006,19177,IA,Van Buren County,Rural,Midwest,West North Central,484.808,7660,4721,3.25,6
2007,19177,IA,Van Buren County,rural,Midwest,West North Central,484.808,7690,4712,3.5,7
2007,19177,IA,Van Buren County,rural,Midwest,West North Central,484.808,7690,4712,3.5,7
2008,19177,IA,Van Buren County,rural,Midwest,West North Central,484.808,7699,4670,3.75,12
2009,19177,IA,Van Buren County,rural,Midwest,West North Central,484.808,7628,4633,4,13
2010,19177,IA,Van Buren County,rural,Midwest,West North Central,484.808,7573,4596,4.25,11
2011,19177,IA,Van Buren County,rural,Midwest,West North Central,484.808,7579,4593,4.5,9
2012,19177,IA,Van Buren County,rural,Midwest,West North Central,484.808,7514,4579,4.75,7
2013,19177,IA,Van Buren County,rural,Midwest,West North Central,484.808,7449,4521,5,8
2014,19177,IA,Van Buren County,rural  ,Midwest,West North Central,484.808,7437,4483,4.5,15
2015,19177,IA,Van Buren County,rural,Midwest,West North Central,484.808,7392,4444,4,12
2016,19177,IA,Van Buren County,rural,Midwest,West North Central,484.808,7297,4392,,
1970,19179,IA,Wapello County,rural,Midwest,West North Central,431.84,42170,25040,13,
1971,19179,IA,Wapello County,rural,Midwest,West North Central,431.84,42257,25175,13.75,
1972,19179,IA,Wapello County,rural,Midwest,West North Central,431.84,41872,25062,14.5,
1973,19179,IA,Wapello County,rural,Midwest,West North Central,431.84,42039,25344,15.25,
1973,19179,IA,Wapello County,rural,Midwest,West North Central,431.84,42039,25344,15.25,
1974,19179,IA,Wapello County,rural,Midwest,West North Central,431.84,40821,24646,16,
1975,19179,IA,Wapello County,rural  ,Midwest,West North Central,431.84,39821,24082,16.75,
1976,19179,IA,Wapello County,rural,Midwest,West North Central,431.84,40080,24418,17.5,
1977,19179,IA,Wapello County,rural  ,Midwest,West North Central,431.84,40545,24887,18.25,
1978,19179,IA,Wapello County,rural,Midwest,West North Central,431.84,40529,24999,19,
1979,19179,IA,Wapello County,RURAL,Midwest,West North Central,431.84,40680,25215,17,
1980,19179,IA,Wapello County,rural,Midwest,West North Central,431.84,40222,24880,15,
1981,19179,IA,Wapello County,rural,Midwest,West North Central,431.84,39933,24683,13,
1982,19179,IA,Wapello County,rural,Midwest,West North Central,431.84,39387,24306,11,
1983,19179,IA,Wapello County,rural  ,Midwest,West North Central,431.84,39069,24075,9,
1983,19179,IA,Wapello County,rural  ,Midwest,West North Central,431.84,39069,24075,9,
1984,19179,IA,Wapello County,rural,Midwest,West North Central,431.84,38821,23923,8,
1984,19179,IA,Wapello County,rural,Midwest,West North Central,431.84,38821,23923,8,
1985,19179,IA,Wapello County,rural,Midwest,West North Central,431.84,38155,23512,7,
1986,19179,IA,Wapello County,Rural,Midwest,West North Central,431.84,37136,22860,6,
1987,19179,IA,Wapello County,RURAL,Midwest,West North Central,431.84,36240,22291,5,
1988,19179,IA,Wapello County,  RURAL ,Midwest,West North Central,431.84,35593,21889,4,
1989,19179,IA,Wapello County,RURAL,Midwest,West North Central,431.84,35673,21847,8.8,35
1990,19179,IA,Wapello County,rural,Midwest,West North Central,431.84,35733,21863,13.6,34
1991,19179,IA,Wapello County,rural,Midwest,West North Central,431.84,35817,21945,18.4,41
1992,19179,IA,Wapello County,rural,Midwest,West North Central,431.84,36037,22259,23.2,47
1993,19179,IA,Wapello County,RURAL,Midwest,West North Central,431.84,36272,22456,28,48
1994,19179,IA,Wapello County,rural,Midwest,West North Central,431.84,36265,22502,29,46
1995,19179,IA,Wapello County,rural  ,Midwest,West North Central,431.84,35990,22438,30,62.6363636364
1996,19179,IA,Wapello County,rural,Midwest,West North Central,431.84,36052,22588,31,79.2727272727
1997,19179,IA,Wapello County,rural,Midwest,West North Central,431.84,35980,22583,32,95.9090909091
1998,19179,IA,Wapello County,rural,Midwest,West North Central,431.84,35948,22579,33,112.545454545
1998,19179,IA,Wapello County,rural,Midwest,West North Central,431.84,35948,22579,33,112.545454545
1999,19179,IA,Wapello County,  RURAL ,Midwest,West North Central,431.84,36043,22679,34,129.181818182
2000,19179,IA,Wapello County,  RURAL ,Midwest,West North Central,431.84,36007,22698,33,145.818181818
2001,19179,IA,Wapello County,rural,Midwest,West North Central,431.84,35947,22779,47,162.454545455
2002,19179,IA,Wapello County,RURAL,Midwest,West North Central,431.84,35796,22765,63,179.090909091
2003,19179,IA,Wapello County,rural,Midwest,West North Central,431.84,35750,22910,63,195.727272727
2004,19179,IA,Wapello County,rural,Midwest,West North Central,431.84,35709,23009,70,212.363636364
2005,19179,IA,Wapello County,rural,Midwest,West North Central,431.84,35855,23090,64,229
2006,19179,IA,Wapello County,rural,Midwest,West North Central,431.84,35776,23120,73,236
2007,19179,IA,Wapello County,rural,Midwest,West North Central,431.84,35458,22913,77,187
2008,19179,IA,Wapello County,rural,Midwest,West North Central,431.84,35381,22956,62,191
2009,19179,IA,Wapello County,rural,Midwest,West North Central,431.84,35481,22998,63,172
2010,19179,IA,Wapello County,rural,Midwest,West North Central,431.84,35625,23039,67,201
2011,19179,IA,Wapello County,rural,Midwest,West North Central,431.84,35666,23076,59,169
2012,19179,IA,Wapello County,rural,Midwest,West North Central,431.84,35463,22943,70,159
2012,19179,IA,Wapello County,rural,Midwest,West North Central,431.84,35463,22943,70,159
2013,19179,IA,Wapello County,rural,Midwest,West North Central,431.84,35425,22859,77,145
2014,19179,IA,Wapello County,rural,Midwest,West North Central,431.84,35474,22777,94,152
2015,19179,IA,Wapello County,rural,Midwest,West North Central,431.84,35382,22722,94,157
2016,19179,IA,Wapello County,rural,Midwest,West North Central,431.84,35433,22768,,
1970,19181,IA,Warren County,small/mid,Midwest,West North Central,569.839,27560,16221,9,
1971,19181,IA,Warren County,small/mid,Midwest,West North Central,569.839,28087,16659,9,
1972,19181,IA,Warren County,small/mid,Midwest,West North Central,569.839,28923,17365,9,
1973,19181,IA,Warren County,SMALL/MID,Midwest,West North Central,569.839,30321,18453,9,
1974,19181,IA,Warren County,small/mid,Midwest,West North Central,569.839,30750,18876,9,
1975,19181,IA,Warren County, small/mid,Midwest,West North Central,569.839,31197,19291,9,
1976,19181,IA,Warren County,small/mid,Midwest,West North Central,569.839,31944,19951,9,
1977,19181,IA,Warren County,small/mid,Midwest,West North Central,569.839,32856,20695,9,
1978,19181,IA,Warren County,small/mid,Midwest,West North Central,569.839,33649,21347,9,
1979,19181,IA,Warren County, small/mid,Midwest,West North Central,569.839,34251,21838,8.4,
1980,19181,IA,Warren County,small/mid,Midwest,West North Central,569.839,34940,22371,7.8,
1981,19181,IA,Warren County,small/mid,Midwest,West North Central,569.839,34976,22456,7.2,
1982,19181,IA,Warren County,small/mid,Midwest,West North Central,569.839,34725,22337,6.6,
1983,19181,IA,Warren County, small/mid,Midwest,West North Central,569.839,34708,22374,6,
1984,19181,IA,Warren County,small/mid,Midwest,West North Central,569.839,34779,22496,6.8,
1985,19181,IA,Warren County,Small/mid,Midwest,West North Central,569.839,34777,22568,7.6,
1986,19181,IA,Warren County,small/mid,Midwest,West North Central,569.839,34904,22731,8.4,
1987,19181,IA,Warren County,small/mid,Midwest,West North Central,569.839,35040,22891,9.2,
1988,19181,IA,Warren County, small/mid,Midwest,West North Central,569.839,35170,23035,10,
1989,19181,IA,Warren County,small/mid,Midwest,West North Central,569.839,35656,23316,9,38
1990,19181,IA,Warren County,Small/mid,Midwest,West North Central,569.839,36170,23668,14,50
1991,19181,IA,Warren County,small/mid,Midwest,West North Central,569.839,36573,23913,17,42
1992,19181,IA,Warren County,  SMALL/MID ,Midwest,West North Central,569.839,37150,24363,17,37
1993,19181,IA,Warren County,small/mid,Midwest,West North Central,569.839,37769,24789,15,46
1994,19181,IA,Warren County,small/mid,Midwest,West North Central,569.839,38198,25146,16,35
1995,19181,IA,Warren County,small/mid,Midwest,West North Central,569.839,38645,25540,17,38.6363636364
1996,19181,IA,Warren County,small/mid,Midwest,West North Central,569.839,39180,25909,18,42.2727272727
1997,19181,IA,Warren County,small/mid,Midwest,West North Central,569.839,39510,26122,19,45.9090909091
1998,19181,IA,Warren County,small/mid,Midwest,West North Central,569.839,39911,26379,20,49.5454545455
1998,19181,IA,Warren County,small/mid,Midwest,West North Central,569.839,39911,26379,20,49.5454545455
1999,19181,IA,Warren County,small/mid,Midwest,West North Central,569.839,40340,26643,21,53.1818181818
2000,19181,IA,Warren County, small/mid,Midwest,West North Central,569.839,40787,26916,20.66667,56.8181818182
2001,19181,IA,Warren County,small/mid,Midwest,West North Central,569.839,41080,27172,20.33333,60.4545454545
2002,19181,IA,Warren County,small/mid,Midwest,West North Central,569.839,41422,27403,20,64.0909090909
2003,19181,IA,Warren County, small/mid,Midwest,West North Central,569.839,42187,27988,19.66667,67.7272727273
2004,19181,IA,Warren County,small/mid,Midwest,West North Central,569.839,42584,28214,19.33333,71.3636363636
2005,19181,IA,Warren County,small/mid  ,Midwest,West North Central,569.839,43339,28690,19,75
2006,19181,IA,Warren County,  SMALL/MID ,Midwest,West North Central,569.839,44178,29130,19.375,75
2007,19181,IA,Warren County,small/mid,Midwest,West North Central,569.839,44868,29527,19.75,75
2008,19181,IA,Warren County, small/mid,Midwest,West North Central,569.839,45450,29899,20.125,76
2009,19181,IA,Warren County,small/mid,Midwest,West North Central,569.839,45926,30064,20.5,69
2010,19181,IA,Warren County,small/mid,Midwest,West North Central,569.839,46228,30132,20.875,71
2011,19181,IA,Warren County,small/mid,Midwest,West North Central,569.839,46340,30208,21.25,73
2012,19181,IA,Warren County,small/mid,Midwest,West North Central,569.839,46628,30422,21.625,82
2013,19181,IA,Warren County,small/mid,Midwest,West North Central,569.839,46883,30458,22,92
2014,19181,IA,Warren County,small/mid,Midwest,West North Central,569.839,47348,30705,22,99
2015,19181,IA,Warren County,small/mid,Midwest,West North Central,569.839,47830,30994,22,101
2016,19181,IA,Warren County,small/mid,Midwest,West North Central,569.839,48466,31302,,
1970,19183,IA,Washington County,small/mid,Midwest,West North Central,568.823,18984,10653,0,
1970,19183,IA,Washington County,small/mid,Midwest,West North Central,568.823,18984,10653,0,
1971,19183,IA,Washington County,small/mid,Midwest,West North Central,568.823,19021,10727,0,
1972,19183,IA,Washington County,small/mid,Midwest,West North Central,568.823,19407,11087,0,
1973,19183,IA,Washington County,small/mid,Midwest,West North Central,568.823,19355,11145,0,
1974,19183,IA,Washington County,small/mid,Midwest,West North Central,568.823,19459,11326,0,
1975,19183,IA,Washington County,small/mid,Midwest,West North Central,568.823,19473,11438,0,
1976,19183,IA,Washington County,small/mid,Midwest,West North Central,568.823,19711,11707,0,
1977,19183,IA,Washington County,small/mid,Midwest,West North Central,568.823,20013,11985,0,
1978,19183,IA,Washington County,  SMALL/MID ,Midwest,West North Central,568.823,20126,12117,2,
1979,19183,IA,Washington County,small/mid,Midwest,West North Central,568.823,20333,12344,2.6,
1980,19183,IA,Washington County,small/mid,Midwest,West North Central,568.823,20166,12229,3.2,
1981,19183,IA,Washington County,small/mid,Midwest,West North Central,568.823,20180,12202,3.8,
1982,19183,IA,Washington County,small/mid,Midwest,West North Central,568.823,20064,12080,4.4,
1983,19183,IA,Washington County,small/mid,Midwest,West North Central,568.823,19863,11917,5,
1984,19183,IA,Washington County,Small/mid,Midwest,West North Central,568.823,19808,11867,6,
1985,19183,IA,Washington County,small/mid,Midwest,West North Central,568.823,19765,11813,7,
1986,19183,IA,Washington County,small/mid,Midwest,West North Central,568.823,19621,11691,8,
1987,19183,IA,Washington County,small/mid,Midwest,West North Central,568.823,19516,11599,536,
1987,19183,,,,,,,,,9,
1988,19183,IA,Washington County,small/mid,Midwest,West North Central,568.823,19636,11640,10,
1989,19183,IA,Washington County,small/mid,Midwest,West North Central,568.823,19591,11537,10.8,7
1990,19183,IA,Washington County,small/mid,Midwest,West North Central,568.823,19617,11549,11.6,6
1991,19183,IA,Washington County,small/mid,Midwest,West North Central,568.823,19827,11684,12.4,9
1992,19183,IA,Washington County,small/mid,Midwest,West North Central,568.823,20072,11866,13.2,21
1993,19183,IA,Washington County,SMALL/MID,Midwest,West North Central,568.823,20098,11917,14,15
1994,19183,IA,Washington County,Small/mid,Midwest,West North Central,568.823,20039,11928,16,19
1995,19183,IA,Washington County,small/mid,Midwest,West North Central,568.823,20245,12119,18,20.2727272727
1996,19183,IA,Washington County,small/mid,Midwest,West North Central,568.823,20349,12237,20,21.5454545455
1997,19183,IA,Washington County,small/mid,Midwest,West North Central,568.823,20512,12371,22,22.8181818182
1998,19183,IA,Washington County,small/mid,Midwest,West North Central,568.823,20506,12368,24,24.0909090909
1999,19183,IA,Washington County,Small/mid,Midwest,West North Central,568.823,20578,12441,26,25.3636363636
2000,19183,IA,Washington County,small/mid,Midwest,West North Central,568.823,20718,12567,26.14286,26.6363636364
2001,19183,IA,Washington County,small/mid,Midwest,West North Central,568.823,21064,12785,26.28572,27.9090909091
2002,19183,IA,Washington County,small/mid,Midwest,West North Central,568.823,21108,12841,26.42857,29.1818181818
2003,19183,IA,Washington County,SMALL/MID,Midwest,West North Central,568.823,21190,12926,26.57143,30.4545454545
2004,19183,IA,Washington County,small/mid,Midwest,West North Central,568.823,21258,13060,26.71428,31.7272727273
2005,19183,IA,Washington County,  SMALL/MID ,Midwest,West North Central,568.823,21350,13074,26.85714,33
2006,19183,IA,Washington County, small/mid,Midwest,West North Central,568.823,21472,13238,27,31
2007,19183,IA,Washington County,small/mid  ,Midwest,West North Central,568.823,21588,13363,27.14286,36
2008,19183,IA,Washington County,small/mid,Midwest,West North Central,568.823,21686,13392,27.28572,51
2009,19183,IA,Washington County,  SMALL/MID ,Midwest,West North Central,568.823,21692,13443,27.42857,42
2010,19183,IA,Washington County,SMALL/MID,Midwest,West North Central,568.823,21704,13457,27.57143,37
2011,19183,IA,Washington County,small/mid,Midwest,West North Central,568.823,21690,13443,27.71428,28
2012,19183,IA,Washington County,small/mid,Midwest,West North Central,568.823,21819,13545,27.85714,36
2013,19183,IA,Washington County,small/mid,Midwest,West North Central,568.823,21903,13539,28,43
2014,19183,IA,Washington County,small/mid,Midwest,West North Central,568.823,21941,13466,28,51
2015,19183,IA,Washington County,small/mid,Midwest,West North Central,568.823,22017,13425,28,50
2016,19183,IA,Washington County,small/mid,Midwest,West North Central,568.823,22128,13463,,
1970,19185,IA,Wayne County,rural,Midwest,West North Central,525.462,8374,4713,3,
1971,19185,IA,Wayne County,rural  ,Midwest,West North Central,525.462,8267,4656,3.25,
1972,19185,IA,Wayne County,rural,Midwest,West North Central,525.462,8303,4713,3.5,
1973,19185,IA,Wayne County,rural,Midwest,West North Central,525.462,8394,4816,3.75,
1974,19185,IA,Wayne County,rural,Midwest,West North Central,525.462,8352,4823,4,
1975,19185,IA,Wayne County,rural,Midwest,West North Central,525.462,8196,4743,4.25,
1976,19185,IA,Wayne County,rural,Midwest,West North Central,525.462,8207,4776,4.5,
1976,19185,IA,Wayne County,rural,Midwest,West North Central,525.462,8207,4776,4.5,
1977,19185,IA,Wayne County,rural,Midwest,West North Central,525.462,8280,4828,4.75,
1978,19185,IA,Wayne County,rural,Midwest,West North Central,525.462,8171,4731,5,
1979,19185,IA,Wayne County,rural,Midwest,West North Central,525.462,8140,4696,4.6,
1980,19185,IA,Wayne County,rural,Midwest,West North Central,525.462,8190,4723,4.2,
1981,19185,IA,Wayne County,rural,Midwest,West North Central,525.462,8091,4639,3.8,
1982,19185,IA,Wayne County,rural,Midwest,West North Central,525.462,7958,4532,3.4,
1983,19185,IA,Wayne County,rural,Midwest,West North Central,525.462,7872,4453,3,
1984,19185,IA,Wayne County,rural  ,Midwest,West North Central,525.462,7817,4404,2.6,
1985,19185,IA,Wayne County,rural,Midwest,West North Central,525.462,7522,4211,2.2,
1985,19185,IA,Wayne County,rural,Midwest,West North Central,525.462,7522,4211,2.2,
1986,19185,IA,Wayne County,rural,Midwest,West North Central,525.462,7360,4090,1.8,
1987,19185,IA,Wayne County,rural,Midwest,West North Central,525.462,7232,3990,1.4,
1988,19185,IA,Wayne County,rural,Midwest,West North Central,525.462,7083,3887,1,
1989,19185,IA,Wayne County,rural,Midwest,West North Central,525.462,7057,3837,1.6,6
1990,19185,IA,Wayne County,rural,Midwest,West North Central,525.462,7075,3824,2.2,7
1991,19185,IA,Wayne County,rural,Midwest,West North Central,525.462,7057,3791,2.8,9
1992,19185,IA,Wayne County,rural,Midwest,West North Central,525.462,7017,3801,3.4,11
1992,19185,IA,Wayne County,rural,Midwest,West North Central,525.462,7017,3801,3.4,11
1993,19185,IA,Wayne County,rural,Midwest,West North Central,525.462,7043,3838,4,15
1994,19185,IA,Wayne County,rural,Midwest,West North Central,525.462,6974,3844,4,16
1995,19185,IA,Wayne County,rural  ,Midwest,West North Central,525.462,6939,3856,4,15.7272727273
1996,19185,IA,Wayne County,rural,Midwest,West North Central,525.462,6936,3901,4,15.4545454545
1997,19185,IA,Wayne County,rural,Midwest,West North Central,525.462,6910,3925,4,15.1818181818
1998,19185,IA,Wayne County,rural,Midwest,West North Central,525.462,6821,3889,4,14.9090909091
1999,19185,IA,Wayne County,rural,Midwest,West North Central,525.462,6738,3838,4,14.6363636364
2000,19185,IA,Wayne County,rural,Midwest,West North Central,525.462,6728,3853,557,14.3636363636
2000,19185,,,,,,,,,4.166667,
2001,19185,IA,Wayne County,rural,Midwest,West North Central,525.462,6655,3852,4.333333,14.0909090909
2002,19185,IA,Wayne County,rural,Midwest,West North Central,525.462,6665,3838,4.5,13.8181818182
2003,19185,IA,Wayne County,rural,Midwest,West North Central,525.462,6614,3809,4.666667,13.5454545455
2004,19185,IA,Wayne County,rural,Midwest,West North Central,525.462,6561,3796,4.833333,13.2727272727
2005,19185,IA,Wayne County,  RURAL ,Midwest,West North Central,525.462,6494,3806,5,13
2006,19185,IA,Wayne County,rural,Midwest,West North Central,525.462,6478,3787,6.875,9
2006,19185,IA,Wayne County,rural,Midwest,West North Central,525.462,6478,3787,6.875,9
2007,19185,IA,Wayne County,rural,Midwest,West North Central,525.462,6376,3699,8.75,10
2008,19185,IA,Wayne County,rural,Midwest,West North Central,525.462,6373,3726,10.625,19
2009,19185,IA,Wayne County,rural,Midwest,West North Central,525.462,6393,3746,12.5,15
2010,19185,IA,Wayne County,rural,Midwest,West North Central,525.462,6403,3760,14.375,13
2010,19185,IA,Wayne County,rural,Midwest,West North Central,525.462,6403,3760,14.375,13
2011,19185,IA,Wayne County,rural,Midwest,West North Central,525.462,6419,3770,16.25,10
2012,19185,IA,Wayne County,rural,Midwest,West North Central,525.462,6334,3696,18.125,18
2012,19185,IA,Wayne County,rural,Midwest,West North Central,525.462,6334,3696,18.125,18
2013,19185,IA,Wayne County,rural,Midwest,West North Central,525.462,6326,3662,20,15
2014,19185,IA,Wayne County,rural,Midwest,West North Central,525.462,6382,3671,20,11
2015,19185,IA,Wayne County, rural,Midwest,West North Central,525.462,6374,3641,20,14
2016,19185,IA,Wayne County,rural,Midwest,West North Central,525.462,6355,3652,,
1970,19187,IA,Webster County,rural,Midwest,West North Central,715.674,48350,28186,23,
1971,19187,IA,Webster County,rural,Midwest,West North Central,715.674,48174,28312,22.125,
1972,19187,IA,Webster County,RURAL,Midwest,West North Central,715.674,48316,28743,21.25,
1973,19187,IA,Webster County,rural,Midwest,West North Central,715.674,47205,28332,20.375,
1974,19187,IA,Webster County,rural,Midwest,West North Central,715.674,46958,28503,19.5,
1975,19187,IA,Webster County,rural,Midwest,West North Central,715.674,46959,28833,18.625,
1976,19187,IA,Webster County,rural,Midwest,West North Central,715.674,47157,29243,17.75,
1977,19187,IA,Webster County,rural,Midwest,West North Central,715.674,46838,29221,16.875,
1977,19187,IA,Webster County,rural,Midwest,West North Central,715.674,46838,29221,16.875,
1978,19187,IA,Webster County,rural,Midwest,West North Central,715.674,46512,29215,16,
1979,19187,IA,Webster County,rural,Midwest,West North Central,715.674,45889,28991,17.26667,
1979,19187,IA,Webster County,rural,Midwest,West North Central,715.674,45889,28991,17.26667,
1980,19187,IA,Webster County,rural,Midwest,West North Central,715.674,45910,29051,18.53333,
1981,19187,IA,Webster County,rural,Midwest,West North Central,715.674,45488,28664,19.8,
1982,19187,IA,Webster County,rural,Midwest,West North Central,715.674,44911,28151,21.06667,
1983,19187,IA,Webster County,rural,Midwest,West North Central,715.674,44111,27514,536,
1983,19187,,,,,,,,,22.33333,
1984,19187,IA,Webster County,rural,Midwest,West North Central,715.674,43470,27021,23.6,
1985,19187,IA,Webster County,rural,Midwest,West North Central,715.674,42696,26435,24.86667,
1986,19187,IA,Webster County,rural,Midwest,West North Central,715.674,41682,25690,26.13333,
1987,19187,IA,Webster County,rural,Midwest,West North Central,715.674,41111,25218,27.4,
1988,19187,IA,Webster County,rural,Midwest,West North Central,715.674,40690,24852,28.66667,
1989,19187,IA,Webster County,Rural,Midwest,West North Central,715.674,40504,24516,29.93333,46
1990,19187,IA,Webster County,rural,Midwest,West North Central,715.674,40345,24303,31.2,43
1991,19187,IA,Webster County,rural,Midwest,West North Central,715.674,40335,24299,32.46667,73
1992,19187,IA,Webster County,rural,Midwest,West North Central,715.674,40283,24391,599,73
1992,19187,,,,,,,,,33.73333,
1993,19187,IA,Webster County,rural  ,Midwest,West North Central,715.674,40137,24328,35,73
1993,19187,IA,Webster County,rural  ,Midwest,West North Central,715.674,40137,24328,35,73
1994,19187,IA,Webster County,rural,Midwest,West North Central,715.674,39780,24096,36.33333,81
1995,19187,IA,Webster County,rural,Midwest,West North Central,715.674,39698,24179,37.66667,88.8181818182
1996,19187,IA,Webster County,rural,Midwest,West North Central,715.674,39461,24131,39,96.6363636364
1997,19187,IA,Webster County,rural,Midwest,West North Central,715.674,39268,24148,40.33333,104.454545455
1998,19187,IA,Webster County,rural,Midwest,West North Central,715.674,39652,24602,41.66667,112.272727273
1999,19187,IA,Webster County,rural,Midwest,West North Central,715.674,40255,25209,43,120.090909091
2000,19187,IA,Webster County,rural,Midwest,West North Central,715.674,40234,25257,44.33333,127.909090909
2001,19187,IA,Webster County,rural,Midwest,West North Central,715.674,40045,25252,45.66667,135.727272727
2002,19187,IA,Webster County,rural,Midwest,West North Central,715.674,39654,25138,47,143.545454545
2003,19187,IA,Webster County,rural,Midwest,West North Central,715.674,39377,25154,48.33333,151.363636364
2004,19187,IA,Webster County,Rural,Midwest,West North Central,715.674,38922,24912,550,159.181818182
2004,19187,,,,,,,,,49.66667,
2005,19187,IA,Webster County,rural,Midwest,West North Central,715.674,38562,24829,51,167
2006,19187,IA,Webster County,rural,Midwest,West North Central,715.674,38534,24992,50.75,174
2007,19187,IA,Webster County,rural,Midwest,West North Central,715.674,38393,25003,50.5,173
2008,19187,IA,Webster County, rural,Midwest,West North Central,715.674,38273,24998,50.25,207
2009,19187,IA,Webster County,rural,Midwest,West North Central,715.674,38316,25049,50,203
2010,19187,IA,Webster County,rural,Midwest,West North Central,715.674,38013,24802,49.75,256
2011,19187,IA,Webster County,rural,Midwest,West North Central,715.674,37883,24730,49.5,240
2011,19187,IA,Webster County,rural,Midwest,West North Central,715.674,37883,24730,49.5,240
2012,19187,IA,Webster County,rural,Midwest,West North Central,715.674,37728,24643,49.25,200
2013,19187,IA,Webster County,rural,Midwest,West North Central,715.674,37313,24269,49,166
2014,19187,IA,Webster County,rural,Midwest,West North Central,715.674,37312,24323,49,156
2014,19187,IA,Webster County,rural,Midwest,West North Central,715.674,37312,24323,49,156
2015,19187,IA,Webster County,rural,Midwest,West North Central,715.674,37042,24095,49,144
2015,19187,IA,Webster County,rural,Midwest,West North Central,715.674,37042,24095,49,144
2016,19187,IA,Webster County,rural,Midwest,West North Central,715.674,37015,23981,,
2016,19187,IA,Webster County,rural,Midwest,West North Central,715.674,37015,23981,,
1970,19189,IA,Winnebago County,rural,Midwest,West North Central,400.489,12979,7733,0,
1971,19189,IA,Winnebago County,rural,Midwest,West North Central,400.489,12954,7735,0,
1972,19189,IA,Winnebago County,rural,Midwest,West North Central,400.489,13456,8135,0,
1973,19189,IA,Winnebago County, rural,Midwest,West North Central,400.489,13986,8563,0,
1973,19189,IA,Winnebago County,small/mid,Midwest,West North Central,400.489,13986,8563,0,
1974,19189,IA,Winnebago County,rural,Midwest,West North Central,400.489,13731,8412,0,
1975,19189,IA,Winnebago County,rural,Midwest,West North Central,400.489,13417,8213,0,
1976,19189,IA,Winnebago County,rural,Midwest,West North Central,400.489,13609,8389,0,
1977,19189,IA,Winnebago County,rural,Midwest,West North Central,400.489,13597,8394,0,
1978,19189,IA,Winnebago County,rural,Midwest,West North Central,400.489,13717,8491,2,
1978,19189,IA,Winnebago County,rural,Midwest,West North Central,400.489,13717,8491,2,
1979,19189,IA,Winnebago County,rural,Midwest,West North Central,400.489,13518,8352,2,
1980,19189,IA,Winnebago County,rural,Midwest,West North Central,400.489,12956,7923,2,
1981,19189,IA,Winnebago County,rural,Midwest,West North Central,400.489,12686,7733,2,
1982,19189,IA,Winnebago County,rural,Midwest,West North Central,400.489,12548,7621,2,
1983,19189,IA,Winnebago County,small/mid,Midwest,West North Central,400.489,12554,7599,2,
1984,19189,IA,Winnebago County,small/mid,Midwest,West North Central,400.489,12634,7630,2,
1985,19189,IA,Winnebago County,rural,Midwest,West North Central,400.489,12535,7556,2,
1986,19189,IA,Winnebago County,rural,Midwest,West North Central,400.489,12313,7397,2,
1987,19189,IA,Winnebago County,rural,Midwest,West North Central,400.489,12032,7207,2,
1988,19189,IA,Winnebago County,rural,Midwest,West North Central,400.489,12044,7200,2,
1989,19189,IA,Winnebago County,rural,Midwest,West North Central,400.489,12131,7207,2,
1990,19189,IA,Winnebago County,rural,Midwest,West North Central,400.489,12131,7209,2,6
1990,19189,IA,Winnebago County,small/mid,Midwest,West North Central,400.489,12131,7209,2,6
1991,19189,IA,Winnebago County,small/mid,Midwest,West North Central,400.489,11940,7054,2,8
1992,19189,IA,Winnebago County,rural,Midwest,West North Central,400.489,11850,7037,2,10
1993,19189,IA,Winnebago County,small/mid,Midwest,West North Central,400.489,11757,7011,2,8
1994,19189,IA,Winnebago County,small/mid,Midwest,West North Central,400.489,11794,7059,2.666667,4
1995,19189,IA,Winnebago County,rural,Midwest,West North Central,400.489,11804,7119,3.333333,4.54545454545
1996,19189,IA,Winnebago County,rural,Midwest,West North Central,400.489,11829,7181,4,5.09090909091
1997,19189,IA,Winnebago County,rural,Midwest,West North Central,400.489,11876,7278,4.666667,5.63636363636
1998,19189,IA,Winnebago County,rural,Midwest,West North Central,400.489,11741,7204,5.333333,6.18181818182
1999,19189,IA,Winnebago County,rural,Midwest,West North Central,400.489,11660,7161,6,6.72727272727
2000,19189,IA,Winnebago County,small/mid,Midwest,West North Central,400.489,11778,7265,6,7.27272727273
2001,19189,IA,Winnebago County,rural,Midwest,West North Central,400.489,11586,7150,6,7.81818181818
2002,19189,IA,Winnebago County,small/mid,Midwest,West North Central,400.489,11403,7074,6,8.36363636364
2003,19189,IA,Winnebago County,rural,Midwest,West North Central,400.489,11412,7142,6,8.90909090909
2004,19189,IA,Winnebago County,small/mid,Midwest,West North Central,400.489,11321,7158,6,9.45454545455
2005,19189,IA,Winnebago County,small/mid,Midwest,West North Central,400.489,11340,7184,6,10
2006,19189,IA,Winnebago County,rural,Midwest,West North Central,400.489,11138,7047,5.875,6
2007,19189,IA,Winnebago County,RURAL,Midwest,West North Central,400.489,10986,6989,5.75,6
2008,19189,IA,Winnebago County,rural,Midwest,West North Central,400.489,10927,6960,5.625,6
2009,19189,IA,Winnebago County,rural,Midwest,West North Central,400.489,10917,6928,5.5,
2010,19189,IA,Winnebago County,small/mid,Midwest,West North Central,400.489,10866,6854,5.375,
2011,19189,IA,Winnebago County,  RURAL ,Midwest,West North Central,400.489,10836,6830,5.25,4
2012,19189,IA,Winnebago County,rural,Midwest,West North Central,400.489,10683,6732,5.125,11
2013,19189,IA,Winnebago County,small/mid,Midwest,West North Central,400.489,10590,6629,5,8
2014,19189,IA,Winnebago County,small/mid,Midwest,West North Central,400.489,10417,6521,5,9
2014,19189,IA,Winnebago County,rural  ,Midwest,West North Central,400.489,10417,6521,5,9
2015,19189,IA,Winnebago County,small/mid,Midwest,West North Central,400.489,10541,6545,5,12
2016,19189,IA,Winnebago County,small/mid,Midwest,West North Central,400.489,10578,6556,,
1970,19191,IA,Winneshiek County,rural,Midwest,West North Central,689.854,21795,12736,5,
1971,19191,IA,Winneshiek County,Rural,Midwest,West North Central,689.854,21908,12920,4.5,
1972,19191,IA,Winneshiek County,rural,Midwest,West North Central,689.854,22090,13183,557,
1972,19191,,,,,,,,,4,
1973,19191,IA,Winneshiek County,rural,Midwest,West North Central,689.854,21965,13255,3.5,
1974,19191,IA,Winneshiek County, rural,Midwest,West North Central,689.854,21812,13301,3,
1975,19191,IA,Winneshiek County,rural,Midwest,West North Central,689.854,21707,13379,2.5,
1976,19191,IA,Winneshiek County,rural,Midwest,West North Central,689.854,21743,13546,2,
1977,19191,IA,Winneshiek County,rural,Midwest,West North Central,689.854,21890,13779,1.5,
1978,19191,IA,Winneshiek County,rural,Midwest,West North Central,689.854,21961,13958,1,
1979,19191,IA,Winneshiek County,rural,Midwest,West North Central,689.854,22208,14242,1,
1980,19191,IA,Winneshiek County,rural,Midwest,West North Central,689.854,21916,14105,1,
1981,19191,IA,Winneshiek County,rural,Midwest,West North Central,689.854,21924,14106,1,
1982,19191,IA,Winneshiek County,RURAL,Midwest,West North Central,689.854,21818,14021,1,
1983,19191,IA,Winneshiek County,rural,Midwest,West North Central,689.854,21760,13970,1,
1984,19191,IA,Winneshiek County,rural,Midwest,West North Central,689.854,21687,13933,2.5,
1985,19191,IA,Winneshiek County,rural,Midwest,West North Central,689.854,21435,13773,4,
1986,19191,IA,Winneshiek County,rural,Midwest,West North Central,689.854,21137,13574,6,
1987,19191,IA,Winneshiek County,rural,Midwest,West North Central,689.854,20962,13451,5,
1988,19191,IA,Winneshiek County,rural,Midwest,West North Central,689.854,21047,13497,6,
1989,19191,IA,Winneshiek County,rural,Midwest,West North Central,689.854,21031,13433,6.6,
1990,19191,IA,Winneshiek County,rural,Midwest,West North Central,689.854,20840,13311,7.2,5
1991,19191,IA,Winneshiek County, rural,Midwest,West North Central,689.854,21065,13532,7.8,6
1992,19191,IA,Winneshiek County,rural,Midwest,West North Central,689.854,21051,13524,8.4,11
1993,19191,IA,Winneshiek County,rural,Midwest,West North Central,689.854,21113,13608,9,9
1994,19191,IA,Winneshiek County,rural,Midwest,West North Central,689.854,21129,13705,8.666667,14
1995,19191,IA,Winneshiek County,rural  ,Midwest,West North Central,689.854,21114,13752,8.333333,14.1818181818
1996,19191,IA,Winneshiek County,rural,Midwest,West North Central,689.854,21128,13810,8,14.3636363636
1997,19191,IA,Winneshiek County,rural,Midwest,West North Central,689.854,21064,13802,7.666667,14.5454545455
1998,19191,IA,Winneshiek County,rural,Midwest,West North Central,689.854,21251,13981,7.333333,14.7272727273
1999,19191,IA,Winneshiek County,rural,Midwest,West North Central,689.854,21289,14032,7,14.9090909091
2000,19191,IA,Winneshiek County,rural,Midwest,West North Central,689.854,21265,14041,7.5,15.0909090909
2001,19191,IA,Winneshiek County,rural,Midwest,West North Central,689.854,21258,14095,8,15.2727272727
2002,19191,IA,Winneshiek County,rural,Midwest,West North Central,689.854,21183,14075,8.5,15.4545454545
2003,19191,IA,Winneshiek County,rural,Midwest,West North Central,689.854,21006,14027,9,15.6363636364
2004,19191,IA,Winneshiek County,rural,Midwest,West North Central,689.854,21040,14076,9.5,15.8181818182
2005,19191,IA,Winneshiek County,rural,Midwest,West North Central,689.854,21060,14092,10,16
2005,19191,IA,Winneshiek County,rural,Midwest,West North Central,689.854,21060,14092,10,16
2006,19191,IA,Winneshiek County,rural,Midwest,West North Central,689.854,21012,14013,9.875,15
2007,19191,IA,Winneshiek County,rural,Midwest,West North Central,689.854,21078,14027,9.75,16
2008,19191,IA,Winneshiek County,rural  ,Midwest,West North Central,689.854,20980,13960,9.625,24
2009,19191,IA,Winneshiek County,rural,Midwest,West North Central,689.854,21025,13989,9.5,13
2010,19191,IA,Winneshiek County,rural,Midwest,West North Central,689.854,21058,14040,9.375,17
2011,19191,IA,Winneshiek County,rural,Midwest,West North Central,689.854,21075,14052,9.25,15
2012,19191,IA,Winneshiek County,rural,Midwest,West North Central,689.854,21043,14082,9.125,15
2012,19191,IA,Winneshiek County,rural,Midwest,West North Central,689.854,21043,14082,9.125,15
2013,19191,IA,Winneshiek County,rural,Midwest,West North Central,689.854,21037,14036,9,22
2014,19191,IA,Winneshiek County,rural,Midwest,West North Central,689.854,20838,13915,7.5,21
2015,19191,IA,Winneshiek County,  RURAL ,Midwest,West North Central,689.854,20693,13749,6,34
2016,19191,IA,Winneshiek County,rural,Midwest,West North Central,689.854,20732,13686,,
1970,19193,IA,Woodbury County,small/mid,Midwest,West North Central,872.896,103329,61298,64,
1971,19193,IA,Woodbury County,small/mid,Midwest,West North Central,872.896,104427,62419,59.75,
1972,19193,IA,Woodbury County,small/mid,Midwest,West North Central,872.896,104465,62983,55.5,
1973,19193,IA,Woodbury County,small/mid,Midwest,West North Central,872.896,104399,63523,51.25,
1974,19193,IA,Woodbury County,small/mid,Midwest,West North Central,872.896,104452,64081,47,
1975,19193,IA,Woodbury County,small/mid,Midwest,West North Central,872.896,104603,64672,42.75,
1975,19193,IA,Woodbury County,small/mid,Midwest,West North Central,872.896,104603,64672,42.75,
1976,19193,IA,Woodbury County,small/mid,Midwest,West North Central,872.896,105295,65610,38.5,
1977,19193,IA,Woodbury County,small/mid,Midwest,West North Central,872.896,105154,65884,34.25,
1978,19193,IA,Woodbury County,SMALL/MID,Midwest,West North Central,872.896,104158,65515,30,
1979,19193,IA,Woodbury County,small/mid,Midwest,West North Central,872.896,102349,64530,30.2,
1980,19193,IA,Woodbury County,small/mid,Midwest,West North Central,872.896,101039,63708,30.4,
1981,19193,IA,Woodbury County,small/mid,Midwest,West North Central,872.896,101188,63667,30.6,
1982,19193,IA,Woodbury County,small/mid,Midwest,West North Central,872.896,100554,63073,30.8,
1983,19193,IA,Woodbury County,small/mid,Midwest,West North Central,872.896,99815,62439,31,
1984,19193,IA,Woodbury County,small/mid,Midwest,West North Central,872.896,99746,62313,46,
1985,19193,IA,Woodbury County,Small/mid,Midwest,West North Central,872.896,98906,61697,61,
1986,19193,IA,Woodbury County,small/mid,Midwest,West North Central,872.896,97530,60729,62,
1987,19193,IA,Woodbury County,SMALL/MID,Midwest,West North Central,872.896,96806,60168,78,
1988,19193,IA,Woodbury County,small/mid,Midwest,West North Central,872.896,97571,60527,75,
1989,19193,IA,Woodbury County,  SMALL/MID ,Midwest,West North Central,872.896,97742,60249,84,125
1990,19193,IA,Woodbury County,small/mid,Midwest,West North Central,872.896,98506,60611,115,205
1991,19193,IA,Woodbury County,small/mid,Midwest,West North Central,872.896,99513,61252,135,260
1992,19193,IA,Woodbury County,small/mid,Midwest,West North Central,872.896,100442,62227,147,271
1993,19193,IA,Woodbury County,small/mid,Midwest,West North Central,872.896,101640,63259,133,294
1994,19193,IA,Woodbury County,small/mid,Midwest,West North Central,872.896,102383,64118,140,278
1995,19193,IA,Woodbury County,  SMALL/MID ,Midwest,West North Central,872.896,103346,65247,168,303.636363636
1995,19193,IA,Woodbury County,  SMALL/MID ,Midwest,West North Central,872.896,103346,65247,168,303.636363636
1996,19193,IA,Woodbury County,small/mid,Midwest,West North Central,872.896,103995,65962,175,329.272727273
1997,19193,IA,Woodbury County,small/mid,Midwest,West North Central,872.896,103729,65984,200,354.909090909
1998,19193,IA,Woodbury County,small/mid,Midwest,West North Central,872.896,103653,66101,195,380.545454545
1999,19193,IA,Woodbury County,small/mid,Midwest,West North Central,872.896,103802,66200,188,406.181818182
2000,19193,IA,Woodbury County,small/mid,Midwest,West North Central,872.896,103786,66245,197,431.818181818
2000,19193,IA,Woodbury County,small/mid,Midwest,West North Central,872.896,103786,66245,197,431.818181818
2001,19193,IA,Woodbury County,small/mid,Midwest,West North Central,872.896,103129,66001,202,457.454545455
2002,19193,IA,Woodbury County,small/mid,Midwest,West North Central,872.896,102666,65842,228,483.090909091
2003,19193,IA,Woodbury County,SMALL/MID,Midwest,West North Central,872.896,102039,65638,210,508.727272727
2004,19193,IA,Woodbury County,small/mid,Midwest,West North Central,872.896,101816,65621,215,534.363636364
2005,19193,IA,Woodbury County,SMALL/MID,Midwest,West North Central,872.896,100589,64924,235,560
2006,19193,IA,Woodbury County,small/mid,Midwest,West North Central,872.896,100693,65208,234,560
2007,19193,IA,Woodbury County,Small/mid,Midwest,West North Central,872.896,100492,65157,232,559
2008,19193,IA,Woodbury County,small/mid,Midwest,West North Central,872.896,100910,65448,223,530
2009,19193,IA,Woodbury County,small/mid,Midwest,West North Central,872.896,101581,65948,214,536
2010,19193,IA,Woodbury County,small/mid  ,Midwest,West North Central,872.896,102177,66362,213,523
2010,19193,IA,Woodbury County,small/mid  ,Midwest,West North Central,872.896,102177,66362,213,523
2011,19193,IA,Woodbury County,  SMALL/MID ,Midwest,West North Central,872.896,102354,66482,226,517
2012,19193,IA,Woodbury County,small/mid,Midwest,West North Central,872.896,102622,66692,237.5,476
2013,19193,IA,Woodbury County,small/mid,Midwest,West North Central,872.896,102290,66264,249,462
2014,19193,IA,Woodbury County,small/mid,Midwest,West North Central,872.896,102195,65902,254,467
2015,19193,IA,Woodbury County,small/mid,Midwest,West North Central,872.896,102200,65679,263,447
2016,19193,IA,Woodbury County,small/mid,Midwest,West North Central,872.896,102455,65605,,
1970,19195,IA,Worth County,rural,Midwest,West North Central,400.123,8972,5182,3,
1971,19195,IA,Worth County,  RURAL ,Midwest,West North Central,400.123,8907,5159,3,
1972,19195,IA,Worth County,rural  ,Midwest,West North Central,400.123,8989,5259,3,
1973,19195,IA,Worth County,RURAL,Midwest,West North Central,400.123,9036,5337,3,
1974,19195,IA,Worth County,  RURAL ,Midwest,West North Central,400.123,8788,5193,3,
1975,19195,IA,Worth County,rural,Midwest,West North Central,400.123,8860,5280,3,
1976,19195,IA,Worth County,rural,Midwest,West North Central,400.123,8856,5291,3,
1977,19195,IA,Worth County,rural,Midwest,West North Central,400.123,9000,5412,3,
1977,19195,IA,Worth County,rural,Midwest,West North Central,400.123,9000,5412,3,
1978,19195,IA,Worth County,rural,Midwest,West North Central,400.123,9153,5516,543,
1978,19195,,,,,,,,,3,
1979,19195,IA,Worth County,rural,Midwest,West North Central,400.123,9277,5621,3,
1980,19195,IA,Worth County, rural,Midwest,West North Central,400.123,9076,5448,3,
1981,19195,IA,Worth County,rural,Midwest,West North Central,400.123,9018,5396,3,
1982,19195,IA,Worth County,rural,Midwest,West North Central,400.123,8949,5337,3,
1983,19195,IA,Worth County,rural,Midwest,West North Central,400.123,8864,5267,3,
1984,19195,IA,Worth County,rural,Midwest,West North Central,400.123,8816,5231,3,
1984,19195,IA,Worth County,rural,Midwest,West North Central,400.123,8816,5231,3,
1985,19195,IA,Worth County,rural,Midwest,West North Central,400.123,8697,5151,3,
1986,19195,IA,Worth County,rural,Midwest,West North Central,400.123,8471,5003,3,
1987,19195,IA,Worth County,rural,Midwest,West North Central,400.123,8184,4818,3,
1988,19195,IA,Worth County,rural,Midwest,West North Central,400.123,8162,4797,3,
1989,19195,IA,Worth County,rural,Midwest,West North Central,400.123,8095,4729,3,
1990,19195,IA,Worth County, rural,Midwest,West North Central,400.123,7980,4652,3,
1990,19195,IA,Worth County, rural,Midwest,West North Central,400.123,7980,4652,3,
1991,19195,IA,Worth County,rural,Midwest,West North Central,400.123,7908,4579,3,6
1991,19195,IA,Worth County,rural,Midwest,West North Central,400.123,7908,4579,3,6
1992,19195,IA,Worth County,rural,Midwest,West North Central,400.123,7930,4623,3,8
1993,19195,IA,Worth County,rural,Midwest,West North Central,400.123,8031,4706,3,9
1994,19195,IA,Worth County,rural,Midwest,West North Central,400.123,7924,4673,3.833333,7
1994,19195,IA,Worth County,rural,Midwest,West North Central,400.123,7924,4673,3.833333,7
1995,19195,IA,Worth County,  RURAL ,Midwest,West North Central,400.123,7952,4742,4.666667,7
1996,19195,IA,Worth County,rural,Midwest,West North Central,400.123,8001,4812,5.5,7
1997,19195,IA,Worth County,rural,Midwest,West North Central,400.123,7929,4777,6.333333,7
1998,19195,IA,Worth County,  RURAL ,Midwest,West North Central,400.123,7926,4803,7.166667,7
1999,19195,IA,Worth County,rural,Midwest,West North Central,400.123,7890,4795,8,7
2000,19195,IA,Worth County,rural,Midwest,West North Central,400.123,7894,4832,7.666667,7
2000,19195,IA,Worth County,rural,Midwest,West North Central,400.123,7894,4832,7.666667,7
2001,19195,IA,Worth County,rural,Midwest,West North Central,400.123,7797,4809,7.333333,7
2002,19195,IA,Worth County,rural,Midwest,West North Central,400.123,7795,4817,7,7
2003,19195,IA,Worth County,rural,Midwest,West North Central,400.123,7734,4809,6.666667,7
2004,19195,IA,Worth County,rural,Midwest,West North Central,400.123,7731,4809,6.333333,7
2005,19195,IA,Worth County,rural,Midwest,West North Central,400.123,7742,4831,6,7
2006,19195,IA,Worth County, rural,Midwest,West North Central,400.123,7649,4818,5.75,8
2007,19195,IA,Worth County,rural,Midwest,West North Central,400.123,7655,4856,5.5,6
2008,19195,IA,Worth County,rural,Midwest,West North Central,400.123,7632,4852,5.25,5
2009,19195,IA,Worth County,rural,Midwest,West North Central,400.123,7610,4823,5,5
2010,19195,IA,Worth County,rural,Midwest,West North Central,400.123,7598,4821,4.75,7
2011,19195,IA,Worth County,rural,Midwest,West North Central,400.123,7590,4822,4.5,6
2012,19195,IA,Worth County,rural,Midwest,West North Central,400.123,7566,4827,4.25,8
2013,19195,IA,Worth County,rural,Midwest,West North Central,400.123,7501,4772,4,9
2014,19195,IA,Worth County,rural,Midwest,West North Central,400.123,7495,4757,4,15
2015,19195,IA,Worth County,rural,Midwest,West North Central,400.123,7562,4776,4,13
2016,19195,IA,Worth County,rural,Midwest,West North Central,400.123,7507,4791,,
1970,19197,IA,Wright County,rural,Midwest,West North Central,580.422,17262,9995,8,
1971,19197,IA,Wright County,rural,Midwest,West North Central,580.422,17157,9996,7.5,
1972,19197,IA,Wright County,rural,Midwest,West North Central,580.422,16967,9963,7,
1973,19197,IA,Wright County,rural,Midwest,West North Central,580.422,17098,10164,6.5,
1974,19197,IA,Wright County,rural,Midwest,West North Central,580.422,16709,9993,585,
1974,19197,,,,,,,,,6,
1975,19197,IA,Wright County,rural,Midwest,West North Central,580.422,16707,10090,5.5,
1976,19197,IA,Wright County,  RURAL ,Midwest,West North Central,580.422,16784,10214,5,
1977,19197,IA,Wright County,rural,Midwest,West North Central,580.422,16471,10000,4.5,
1978,19197,IA,Wright County,rural,Midwest,West North Central,580.422,16625,10143,4,
1979,19197,IA,Wright County,rural,Midwest,West North Central,580.422,16350,9951,3.6,
1979,19197,IA,Wright County,rural,Midwest,West North Central,580.422,16350,9951,3.6,
1980,19197,IA,Wright County,rural,Midwest,West North Central,580.422,16284,9885,3.2,
1981,19197,IA,Wright County,rural,Midwest,West North Central,580.422,16078,9709,2.8,
1982,19197,IA,Wright County,rural,Midwest,West North Central,580.422,15844,9510,2.4,
1983,19197,IA,Wright County,rural,Midwest,West North Central,580.422,15769,9406,2,
1984,19197,IA,Wright County,rural,Midwest,West North Central,580.422,15800,9385,2.5,
1985,19197,IA,Wright County,rural,Midwest,West North Central,580.422,15393,9100,3,
1986,19197,IA,Wright County,rural,Midwest,West North Central,580.422,14832,8719,1,
1987,19197,IA,Wright County,rural,Midwest,West North Central,580.422,14431,8432,1,
1988,19197,IA,Wright County,rural,Midwest,West North Central,580.422,14317,8323,1,
1989,19197,IA,Wright County,rural,Midwest,West North Central,580.422,14347,8258,1.8,8
1990,19197,IA,Wright County,rural,Midwest,West North Central,580.422,14272,8160,2.6,13
1991,19197,IA,Wright County,rural,Midwest,West North Central,580.422,14224,8092,3.4,14
1992,19197,IA,Wright County,rural,Midwest,West North Central,580.422,14388,8218,4.2,12
1993,19197,IA,Wright County,rural,Midwest,West North Central,580.422,14348,8223,5,19
1993,19197,IA,Wright County,rural,Midwest,West North Central,580.422,14348,8223,5,19
1994,19197,IA,Wright County,rural,Midwest,West North Central,580.422,14470,8349,4.833333,20
1995,19197,IA,Wright County,rural,Midwest,West North Central,580.422,14674,8538,4.666667,19.4545454545
1996,19197,IA,Wright County,rural,Midwest,West North Central,580.422,14662,8549,4.5,18.9090909091
1997,19197,IA,Wright County,rural,Midwest,West North Central,580.422,14560,8531,4.333333,18.3636363636
1998,19197,IA,Wright County,rural,Midwest,West North Central,580.422,14506,8521,4.166667,17.8181818182
1999,19197,IA,Wright County,rural,Midwest,West North Central,580.422,14379,8446,4,17.2727272727
2000,19197,IA,Wright County,rural,Midwest,West North Central,580.422,14327,8476,4.666667,16.7272727273
2001,19197,IA,Wright County,rural,Midwest,West North Central,580.422,14133,8388,5.333333,16.1818181818
2002,19197,IA,Wright County,rural,Midwest,West North Central,580.422,13957,8315,6,15.6363636364
2003,19197,IA,Wright County,rural,Midwest,West North Central,580.422,13831,8269,6.666667,15.0909090909
2004,19197,IA,Wright County,rural,Midwest,West North Central,580.422,13808,8246,7.333333,14.5454545455
2005,19197,IA,Wright County,rural,Midwest,West North Central,580.422,13717,8239,8,14
2006,19197,IA,Wright County,rural  ,Midwest,West North Central,580.422,13588,8147,8.5,15
2007,19197,IA,Wright County,rural,Midwest,West North Central,580.422,13492,8072,9,17
2008,19197,IA,Wright County, rural,Midwest,West North Central,580.422,13375,8045,9.5,18
2009,19197,IA,Wright County,rural,Midwest,West North Central,580.422,13262,7978,10,17
2010,19197,IA,Wright County,rural,Midwest,West North Central,580.422,13229,7918,10.5,19
2011,19197,IA,Wright County,rural,Midwest,West North Central,580.422,13179,7888,11,15
2012,19197,IA,Wright County,rural,Midwest,West North Central,580.422,13030,7806,11.5,18
2013,19197,IA,Wright County,rural  ,Midwest,West North Central,580.422,13021,7760,12,22
2013,19197,IA,Wright County,rural  ,Midwest,West North Central,580.422,13021,7760,12,22
2014,19197,IA,Wright County,Rural,Midwest,West North Central,580.422,12980,7699,9.5,26
2015,19197,IA,Wright County,rural,Midwest,West North Central,580.422,12902,7658,7,29
2016,19197,IA,Wright County,rural,Midwest,West North Central,580.422,12840,7580,,
