year,fips,state,county_name,urbanicity,region,division,land_area,total_pop,total_pop_15to64,total_jail_pop,total_prison_pop
1970,20001,KS,Allen County,rural,Midwest,West North Central,500.297,15051,8398,1,
1970,20001,KS,Allen County,rural,Midwest,West North Central,500.297,15051,8398,1,
1971,20001,KS,Allen County,rural,Midwest,West North Central,500.297,15096,8365,1,
1972,20001,KS,Allen County,rural,Midwest,West North Central,500.297,15296,8465,1,
1973,20001,KS,Allen County,rural,Midwest,West North Central,500.297,15520,8582,1,
1974,20001,KS,Allen County,rural,Midwest,West North Central,500.297,15418,8610,1,
1975,20001,KS,Allen County,rural,Midwest,West North Central,500.297,15286,8602,1,
1976,20001,KS,Allen County,rural,Midwest,West North Central,500.297,15441,8898,1,
1977,20001,KS,Allen County,rural,Midwest,West North Central,500.297,15704,9154,1,
1977,20001,KS,Allen County,rural,Midwest,West North Central,500.297,15704,9154,1,
1978,20001,KS,Allen County,rural,Midwest,West North Central,500.297,15704,9324,1,
1979,20001,KS,Allen County,rural,Midwest,West North Central,500.297,15796,9412,3.2,
1980,20001,KS,Allen County,rural,Midwest,West North Central,500.297,15663,9298,5.4,
1981,20001,KS,Allen County,rural,Midwest,West North Central,500.297,15616,9251,7.6,
1982,20001,KS,Allen County,rural,Midwest,West North Central,500.297,15639,9251,9.8,
1983,20001,KS,Allen County,rural,Midwest,West North Central,500.297,15819,9343,12,
1983,20001,KS,Allen County,rural,Midwest,West North Central,500.297,15819,9343,12,
1984,20001,KS,Allen County,rural,Midwest,West North Central,500.297,15863,9359,12,
1984,20001,KS,Allen County,rural,Midwest,West North Central,500.297,15863,9359,12,
1985,20001,KS,Allen County,rural,Midwest,West North Central,500.297,15481,9107,12,
1986,20001,KS,Allen County,Rural,Midwest,West North Central,500.297,15166,8923,12,
1987,20001,KS,Allen County,rural,Midwest,West North Central,500.297,14786,8659,12,
1988,20001,KS,Allen County,rural,Midwest,West North Central,500.297,14520,8485,12,
1989,20001,KS,Allen County,rural,Midwest,West North Central,500.297,14644,8509,12.8,
1990,20001,KS,Allen County,rural,Midwest,West North Central,500.297,14640,8516,13.6,
1991,20001,KS,Allen County,RURAL,Midwest,West North Central,500.297,14645,8504,14.4,
1992,20001,KS,Allen County,rural,Midwest,West North Central,500.297,14697,8591,15.2,
1993,20001,KS,Allen County,rural,Midwest,West North Central,500.297,14693,8638,16,
1994,20001,KS,Allen County,rural,Midwest,West North Central,500.297,14721,8734,16.33333,
1995,20001,KS,Allen County, rural,Midwest,West North Central,500.297,14667,8782,16.66667,
1996,20001,KS,Allen County,rural,Midwest,West North Central,500.297,14677,8851,17,
1997,20001,KS,Allen County,rural,Midwest,West North Central,500.297,14500,8780,17.33333,
1998,20001,KS,Allen County,rural,Midwest,West North Central,500.297,14551,8896,17.66667,
1999,20001,KS,Allen County,rural,Midwest,West North Central,500.297,14444,8887,18,
2000,20001,KS,Allen County, rural,Midwest,West North Central,500.297,14393,8921,23.33333,
2001,20001,KS,Allen County,rural,Midwest,West North Central,500.297,14171,8850,28.66667,
2002,20001,KS,Allen County,rural,Midwest,West North Central,500.297,14110,8841,34,
2003,20001,KS,Allen County,Rural,Midwest,West North Central,500.297,13940,8731,39.33333,
2004,20001,KS,Allen County,rural,Midwest,West North Central,500.297,13923,8778,44.66667,
2005,20001,KS,Allen County,rural,Midwest,West North Central,500.297,13733,8695,50,
2006,20001,KS,Allen County,rural,Midwest,West North Central,500.297,13639,8595,50,
2007,20001,KS,Allen County,rural,Midwest,West North Central,500.297,13545,8480,50,
2008,20001,KS,Allen County, rural,Midwest,West North Central,500.297,13422,8383,50,
2009,20001,KS,Allen County,rural,Midwest,West North Central,500.297,13407,8336,50,
2010,20001,KS,Allen County,rural,Midwest,West North Central,500.297,13366,8314,564,
2010,20001,,,,,,,,,50,
2011,20001,KS,Allen County,rural,Midwest,West North Central,500.297,13357,8314,50,
2012,20001,KS,Allen County,rural,Midwest,West North Central,500.297,13339,8317,50,
2013,20001,KS,Allen County,  RURAL ,Midwest,West North Central,500.297,13294,8301,50,
2014,20001,KS,Allen County,rural,Midwest,West North Central,500.297,13054,8132,50,
2015,20001,KS,Allen County,rural,Midwest,West North Central,500.297,12882,7932,50,
2016,20001,KS,Allen County,rural,Midwest,West North Central,500.297,12657,7819,,
1970,20003,KS,Anderson County,rural,Midwest,West North Central,579.647,8499,4617,0,
1971,20003,KS,Anderson County,rural,Midwest,West North Central,579.647,8479,4626,0,
1972,20003,KS,Anderson County,rural,Midwest,West North Central,579.647,8643,4770,0,
1973,20003,KS,Anderson County,rural,Midwest,West North Central,579.647,8645,4813,0,
1974,20003,KS,Anderson County,rural,Midwest,West North Central,579.647,8553,4784,0,
1975,20003,KS,Anderson County,rural,Midwest,West North Central,579.647,8533,4807,0,
1976,20003,KS,Anderson County,rural,Midwest,West North Central,579.647,8497,4807,0,
1977,20003,KS,Anderson County,rural,Midwest,West North Central,579.647,8587,4893,0,
1977,20003,KS,Anderson County,rural,Midwest,West North Central,579.647,8587,4893,0,
1978,20003,KS,Anderson County,Rural,Midwest,West North Central,579.647,8617,4927,0,
1979,20003,KS,Anderson County,rural,Midwest,West North Central,579.647,8723,5021,0,
1980,20003,KS,Anderson County,rural,Midwest,West North Central,579.647,8711,5014,0,
1981,20003,KS,Anderson County,rural,Midwest,West North Central,579.647,8519,4888,0,
1982,20003,KS,Anderson County,rural,Midwest,West North Central,579.647,8512,4872,0,
1983,20003,KS,Anderson County,rural,Midwest,West North Central,579.647,8585,4909,0,
1984,20003,KS,Anderson County,rural,Midwest,West North Central,579.647,8466,4835,501,
1984,20003,,,,,,,,,0,
1985,20003,KS,Anderson County,rural,Midwest,West North Central,579.647,8112,4621,0,
1986,20003,KS,Anderson County,rural,Midwest,West North Central,579.647,7959,4528,0,
1987,20003,KS,Anderson County,rural,Midwest,West North Central,579.647,7890,4469,0,
1988,20003,KS,Anderson County,rural,Midwest,West North Central,579.647,7838,4431,0,
1989,20003,KS,Anderson County,rural  ,Midwest,West North Central,579.647,7923,4446,0,
1990,20003,KS,Anderson County,rural,Midwest,West North Central,579.647,7778,4353,0,
1991,20003,KS,Anderson County,rural,Midwest,West North Central,579.647,7756,4314,0,
1992,20003,KS,Anderson County,rural,Midwest,West North Central,579.647,7863,4406,0,
1993,20003,KS,Anderson County,rural,Midwest,West North Central,579.647,7851,4407,0,
1994,20003,KS,Anderson County,rural,Midwest,West North Central,579.647,7831,4434,0,
1995,20003,KS,Anderson County,rural,Midwest,West North Central,579.647,7970,4563,0,
1996,20003,KS,Anderson County,rural,Midwest,West North Central,579.647,7985,4612,0,
1997,20003,KS,Anderson County,rural,Midwest,West North Central,579.647,8047,4666,0,
1998,20003,KS,Anderson County,rural,Midwest,West North Central,579.647,8040,4691,0,
1999,20003,KS,Anderson County,rural,Midwest,West North Central,579.647,8144,4777,10,
1999,20003,KS,Anderson County,rural,Midwest,West North Central,579.647,8144,4777,10,
2000,20003,KS,Anderson County,rural,Midwest,West North Central,579.647,8091,4751,10.33333,
2001,20003,KS,Anderson County,rural,Midwest,West North Central,579.647,8195,4768,10.66667,
2002,20003,KS,Anderson County,rural,Midwest,West North Central,579.647,8143,4743,11,
2002,20003,KS,Anderson County,rural,Midwest,West North Central,579.647,8143,4743,11,
2003,20003,KS,Anderson County,rural,Midwest,West North Central,579.647,8190,4778,11.33333,
2004,20003,KS,Anderson County,rural,Midwest,West North Central,579.647,8101,4741,11.66667,
2004,20003,KS,Anderson County,rural,Midwest,West North Central,579.647,8101,4741,11.66667,
2005,20003,KS,Anderson County,RURAL,Midwest,West North Central,579.647,8087,4767,12,
2006,20003,KS,Anderson County,rural,Midwest,West North Central,579.647,8023,4760,14.5,
2007,20003,KS,Anderson County,rural  ,Midwest,West North Central,579.647,8040,4772,17,
2008,20003,KS,Anderson County,rural,Midwest,West North Central,579.647,8158,4787,19.5,
2009,20003,KS,Anderson County,rural,Midwest,West North Central,579.647,8101,4733,22,
2010,20003,KS,Anderson County,rural,Midwest,West North Central,579.647,8102,4748,24.5,
2011,20003,KS,Anderson County,rural,Midwest,West North Central,579.647,8103,4748,27,
2012,20003,KS,Anderson County, rural,Midwest,West North Central,579.647,8059,4727,29.5,
2013,20003,KS,Anderson County,RURAL,Midwest,West North Central,579.647,7918,4619,32,
2014,20003,KS,Anderson County,rural,Midwest,West North Central,579.647,7854,4568,32,
2015,20003,KS,Anderson County,rural,Midwest,West North Central,579.647,7882,4580,32,
2016,20003,KS,Anderson County,rural,Midwest,West North Central,579.647,7817,4524,,
1970,20005,KS,Atchison County,rural,Midwest,West North Central,431.174,19192,11361,7,
1971,20005,KS,Atchison County,rural,Midwest,West North Central,431.174,19286,11424,6.5,
1972,20005,KS,Atchison County,rural,Midwest,West North Central,431.174,18812,11147,6,
1973,20005,KS,Atchison County,RURAL,Midwest,West North Central,431.174,18950,11280,5.5,
1974,20005,KS,Atchison County,rural,Midwest,West North Central,431.174,19000,11380,5,
1974,20005,KS,Atchison County,rural,Midwest,West North Central,431.174,19000,11380,5,
1975,20005,KS,Atchison County,rural,Midwest,West North Central,431.174,18871,11358,4.5,
1976,20005,KS,Atchison County,rural,Midwest,West North Central,431.174,18753,11395,4,
1977,20005,KS,Atchison County,rural,Midwest,West North Central,431.174,18439,11259,3.5,
1978,20005,KS,Atchison County,rural,Midwest,West North Central,431.174,18238,11229,3,
1979,20005,KS,Atchison County,rural,Midwest,West North Central,431.174,18422,11454,3.6,
1980,20005,KS,Atchison County,rural,Midwest,West North Central,431.174,18409,11485,4.2,
1981,20005,KS,Atchison County,rural,Midwest,West North Central,431.174,18389,11445,4.8,
1982,20005,KS,Atchison County,rural,Midwest,West North Central,431.174,18213,11304,5.4,
1983,20005,KS,Atchison County,RURAL,Midwest,West North Central,431.174,17766,10999,6,
1984,20005,KS,Atchison County,rural,Midwest,West North Central,431.174,17582,10869,6.8,
1985,20005,KS,Atchison County,rural,Midwest,West North Central,431.174,17451,10753,7.6,
1986,20005,KS,Atchison County,rural,Midwest,West North Central,431.174,17274,10641,8.4,
1987,20005,KS,Atchison County,RURAL,Midwest,West North Central,431.174,17176,10527,9.2,
1988,20005,KS,Atchison County,rural,Midwest,West North Central,431.174,17143,10478,10,
1989,20005,KS,Atchison County,rural,Midwest,West North Central,431.174,17093,10379,11.2,
1990,20005,KS,Atchison County,rural,Midwest,West North Central,431.174,16904,10232,12.4,
1991,20005,KS,Atchison County,rural,Midwest,West North Central,431.174,16825,10146,13.6,
1991,20005,KS,Atchison County,rural,Midwest,West North Central,431.174,16825,10146,13.6,
1992,20005,KS,Atchison County,rural,Midwest,West North Central,431.174,16838,10201,14.8,
1993,20005,KS,Atchison County,rural,Midwest,West North Central,431.174,16936,10308,16,
1994,20005,KS,Atchison County,rural,Midwest,West North Central,431.174,16780,10241,15.66667,
1994,20005,KS,Atchison County,rural,Midwest,West North Central,431.174,16780,10241,15.66667,
1995,20005,KS,Atchison County,rural,Midwest,West North Central,431.174,16775,10286,15.33333,
1996,20005,KS,Atchison County,rural,Midwest,West North Central,431.174,16786,10350,15,
1997,20005,KS,Atchison County,rural,Midwest,West North Central,431.174,16774,10370,14.66667,
1998,20005,KS,Atchison County,rural,Midwest,West North Central,431.174,16797,10459,14.33333,
1999,20005,KS,Atchison County,rural,Midwest,West North Central,431.174,16823,10515,14,
1999,20005,KS,Atchison County,rural,Midwest,West North Central,431.174,16823,10515,14,
2000,20005,KS,Atchison County,rural  ,Midwest,West North Central,431.174,16796,10536,22.5,
2001,20005,KS,Atchison County,rural,Midwest,West North Central,431.174,16868,10607,31,
2002,20005,KS,Atchison County,rural,Midwest,West North Central,431.174,16823,10620,39.5,
2003,20005,KS,Atchison County,rural,Midwest,West North Central,431.174,16875,10678,48,
2004,20005,KS,Atchison County,RURAL,Midwest,West North Central,431.174,16937,10707,56.5,
2004,20005,KS,Atchison County,RURAL,Midwest,West North Central,431.174,16937,10707,56.5,
2005,20005,KS,Atchison County,rural,Midwest,West North Central,431.174,16865,10793,65,
2006,20005,KS,Atchison County,  RURAL ,Midwest,West North Central,431.174,16902,10896,65,
2007,20005,KS,Atchison County,rural,Midwest,West North Central,431.174,16864,10884,68,
2008,20005,KS,Atchison County,rural,Midwest,West North Central,431.174,16820,10852,65,
2009,20005,KS,Atchison County,rural,Midwest,West North Central,431.174,16965,11004,62,
2010,20005,KS,Atchison County,rural,Midwest,West North Central,431.174,16921,10930,62,
2011,20005,KS,Atchison County,rural,Midwest,West North Central,431.174,16858,10912,64,
2012,20005,KS,Atchison County,rural,Midwest,West North Central,431.174,16754,10865,57,
2013,20005,KS,Atchison County,Rural,Midwest,West North Central,431.174,16774,10841,66,
2014,20005,KS,Atchison County,rural,Midwest,West North Central,431.174,16688,10756,65,
2015,20005,KS,Atchison County,rural,Midwest,West North Central,431.174,16524,10602,65,
2015,20005,KS,Atchison County,rural,Midwest,West North Central,431.174,16524,10602,65,
2016,20005,KS,Atchison County,rural,Midwest,West North Central,431.174,16414,10532,,
1970,20007,KS,Barber County,rural,Midwest,West North Central,1134.078,6959,4084,0,
1971,20007,KS,Barber County,rural,Midwest,West North Central,1134.078,6735,3940,0,
1972,20007,KS,Barber County,rural,Midwest,West North Central,1134.078,6879,4072,0,
1973,20007,KS,Barber County,rural,Midwest,West North Central,1134.078,6896,4110,0,
1974,20007,KS,Barber County,rural,Midwest,West North Central,1134.078,6879,4129,0,
1975,20007,KS,Barber County,Rural,Midwest,West North Central,1134.078,6991,4248,0,
1976,20007,KS,Barber County,rural,Midwest,West North Central,1134.078,6976,4237,0,
1977,20007,KS,Barber County,RURAL,Midwest,West North Central,1134.078,6933,4226,0,
1977,20007,KS,Barber County,RURAL,Midwest,West North Central,1134.078,6933,4226,0,
1978,20007,KS,Barber County,rural,Midwest,West North Central,1134.078,6723,4089,0,
1979,20007,KS,Barber County,rural,Midwest,West North Central,1134.078,6606,4009,0,
1980,20007,KS,Barber County,rural,Midwest,West North Central,1134.078,6555,3981,0,
1981,20007,KS,Barber County,rural,Midwest,West North Central,1134.078,6556,3950,0,
1982,20007,KS,Barber County,rural,Midwest,West North Central,1134.078,6743,4033,0,
1983,20007,KS,Barber County,rural,Midwest,West North Central,1134.078,6889,4087,4,
1984,20007,KS,Barber County,rural,Midwest,West North Central,1134.078,6877,4056,3.8,
1985,20007,KS,Barber County,rural,Midwest,West North Central,1134.078,6783,3963,3.6,
1986,20007,KS,Barber County, rural,Midwest,West North Central,1134.078,6599,3830,3.4,
1987,20007,KS,Barber County,rural,Midwest,West North Central,1134.078,6193,3555,3.2,
1988,20007,KS,Barber County,rural,Midwest,West North Central,1134.078,6080,3458,3,
1989,20007,KS,Barber County,rural,Midwest,West North Central,1134.078,5966,3344,2.8,
1990,20007,KS,Barber County,rural,Midwest,West North Central,1134.078,5866,3270,2.6,
1991,20007,KS,Barber County,  RURAL ,Midwest,West North Central,1134.078,5764,3179,2.4,
1992,20007,KS,Barber County,rural,Midwest,West North Central,1134.078,5687,3165,2.2,
1993,20007,KS,Barber County, rural,Midwest,West North Central,1134.078,5653,3143,2,
1994,20007,KS,Barber County,rural,Midwest,West North Central,1134.078,5643,3160,1.833333,
1995,20007,KS,Barber County,rural,Midwest,West North Central,1134.078,5617,3180,1.666667,
1996,20007,KS,Barber County,rural,Midwest,West North Central,1134.078,5512,3146,1.5,
1997,20007,KS,Barber County,rural,Midwest,West North Central,1134.078,5451,3126,1.333333,
1998,20007,KS,Barber County,rural,Midwest,West North Central,1134.078,5407,3128,1.166667,
1999,20007,KS,Barber County,rural,Midwest,West North Central,1134.078,5331,3104,1,
1999,20007,KS,Barber County,rural,Midwest,West North Central,1134.078,5331,3104,1,
2000,20007,KS,Barber County,Rural,Midwest,West North Central,1134.078,5292,3105,1.333333,
2001,20007,KS,Barber County,rural,Midwest,West North Central,1134.078,5158,3056,1.666667,
2002,20007,KS,Barber County,  RURAL ,Midwest,West North Central,1134.078,5088,3064,2,
2003,20007,KS,Barber County,rural,Midwest,West North Central,1134.078,5049,3056,2.333333,
2004,20007,KS,Barber County,rural,Midwest,West North Central,1134.078,5004,3030,2.666667,
2005,20007,KS,Barber County,rural,Midwest,West North Central,1134.078,4984,3028,3,
2006,20007,KS,Barber County,rural,Midwest,West North Central,1134.078,5003,3083,3.125,
2007,20007,KS,Barber County,rural,Midwest,West North Central,1134.078,4927,3035,3.25,
2008,20007,KS,Barber County,rural,Midwest,West North Central,1134.078,4844,2998,3.375,
2009,20007,KS,Barber County,rural,Midwest,West North Central,1134.078,4882,2990,3.5,
2010,20007,KS,Barber County,rural,Midwest,West North Central,1134.078,4868,3003,3.625,
2011,20007,KS,Barber County,rural,Midwest,West North Central,1134.078,4856,2999,3.75,
2012,20007,KS,Barber County,rural,Midwest,West North Central,1134.078,4926,3003,3.875,
2013,20007,KS,Barber County,rural,Midwest,West North Central,1134.078,4872,2968,4,
2014,20007,KS,Barber County,rural,Midwest,West North Central,1134.078,4914,2991,4,
2015,20007,KS,Barber County,rural,Midwest,West North Central,1134.078,4886,2963,4,
2016,20007,KS,Barber County,rural,Midwest,West North Central,1134.078,4828,2922,,
1970,20009,KS,Barton County,rural,Midwest,West North Central,895.262,30695,18343,7,
1971,20009,KS,Barton County,rural,Midwest,West North Central,895.262,30799,18545,8.875,
1972,20009,KS,Barton County,rural,Midwest,West North Central,895.262,30279,18378,10.75,
1973,20009,KS,Barton County,rural,Midwest,West North Central,895.262,30467,18705,12.625,
1974,20009,KS,Barton County,rural,Midwest,West North Central,895.262,30645,19034,14.5,
1975,20009,KS,Barton County,rural,Midwest,West North Central,895.262,31055,19527,16.375,
1976,20009,KS,Barton County,rural,Midwest,West North Central,895.262,31313,19820,18.25,
1977,20009,KS,Barton County,rural,Midwest,West North Central,895.262,31266,19879,20.125,
1978,20009,KS,Barton County,Rural,Midwest,West North Central,895.262,31316,19987,22,
1979,20009,KS,Barton County,rural,Midwest,West North Central,895.262,31362,20093,21.6,
1980,20009,KS,Barton County,rural,Midwest,West North Central,895.262,31545,20193,21.2,
1980,20009,KS,Barton County,rural,Midwest,West North Central,895.262,31545,20193,21.2,
1981,20009,KS,Barton County,rural,Midwest,West North Central,895.262,32195,20504,20.8,
1982,20009,KS,Barton County,rural,Midwest,West North Central,895.262,33032,20909,20.4,
1982,20009,KS,Barton County,rural,Midwest,West North Central,895.262,33032,20909,20.4,
1983,20009,KS,Barton County,rural,Midwest,West North Central,895.262,33033,20795,20,
1983,20009,KS,Barton County,rural,Midwest,West North Central,895.262,33033,20795,20,
1984,20009,KS,Barton County,rural,Midwest,West North Central,895.262,33021,20689,23,
1985,20009,KS,Barton County,rural,Midwest,West North Central,895.262,32828,20436,26,
1986,20009,KS,Barton County,rural,Midwest,West North Central,895.262,32097,19905,29,
1987,20009,KS,Barton County,rural,Midwest,West North Central,895.262,30776,18923,32,
1988,20009,KS,Barton County,  RURAL ,Midwest,West North Central,895.262,29928,18278,35,
1989,20009,KS,Barton County,  RURAL ,Midwest,West North Central,895.262,29908,18061,33.6,
1990,20009,KS,Barton County,rural,Midwest,West North Central,895.262,29270,17572,32.2,
1991,20009,KS,Barton County,rural,Midwest,West North Central,895.262,29344,17571,557,
1991,20009,,,,,,,,,30.8,
1992,20009,KS,Barton County,Rural,Midwest,West North Central,895.262,29586,17747,29.4,
1993,20009,KS,Barton County,rural,Midwest,West North Central,895.262,29436,17629,28,
1994,20009,KS,Barton County,rural,Midwest,West North Central,895.262,29363,17663,29.16667,
1995,20009,KS,Barton County,rural,Midwest,West North Central,895.262,29132,17592,30.33333,
1996,20009,KS,Barton County,RURAL,Midwest,West North Central,895.262,28915,17506,31.5,
1997,20009,KS,Barton County,Rural,Midwest,West North Central,895.262,28950,17551,32.66667,
1997,20009,KS,Barton County,Rural,Midwest,West North Central,895.262,28950,17551,32.66667,
1998,20009,KS,Barton County,rural,Midwest,West North Central,895.262,28790,17491,33.83333,
1999,20009,KS,Barton County, rural,Midwest,West North Central,895.262,28501,17369,35,
2000,20009,KS,Barton County,rural,Midwest,West North Central,895.262,28163,17176,37.83333,
2001,20009,KS,Barton County,rural,Midwest,West North Central,895.262,27771,17111,40.66667,
2002,20009,KS,Barton County,rural,Midwest,West North Central,895.262,27684,17211,43.5,
2003,20009,KS,Barton County,rural,Midwest,West North Central,895.262,27581,17168,46.33333,
2004,20009,KS,Barton County,rural,Midwest,West North Central,895.262,27390,17137,49.16667,
2005,20009,KS,Barton County,rural,Midwest,West North Central,895.262,27536,17295,52,
2006,20009,KS,Barton County,rural,Midwest,West North Central,895.262,27460,17236,57.125,
2007,20009,KS,Barton County,rural,Midwest,West North Central,895.262,27492,17201,62.25,
2008,20009,KS,Barton County,rural,Midwest,West North Central,895.262,27314,17183,67.375,
2009,20009,KS,Barton County,rural,Midwest,West North Central,895.262,27526,17250,72.5,
2010,20009,KS,Barton County,rural,Midwest,West North Central,895.262,27672,17357,77.625,
2010,20009,KS,Barton County,rural,Midwest,West North Central,895.262,27672,17357,77.625,
2011,20009,KS,Barton County,rural,Midwest,West North Central,895.262,27674,17369,82.75,
2012,20009,KS,Barton County,  RURAL ,Midwest,West North Central,895.262,27703,17387,87.875,
2013,20009,KS,Barton County,rural,Midwest,West North Central,895.262,27537,17209,93,
2014,20009,KS,Barton County,rural,Midwest,West North Central,895.262,27458,17106,93,
2015,20009,KS,Barton County,rural,Midwest,West North Central,895.262,27329,16983,93,
2016,20009,KS,Barton County,rural,Midwest,West North Central,895.262,27163,16794,,
1970,20011,KS,Bourbon County,rural,Midwest,West North Central,635.471,15219,8850,3,
1971,20011,KS,Bourbon County,rural,Midwest,West North Central,635.471,15219,8842,3.875,
1972,20011,KS,Bourbon County,rural,Midwest,West North Central,635.471,15511,9073,4.75,
1973,20011,KS,Bourbon County,rural,Midwest,West North Central,635.471,15288,8930,5.625,
1974,20011,KS,Bourbon County, rural,Midwest,West North Central,635.471,15464,9068,6.5,
1975,20011,KS,Bourbon County,rural,Midwest,West North Central,635.471,15443,9061,7.375,
1976,20011,KS,Bourbon County,rural,Midwest,West North Central,635.471,15519,9142,8.25,
1977,20011,KS,Bourbon County,rural,Midwest,West North Central,635.471,15481,9142,9.125,
1978,20011,KS,Bourbon County,rural,Midwest,West North Central,635.471,15610,9246,10,
1979,20011,KS,Bourbon County,rural,Midwest,West North Central,635.471,15612,9250,515,
1979,20011,,,,,,,,,14.8,
1980,20011,KS,Bourbon County,Rural,Midwest,West North Central,635.471,15985,9501,19.6,
1981,20011,KS,Bourbon County,rural,Midwest,West North Central,635.471,15962,9466,24.4,
1982,20011,KS,Bourbon County,rural,Midwest,West North Central,635.471,15830,9368,29.2,
1983,20011,KS,Bourbon County,rural,Midwest,West North Central,635.471,15915,9394,34,
1984,20011,KS,Bourbon County,rural,Midwest,West North Central,635.471,15756,9284,35,
1985,20011,KS,Bourbon County, rural,Midwest,West North Central,635.471,15506,9108,36,
1986,20011,KS,Bourbon County,rural,Midwest,West North Central,635.471,15429,9054,31,
1987,20011,KS,Bourbon County,rural,Midwest,West North Central,635.471,15171,8861,25,
1988,20011,KS,Bourbon County,Rural,Midwest,West North Central,635.471,15027,8749,22,
1989,20011,KS,Bourbon County,rural,Midwest,West North Central,635.471,15120,8745,23,
1990,20011,KS,Bourbon County,rural,Midwest,West North Central,635.471,14948,8630,24,
1991,20011,KS,Bourbon County,rural,Midwest,West North Central,635.471,14907,8597,25,
1992,20011,KS,Bourbon County,rural,Midwest,West North Central,635.471,14905,8608,26,
1993,20011,KS,Bourbon County,rural,Midwest,West North Central,635.471,15013,8737,27,
1994,20011,KS,Bourbon County,rural,Midwest,West North Central,635.471,15016,8815,27.83333,
1995,20011,KS,Bourbon County,RURAL,Midwest,West North Central,635.471,15157,9003,28.66667,
1996,20011,KS,Bourbon County,rural,Midwest,West North Central,635.471,15380,9205,29.5,
1996,20011,KS,Bourbon County,rural,Midwest,West North Central,635.471,15380,9205,29.5,
1997,20011,KS,Bourbon County,rural,Midwest,West North Central,635.471,15529,9357,30.33333,
1998,20011,KS,Bourbon County, rural,Midwest,West North Central,635.471,15488,9362,31.16667,
1999,20011,KS,Bourbon County,rural,Midwest,West North Central,635.471,15316,9306,32,
2000,20011,KS,Bourbon County,rural,Midwest,West North Central,635.471,15366,9410,32.83333,
2001,20011,KS,Bourbon County,rural  ,Midwest,West North Central,635.471,15368,9420,33.66667,
2002,20011,KS,Bourbon County,rural,Midwest,West North Central,635.471,15200,9362,34.5,
2003,20011,KS,Bourbon County,rural,Midwest,West North Central,635.471,15187,9354,536,
2003,20011,,,,,,,,,35.33333,
2004,20011,KS,Bourbon County,rural,Midwest,West North Central,635.471,15110,9347,36.16667,
2005,20011,KS,Bourbon County,rural,Midwest,West North Central,635.471,15002,9281,37,
2006,20011,KS,Bourbon County,rural,Midwest,West North Central,635.471,14990,9281,38,
2007,20011,KS,Bourbon County,rural,Midwest,West North Central,635.471,15038,9261,592,
2007,20011,,,,,,,,,39,
2008,20011,KS,Bourbon County,rural,Midwest,West North Central,635.471,15127,9309,40,
2009,20011,KS,Bourbon County,rural,Midwest,West North Central,635.471,15157,9295,41,
2010,20011,KS,Bourbon County,rural,Midwest,West North Central,635.471,15173,9313,42,
2011,20011,KS,Bourbon County,rural,Midwest,West North Central,635.471,15136,9299,43,
2011,20011,KS,Bourbon County,rural,Midwest,West North Central,635.471,15136,9299,43,
2012,20011,KS,Bourbon County,rural,Midwest,West North Central,635.471,14941,9183,44,
2013,20011,KS,Bourbon County,rural,Midwest,West North Central,635.471,14874,9063,45,
2014,20011,KS,Bourbon County,rural  ,Midwest,West North Central,635.471,14828,9014,45,
2015,20011,KS,Bourbon County,RURAL,Midwest,West North Central,635.471,14794,8900,45,
2015,20011,KS,Bourbon County,RURAL,Midwest,West North Central,635.471,14794,8900,45,
2016,20011,KS,Bourbon County,rural,Midwest,West North Central,635.471,14736,8825,,
1970,20013,KS,Brown County,  RURAL ,Midwest,West North Central,570.871,11679,6380,5,
1970,20013,KS,Brown County,  RURAL ,Midwest,West North Central,570.871,11679,6380,5,
1971,20013,KS,Brown County,rural  ,Midwest,West North Central,570.871,11697,6421,5.5,
1972,20013,KS,Brown County,rural,Midwest,West North Central,570.871,11762,6497,6,
1973,20013,KS,Brown County,rural,Midwest,West North Central,570.871,11579,6410,6.5,
1974,20013,KS,Brown County,rural,Midwest,West North Central,570.871,11671,6506,508,
1974,20013,,,,,,,,,7,
1975,20013,KS,Brown County,RURAL,Midwest,West North Central,570.871,11668,6539,7.5,
1976,20013,KS,Brown County,rural,Midwest,West North Central,570.871,11619,6524,8,
1976,20013,KS,Brown County,rural,Midwest,West North Central,570.871,11619,6524,8,
1977,20013,KS,Brown County,rural,Midwest,West North Central,570.871,11772,6663,8.5,
1978,20013,KS,Brown County,rural,Midwest,West North Central,570.871,11754,6636,9,
1979,20013,KS,Brown County,rural,Midwest,West North Central,570.871,11873,6690,7.4,
1980,20013,KS,Brown County,rural,Midwest,West North Central,570.871,11891,6696,5.8,
1981,20013,KS,Brown County,rural,Midwest,West North Central,570.871,11605,6522,4.2,
1982,20013,KS,Brown County,rural,Midwest,West North Central,570.871,11558,6482,2.6,
1983,20013,KS,Brown County,rural,Midwest,West North Central,570.871,11539,6462,1,
1984,20013,KS,Brown County,rural,Midwest,West North Central,570.871,11452,6401,2.2,
1984,20013,KS,Brown County,rural,Midwest,West North Central,570.871,11452,6401,2.2,
1985,20013,KS,Brown County,rural,Midwest,West North Central,570.871,11158,6213,3.4,
1986,20013,KS,Brown County,rural,Midwest,West North Central,570.871,11077,6162,4.6,
1987,20013,KS,Brown County,rural,Midwest,West North Central,570.871,11034,6119,5.8,
1988,20013,KS,Brown County,rural,Midwest,West North Central,570.871,11129,6158,7,
1989,20013,KS,Brown County,rural,Midwest,West North Central,570.871,11145,6129,10,
1990,20013,KS,Brown County,rural,Midwest,West North Central,570.871,11132,6109,11,
1991,20013,KS,Brown County,rural,Midwest,West North Central,570.871,11110,6132,15,
1992,20013,KS,Brown County,rural,Midwest,West North Central,570.871,11044,6129,18,
1992,20013,KS,Brown County,rural,Midwest,West North Central,570.871,11044,6129,18,
1993,20013,KS,Brown County, rural,Midwest,West North Central,570.871,10933,6098,19,
1994,20013,KS,Brown County,rural  ,Midwest,West North Central,570.871,10980,6193,16,
1995,20013,KS,Brown County,RURAL,Midwest,West North Central,570.871,10971,6261,29,
1996,20013,KS,Brown County,rural,Midwest,West North Central,570.871,10901,6270,24,
1997,20013,KS,Brown County,rural,Midwest,West North Central,570.871,10970,6392,25,
1998,20013,KS,Brown County,rural,Midwest,West North Central,570.871,10950,6436,28,
1998,20013,KS,Brown County,rural,Midwest,West North Central,570.871,10950,6436,28,
1999,20013,KS,Brown County,rural,Midwest,West North Central,570.871,10802,6380,27,
2000,20013,KS,Brown County,rural,Midwest,West North Central,570.871,10709,6390,26,
2001,20013,KS,Brown County,rural,Midwest,West North Central,570.871,10555,6340,25,
2002,20013,KS,Brown County,rural,Midwest,West North Central,570.871,10373,6242,24,
2003,20013,KS,Brown County,rural,Midwest,West North Central,570.871,10271,6202,23,
2004,20013,KS,Brown County,rural,Midwest,West North Central,570.871,10253,6193,22,
2005,20013,KS,Brown County,rural,Midwest,West North Central,570.871,10087,6164,21,
2006,20013,KS,Brown County,rural,Midwest,West North Central,570.871,10111,6119,21.375,
2007,20013,KS,Brown County,rural,Midwest,West North Central,570.871,10036,6134,21.75,
2007,20013,KS,Brown County,rural,Midwest,West North Central,570.871,10036,6134,21.75,
2008,20013,KS,Brown County,rural,Midwest,West North Central,570.871,9988,6111,22.125,
2009,20013,KS,Brown County,rural,Midwest,West North Central,570.871,9972,6072,536,
2009,20013,,,,,,,,,22.5,
2010,20013,KS,Brown County,rural,Midwest,West North Central,570.871,9984,6076,22.875,
2011,20013,KS,Brown County,rural,Midwest,West North Central,570.871,9968,6063,23.25,
2012,20013,KS,Brown County,rural,Midwest,West North Central,570.871,9972,6069,23.625,
2013,20013,KS,Brown County,rural,Midwest,West North Central,570.871,9865,5951,24,
2014,20013,KS,Brown County,rural,Midwest,West North Central,570.871,9911,5927,24,
2015,20013,KS,Brown County,rural,Midwest,West North Central,570.871,9783,5834,24,
2015,20013,KS,Brown County,rural,Midwest,West North Central,570.871,9783,5834,24,
2016,20013,KS,Brown County,rural,Midwest,West North Central,570.871,9704,5779,,
1970,20015,KS,Butler County,Small/mid,Midwest,West North Central,1429.864,38509,23468,14,
1971,20015,KS,Butler County,  SMALL/MID ,Midwest,West North Central,1429.864,37915,23104,14.25,
1972,20015,KS,Butler County,small/mid,Midwest,West North Central,1429.864,37393,22854,14.5,
1972,20015,KS,Butler County,small/mid,Midwest,West North Central,1429.864,37393,22854,14.5,
1973,20015,KS,Butler County,small/mid,Midwest,West North Central,1429.864,37905,23332,14.75,
1974,20015,KS,Butler County,small/mid,Midwest,West North Central,1429.864,38207,23705,15,
1975,20015,KS,Butler County,small/mid,Midwest,West North Central,1429.864,38532,24085,529,
1975,20015,,,,,,,,,15.25,
1976,20015,KS,Butler County,small/mid,Midwest,West North Central,1429.864,39312,24698,15.5,
1977,20015,KS,Butler County,small/mid,Midwest,West North Central,1429.864,40265,25408,15.75,
1978,20015,KS,Butler County,small/mid,Midwest,West North Central,1429.864,41532,26333,16,
1979,20015,KS,Butler County,small/mid,Midwest,West North Central,1429.864,43301,27610,17.2,
1980,20015,KS,Butler County,small/mid,Midwest,West North Central,1429.864,45100,28818,18.4,
1981,20015,KS,Butler County,small/mid,Midwest,West North Central,1429.864,46144,29404,19.6,
1982,20015,KS,Butler County,small/mid,Midwest,West North Central,1429.864,47206,29988,20.8,
1983,20015,KS,Butler County,small/mid,Midwest,West North Central,1429.864,47455,30067,22,
1984,20015,KS,Butler County,small/mid  ,Midwest,West North Central,1429.864,47553,30093,24.8,
1985,20015,KS,Butler County,small/mid,Midwest,West North Central,1429.864,48014,30296,27.6,
1986,20015,KS,Butler County,SMALL/MID,Midwest,West North Central,1429.864,48503,30618,30.4,
1987,20015,KS,Butler County,small/mid,Midwest,West North Central,1429.864,49571,31145,33.2,
1988,20015,KS,Butler County,small/mid,Midwest,West North Central,1429.864,50043,31360,36,
1989,20015,KS,Butler County,small/mid,Midwest,West North Central,1429.864,50007,31128,36.8,
1990,20015,KS,Butler County,  SMALL/MID ,Midwest,West North Central,1429.864,50672,31483,37.6,
1991,20015,KS,Butler County,small/mid,Midwest,West North Central,1429.864,51385,31890,38.4,
1992,20015,KS,Butler County,small/mid,Midwest,West North Central,1429.864,52672,32915,39.2,
1993,20015,KS,Butler County,small/mid,Midwest,West North Central,1429.864,53689,33604,40,
1994,20015,KS,Butler County,small/mid,Midwest,West North Central,1429.864,54718,34239,39.16667,
1995,20015,KS,Butler County,small/mid,Midwest,West North Central,1429.864,56298,35489,38.33333,
1996,20015,KS,Butler County,small/mid,Midwest,West North Central,1429.864,57337,36375,37.5,
1997,20015,KS,Butler County,small/mid,Midwest,West North Central,1429.864,58038,36886,36.66667,
1998,20015,KS,Butler County,small/mid,Midwest,West North Central,1429.864,58724,37389,35.83333,
1999,20015,KS,Butler County,small/mid,Midwest,West North Central,1429.864,59186,37770,536,
1999,20015,,,,,,,,,35,
2000,20015,KS,Butler County,small/mid,Midwest,West North Central,1429.864,59681,38184,59.5,
2001,20015,KS,Butler County,small/mid,Midwest,West North Central,1429.864,59894,38461,84,
2002,20015,KS,Butler County,small/mid,Midwest,West North Central,1429.864,60473,39052,108.5,
2002,20015,KS,Butler County,small/mid,Midwest,West North Central,1429.864,60473,39052,108.5,
2003,20015,KS,Butler County,small/mid,Midwest,West North Central,1429.864,61056,39566,133,
2004,20015,KS,Butler County,small/mid,Midwest,West North Central,1429.864,61849,40337,157.5,
2005,20015,KS,Butler County, small/mid,Midwest,West North Central,1429.864,62547,40950,182,
2006,20015,KS,Butler County,small/mid,Midwest,West North Central,1429.864,63571,41563,205,
2007,20015,KS,Butler County,small/mid,Midwest,West North Central,1429.864,64213,41948,161,
2008,20015,KS,Butler County,small/mid,Midwest,West North Central,1429.864,64941,42363,151,
2009,20015,KS,Butler County,  SMALL/MID ,Midwest,West North Central,1429.864,65617,42837,200,
2010,20015,KS,Butler County,small/mid,Midwest,West North Central,1429.864,65885,42991,238,
2011,20015,KS,Butler County,small/mid,Midwest,West North Central,1429.864,65906,43047,188,
2012,20015,KS,Butler County,small/mid,Midwest,West North Central,1429.864,65826,43021,194,
2013,20015,KS,Butler County,small/mid,Midwest,West North Central,1429.864,65662,42777,200,
2014,20015,KS,Butler County,small/mid,Midwest,West North Central,1429.864,65658,42681,209,
2015,20015,KS,Butler County,small/mid,Midwest,West North Central,1429.864,65867,42866,209,
2016,20015,KS,Butler County,Small/mid,Midwest,West North Central,1429.864,66250,43107,,
1970,20017,KS,Chase County,rural,Midwest,West North Central,773.057,3410,1949,0,
1971,20017,KS,Chase County,rural,Midwest,West North Central,773.057,3386,1926,0,
1972,20017,KS,Chase County,rural,Midwest,West North Central,773.057,3409,1943,0,
1973,20017,KS,Chase County,rural,Midwest,West North Central,773.057,3439,1969,0,
1974,20017,KS,Chase County,rural,Midwest,West North Central,773.057,3426,1962,0,
1975,20017,KS,Chase County,Rural,Midwest,West North Central,773.057,3443,1983,0,
1976,20017,KS,Chase County,rural,Midwest,West North Central,773.057,3428,1973,0,
1977,20017,KS,Chase County,rural,Midwest,West North Central,773.057,3441,1986,0,
1978,20017,KS,Chase County,rural,Midwest,West North Central,773.057,3357,1930,0,
1979,20017,KS,Chase County,rural,Midwest,West North Central,773.057,3319,1914,0,
1980,20017,KS,Chase County,rural,Midwest,West North Central,773.057,3289,1907,0,
1981,20017,KS,Chase County,rural,Midwest,West North Central,773.057,3200,1850,0,
1982,20017,KS,Chase County,rural,Midwest,West North Central,773.057,3188,1839,0,
1983,20017,KS,Chase County,rural,Midwest,West North Central,773.057,3244,1863,0,
1984,20017,KS,Chase County,rural,Midwest,West North Central,773.057,3247,1854,0,
1985,20017,KS,Chase County,rural,Midwest,West North Central,773.057,3154,1800,0,
1986,20017,KS,Chase County,rural,Midwest,West North Central,773.057,3075,1751,0,
1987,20017,KS,Chase County,rural,Midwest,West North Central,773.057,3074,1737,0,
1988,20017,KS,Chase County,rural,Midwest,West North Central,773.057,3143,1771,0,
1989,20017,KS,Chase County,rural,Midwest,West North Central,773.057,3105,1732,501,
1989,20017,,,,,,,,,0,
1990,20017,KS,Chase County,rural,Midwest,West North Central,773.057,2997,1667,0,
1991,20017,KS,Chase County,rural,Midwest,West North Central,773.057,2941,1633,0,
1992,20017,KS,Chase County, rural,Midwest,West North Central,773.057,2950,1645,0,
1993,20017,KS,Chase County,rural,Midwest,West North Central,773.057,2982,1693,32,
1994,20017,KS,Chase County,rural,Midwest,West North Central,773.057,2997,1710,36.5,
1995,20017,KS,Chase County,rural,Midwest,West North Central,773.057,3025,1750,41,
1996,20017,KS,Chase County,Rural,Midwest,West North Central,773.057,2991,1758,45.5,
1997,20017,KS,Chase County,rural,Midwest,West North Central,773.057,3024,1791,50,
1998,20017,KS,Chase County,rural,Midwest,West North Central,773.057,3066,1852,54.5,
1999,20017,KS,Chase County,rural,Midwest,West North Central,773.057,3003,1827,59,
2000,20017,KS,Chase County,rural,Midwest,West North Central,773.057,3019,1865,68,
2001,20017,KS,Chase County,rural  ,Midwest,West North Central,773.057,2966,1821,68,
2002,20017,KS,Chase County,rural,Midwest,West North Central,773.057,3008,1819,68,
2003,20017,KS,Chase County,rural,Midwest,West North Central,773.057,2942,1770,65,
2004,20017,KS,Chase County,rural,Midwest,West North Central,773.057,2996,1832,69,
2005,20017,KS,Chase County,rural,Midwest,West North Central,773.057,2962,1789,68,
2006,20017,KS,Chase County,rural,Midwest,West North Central,773.057,2949,1793,73.25,
2007,20017,KS,Chase County,rural,Midwest,West North Central,773.057,2840,1737,78.5,
2008,20017,KS,Chase County,rural,Midwest,West North Central,773.057,2810,1707,83.75,
2009,20017,KS,Chase County,rural  ,Midwest,West North Central,773.057,2779,1682,89,
2010,20017,KS,Chase County,rural,Midwest,West North Central,773.057,2790,1695,94.25,
2011,20017,KS,Chase County,rural,Midwest,West North Central,773.057,2783,1694,99.5,
2012,20017,KS,Chase County,rural,Midwest,West North Central,773.057,2768,1694,104.75,
2013,20017,KS,Chase County,rural,Midwest,West North Central,773.057,2742,1659,110,
2014,20017,KS,Chase County,rural,Midwest,West North Central,773.057,2689,1623,110,
2015,20017,KS,Chase County,rural,Midwest,West North Central,773.057,2653,1587,110,
2016,20017,KS,Chase County,rural,Midwest,West North Central,773.057,2654,1579,,
1970,20019,KS,Chautauqua County,rural,Midwest,West North Central,638.881,4631,2601,2,
1971,20019,KS,Chautauqua County,rural,Midwest,West North Central,638.881,4615,2590,2,
1972,20019,KS,Chautauqua County,  RURAL ,Midwest,West North Central,638.881,4902,2808,2,
1972,20019,KS,Chautauqua County,  RURAL ,Midwest,West North Central,638.881,4902,2808,2,
1973,20019,KS,Chautauqua County,rural,Midwest,West North Central,638.881,4809,2753,2,
1974,20019,KS,Chautauqua County,rural,Midwest,West North Central,638.881,4947,2871,2,
1974,20019,KS,Chautauqua County,rural,Midwest,West North Central,638.881,4947,2871,2,
1975,20019,KS,Chautauqua County,rural,Midwest,West North Central,638.881,4961,2900,2,
1976,20019,KS,Chautauqua County,rural,Midwest,West North Central,638.881,5001,2920,2,
1977,20019,KS,Chautauqua County,rural,Midwest,West North Central,638.881,5183,3019,2,
1977,20019,KS,Chautauqua County,rural,Midwest,West North Central,638.881,5183,3019,2,
1978,20019,KS,Chautauqua County,rural,Midwest,West North Central,638.881,5054,2893,2,
1979,20019,KS,Chautauqua County, rural,Midwest,West North Central,638.881,5058,2887,2.3,
1980,20019,KS,Chautauqua County,rural,Midwest,West North Central,638.881,5004,2826,2.6,
1981,20019,KS,Chautauqua County,rural,Midwest,West North Central,638.881,4953,2787,2.9,
1982,20019,KS,Chautauqua County,Rural,Midwest,West North Central,638.881,4992,2800,3.2,
1983,20019,KS,Chautauqua County,rural,Midwest,West North Central,638.881,5079,2835,3.5,
1984,20019,KS,Chautauqua County,rural,Midwest,West North Central,638.881,4915,2737,3.8,
1985,20019,KS,Chautauqua County,rural,Midwest,West North Central,638.881,4724,2620,4.1,
1986,20019,KS,Chautauqua County,rural,Midwest,West North Central,638.881,4652,2574,4.4,
1987,20019,KS,Chautauqua County,rural,Midwest,West North Central,638.881,4642,2550,4.7,
1988,20019,KS,Chautauqua County,rural,Midwest,West North Central,638.881,4526,2475,5,
1989,20019,KS,Chautauqua County,rural,Midwest,West North Central,638.881,4494,2439,4.6,
1990,20019,KS,Chautauqua County, rural,Midwest,West North Central,638.881,4384,2372,4.2,
1991,20019,KS,Chautauqua County,rural,Midwest,West North Central,638.881,4334,2324,3.8,
1992,20019,KS,Chautauqua County,  RURAL ,Midwest,West North Central,638.881,4369,2361,3.4,
1993,20019,KS,Chautauqua County,rural,Midwest,West North Central,638.881,4373,2351,3,
1994,20019,KS,Chautauqua County,rural,Midwest,West North Central,638.881,4355,2356,3.666667,
1995,20019,KS,Chautauqua County,rural,Midwest,West North Central,638.881,4407,2428,4.333333,
1996,20019,KS,Chautauqua County,rural,Midwest,West North Central,638.881,4408,2450,5,
1997,20019,KS,Chautauqua County,  RURAL ,Midwest,West North Central,638.881,4434,2480,5.666667,
1998,20019,KS,Chautauqua County,rural,Midwest,West North Central,638.881,4395,2485,6.333333,
1999,20019,KS,Chautauqua County,rural,Midwest,West North Central,638.881,4366,2476,7,
2000,20019,KS,Chautauqua County,rural,Midwest,West North Central,638.881,4344,2482,6.666667,
2001,20019,KS,Chautauqua County,rural,Midwest,West North Central,638.881,4240,2459,6.333333,
2002,20019,KS,Chautauqua County,rural,Midwest,West North Central,638.881,4183,2437,6,
2003,20019,KS,Chautauqua County,rural,Midwest,West North Central,638.881,4143,2431,5.666667,
2004,20019,KS,Chautauqua County,rural,Midwest,West North Central,638.881,4139,2432,5.333333,
2005,20019,KS,Chautauqua County,rural,Midwest,West North Central,638.881,3989,2351,5,
2006,20019,KS,Chautauqua County,rural,Midwest,West North Central,638.881,3836,2272,5.5,
2006,20019,KS,Chautauqua County,rural,Midwest,West North Central,638.881,3836,2272,5.5,
2007,20019,KS,Chautauqua County,rural,Midwest,West North Central,638.881,3757,2226,6,
2008,20019,KS,Chautauqua County,rural,Midwest,West North Central,638.881,3735,2205,6.5,
2009,20019,KS,Chautauqua County,rural,Midwest,West North Central,638.881,3691,2170,7,
2010,20019,KS,Chautauqua County,rural,Midwest,West North Central,638.881,3669,2173,7.5,
2011,20019,KS,Chautauqua County,rural,Midwest,West North Central,638.881,3649,2166,8,
2012,20019,KS,Chautauqua County,rural,Midwest,West North Central,638.881,3609,2138,8.5,
2013,20019,KS,Chautauqua County,rural,Midwest,West North Central,638.881,3561,2102,9,
2014,20019,KS,Chautauqua County,rural,Midwest,West North Central,638.881,3531,2044,9,
2015,20019,KS,Chautauqua County,rural,Midwest,West North Central,638.881,3459,1989,9,
2016,20019,KS,Chautauqua County,rural,Midwest,West North Central,638.881,3389,1950,,
1970,20021,KS,Cherokee County,rural,Midwest,West North Central,587.567,21570,12760,14,
1971,20021,KS,Cherokee County,rural,Midwest,West North Central,587.567,21629,12773,13.25,
1971,20021,KS,Cherokee County,rural,Midwest,West North Central,587.567,21629,12773,13.25,
1972,20021,KS,Cherokee County,rural,Midwest,West North Central,587.567,21861,12951,12.5,
1973,20021,KS,Cherokee County,Rural,Midwest,West North Central,587.567,21946,13028,11.75,
1974,20021,KS,Cherokee County,rural,Midwest,West North Central,587.567,21823,12963,11,
1975,20021,KS,Cherokee County,rural,Midwest,West North Central,587.567,21655,12861,10.25,
1976,20021,KS,Cherokee County,rural,Midwest,West North Central,587.567,21771,12999,9.5,
1977,20021,KS,Cherokee County,rural,Midwest,West North Central,587.567,22087,13257,8.75,
1978,20021,KS,Cherokee County,rural,Midwest,West North Central,587.567,22051,13256,8,
1979,20021,KS,Cherokee County,rural,Midwest,West North Central,587.567,22153,13332,8,
1980,20021,KS,Cherokee County,rural,Midwest,West North Central,587.567,22308,13462,8,
1981,20021,KS,Cherokee County,rural,Midwest,West North Central,587.567,22217,13416,8,
1982,20021,KS,Cherokee County,RURAL,Midwest,West North Central,587.567,22174,13392,8,
1983,20021,KS,Cherokee County,rural,Midwest,West North Central,587.567,22291,13470,8,
1984,20021,KS,Cherokee County,Rural,Midwest,West North Central,587.567,22433,13578,8.6,
1985,20021,KS,Cherokee County,rural,Midwest,West North Central,587.567,22314,13501,9.2,
1986,20021,KS,Cherokee County,rural,Midwest,West North Central,587.567,22212,13478,9.8,
1987,20021,KS,Cherokee County,rural,Midwest,West North Central,587.567,22207,13444,10.4,
1988,20021,KS,Cherokee County,rural,Midwest,West North Central,587.567,22179,13437,11,
1989,20021,KS,Cherokee County,rural,Midwest,West North Central,587.567,21665,13079,11.8,
1990,20021,KS,Cherokee County,rural,Midwest,West North Central,587.567,21316,12869,12.6,
1991,20021,KS,Cherokee County,rural,Midwest,West North Central,587.567,21480,12989,13.4,
1992,20021,KS,Cherokee County,rural,Midwest,West North Central,587.567,21682,13138,14.2,
1993,20021,KS,Cherokee County,rural,Midwest,West North Central,587.567,21909,13329,15,
1994,20021,KS,Cherokee County,  RURAL ,Midwest,West North Central,587.567,22117,13585,17,
1995,20021,KS,Cherokee County,rural,Midwest,West North Central,587.567,22503,13961,22,
1996,20021,KS,Cherokee County,rural,Midwest,West North Central,587.567,22667,14154,20,
1996,20021,KS,Cherokee County,rural,Midwest,West North Central,587.567,22667,14154,20,
1997,20021,KS,Cherokee County,rural,Midwest,West North Central,587.567,22810,14290,24,
1998,20021,KS,Cherokee County,rural,Midwest,West North Central,587.567,22740,14289,20,
1999,20021,KS,Cherokee County,rural,Midwest,West North Central,587.567,22678,14293,30,
2000,20021,KS,Cherokee County,rural,Midwest,West North Central,587.567,22554,14258,29.83333,
2001,20021,KS,Cherokee County,rural,Midwest,West North Central,587.567,22338,14187,29.66667,
2002,20021,KS,Cherokee County,rural,Midwest,West North Central,587.567,22185,14108,29.5,
2003,20021,KS,Cherokee County,rural,Midwest,West North Central,587.567,22138,14073,29.33333,
2004,20021,KS,Cherokee County,rural,Midwest,West North Central,587.567,22124,14099,29.16667,
2005,20021,KS,Cherokee County,rural,Midwest,West North Central,587.567,21750,13905,29,
2006,20021,KS,Cherokee County,rural,Midwest,West North Central,587.567,21855,13968,34.25,
2007,20021,KS,Cherokee County,rural,Midwest,West North Central,587.567,21896,13934,39.5,
2008,20021,KS,Cherokee County,rural,Midwest,West North Central,587.567,21720,13807,44.75,
2009,20021,KS,Cherokee County,rural,Midwest,West North Central,587.567,21658,13652,50,
2010,20021,KS,Cherokee County,rural,Midwest,West North Central,587.567,21603,13659,55.25,
2011,20021,KS,Cherokee County,RURAL,Midwest,West North Central,587.567,21522,13656,60.5,
2012,20021,KS,Cherokee County, rural,Midwest,West North Central,587.567,21352,13552,65.75,
2013,20021,KS,Cherokee County,rural,Midwest,West North Central,587.567,21186,13338,71,
2014,20021,KS,Cherokee County,rural,Midwest,West North Central,587.567,20893,13113,71,
2015,20021,KS,Cherokee County,rural,Midwest,West North Central,587.567,20759,12947,71,
2016,20021,KS,Cherokee County,rural,Midwest,West North Central,587.567,20517,12784,,
1970,20023,KS,Cheyenne County,  RURAL ,Midwest,West North Central,1019.89,4201,2425,0,
1971,20023,KS,Cheyenne County,rural,Midwest,West North Central,1019.89,4020,2304,0,
1972,20023,KS,Cheyenne County,rural,Midwest,West North Central,1019.89,4143,2409,0,
1973,20023,KS,Cheyenne County,rural,Midwest,West North Central,1019.89,4083,2382,0,
1973,20023,KS,Cheyenne County,rural,Midwest,West North Central,1019.89,4083,2382,0,
1974,20023,KS,Cheyenne County,rural,Midwest,West North Central,1019.89,4062,2388,0,
1975,20023,KS,Cheyenne County,rural,Midwest,West North Central,1019.89,4049,2400,0,
1976,20023,KS,Cheyenne County,rural,Midwest,West North Central,1019.89,4040,2435,0,
1977,20023,KS,Cheyenne County,rural  ,Midwest,West North Central,1019.89,4049,2460,0,
1978,20023,KS,Cheyenne County,rural,Midwest,West North Central,1019.89,3891,2355,0,
1979,20023,KS,Cheyenne County,rural,Midwest,West North Central,1019.89,3788,2298,0,
1980,20023,KS,Cheyenne County,rural,Midwest,West North Central,1019.89,3672,2230,0,
1980,20023,KS,Cheyenne County,rural,Midwest,West North Central,1019.89,3672,2230,0,
1981,20023,KS,Cheyenne County,rural  ,Midwest,West North Central,1019.89,3641,2194,0,
1982,20023,KS,Cheyenne County,rural,Midwest,West North Central,1019.89,3711,2217,0,
1983,20023,KS,Cheyenne County,rural,Midwest,West North Central,1019.89,3730,2212,0,
1984,20023,KS,Cheyenne County,rural,Midwest,West North Central,1019.89,3617,2129,0,
1985,20023,KS,Cheyenne County,rural,Midwest,West North Central,1019.89,3590,2093,0,
1986,20023,KS,Cheyenne County,rural,Midwest,West North Central,1019.89,3542,2050,0,
1987,20023,KS,Cheyenne County,rural,Midwest,West North Central,1019.89,3416,1955,0,
1988,20023,KS,Cheyenne County,rural,Midwest,West North Central,1019.89,3383,1917,0,
1989,20023,KS,Cheyenne County,rural,Midwest,West North Central,1019.89,3329,1858,0,
1990,20023,KS,Cheyenne County,rural,Midwest,West North Central,1019.89,3226,1776,0,
1991,20023,KS,Cheyenne County,rural,Midwest,West North Central,1019.89,3247,1788,0,
1992,20023,KS,Cheyenne County,rural,Midwest,West North Central,1019.89,3212,1770,0,
1993,20023,KS,Cheyenne County,rural,Midwest,West North Central,1019.89,3181,1717,0,
1994,20023,KS,Cheyenne County,rural,Midwest,West North Central,1019.89,3211,1742,0,
1995,20023,KS,Cheyenne County,rural,Midwest,West North Central,1019.89,3160,1720,0,
1996,20023,KS,Cheyenne County,rural  ,Midwest,West North Central,1019.89,3214,1754,0,
1997,20023,KS,Cheyenne County,rural,Midwest,West North Central,1019.89,3181,1726,0,
1998,20023,KS,Cheyenne County,rural,Midwest,West North Central,1019.89,3130,1701,0,
1999,20023,KS,Cheyenne County,rural,Midwest,West North Central,1019.89,3214,1756,0,
2000,20023,KS,Cheyenne County,rural,Midwest,West North Central,1019.89,3157,1714,0,
2001,20023,KS,Cheyenne County,rural,Midwest,West North Central,1019.89,3083,1702,0,
2001,20023,KS,Cheyenne County,rural,Midwest,West North Central,1019.89,3083,1702,0,
2002,20023,KS,Cheyenne County,rural,Midwest,West North Central,1019.89,3033,1682,0,
2002,20023,KS,Cheyenne County,rural,Midwest,West North Central,1019.89,3033,1682,0,
2003,20023,KS,Cheyenne County,  RURAL ,Midwest,West North Central,1019.89,2957,1620,0,
2004,20023,KS,Cheyenne County,rural,Midwest,West North Central,1019.89,2922,1607,0,
2005,20023,KS,Cheyenne County,rural,Midwest,West North Central,1019.89,2880,1610,0,
2005,20023,KS,Cheyenne County,rural,Midwest,West North Central,1019.89,2880,1610,0,
2006,20023,KS,Cheyenne County,rural,Midwest,West North Central,1019.89,2866,1605,0,
2007,20023,KS,Cheyenne County,rural,Midwest,West North Central,1019.89,2810,1576,0,
2008,20023,KS,Cheyenne County,rural,Midwest,West North Central,1019.89,2778,1562,0,
2008,20023,KS,Cheyenne County,rural,Midwest,West North Central,1019.89,2778,1562,0,
2009,20023,KS,Cheyenne County,rural,Midwest,West North Central,1019.89,2743,1545,0,
2010,20023,KS,Cheyenne County,rural,Midwest,West North Central,1019.89,2726,1548,0,
2010,20023,KS,Cheyenne County,rural,Midwest,West North Central,1019.89,2726,1548,0,
2011,20023,KS,Cheyenne County,rural,Midwest,West North Central,1019.89,2714,1544,0,
2012,20023,KS,Cheyenne County,rural,Midwest,West North Central,1019.89,2693,1538,0,
2013,20023,KS,Cheyenne County,  RURAL ,Midwest,West North Central,1019.89,2667,1516,0,
2014,20023,KS,Cheyenne County,rural,Midwest,West North Central,1019.89,2671,1515,0,
2015,20023,KS,Cheyenne County,rural,Midwest,West North Central,1019.89,2685,1517,0,
2016,20023,KS,Cheyenne County,rural,Midwest,West North Central,1019.89,2673,1502,,
1970,20025,KS,Clark County,  RURAL ,Midwest,West North Central,974.638,2861,1644,1,
1971,20025,KS,Clark County,rural,Midwest,West North Central,974.638,2724,1549,1,
1972,20025,KS,Clark County,rural,Midwest,West North Central,974.638,2678,1526,1,
1973,20025,KS,Clark County,rural,Midwest,West North Central,974.638,2748,1589,1,
1974,20025,KS,Clark County,rural,Midwest,West North Central,974.638,2734,1597,1,
1975,20025,KS,Clark County,rural,Midwest,West North Central,974.638,2736,1625,1,
1976,20025,KS,Clark County,rural,Midwest,West North Central,974.638,2709,1606,1,
1976,20025,KS,Clark County,rural,Midwest,West North Central,974.638,2709,1606,1,
1977,20025,KS,Clark County,rural,Midwest,West North Central,974.638,2694,1582,1,
1978,20025,KS,Clark County,rural,Midwest,West North Central,974.638,2586,1505,1,
1979,20025,KS,Clark County,rural,Midwest,West North Central,974.638,2605,1514,1,
1980,20025,KS,Clark County,rural,Midwest,West North Central,974.638,2590,1510,1,
1981,20025,KS,Clark County,rural,Midwest,West North Central,974.638,2553,1480,1,
1981,20025,KS,Clark County,rural,Midwest,West North Central,974.638,2553,1480,1,
1982,20025,KS,Clark County,Rural,Midwest,West North Central,974.638,2659,1533,1,
1983,20025,KS,Clark County,rural,Midwest,West North Central,974.638,2648,1520,1,
1984,20025,KS,Clark County,rural,Midwest,West North Central,974.638,2623,1499,1,
1985,20025,KS,Clark County,rural,Midwest,West North Central,974.638,2595,1470,1,
1986,20025,KS,Clark County,RURAL,Midwest,West North Central,974.638,2522,1427,1,
1987,20025,KS,Clark County,rural,Midwest,West North Central,974.638,2480,1389,1,
1988,20025,KS,Clark County,rural,Midwest,West North Central,974.638,2432,1361,1,
1989,20025,KS,Clark County,rural,Midwest,West North Central,974.638,2408,1331,1.2,
1989,20025,KS,Clark County,rural,Midwest,West North Central,974.638,2408,1331,1.2,
1990,20025,KS,Clark County,Rural,Midwest,West North Central,974.638,2420,1327,1.4,
1990,20025,KS,Clark County,Rural,Midwest,West North Central,974.638,2420,1327,1.4,
1991,20025,KS,Clark County,rural,Midwest,West North Central,974.638,2376,1309,1.6,
1992,20025,KS,Clark County,rural,Midwest,West North Central,974.638,2398,1326,1.8,
1993,20025,KS,Clark County,rural,Midwest,West North Central,974.638,2399,1337,2,
1994,20025,KS,Clark County,rural,Midwest,West North Central,974.638,2461,1372,2.833333,
1995,20025,KS,Clark County,rural,Midwest,West North Central,974.638,2424,1366,3.666667,
1996,20025,KS,Clark County,rural,Midwest,West North Central,974.638,2425,1366,4.5,
1997,20025,KS,Clark County,rural,Midwest,West North Central,974.638,2466,1406,5.333333,
1998,20025,KS,Clark County,rural,Midwest,West North Central,974.638,2403,1375,6.166667,
1999,20025,KS,Clark County,rural,Midwest,West North Central,974.638,2413,1387,7,
2000,20025,KS,Clark County, rural,Midwest,West North Central,974.638,2402,1372,6,
2001,20025,KS,Clark County,rural,Midwest,West North Central,974.638,2393,1369,5,
2002,20025,KS,Clark County,rural,Midwest,West North Central,974.638,2372,1372,4,
2003,20025,KS,Clark County,Rural,Midwest,West North Central,974.638,2364,1338,3,
2004,20025,KS,Clark County,rural,Midwest,West North Central,974.638,2358,1347,2,
2005,20025,KS,Clark County,rural,Midwest,West North Central,974.638,2298,1282,1,
2006,20025,KS,Clark County,rural,Midwest,West North Central,974.638,2252,1231,1.125,
2007,20025,KS,Clark County,rural,Midwest,West North Central,974.638,2200,1213,1.25,
2008,20025,KS,Clark County,rural,Midwest,West North Central,974.638,2225,1250,1.375,
2009,20025,KS,Clark County,rural  ,Midwest,West North Central,974.638,2242,1258,1.5,
2010,20025,KS,Clark County,  RURAL ,Midwest,West North Central,974.638,2215,1275,1.625,
2011,20025,KS,Clark County,rural,Midwest,West North Central,974.638,2199,1263,1.75,
2012,20025,KS,Clark County,Rural,Midwest,West North Central,974.638,2120,1230,1.875,
2013,20025,KS,Clark County,rural  ,Midwest,West North Central,974.638,2165,1258,2,
2014,20025,KS,Clark County,Rural,Midwest,West North Central,974.638,2179,1249,2,
2015,20025,KS,Clark County,rural,Midwest,West North Central,974.638,2114,1221,2,
2016,20025,KS,Clark County,rural,Midwest,West North Central,974.638,2081,1237,,
1970,20027,KS,Clay County,rural,Midwest,West North Central,645.298,9877,5549,1,
1971,20027,KS,Clay County,rural,Midwest,West North Central,645.298,9859,5546,1,
1971,20027,KS,Clay County,rural,Midwest,West North Central,645.298,9859,5546,1,
1972,20027,KS,Clay County,rural,Midwest,West North Central,645.298,9597,5380,1,
1973,20027,KS,Clay County,rural,Midwest,West North Central,645.298,9845,5583,1,
1974,20027,KS,Clay County,rural,Midwest,West North Central,645.298,9713,5530,1,
1975,20027,KS,Clay County,rural,Midwest,West North Central,645.298,9730,5584,1,
1976,20027,KS,Clay County,rural,Midwest,West North Central,645.298,9736,5609,1,
1977,20027,KS,Clay County,RURAL,Midwest,West North Central,645.298,9790,5644,1,
1978,20027,KS,Clay County,rural,Midwest,West North Central,645.298,9811,5675,1,
1979,20027,KS,Clay County,rural,Midwest,West North Central,645.298,9819,5677,1,
1980,20027,KS,Clay County,rural,Midwest,West North Central,645.298,9745,5625,1,
1981,20027,KS,Clay County,  RURAL ,Midwest,West North Central,645.298,9460,5442,1,
1982,20027,KS,Clay County,rural,Midwest,West North Central,645.298,9470,5431,1,
1983,20027,KS,Clay County,rural,Midwest,West North Central,645.298,9669,5524,1,
1984,20027,KS,Clay County,Rural,Midwest,West North Central,645.298,9489,5408,3.2,
1985,20027,KS,Clay County,rural,Midwest,West North Central,645.298,9310,5284,5.4,
1986,20027,KS,Clay County,rural,Midwest,West North Central,645.298,9181,5203,7.6,
1987,20027,KS,Clay County,RURAL,Midwest,West North Central,645.298,9166,5163,9.8,
1988,20027,KS,Clay County,rural  ,Midwest,West North Central,645.298,9210,5166,12,
1989,20027,KS,Clay County,rural,Midwest,West North Central,645.298,9287,5170,12,
1990,20027,KS,Clay County,rural,Midwest,West North Central,645.298,9126,5047,12,
1991,20027,KS,Clay County,rural,Midwest,West North Central,645.298,9040,5000,12,
1992,20027,KS,Clay County,rural,Midwest,West North Central,645.298,9222,5163,12,
1993,20027,KS,Clay County,Rural,Midwest,West North Central,645.298,9147,5133,12,
1994,20027,KS,Clay County,rural,Midwest,West North Central,645.298,9125,5169,11.66667,
1994,20027,KS,Clay County,rural,Midwest,West North Central,645.298,9125,5169,11.66667,
1995,20027,KS,Clay County,rural,Midwest,West North Central,645.298,9156,5247,11.33333,
1996,20027,KS,Clay County,rural,Midwest,West North Central,645.298,9164,5300,11,
1997,20027,KS,Clay County,rural,Midwest,West North Central,645.298,9005,5240,10.66667,
1998,20027,KS,Clay County,rural,Midwest,West North Central,645.298,8905,5237,10.33333,
1999,20027,KS,Clay County,rural,Midwest,West North Central,645.298,8829,5216,10,
2000,20027,KS,Clay County,rural,Midwest,West North Central,645.298,8827,5221,12,
2001,20027,KS,Clay County,rural,Midwest,West North Central,645.298,8730,5188,515,
2001,20027,,,,,,,,,14,
2002,20027,KS,Clay County,rural,Midwest,West North Central,645.298,8607,5124,16,
2003,20027,KS,Clay County,rural,Midwest,West North Central,645.298,8493,5077,18,
2004,20027,KS,Clay County,rural,Midwest,West North Central,645.298,8447,5104,599,
2004,20027,,,,,,,,,20,
2005,20027,KS,Clay County,rural,Midwest,West North Central,645.298,8444,5134,22,
2006,20027,KS,Clay County,Rural,Midwest,West North Central,645.298,8458,5157,20.125,
2007,20027,KS,Clay County,rural,Midwest,West North Central,645.298,8527,5175,18.25,
2008,20027,KS,Clay County,rural,Midwest,West North Central,645.298,8618,5207,16.375,
2009,20027,KS,Clay County,rural,Midwest,West North Central,645.298,8500,5146,14.5,
2009,20027,KS,Clay County,rural,Midwest,West North Central,645.298,8500,5146,14.5,
2010,20027,KS,Clay County,rural,Midwest,West North Central,645.298,8541,5127,12.625,
2011,20027,KS,Clay County,rural,Midwest,West North Central,645.298,8546,5128,10.75,
2012,20027,KS,Clay County,rural,Midwest,West North Central,645.298,8526,5121,8.875,
2013,20027,KS,Clay County,rural,Midwest,West North Central,645.298,8501,5070,7,
2014,20027,KS,Clay County,rural,Midwest,West North Central,645.298,8386,5000,7,
2015,20027,KS,Clay County,rural,Midwest,West North Central,645.298,8300,4914,7,
2016,20027,KS,Clay County,rural,Midwest,West North Central,645.298,8294,4900,,
1970,20029,KS,Cloud County,Rural,Midwest,West North Central,715.342,13375,7513,3,
1971,20029,KS,Cloud County,rural,Midwest,West North Central,715.342,13028,7302,3.25,
1972,20029,KS,Cloud County,rural,Midwest,West North Central,715.342,13016,7347,3.5,
1973,20029,KS,Cloud County,rural,Midwest,West North Central,715.342,12974,7375,3.75,
1974,20029,KS,Cloud County,rural,Midwest,West North Central,715.342,12977,7440,4,
1975,20029,KS,Cloud County,rural,Midwest,West North Central,715.342,12886,7434,4.25,
1975,20029,KS,Cloud County,rural,Midwest,West North Central,715.342,12886,7434,4.25,
1976,20029,KS,Cloud County,rural,Midwest,West North Central,715.342,12610,7273,4.5,
1977,20029,KS,Cloud County,rural,Midwest,West North Central,715.342,12583,7284,4.75,
1978,20029,KS,Cloud County,rural,Midwest,West North Central,715.342,12514,7258,5,
1979,20029,KS,Cloud County,rural,Midwest,West North Central,715.342,12460,7262,4.8,
1980,20029,KS,Cloud County,  RURAL ,Midwest,West North Central,715.342,12450,7283,4.6,
1981,20029,KS,Cloud County,rural,Midwest,West North Central,715.342,12202,7111,4.4,
1982,20029,KS,Cloud County,rural,Midwest,West North Central,715.342,12124,7030,4.2,
1983,20029,KS,Cloud County,rural,Midwest,West North Central,715.342,12148,7022,4,
1984,20029,KS,Cloud County,rural,Midwest,West North Central,715.342,11997,6913,4.8,
1985,20029,KS,Cloud County,rural,Midwest,West North Central,715.342,11730,6726,5.6,
1986,20029,KS,Cloud County,rural,Midwest,West North Central,715.342,11509,6583,6.4,
1987,20029,KS,Cloud County,rural,Midwest,West North Central,715.342,11366,6461,7.2,
1988,20029,KS,Cloud County, rural,Midwest,West North Central,715.342,11332,6413,8,
1989,20029,KS,Cloud County,rural,Midwest,West North Central,715.342,11220,6299,522,
1989,20029,,,,,,,,,8.8,
1990,20029,KS,Cloud County,rural,Midwest,West North Central,715.342,10994,6142,9.6,
1991,20029,KS,Cloud County,rural,Midwest,West North Central,715.342,10888,6063,10.4,
1991,20029,KS,Cloud County,rural,Midwest,West North Central,715.342,10888,6063,10.4,
1992,20029,KS,Cloud County,rural,Midwest,West North Central,715.342,10806,6071,11.2,
1993,20029,KS,Cloud County,rural,Midwest,West North Central,715.342,10840,6133,578,
1993,20029,,,,,,,,,12,
1994,20029,KS,Cloud County,Rural,Midwest,West North Central,715.342,10736,6110,14.33333,
1995,20029,KS,Cloud County,rural,Midwest,West North Central,715.342,10644,6108,16.66667,
1996,20029,KS,Cloud County,rural,Midwest,West North Central,715.342,10506,6051,19,
1997,20029,KS,Cloud County,rural,Midwest,West North Central,715.342,10494,6105,21.33333,
1998,20029,KS,Cloud County,rural,Midwest,West North Central,715.342,10398,6068,23.66667,
1999,20029,KS,Cloud County,rural,Midwest,West North Central,715.342,10375,6111,26,
2000,20029,KS,Cloud County,rural,Midwest,West North Central,715.342,10238,6066,24.83333,
2001,20029,KS,Cloud County,RURAL,Midwest,West North Central,715.342,10090,6029,23.66667,
2002,20029,KS,Cloud County,rural,Midwest,West North Central,715.342,9948,5976,536,
2002,20029,,,,,,,,,22.5,
2003,20029,KS,Cloud County,rural,Midwest,West North Central,715.342,9886,5961,21.33333,
2004,20029,KS,Cloud County,rural,Midwest,West North Central,715.342,9739,5876,20.16667,
2005,20029,KS,Cloud County,rural,Midwest,West North Central,715.342,9741,5924,19,
2006,20029,KS,Cloud County,rural,Midwest,West North Central,715.342,9560,5787,20,
2007,20029,KS,Cloud County,rural,Midwest,West North Central,715.342,9525,5736,21,
2008,20029,KS,Cloud County,rural,Midwest,West North Central,715.342,9541,5786,22,
2009,20029,KS,Cloud County,rural,Midwest,West North Central,715.342,9545,5836,23,
2010,20029,KS,Cloud County,rural,Midwest,West North Central,715.342,9533,5849,24,
2011,20029,KS,Cloud County,rural,Midwest,West North Central,715.342,9519,5851,25,
2012,20029,KS,Cloud County,rural,Midwest,West North Central,715.342,9417,5758,26,
2013,20029,KS,Cloud County,RURAL,Midwest,West North Central,715.342,9412,5688,27,
2014,20029,KS,Cloud County,rural,Midwest,West North Central,715.342,9350,5645,27,
2015,20029,KS,Cloud County,rural,Midwest,West North Central,715.342,9327,5610,606,
2015,20029,,,,,,,,,27,
2016,20029,KS,Cloud County,rural,Midwest,West North Central,715.342,9185,5533,,
1970,20031,KS,Coffey County,rural,Midwest,West North Central,626.885,7394,4037,5,
1971,20031,KS,Coffey County,rural,Midwest,West North Central,626.885,7381,4030,5.222222,
1972,20031,KS,Coffey County,rural,Midwest,West North Central,626.885,7633,4224,5.444445,
1973,20031,KS,Coffey County,Rural,Midwest,West North Central,626.885,7697,4283,5.666667,
1974,20031,KS,Coffey County,rural,Midwest,West North Central,626.885,7509,4154,5.888889,
1975,20031,KS,Coffey County,rural,Midwest,West North Central,626.885,7497,4150,6.111111,
1976,20031,KS,Coffey County,rural,Midwest,West North Central,626.885,7398,4075,6.333333,
1977,20031,KS,Coffey County,rural,Midwest,West North Central,626.885,7676,4260,6.555555,
1978,20031,KS,Coffey County,rural,Midwest,West North Central,626.885,8352,4734,6.777778,
1979,20031,KS,Coffey County,rural,Midwest,West North Central,626.885,8931,5154,7,
1980,20031,KS,Coffey County,rural,Midwest,West North Central,626.885,9332,5429,7.222222,
1981,20031,KS,Coffey County,rural,Midwest,West North Central,626.885,9139,5317,7.444445,
1982,20031,KS,Coffey County,rural,Midwest,West North Central,626.885,9396,5467,7.666667,
1983,20031,KS,Coffey County,rural,Midwest,West North Central,626.885,9581,5577,7.888889,
1984,20031,KS,Coffey County,rural,Midwest,West North Central,626.885,9528,5550,8.111111,
1984,20031,KS,Coffey County,rural,Midwest,West North Central,626.885,9528,5550,8.111111,
1985,20031,KS,Coffey County,rural,Midwest,West North Central,626.885,8864,5158,8.333333,
1986,20031,KS,Coffey County,rural,Midwest,West North Central,626.885,8480,4943,8.555555,
1987,20031,KS,Coffey County,rural,Midwest,West North Central,626.885,8387,4879,8.777778,
1988,20031,KS,Coffey County,rural  ,Midwest,West North Central,626.885,8313,4832,9,
1989,20031,KS,Coffey County,rural,Midwest,West North Central,626.885,8471,4903,8.4,
1990,20031,KS,Coffey County, rural,Midwest,West North Central,626.885,8408,4858,7.8,
1991,20031,KS,Coffey County,rural,Midwest,West North Central,626.885,8428,4904,7.2,
1992,20031,KS,Coffey County,rural,Midwest,West North Central,626.885,8616,5060,6.6,
1993,20031,KS,Coffey County,rural,Midwest,West North Central,626.885,8697,5160,6,
1994,20031,KS,Coffey County,rural,Midwest,West North Central,626.885,8740,5211,6.333333,
1995,20031,KS,Coffey County,rural,Midwest,West North Central,626.885,8812,5320,6.666667,
1996,20031,KS,Coffey County,rural,Midwest,West North Central,626.885,8808,5373,7,
1997,20031,KS,Coffey County,rural,Midwest,West North Central,626.885,8841,5435,7.333333,
1998,20031,KS,Coffey County,rural,Midwest,West North Central,626.885,8762,5431,7.666667,
1999,20031,KS,Coffey County,rural,Midwest,West North Central,626.885,8839,5522,8,
2000,20031,KS,Coffey County,rural,Midwest,West North Central,626.885,8932,5614,9.166667,
2001,20031,KS,Coffey County,rural,Midwest,West North Central,626.885,8828,5525,10.33333,
2002,20031,KS,Coffey County,rural,Midwest,West North Central,626.885,8784,5517,11.5,
2002,20031,KS,Coffey County,rural,Midwest,West North Central,626.885,8784,5517,11.5,
2003,20031,KS,Coffey County,rural,Midwest,West North Central,626.885,8795,5535,12.66667,
2004,20031,KS,Coffey County,rural,Midwest,West North Central,626.885,8694,5486,13.83333,
2005,20031,KS,Coffey County,rural,Midwest,West North Central,626.885,8622,5501,15,
2006,20031,KS,Coffey County,rural,Midwest,West North Central,626.885,8652,5500,14.75,
2007,20031,KS,Coffey County,rural,Midwest,West North Central,626.885,8542,5434,14.5,
2008,20031,KS,Coffey County,rural,Midwest,West North Central,626.885,8563,5408,515,
2008,20031,,,,,,,,,14.25,
2009,20031,KS,Coffey County,rural,Midwest,West North Central,626.885,8566,5382,14,
2010,20031,KS,Coffey County,rural,Midwest,West North Central,626.885,8598,5413,13.75,
2011,20031,KS,Coffey County,rural,Midwest,West North Central,626.885,8585,5407,13.5,
2012,20031,KS,Coffey County,rural,Midwest,West North Central,626.885,8486,5363,13.25,
2013,20031,KS,Coffey County,rural,Midwest,West North Central,626.885,8468,5357,13,
2014,20031,KS,Coffey County,rural,Midwest,West North Central,626.885,8378,5292,13,
2015,20031,KS,Coffey County,rural,Midwest,West North Central,626.885,8398,5268,13,
2016,20031,KS,Coffey County, rural,Midwest,West North Central,626.885,8293,5179,,
1970,20033,KS,Comanche County,rural,Midwest,West North Central,788.298,2699,1572,0,
1970,20033,KS,Comanche County,rural,Midwest,West North Central,788.298,2699,1572,0,
1971,20033,KS,Comanche County,rural,Midwest,West North Central,788.298,2711,1573,0,
1972,20033,KS,Comanche County,rural,Midwest,West North Central,788.298,2752,1607,0,
1973,20033,KS,Comanche County,rural,Midwest,West North Central,788.298,2660,1542,0,
1973,20033,KS,Comanche County,rural,Midwest,West North Central,788.298,2660,1542,0,
1974,20033,KS,Comanche County,rural,Midwest,West North Central,788.298,2757,1616,0,
1975,20033,KS,Comanche County,rural,Midwest,West North Central,788.298,2712,1589,0,
1976,20033,KS,Comanche County,rural,Midwest,West North Central,788.298,2645,1545,0,
1977,20033,KS,Comanche County,rural,Midwest,West North Central,788.298,2600,1517,501,
1977,20033,,,,,,,,,0,
1978,20033,KS,Comanche County,rural,Midwest,West North Central,788.298,2518,1440,0,
1978,20033,KS,Comanche County,rural,Midwest,West North Central,788.298,2518,1440,0,
1979,20033,KS,Comanche County,rural,Midwest,West North Central,788.298,2500,1426,0,
1980,20033,KS,Comanche County,rural,Midwest,West North Central,788.298,2538,1449,0,
1981,20033,KS,Comanche County,rural  ,Midwest,West North Central,788.298,2478,1408,0,
1982,20033,KS,Comanche County,rural,Midwest,West North Central,788.298,2501,1407,0,
1983,20033,KS,Comanche County,rural,Midwest,West North Central,788.298,2505,1403,0,
1984,20033,KS,Comanche County,rural,Midwest,West North Central,788.298,2515,1403,0,
1985,20033,KS,Comanche County,rural,Midwest,West North Central,788.298,2461,1366,0,
1986,20033,KS,Comanche County,rural,Midwest,West North Central,788.298,2425,1336,0,
1987,20033,KS,Comanche County,rural,Midwest,West North Central,788.298,2372,1297,0,
1988,20033,KS,Comanche County,rural,Midwest,West North Central,788.298,2378,1288,0,
1989,20033,KS,Comanche County,rural,Midwest,West North Central,788.298,2378,1275,0,
1990,20033,KS,Comanche County,  RURAL ,Midwest,West North Central,788.298,2297,1231,0,
1991,20033,KS,Comanche County,rural,Midwest,West North Central,788.298,2253,1202,0,
1992,20033,KS,Comanche County,rural,Midwest,West North Central,788.298,2206,1181,0,
1993,20033,KS,Comanche County,rural,Midwest,West North Central,788.298,2181,1171,0,
1994,20033,KS,Comanche County,rural,Midwest,West North Central,788.298,2155,1171,0,
1995,20033,KS,Comanche County,rural,Midwest,West North Central,788.298,2116,1164,0,
1996,20033,KS,Comanche County,rural,Midwest,West North Central,788.298,2107,1159,0,
1996,20033,KS,Comanche County,rural,Midwest,West North Central,788.298,2107,1159,0,
1997,20033,KS,Comanche County,rural,Midwest,West North Central,788.298,2043,1128,0,
1998,20033,KS,Comanche County,rural,Midwest,West North Central,788.298,2041,1136,0,
1999,20033,KS,Comanche County,rural,Midwest,West North Central,788.298,2008,1119,0,
2000,20033,KS,Comanche County,rural,Midwest,West North Central,788.298,1955,1093,0,
2001,20033,KS,Comanche County,rural,Midwest,West North Central,788.298,1984,1124,0,
2002,20033,KS,Comanche County,rural,Midwest,West North Central,788.298,1956,1129,0,
2003,20033,KS,Comanche County,rural,Midwest,West North Central,788.298,1910,1090,0,
2004,20033,KS,Comanche County,rural,Midwest,West North Central,788.298,1905,1079,0,
2005,20033,KS,Comanche County,rural,Midwest,West North Central,788.298,1931,1079,0,
2006,20033,KS,Comanche County,rural,Midwest,West North Central,788.298,1842,1023,0,
2006,20033,KS,Comanche County,rural,Midwest,West North Central,788.298,1842,1023,0,
2007,20033,KS,Comanche County,  RURAL ,Midwest,West North Central,788.298,1841,1039,0,
2008,20033,KS,Comanche County,rural,Midwest,West North Central,788.298,1902,1092,0,
2009,20033,KS,Comanche County,rural,Midwest,West North Central,788.298,1878,1066,0,
2010,20033,KS,Comanche County,rural,Midwest,West North Central,788.298,1889,1070,0,
2011,20033,KS,Comanche County,rural,Midwest,West North Central,788.298,1883,1067,0,
2011,20033,KS,Comanche County,rural,Midwest,West North Central,788.298,1883,1067,0,
2012,20033,KS,Comanche County,rural,Midwest,West North Central,788.298,1880,1052,0,
2013,20033,KS,Comanche County,rural,Midwest,West North Central,788.298,1910,1053,0,
2014,20033,KS,Comanche County,rural,Midwest,West North Central,788.298,1923,1050,0,
2015,20033,KS,Comanche County,rural,Midwest,West North Central,788.298,1947,1071,0,
2016,20033,KS,Comanche County,rural,Midwest,West North Central,788.298,1825,1005,,
1970,20035,KS,Cowley County,rural,Midwest,West North Central,1125.738,34953,20915,15,
1971,20035,KS,Cowley County,rural,Midwest,West North Central,1125.738,34739,20807,17.625,
1971,20035,KS,Cowley County,rural,Midwest,West North Central,1125.738,34739,20807,17.625,
1972,20035,KS,Cowley County,rural,Midwest,West North Central,1125.738,34628,20825,20.25,
1973,20035,KS,Cowley County,rural,Midwest,West North Central,1125.738,33949,20449,22.875,
1974,20035,KS,Cowley County,rural,Midwest,West North Central,1125.738,33948,20575,25.5,
1975,20035,KS,Cowley County,rural,Midwest,West North Central,1125.738,33850,20631,28.125,
1976,20035,KS,Cowley County,rural,Midwest,West North Central,1125.738,33797,20679,30.75,
1977,20035,KS,Cowley County,rural,Midwest,West North Central,1125.738,34685,21335,33.375,
1978,20035,KS,Cowley County,rural,Midwest,West North Central,1125.738,35089,21601,36,
1979,20035,KS,Cowley County,rural,Midwest,West North Central,1125.738,35314,21756,35.4,
1980,20035,KS,Cowley County, rural,Midwest,West North Central,1125.738,36949,22873,34.8,
1981,20035,KS,Cowley County,rural,Midwest,West North Central,1125.738,37283,23070,34.2,
1982,20035,KS,Cowley County,rural,Midwest,West North Central,1125.738,37230,23020,33.6,
1983,20035,KS,Cowley County,rural,Midwest,West North Central,1125.738,36814,22746,33,
1984,20035,KS,Cowley County,Rural,Midwest,West North Central,1125.738,37046,22895,37.5,
1984,20035,KS,Cowley County,Rural,Midwest,West North Central,1125.738,37046,22895,37.5,
1985,20035,KS,Cowley County,RURAL,Midwest,West North Central,1125.738,36738,22680,42,
1986,20035,KS,Cowley County,rural,Midwest,West North Central,1125.738,36571,22606,52,
1987,20035,KS,Cowley County,rural,Midwest,West North Central,1125.738,36352,22406,56,
1988,20035,KS,Cowley County,rural,Midwest,West North Central,1125.738,36570,22527,51,
1989,20035,KS,Cowley County,rural,Midwest,West North Central,1125.738,36943,22651,52.4,
1990,20035,KS,Cowley County,rural,Midwest,West North Central,1125.738,36933,22653,53.8,
1991,20035,KS,Cowley County,rural,Midwest,West North Central,1125.738,36607,22381,55.2,
1992,20035,KS,Cowley County,rural,Midwest,West North Central,1125.738,36854,22589,56.6,
1993,20035,KS,Cowley County,rural,Midwest,West North Central,1125.738,36985,22706,58,
1994,20035,KS,Cowley County,rural,Midwest,West North Central,1125.738,37085,22863,59.66667,
1995,20035,KS,Cowley County,rural,Midwest,West North Central,1125.738,37233,23174,61.33333,
1996,20035,KS,Cowley County,rural,Midwest,West North Central,1125.738,37290,23322,63,
1996,20035,KS,Cowley County,rural,Midwest,West North Central,1125.738,37290,23322,63,
1997,20035,KS,Cowley County,rural,Midwest,West North Central,1125.738,37097,23251,64.66666,
1998,20035,KS,Cowley County,rural,Midwest,West North Central,1125.738,36678,23037,66.33334,
1999,20035,KS,Cowley County, rural,Midwest,West North Central,1125.738,36444,22930,68,
2000,20035,KS,Cowley County,rural,Midwest,West North Central,1125.738,36342,22884,70.66666,
2001,20035,KS,Cowley County,Rural,Midwest,West North Central,1125.738,36103,22726,73.33334,
2002,20035,KS,Cowley County,rural,Midwest,West North Central,1125.738,36680,23089,76,
2002,20035,KS,Cowley County,rural,Midwest,West North Central,1125.738,36680,23089,76,
2003,20035,KS,Cowley County,rural,Midwest,West North Central,1125.738,36300,22970,78.66666,
2004,20035,KS,Cowley County,rural,Midwest,West North Central,1125.738,36317,23045,81.33334,
2005,20035,KS,Cowley County,rural,Midwest,West North Central,1125.738,35928,22925,84,
2006,20035,KS,Cowley County,rural,Midwest,West North Central,1125.738,35787,22980,85.25,
2007,20035,KS,Cowley County,rural,Midwest,West North Central,1125.738,36148,23300,86.5,
2008,20035,KS,Cowley County,  RURAL ,Midwest,West North Central,1125.738,36284,23394,87.75,
2009,20035,KS,Cowley County,rural,Midwest,West North Central,1125.738,36195,23151,89,
2010,20035,KS,Cowley County,rural,Midwest,West North Central,1125.738,36306,23219,90.25,
2011,20035,KS,Cowley County,rural,Midwest,West North Central,1125.738,36308,23212,91.5,
2011,20035,KS,Cowley County,rural,Midwest,West North Central,1125.738,36308,23212,91.5,
2012,20035,KS,Cowley County,rural,Midwest,West North Central,1125.738,36235,23158,92.75,
2012,20035,KS,Cowley County,rural,Midwest,West North Central,1125.738,36235,23158,92.75,
2013,20035,KS,Cowley County,rural,Midwest,West North Central,1125.738,36251,23049,94,
2014,20035,KS,Cowley County,rural,Midwest,West North Central,1125.738,36142,22920,94,
2015,20035,KS,Cowley County,rural,Midwest,West North Central,1125.738,35844,22576,94,
2016,20035,KS,Cowley County,rural,Midwest,West North Central,1125.738,35690,22517,,
1970,20037,KS,Crawford County,rural,Midwest,West North Central,589.757,38021,23572,11,
1971,20037,KS,Crawford County,rural,Midwest,West North Central,589.757,38714,24025,9.875,
1972,20037,KS,Crawford County,rural  ,Midwest,West North Central,589.757,38106,23582,8.75,
1973,20037,KS,Crawford County,rural,Midwest,West North Central,589.757,37373,23057,7.625,
1974,20037,KS,Crawford County,rural,Midwest,West North Central,589.757,37608,23285,6.5,
1975,20037,KS,Crawford County,rural,Midwest,West North Central,589.757,37446,23213,5.375,
1976,20037,KS,Crawford County,rural,Midwest,West North Central,589.757,37502,23262,4.25,
1977,20037,KS,Crawford County,rural,Midwest,West North Central,589.757,38013,23609,3.125,
1978,20037,KS,Crawford County,rural,Midwest,West North Central,589.757,37656,23363,2,
1979,20037,KS,Crawford County,rural,Midwest,West North Central,589.757,37888,23522,2.8,
1980,20037,KS,Crawford County,RURAL,Midwest,West North Central,589.757,38001,23572,3.6,
1981,20037,KS,Crawford County,rural,Midwest,West North Central,589.757,38130,23634,4.4,
1982,20037,KS,Crawford County,rural  ,Midwest,West North Central,589.757,37788,23391,5.2,
1983,20037,KS,Crawford County,rural,Midwest,West North Central,589.757,37812,23376,6,
1984,20037,KS,Crawford County,rural,Midwest,West North Central,589.757,37691,23283,7.8,
1985,20037,KS,Crawford County,rural,Midwest,West North Central,589.757,37234,22934,9.6,
1986,20037,KS,Crawford County,rural,Midwest,West North Central,589.757,37021,22788,11.4,
1987,20037,KS,Crawford County,rural,Midwest,West North Central,589.757,36659,22459,13.2,
1988,20037,KS,Crawford County,rural,Midwest,West North Central,589.757,36309,22195,15,
1989,20037,KS,Crawford County,rural,Midwest,West North Central,589.757,35843,21784,16.6,
1990,20037,KS,Crawford County,rural,Midwest,West North Central,589.757,35578,21618,18.2,
1991,20037,KS,Crawford County,rural,Midwest,West North Central,589.757,35857,21910,19.8,
1992,20037,KS,Crawford County,rural,Midwest,West North Central,589.757,36328,22398,21.4,
1993,20037,KS,Crawford County,rural,Midwest,West North Central,589.757,36907,22945,23,
1994,20037,KS,Crawford County,rural,Midwest,West North Central,589.757,37314,23386,33.83333,
1995,20037,KS,Crawford County,rural,Midwest,West North Central,589.757,37944,24129,44.66667,
1996,20037,KS,Crawford County,rural,Midwest,West North Central,589.757,37967,24333,55.5,
1997,20037,KS,Crawford County,rural,Midwest,West North Central,589.757,37937,24502,66.33334,
1998,20037,KS,Crawford County,rural,Midwest,West North Central,589.757,37971,24706,77.16666,
1999,20037,KS,Crawford County,rural,Midwest,West North Central,589.757,38195,25041,88,
2000,20037,KS,Crawford County,rural,Midwest,West North Central,589.757,38262,25266,89,
2001,20037,KS,Crawford County,rural,Midwest,West North Central,589.757,38434,25637,90,
2002,20037,KS,Crawford County,rural,Midwest,West North Central,589.757,38330,25772,91,
2003,20037,KS,Crawford County,rural,Midwest,West North Central,589.757,38631,26067,606,
2003,20037,,,,,,,,,92,
2004,20037,KS,Crawford County,rural  ,Midwest,West North Central,589.757,38656,26176,93,
2004,20037,KS,Crawford County,rural  ,Midwest,West North Central,589.757,38656,26176,93,
2005,20037,KS,Crawford County,rural,Midwest,West North Central,589.757,38638,26258,94,
2006,20037,KS,Crawford County,rural,Midwest,West North Central,589.757,38855,26379,92,
2007,20037,KS,Crawford County,rural,Midwest,West North Central,589.757,38922,26433,90,
2008,20037,KS,Crawford County,rural,Midwest,West North Central,589.757,38997,26343,88,
2009,20037,KS,Crawford County,rural,Midwest,West North Central,589.757,38966,26311,86,
2010,20037,KS,Crawford County,rural,Midwest,West North Central,589.757,39135,26368,84,
2011,20037,KS,Crawford County,rural,Midwest,West North Central,589.757,39176,26394,82,
2012,20037,KS,Crawford County,rural,Midwest,West North Central,589.757,39184,26491,80,
2013,20037,KS,Crawford County,rural,Midwest,West North Central,589.757,39313,26551,78,
2014,20037,KS,Crawford County,rural,Midwest,West North Central,589.757,39227,26401,78,
2015,20037,KS,Crawford County,rural,Midwest,West North Central,589.757,39208,26359,78,
2016,20037,KS,Crawford County,rural,Midwest,West North Central,589.757,39032,26226,,
1970,20039,KS,Decatur County,rural,Midwest,West North Central,893.517,4940,2675,1,
1971,20039,KS,Decatur County,rural,Midwest,West North Central,893.517,4788,2601,1,
1972,20039,KS,Decatur County,rural,Midwest,West North Central,893.517,4611,2513,1,
1972,20039,KS,Decatur County,rural,Midwest,West North Central,893.517,4611,2513,1,
1973,20039,KS,Decatur County,rural,Midwest,West North Central,893.517,4755,2652,1,
1974,20039,KS,Decatur County,rural,Midwest,West North Central,893.517,4710,2650,1,
1975,20039,KS,Decatur County,RURAL,Midwest,West North Central,893.517,4716,2690,1,
1976,20039,KS,Decatur County,rural,Midwest,West North Central,893.517,4652,2680,1,
1977,20039,KS,Decatur County,rural,Midwest,West North Central,893.517,4681,2717,1,
1978,20039,KS,Decatur County,rural,Midwest,West North Central,893.517,4633,2704,1,
1979,20039,KS,Decatur County,rural,Midwest,West North Central,893.517,4515,2620,1.2,
1980,20039,KS,Decatur County,rural,Midwest,West North Central,893.517,4517,2630,1.4,
1981,20039,KS,Decatur County,rural,Midwest,West North Central,893.517,4535,2619,1.6,
1982,20039,KS,Decatur County,rural,Midwest,West North Central,893.517,4667,2673,1.8,
1983,20039,KS,Decatur County,rural,Midwest,West North Central,893.517,4620,2630,2,
1984,20039,KS,Decatur County,RURAL,Midwest,West North Central,893.517,4614,2602,2.2,
1985,20039,KS,Decatur County,rural,Midwest,West North Central,893.517,4467,2499,2.4,
1985,20039,KS,Decatur County,rural,Midwest,West North Central,893.517,4467,2499,2.4,
1986,20039,KS,Decatur County,rural,Midwest,West North Central,893.517,4327,2401,2.6,
1987,20039,KS,Decatur County,rural,Midwest,West North Central,893.517,4189,2296,2.8,
1988,20039,KS,Decatur County,rural,Midwest,West North Central,893.517,4173,2266,3,
1989,20039,KS,Decatur County,rural,Midwest,West North Central,893.517,4046,2165,3,
1990,20039,KS,Decatur County,rural,Midwest,West North Central,893.517,4011,2125,3,
1991,20039,KS,Decatur County,rural,Midwest,West North Central,893.517,3925,2087,3,
1992,20039,KS,Decatur County, rural,Midwest,West North Central,893.517,3855,2037,3,
1993,20039,KS,Decatur County,rural,Midwest,West North Central,893.517,3739,1976,3,
1994,20039,KS,Decatur County,rural,Midwest,West North Central,893.517,3667,1953,3,
1995,20039,KS,Decatur County,rural,Midwest,West North Central,893.517,3624,1953,3,
1996,20039,KS,Decatur County,rural,Midwest,West North Central,893.517,3619,1970,3,
1997,20039,KS,Decatur County,rural,Midwest,West North Central,893.517,3629,1990,3,
1998,20039,KS,Decatur County,rural,Midwest,West North Central,893.517,3570,1965,3,
1999,20039,KS,Decatur County,rural,Midwest,West North Central,893.517,3504,1936,3,
2000,20039,KS,Decatur County,rural,Midwest,West North Central,893.517,3460,1919,3,
2000,20039,KS,Decatur County,rural,Midwest,West North Central,893.517,3460,1919,3,
2001,20039,KS,Decatur County,rural,Midwest,West North Central,893.517,3450,1924,3,
2002,20039,KS,Decatur County,rural  ,Midwest,West North Central,893.517,3381,1916,3,
2003,20039,KS,Decatur County,rural,Midwest,West North Central,893.517,3302,1866,3,
2004,20039,KS,Decatur County,rural,Midwest,West North Central,893.517,3239,1844,3,
2005,20039,KS,Decatur County,rural,Midwest,West North Central,893.517,3128,1806,3,
2006,20039,KS,Decatur County,rural,Midwest,West North Central,893.517,3107,1809,3.25,
2007,20039,KS,Decatur County,rural,Midwest,West North Central,893.517,3043,1747,3.5,
2008,20039,KS,Decatur County,rural,Midwest,West North Central,893.517,2992,1726,3.75,
2009,20039,KS,Decatur County,rural,Midwest,West North Central,893.517,2980,1716,4,
2010,20039,KS,Decatur County,rural,Midwest,West North Central,893.517,2965,1693,4.25,
2011,20039,KS,Decatur County,rural,Midwest,West North Central,893.517,2957,1687,4.5,
2012,20039,KS,Decatur County,rural,Midwest,West North Central,893.517,2926,1684,4.75,
2013,20039,KS,Decatur County,rural,Midwest,West North Central,893.517,2883,1660,5,
2014,20039,KS,Decatur County,rural,Midwest,West North Central,893.517,2908,1648,5,
2015,20039,KS,Decatur County,rural,Midwest,West North Central,893.517,2898,1636,5,
2016,20039,KS,Decatur County,rural,Midwest,West North Central,893.517,2925,1634,,
1970,20041,KS,Dickinson County,rural,Midwest,West North Central,847.067,20002,11376,11,
1971,20041,KS,Dickinson County,RURAL,Midwest,West North Central,847.067,20048,11447,10.5,
1972,20041,KS,Dickinson County,rural,Midwest,West North Central,847.067,20587,11889,10,
1973,20041,KS,Dickinson County,rural,Midwest,West North Central,847.067,21024,12272,9.5,
1974,20041,KS,Dickinson County,rural,Midwest,West North Central,847.067,21162,12434,9,
1975,20041,KS,Dickinson County,rural,Midwest,West North Central,847.067,21283,12580,8.5,
1976,20041,KS,Dickinson County,  RURAL ,Midwest,West North Central,847.067,21250,12593,8,
1977,20041,KS,Dickinson County,rural,Midwest,West North Central,847.067,21321,12646,7.5,
1978,20041,KS,Dickinson County,rural,Midwest,West North Central,847.067,21049,12481,7,
1979,20041,KS,Dickinson County,rural,Midwest,West North Central,847.067,20883,12405,8.2,
1980,20041,KS,Dickinson County, rural,Midwest,West North Central,847.067,20125,11896,9.4,
1981,20041,KS,Dickinson County, rural,Midwest,West North Central,847.067,19825,11701,10.6,
1982,20041,KS,Dickinson County,rural,Midwest,West North Central,847.067,19752,11647,11.8,
1983,20041,KS,Dickinson County,rural,Midwest,West North Central,847.067,19639,11572,13,
1984,20041,KS,Dickinson County,rural,Midwest,West North Central,847.067,19395,11435,14,
1985,20041,KS,Dickinson County,rural,Midwest,West North Central,847.067,19089,11241,15,
1986,20041,KS,Dickinson County,rural,Midwest,West North Central,847.067,18925,11159,16,
1987,20041,KS,Dickinson County,rural,Midwest,West North Central,847.067,18921,11123,17,
1988,20041,KS,Dickinson County,rural,Midwest,West North Central,847.067,18866,11082,18,
1989,20041,KS,Dickinson County,rural,Midwest,West North Central,847.067,19148,11190,18.8,
1989,20041,KS,Dickinson County,rural,Midwest,West North Central,847.067,19148,11190,18.8,
1990,20041,KS,Dickinson County,rural,Midwest,West North Central,847.067,18928,11063,19.6,
1991,20041,KS,Dickinson County,rural,Midwest,West North Central,847.067,18825,10988,20.4,
1992,20041,KS,Dickinson County,rural,Midwest,West North Central,847.067,19212,11298,21.2,
1993,20041,KS,Dickinson County,rural,Midwest,West North Central,847.067,19305,11343,22,
1994,20041,KS,Dickinson County,rural,Midwest,West North Central,847.067,19485,11521,18.83333,
1995,20041,KS,Dickinson County,  RURAL ,Midwest,West North Central,847.067,19565,11681,15.66667,
1996,20041,KS,Dickinson County,rural,Midwest,West North Central,847.067,19641,11789,12.5,
1997,20041,KS,Dickinson County,rural,Midwest,West North Central,847.067,19532,11731,9.333333,
1998,20041,KS,Dickinson County,rural  ,Midwest,West North Central,847.067,19314,11634,6.166667,
1999,20041,KS,Dickinson County,rural,Midwest,West North Central,847.067,19323,11686,3,
2000,20041,KS,Dickinson County,rural,Midwest,West North Central,847.067,19349,11774,8,
2001,20041,KS,Dickinson County,rural,Midwest,West North Central,847.067,19138,11674,13,
2002,20041,KS,Dickinson County,rural,Midwest,West North Central,847.067,19121,11755,18,
2003,20041,KS,Dickinson County,rural,Midwest,West North Central,847.067,19238,11848,23,
2004,20041,KS,Dickinson County,RURAL,Midwest,West North Central,847.067,19189,11802,28,
2005,20041,KS,Dickinson County,rural,Midwest,West North Central,847.067,19285,11926,33,
2006,20041,KS,Dickinson County,rural,Midwest,West North Central,847.067,19429,12021,32.125,
2007,20041,KS,Dickinson County,rural,Midwest,West North Central,847.067,19454,11990,31.25,
2008,20041,KS,Dickinson County,Rural,Midwest,West North Central,847.067,19862,12268,30.375,
2009,20041,KS,Dickinson County,rural,Midwest,West North Central,847.067,19730,12149,29.5,
2010,20041,KS,Dickinson County,rural,Midwest,West North Central,847.067,19752,12183,28.625,
2011,20041,KS,Dickinson County,rural,Midwest,West North Central,847.067,19775,12202,27.75,
2012,20041,KS,Dickinson County,rural,Midwest,West North Central,847.067,19679,12160,26.875,
2013,20041,KS,Dickinson County,rural,Midwest,West North Central,847.067,19701,12156,26,
2014,20041,KS,Dickinson County,rural,Midwest,West North Central,847.067,19426,11986,26,
2014,20041,KS,Dickinson County,rural,Midwest,West North Central,847.067,19426,11986,26,
2015,20041,KS,Dickinson County, rural,Midwest,West North Central,847.067,19299,11906,26,
2016,20041,KS,Dickinson County,rural,Midwest,West North Central,847.067,19203,11807,,
1970,20043,KS,Doniphan County,small/mid,Midwest,West North Central,393.475,9133,5237,5,
1971,20043,KS,Doniphan County,small/mid,Midwest,West North Central,393.475,9214,5321,4.5,
1972,20043,KS,Doniphan County,small/mid,Midwest,West North Central,393.475,9489,5557,4,
1973,20043,KS,Doniphan County,small/mid,Midwest,West North Central,393.475,9107,5334,3.5,
1974,20043,KS,Doniphan County,  SMALL/MID ,Midwest,West North Central,393.475,9078,5348,3,
1975,20043,KS,Doniphan County,small/mid,Midwest,West North Central,393.475,9226,5477,2.5,
1976,20043,KS,Doniphan County,small/mid,Midwest,West North Central,393.475,9266,5532,2,
1977,20043,KS,Doniphan County,small/mid,Midwest,West North Central,393.475,9226,5537,1.5,
1978,20043,KS,Doniphan County,small/mid,Midwest,West North Central,393.475,9148,5495,1,
1979,20043,KS,Doniphan County,small/mid,Midwest,West North Central,393.475,9051,5445,1.2,
1980,20043,KS,Doniphan County,small/mid,Midwest,West North Central,393.475,9260,5594,1.4,
1981,20043,KS,Doniphan County,small/mid,Midwest,West North Central,393.475,9188,5552,1.6,
1982,20043,KS,Doniphan County,small/mid,Midwest,West North Central,393.475,8925,5394,515,
1982,20043,,,,,,,,,1.8,
1983,20043,KS,Doniphan County,small/mid,Midwest,West North Central,393.475,8764,5295,2,
1984,20043,KS,Doniphan County,SMALL/MID,Midwest,West North Central,393.475,8683,5252,2.2,
1985,20043,KS,Doniphan County,small/mid,Midwest,West North Central,393.475,8633,5222,2.4,
1986,20043,KS,Doniphan County,small/mid,Midwest,West North Central,393.475,8608,5220,2.6,
1987,20043,KS,Doniphan County,small/mid,Midwest,West North Central,393.475,8457,5119,2.8,
1988,20043,KS,Doniphan County,small/mid,Midwest,West North Central,393.475,8380,5066,3,
1989,20043,KS,Doniphan County,small/mid,Midwest,West North Central,393.475,8264,4981,3,
1990,20043,KS,Doniphan County,small/mid,Midwest,West North Central,393.475,8123,4909,3,
1991,20043,KS,Doniphan County,small/mid,Midwest,West North Central,393.475,8158,4932,3,
1992,20043,KS,Doniphan County, small/mid,Midwest,West North Central,393.475,8120,4927,3,
1992,20043,KS,Doniphan County, small/mid,Midwest,West North Central,393.475,8120,4927,3,
1993,20043,KS,Doniphan County,small/mid,Midwest,West North Central,393.475,8032,4932,3,
1994,20043,KS,Doniphan County,small/mid,Midwest,West North Central,393.475,7822,4797,3.5,
1995,20043,KS,Doniphan County,small/mid,Midwest,West North Central,393.475,7782,4755,4,
1996,20043,KS,Doniphan County, small/mid,Midwest,West North Central,393.475,7808,4810,4.5,
1997,20043,KS,Doniphan County,small/mid,Midwest,West North Central,393.475,8006,5002,5,
1998,20043,KS,Doniphan County,small/mid,Midwest,West North Central,393.475,8068,5057,5.5,
1998,20043,KS,Doniphan County,small/mid,Midwest,West North Central,393.475,8068,5057,5.5,
1999,20043,KS,Doniphan County,small/mid,Midwest,West North Central,393.475,8201,5154,6,
2000,20043,KS,Doniphan County,small/mid,Midwest,West North Central,393.475,8240,5214,6.5,
2001,20043,KS,Doniphan County,small/mid,Midwest,West North Central,393.475,8219,5239,7,
2002,20043,KS,Doniphan County,small/mid,Midwest,West North Central,393.475,8186,5277,7.5,
2003,20043,KS,Doniphan County,small/mid,Midwest,West North Central,393.475,8144,5243,8,
2004,20043,KS,Doniphan County,small/mid,Midwest,West North Central,393.475,8013,5213,8.5,
2005,20043,KS,Doniphan County,small/mid,Midwest,West North Central,393.475,7868,5152,9,
2006,20043,KS,Doniphan County,small/mid,Midwest,West North Central,393.475,7936,5182,10,
2007,20043,KS,Doniphan County,small/mid,Midwest,West North Central,393.475,7988,5205,11,
2008,20043,KS,Doniphan County,small/mid,Midwest,West North Central,393.475,8003,5229,12,
2009,20043,KS,Doniphan County,small/mid,Midwest,West North Central,393.475,7907,5206,13,
2010,20043,KS,Doniphan County,small/mid,Midwest,West North Central,393.475,7948,5219,14,
2011,20043,KS,Doniphan County,small/mid  ,Midwest,West North Central,393.475,7960,5220,15,
2012,20043,KS,Doniphan County,small/mid,Midwest,West North Central,393.475,7957,5227,16,
2013,20043,KS,Doniphan County,small/mid,Midwest,West North Central,393.475,7887,5146,17,
2014,20043,KS,Doniphan County,small/mid,Midwest,West North Central,393.475,7871,5095,17,
2015,20043,KS,Doniphan County,small/mid,Midwest,West North Central,393.475,7839,5052,17,
2016,20043,KS,Doniphan County,small/mid,Midwest,West North Central,393.475,7786,5001,,
1970,20045,KS,Douglas County,small/mid,Midwest,West North Central,455.843,58262,41316,31,
1971,20045,KS,Douglas County,small/mid,Midwest,West North Central,455.843,59621,42488,32,
1972,20045,KS,Douglas County,small/mid,Midwest,West North Central,455.843,60773,43599,33,
1973,20045,KS,Douglas County,small/mid,Midwest,West North Central,455.843,61851,44687,34,
1974,20045,KS,Douglas County,  SMALL/MID ,Midwest,West North Central,455.843,62847,45939,35,
1975,20045,KS,Douglas County,small/mid,Midwest,West North Central,455.843,60581,44803,36,
1976,20045,KS,Douglas County,small/mid,Midwest,West North Central,455.843,61500,45711,37,
1977,20045,KS,Douglas County,small/mid,Midwest,West North Central,455.843,62923,46910,38,
1978,20045,KS,Douglas County,small/mid,Midwest,West North Central,455.843,65676,49218,39,
1979,20045,KS,Douglas County,small/mid,Midwest,West North Central,455.843,66717,50157,36.8,
1980,20045,KS,Douglas County,small/mid,Midwest,West North Central,455.843,68063,51404,34.6,
1981,20045,KS,Douglas County,small/mid,Midwest,West North Central,455.843,69574,52532,32.4,
1982,20045,KS,Douglas County,small/mid,Midwest,West North Central,455.843,69947,52736,30.2,
1983,20045,KS,Douglas County,small/mid,Midwest,West North Central,455.843,69945,52674,28,
1984,20045,KS,Douglas County,small/mid,Midwest,West North Central,455.843,70618,53137,32,
1985,20045,KS,Douglas County,small/mid,Midwest,West North Central,455.843,72156,54180,36,
1986,20045,KS,Douglas County,small/mid,Midwest,West North Central,455.843,74547,55954,40,
1987,20045,KS,Douglas County,small/mid,Midwest,West North Central,455.843,76147,56948,44,
1988,20045,KS,Douglas County,small/mid,Midwest,West North Central,455.843,78775,58805,48,
1989,20045,KS,Douglas County,small/mid,Midwest,West North Central,455.843,80087,59541,52,
1990,20045,KS,Douglas County,small/mid,Midwest,West North Central,455.843,82229,61144,54,
1991,20045,KS,Douglas County,small/mid,Midwest,West North Central,455.843,83683,62015,45,
1992,20045,KS,Douglas County,small/mid,Midwest,West North Central,455.843,85379,63217,54,
1993,20045,KS,Douglas County,small/mid,Midwest,West North Central,455.843,87926,65168,59,
1994,20045,KS,Douglas County,small/mid  ,Midwest,West North Central,455.843,89683,66444,64,
1995,20045,KS,Douglas County,small/mid,Midwest,West North Central,455.843,91408,67968,69,
1996,20045,KS,Douglas County,small/mid,Midwest,West North Central,455.843,93381,69584,74,
1997,20045,KS,Douglas County,small/mid,Midwest,West North Central,455.843,95706,71512,79,
1998,20045,KS,Douglas County,small/mid,Midwest,West North Central,455.843,97566,72959,84,
1998,20045,KS,Douglas County,small/mid,Midwest,West North Central,455.843,97566,72959,84,
1999,20045,KS,Douglas County,small/mid,Midwest,West North Central,455.843,99490,74575,89,
2000,20045,KS,Douglas County,small/mid,Midwest,West North Central,455.843,100247,75255,82,
2000,20045,KS,Douglas County,small/mid,Midwest,West North Central,455.843,100247,75255,82,
2001,20045,KS,Douglas County,small/mid,Midwest,West North Central,455.843,101269,76593,81,
2002,20045,KS,Douglas County,small/mid,Midwest,West North Central,455.843,102552,77783,95,
2003,20045,KS,Douglas County,small/mid,Midwest,West North Central,455.843,103570,78584,120,
2004,20045,KS,Douglas County,small/mid,Midwest,West North Central,455.843,104826,79734,141,
2005,20045,KS,Douglas County,small/mid,Midwest,West North Central,455.843,105681,80365,162,
2006,20045,KS,Douglas County,small/mid,Midwest,West North Central,455.843,107187,81290,159.375,
2007,20045,KS,Douglas County,small/mid,Midwest,West North Central,455.843,107892,81574,156.75,
2007,20045,KS,Douglas County,small/mid,Midwest,West North Central,455.843,107892,81574,156.75,
2008,20045,KS,Douglas County,small/mid,Midwest,West North Central,455.843,109010,82008,154.125,
2008,20045,KS,Douglas County,small/mid,Midwest,West North Central,455.843,109010,82008,154.125,
2009,20045,KS,Douglas County,small/mid,Midwest,West North Central,455.843,110039,82542,151.5,
2010,20045,KS,Douglas County,small/mid,Midwest,West North Central,455.843,110826,83143,148.875,
2011,20045,KS,Douglas County,small/mid,Midwest,West North Central,455.843,111224,83480,146.25,
2012,20045,KS,Douglas County,small/mid,Midwest,West North Central,455.843,112381,84317,143.625,
2013,20045,KS,Douglas County,small/mid,Midwest,West North Central,455.843,113215,84305,141,
2014,20045,KS,Douglas County,small/mid,Midwest,West North Central,455.843,114554,84817,141,
2015,20045,KS,Douglas County,small/mid,Midwest,West North Central,455.843,116323,85834,141,
2016,20045,KS,Douglas County,small/mid,Midwest,West North Central,455.843,117866,86497,,
1970,20047,KS,Edwards County,rural,Midwest,West North Central,621.894,4568,2593,1,
1970,20047,KS,Edwards County,rural,Midwest,West North Central,621.894,4568,2593,1,
1971,20047,KS,Edwards County,rural,Midwest,West North Central,621.894,4529,2585,1.076923,
1972,20047,KS,Edwards County,rural,Midwest,West North Central,621.894,4519,2609,1.153846,
1973,20047,KS,Edwards County,rural,Midwest,West North Central,621.894,4668,2745,1.230769,
1974,20047,KS,Edwards County,rural,Midwest,West North Central,621.894,4545,2691,1.307692,
1975,20047,KS,Edwards County,RURAL,Midwest,West North Central,621.894,4489,2686,1.384615,
1976,20047,KS,Edwards County,rural,Midwest,West North Central,621.894,4565,2739,1.461538,
1977,20047,KS,Edwards County,rural,Midwest,West North Central,621.894,4529,2719,1.538462,
1978,20047,KS,Edwards County,rural,Midwest,West North Central,621.894,4389,2623,1.615385,
1979,20047,KS,Edwards County,rural,Midwest,West North Central,621.894,4400,2629,1.692308,
1980,20047,KS,Edwards County,rural,Midwest,West North Central,621.894,4232,2513,1.769231,
1981,20047,KS,Edwards County,rural  ,Midwest,West North Central,621.894,4089,2412,1.846154,
1982,20047,KS,Edwards County,rural,Midwest,West North Central,621.894,4097,2401,1.923077,
1983,20047,KS,Edwards County,rural,Midwest,West North Central,621.894,4109,2393,2,
1984,20047,KS,Edwards County,rural,Midwest,West North Central,621.894,4079,2363,1.8,
1985,20047,KS,Edwards County,rural,Midwest,West North Central,621.894,4008,2309,1.6,
1986,20047,KS,Edwards County,rural,Midwest,West North Central,621.894,3914,2244,1.4,
1987,20047,KS,Edwards County, rural,Midwest,West North Central,621.894,3883,2204,1.2,
1988,20047,KS,Edwards County,rural,Midwest,West North Central,621.894,3867,2178,1,
1989,20047,KS,Edwards County,rural,Midwest,West North Central,621.894,3826,2128,1.6,
1990,20047,KS,Edwards County,rural,Midwest,West North Central,621.894,3785,2094,2.2,
1990,20047,KS,Edwards County,rural,Midwest,West North Central,621.894,3785,2094,2.2,
1991,20047,KS,Edwards County,rural,Midwest,West North Central,621.894,3722,2054,2.8,
1992,20047,KS,Edwards County,rural,Midwest,West North Central,621.894,3677,2029,3.4,
1993,20047,KS,Edwards County,rural,Midwest,West North Central,621.894,3653,2036,4,
1994,20047,KS,Edwards County,rural,Midwest,West North Central,621.894,3643,2052,4,
1995,20047,KS,Edwards County,rural,Midwest,West North Central,621.894,3652,2091,4,
1996,20047,KS,Edwards County,rural,Midwest,West North Central,621.894,3585,2054,4,
1997,20047,KS,Edwards County,rural,Midwest,West North Central,621.894,3558,2059,4,
1998,20047,KS,Edwards County,rural,Midwest,West North Central,621.894,3480,2022,4,
1999,20047,KS,Edwards County,rural,Midwest,West North Central,621.894,3498,2060,4,
2000,20047,KS,Edwards County,RURAL,Midwest,West North Central,621.894,3434,2036,4.166667,
2001,20047,KS,Edwards County,rural,Midwest,West North Central,621.894,3376,1998,4.333333,
2002,20047,KS,Edwards County,rural,Midwest,West North Central,621.894,3309,1964,4.5,
2003,20047,KS,Edwards County,rural,Midwest,West North Central,621.894,3223,1924,4.666667,
2004,20047,KS,Edwards County,rural,Midwest,West North Central,621.894,3231,1937,4.833333,
2005,20047,KS,Edwards County,rural,Midwest,West North Central,621.894,3194,1939,5,
2006,20047,KS,Edwards County,rural,Midwest,West North Central,621.894,3078,1888,4.875,
2007,20047,KS,Edwards County,RURAL,Midwest,West North Central,621.894,3068,1878,4.75,
2008,20047,KS,Edwards County,rural,Midwest,West North Central,621.894,3058,1880,4.625,
2009,20047,KS,Edwards County,rural,Midwest,West North Central,621.894,3008,1869,557,
2009,20047,,,,,,,,,4.5,
2010,20047,KS,Edwards County,rural,Midwest,West North Central,621.894,3037,1872,4.375,
2011,20047,KS,Edwards County,rural,Midwest,West North Central,621.894,3054,1877,4.25,
2012,20047,KS,Edwards County,rural,Midwest,West North Central,621.894,3023,1857,4.125,
2013,20047,KS,Edwards County,rural,Midwest,West North Central,621.894,2970,1833,4,
2014,20047,KS,Edwards County,rural,Midwest,West North Central,621.894,2969,1810,4,
2015,20047,KS,Edwards County,rural,Midwest,West North Central,621.894,3018,1858,4,
2016,20047,KS,Edwards County,rural,Midwest,West North Central,621.894,2950,1809,,
1970,20049,KS,Elk County,rural,Midwest,West North Central,644.264,3819,2070,0,
1971,20049,KS,Elk County,Rural,Midwest,West North Central,644.264,3681,1964,0,
1971,20049,KS,Elk County,urban,Midwest,West North Central,644.264,3681,1964,0,
1972,20049,KS,Elk County,rural,Midwest,West North Central,644.264,3819,2075,0,
1973,20049,KS,Elk County,rural,Midwest,West North Central,644.264,3845,2099,0,
1974,20049,KS,Elk County,rural,Midwest,West North Central,644.264,3830,2103,0,
1975,20049,KS,Elk County,rural,Midwest,West North Central,644.264,3919,2191,0,
1976,20049,KS,Elk County,rural,Midwest,West North Central,644.264,3880,2160,0,
1977,20049,KS,Elk County,rural,Midwest,West North Central,644.264,4105,2321,0,
1978,20049,KS,Elk County,urban,Midwest,West North Central,644.264,4154,2347,0,
1979,20049,KS,Elk County,Rural,Midwest,West North Central,644.264,4108,2305,0,
1980,20049,KS,Elk County,rural,Midwest,West North Central,644.264,3883,2136,0,
1981,20049,KS,Elk County,urban,Midwest,West North Central,644.264,3747,2050,0,
1982,20049,KS,Elk County,rural,Midwest,West North Central,644.264,3711,2019,0,
1983,20049,KS,Elk County,urban,Midwest,West North Central,644.264,3615,1961,0,
1984,20049,KS,Elk County,urban,Midwest,West North Central,644.264,3525,1909,0,
1985,20049,KS,Elk County,rural,Midwest,West North Central,644.264,3472,1874,0,
1986,20049,KS,Elk County,rural,Midwest,West North Central,644.264,3411,1834,0,
1987,20049,KS,Elk County,rural,Midwest,West North Central,644.264,3364,1797,0,
1988,20049,KS,Elk County,rural,Midwest,West North Central,644.264,3324,1771,4,
1989,20049,KS,Elk County,urban,Midwest,West North Central,644.264,3327,1755,3.6,
1990,20049,KS,Elk County,rural,Midwest,West North Central,644.264,3324,1740,3.2,
1991,20049,KS,Elk County,rural,Midwest,West North Central,644.264,3202,1687,2.8,
1992,20049,KS,Elk County,rural,Midwest,West North Central,644.264,3200,1684,2.4,
1993,20049,KS,Elk County,rural,Midwest,West North Central,644.264,3283,1759,2,
1994,20049,KS,Elk County,rural,Midwest,West North Central,644.264,3277,1780,2.333333,
1995,20049,KS,Elk County,rural,Midwest,West North Central,644.264,3278,1796,2.666667,
1995,20049,KS,Elk County,urban,Midwest,West North Central,644.264,3278,1796,2.666667,
1996,20049,KS,Elk County,urban,Midwest,West North Central,644.264,3321,1861,3,
1997,20049,KS,Elk County,rural  ,Midwest,West North Central,644.264,3330,1892,3.333333,
1998,20049,KS,Elk County,rural,Midwest,West North Central,644.264,3344,1903,3.666667,
1999,20049,KS,Elk County,rural,Midwest,West North Central,644.264,3333,1913,4,
2000,20049,KS,Elk County,rural,Midwest,West North Central,644.264,3217,1838,3.666667,
2001,20049,KS,Elk County,urban,Midwest,West North Central,644.264,3147,1800,3.333333,
2002,20049,KS,Elk County,rural,Midwest,West North Central,644.264,3148,1807,3,
2003,20049,KS,Elk County,rural,Midwest,West North Central,644.264,3087,1803,2.666667,
2004,20049,KS,Elk County,urban,Midwest,West North Central,644.264,3073,1805,2.333333,
2005,20049,KS,Elk County,urban,Midwest,West North Central,644.264,3041,1795,2,
2006,20049,KS,Elk County,urban,Midwest,West North Central,644.264,2971,1761,2,
2007,20049,KS,Elk County,rural,Midwest,West North Central,644.264,2939,1754,2,
2007,20049,KS,Elk County,urban,Midwest,West North Central,644.264,2939,1754,2,
2008,20049,KS,Elk County,rural,Midwest,West North Central,644.264,2954,1756,2,
2009,20049,KS,Elk County,rural,Midwest,West North Central,644.264,2914,1735,2,
2009,20049,KS,Elk County,rural,Midwest,West North Central,644.264,2914,1735,2,
2010,20049,KS,Elk County,rural,Midwest,West North Central,644.264,2882,1694,529,
2010,20049,,,,,,,,,2,
2011,20049,KS,Elk County,rural,Midwest,West North Central,644.264,2867,1685,2,
2012,20049,KS,Elk County,rural,Midwest,West North Central,644.264,2786,1626,2,
2013,20049,KS,Elk County,urban,Midwest,West North Central,644.264,2661,1533,2,
2014,20049,KS,Elk County,rural,Midwest,West North Central,644.264,2633,1491,529,
2014,20049,,,,,,,,,2,
2015,20049,KS,Elk County,urban,Midwest,West North Central,644.264,2694,1494,2,
2016,20049,KS,Elk County,urban,Midwest,West North Central,644.264,2571,1388,,
1970,20051,KS,Ellis County, rural,Midwest,West North Central,899.912,24762,16296,4,
1971,20051,KS,Ellis County,rural,Midwest,West North Central,899.912,24862,16443,4.125,
1972,20051,KS,Ellis County,Rural,Midwest,West North Central,899.912,24655,16393,4.25,
1973,20051,KS,Ellis County,rural,Midwest,West North Central,899.912,24973,16716,4.375,
1974,20051,KS,Ellis County,rural,Midwest,West North Central,899.912,25044,16871,4.5,
1975,20051,KS,Ellis County,rural,Midwest,West North Central,899.912,25508,17296,557,
1975,20051,,,,,,,,,4.625,
1976,20051,KS,Ellis County,rural,Midwest,West North Central,899.912,25424,17355,4.75,
1977,20051,KS,Ellis County, rural,Midwest,West North Central,899.912,25525,17457,4.875,
1978,20051,KS,Ellis County,rural,Midwest,West North Central,899.912,25419,17416,5,
1978,20051,KS,Ellis County,rural,Midwest,West North Central,899.912,25419,17416,5,
1979,20051,KS,Ellis County,rural,Midwest,West North Central,899.912,25672,17607,7.6,
1980,20051,KS,Ellis County,rural,Midwest,West North Central,899.912,26297,18033,10.2,
1981,20051,KS,Ellis County,rural,Midwest,West North Central,899.912,26935,18384,12.8,
1982,20051,KS,Ellis County,rural,Midwest,West North Central,899.912,27585,18725,15.4,
1983,20051,KS,Ellis County,Rural,Midwest,West North Central,899.912,27722,18718,18,
1984,20051,KS,Ellis County,rural,Midwest,West North Central,899.912,27872,18723,11.5,
1985,20051,KS,Ellis County,rural,Midwest,West North Central,899.912,28015,18704,5,
1986,20051,KS,Ellis County,  RURAL ,Midwest,West North Central,899.912,27484,18276,7,
1987,20051,KS,Ellis County,rural,Midwest,West North Central,899.912,26593,17530,6,
1988,20051,KS,Ellis County,rural,Midwest,West North Central,899.912,26149,17120,12,
1989,20051,KS,Ellis County,rural,Midwest,West North Central,899.912,26283,17039,12.6,
1990,20051,KS,Ellis County,rural,Midwest,West North Central,899.912,25983,16774,13.2,
1991,20051,KS,Ellis County,rural,Midwest,West North Central,899.912,26058,16825,13.8,
1992,20051,KS,Ellis County,rural,Midwest,West North Central,899.912,26288,17072,14.4,
1993,20051,KS,Ellis County,Rural,Midwest,West North Central,899.912,26553,17324,15,
1994,20051,KS,Ellis County,rural,Midwest,West North Central,899.912,26841,17611,15.5,
1995,20051,KS,Ellis County,rural,Midwest,West North Central,899.912,27139,17964,16,
1996,20051,KS,Ellis County,rural,Midwest,West North Central,899.912,27192,18091,16.5,
1997,20051,KS,Ellis County,rural,Midwest,West North Central,899.912,27673,18569,17,
1998,20051,KS,Ellis County,rural,Midwest,West North Central,899.912,27777,18723,17.5,
1999,20051,KS,Ellis County,Rural,Midwest,West North Central,899.912,27641,18712,18,
2000,20051,KS,Ellis County,rural,Midwest,West North Central,899.912,27454,18654,19.16667,
2001,20051,KS,Ellis County,rural,Midwest,West North Central,899.912,27591,18897,20.33333,
2002,20051,KS,Ellis County,rural  ,Midwest,West North Central,899.912,27532,18938,21.5,
2003,20051,KS,Ellis County,rural,Midwest,West North Central,899.912,27507,18998,22.66667,
2004,20051,KS,Ellis County,rural,Midwest,West North Central,899.912,27457,19016,23.83333,
2005,20051,KS,Ellis County,rural,Midwest,West North Central,899.912,27429,19013,25,
2006,20051,KS,Ellis County,rural,Midwest,West North Central,899.912,27653,19202,29.5,
2007,20051,KS,Ellis County,rural,Midwest,West North Central,899.912,27710,19184,34,
2008,20051,KS,Ellis County,  RURAL ,Midwest,West North Central,899.912,28010,19402,38.5,
2009,20051,KS,Ellis County,rural,Midwest,West North Central,899.912,28353,19611,43,
2010,20051,KS,Ellis County,RURAL,Midwest,West North Central,899.912,28452,19549,47.5,
2011,20051,KS,Ellis County,rural,Midwest,West North Central,899.912,28424,19523,52,
2012,20051,KS,Ellis County,rural,Midwest,West North Central,899.912,28752,19708,56.5,
2013,20051,KS,Ellis County,rural,Midwest,West North Central,899.912,29074,19844,61,
2014,20051,KS,Ellis County,rural,Midwest,West North Central,899.912,29012,19730,61,
2015,20051,KS,Ellis County,rural,Midwest,West North Central,899.912,28934,19601,61,
2016,20051,KS,Ellis County,rural,Midwest,West North Central,899.912,28929,19527,,
1970,20053,KS,Ellsworth County,rural,Midwest,West North Central,715.848,6157,3515,3,
1971,20053,KS,Ellsworth County,RURAL,Midwest,West North Central,715.848,6198,3533,2.875,
1972,20053,KS,Ellsworth County,rural,Midwest,West North Central,715.848,6341,3629,2.75,
1973,20053,KS,Ellsworth County,  RURAL ,Midwest,West North Central,715.848,6513,3752,2.625,
1974,20053,KS,Ellsworth County,rural,Midwest,West North Central,715.848,6501,3736,2.5,
1975,20053,KS,Ellsworth County,rural,Midwest,West North Central,715.848,6568,3779,529,
1975,20053,,,,,,,,,2.375,
1976,20053,KS,Ellsworth County,Rural,Midwest,West North Central,715.848,6610,3805,2.25,
1977,20053,KS,Ellsworth County,rural,Midwest,West North Central,715.848,6682,3833,2.125,
1978,20053,KS,Ellsworth County,rural,Midwest,West North Central,715.848,6702,3836,2,
1978,20053,KS,Ellsworth County,rural,Midwest,West North Central,715.848,6702,3836,2,
1979,20053,KS,Ellsworth County, rural,Midwest,West North Central,715.848,6715,3841,2.2,
1980,20053,KS,Ellsworth County,rural,Midwest,West North Central,715.848,6614,3765,2.4,
1981,20053,KS,Ellsworth County,rural,Midwest,West North Central,715.848,6500,3709,2.6,
1982,20053,KS,Ellsworth County,rural,Midwest,West North Central,715.848,6537,3745,2.8,
1983,20053,KS,Ellsworth County,rural,Midwest,West North Central,715.848,6498,3730,3,
1984,20053,KS,Ellsworth County,rural,Midwest,West North Central,715.848,6517,3758,3,
1984,20053,KS,Ellsworth County,rural,Midwest,West North Central,715.848,6517,3758,3,
1985,20053,KS,Ellsworth County,rural  ,Midwest,West North Central,715.848,6447,3727,3,
1985,20053,KS,Ellsworth County,rural  ,Midwest,West North Central,715.848,6447,3727,3,
1986,20053,KS,Ellsworth County,rural,Midwest,West North Central,715.848,6410,3722,3,
1987,20053,KS,Ellsworth County,rural,Midwest,West North Central,715.848,6417,3732,3,
1988,20053,KS,Ellsworth County,rural,Midwest,West North Central,715.848,6409,3731,3,
1989,20053,KS,Ellsworth County,rural,Midwest,West North Central,715.848,6637,3859,3.8,
1990,20053,KS,Ellsworth County,rural,Midwest,West North Central,715.848,6584,3818,4.6,
1991,20053,KS,Ellsworth County,rural,Midwest,West North Central,715.848,6652,3921,5.4,
1992,20053,KS,Ellsworth County,rural,Midwest,West North Central,715.848,6580,3906,6.2,
1993,20053,KS,Ellsworth County,rural,Midwest,West North Central,715.848,6606,3940,7,
1993,20053,KS,Ellsworth County,rural,Midwest,West North Central,715.848,6606,3940,7,
1994,20053,KS,Ellsworth County,rural,Midwest,West North Central,715.848,6573,3940,585,
1994,20053,,,,,,,,,6.833333,
1995,20053,KS,Ellsworth County,rural,Midwest,West North Central,715.848,6546,3975,6.666667,
1996,20053,KS,Ellsworth County,rural,Midwest,West North Central,715.848,6544,4020,6.5,
1996,20053,KS,Ellsworth County,rural,Midwest,West North Central,715.848,6544,4020,6.5,
1997,20053,KS,Ellsworth County,rural,Midwest,West North Central,715.848,6538,4043,6.333333,
1998,20053,KS,Ellsworth County,rural,Midwest,West North Central,715.848,6525,4070,6.166667,
1999,20053,KS,Ellsworth County,rural,Midwest,West North Central,715.848,6487,4078,6,
1999,20053,KS,Ellsworth County,rural,Midwest,West North Central,715.848,6487,4078,6,
2000,20053,KS,Ellsworth County,Rural,Midwest,West North Central,715.848,6536,4141,6.666667,
2001,20053,KS,Ellsworth County,rural,Midwest,West North Central,715.848,6477,4152,7.333333,
2002,20053,KS,Ellsworth County,rural,Midwest,West North Central,715.848,6419,4174,8,
2002,20053,KS,Ellsworth County,rural,Midwest,West North Central,715.848,6419,4174,8,
2003,20053,KS,Ellsworth County,rural,Midwest,West North Central,715.848,6440,4191,8.666667,
2004,20053,KS,Ellsworth County,  RURAL ,Midwest,West North Central,715.848,6437,4206,9.333333,
2005,20053,KS,Ellsworth County,rural  ,Midwest,West North Central,715.848,6404,4217,10,
2006,20053,KS,Ellsworth County,rural,Midwest,West North Central,715.848,6465,4243,10.5,
2007,20053,KS,Ellsworth County,rural,Midwest,West North Central,715.848,6503,4266,11,
2008,20053,KS,Ellsworth County,rural,Midwest,West North Central,715.848,6471,4257,11.5,
2009,20053,KS,Ellsworth County,rural,Midwest,West North Central,715.848,6432,4224,12,
2009,20053,KS,Ellsworth County,rural,Midwest,West North Central,715.848,6432,4224,12,
2010,20053,KS,Ellsworth County,rural,Midwest,West North Central,715.848,6493,4281,12.5,
2011,20053,KS,Ellsworth County,rural,Midwest,West North Central,715.848,6512,4291,13,
2012,20053,KS,Ellsworth County,rural,Midwest,West North Central,715.848,6458,4267,13.5,
2013,20053,KS,Ellsworth County,rural,Midwest,West North Central,715.848,6459,4265,14,
2014,20053,KS,Ellsworth County,rural,Midwest,West North Central,715.848,6363,4178,14,
2015,20053,KS,Ellsworth County,rural,Midwest,West North Central,715.848,6346,4177,14,
2016,20053,KS,Ellsworth County,rural,Midwest,West North Central,715.848,6305,4104,,
1970,20055,KS,Finney County,rural,Midwest,West North Central,1301.962,19062,11211,10,
1971,20055,KS,Finney County,rural  ,Midwest,West North Central,1301.962,19179,11363,10.5,
1972,20055,KS,Finney County,rural,Midwest,West North Central,1301.962,19902,11945,11,
1973,20055,KS,Finney County,rural,Midwest,West North Central,1301.962,20316,12337,11.5,
1974,20055,KS,Finney County,rural,Midwest,West North Central,1301.962,20964,12888,12,
1975,20055,KS,Finney County,RURAL,Midwest,West North Central,1301.962,21511,13368,12.5,
1976,20055,KS,Finney County,rural,Midwest,West North Central,1301.962,22234,13963,13,
1977,20055,KS,Finney County,rural,Midwest,West North Central,1301.962,22798,14419,13.5,
1978,20055,KS,Finney County,rural,Midwest,West North Central,1301.962,23034,14655,14,
1979,20055,KS,Finney County,rural,Midwest,West North Central,1301.962,23262,14843,18.4,
1980,20055,KS,Finney County,rural,Midwest,West North Central,1301.962,24168,15469,22.8,
1981,20055,KS,Finney County,rural,Midwest,West North Central,1301.962,25404,16229,27.2,
1982,20055,KS,Finney County,RURAL,Midwest,West North Central,1301.962,27073,17243,31.6,
1983,20055,KS,Finney County,rural,Midwest,West North Central,1301.962,28994,18426,36,
1984,20055,KS,Finney County,rural,Midwest,West North Central,1301.962,29948,19019,38.6,
1985,20055,KS,Finney County,rural,Midwest,West North Central,1301.962,31026,19662,41.2,
1986,20055,KS,Finney County,rural,Midwest,West North Central,1301.962,31608,20056,43.8,
1987,20055,KS,Finney County,rural,Midwest,West North Central,1301.962,32011,20226,46.4,
1988,20055,KS,Finney County,rural,Midwest,West North Central,1301.962,32447,20451,49,
1989,20055,KS,Finney County,rural,Midwest,West North Central,1301.962,32786,20524,48.2,
1989,20055,KS,Finney County,rural,Midwest,West North Central,1301.962,32786,20524,48.2,
1990,20055,KS,Finney County,rural,Midwest,West North Central,1301.962,33200,20811,47.4,
1991,20055,KS,Finney County,rural,Midwest,West North Central,1301.962,33900,21290,46.6,
1992,20055,KS,Finney County,rural,Midwest,West North Central,1301.962,34725,21890,45.8,
1993,20055,KS,Finney County,rural,Midwest,West North Central,1301.962,35328,22340,45,
1994,20055,KS,Finney County,rural,Midwest,West North Central,1301.962,35851,22739,50,
1995,20055,KS,Finney County,rural,Midwest,West North Central,1301.962,36460,23222,65,
1996,20055,KS,Finney County, rural,Midwest,West North Central,1301.962,37038,23685,86,
1997,20055,KS,Finney County,rural,Midwest,West North Central,1301.962,37841,24156,599,
1997,20055,,,,,,,,,85,
1998,20055,KS,Finney County,rural,Midwest,West North Central,1301.962,38833,24797,65,
1999,20055,KS,Finney County,  RURAL ,Midwest,West North Central,1301.962,39863,25452,70,
2000,20055,KS,Finney County,rural,Midwest,West North Central,1301.962,40508,25888,77.5,
2001,20055,KS,Finney County, rural,Midwest,West North Central,1301.962,39730,25458,85,
2002,20055,KS,Finney County,rural,Midwest,West North Central,1301.962,38499,24734,92.5,
2003,20055,KS,Finney County,rural,Midwest,West North Central,1301.962,37701,24281,100,
2003,20055,KS,Finney County,rural,Midwest,West North Central,1301.962,37701,24281,100,
2004,20055,KS,Finney County,rural,Midwest,West North Central,1301.962,37462,24154,107.5,
2005,20055,KS,Finney County,rural,Midwest,West North Central,1301.962,36754,23761,115,
2006,20055,KS,Finney County,rural,Midwest,West North Central,1301.962,36259,23486,112.875,
2007,20055,KS,Finney County,Rural,Midwest,West North Central,1301.962,35663,23193,110.75,
2008,20055,KS,Finney County,rural,Midwest,West North Central,1301.962,35461,23065,108.625,
2009,20055,KS,Finney County,rural,Midwest,West North Central,1301.962,36300,23586,106.5,
2010,20055,KS,Finney County,rural,Midwest,West North Central,1301.962,36780,23770,104.375,
2011,20055,KS,Finney County,rural,Midwest,West North Central,1301.962,36951,23872,102.25,
2012,20055,KS,Finney County,rural,Midwest,West North Central,1301.962,37115,23888,100.125,
2013,20055,KS,Finney County,rural,Midwest,West North Central,1301.962,37134,23913,98,
2014,20055,KS,Finney County,rural,Midwest,West North Central,1301.962,37076,23890,98,
2015,20055,KS,Finney County,rural,Midwest,West North Central,1301.962,37137,23924,98,
2016,20055,KS,Finney County,rural,Midwest,West North Central,1301.962,37191,23830,,
2016,20055,KS,Finney County,rural,Midwest,West North Central,1301.962,37191,23830,,
1970,20057,KS,Ford County,rural,Midwest,West North Central,1098.271,22565,13532,1,
1971,20057,KS,Ford County,rural,Midwest,West North Central,1098.271,22488,13566,1.5,
1972,20057,KS,Ford County,rural,Midwest,West North Central,1098.271,23046,14068,2,
1973,20057,KS,Ford County,rural,Midwest,West North Central,1098.271,22912,14105,2.5,
1974,20057,KS,Ford County,RURAL,Midwest,West North Central,1098.271,23397,14565,3,
1975,20057,KS,Ford County,rural,Midwest,West North Central,1098.271,23718,14911,3.5,
1976,20057,KS,Ford County,rural,Midwest,West North Central,1098.271,23852,15117,4,
1977,20057,KS,Ford County,rural,Midwest,West North Central,1098.271,23790,15137,4.5,
1978,20057,KS,Ford County,RURAL,Midwest,West North Central,1098.271,23941,15281,5,
1979,20057,KS,Ford County,rural,Midwest,West North Central,1098.271,23979,15343,7,
1979,20057,KS,Ford County,rural,Midwest,West North Central,1098.271,23979,15343,7,
1980,20057,KS,Ford County,rural,Midwest,West North Central,1098.271,24516,15713,9,
1981,20057,KS,Ford County,rural,Midwest,West North Central,1098.271,25201,16119,11,
1982,20057,KS,Ford County,rural,Midwest,West North Central,1098.271,25548,16292,13,
1983,20057,KS,Ford County,rural,Midwest,West North Central,1098.271,26270,16717,15,
1984,20057,KS,Ford County,rural,Midwest,West North Central,1098.271,26854,17073,15.5,
1984,20057,KS,Ford County,rural,Midwest,West North Central,1098.271,26854,17073,15.5,
1985,20057,KS,Ford County,rural,Midwest,West North Central,1098.271,27134,17209,16,
1986,20057,KS,Ford County,rural,Midwest,West North Central,1098.271,27333,17343,16,
1987,20057,KS,Ford County,rural,Midwest,West North Central,1098.271,27663,17471,30,
1988,20057,KS,Ford County,rural,Midwest,West North Central,1098.271,27621,17404,30,
1989,20057,KS,Ford County,rural,Midwest,West North Central,1098.271,27504,17224,32.4,
1990,20057,KS,Ford County,rural,Midwest,West North Central,1098.271,27505,17221,34.8,
1991,20057,KS,Ford County,rural,Midwest,West North Central,1098.271,27835,17320,37.2,
1992,20057,KS,Ford County,rural,Midwest,West North Central,1098.271,28413,17690,39.6,
1993,20057,KS,Ford County,rural,Midwest,West North Central,1098.271,28599,17770,42,
1994,20057,KS,Ford County,RURAL,Midwest,West North Central,1098.271,29653,18514,613,
1994,20057,,,,,,,,,47.5,
1995,20057,KS,Ford County,rural,Midwest,West North Central,1098.271,30282,18978,53,
1996,20057,KS,Ford County,rural,Midwest,West North Central,1098.271,30750,19324,58.5,
1997,20057,KS,Ford County,rural  ,Midwest,West North Central,1098.271,30917,19405,64,
1998,20057,KS,Ford County,rural,Midwest,West North Central,1098.271,31580,19856,69.5,
1999,20057,KS,Ford County,rural,Midwest,West North Central,1098.271,31992,20085,75,
2000,20057,KS,Ford County,rural,Midwest,West North Central,1098.271,32544,20471,613,
2000,20057,,,,,,,,,73.33334,
2001,20057,KS,Ford County,rural,Midwest,West North Central,1098.271,32182,20323,71.66666,
2001,20057,KS,Ford County,rural,Midwest,West North Central,1098.271,32182,20323,71.66666,
2002,20057,KS,Ford County,rural,Midwest,West North Central,1098.271,31981,20328,70,
2003,20057,KS,Ford County,rural,Midwest,West North Central,1098.271,32285,20604,68.33334,
2004,20057,KS,Ford County,rural,Midwest,West North Central,1098.271,32265,20625,66.66666,
2005,20057,KS,Ford County,rural,Midwest,West North Central,1098.271,32354,20659,65,
2006,20057,KS,Ford County,rural,Midwest,West North Central,1098.271,32029,20495,71.75,
2007,20057,KS,Ford County,rural,Midwest,West North Central,1098.271,32168,20570,78.5,
2007,20057,KS,Ford County,rural,Midwest,West North Central,1098.271,32168,20570,78.5,
2008,20057,KS,Ford County,rural,Midwest,West North Central,1098.271,32187,20538,85.25,
2009,20057,KS,Ford County,rural,Midwest,West North Central,1098.271,33158,21179,92,
2010,20057,KS,Ford County,rural,Midwest,West North Central,1098.271,33848,21619,98.75,
2011,20057,KS,Ford County, rural,Midwest,West North Central,1098.271,34024,21759,105.5,
2012,20057,KS,Ford County,rural,Midwest,West North Central,1098.271,34433,21965,112.25,
2013,20057,KS,Ford County,rural,Midwest,West North Central,1098.271,34765,22125,119,
2013,20057,KS,Ford County,rural,Midwest,West North Central,1098.271,34765,22125,119,
2014,20057,KS,Ford County,rural,Midwest,West North Central,1098.271,34937,22243,119,
2015,20057,KS,Ford County,rural,Midwest,West North Central,1098.271,34893,22199,119,
2016,20057,KS,Ford County,rural,Midwest,West North Central,1098.271,34578,22023,,
1970,20059,KS,Franklin County,rural,Midwest,West North Central,571.762,20001,11585,4,
1971,20059,KS,Franklin County,rural,Midwest,West North Central,571.762,19939,11534,3.625,
1972,20059,KS,Franklin County,rural,Midwest,West North Central,571.762,20085,11665,543,
1972,20059,,,,,,,,,3.25,
1973,20059,KS,Franklin County,rural,Midwest,West North Central,571.762,20462,11959,2.875,
1974,20059,KS,Franklin County,rural,Midwest,West North Central,571.762,20572,12105,2.5,
1975,20059,KS,Franklin County, rural,Midwest,West North Central,571.762,20481,12108,2.125,
1976,20059,KS,Franklin County,rural,Midwest,West North Central,571.762,20848,12484,1.75,
1977,20059,KS,Franklin County,rural,Midwest,West North Central,571.762,21310,12872,1.375,
1978,20059,KS,Franklin County,rural,Midwest,West North Central,571.762,21643,13168,1,
1979,20059,KS,Franklin County,rural,Midwest,West North Central,571.762,22007,13517,1.4,
1980,20059,KS,Franklin County,rural,Midwest,West North Central,571.762,22051,13561,1.8,
1981,20059,KS,Franklin County,rural,Midwest,West North Central,571.762,21885,13443,2.2,
1982,20059,KS,Franklin County,rural,Midwest,West North Central,571.762,21748,13341,2.6,
1983,20059,KS,Franklin County,rural,Midwest,West North Central,571.762,21819,13374,3,
1984,20059,KS,Franklin County,rural  ,Midwest,West North Central,571.762,21896,13421,6,
1985,20059,KS,Franklin County, rural,Midwest,West North Central,571.762,21653,13247,9,
1986,20059,KS,Franklin County,rural  ,Midwest,West North Central,571.762,21523,13179,12,
1986,20059,KS,Franklin County,rural  ,Midwest,West North Central,571.762,21523,13179,12,
1987,20059,KS,Franklin County,Rural,Midwest,West North Central,571.762,21545,13150,15,
1988,20059,KS,Franklin County,rural,Midwest,West North Central,571.762,21691,13216,18,
1989,20059,KS,Franklin County,RURAL,Midwest,West North Central,571.762,21889,13268,21,
1989,20059,KS,Franklin County,RURAL,Midwest,West North Central,571.762,21889,13268,21,
1990,20059,KS,Franklin County,  RURAL ,Midwest,West North Central,571.762,22046,13359,24,
1991,20059,KS,Franklin County,rural,Midwest,West North Central,571.762,22155,13405,27,
1992,20059,KS,Franklin County,rural,Midwest,West North Central,571.762,22404,13635,30,
1993,20059,KS,Franklin County,rural,Midwest,West North Central,571.762,22970,14074,33,
1993,20059,KS,Franklin County,rural,Midwest,West North Central,571.762,22970,14074,33,
1994,20059,KS,Franklin County,rural,Midwest,West North Central,571.762,23231,14295,34.5,
1995,20059,KS,Franklin County,rural,Midwest,West North Central,571.762,23505,14575,36,
1996,20059,KS,Franklin County,rural,Midwest,West North Central,571.762,23936,14963,37.5,
1996,20059,KS,Franklin County,rural,Midwest,West North Central,571.762,23936,14963,37.5,
1997,20059,KS,Franklin County,rural,Midwest,West North Central,571.762,24156,15157,39,
1997,20059,KS,Franklin County,rural,Midwest,West North Central,571.762,24156,15157,39,
1998,20059,KS,Franklin County,  RURAL ,Midwest,West North Central,571.762,24416,15390,40.5,
1999,20059,KS,Franklin County,rural,Midwest,West North Central,571.762,24626,15581,42,
2000,20059,KS,Franklin County,rural,Midwest,West North Central,571.762,24869,15778,45.83333,
2001,20059,KS,Franklin County,rural,Midwest,West North Central,571.762,25000,15971,550,
2001,20059,,,,,,,,,49.66667,
2002,20059,KS,Franklin County,rural  ,Midwest,West North Central,571.762,25218,16131,53.5,
2003,20059,KS,Franklin County,rural,Midwest,West North Central,571.762,25312,16176,57.33333,
2003,20059,KS,Franklin County,rural,Midwest,West North Central,571.762,25312,16176,57.33333,
2004,20059,KS,Franklin County,Rural,Midwest,West North Central,571.762,25525,16311,61.16667,
2005,20059,KS,Franklin County,rural,Midwest,West North Central,571.762,25527,16425,65,
2006,20059,KS,Franklin County,rural  ,Midwest,West North Central,571.762,25716,16554,63.125,
2007,20059,KS,Franklin County,rural  ,Midwest,West North Central,571.762,25734,16684,61.25,
2008,20059,KS,Franklin County,rural,Midwest,West North Central,571.762,25851,16753,59.375,
2009,20059,KS,Franklin County,rural,Midwest,West North Central,571.762,25870,16654,57.5,
2009,20059,KS,Franklin County,rural,Midwest,West North Central,571.762,25870,16654,57.5,
2010,20059,KS,Franklin County,rural,Midwest,West North Central,571.762,25996,16678,55.625,
2011,20059,KS,Franklin County,rural,Midwest,West North Central,571.762,25984,16682,53.75,
2012,20059,KS,Franklin County,rural,Midwest,West North Central,571.762,25846,16652,51.875,
2013,20059,KS,Franklin County,rural,Midwest,West North Central,571.762,25817,16550,50,
2014,20059,KS,Franklin County,Rural,Midwest,West North Central,571.762,25725,16468,50,
2015,20059,KS,Franklin County,rural,Midwest,West North Central,571.762,25531,16319,50,
2016,20059,KS,Franklin County,rural,Midwest,West North Central,571.762,25461,16294,,
1970,20061,KS,Geary County,rural,Midwest,West North Central,384.666,28600,19795,33,
1971,20061,KS,Geary County,rural,Midwest,West North Central,384.666,30556,21090,31.125,
1972,20061,KS,Geary County,rural,Midwest,West North Central,384.666,30942,21370,29.25,
1973,20061,KS,Geary County,rural,Midwest,West North Central,384.666,31678,21902,27.375,
1974,20061,KS,Geary County,rural,Midwest,West North Central,384.666,32236,22327,25.5,
1975,20061,KS,Geary County,rural,Midwest,West North Central,384.666,32111,22273,23.625,
1976,20061,KS,Geary County,RURAL,Midwest,West North Central,384.666,31322,21732,21.75,
1976,20061,KS,Geary County,RURAL,Midwest,West North Central,384.666,31322,21732,21.75,
1977,20061,KS,Geary County,  RURAL ,Midwest,West North Central,384.666,31231,21823,19.875,
1977,20061,KS,Geary County,  RURAL ,Midwest,West North Central,384.666,31231,21823,19.875,
1978,20061,KS,Geary County,rural,Midwest,West North Central,384.666,31192,21632,18,
1979,20061,KS,Geary County,  RURAL ,Midwest,West North Central,384.666,30617,21270,19.6,
1980,20061,KS,Geary County,Rural,Midwest,West North Central,384.666,30071,20817,21.2,
1981,20061,KS,Geary County,rural,Midwest,West North Central,384.666,30969,21365,22.8,
1982,20061,KS,Geary County,rural,Midwest,West North Central,384.666,31098,21362,24.4,
1983,20061,KS,Geary County,rural,Midwest,West North Central,384.666,31478,21536,26,
1984,20061,KS,Geary County,  RURAL ,Midwest,West North Central,384.666,30945,21098,35,
1985,20061,KS,Geary County,rural,Midwest,West North Central,384.666,31883,21636,44,
1986,20061,KS,Geary County,rural,Midwest,West North Central,384.666,31745,21508,53,
1987,20061,KS,Geary County,  RURAL ,Midwest,West North Central,384.666,31562,21234,62,
1988,20061,KS,Geary County,rural,Midwest,West North Central,384.666,31406,21018,585,
1988,20061,,,,,,,,,71,
1989,20061,KS,Geary County,rural  ,Midwest,West North Central,384.666,30238,20059,68.8,
1990,20061,KS,Geary County,rural,Midwest,West North Central,384.666,30558,20203,66.6,
1991,20061,KS,Geary County,  RURAL ,Midwest,West North Central,384.666,29853,19619,64.4,
1992,20061,KS,Geary County,rural,Midwest,West North Central,384.666,33850,22429,62.2,
1993,20061,KS,Geary County,rural,Midwest,West North Central,384.666,32295,21268,60,
1993,20061,KS,Geary County,rural,Midwest,West North Central,384.666,32295,21268,60,
1994,20061,KS,Geary County,rural,Midwest,West North Central,384.666,32781,21594,63.5,
1995,20061,KS,Geary County,rural,Midwest,West North Central,384.666,31796,20954,67,
1995,20061,KS,Geary County,rural,Midwest,West North Central,384.666,31796,20954,67,
1996,20061,KS,Geary County,rural,Midwest,West North Central,384.666,28424,18604,70.5,
1997,20061,KS,Geary County,rural,Midwest,West North Central,384.666,27700,18056,74,
1998,20061,KS,Geary County,rural,Midwest,West North Central,384.666,28203,18438,77.5,
1999,20061,KS,Geary County,rural,Midwest,West North Central,384.666,28162,18421,634,
1999,20061,,,,,,,,,81,
2000,20061,KS,Geary County,rural,Midwest,West North Central,384.666,27845,18201,80.83334,
2001,20061,KS,Geary County,rural,Midwest,West North Central,384.666,27821,18389,80.66666,
2001,20061,KS,Geary County,rural,Midwest,West North Central,384.666,27821,18389,80.66666,
2002,20061,KS,Geary County,rural,Midwest,West North Central,384.666,27679,18322,80.5,
2003,20061,KS,Geary County,rural,Midwest,West North Central,384.666,27532,18123,80.33334,
2004,20061,KS,Geary County,rural,Midwest,West North Central,384.666,27149,17728,80.16666,
2005,20061,KS,Geary County,rural,Midwest,West North Central,384.666,27099,17645,80,
2006,20061,KS,Geary County,rural,Midwest,West North Central,384.666,27708,18334,84,
2007,20061,KS,Geary County,rural,Midwest,West North Central,384.666,27951,18357,641,
2007,20061,,,,,,,,,88,
2008,20061,KS,Geary County,  RURAL ,Midwest,West North Central,384.666,30276,19810,92,
2008,20061,KS,Geary County,  RURAL ,Midwest,West North Central,384.666,30276,19810,92,
2009,20061,KS,Geary County,rural,Midwest,West North Central,384.666,31537,20615,96,
2010,20061,KS,Geary County,rural  ,Midwest,West North Central,384.666,34357,22485,100,
2011,20061,KS,Geary County,rural,Midwest,West North Central,384.666,35247,23081,104,
2011,20061,KS,Geary County,rural,Midwest,West North Central,384.666,35247,23081,104,
2012,20061,KS,Geary County,rural,Midwest,West North Central,384.666,35275,22932,108,
2013,20061,KS,Geary County,rural,Midwest,West North Central,384.666,37886,24737,613,
2013,20061,,,,,,,,,112,
2014,20061,KS,Geary County,rural,Midwest,West North Central,384.666,36777,23899,112,
2015,20061,KS,Geary County,rural,Midwest,West North Central,384.666,36459,23686,112,
2016,20061,KS,Geary County,rural,Midwest,West North Central,384.666,36682,23839,,
1970,20063,KS,Gove County,rural,Midwest,West North Central,1071.666,3928,2192,11.56118,
1971,20063,KS,Gove County,rural,Midwest,West North Central,1071.666,3903,2186,10.72419,
1972,20063,KS,Gove County,rural,Midwest,West North Central,1071.666,4056,2299,10.16025,
1973,20063,KS,Gove County,rural,Midwest,West North Central,1071.666,3842,2173,9.252585,
1974,20063,KS,Gove County,rural,Midwest,West North Central,1071.666,3770,2141,522,
1974,20063,,,,,,,,,8.356257,
1975,20063,KS,Gove County,rural,Midwest,West North Central,1071.666,3774,2160,7.584517,
1976,20063,KS,Gove County,rural,Midwest,West North Central,1071.666,3806,2200,6.97747,
1977,20063,KS,Gove County,rural,Midwest,West North Central,1071.666,3836,2238,6.192324,
1978,20063,KS,Gove County,rural,Midwest,West North Central,1071.666,3735,2181,5.415428,
1979,20063,KS,Gove County,rural,Midwest,West North Central,1071.666,3708,2190,4.646963,
1980,20063,KS,Gove County,rural,Midwest,West North Central,1071.666,3717,2206,3.833411,
1981,20063,KS,Gove County,rural,Midwest,West North Central,1071.666,3666,2169,3.004606,
1982,20063,KS,Gove County,rural,Midwest,West North Central,1071.666,3654,2151,2.200382,
1982,20063,KS,Gove County,rural,Midwest,West North Central,1071.666,3654,2151,2.200382,
1983,20063,KS,Gove County,rural,Midwest,West North Central,1071.666,3656,2147,1.399305,
1984,20063,KS,Gove County,rural  ,Midwest,West North Central,1071.666,3639,2131,1.206051,
1985,20063,KS,Gove County,rural,Midwest,West North Central,1071.666,3561,2081,1.030198,
1986,20063,KS,Gove County,rural,Midwest,West North Central,1071.666,3457,2017,0.8476768,
1986,20063,KS,Gove County,rural,Midwest,West North Central,1071.666,3457,2017,0.8476768,
1987,20063,KS,Gove County,rural,Midwest,West North Central,1071.666,3379,1961,0.6618611,
1988,20063,KS,Gove County, rural,Midwest,West North Central,1071.666,3329,1927,0.4743969,
1989,20063,KS,Gove County,rural,Midwest,West North Central,1071.666,3261,1869,0.4772727,
1990,20063,KS,Gove County,rural,Midwest,West North Central,1071.666,3239,1841,0.4785547,
1991,20063,KS,Gove County,rural,Midwest,West North Central,1071.666,3199,1804,0.4772487,
1992,20063,KS,Gove County, rural,Midwest,West North Central,1071.666,3184,1779,0.4751603,
1993,20063,KS,Gove County,rural,Midwest,West North Central,1071.666,3164,1765,0.4699148,
1994,20063,KS,Gove County,rural,Midwest,West North Central,1071.666,3194,1785,0.7075846,
1995,20063,KS,Gove County,rural,Midwest,West North Central,1071.666,3166,1769,0.9298292,
1996,20063,KS,Gove County,rural,Midwest,West North Central,1071.666,3133,1755,1.155822,
1997,20063,KS,Gove County,Rural,Midwest,West North Central,1071.666,3150,1757,1.398143,
1998,20063,KS,Gove County,rural,Midwest,West North Central,1071.666,3113,1729,1.621517,
1999,20063,KS,Gove County,rural,Midwest,West North Central,1071.666,3091,1724,1.846813,
2000,20063,KS,Gove County,rural,Midwest,West North Central,1071.666,3087,1732,1.416962,
2001,20063,KS,Gove County,rural,Midwest,West North Central,1071.666,3044,1713,2.368639,
2002,20063,KS,Gove County,rural,Midwest,West North Central,1071.666,3018,1709,3.35098,
2003,20063,KS,Gove County,rural,Midwest,West North Central,1071.666,2947,1660,2.358625,
2004,20063,KS,Gove County, rural,Midwest,West North Central,1071.666,2896,1655,1.406914,
2005,20063,KS,Gove County,rural,Midwest,West North Central,1071.666,2840,1646,1.888698,
2006,20063,KS,Gove County, rural,Midwest,West North Central,1071.666,2824,1636,2.355991,
2007,20063,KS,Gove County,rural,Midwest,West North Central,1071.666,2757,1600,2.806197,
2008,20063,KS,Gove County,rural,Midwest,West North Central,1071.666,2646,1534,3.208246,
2009,20063,KS,Gove County,  RURAL ,Midwest,West North Central,1071.666,2689,1559,3.64785,
2010,20063,KS,Gove County,rural,Midwest,West North Central,1071.666,2706,1559,4.104469,
2011,20063,KS,Gove County,rural,Midwest,West North Central,1071.666,2697,1552,4.601008,
2012,20063,KS,Gove County,rural,Midwest,West North Central,1071.666,2730,1565,5.077938,
2013,20063,KS,Gove County,rural,Midwest,West North Central,1071.666,2765,1550,5.576407,
2014,20063,KS,Gove County,rural,Midwest,West North Central,1071.666,2799,1567,5.576407,
2015,20063,KS,Gove County,rural  ,Midwest,West North Central,1071.666,2753,1544,5.576407,
2016,20063,KS,Gove County,rural,Midwest,West North Central,1071.666,2703,1503,,
1970,20065,KS,Graham County,rural,Midwest,West North Central,898.527,4702,2668,1,
1970,20065,KS,Graham County,rural,Midwest,West North Central,898.527,4702,2668,1,
1971,20065,KS,Graham County,rural,Midwest,West North Central,898.527,4543,2600,1,
1972,20065,KS,Graham County,rural,Midwest,West North Central,898.527,4657,2710,1,
1973,20065,KS,Graham County,rural,Midwest,West North Central,898.527,4422,2600,1,
1974,20065,KS,Graham County,rural,Midwest,West North Central,898.527,4340,2574,1,
1975,20065,KS,Graham County,rural,Midwest,West North Central,898.527,4355,2624,1,
1976,20065,KS,Graham County,rural,Midwest,West North Central,898.527,4301,2606,1,
1977,20065,KS,Graham County,rural,Midwest,West North Central,898.527,4214,2542,1,
1978,20065,KS,Graham County,rural,Midwest,West North Central,898.527,4155,2507,1,
1979,20065,KS,Graham County,rural,Midwest,West North Central,898.527,4035,2440,1,
1980,20065,KS,Graham County,RURAL,Midwest,West North Central,898.527,3999,2422,1,
1980,20065,KS,Graham County,RURAL,Midwest,West North Central,898.527,3999,2422,1,
1981,20065,KS,Graham County,rural  ,Midwest,West North Central,898.527,4003,2411,1,
1982,20065,KS,Graham County,rural,Midwest,West North Central,898.527,4172,2500,1,
1983,20065,KS,Graham County,rural,Midwest,West North Central,898.527,4172,2490,1,
1984,20065,KS,Graham County,rural,Midwest,West North Central,898.527,4099,2438,1,
1985,20065,KS,Graham County,rural,Midwest,West North Central,898.527,4100,2429,1,
1986,20065,KS,Graham County,rural,Midwest,West North Central,898.527,3953,2334,1,
1987,20065,KS,Graham County,rural,Midwest,West North Central,898.527,3763,2204,1,
1988,20065,KS,Graham County,rural,Midwest,West North Central,898.527,3728,2177,1,
1989,20065,KS,Graham County,rural,Midwest,West North Central,898.527,3623,2092,1,
1990,20065,KS,Graham County,rural,Midwest,West North Central,898.527,3518,2023,1,
1991,20065,KS,Graham County,rural,Midwest,West North Central,898.527,3487,2009,2,
1992,20065,KS,Graham County,  RURAL ,Midwest,West North Central,898.527,3406,1978,1,
1993,20065,KS,Graham County,RURAL,Midwest,West North Central,898.527,3311,1909,1,
1994,20065,KS,Graham County,Rural,Midwest,West North Central,898.527,3265,1910,1.833333,
1995,20065,KS,Graham County,rural,Midwest,West North Central,898.527,3224,1894,2.666667,
1996,20065,KS,Graham County,rural,Midwest,West North Central,898.527,3212,1891,3.5,
1997,20065,KS,Graham County,rural,Midwest,West North Central,898.527,3145,1863,4.333333,
1998,20065,KS,Graham County,rural,Midwest,West North Central,898.527,3092,1830,5.166667,
1999,20065,KS,Graham County,rural,Midwest,West North Central,898.527,3001,1774,6,
1999,20065,KS,Graham County,rural,Midwest,West North Central,898.527,3001,1774,6,
2000,20065,KS,Graham County,rural,Midwest,West North Central,898.527,2925,1746,6,
2001,20065,KS,Graham County,rural,Midwest,West North Central,898.527,2896,1711,6,
2002,20065,KS,Graham County,rural,Midwest,West North Central,898.527,2886,1691,6,
2003,20065,KS,Graham County,rural,Midwest,West North Central,898.527,2842,1666,6,
2004,20065,KS,Graham County,rural,Midwest,West North Central,898.527,2786,1621,6,
2005,20065,KS,Graham County,rural,Midwest,West North Central,898.527,2762,1609,6,
2006,20065,KS,Graham County,rural,Midwest,West North Central,898.527,2751,1595,6.375,
2007,20065,KS,Graham County,rural,Midwest,West North Central,898.527,2707,1562,6.75,
2008,20065,KS,Graham County,rural  ,Midwest,West North Central,898.527,2669,1557,7.125,
2009,20065,KS,Graham County,rural,Midwest,West North Central,898.527,2592,1494,7.5,
2010,20065,KS,Graham County,rural,Midwest,West North Central,898.527,2592,1519,7.875,
2011,20065,KS,Graham County,  RURAL ,Midwest,West North Central,898.527,2606,1527,8.25,
2012,20065,KS,Graham County,  RURAL ,Midwest,West North Central,898.527,2639,1549,8.625,
2013,20065,KS,Graham County,rural,Midwest,West North Central,898.527,2584,1489,9,
2014,20065,KS,Graham County,rural,Midwest,West North Central,898.527,2592,1489,9,
2015,20065,KS,Graham County,rural,Midwest,West North Central,898.527,2557,1472,9,
2016,20065,KS,Graham County,Rural,Midwest,West North Central,898.527,2592,1495,,
1970,20067,KS,Grant County,RURAL,Midwest,West North Central,574.8,5962,3621,3,
1970,20067,KS,Grant County,RURAL,Midwest,West North Central,574.8,5962,3621,3,
1971,20067,KS,Grant County,rural,Midwest,West North Central,574.8,5981,3656,2.75,
1972,20067,KS,Grant County,rural,Midwest,West North Central,574.8,6192,3831,2.5,
1973,20067,KS,Grant County,  RURAL ,Midwest,West North Central,574.8,6305,3941,2.25,
1974,20067,KS,Grant County,rural,Midwest,West North Central,574.8,6456,4076,2,
1975,20067,KS,Grant County,rural,Midwest,West North Central,574.8,6545,4174,1.75,
1975,20067,KS,Grant County,rural,Midwest,West North Central,574.8,6545,4174,1.75,
1976,20067,KS,Grant County,rural,Midwest,West North Central,574.8,6665,4293,1.5,
1977,20067,KS,Grant County,rural,Midwest,West North Central,574.8,6760,4371,1.25,
1978,20067,KS,Grant County,rural,Midwest,West North Central,574.8,6891,4469,1,
1979,20067,KS,Grant County,rural,Midwest,West North Central,574.8,6815,4411,1.6,
1980,20067,KS,Grant County,rural,Midwest,West North Central,574.8,6950,4502,2.2,
1981,20067,KS,Grant County,rural,Midwest,West North Central,574.8,6830,4403,2.8,
1982,20067,KS,Grant County,rural,Midwest,West North Central,574.8,6748,4329,3.4,
1983,20067,KS,Grant County,rural,Midwest,West North Central,574.8,6876,4384,4,
1984,20067,KS,Grant County,rural,Midwest,West North Central,574.8,6831,4343,3.4,
1985,20067,KS,Grant County,rural,Midwest,West North Central,574.8,6864,4345,2.8,
1986,20067,KS,Grant County,rural  ,Midwest,West North Central,574.8,6876,4344,2.2,
1987,20067,KS,Grant County,rural,Midwest,West North Central,574.8,6917,4339,1.6,
1988,20067,KS,Grant County,rural,Midwest,West North Central,574.8,7072,4409,1,
1989,20067,KS,Grant County,rural  ,Midwest,West North Central,574.8,7116,4393,1.4,
1990,20067,KS,Grant County,rural,Midwest,West North Central,574.8,7177,4417,1.8,
1991,20067,KS,Grant County,rural,Midwest,West North Central,574.8,7215,4446,2.2,
1992,20067,KS,Grant County,rural,Midwest,West North Central,574.8,7412,4598,2.6,
1992,20067,KS,Grant County,rural,Midwest,West North Central,574.8,7412,4598,2.6,
1993,20067,KS,Grant County,RURAL,Midwest,West North Central,574.8,7532,4676,3,
1994,20067,KS,Grant County,rural  ,Midwest,West North Central,574.8,7653,4785,5,
1995,20067,KS,Grant County,rural,Midwest,West North Central,574.8,7781,4912,13,
1996,20067,KS,Grant County,rural,Midwest,West North Central,574.8,7748,4903,15,
1996,20067,KS,Grant County,rural,Midwest,West North Central,574.8,7748,4903,15,
1997,20067,KS,Grant County,rural,Midwest,West North Central,574.8,7925,5014,14,
1998,20067,KS,Grant County,rural,Midwest,West North Central,574.8,8091,5135,16,
1999,20067,KS,Grant County,rural,Midwest,West North Central,574.8,7968,5060,16,
2000,20067,KS,Grant County,rural,Midwest,West North Central,574.8,7880,4997,17,
2001,20067,KS,Grant County,rural,Midwest,West North Central,574.8,7789,4939,18,
2002,20067,KS,Grant County,rural,Midwest,West North Central,574.8,7901,5022,19,
2003,20067,KS,Grant County,rural,Midwest,West North Central,574.8,7770,4932,20,
2004,20067,KS,Grant County,rural,Midwest,West North Central,574.8,7722,4909,21,
2005,20067,KS,Grant County,rural,Midwest,West North Central,574.8,7687,4887,22,
2006,20067,KS,Grant County,rural,Midwest,West North Central,574.8,7707,4896,22.625,
2007,20067,KS,Grant County,rural,Midwest,West North Central,574.8,7756,4896,23.25,
2008,20067,KS,Grant County,rural,Midwest,West North Central,574.8,7674,4800,23.875,
2009,20067,KS,Grant County,rural,Midwest,West North Central,574.8,7731,4845,24.5,
2010,20067,KS,Grant County,rural,Midwest,West North Central,574.8,7824,4919,25.125,
2011,20067,KS,Grant County,rural,Midwest,West North Central,574.8,7825,4929,25.75,
2012,20067,KS,Grant County,rural,Midwest,West North Central,574.8,7894,4962,26.375,
2013,20067,KS,Grant County,rural,Midwest,West North Central,574.8,7832,4916,27,
2014,20067,KS,Grant County,rural,Midwest,West North Central,574.8,7847,4893,27,
2014,20067,KS,Grant County,rural,Midwest,West North Central,574.8,7847,4893,27,
2015,20067,KS,Grant County, rural,Midwest,West North Central,574.8,7794,4822,27,
2016,20067,KS,Grant County,rural,Midwest,West North Central,574.8,7727,4752,,
1970,20069,KS,Gray County,rural,Midwest,West North Central,868.867,4491,2643,0,
1971,20069,KS,Gray County,rural,Midwest,West North Central,868.867,4395,2593,0,
1972,20069,KS,Gray County,rural,Midwest,West North Central,868.867,4694,2824,0,
1973,20069,KS,Gray County,rural,Midwest,West North Central,868.867,4705,2859,0,
1974,20069,KS,Gray County,rural,Midwest,West North Central,868.867,4774,2927,0,
1975,20069,KS,Gray County, rural,Midwest,West North Central,868.867,4850,3002,0,
1976,20069,KS,Gray County,rural,Midwest,West North Central,868.867,5044,3147,0,
1977,20069,KS,Gray County,rural,Midwest,West North Central,868.867,5211,3261,0,
1978,20069,KS,Gray County,rural,Midwest,West North Central,868.867,5116,3182,1.037327,
1979,20069,KS,Gray County,rural,Midwest,West North Central,868.867,5113,3169,1.468101,
1980,20069,KS,Gray County,rural,Midwest,West North Central,868.867,5161,3191,1.890652,
1981,20069,KS,Gray County,rural,Midwest,West North Central,868.867,5218,3215,2.338955,
1982,20069,KS,Gray County,rural,Midwest,West North Central,868.867,5198,3194,2.747527,
1983,20069,KS,Gray County,rural,Midwest,West North Central,868.867,5352,3276,3.227056,
1984,20069,KS,Gray County,Rural,Midwest,West North Central,868.867,5375,3283,3.130265,
1985,20069,KS,Gray County,RURAL,Midwest,West North Central,868.867,5390,3277,3.043317,
1986,20069,KS,Gray County,rural,Midwest,West North Central,868.867,5397,3282,2.965167,
1987,20069,KS,Gray County,rural,Midwest,West North Central,868.867,5505,3331,2.913574,
1988,20069,KS,Gray County,rural,Midwest,West North Central,868.867,5487,3306,2.813138,
1989,20069,KS,Gray County,rural,Midwest,West North Central,868.867,5397,3227,4.142203,
1990,20069,KS,Gray County,rural,Midwest,West North Central,868.867,5398,3219,5.562723,
1991,20069,KS,Gray County,rural,Midwest,West North Central,868.867,5396,3205,6.897336,
1992,20069,KS,Gray County,Rural,Midwest,West North Central,868.867,5444,3246,8.309942,
1993,20069,KS,Gray County,rural,Midwest,West North Central,868.867,5414,3226,9.576043,
1994,20069,KS,Gray County,rural,Midwest,West North Central,868.867,5472,3287,11.0359,
1995,20069,KS,Gray County,rural,Midwest,West North Central,868.867,5547,3354,12.47051,
1996,20069,KS,Gray County,rural,Midwest,West North Central,868.867,5654,3446,13.98493,
1997,20069,KS,Gray County,rural,Midwest,West North Central,868.867,5669,3465,15.47131,
1998,20069,KS,Gray County,rural,Midwest,West North Central,868.867,5781,3559,16.9915,
1999,20069,KS,Gray County,rural,Midwest,West North Central,868.867,5844,3599,18.52469,
2000,20069,KS,Gray County,rural  ,Midwest,West North Central,868.867,5913,3636,18.31689,
2001,20069,KS,Gray County,rural,Midwest,West North Central,868.867,5921,3668,18.12501,
2001,20069,KS,Gray County,rural,Midwest,West North Central,868.867,5921,3668,18.12501,
2002,20069,KS,Gray County,rural,Midwest,West North Central,868.867,5973,3713,17.97361,
2003,20069,KS,Gray County,rural,Midwest,West North Central,868.867,5981,3702,17.88969,
2004,20069,KS,Gray County,rural,Midwest,West North Central,868.867,5951,3736,17.70985,
2005,20069,KS,Gray County,rural,Midwest,West North Central,868.867,5882,3684,17.35008,
2006,20069,KS,Gray County,rural,Midwest,West North Central,868.867,5838,3622,17.54901,
2007,20069,KS,Gray County,rural,Midwest,West North Central,868.867,5735,3579,17.92101,
2008,20069,KS,Gray County,rural,Midwest,West North Central,868.867,5821,3593,18.10582,
2009,20069,KS,Gray County,rural,Midwest,West North Central,868.867,5920,3671,18.55798,
2010,20069,KS,Gray County,Rural,Midwest,West North Central,868.867,6001,3740,18.82738,
2011,20069,KS,Gray County,rural,Midwest,West North Central,868.867,6026,3763,19.19845,
2012,20069,KS,Gray County,rural,Midwest,West North Central,868.867,6087,3819,19.38451,
2013,20069,KS,Gray County,RURAL,Midwest,West North Central,868.867,5966,3688,19.87062,
2014,20069,KS,Gray County,rural,Midwest,West North Central,868.867,5982,3680,14.27888,
2015,20069,KS,Gray County,rural,Midwest,West North Central,868.867,6052,3703,8.831375,
2016,20069,KS,Gray County,rural,Midwest,West North Central,868.867,6050,3700,,
1970,20071,KS,Greeley County,rural,Midwest,West North Central,778.404,1796,1054,0,
1971,20071,KS,Greeley County,rural,Midwest,West North Central,778.404,1729,1021,0,
1972,20071,KS,Greeley County,rural,Midwest,West North Central,778.404,1823,1095,0,
1973,20071,KS,Greeley County,rural,Midwest,West North Central,778.404,1906,1169,0,
1974,20071,KS,Greeley County,rural,Midwest,West North Central,778.404,1912,1188,0,
1975,20071,KS,Greeley County,rural,Midwest,West North Central,778.404,1840,1157,0,
1976,20071,KS,Greeley County,rural,Midwest,West North Central,778.404,1964,1243,0,
1977,20071,KS,Greeley County,rural,Midwest,West North Central,778.404,1936,1223,0,
1978,20071,KS,Greeley County,rural,Midwest,West North Central,778.404,1904,1199,0,
1979,20071,KS,Greeley County,rural,Midwest,West North Central,778.404,1931,1221,0,
1980,20071,KS,Greeley County,rural,Midwest,West North Central,778.404,1838,1151,0,
1981,20071,KS,Greeley County,rural,Midwest,West North Central,778.404,1809,1123,0,
1982,20071,KS,Greeley County,rural,Midwest,West North Central,778.404,1794,1106,0,
1983,20071,KS,Greeley County,rural,Midwest,West North Central,778.404,1866,1143,0,
1984,20071,KS,Greeley County,rural,Midwest,West North Central,778.404,1852,1127,0,
1984,20071,KS,Greeley County,rural,Midwest,West North Central,778.404,1852,1127,0,
1985,20071,KS,Greeley County,rural,Midwest,West North Central,778.404,1808,1092,0,
1986,20071,KS,Greeley County,rural,Midwest,West North Central,778.404,1841,1108,0,
1987,20071,KS,Greeley County, rural,Midwest,West North Central,778.404,1853,1104,0,
1988,20071,KS,Greeley County,rural,Midwest,West North Central,778.404,1846,1091,0,
1989,20071,KS,Greeley County,rural,Midwest,West North Central,778.404,1784,1041,0,
1990,20071,KS,Greeley County,rural,Midwest,West North Central,778.404,1763,1026,0,
1991,20071,KS,Greeley County,rural,Midwest,West North Central,778.404,1714,990,0,
1992,20071,KS,Greeley County,rural,Midwest,West North Central,778.404,1657,948,0,
1992,20071,KS,Greeley County,rural,Midwest,West North Central,778.404,1657,948,0,
1993,20071,KS,Greeley County,rural,Midwest,West North Central,778.404,1668,948,0,
1994,20071,KS,Greeley County,rural,Midwest,West North Central,778.404,1669,947,0,
1995,20071,KS,Greeley County,rural,Midwest,West North Central,778.404,1693,972,0,
1996,20071,KS,Greeley County,rural,Midwest,West North Central,778.404,1643,958,501,
1996,20071,,,,,,,,,0,
1997,20071,KS,Greeley County,rural,Midwest,West North Central,778.404,1629,947,0,
1997,20071,KS,Greeley County,rural,Midwest,West North Central,778.404,1629,947,0,
1998,20071,KS,Greeley County,rural,Midwest,West North Central,778.404,1587,929,0,
1999,20071,KS,Greeley County,rural,Midwest,West North Central,778.404,1539,899,0,
2000,20071,KS,Greeley County,rural,Midwest,West North Central,778.404,1530,911,0,
2001,20071,KS,Greeley County,rural,Midwest,West North Central,778.404,1524,918,0,
2002,20071,KS,Greeley County,rural,Midwest,West North Central,778.404,1422,845,0,
2003,20071,KS,Greeley County,rural,Midwest,West North Central,778.404,1377,835,0,
2004,20071,KS,Greeley County,rural,Midwest,West North Central,778.404,1366,827,0,
2005,20071,KS,Greeley County,rural,Midwest,West North Central,778.404,1299,798,0,
2006,20071,KS,Greeley County,rural,Midwest,West North Central,778.404,1262,786,0,
2007,20071,KS,Greeley County,rural,Midwest,West North Central,778.404,1275,804,0,
2008,20071,KS,Greeley County, rural,Midwest,West North Central,778.404,1247,790,0,
2009,20071,KS,Greeley County,rural,Midwest,West North Central,778.404,1210,762,0,
2010,20071,KS,Greeley County,rural,Midwest,West North Central,778.404,1248,770,0,
2011,20071,KS,Greeley County,Rural,Midwest,West North Central,778.404,1259,776,0,
2012,20071,KS,Greeley County,rural,Midwest,West North Central,778.404,1255,766,0,
2013,20071,KS,Greeley County,rural,Midwest,West North Central,778.404,1268,756,2,
2014,20071,KS,Greeley County,rural,Midwest,West North Central,778.404,1283,760,2,
2015,20071,KS,Greeley County,rural,Midwest,West North Central,778.404,1301,755,2,
2015,20071,KS,Greeley County,rural,Midwest,West North Central,778.404,1301,755,2,
2016,20071,KS,Greeley County,rural,Midwest,West North Central,778.404,1299,753,,
1970,20073,KS,Greenwood County,rural,Midwest,West North Central,1143.296,9111,5150,6,
1971,20073,KS,Greenwood County,rural,Midwest,West North Central,1143.296,9009,5077,6.25,
1972,20073,KS,Greenwood County,rural,Midwest,West North Central,1143.296,9248,5268,6.5,
1973,20073,KS,Greenwood County,rural,Midwest,West North Central,1143.296,8616,4827,6.75,
1974,20073,KS,Greenwood County,rural,Midwest,West North Central,1143.296,8644,4847,7,
1975,20073,KS,Greenwood County,rural,Midwest,West North Central,1143.296,8673,4879,7.25,
1976,20073,KS,Greenwood County,rural,Midwest,West North Central,1143.296,8773,4970,7.5,
1977,20073,KS,Greenwood County,rural,Midwest,West North Central,1143.296,8960,5101,7.75,
1978,20073,KS,Greenwood County,rural,Midwest,West North Central,1143.296,8840,4997,8,
1979,20073,KS,Greenwood County,rural,Midwest,West North Central,1143.296,8732,4919,9.4,
1980,20073,KS,Greenwood County,rural,Midwest,West North Central,1143.296,8757,4931,10.8,
1981,20073,KS,Greenwood County,rural,Midwest,West North Central,1143.296,8674,4877,12.2,
1982,20073,KS,Greenwood County,rural,Midwest,West North Central,1143.296,8797,4934,13.6,
1983,20073,KS,Greenwood County,rural,Midwest,West North Central,1143.296,8712,4877,15,
1984,20073,KS,Greenwood County,RURAL,Midwest,West North Central,1143.296,8674,4854,14.6,
1985,20073,KS,Greenwood County,rural,Midwest,West North Central,1143.296,8455,4716,14.2,
1986,20073,KS,Greenwood County,rural  ,Midwest,West North Central,1143.296,8243,4596,13.8,
1986,20073,KS,Greenwood County,rural  ,Midwest,West North Central,1143.296,8243,4596,13.8,
1987,20073,KS,Greenwood County,rural,Midwest,West North Central,1143.296,8064,4476,13.4,
1988,20073,KS,Greenwood County,rural  ,Midwest,West North Central,1143.296,8022,4444,13,
1989,20073,KS,Greenwood County,rural,Midwest,West North Central,1143.296,7858,4328,13.8,
1990,20073,KS,Greenwood County,rural,Midwest,West North Central,1143.296,7832,4310,14.6,
1991,20073,KS,Greenwood County,rural,Midwest,West North Central,1143.296,7852,4343,15.4,
1992,20073,KS,Greenwood County,rural  ,Midwest,West North Central,1143.296,7855,4360,16.2,
1993,20073,KS,Greenwood County,rural,Midwest,West North Central,1143.296,7869,4374,17,
1993,20073,KS,Greenwood County,rural,Midwest,West North Central,1143.296,7869,4374,17,
1994,20073,KS,Greenwood County,rural,Midwest,West North Central,1143.296,7850,4401,17.16667,
1995,20073,KS,Greenwood County,rural,Midwest,West North Central,1143.296,7822,4423,17.33333,
1996,20073,KS,Greenwood County,rural,Midwest,West North Central,1143.296,7898,4498,17.5,
1997,20073,KS,Greenwood County,rural,Midwest,West North Central,1143.296,7806,4467,17.66667,
1998,20073,KS,Greenwood County,rural,Midwest,West North Central,1143.296,7845,4556,17.83333,
1999,20073,KS,Greenwood County,rural,Midwest,West North Central,1143.296,7703,4482,18,
1999,20073,KS,Greenwood County,rural,Midwest,West North Central,1143.296,7703,4482,18,
2000,20073,KS,Greenwood County,rural,Midwest,West North Central,1143.296,7647,4479,18.66667,
2001,20073,KS,Greenwood County, rural,Midwest,West North Central,1143.296,7653,4510,19.33333,
2002,20073,KS,Greenwood County,rural,Midwest,West North Central,1143.296,7567,4488,20,
2003,20073,KS,Greenwood County,rural,Midwest,West North Central,1143.296,7493,4448,20.66667,
2004,20073,KS,Greenwood County,Rural,Midwest,West North Central,1143.296,7415,4407,21.33333,
2005,20073,KS,Greenwood County,Rural,Midwest,West North Central,1143.296,7222,4316,22,
2006,20073,KS,Greenwood County,rural,Midwest,West North Central,1143.296,6944,4176,22,
2007,20073,KS,Greenwood County,rural,Midwest,West North Central,1143.296,6957,4195,22,
2008,20073,KS,Greenwood County,rural,Midwest,West North Central,1143.296,6817,4102,22,
2008,20073,KS,Greenwood County,rural,Midwest,West North Central,1143.296,6817,4102,22,
2009,20073,KS,Greenwood County,Rural,Midwest,West North Central,1143.296,6724,4025,22,
2010,20073,KS,Greenwood County,  RURAL ,Midwest,West North Central,1143.296,6689,3980,22,
2011,20073,KS,Greenwood County,rural,Midwest,West North Central,1143.296,6680,3978,22,
2012,20073,KS,Greenwood County,rural,Midwest,West North Central,1143.296,6609,3964,22,
2013,20073,KS,Greenwood County,rural,Midwest,West North Central,1143.296,6426,3837,22,
2014,20073,KS,Greenwood County,rural,Midwest,West North Central,1143.296,6358,3802,22,
2015,20073,KS,Greenwood County,rural,Midwest,West North Central,1143.296,6288,3701,22,
2016,20073,KS,Greenwood County,rural,Midwest,West North Central,1143.296,6233,3665,,
1970,20075,KS,Hamilton County, rural,Midwest,West North Central,996.514,2744,1654,0,
1971,20075,KS,Hamilton County,rural,Midwest,West North Central,996.514,2704,1631,0,
1972,20075,KS,Hamilton County,rural,Midwest,West North Central,996.514,2837,1737,0,
1973,20075,KS,Hamilton County,rural,Midwest,West North Central,996.514,2760,1700,0,
1973,20075,KS,Hamilton County,rural,Midwest,West North Central,996.514,2760,1700,0,
1974,20075,KS,Hamilton County,rural,Midwest,West North Central,996.514,2724,1677,0,
1975,20075,KS,Hamilton County,rural,Midwest,West North Central,996.514,2739,1694,0,
1976,20075,KS,Hamilton County,rural,Midwest,West North Central,996.514,2744,1703,0,
1977,20075,KS,Hamilton County,rural,Midwest,West North Central,996.514,2744,1696,0,
1977,20075,KS,Hamilton County,rural,Midwest,West North Central,996.514,2744,1696,0,
1978,20075,KS,Hamilton County,rural,Midwest,West North Central,996.514,2639,1614,0,
1979,20075,KS,Hamilton County,rural,Midwest,West North Central,996.514,2566,1554,0,
1980,20075,KS,Hamilton County,rural,Midwest,West North Central,996.514,2499,1512,0,
1981,20075,KS,Hamilton County,rural,Midwest,West North Central,996.514,2446,1474,0,
1982,20075,KS,Hamilton County,rural,Midwest,West North Central,996.514,2461,1475,0,
1983,20075,KS,Hamilton County,rural,Midwest,West North Central,996.514,2556,1531,0,
1984,20075,KS,Hamilton County,rural,Midwest,West North Central,996.514,2478,1487,0,
1985,20075,KS,Hamilton County,rural,Midwest,West North Central,996.514,2476,1479,0,
1986,20075,KS,Hamilton County,rural,Midwest,West North Central,996.514,2482,1478,0,
1987,20075,KS,Hamilton County,rural,Midwest,West North Central,996.514,2408,1431,0,
1988,20075,KS,Hamilton County,rural,Midwest,West North Central,996.514,2376,1407,3,
1989,20075,KS,Hamilton County,rural,Midwest,West North Central,996.514,2400,1410,2.8,
1990,20075,KS,Hamilton County,rural,Midwest,West North Central,996.514,2389,1394,2.6,
1990,20075,KS,Hamilton County,rural,Midwest,West North Central,996.514,2389,1394,2.6,
1991,20075,KS,Hamilton County,rural,Midwest,West North Central,996.514,2362,1369,2.4,
1992,20075,KS,Hamilton County,rural,Midwest,West North Central,996.514,2393,1375,2.2,
1993,20075,KS,Hamilton County,rural,Midwest,West North Central,996.514,2400,1365,2,
1994,20075,KS,Hamilton County,rural,Midwest,West North Central,996.514,2398,1359,11,
1995,20075,KS,Hamilton County,rural,Midwest,West North Central,996.514,2468,1412,10,
1996,20075,KS,Hamilton County,rural,Midwest,West North Central,996.514,2466,1416,12,
1997,20075,KS,Hamilton County,rural,Midwest,West North Central,996.514,2526,1460,15,
1998,20075,KS,Hamilton County,rural,Midwest,West North Central,996.514,2659,1560,12,
1999,20075,KS,Hamilton County,rural,Midwest,West North Central,996.514,2672,1562,14,
2000,20075,KS,Hamilton County,rural,Midwest,West North Central,996.514,2651,1553,12.83333,
2001,20075,KS,Hamilton County,rural,Midwest,West North Central,996.514,2675,1577,11.66667,
2002,20075,KS,Hamilton County,rural,Midwest,West North Central,996.514,2676,1566,10.5,
2003,20075,KS,Hamilton County,rural,Midwest,West North Central,996.514,2694,1565,9.333333,
2004,20075,KS,Hamilton County,rural,Midwest,West North Central,996.514,2642,1569,8.166667,
2005,20075,KS,Hamilton County,rural,Midwest,West North Central,996.514,2590,1570,7,
2006,20075,KS,Hamilton County,rural,Midwest,West North Central,996.514,2583,1577,6.875,
2007,20075,KS,Hamilton County,rural,Midwest,West North Central,996.514,2633,1619,6.75,
2008,20075,KS,Hamilton County,rural,Midwest,West North Central,996.514,2638,1606,6.625,
2009,20075,KS,Hamilton County,rural,Midwest,West North Central,996.514,2669,1658,6.5,
2010,20075,KS,Hamilton County,rural,Midwest,West North Central,996.514,2690,1673,6.375,
2011,20075,KS,Hamilton County,rural,Midwest,West North Central,996.514,2710,1673,6.25,
2012,20075,KS,Hamilton County,rural,Midwest,West North Central,996.514,2645,1633,6.125,
2013,20075,KS,Hamilton County,rural,Midwest,West North Central,996.514,2663,1637,6,
2014,20075,KS,Hamilton County,rural,Midwest,West North Central,996.514,2629,1625,6,
2015,20075,KS,Hamilton County,rural,Midwest,West North Central,996.514,2647,1627,6,
2016,20075,KS,Hamilton County,rural,Midwest,West North Central,996.514,2561,1574,,
1970,20077,KS,Harper County,rural,Midwest,West North Central,801.269,7810,4519,1,
1971,20077,KS,Harper County,RURAL,Midwest,West North Central,801.269,7562,4333,1.125,
1972,20077,KS,Harper County,rural,Midwest,West North Central,801.269,7451,4264,1.25,
1973,20077,KS,Harper County,rural,Midwest,West North Central,801.269,7743,4489,1.375,
1973,20077,KS,Harper County,rural,Midwest,West North Central,801.269,7743,4489,1.375,
1974,20077,KS,Harper County,rural,Midwest,West North Central,801.269,7710,4494,1.5,
1975,20077,KS,Harper County,rural,Midwest,West North Central,801.269,7603,4442,1.625,
1976,20077,KS,Harper County,rural,Midwest,West North Central,801.269,7699,4515,1.75,
1977,20077,KS,Harper County,rural  ,Midwest,West North Central,801.269,7606,4414,1.875,
1977,20077,KS,Harper County,rural  ,Midwest,West North Central,801.269,7606,4414,1.875,
1978,20077,KS,Harper County,rural,Midwest,West North Central,801.269,7658,4438,2,
1979,20077,KS,Harper County,  RURAL ,Midwest,West North Central,801.269,7685,4444,2.4,
1980,20077,KS,Harper County,rural,Midwest,West North Central,801.269,7762,4487,2.8,
1981,20077,KS,Harper County, rural,Midwest,West North Central,801.269,7664,4410,3.2,
1982,20077,KS,Harper County,Rural,Midwest,West North Central,801.269,7648,4386,3.6,
1983,20077,KS,Harper County,rural,Midwest,West North Central,801.269,7623,4361,4,
1984,20077,KS,Harper County,rural,Midwest,West North Central,801.269,7586,4320,5.6,
1985,20077,KS,Harper County,rural,Midwest,West North Central,801.269,7481,4239,7.2,
1986,20077,KS,Harper County,rural,Midwest,West North Central,801.269,7317,4141,8.8,
1987,20077,KS,Harper County,rural,Midwest,West North Central,801.269,7209,4056,10.4,
1988,20077,KS,Harper County,rural,Midwest,West North Central,801.269,7105,3978,12,
1989,20077,KS,Harper County,rural,Midwest,West North Central,801.269,7261,4031,11.2,
1990,20077,KS,Harper County,rural,Midwest,West North Central,801.269,7105,3920,10.4,
1991,20077,KS,Harper County,rural,Midwest,West North Central,801.269,7052,3870,9.6,
1992,20077,KS,Harper County,Rural,Midwest,West North Central,801.269,6864,3738,8.8,
1993,20077,KS,Harper County,rural,Midwest,West North Central,801.269,6797,3700,8,
1994,20077,KS,Harper County,rural,Midwest,West North Central,801.269,6742,3702,8.333333,
1995,20077,KS,Harper County,rural,Midwest,West North Central,801.269,6716,3719,8.666667,
1996,20077,KS,Harper County,rural,Midwest,West North Central,801.269,6653,3708,9,
1997,20077,KS,Harper County,rural,Midwest,West North Central,801.269,6677,3765,9.333333,
1998,20077,KS,Harper County,rural,Midwest,West North Central,801.269,6630,3773,9.666667,
1999,20077,KS,Harper County,rural,Midwest,West North Central,801.269,6589,3760,10,
2000,20077,KS,Harper County,rural,Midwest,West North Central,801.269,6511,3724,9.666667,
2001,20077,KS,Harper County, rural,Midwest,West North Central,801.269,6436,3721,9.333333,
2002,20077,KS,Harper County,rural,Midwest,West North Central,801.269,6307,3688,9,
2003,20077,KS,Harper County,rural,Midwest,West North Central,801.269,6308,3715,8.666667,
2004,20077,KS,Harper County,rural,Midwest,West North Central,801.269,6261,3676,8.333333,
2004,20077,KS,Harper County,rural,Midwest,West North Central,801.269,6261,3676,8.333333,
2005,20077,KS,Harper County,rural,Midwest,West North Central,801.269,6166,3610,8,
2006,20077,KS,Harper County,rural,Midwest,West North Central,801.269,6049,3582,9.25,
2007,20077,KS,Harper County,rural,Midwest,West North Central,801.269,5998,3561,10.5,
2008,20077,KS,Harper County,rural,Midwest,West North Central,801.269,6063,3582,11.75,
2009,20077,KS,Harper County,rural,Midwest,West North Central,801.269,6025,3554,13,
2010,20077,KS,Harper County,rural,Midwest,West North Central,801.269,6034,3561,14.25,
2011,20077,KS,Harper County,rural,Midwest,West North Central,801.269,6008,3563,15.5,
2011,20077,KS,Harper County,rural,Midwest,West North Central,801.269,6008,3563,15.5,
2012,20077,KS,Harper County,rural,Midwest,West North Central,801.269,5938,3534,16.75,
2013,20077,KS,Harper County, rural,Midwest,West North Central,801.269,5863,3449,18,
2014,20077,KS,Harper County,rural,Midwest,West North Central,801.269,5843,3409,18,
2015,20077,KS,Harper County,rural,Midwest,West North Central,801.269,5832,3368,18,
2016,20077,KS,Harper County,rural,Midwest,West North Central,801.269,5783,3328,,
1970,20079,KS,Harvey County,small/mid,Midwest,West North Central,539.756,27297,16357,12,
1971,20079,KS,Harvey County,small/mid,Midwest,West North Central,539.756,27509,16550,12.375,
1972,20079,KS,Harvey County,small/mid,Midwest,West North Central,539.756,27595,16712,12.75,
1973,20079,KS,Harvey County,small/mid,Midwest,West North Central,539.756,27843,16990,13.125,
1974,20079,KS,Harvey County,small/mid,Midwest,West North Central,539.756,28399,17508,13.5,
1975,20079,KS,Harvey County,small/mid  ,Midwest,West North Central,539.756,28959,18021,13.875,
1976,20079,KS,Harvey County,small/mid,Midwest,West North Central,539.756,29543,18547,14.25,
1977,20079,KS,Harvey County,small/mid,Midwest,West North Central,539.756,29970,18912,14.625,
1978,20079,KS,Harvey County,small/mid,Midwest,West North Central,539.756,29737,18737,15,
1979,20079,KS,Harvey County,small/mid,Midwest,West North Central,539.756,30418,19250,16,
1980,20079,KS,Harvey County,small/mid,Midwest,West North Central,539.756,30649,19416,17,
1981,20079,KS,Harvey County,small/mid,Midwest,West North Central,539.756,30963,19564,18,
1982,20079,KS,Harvey County,small/mid,Midwest,West North Central,539.756,31041,19558,19,
1983,20079,KS,Harvey County,small/mid,Midwest,West North Central,539.756,31043,19505,20,
1984,20079,KS,Harvey County,small/mid,Midwest,West North Central,539.756,31006,19449,21.2,
1985,20079,KS,Harvey County,small/mid,Midwest,West North Central,539.756,30950,19356,22.4,
1986,20079,KS,Harvey County,small/mid,Midwest,West North Central,539.756,30900,19315,23.6,
1987,20079,KS,Harvey County,small/mid,Midwest,West North Central,539.756,30771,19138,24.8,
1988,20079,KS,Harvey County,small/mid,Midwest,West North Central,539.756,30816,19106,26,
1989,20079,KS,Harvey County,small/mid,Midwest,West North Central,539.756,30967,19070,25.8,
1990,20079,KS,Harvey County,small/mid,Midwest,West North Central,539.756,31034,19085,25.6,
1991,20079,KS,Harvey County,small/mid,Midwest,West North Central,539.756,31129,18997,25.4,
1992,20079,KS,Harvey County,small/mid,Midwest,West North Central,539.756,31452,19247,25.2,
1993,20079,KS,Harvey County,small/mid,Midwest,West North Central,539.756,32059,19649,25,
1994,20079,KS,Harvey County,small/mid,Midwest,West North Central,539.756,32316,19809,30,
1995,20079,KS,Harvey County,small/mid,Midwest,West North Central,539.756,32574,20037,35,
1996,20079,KS,Harvey County,small/mid,Midwest,West North Central,539.756,32852,20250,37,
1997,20079,KS,Harvey County,small/mid,Midwest,West North Central,539.756,32980,20363,34,
1998,20079,KS,Harvey County,small/mid,Midwest,West North Central,539.756,33036,20424,68,
1999,20079,KS,Harvey County,small/mid,Midwest,West North Central,539.756,32981,20430,67,
2000,20079,KS,Harvey County,small/mid,Midwest,West North Central,539.756,32894,20410,71.5,
2001,20079,KS,Harvey County,small/mid,Midwest,West North Central,539.756,32961,20521,655,
2001,20079,,,,,,,,,76,
2002,20079,KS,Harvey County,small/mid,Midwest,West North Central,539.756,33254,20690,80.5,
2003,20079,KS,Harvey County,small/mid,Midwest,West North Central,539.756,33422,20805,85,
2004,20079,KS,Harvey County,small/mid,Midwest,West North Central,539.756,33549,20812,89.5,
2005,20079,KS,Harvey County,small/mid,Midwest,West North Central,539.756,33566,20883,94,
2006,20079,KS,Harvey County,small/mid,Midwest,West North Central,539.756,33659,20892,96,
2007,20079,KS,Harvey County,small/mid,Midwest,West North Central,539.756,33823,20941,98,
2008,20079,KS,Harvey County,small/mid,Midwest,West North Central,539.756,33994,21058,100,
2009,20079,KS,Harvey County,small/mid,Midwest,West North Central,539.756,34547,21370,102,
2010,20079,KS,Harvey County,small/mid,Midwest,West North Central,539.756,34684,21400,104,
2011,20079,KS,Harvey County,Small/mid,Midwest,West North Central,539.756,34740,21445,106,
2012,20079,KS,Harvey County,small/mid,Midwest,West North Central,539.756,34700,21510,108,
2013,20079,KS,Harvey County,small/mid,Midwest,West North Central,539.756,34782,21417,110,
2014,20079,KS,Harvey County,small/mid,Midwest,West North Central,539.756,34729,21347,110,
2015,20079,KS,Harvey County,small/mid,Midwest,West North Central,539.756,34584,21202,110,
2016,20079,KS,Harvey County,small/mid,Midwest,West North Central,539.756,34783,21278,,
1970,20081,KS,Haskell County,rural,Midwest,West North Central,577.521,3653,2215,1,
1971,20081,KS,Haskell County, rural,Midwest,West North Central,577.521,3617,2200,1.055556,
1972,20081,KS,Haskell County,rural,Midwest,West North Central,577.521,3810,2359,1.111111,
1973,20081,KS,Haskell County,rural,Midwest,West North Central,577.521,3807,2371,1.166667,
1974,20081,KS,Haskell County,rural,Midwest,West North Central,577.521,3861,2426,1.222222,
1975,20081,KS,Haskell County,rural,Midwest,West North Central,577.521,3934,2499,1.277778,
1976,20081,KS,Haskell County,rural,Midwest,West North Central,577.521,3996,2547,1.333333,
1977,20081,KS,Haskell County,rural,Midwest,West North Central,577.521,4099,2619,1.388889,
1978,20081,KS,Haskell County,RURAL,Midwest,West North Central,577.521,4104,2634,1.444444,
1979,20081,KS,Haskell County,rural,Midwest,West North Central,577.521,3985,2551,1.5,
1980,20081,KS,Haskell County,rural,Midwest,West North Central,577.521,3802,2426,1.555556,
1981,20081,KS,Haskell County,rural,Midwest,West North Central,577.521,3744,2383,1.611111,
1982,20081,KS,Haskell County,rural,Midwest,West North Central,577.521,3815,2421,1.666667,
1983,20081,KS,Haskell County,rural,Midwest,West North Central,577.521,3895,2468,1.722222,
1984,20081,KS,Haskell County,rural,Midwest,West North Central,577.521,3893,2464,1.777778,
1985,20081,KS,Haskell County,Rural,Midwest,West North Central,577.521,3909,2465,1.833333,
1986,20081,KS,Haskell County,rural,Midwest,West North Central,577.521,3920,2478,1.888889,
1987,20081,KS,Haskell County,rural,Midwest,West North Central,577.521,3971,2499,1.944444,
1987,20081,KS,Haskell County,rural,Midwest,West North Central,577.521,3971,2499,1.944444,
1988,20081,KS,Haskell County,rural,Midwest,West North Central,577.521,4015,2522,2,
1989,20081,KS,Haskell County,rural,Midwest,West North Central,577.521,3922,2448,2.4,
1990,20081,KS,Haskell County,rural,Midwest,West North Central,577.521,3880,2414,2.8,
1990,20081,KS,Haskell County,rural,Midwest,West North Central,577.521,3880,2414,2.8,
1991,20081,KS,Haskell County,rural,Midwest,West North Central,577.521,3932,2439,3.2,
1992,20081,KS,Haskell County,rural,Midwest,West North Central,577.521,3970,2471,3.6,
1993,20081,KS,Haskell County,rural,Midwest,West North Central,577.521,4012,2492,4,
1994,20081,KS,Haskell County,rural,Midwest,West North Central,577.521,4048,2516,5.166667,
1995,20081,KS,Haskell County,rural,Midwest,West North Central,577.521,4051,2541,6.333333,
1996,20081,KS,Haskell County,rural,Midwest,West North Central,577.521,4066,2550,7.5,
1996,20081,KS,Haskell County,rural,Midwest,West North Central,577.521,4066,2550,7.5,
1997,20081,KS,Haskell County,rural,Midwest,West North Central,577.521,4188,2621,8.666667,
1998,20081,KS,Haskell County,rural,Midwest,West North Central,577.521,4155,2588,536,
1998,20081,,,,,,,,,9.833333,
1999,20081,KS,Haskell County,rural,Midwest,West North Central,577.521,4257,2652,11,
1999,20081,KS,Haskell County,rural,Midwest,West North Central,577.521,4257,2652,11,
2000,20081,KS,Haskell County,  RURAL ,Midwest,West North Central,577.521,4302,2685,10.33333,
2001,20081,KS,Haskell County,rural,Midwest,West North Central,577.521,4246,2657,9.666667,
2002,20081,KS,Haskell County,rural,Midwest,West North Central,577.521,4194,2648,9,
2003,20081,KS,Haskell County,rural,Midwest,West North Central,577.521,4214,2665,522,
2003,20081,,,,,,,,,8.333333,
2004,20081,KS,Haskell County, rural,Midwest,West North Central,577.521,4238,2692,7.666667,
2005,20081,KS,Haskell County,rural,Midwest,West North Central,577.521,4250,2693,7,
2006,20081,KS,Haskell County,rural,Midwest,West North Central,577.521,4182,2657,6.75,
2007,20081,KS,Haskell County,rural,Midwest,West North Central,577.521,4184,2655,6.5,
2008,20081,KS,Haskell County,rural,Midwest,West North Central,577.521,4153,2666,6.25,
2009,20081,KS,Haskell County,rural,Midwest,West North Central,577.521,4188,2712,6,
2009,20081,KS,Haskell County,rural,Midwest,West North Central,577.521,4188,2712,6,
2010,20081,KS,Haskell County,rural,Midwest,West North Central,577.521,4256,2725,5.75,
2011,20081,KS,Haskell County, rural,Midwest,West North Central,577.521,4273,2734,5.5,
2012,20081,KS,Haskell County,rural,Midwest,West North Central,577.521,4233,2702,5.25,
2013,20081,KS,Haskell County,rural,Midwest,West North Central,577.521,4214,2683,5,
2014,20081,KS,Haskell County,RURAL,Midwest,West North Central,577.521,4121,2639,5,
2015,20081,KS,Haskell County,rural,Midwest,West North Central,577.521,4099,2603,5,
2016,20081,KS,Haskell County,rural,Midwest,West North Central,577.521,4092,2567,,
1970,20083,KS,Hodgeman County,rural,Midwest,West North Central,859.992,2652,1534,0,
1970,20083,KS,Hodgeman County,rural,Midwest,West North Central,859.992,2652,1534,0,
1971,20083,KS,Hodgeman County,rural,Midwest,West North Central,859.992,2629,1539,0,
1972,20083,KS,Hodgeman County,rural,Midwest,West North Central,859.992,2826,1701,0,
1973,20083,KS,Hodgeman County,rural,Midwest,West North Central,859.992,2530,1524,0,
1973,20083,KS,Hodgeman County,rural,Midwest,West North Central,859.992,2530,1524,0,
1974,20083,KS,Hodgeman County,Rural,Midwest,West North Central,859.992,2497,1523,501,
1974,20083,,,,,,,,,0,
1975,20083,KS,Hodgeman County,rural,Midwest,West North Central,859.992,2527,1573,0,
1976,20083,KS,Hodgeman County,  RURAL ,Midwest,West North Central,859.992,2471,1541,0,
1977,20083,KS,Hodgeman County,rural,Midwest,West North Central,859.992,2437,1531,0,
1978,20083,KS,Hodgeman County,rural,Midwest,West North Central,859.992,2359,1476,0,
1979,20083,KS,Hodgeman County,rural,Midwest,West North Central,859.992,2288,1422,0,
1980,20083,KS,Hodgeman County,rural,Midwest,West North Central,859.992,2254,1401,0,
1981,20083,KS,Hodgeman County,rural,Midwest,West North Central,859.992,2189,1349,0,
1982,20083,KS,Hodgeman County,rural,Midwest,West North Central,859.992,2226,1360,0,
1982,20083,KS,Hodgeman County,rural,Midwest,West North Central,859.992,2226,1360,0,
1983,20083,KS,Hodgeman County,rural,Midwest,West North Central,859.992,2287,1386,2,
1984,20083,KS,Hodgeman County,rural,Midwest,West North Central,859.992,2308,1387,1.8,
1985,20083,KS,Hodgeman County,rural,Midwest,West North Central,859.992,2293,1369,1.6,
1986,20083,KS,Hodgeman County,rural,Midwest,West North Central,859.992,2267,1347,1.4,
1987,20083,KS,Hodgeman County,rural,Midwest,West North Central,859.992,2229,1308,1.2,
1988,20083,KS,Hodgeman County,rural,Midwest,West North Central,859.992,2250,1305,1,
1989,20083,KS,Hodgeman County,rural,Midwest,West North Central,859.992,2220,1273,1.2,
1990,20083,KS,Hodgeman County,rural,Midwest,West North Central,859.992,2169,1234,1.4,
1990,20083,KS,Hodgeman County,rural,Midwest,West North Central,859.992,2169,1234,1.4,
1991,20083,KS,Hodgeman County,rural,Midwest,West North Central,859.992,2199,1254,1.6,
1992,20083,KS,Hodgeman County,rural,Midwest,West North Central,859.992,2141,1219,1.8,
1993,20083,KS,Hodgeman County,rural,Midwest,West North Central,859.992,2105,1188,2,
1994,20083,KS,Hodgeman County,rural,Midwest,West North Central,859.992,2157,1231,1.833333,
1995,20083,KS,Hodgeman County,rural,Midwest,West North Central,859.992,2165,1254,1.666667,
1996,20083,KS,Hodgeman County,rural,Midwest,West North Central,859.992,2143,1242,1.5,
1997,20083,KS,Hodgeman County,rural,Midwest,West North Central,859.992,2124,1236,1.333333,
1998,20083,KS,Hodgeman County,rural,Midwest,West North Central,859.992,2095,1228,1.166667,
1999,20083,KS,Hodgeman County, rural,Midwest,West North Central,859.992,2096,1232,1,
2000,20083,KS,Hodgeman County,rural,Midwest,West North Central,859.992,2072,1220,515,
2000,20083,,,,,,,,,1.333333,
2001,20083,KS,Hodgeman County,RURAL,Midwest,West North Central,859.992,2118,1252,515,
2001,20083,,,,,,,,,1.666667,
2002,20083,KS,Hodgeman County,rural,Midwest,West North Central,859.992,2139,1286,2,
2003,20083,KS,Hodgeman County,rural,Midwest,West North Central,859.992,2122,1275,2.333333,
2004,20083,KS,Hodgeman County,rural,Midwest,West North Central,859.992,2089,1265,2.666667,
2005,20083,KS,Hodgeman County,rural,Midwest,West North Central,859.992,2038,1252,3,
2006,20083,KS,Hodgeman County,rural  ,Midwest,West North Central,859.992,2027,1235,3,
2007,20083,KS,Hodgeman County,Rural,Midwest,West North Central,859.992,1959,1180,3,
2008,20083,KS,Hodgeman County,rural,Midwest,West North Central,859.992,1949,1173,3,
2009,20083,KS,Hodgeman County,rural,Midwest,West North Central,859.992,1929,1138,3,
2009,20083,KS,Hodgeman County,rural,Midwest,West North Central,859.992,1929,1138,3,
2010,20083,KS,Hodgeman County,rural,Midwest,West North Central,859.992,1918,1151,3,
2011,20083,KS,Hodgeman County,rural,Midwest,West North Central,859.992,1919,1147,3,
2011,20083,KS,Hodgeman County,rural,Midwest,West North Central,859.992,1919,1147,3,
2012,20083,KS,Hodgeman County,rural,Midwest,West North Central,859.992,1957,1170,3,
2013,20083,KS,Hodgeman County,RURAL,Midwest,West North Central,859.992,1929,1160,3,
2014,20083,KS,Hodgeman County,rural,Midwest,West North Central,859.992,1925,1156,3,
2015,20083,KS,Hodgeman County,rural,Midwest,West North Central,859.992,1888,1129,3,
2016,20083,KS,Hodgeman County,rural,Midwest,West North Central,859.992,1866,1095,,
1970,20085,KS,Jackson County,small/mid,Midwest,West North Central,656.219,10368,5775,0,
1971,20085,KS,Jackson County,small/mid,Midwest,West North Central,656.219,10524,5896,0,
1972,20085,KS,Jackson County,small/mid,Midwest,West North Central,656.219,10578,5964,0,
1973,20085,KS,Jackson County,small/mid,Midwest,West North Central,656.219,10902,6218,0,
1974,20085,KS,Jackson County,small/mid,Midwest,West North Central,656.219,10795,6189,0,
1975,20085,KS,Jackson County,Small/mid,Midwest,West North Central,656.219,10823,6251,0,
1976,20085,KS,Jackson County,small/mid,Midwest,West North Central,656.219,10941,6378,0,
1977,20085,KS,Jackson County,small/mid,Midwest,West North Central,656.219,11354,6694,0,
1978,20085,KS,Jackson County,small/mid,Midwest,West North Central,656.219,11480,6812,0,
1979,20085,KS,Jackson County,small/mid,Midwest,West North Central,656.219,11523,6878,0,
1980,20085,KS,Jackson County,small/mid,Midwest,West North Central,656.219,11601,6941,0,
1981,20085,KS,Jackson County,small/mid,Midwest,West North Central,656.219,11398,6817,0,
1982,20085,KS,Jackson County,small/mid,Midwest,West North Central,656.219,11423,6827,0,
1983,20085,KS,Jackson County,small/mid,Midwest,West North Central,656.219,11495,6865,1,
1984,20085,KS,Jackson County,small/mid,Midwest,West North Central,656.219,11310,6766,2,
1985,20085,KS,Jackson County,  SMALL/MID ,Midwest,West North Central,656.219,11387,6806,3,
1986,20085,KS,Jackson County,small/mid,Midwest,West North Central,656.219,11367,6816,4,
1987,20085,KS,Jackson County,Small/mid,Midwest,West North Central,656.219,11329,6773,5,
1988,20085,KS,Jackson County,small/mid,Midwest,West North Central,656.219,11511,6881,6,
1989,20085,KS,Jackson County,small/mid,Midwest,West North Central,656.219,11667,6947,7.2,
1990,20085,KS,Jackson County,small/mid,Midwest,West North Central,656.219,11519,6864,8.4,
1991,20085,KS,Jackson County,small/mid,Midwest,West North Central,656.219,11568,6887,9.6,
1992,20085,KS,Jackson County,small/mid,Midwest,West North Central,656.219,11553,6892,10.8,
1993,20085,KS,Jackson County,small/mid,Midwest,West North Central,656.219,11708,6998,12,
1994,20085,KS,Jackson County,SMALL/MID,Midwest,West North Central,656.219,11845,7111,10,
1995,20085,KS,Jackson County,small/mid,Midwest,West North Central,656.219,11980,7266,12,
1995,20085,KS,Jackson County,small/mid,Midwest,West North Central,656.219,11980,7266,12,
1996,20085,KS,Jackson County,small/mid,Midwest,West North Central,656.219,12246,7472,10,
1997,20085,KS,Jackson County,small/mid,Midwest,West North Central,656.219,12325,7556,15,
1998,20085,KS,Jackson County,small/mid,Midwest,West North Central,656.219,12457,7657,55,
1999,20085,KS,Jackson County,small/mid,Midwest,West North Central,656.219,12528,7739,51,
2000,20085,KS,Jackson County,Small/mid,Midwest,West North Central,656.219,12655,7874,58,
2001,20085,KS,Jackson County,small/mid,Midwest,West North Central,656.219,12672,7935,65,
2002,20085,KS,Jackson County,small/mid,Midwest,West North Central,656.219,12826,8059,72,
2003,20085,KS,Jackson County,Small/mid,Midwest,West North Central,656.219,12983,8158,79,
2004,20085,KS,Jackson County,small/mid,Midwest,West North Central,656.219,13069,8171,86,
2005,20085,KS,Jackson County,small/mid,Midwest,West North Central,656.219,13362,8410,93,
2006,20085,KS,Jackson County,small/mid,Midwest,West North Central,656.219,13356,8463,88.75,
2007,20085,KS,Jackson County,Small/mid,Midwest,West North Central,656.219,13348,8403,84.5,
2008,20085,KS,Jackson County,small/mid,Midwest,West North Central,656.219,13235,8294,80.25,
2009,20085,KS,Jackson County,small/mid,Midwest,West North Central,656.219,13369,8353,76,
2010,20085,KS,Jackson County,small/mid,Midwest,West North Central,656.219,13462,8443,71.75,
2011,20085,KS,Jackson County,small/mid,Midwest,West North Central,656.219,13464,8457,67.5,
2012,20085,KS,Jackson County, small/mid,Midwest,West North Central,656.219,13424,8434,63.25,
2013,20085,KS,Jackson County,small/mid,Midwest,West North Central,656.219,13399,8334,59,
2014,20085,KS,Jackson County,small/mid,Midwest,West North Central,656.219,13309,8222,59,
2015,20085,KS,Jackson County,small/mid,Midwest,West North Central,656.219,13438,8273,59,
2016,20085,KS,Jackson County,small/mid,Midwest,West North Central,656.219,13284,8148,,
1970,20087,KS,Jefferson County,small/mid,Midwest,West North Central,532.574,11971,6660,0,
1970,20087,KS,Jefferson County,small/mid,Midwest,West North Central,532.574,11971,6660,0,
1971,20087,KS,Jefferson County,small/mid,Midwest,West North Central,532.574,12067,6764,0,
1972,20087,KS,Jefferson County,small/mid,Midwest,West North Central,532.574,12478,7088,0,
1972,20087,KS,Jefferson County,small/mid,Midwest,West North Central,532.574,12478,7088,0,
1973,20087,KS,Jefferson County,small/mid,Midwest,West North Central,532.574,12930,7461,0,
1973,20087,KS,Jefferson County,small/mid,Midwest,West North Central,532.574,12930,7461,0,
1974,20087,KS,Jefferson County,small/mid,Midwest,West North Central,532.574,13051,7604,0,
1975,20087,KS,Jefferson County,small/mid,Midwest,West North Central,532.574,13193,7764,0,
1976,20087,KS,Jefferson County,small/mid,Midwest,West North Central,532.574,13471,8022,0,
1977,20087,KS,Jefferson County,small/mid,Midwest,West North Central,532.574,14280,8675,0,
1978,20087,KS,Jefferson County,small/mid,Midwest,West North Central,532.574,14663,8979,3,
1979,20087,KS,Jefferson County,small/mid,Midwest,West North Central,532.574,14949,9234,3.2,
1980,20087,KS,Jefferson County,small/mid,Midwest,West North Central,532.574,15225,9461,3.4,
1981,20087,KS,Jefferson County,small/mid,Midwest,West North Central,532.574,15244,9474,3.6,
1982,20087,KS,Jefferson County,small/mid,Midwest,West North Central,532.574,15222,9462,3.8,
1983,20087,KS,Jefferson County,small/mid,Midwest,West North Central,532.574,15301,9518,4,
1984,20087,KS,Jefferson County,  SMALL/MID ,Midwest,West North Central,532.574,15269,9516,4.2,
1985,20087,KS,Jefferson County,small/mid,Midwest,West North Central,532.574,15160,9449,4.4,
1986,20087,KS,Jefferson County,small/mid,Midwest,West North Central,532.574,15218,9507,4.6,
1987,20087,KS,Jefferson County,small/mid,Midwest,West North Central,532.574,15432,9620,4.8,
1987,20087,KS,Jefferson County,small/mid,Midwest,West North Central,532.574,15432,9620,4.8,
1988,20087,KS,Jefferson County,small/mid,Midwest,West North Central,532.574,15758,9826,5,
1989,20087,KS,Jefferson County,small/mid,Midwest,West North Central,532.574,15900,9881,5.8,
1990,20087,KS,Jefferson County,small/mid,Midwest,West North Central,532.574,15941,9904,6.6,
1991,20087,KS,Jefferson County,small/mid,Midwest,West North Central,532.574,16006,9943,7.4,
1992,20087,KS,Jefferson County,small/mid,Midwest,West North Central,532.574,16242,10164,8.2,
1993,20087,KS,Jefferson County,small/mid  ,Midwest,West North Central,532.574,16487,10388,9,
1994,20087,KS,Jefferson County,small/mid,Midwest,West North Central,532.574,16840,10672,15.16667,
1995,20087,KS,Jefferson County,Small/mid,Midwest,West North Central,532.574,17253,11050,21.33333,
1996,20087,KS,Jefferson County,small/mid,Midwest,West North Central,532.574,17553,11324,27.5,
1997,20087,KS,Jefferson County,  SMALL/MID ,Midwest,West North Central,532.574,18001,11650,33.66667,
1998,20087,KS,Jefferson County,Small/mid,Midwest,West North Central,532.574,18273,11867,39.83333,
1999,20087,KS,Jefferson County,small/mid,Midwest,West North Central,532.574,18291,11910,46,
2000,20087,KS,Jefferson County,small/mid,Midwest,West North Central,532.574,18553,12068,44.33333,
2001,20087,KS,Jefferson County,small/mid,Midwest,West North Central,532.574,18640,12153,42.66667,
2002,20087,KS,Jefferson County,SMALL/MID,Midwest,West North Central,532.574,18741,12306,41,
2003,20087,KS,Jefferson County,small/mid,Midwest,West North Central,532.574,18835,12426,39.33333,
2004,20087,KS,Jefferson County,small/mid,Midwest,West North Central,532.574,19042,12506,37.66667,
2005,20087,KS,Jefferson County,small/mid,Midwest,West North Central,532.574,19159,12582,36,
2006,20087,KS,Jefferson County,small/mid,Midwest,West North Central,532.574,19005,12492,35.125,
2007,20087,KS,Jefferson County,SMALL/MID,Midwest,West North Central,532.574,19049,12468,34.25,
2008,20087,KS,Jefferson County,small/mid,Midwest,West North Central,532.574,19072,12436,33.375,
2009,20087,KS,Jefferson County,small/mid,Midwest,West North Central,532.574,19037,12396,32.5,
2010,20087,KS,Jefferson County,small/mid,Midwest,West North Central,532.574,19124,12352,31.625,
2011,20087,KS,Jefferson County,small/mid,Midwest,West North Central,532.574,19137,12351,30.75,
2011,20087,KS,Jefferson County,small/mid,Midwest,West North Central,532.574,19137,12351,30.75,
2012,20087,KS,Jefferson County,small/mid,Midwest,West North Central,532.574,18956,12221,29.875,
2013,20087,KS,Jefferson County,SMALL/MID,Midwest,West North Central,532.574,18877,12114,29,
2014,20087,KS,Jefferson County,small/mid,Midwest,West North Central,532.574,18789,12045,29,
2015,20087,KS,Jefferson County,small/mid,Midwest,West North Central,532.574,18821,12016,29,
2016,20087,KS,Jefferson County,small/mid,Midwest,West North Central,532.574,18814,11982,,
1970,20089,KS,Jewell County,rural,Midwest,West North Central,909.779,6031,3360,0,
1971,20089,KS,Jewell County,rural,Midwest,West North Central,909.779,5774,3205,0,
1972,20089,KS,Jewell County,  RURAL ,Midwest,West North Central,909.779,5598,3116,0,
1973,20089,KS,Jewell County,rural,Midwest,West North Central,909.779,5576,3136,0,
1974,20089,KS,Jewell County,rural,Midwest,West North Central,909.779,5492,3119,0,
1975,20089,KS,Jewell County,rural,Midwest,West North Central,909.779,5464,3142,0,
1976,20089,KS,Jewell County,rural,Midwest,West North Central,909.779,5414,3112,0,
1977,20089,KS,Jewell County,rural,Midwest,West North Central,909.779,5406,3121,0,
1978,20089,KS,Jewell County,rural,Midwest,West North Central,909.779,5422,3134,0,
1979,20089,KS,Jewell County, rural,Midwest,West North Central,909.779,5295,3058,0,
1980,20089,KS,Jewell County,rural  ,Midwest,West North Central,909.779,5204,2995,0,
1981,20089,KS,Jewell County,rural,Midwest,West North Central,909.779,5035,2891,0,
1982,20089,KS,Jewell County,rural,Midwest,West North Central,909.779,5069,2900,0,
1983,20089,KS,Jewell County,rural,Midwest,West North Central,909.779,5033,2868,0,
1984,20089,KS,Jewell County,rural,Midwest,West North Central,909.779,4840,2749,0,
1985,20089,KS,Jewell County,rural,Midwest,West North Central,909.779,4705,2664,0,
1986,20089,KS,Jewell County,rural,Midwest,West North Central,909.779,4668,2636,0,
1987,20089,KS,Jewell County,rural,Midwest,West North Central,909.779,4577,2571,0,
1988,20089,KS,Jewell County,Rural,Midwest,West North Central,909.779,4466,2498,1,
1989,20089,KS,Jewell County,rural,Midwest,West North Central,909.779,4319,2392,1,
1989,20089,KS,Jewell County,rural,Midwest,West North Central,909.779,4319,2392,1,
1990,20089,KS,Jewell County,rural,Midwest,West North Central,909.779,4233,2338,1,
1991,20089,KS,Jewell County,  RURAL ,Midwest,West North Central,909.779,4124,2277,1,
1992,20089,KS,Jewell County,rural,Midwest,West North Central,909.779,4070,2251,1,
1993,20089,KS,Jewell County,rural,Midwest,West North Central,909.779,4003,2222,1,
1994,20089,KS,Jewell County,rural,Midwest,West North Central,909.779,3961,2222,1.166667,
1995,20089,KS,Jewell County,rural,Midwest,West North Central,909.779,4016,2264,1.333333,
1996,20089,KS,Jewell County,RURAL,Midwest,West North Central,909.779,4034,2294,1.5,
1997,20089,KS,Jewell County, rural,Midwest,West North Central,909.779,3990,2278,1.666667,
1998,20089,KS,Jewell County,rural,Midwest,West North Central,909.779,3935,2246,1.833333,
1999,20089,KS,Jewell County,rural,Midwest,West North Central,909.779,3842,2187,2,
2000,20089,KS,Jewell County,rural,Midwest,West North Central,909.779,3747,2146,2,
2001,20089,KS,Jewell County,rural,Midwest,West North Central,909.779,3603,2069,2,
2002,20089,KS,Jewell County,RURAL,Midwest,West North Central,909.779,3491,2012,2,
2003,20089,KS,Jewell County,rural,Midwest,West North Central,909.779,3421,1990,2,
2004,20089,KS,Jewell County,rural,Midwest,West North Central,909.779,3349,1939,2,
2005,20089,KS,Jewell County,rural,Midwest,West North Central,909.779,3271,1904,2,
2005,20089,KS,Jewell County,rural,Midwest,West North Central,909.779,3271,1904,2,
2006,20089,KS,Jewell County,RURAL,Midwest,West North Central,909.779,3264,1864,2.25,
2007,20089,KS,Jewell County,rural,Midwest,West North Central,909.779,3200,1839,2.5,
2008,20089,KS,Jewell County,rural,Midwest,West North Central,909.779,3137,1808,2.75,
2009,20089,KS,Jewell County,rural,Midwest,West North Central,909.779,3077,1761,3,
2010,20089,KS,Jewell County,rural,Midwest,West North Central,909.779,3077,1755,3.25,
2011,20089,KS,Jewell County,rural,Midwest,West North Central,909.779,3067,1753,3.5,
2012,20089,KS,Jewell County,rural,Midwest,West North Central,909.779,3093,1768,3.75,
2013,20089,KS,Jewell County,rural,Midwest,West North Central,909.779,3057,1752,4,
2014,20089,KS,Jewell County,rural,Midwest,West North Central,909.779,3063,1750,4,
2015,20089,KS,Jewell County,rural,Midwest,West North Central,909.779,3047,1720,4,
2016,20089,KS,Jewell County,rural,Midwest,West North Central,909.779,2966,1666,,
1970,20091,KS,Johnson County,Suburban,Midwest,West North Central,473.463,220680,138493,33,
1971,20091,KS,Johnson County,suburban,Midwest,West North Central,473.463,223130,141192,35.125,
1972,20091,KS,Johnson County,suburban,Midwest,West North Central,473.463,226875,145304,564,
1972,20091,,,,,,,,,37.25,
1973,20091,KS,Johnson County,suburban,Midwest,West North Central,473.463,232241,150633,39.375,
1974,20091,KS,Johnson County,suburban,Midwest,West North Central,473.463,232843,152591,41.5,
1975,20091,KS,Johnson County,suburban,Midwest,West North Central,473.463,237078,156987,43.625,
1976,20091,KS,Johnson County,suburban,Midwest,West North Central,473.463,241985,162129,45.75,
1977,20091,KS,Johnson County,suburban,Midwest,West North Central,473.463,250255,169353,47.875,
1978,20091,KS,Johnson County,suburban,Midwest,West North Central,473.463,258631,176525,50,
1979,20091,KS,Johnson County, suburban,Midwest,West North Central,473.463,264182,181374,61.4,
1980,20091,KS,Johnson County,suburban,Midwest,West North Central,473.463,271524,186982,72.8,
1981,20091,KS,Johnson County,suburban  ,Midwest,West North Central,473.463,275324,189322,84.2,
1982,20091,KS,Johnson County,suburban,Midwest,West North Central,473.463,279538,191859,95.6,
1983,20091,KS,Johnson County,suburban,Midwest,West North Central,473.463,285934,195996,107,
1984,20091,KS,Johnson County,suburban,Midwest,West North Central,473.463,294551,201849,125.5,
1985,20091,KS,Johnson County,suburban,Midwest,West North Central,473.463,303127,207382,144,
1986,20091,KS,Johnson County,suburban,Midwest,West North Central,473.463,313789,214951,150,
1987,20091,KS,Johnson County,suburban,Midwest,West North Central,473.463,326702,223033,187,
1988,20091,KS,Johnson County,suburban,Midwest,West North Central,473.463,337508,230006,225,
1989,20091,KS,Johnson County,suburban,Midwest,West North Central,473.463,347555,235648,262,
1990,20091,KS,Johnson County,suburban,Midwest,West North Central,473.463,357309,241823,345,
1991,20091,KS,Johnson County,suburban,Midwest,West North Central,473.463,365507,246004,328,
1992,20091,KS,Johnson County,suburban  ,Midwest,West North Central,473.463,374801,252042,344,
1993,20091,KS,Johnson County,suburban,Midwest,West North Central,473.463,385022,258559,244,
1994,20091,KS,Johnson County,suburban,Midwest,West North Central,473.463,395003,265313,285,
1995,20091,KS,Johnson County,suburban,Midwest,West North Central,473.463,403202,271487,326,
1996,20091,KS,Johnson County,suburban,Midwest,West North Central,473.463,411635,277118,367,
1996,20091,KS,Johnson County,suburban,Midwest,West North Central,473.463,411635,277118,367,
1997,20091,KS,Johnson County,suburban,Midwest,West North Central,473.463,421504,283426,408,
1998,20091,KS,Johnson County,suburban,Midwest,West North Central,473.463,432723,290825,449,
1999,20091,KS,Johnson County,suburban,Midwest,West North Central,473.463,443434,298269,490,
2000,20091,KS,Johnson County,suburban,Midwest,West North Central,473.463,454539,306153,495,
2001,20091,KS,Johnson County,suburban,Midwest,West North Central,473.463,463554,313139,563,
2001,20091,KS,Johnson County,suburban,Midwest,West North Central,473.463,463554,313139,563,
2002,20091,KS,Johnson County,suburban,Midwest,West North Central,473.463,475239,321684,628,
2003,20091,KS,Johnson County,suburban,Midwest,West North Central,473.463,485689,328962,498,
2004,20091,KS,Johnson County,suburban,Midwest,West North Central,473.463,495396,335372,527,
2005,20091,KS,Johnson County,suburban,Midwest,West North Central,473.463,504441,341823,532,
2006,20091,KS,Johnson County,SUBURBAN,Midwest,West North Central,473.463,514813,348468,594,
2007,20091,KS,Johnson County,suburban,Midwest,West North Central,473.463,523879,353860,581,
2008,20091,KS,Johnson County,suburban,Midwest,West North Central,473.463,532175,358951,500,
2009,20091,KS,Johnson County,suburban,Midwest,West North Central,473.463,539396,362692,500,
2010,20091,KS,Johnson County,suburban  ,Midwest,West North Central,473.463,544179,364909,795,
2011,20091,KS,Johnson County,suburban,Midwest,West North Central,473.463,545708,365876,765,
2012,20091,KS,Johnson County,suburban,Midwest,West North Central,473.463,552760,370074,640,
2013,20091,KS,Johnson County,suburban,Midwest,West North Central,473.463,559388,372597,650,
2014,20091,KS,Johnson County,suburban,Midwest,West North Central,473.463,566287,375994,672,
2015,20091,KS,Johnson County,SUBURBAN,Midwest,West North Central,473.463,572885,379198,690,
2016,20091,KS,Johnson County,suburban,Midwest,West North Central,473.463,578920,382225,,
1970,20093,KS,Kearny County,rural  ,Midwest,West North Central,870.543,3047,1816,0,
1971,20093,KS,Kearny County,rural,Midwest,West North Central,870.543,3077,1844,0,
1972,20093,KS,Kearny County,rural,Midwest,West North Central,870.543,3050,1836,501,
1972,20093,,,,,,,,,0,
1973,20093,KS,Kearny County, rural,Midwest,West North Central,870.543,3087,1879,0,
1974,20093,KS,Kearny County,rural,Midwest,West North Central,870.543,3083,1886,0,
1975,20093,KS,Kearny County,rural,Midwest,West North Central,870.543,3171,1961,0,
1976,20093,KS,Kearny County,rural,Midwest,West North Central,870.543,3164,1963,0,
1977,20093,KS,Kearny County,rural,Midwest,West North Central,870.543,3348,2091,0,
1978,20093,KS,Kearny County,rural,Midwest,West North Central,870.543,3375,2110,2,
1979,20093,KS,Kearny County,rural,Midwest,West North Central,870.543,3397,2116,2.6,
1980,20093,KS,Kearny County,rural,Midwest,West North Central,870.543,3477,2158,3.2,
1981,20093,KS,Kearny County,rural,Midwest,West North Central,870.543,3645,2255,3.8,
1982,20093,KS,Kearny County,rural,Midwest,West North Central,870.543,3821,2350,4.4,
1983,20093,KS,Kearny County,rural,Midwest,West North Central,870.543,3857,2366,5,
1984,20093,KS,Kearny County,rural,Midwest,West North Central,870.543,3895,2382,5,
1985,20093,KS,Kearny County,rural,Midwest,West North Central,870.543,3909,2387,5,
1985,20093,KS,Kearny County,rural,Midwest,West North Central,870.543,3909,2387,5,
1986,20093,KS,Kearny County,rural,Midwest,West North Central,870.543,4050,2474,5,
1987,20093,KS,Kearny County,rural,Midwest,West North Central,870.543,4139,2515,5,
1988,20093,KS,Kearny County,rural,Midwest,West North Central,870.543,4208,2547,5,
1988,20093,KS,Kearny County,rural,Midwest,West North Central,870.543,4208,2547,5,
1989,20093,KS,Kearny County,rural,Midwest,West North Central,870.543,4142,2488,5.6,
1990,20093,KS,Kearny County, rural,Midwest,West North Central,870.543,4015,2402,6.2,
1991,20093,KS,Kearny County,rural,Midwest,West North Central,870.543,4026,2403,6.8,
1992,20093,KS,Kearny County,rural,Midwest,West North Central,870.543,4090,2443,7.4,
1993,20093,KS,Kearny County,rural,Midwest,West North Central,870.543,4166,2491,8,
1994,20093,KS,Kearny County,rural,Midwest,West North Central,870.543,4313,2593,7.833333,
1995,20093,KS,Kearny County,rural,Midwest,West North Central,870.543,4366,2656,7.666667,
1995,20093,KS,Kearny County,rural,Midwest,West North Central,870.543,4366,2656,7.666667,
1996,20093,KS,Kearny County,rural,Midwest,West North Central,870.543,4435,2698,7.5,
1997,20093,KS,Kearny County,rural,Midwest,West North Central,870.543,4470,2723,7.333333,
1998,20093,KS,Kearny County,rural,Midwest,West North Central,870.543,4465,2723,7.166667,
1999,20093,KS,Kearny County,rural,Midwest,West North Central,870.543,4521,2745,7,
2000,20093,KS,Kearny County,rural,Midwest,West North Central,870.543,4497,2714,6.666667,
2001,20093,KS,Kearny County,rural,Midwest,West North Central,870.543,4489,2722,6.333333,
2002,20093,KS,Kearny County,rural,Midwest,West North Central,870.543,4371,2697,6,
2003,20093,KS,Kearny County,rural,Midwest,West North Central,870.543,4249,2640,5.666667,
2004,20093,KS,Kearny County,rural,Midwest,West North Central,870.543,4231,2632,5.333333,
2005,20093,KS,Kearny County,rural,Midwest,West North Central,870.543,4147,2574,5,
2005,20093,KS,Kearny County,rural,Midwest,West North Central,870.543,4147,2574,5,
2006,20093,KS,Kearny County,rural,Midwest,West North Central,870.543,4052,2510,4.875,
2007,20093,KS,Kearny County,rural,Midwest,West North Central,870.543,3928,2436,4.75,
2008,20093,KS,Kearny County,rural,Midwest,West North Central,870.543,3909,2424,4.625,
2009,20093,KS,Kearny County,rural,Midwest,West North Central,870.543,3941,2464,4.5,
2010,20093,KS,Kearny County,rural  ,Midwest,West North Central,870.543,3982,2474,4.375,
2011,20093,KS,Kearny County,rural,Midwest,West North Central,870.543,4002,2484,4.25,
2012,20093,KS,Kearny County,Rural,Midwest,West North Central,870.543,3965,2447,4.125,
2013,20093,KS,Kearny County,rural,Midwest,West North Central,870.543,3982,2442,4,
2013,20093,KS,Kearny County,rural,Midwest,West North Central,870.543,3982,2442,4,
2014,20093,KS,Kearny County,  RURAL ,Midwest,West North Central,870.543,3920,2423,4,
2015,20093,KS,Kearny County,rural,Midwest,West North Central,870.543,3939,2423,4,
2016,20093,KS,Kearny County,rural,Midwest,West North Central,870.543,3934,2407,,
1970,20095,KS,Kingman County,small/mid,Midwest,West North Central,863.363,8846,5048,1,
1971,20095,KS,Kingman County,small/mid,Midwest,West North Central,863.363,8675,4973,1,
1972,20095,KS,Kingman County,small/mid,Midwest,West North Central,863.363,8874,5171,1,
1972,20095,KS,Kingman County,small/mid,Midwest,West North Central,863.363,8874,5171,1,
1973,20095,KS,Kingman County,small/mid,Midwest,West North Central,863.363,8848,5218,1,
1974,20095,KS,Kingman County,small/mid,Midwest,West North Central,863.363,8847,5258,1,
1975,20095,KS,Kingman County,small/mid  ,Midwest,West North Central,863.363,8924,5368,1,
1976,20095,KS,Kingman County,small/mid,Midwest,West North Central,863.363,8968,5421,1,
1977,20095,KS,Kingman County,small/mid,Midwest,West North Central,863.363,8929,5400,1,
1978,20095,KS,Kingman County,small/mid,Midwest,West North Central,863.363,8917,5401,515,
1978,20095,,,,,,,,,1,
1979,20095,KS,Kingman County,small/mid,Midwest,West North Central,863.363,8911,5414,1.2,
1980,20095,KS,Kingman County,small/mid,Midwest,West North Central,863.363,8947,5442,1.4,
1981,20095,KS,Kingman County,small/mid,Midwest,West North Central,863.363,8860,5356,1.6,
1982,20095,KS,Kingman County,small/mid,Midwest,West North Central,863.363,8812,5299,1.8,
1983,20095,KS,Kingman County,small/mid,Midwest,West North Central,863.363,8760,5241,2,
1984,20095,KS,Kingman County,small/mid,Midwest,West North Central,863.363,8690,5168,2,
1985,20095,KS,Kingman County,small/mid,Midwest,West North Central,863.363,8518,5038,2,
1986,20095,KS,Kingman County,small/mid,Midwest,West North Central,863.363,8357,4923,2,
1987,20095,KS,Kingman County,small/mid,Midwest,West North Central,863.363,8266,4826,4,
1988,20095,KS,Kingman County,small/mid,Midwest,West North Central,863.363,8195,4753,4,
1989,20095,KS,Kingman County,small/mid,Midwest,West North Central,863.363,8304,4766,4.2,
1990,20095,KS,Kingman County,small/mid,Midwest,West North Central,863.363,8301,4738,4.4,
1991,20095,KS,Kingman County,SMALL/MID,Midwest,West North Central,863.363,8309,4709,4.6,
1992,20095,KS,Kingman County,small/mid,Midwest,West North Central,863.363,8254,4683,4.8,
1992,20095,KS,Kingman County,small/mid,Midwest,West North Central,863.363,8254,4683,4.8,
1993,20095,KS,Kingman County,small/mid,Midwest,West North Central,863.363,8381,4769,5,
1994,20095,KS,Kingman County,small/mid,Midwest,West North Central,863.363,8432,4836,5.833333,
1995,20095,KS,Kingman County,small/mid,Midwest,West North Central,863.363,8472,4887,6.666667,
1996,20095,KS,Kingman County,small/mid,Midwest,West North Central,863.363,8492,4922,7.5,
1997,20095,KS,Kingman County,small/mid,Midwest,West North Central,863.363,8549,4972,8.333333,
1998,20095,KS,Kingman County,small/mid,Midwest,West North Central,863.363,8555,4981,9.166667,
1999,20095,KS,Kingman County,small/mid,Midwest,West North Central,863.363,8631,5036,10,
2000,20095,KS,Kingman County,small/mid,Midwest,West North Central,863.363,8685,5081,9.666667,
2000,20095,KS,Kingman County,small/mid,Midwest,West North Central,863.363,8685,5081,9.666667,
2001,20095,KS,Kingman County,SMALL/MID,Midwest,West North Central,863.363,8597,5056,9.333333,
2002,20095,KS,Kingman County,  SMALL/MID ,Midwest,West North Central,863.363,8472,5016,9,
2003,20095,KS,Kingman County,small/mid,Midwest,West North Central,863.363,8544,5065,8.666667,
2004,20095,KS,Kingman County,small/mid,Midwest,West North Central,863.363,8439,5013,8.333333,
2005,20095,KS,Kingman County,small/mid,Midwest,West North Central,863.363,8249,4944,8,
2006,20095,KS,Kingman County, small/mid,Midwest,West North Central,863.363,8119,4869,9,
2007,20095,KS,Kingman County,small/mid,Midwest,West North Central,863.363,8011,4795,9,
2008,20095,KS,Kingman County,small/mid,Midwest,West North Central,863.363,7892,4713,11,
2009,20095,KS,Kingman County,small/mid,Midwest,West North Central,863.363,7885,4732,9,
2010,20095,KS,Kingman County,small/mid,Midwest,West North Central,863.363,7860,4758,8,
2011,20095,KS,Kingman County,Small/mid,Midwest,West North Central,863.363,7857,4758,12,
2012,20095,KS,Kingman County,small/mid,Midwest,West North Central,863.363,7889,4801,9,
2013,20095,KS,Kingman County,small/mid,Midwest,West North Central,863.363,7824,4743,11,
2014,20095,KS,Kingman County,small/mid,Midwest,West North Central,863.363,7800,4758,12,
2015,20095,KS,Kingman County,small/mid,Midwest,West North Central,863.363,7678,4675,11,
2016,20095,KS,Kingman County,Small/mid,Midwest,West North Central,863.363,7628,4633,,
1970,20097,KS,Kiowa County,rural  ,Midwest,West North Central,722.64,4029,2454,1,
1971,20097,KS,Kiowa County,rural,Midwest,West North Central,722.64,3798,2281,1.125,
1972,20097,KS,Kiowa County,RURAL,Midwest,West North Central,722.64,4060,2479,1.25,
1973,20097,KS,Kiowa County,rural,Midwest,West North Central,722.64,3911,2376,1.375,
1974,20097,KS,Kiowa County,Rural,Midwest,West North Central,722.64,4001,2440,1.5,
1975,20097,KS,Kiowa County,rural,Midwest,West North Central,722.64,4038,2467,1.625,
1976,20097,KS,Kiowa County,rural,Midwest,West North Central,722.64,4201,2601,1.75,
1977,20097,KS,Kiowa County,rural,Midwest,West North Central,722.64,4234,2618,1.875,
1978,20097,KS,Kiowa County,rural,Midwest,West North Central,722.64,4156,2558,2,
1979,20097,KS,Kiowa County,rural,Midwest,West North Central,722.64,4057,2471,2,
1980,20097,KS,Kiowa County,rural,Midwest,West North Central,722.64,4050,2465,2,
1980,20097,KS,Kiowa County,rural,Midwest,West North Central,722.64,4050,2465,2,
1981,20097,KS,Kiowa County,rural,Midwest,West North Central,722.64,4060,2456,2,
1982,20097,KS,Kiowa County,rural,Midwest,West North Central,722.64,4095,2465,2,
1983,20097,KS,Kiowa County,rural,Midwest,West North Central,722.64,4098,2452,2,
1984,20097,KS,Kiowa County,rural,Midwest,West North Central,722.64,4011,2389,2.6,
1985,20097,KS,Kiowa County,rural,Midwest,West North Central,722.64,3955,2345,3.2,
1986,20097,KS,Kiowa County,rural,Midwest,West North Central,722.64,3864,2282,3.8,
1987,20097,KS,Kiowa County,rural  ,Midwest,West North Central,722.64,3834,2246,4.4,
1988,20097,KS,Kiowa County,rural,Midwest,West North Central,722.64,3797,2212,5,
1989,20097,KS,Kiowa County,RURAL,Midwest,West North Central,722.64,3773,2173,5,
1990,20097,KS,Kiowa County,rural,Midwest,West North Central,722.64,3634,2075,5,
1991,20097,KS,Kiowa County,rural,Midwest,West North Central,722.64,3566,2037,5,
1992,20097,KS,Kiowa County,rural,Midwest,West North Central,722.64,3607,2081,5,
1993,20097,KS,Kiowa County,rural,Midwest,West North Central,722.64,3623,2101,5,
1994,20097,KS,Kiowa County,rural,Midwest,West North Central,722.64,3611,2104,4.833333,
1995,20097,KS,Kiowa County,rural,Midwest,West North Central,722.64,3589,2107,4.666667,
1996,20097,KS,Kiowa County,rural,Midwest,West North Central,722.64,3552,2094,4.5,
1997,20097,KS,Kiowa County,rural,Midwest,West North Central,722.64,3460,2026,4.333333,
1998,20097,KS,Kiowa County,rural,Midwest,West North Central,722.64,3421,2014,4.166667,
1998,20097,KS,Kiowa County,rural,Midwest,West North Central,722.64,3421,2014,4.166667,
1999,20097,KS,Kiowa County,rural,Midwest,West North Central,722.64,3355,1983,4,
2000,20097,KS,Kiowa County,rural,Midwest,West North Central,722.64,3264,1941,6.666667,
2001,20097,KS,Kiowa County, rural,Midwest,West North Central,722.64,3160,1903,9.333333,
2002,20097,KS,Kiowa County,rural,Midwest,West North Central,722.64,3150,1869,12,
2003,20097,KS,Kiowa County,rural,Midwest,West North Central,722.64,3175,1902,14.66667,
2004,20097,KS,Kiowa County,rural,Midwest,West North Central,722.64,3130,1910,17.33333,
2005,20097,KS,Kiowa County,rural,Midwest,West North Central,722.64,3088,1895,20,
2006,20097,KS,Kiowa County,rural,Midwest,West North Central,722.64,3039,1886,20,
2007,20097,KS,Kiowa County,rural,Midwest,West North Central,722.64,2837,1882,20,
2008,20097,KS,Kiowa County,Rural,Midwest,West North Central,722.64,2418,1564,20,
2009,20097,KS,Kiowa County,rural,Midwest,West North Central,722.64,2490,1615,20,
2010,20097,KS,Kiowa County,rural,Midwest,West North Central,722.64,2553,1646,20,
2011,20097,KS,Kiowa County,rural,Midwest,West North Central,722.64,2569,1654,20,
2012,20097,KS,Kiowa County,rural,Midwest,West North Central,722.64,2558,1640,20,
2013,20097,KS,Kiowa County,rural,Midwest,West North Central,722.64,2512,1597,20,
2014,20097,KS,Kiowa County,rural,Midwest,West North Central,722.64,2534,1607,20,
2015,20097,KS,Kiowa County,  RURAL ,Midwest,West North Central,722.64,2529,1602,20,
2016,20097,KS,Kiowa County,rural,Midwest,West North Central,722.64,2566,1573,,
1970,20099,KS,Labette County,Rural,Midwest,West North Central,645.294,25663,14740,23,
1971,20099,KS,Labette County,rural  ,Midwest,West North Central,645.294,25194,14477,21,
1972,20099,KS,Labette County,rural  ,Midwest,West North Central,645.294,25043,14476,19,
1973,20099,KS,Labette County,rural,Midwest,West North Central,645.294,24955,14520,17,
1974,20099,KS,Labette County,rural,Midwest,West North Central,645.294,25008,14629,15,
1975,20099,KS,Labette County,rural,Midwest,West North Central,645.294,24707,14490,13,
1976,20099,KS,Labette County,rural,Midwest,West North Central,645.294,24582,14477,11,
1977,20099,KS,Labette County,rural,Midwest,West North Central,645.294,25283,15006,9,
1978,20099,KS,Labette County,rural,Midwest,West North Central,645.294,25555,15261,7,
1979,20099,KS,Labette County,rural,Midwest,West North Central,645.294,25455,15257,10.2,
1980,20099,KS,Labette County,rural,Midwest,West North Central,645.294,25742,15477,13.4,
1981,20099,KS,Labette County,rural,Midwest,West North Central,645.294,25862,15539,16.6,
1982,20099,KS,Labette County,rural,Midwest,West North Central,645.294,25505,15305,19.8,
1983,20099,KS,Labette County,rural,Midwest,West North Central,645.294,25471,15275,23,
1984,20099,KS,Labette County,rural,Midwest,West North Central,645.294,25207,15122,25.4,
1985,20099,KS,Labette County,rural,Midwest,West North Central,645.294,24918,14921,27.8,
1986,20099,KS,Labette County,  RURAL ,Midwest,West North Central,645.294,24741,14839,30.2,
1987,20099,KS,Labette County,rural,Midwest,West North Central,645.294,24498,14644,32.6,
1988,20099,KS,Labette County,rural,Midwest,West North Central,645.294,24222,14459,35,
1989,20099,KS,Labette County,rural,Midwest,West North Central,645.294,24225,14390,33.8,
1990,20099,KS,Labette County,rural,Midwest,West North Central,645.294,23618,14007,32.6,
1991,20099,KS,Labette County,rural,Midwest,West North Central,645.294,23637,14003,31.4,
1992,20099,KS,Labette County,rural,Midwest,West North Central,645.294,23636,14037,30.2,
1993,20099,KS,Labette County,rural,Midwest,West North Central,645.294,23425,13959,29,
1994,20099,KS,Labette County,rural,Midwest,West North Central,645.294,23363,13987,33.66667,
1995,20099,KS,Labette County,rural,Midwest,West North Central,645.294,23302,14047,38.33333,
1996,20099,KS,Labette County,rural,Midwest,West North Central,645.294,23232,14087,43,
1997,20099,KS,Labette County,rural,Midwest,West North Central,645.294,23192,14158,47.66667,
1997,20099,KS,Labette County,rural,Midwest,West North Central,645.294,23192,14158,47.66667,
1998,20099,KS,Labette County,rural,Midwest,West North Central,645.294,23103,14187,52.33333,
1999,20099,KS,Labette County,rural,Midwest,West North Central,645.294,23027,14181,57,
1999,20099,KS,Labette County,rural,Midwest,West North Central,645.294,23027,14181,57,
2000,20099,KS,Labette County,rural,Midwest,West North Central,645.294,22733,14020,58.66667,
2001,20099,KS,Labette County,rural,Midwest,West North Central,645.294,22436,13882,60.33333,
2002,20099,KS,Labette County,  RURAL ,Midwest,West North Central,645.294,22214,13805,62,
2002,20099,KS,Labette County,  RURAL ,Midwest,West North Central,645.294,22214,13805,62,
2003,20099,KS,Labette County,rural,Midwest,West North Central,645.294,22100,13803,63.66667,
2004,20099,KS,Labette County,rural,Midwest,West North Central,645.294,21911,13785,65.33334,
2005,20099,KS,Labette County,rural,Midwest,West North Central,645.294,21913,13861,67,
2006,20099,KS,Labette County,Rural,Midwest,West North Central,645.294,21929,13918,61,
2007,20099,KS,Labette County,rural,Midwest,West North Central,645.294,21928,13875,60,
2008,20099,KS,Labette County,  RURAL ,Midwest,West North Central,645.294,21786,13807,56,
2008,20099,KS,Labette County,  RURAL ,Midwest,West North Central,645.294,21786,13807,56,
2009,20099,KS,Labette County,rural,Midwest,West North Central,645.294,21759,13804,63,
2010,20099,KS,Labette County,RURAL,Midwest,West North Central,645.294,21610,13698,51,
2011,20099,KS,Labette County,rural,Midwest,West North Central,645.294,21538,13643,66,
2012,20099,KS,Labette County,rural,Midwest,West North Central,645.294,21380,13580,61,
2013,20099,KS,Labette County,rural,Midwest,West North Central,645.294,21169,13344,47,
2014,20099,KS,Labette County,rural,Midwest,West North Central,645.294,20878,13094,41,
2015,20099,KS,Labette County,rural,Midwest,West North Central,645.294,20781,12964,41,
2016,20099,KS,Labette County,rural,Midwest,West North Central,645.294,20632,12847,,
1970,20101,KS,Lane County,rural,Midwest,West North Central,717.414,2701,1602,1,
1970,20101,KS,Lane County,rural,Midwest,West North Central,717.414,2701,1602,1,
1971,20101,KS,Lane County, rural,Midwest,West North Central,717.414,2675,1595,1.125,
1972,20101,KS,Lane County,rural,Midwest,West North Central,717.414,2939,1802,1.25,
1973,20101,KS,Lane County,rural,Midwest,West North Central,717.414,2665,1627,1.375,
1974,20101,KS,Lane County,rural,Midwest,West North Central,717.414,2739,1694,1.5,
1975,20101,KS,Lane County,rural,Midwest,West North Central,717.414,2682,1671,1.625,
1976,20101,KS,Lane County,rural,Midwest,West North Central,717.414,2663,1661,1.75,
1977,20101,KS,Lane County,rural,Midwest,West North Central,717.414,2800,1757,1.875,
1978,20101,KS,Lane County,rural,Midwest,West North Central,717.414,2696,1676,2,
1979,20101,KS,Lane County,rural,Midwest,West North Central,717.414,2641,1622,1.8,
1980,20101,KS,Lane County,rural,Midwest,West North Central,717.414,2469,1483,1.6,
1981,20101,KS,Lane County,rural,Midwest,West North Central,717.414,2458,1466,1.4,
1982,20101,KS,Lane County,rural,Midwest,West North Central,717.414,2487,1474,1.2,
1983,20101,KS,Lane County,rural,Midwest,West North Central,717.414,2550,1503,1,
1984,20101,KS,Lane County,rural,Midwest,West North Central,717.414,2533,1486,1,
1984,20101,KS,Lane County,rural,Midwest,West North Central,717.414,2533,1486,1,
1985,20101,KS,Lane County,rural,Midwest,West North Central,717.414,2542,1480,1,
1985,20101,KS,Lane County,rural,Midwest,West North Central,717.414,2542,1480,1,
1986,20101,KS,Lane County, rural,Midwest,West North Central,717.414,2540,1473,1,
1987,20101,KS,Lane County,rural,Midwest,West North Central,717.414,2534,1454,1,
1987,20101,KS,Lane County,rural,Midwest,West North Central,717.414,2534,1454,1,
1988,20101,KS,Lane County,Rural,Midwest,West North Central,717.414,2544,1451,1,
1989,20101,KS,Lane County,rural,Midwest,West North Central,717.414,2431,1370,1,
1990,20101,KS,Lane County,rural,Midwest,West North Central,717.414,2359,1327,1,
1991,20101,KS,Lane County,rural,Midwest,West North Central,717.414,2329,1300,1,
1992,20101,KS,Lane County,rural,Midwest,West North Central,717.414,2302,1290,1,
1993,20101,KS,Lane County,rural,Midwest,West North Central,717.414,2306,1306,1,
1994,20101,KS,Lane County,rural,Midwest,West North Central,717.414,2317,1326,1,
1995,20101,KS,Lane County,rural,Midwest,West North Central,717.414,2277,1320,1,
1996,20101,KS,Lane County,rural,Midwest,West North Central,717.414,2220,1294,1,
1997,20101,KS,Lane County,rural,Midwest,West North Central,717.414,2189,1275,1,
1998,20101,KS,Lane County,RURAL,Midwest,West North Central,717.414,2251,1329,1,
1999,20101,KS,Lane County,rural,Midwest,West North Central,717.414,2180,1297,1,
2000,20101,KS,Lane County,rural,Midwest,West North Central,717.414,2145,1283,3,
2001,20101,KS,Lane County,rural,Midwest,West North Central,717.414,2104,1264,3,
2002,20101,KS,Lane County, rural,Midwest,West North Central,717.414,1981,1192,1,
2002,20101,KS,Lane County, rural,Midwest,West North Central,717.414,1981,1192,1,
2003,20101,KS,Lane County,rural,Midwest,West North Central,717.414,1956,1160,3,
2004,20101,KS,Lane County,rural  ,Midwest,West North Central,717.414,1916,1151,4,
2005,20101,KS,Lane County,rural,Midwest,West North Central,717.414,1848,1126,1,
2006,20101,KS,Lane County,rural,Midwest,West North Central,717.414,1780,1070,1.125,
2007,20101,KS,Lane County,rural,Midwest,West North Central,717.414,1763,1060,1.25,
2008,20101,KS,Lane County,rural,Midwest,West North Central,717.414,1756,1064,1.375,
2009,20101,KS,Lane County,rural,Midwest,West North Central,717.414,1779,1068,1.5,
2010,20101,KS,Lane County,rural,Midwest,West North Central,717.414,1749,1061,1.625,
2010,20101,KS,Lane County,rural,Midwest,West North Central,717.414,1749,1061,1.625,
2011,20101,KS,Lane County,rural,Midwest,West North Central,717.414,1736,1058,1.75,
2012,20101,KS,Lane County,rural,Midwest,West North Central,717.414,1744,1057,1.875,
2012,20101,KS,Lane County,rural,Midwest,West North Central,717.414,1744,1057,1.875,
2013,20101,KS,Lane County,rural,Midwest,West North Central,717.414,1683,1020,2,
2014,20101,KS,Lane County,rural  ,Midwest,West North Central,717.414,1698,1005,2,
2015,20101,KS,Lane County,rural,Midwest,West North Central,717.414,1666,1000,2,
2016,20101,KS,Lane County,rural,Midwest,West North Central,717.414,1630,975,,
1970,20103,KS,Leavenworth County, suburban,Midwest,West North Central,463.452,53215,33227,29,
1971,20103,KS,Leavenworth County,suburban  ,Midwest,West North Central,463.452,52728,33037,29.75,
1972,20103,KS,Leavenworth County,suburban,Midwest,West North Central,463.452,53869,34032,30.5,
1972,20103,KS,Leavenworth County,suburban,Midwest,West North Central,463.452,53869,34032,30.5,
1973,20103,KS,Leavenworth County,suburban,Midwest,West North Central,463.452,53649,34153,31.25,
1974,20103,KS,Leavenworth County,suburban,Midwest,West North Central,463.452,54839,35298,32,
1975,20103,KS,Leavenworth County,suburban,Midwest,West North Central,463.452,54844,35621,32.75,
1976,20103,KS,Leavenworth County,suburban,Midwest,West North Central,463.452,55145,36153,33.5,
1977,20103,KS,Leavenworth County,suburban,Midwest,West North Central,463.452,53201,35002,34.25,
1978,20103,KS,Leavenworth County,suburban  ,Midwest,West North Central,463.452,53794,35543,35,
1979,20103,KS,Leavenworth County,suburban,Midwest,West North Central,463.452,54299,36001,39,
1980,20103,KS,Leavenworth County,SUBURBAN,Midwest,West North Central,463.452,55011,36672,43,
1981,20103,KS,Leavenworth County,suburban,Midwest,West North Central,463.452,55662,37217,47,
1982,20103,KS,Leavenworth County,suburban,Midwest,West North Central,463.452,57241,38356,51,
1983,20103,KS,Leavenworth County,suburban,Midwest,West North Central,463.452,59155,39732,55,
1984,20103,KS,Leavenworth County,suburban,Midwest,West North Central,463.452,59435,40056,51,
1985,20103,KS,Leavenworth County,SUBURBAN,Midwest,West North Central,463.452,60108,40580,47,
1986,20103,KS,Leavenworth County,suburban,Midwest,West North Central,463.452,61541,41737,43,
1987,20103,KS,Leavenworth County,suburban,Midwest,West North Central,463.452,63078,42759,39,
1988,20103,KS,Leavenworth County,suburban,Midwest,West North Central,463.452,63809,43314,35,
1989,20103,KS,Leavenworth County,suburban,Midwest,West North Central,463.452,63313,42872,82.8,
1990,20103,KS,Leavenworth County,suburban,Midwest,West North Central,463.452,64610,43805,130.6,
1991,20103,KS,Leavenworth County,suburban,Midwest,West North Central,463.452,65851,44340,178.4,
1992,20103,KS,Leavenworth County,suburban,Midwest,West North Central,463.452,66077,44466,226.2,
1993,20103,KS,Leavenworth County,suburban,Midwest,West North Central,463.452,66635,44757,274,
1994,20103,KS,Leavenworth County,  SUBURBAN ,Midwest,West North Central,463.452,67173,45145,277,
1995,20103,KS,Leavenworth County,suburban,Midwest,West North Central,463.452,67511,45563,287,
1996,20103,KS,Leavenworth County,suburban,Midwest,West North Central,463.452,67774,45810,337,
1997,20103,KS,Leavenworth County,Suburban,Midwest,West North Central,463.452,68076,46138,355,
1998,20103,KS,Leavenworth County,suburban,Midwest,West North Central,463.452,68301,46361,359,
1999,20103,KS,Leavenworth County,suburban,Midwest,West North Central,463.452,68368,46438,60,
2000,20103,KS,Leavenworth County,suburban,Midwest,West North Central,463.452,68957,46911,350,
2001,20103,KS,Leavenworth County,suburban  ,Midwest,West North Central,463.452,69906,47527,555,
2002,20103,KS,Leavenworth County,suburban,Midwest,West North Central,463.452,70793,48086,632,
2003,20103,KS,Leavenworth County,suburban,Midwest,West North Central,463.452,70939,48103,691,
2004,20103,KS,Leavenworth County,suburban,Midwest,West North Central,463.452,71373,48610,798,
2005,20103,KS,Leavenworth County,suburban,Midwest,West North Central,463.452,71788,48987,107,
2006,20103,KS,Leavenworth County,suburban,Midwest,West North Central,463.452,72741,49830,987,
2007,20103,KS,Leavenworth County,suburban,Midwest,West North Central,463.452,73791,50525,135,
2008,20103,KS,Leavenworth County,suburban,Midwest,West North Central,463.452,74560,51086,113,
2009,20103,KS,Leavenworth County,suburban  ,Midwest,West North Central,463.452,75461,51440,93,
2010,20103,KS,Leavenworth County,suburban,Midwest,West North Central,463.452,76227,51829,939,
2010,20103,KS,Leavenworth County,suburban,Midwest,West North Central,463.452,76227,51829,939,
2011,20103,KS,Leavenworth County,SUBURBAN,Midwest,West North Central,463.452,76529,51997,87,
2012,20103,KS,Leavenworth County,suburban  ,Midwest,West North Central,463.452,77053,52226,125,
2013,20103,KS,Leavenworth County,suburban,Midwest,West North Central,463.452,77626,52388,1048,
2014,20103,KS,Leavenworth County,suburban,Midwest,West North Central,463.452,78057,52568,1006,
2014,20103,KS,Leavenworth County,suburban,Midwest,West North Central,463.452,78057,52568,1006,
2015,20103,KS,Leavenworth County,SUBURBAN,Midwest,West North Central,463.452,78516,52627,125,
2016,20103,KS,Leavenworth County,suburban,Midwest,West North Central,463.452,79010,52706,,
1970,20105,KS,Lincoln County,rural,Midwest,West North Central,719.396,4546,2546,0,
1971,20105,KS,Lincoln County,rural,Midwest,West North Central,719.396,4436,2471,0,
1972,20105,KS,Lincoln County,  RURAL ,Midwest,West North Central,719.396,4462,2499,0,
1973,20105,KS,Lincoln County,rural,Midwest,West North Central,719.396,4481,2527,0,
1974,20105,KS,Lincoln County,rural,Midwest,West North Central,719.396,4486,2540,0,
1975,20105,KS,Lincoln County,rural,Midwest,West North Central,719.396,4459,2532,0,
1976,20105,KS,Lincoln County,Rural,Midwest,West North Central,719.396,4418,2513,0,
1977,20105,KS,Lincoln County,rural,Midwest,West North Central,719.396,4468,2548,0,
1978,20105,KS,Lincoln County,rural,Midwest,West North Central,719.396,4388,2491,0,
1979,20105,KS,Lincoln County,rural,Midwest,West North Central,719.396,4291,2426,0,
1980,20105,KS,Lincoln County,rural,Midwest,West North Central,719.396,4130,2316,0,
1981,20105,KS,Lincoln County,rural,Midwest,West North Central,719.396,4062,2269,0,
1982,20105,KS,Lincoln County,rural,Midwest,West North Central,719.396,4065,2264,0,
1983,20105,KS,Lincoln County,rural,Midwest,West North Central,719.396,3952,2192,1,
1984,20105,KS,Lincoln County,rural,Midwest,West North Central,719.396,3871,2143,1,
1985,20105,KS,Lincoln County,rural,Midwest,West North Central,719.396,3801,2092,1,
1986,20105,KS,Lincoln County, rural,Midwest,West North Central,719.396,3736,2052,1,
1987,20105,KS,Lincoln County,rural,Midwest,West North Central,719.396,3694,2020,1,
1988,20105,KS,Lincoln County,rural,Midwest,West North Central,719.396,3728,2032,1,
1989,20105,KS,Lincoln County,rural,Midwest,West North Central,719.396,3696,1997,1,
1990,20105,KS,Lincoln County,rural,Midwest,West North Central,719.396,3636,1951,1,
1991,20105,KS,Lincoln County, rural,Midwest,West North Central,719.396,3562,1900,1,
1992,20105,KS,Lincoln County,rural,Midwest,West North Central,719.396,3544,1911,1,
1992,20105,KS,Lincoln County,rural,Midwest,West North Central,719.396,3544,1911,1,
1993,20105,KS,Lincoln County,rural,Midwest,West North Central,719.396,3545,1932,1,
1994,20105,KS,Lincoln County,rural,Midwest,West North Central,719.396,3558,1961,1.333333,
1995,20105,KS,Lincoln County,rural,Midwest,West North Central,719.396,3579,1999,1.666667,
1996,20105,KS,Lincoln County,rural,Midwest,West North Central,719.396,3540,1997,2,
1997,20105,KS,Lincoln County,rural,Midwest,West North Central,719.396,3555,2019,2.333333,
1998,20105,KS,Lincoln County,rural,Midwest,West North Central,719.396,3544,2019,2.666667,
1999,20105,KS,Lincoln County,rural,Midwest,West North Central,719.396,3580,2062,3,
2000,20105,KS,Lincoln County,rural,Midwest,West North Central,719.396,3576,2076,3,
2001,20105,KS,Lincoln County,rural,Midwest,West North Central,719.396,3560,2072,543,
2001,20105,,,,,,,,,3,
2002,20105,KS,Lincoln County,rural,Midwest,West North Central,719.396,3513,2029,3,
2003,20105,KS,Lincoln County,rural,Midwest,West North Central,719.396,3536,2084,3,
2003,20105,KS,Lincoln County,rural,Midwest,West North Central,719.396,3536,2084,3,
2004,20105,KS,Lincoln County,rural,Midwest,West North Central,719.396,3414,2028,3,
2005,20105,KS,Lincoln County,rural,Midwest,West North Central,719.396,3443,2054,3,
2006,20105,KS,Lincoln County,rural,Midwest,West North Central,719.396,3360,2003,3.625,
2007,20105,KS,Lincoln County,rural,Midwest,West North Central,719.396,3365,1993,4.25,
2008,20105,KS,Lincoln County,RURAL,Midwest,West North Central,719.396,3333,1994,4.875,
2009,20105,KS,Lincoln County,rural,Midwest,West North Central,719.396,3249,1971,5.5,
2010,20105,KS,Lincoln County,rural,Midwest,West North Central,719.396,3241,1944,6.125,
2010,20105,KS,Lincoln County,rural,Midwest,West North Central,719.396,3241,1944,6.125,
2011,20105,KS,Lincoln County,rural,Midwest,West North Central,719.396,3244,1944,6.75,
2011,20105,KS,Lincoln County,rural,Midwest,West North Central,719.396,3244,1944,6.75,
2012,20105,KS,Lincoln County,rural,Midwest,West North Central,719.396,3232,1943,7.375,
2013,20105,KS,Lincoln County,rural,Midwest,West North Central,719.396,3178,1894,8,
2014,20105,KS,Lincoln County,rural,Midwest,West North Central,719.396,3159,1866,8,
2015,20105,KS,Lincoln County,rural,Midwest,West North Central,719.396,3182,1878,8,
2015,20105,KS,Lincoln County,rural,Midwest,West North Central,719.396,3182,1878,8,
2016,20105,KS,Lincoln County,RURAL,Midwest,West North Central,719.396,3142,1859,,
1970,20107,KS,Linn County,suburban,Midwest,West North Central,594.05,7771,4346,2,
1971,20107,KS,Linn County,suburban,Midwest,West North Central,594.05,7773,4362,2,
1972,20107,KS,Linn County,suburban,Midwest,West North Central,594.05,7749,4377,2,
1973,20107,KS,Linn County,suburban,Midwest,West North Central,594.05,7831,4460,2,
1974,20107,KS,Linn County,suburban,Midwest,West North Central,594.05,7837,4481,2,
1975,20107,KS,Linn County,suburban,Midwest,West North Central,594.05,8023,4630,2,
1976,20107,KS,Linn County,suburban,Midwest,West North Central,594.05,8079,4676,2,
1977,20107,KS,Linn County,suburban,Midwest,West North Central,594.05,8350,4876,2,
1978,20107,KS,Linn County,suburban,Midwest,West North Central,594.05,8290,4814,2,
1979,20107,KS,Linn County,suburban,Midwest,West North Central,594.05,8277,4782,2,
1980,20107,KS,Linn County,suburban,Midwest,West North Central,594.05,8207,4716,2,
1981,20107,KS,Linn County,  SUBURBAN ,Midwest,West North Central,594.05,8061,4621,2,
1982,20107,KS,Linn County,suburban,Midwest,West North Central,594.05,8024,4600,2,
1983,20107,KS,Linn County,suburban,Midwest,West North Central,594.05,8117,4647,2,
1984,20107,KS,Linn County,suburban,Midwest,West North Central,594.05,8219,4704,2,
1985,20107,KS,Linn County,suburban,Midwest,West North Central,594.05,8189,4682,2,
1986,20107,KS,Linn County,suburban,Midwest,West North Central,594.05,8089,4629,2,
1987,20107,KS,Linn County,suburban,Midwest,West North Central,594.05,8137,4639,2,
1988,20107,KS,Linn County,suburban,Midwest,West North Central,594.05,8255,4702,2,
1989,20107,KS,Linn County,suburban,Midwest,West North Central,594.05,8283,4691,2.4,
1990,20107,KS,Linn County,suburban,Midwest,West North Central,594.05,8258,4672,2.8,
1990,20107,KS,Linn County,suburban,Midwest,West North Central,594.05,8258,4672,2.8,
1991,20107,KS,Linn County,suburban,Midwest,West North Central,594.05,8394,4749,3.2,
1992,20107,KS,Linn County,suburban,Midwest,West North Central,594.05,8457,4831,3.6,
1993,20107,KS,Linn County,suburban,Midwest,West North Central,594.05,8502,4897,4,
1994,20107,KS,Linn County,suburban,Midwest,West North Central,594.05,8602,4984,6.166667,
1995,20107,KS,Linn County,suburban,Midwest,West North Central,594.05,8798,5165,8.333333,
1996,20107,KS,Linn County,suburban,Midwest,West North Central,594.05,9006,5368,10.5,
1997,20107,KS,Linn County,suburban,Midwest,West North Central,594.05,9146,5493,12.66667,
1998,20107,KS,Linn County,suburban  ,Midwest,West North Central,594.05,9266,5621,14.83333,
1999,20107,KS,Linn County,suburban,Midwest,West North Central,594.05,9442,5774,17,
2000,20107,KS,Linn County,suburban,Midwest,West North Central,594.05,9580,5899,15.5,
2001,20107,KS,Linn County,suburban,Midwest,West North Central,594.05,9734,5981,14,
2002,20107,KS,Linn County,SUBURBAN,Midwest,West North Central,594.05,9724,6006,12.5,
2003,20107,KS,Linn County,suburban,Midwest,West North Central,594.05,9775,6025,11,
2004,20107,KS,Linn County,suburban,Midwest,West North Central,594.05,9830,6125,9.5,
2005,20107,KS,Linn County,suburban,Midwest,West North Central,594.05,10032,6235,8,
2006,20107,KS,Linn County,SUBURBAN,Midwest,West North Central,594.05,10013,6250,9.125,
2006,20107,KS,Linn County,SUBURBAN,Midwest,West North Central,594.05,10013,6250,9.125,
2007,20107,KS,Linn County,suburban,Midwest,West North Central,594.05,9858,6107,10.25,
2008,20107,KS,Linn County,suburban,Midwest,West North Central,594.05,9731,6010,11.375,
2009,20107,KS,Linn County,suburban,Midwest,West North Central,594.05,9669,5952,12.5,
2009,20107,KS,Linn County,suburban,Midwest,West North Central,594.05,9669,5952,12.5,
2010,20107,KS,Linn County,suburban,Midwest,West North Central,594.05,9656,5938,13.625,
2011,20107,KS,Linn County,suburban,Midwest,West North Central,594.05,9627,5924,14.75,
2012,20107,KS,Linn County,suburban,Midwest,West North Central,594.05,9612,5924,15.875,
2013,20107,KS,Linn County,suburban,Midwest,West North Central,594.05,9485,5803,17,
2014,20107,KS,Linn County,suburban,Midwest,West North Central,594.05,9544,5777,17,
2014,20107,KS,Linn County,suburban,Midwest,West North Central,594.05,9544,5777,17,
2015,20107,KS,Linn County,suburban,Midwest,West North Central,594.05,9536,5705,17,
2016,20107,KS,Linn County,suburban,Midwest,West North Central,594.05,9580,5732,,
1970,20109,KS,Logan County,rural,Midwest,West North Central,1072.993,3780,2116,5,
1971,20109,KS,Logan County,rural,Midwest,West North Central,1072.993,3693,2091,4.862069,
1972,20109,KS,Logan County,rural,Midwest,West North Central,1072.993,3653,2101,4.724138,
1973,20109,KS,Logan County,rural,Midwest,West North Central,1072.993,3623,2118,4.586207,
1974,20109,KS,Logan County,rural,Midwest,West North Central,1072.993,3691,2180,4.448276,
1974,20109,KS,Logan County,rural,Midwest,West North Central,1072.993,3691,2180,4.448276,
1975,20109,KS,Logan County,rural,Midwest,West North Central,1072.993,3780,2268,4.310345,
1976,20109,KS,Logan County,rural,Midwest,West North Central,1072.993,3783,2281,4.172414,
1977,20109,KS,Logan County,rural,Midwest,West North Central,1072.993,3776,2303,4.034483,
1978,20109,KS,Logan County,rural,Midwest,West North Central,1072.993,3649,2233,3.896552,
1979,20109,KS,Logan County,rural,Midwest,West North Central,1072.993,3626,2246,3.758621,
1980,20109,KS,Logan County,rural,Midwest,West North Central,1072.993,3458,2126,3.62069,
1981,20109,KS,Logan County,RURAL,Midwest,West North Central,1072.993,3364,2053,3.482759,
1982,20109,KS,Logan County,rural,Midwest,West North Central,1072.993,3451,2097,3.344828,
1983,20109,KS,Logan County,rural,Midwest,West North Central,1072.993,3445,2083,3.206897,
1984,20109,KS,Logan County,rural,Midwest,West North Central,1072.993,3367,2027,3.068965,
1985,20109,KS,Logan County,rural,Midwest,West North Central,1072.993,3309,1970,2.931035,
1986,20109,KS,Logan County,rural,Midwest,West North Central,1072.993,3223,1913,2.793103,
1987,20109,KS,Logan County,rural,Midwest,West North Central,1072.993,3150,1854,2.655172,
1988,20109,KS,Logan County,rural,Midwest,West North Central,1072.993,3116,1820,2.517241,
1989,20109,KS,Logan County,rural,Midwest,West North Central,1072.993,3078,1779,529,
1989,20109,,,,,,,,,2.37931,
1990,20109,KS,Logan County, rural,Midwest,West North Central,1072.993,3087,1773,2.241379,
1991,20109,KS,Logan County,rural,Midwest,West North Central,1072.993,3084,1765,2.103448,
1992,20109,KS,Logan County,rural,Midwest,West North Central,1072.993,3181,1830,515,
1992,20109,,,,,,,,,1.965517,
1993,20109,KS,Logan County,rural,Midwest,West North Central,1072.993,3135,1790,1.827586,
1994,20109,KS,Logan County,rural,Midwest,West North Central,1072.993,3164,1828,1.689655,
1995,20109,KS,Logan County,rural,Midwest,West North Central,1072.993,3215,1863,1.551724,
1996,20109,KS,Logan County,rural,Midwest,West North Central,1072.993,3146,1826,1.413793,
1997,20109,KS,Logan County, rural,Midwest,West North Central,1072.993,3111,1829,1.275862,
1998,20109,KS,Logan County,rural,Midwest,West North Central,1072.993,3081,1815,1.137931,
1999,20109,KS,Logan County,rural,Midwest,West North Central,1072.993,3038,1785,1,
2000,20109,KS,Logan County,rural,Midwest,West North Central,1072.993,3059,1797,1,
2001,20109,KS,Logan County,rural,Midwest,West North Central,1072.993,2992,1746,1,
2002,20109,KS,Logan County,rural,Midwest,West North Central,1072.993,2984,1765,1,
2003,20109,KS,Logan County,Rural,Midwest,West North Central,1072.993,2925,1735,1,
2003,20109,KS,Logan County,Rural,Midwest,West North Central,1072.993,2925,1735,1,
2004,20109,KS,Logan County,Rural,Midwest,West North Central,1072.993,2905,1712,1,
2005,20109,KS,Logan County,rural,Midwest,West North Central,1072.993,2881,1727,1,
2006,20109,KS,Logan County,rural,Midwest,West North Central,1072.993,2808,1680,1,
2007,20109,KS,Logan County,rural,Midwest,West North Central,1072.993,2798,1683,1,
2008,20109,KS,Logan County,rural,Midwest,West North Central,1072.993,2779,1668,1,
2009,20109,KS,Logan County,rural,Midwest,West North Central,1072.993,2729,1630,1,
2010,20109,KS,Logan County,rural,Midwest,West North Central,1072.993,2754,1667,1,
2011,20109,KS,Logan County,Rural,Midwest,West North Central,1072.993,2769,1681,1,
2012,20109,KS,Logan County,rural,Midwest,West North Central,1072.993,2761,1683,515,
2012,20109,,,,,,,,,1,
2013,20109,KS,Logan County,rural,Midwest,West North Central,1072.993,2789,1674,515,
2013,20109,,,,,,,,,1,
2014,20109,KS,Logan County,Rural,Midwest,West North Central,1072.993,2771,1698,1,
2015,20109,KS,Logan County,rural,Midwest,West North Central,1072.993,2764,1701,1,
2016,20109,KS,Logan County,rural,Midwest,West North Central,1072.993,2781,1714,,
1970,20111,KS,Lyon County, rural,Midwest,West North Central,847.478,32256,21267,32,
1971,20111,KS,Lyon County,  RURAL ,Midwest,West North Central,847.478,32998,21790,29.875,
1972,20111,KS,Lyon County,rural,Midwest,West North Central,847.478,32917,21767,27.75,
1973,20111,KS,Lyon County,rural  ,Midwest,West North Central,847.478,32906,21807,25.625,
1974,20111,KS,Lyon County,rural,Midwest,West North Central,847.478,33055,21881,23.5,
1975,20111,KS,Lyon County,rural,Midwest,West North Central,847.478,32040,21127,522,
1975,20111,,,,,,,,,21.375,
1976,20111,KS,Lyon County,rural,Midwest,West North Central,847.478,32419,21458,19.25,
1977,20111,KS,Lyon County,rural,Midwest,West North Central,847.478,34054,22664,17.125,
1978,20111,KS,Lyon County,rural,Midwest,West North Central,847.478,34428,23034,15,
1979,20111,KS,Lyon County,rural,Midwest,West North Central,847.478,34632,23205,18,
1979,20111,KS,Lyon County,rural,Midwest,West North Central,847.478,34632,23205,18,
1980,20111,KS,Lyon County,rural,Midwest,West North Central,847.478,35300,23749,21,
1981,20111,KS,Lyon County,Rural,Midwest,West North Central,847.478,35883,24101,24,
1982,20111,KS,Lyon County,rural,Midwest,West North Central,847.478,36690,24565,606,
1982,20111,,,,,,,,,27,
1983,20111,KS,Lyon County,rural,Midwest,West North Central,847.478,36814,24576,30,
1984,20111,KS,Lyon County,rural,Midwest,West North Central,847.478,37623,25042,35,
1985,20111,KS,Lyon County,rural,Midwest,West North Central,847.478,35948,23825,40,
1986,20111,KS,Lyon County,rural,Midwest,West North Central,847.478,34819,23037,32,
1987,20111,KS,Lyon County,rural,Midwest,West North Central,847.478,34874,22928,33,
1988,20111,KS,Lyon County,rural,Midwest,West North Central,847.478,34782,22770,32,
1989,20111,KS,Lyon County,rural,Midwest,West North Central,847.478,34880,22661,33.4,
1990,20111,KS,Lyon County,RURAL,Midwest,West North Central,847.478,34775,22571,34.8,
1991,20111,KS,Lyon County,rural,Midwest,West North Central,847.478,34748,22522,36.2,
1992,20111,KS,Lyon County,rural,Midwest,West North Central,847.478,34950,22767,37.6,
1993,20111,KS,Lyon County,rural,Midwest,West North Central,847.478,35472,23241,39,
1994,20111,KS,Lyon County,rural,Midwest,West North Central,847.478,35465,23315,51.16667,
1995,20111,KS,Lyon County,rural,Midwest,West North Central,847.478,35672,23600,63.33333,
1996,20111,KS,Lyon County,rural,Midwest,West North Central,847.478,35632,23694,75.5,
1997,20111,KS,Lyon County,rural,Midwest,West North Central,847.478,35513,23610,87.66666,
1998,20111,KS,Lyon County,rural,Midwest,West North Central,847.478,35524,23745,99.83334,
1999,20111,KS,Lyon County,rural,Midwest,West North Central,847.478,35773,24001,112,
2000,20111,KS,Lyon County,rural,Midwest,West North Central,847.478,35967,24225,113,
2001,20111,KS,Lyon County,Rural,Midwest,West North Central,847.478,36049,24446,107,
2002,20111,KS,Lyon County,rural,Midwest,West North Central,847.478,35826,24452,131,
2003,20111,KS,Lyon County,rural,Midwest,West North Central,847.478,35868,24551,139,
2004,20111,KS,Lyon County,rural,Midwest,West North Central,847.478,36034,24741,142,
2005,20111,KS,Lyon County,rural,Midwest,West North Central,847.478,35936,24596,148,
2006,20111,KS,Lyon County,Rural,Midwest,West North Central,847.478,35832,24468,144.625,
2007,20111,KS,Lyon County,rural,Midwest,West North Central,847.478,36018,24491,141.25,
2008,20111,KS,Lyon County,  RURAL ,Midwest,West North Central,847.478,35591,24103,137.875,
2009,20111,KS,Lyon County,rural,Midwest,West North Central,847.478,33777,22887,134.5,
2010,20111,KS,Lyon County,rural,Midwest,West North Central,847.478,33690,22855,131.125,
2011,20111,KS,Lyon County,rural,Midwest,West North Central,847.478,33650,22831,127.75,
2011,20111,KS,Lyon County,rural,Midwest,West North Central,847.478,33650,22831,127.75,
2012,20111,KS,Lyon County,rural,Midwest,West North Central,847.478,33632,22845,124.375,
2012,20111,KS,Lyon County,rural,Midwest,West North Central,847.478,33632,22845,124.375,
2013,20111,KS,Lyon County,rural,Midwest,West North Central,847.478,33534,22665,121,
2013,20111,KS,Lyon County,rural,Midwest,West North Central,847.478,33534,22665,121,
2014,20111,KS,Lyon County,rural  ,Midwest,West North Central,847.478,33463,22539,121,
2015,20111,KS,Lyon County,rural,Midwest,West North Central,847.478,33134,22307,121,
2016,20111,KS,Lyon County,rural,Midwest,West North Central,847.478,33119,22225,,
1970,20113,KS,McPherson County,rural,Midwest,West North Central,898.274,24793,14948,10,
1971,20113,KS,McPherson County,rural,Midwest,West North Central,898.274,24863,15047,9.5,
1972,20113,KS,McPherson County,rural,Midwest,West North Central,898.274,24534,14891,9,
1973,20113,KS,McPherson County,rural,Midwest,West North Central,898.274,25071,15351,8.5,
1973,20113,KS,McPherson County,rural,Midwest,West North Central,898.274,25071,15351,8.5,
1974,20113,KS,McPherson County,rural,Midwest,West North Central,898.274,25340,15642,8,
1975,20113,KS,McPherson County,rural,Midwest,West North Central,898.274,27093,17002,7.5,
1976,20113,KS,McPherson County,rural,Midwest,West North Central,898.274,27355,17307,7,
1977,20113,KS,McPherson County,rural,Midwest,West North Central,898.274,26729,16901,6.5,
1978,20113,KS,McPherson County,rural,Midwest,West North Central,898.274,26571,16838,6,
1979,20113,KS,McPherson County,rural,Midwest,West North Central,898.274,26565,16844,6.2,
1980,20113,KS,McPherson County,rural,Midwest,West North Central,898.274,26961,17109,6.4,
1981,20113,KS,McPherson County,rural,Midwest,West North Central,898.274,27245,17211,6.6,
1982,20113,KS,McPherson County,rural,Midwest,West North Central,898.274,27213,17106,6.8,
1983,20113,KS,McPherson County,rural,Midwest,West North Central,898.274,27416,17150,7,
1983,20113,KS,McPherson County,rural,Midwest,West North Central,898.274,27416,17150,7,
1984,20113,KS,McPherson County,rural,Midwest,West North Central,898.274,27589,17189,8.2,
1985,20113,KS,McPherson County,rural,Midwest,West North Central,898.274,27387,16971,9.4,
1986,20113,KS,McPherson County,rural,Midwest,West North Central,898.274,27124,16757,10.6,
1987,20113,KS,McPherson County,rural,Midwest,West North Central,898.274,26888,16484,11.8,
1988,20113,KS,McPherson County,rural,Midwest,West North Central,898.274,26834,16363,13,
1988,20113,KS,McPherson County,rural,Midwest,West North Central,898.274,26834,16363,13,
1989,20113,KS,McPherson County,rural,Midwest,West North Central,898.274,27185,16434,14,
1990,20113,KS,McPherson County,rural,Midwest,West North Central,898.274,27340,16443,15,
1990,20113,KS,McPherson County,rural,Midwest,West North Central,898.274,27340,16443,15,
1991,20113,KS,McPherson County,rural,Midwest,West North Central,898.274,27321,16406,16,
1992,20113,KS,McPherson County,rural  ,Midwest,West North Central,898.274,27825,16818,17,
1993,20113,KS,McPherson County,rural,Midwest,West North Central,898.274,28018,16990,18,
1994,20113,KS,McPherson County,rural,Midwest,West North Central,898.274,28478,17323,20.83333,
1995,20113,KS,McPherson County,rural,Midwest,West North Central,898.274,28762,17586,23.66667,
1996,20113,KS,McPherson County,rural  ,Midwest,West North Central,898.274,28875,17704,26.5,
1997,20113,KS,McPherson County,rural,Midwest,West North Central,898.274,28973,17807,29.33333,
1998,20113,KS,McPherson County,rural,Midwest,West North Central,898.274,29090,17955,32.16667,
1999,20113,KS,McPherson County,rural,Midwest,West North Central,898.274,29449,18314,35,
2000,20113,KS,McPherson County,rural,Midwest,West North Central,898.274,29572,18459,33.5,
2001,20113,KS,McPherson County,rural,Midwest,West North Central,898.274,29489,18500,32,
2002,20113,KS,McPherson County,rural,Midwest,West North Central,898.274,29237,18424,30.5,
2003,20113,KS,McPherson County,rural,Midwest,West North Central,898.274,29239,18417,29,
2004,20113,KS,McPherson County,rural,Midwest,West North Central,898.274,29276,18432,27.5,
2005,20113,KS,McPherson County,rural,Midwest,West North Central,898.274,29375,18498,26,
2006,20113,KS,McPherson County,rural,Midwest,West North Central,898.274,29174,18367,26.125,
2007,20113,KS,McPherson County,rural,Midwest,West North Central,898.274,29250,18383,26.25,
2008,20113,KS,McPherson County,rural,Midwest,West North Central,898.274,29095,18202,26.375,
2009,20113,KS,McPherson County,rural,Midwest,West North Central,898.274,29222,18204,26.5,
2010,20113,KS,McPherson County,rural,Midwest,West North Central,898.274,29152,18141,26.625,
2011,20113,KS,McPherson County,rural,Midwest,West North Central,898.274,29097,18134,26.75,
2012,20113,KS,McPherson County,rural,Midwest,West North Central,898.274,29114,18253,26.875,
2013,20113,KS,McPherson County,rural,Midwest,West North Central,898.274,29181,18193,27,
2014,20113,KS,McPherson County,rural,Midwest,West North Central,898.274,29373,18277,27,
2015,20113,KS,McPherson County,RURAL,Midwest,West North Central,898.274,28863,17944,27,
2016,20113,KS,McPherson County,rural,Midwest,West North Central,898.274,28615,17759,,
1970,20115,KS,Marion County,rural,Midwest,West North Central,944.291,13917,7944,0,
1971,20115,KS,Marion County,rural,Midwest,West North Central,944.291,13859,7917,0,
1972,20115,KS,Marion County,rural,Midwest,West North Central,944.291,13957,8028,0,
1973,20115,KS,Marion County,rural,Midwest,West North Central,944.291,13937,8057,0,
1974,20115,KS,Marion County,rural,Midwest,West North Central,944.291,14069,8211,0,
1975,20115,KS,Marion County,rural,Midwest,West North Central,944.291,14157,8328,0,
1975,20115,KS,Marion County,rural,Midwest,West North Central,944.291,14157,8328,0,
1976,20115,KS,Marion County,rural,Midwest,West North Central,944.291,13971,8233,0,
1977,20115,KS,Marion County,rural,Midwest,West North Central,944.291,13945,8257,0,
1978,20115,KS,Marion County,rural,Midwest,West North Central,944.291,13862,8232,0,
1979,20115,KS,Marion County,rural,Midwest,West North Central,944.291,13711,8135,0,
1980,20115,KS,Marion County,rural,Midwest,West North Central,944.291,13468,7956,0,
1981,20115,KS,Marion County,rural,Midwest,West North Central,944.291,13212,7783,501,
1981,20115,,,,,,,,,0,
1982,20115,KS,Marion County,rural,Midwest,West North Central,944.291,13169,7731,0,
1983,20115,KS,Marion County,rural,Midwest,West North Central,944.291,13157,7702,2,
1984,20115,KS,Marion County,rural,Midwest,West North Central,944.291,13200,7711,2.2,
1985,20115,KS,Marion County,rural,Midwest,West North Central,944.291,13055,7590,2.4,
1986,20115,KS,Marion County,rural,Midwest,West North Central,944.291,12732,7386,2.6,
1987,20115,KS,Marion County,rural,Midwest,West North Central,944.291,12587,7258,2.8,
1988,20115,KS,Marion County,rural,Midwest,West North Central,944.291,12804,7361,3,
1989,20115,KS,Marion County,rural,Midwest,West North Central,944.291,12944,7386,3.2,
1990,20115,KS,Marion County,rural,Midwest,West North Central,944.291,12875,7325,3.4,
1991,20115,KS,Marion County,RURAL,Midwest,West North Central,944.291,12857,7293,3.6,
1992,20115,KS,Marion County,rural,Midwest,West North Central,944.291,12902,7313,3.8,
1993,20115,KS,Marion County, rural,Midwest,West North Central,944.291,13182,7517,4,
1994,20115,KS,Marion County,rural,Midwest,West North Central,944.291,13305,7597,4,
1995,20115,KS,Marion County,rural,Midwest,West North Central,944.291,13550,7834,4,
1996,20115,KS,Marion County,Rural,Midwest,West North Central,944.291,13640,7926,4,
1997,20115,KS,Marion County,rural,Midwest,West North Central,944.291,13579,7902,4,
1998,20115,KS,Marion County,RURAL,Midwest,West North Central,944.291,13461,7836,4,
1999,20115,KS,Marion County,rural,Midwest,West North Central,944.291,13357,7818,4,
2000,20115,KS,Marion County,rural,Midwest,West North Central,944.291,13394,7898,4.666667,
2001,20115,KS,Marion County,rural,Midwest,West North Central,944.291,13377,7937,5.333333,
2002,20115,KS,Marion County,rural,Midwest,West North Central,944.291,13289,7923,6,
2003,20115,KS,Marion County,rural,Midwest,West North Central,944.291,13240,7914,6.666667,
2004,20115,KS,Marion County,RURAL,Midwest,West North Central,944.291,13066,7841,7.333333,
2005,20115,KS,Marion County,rural,Midwest,West North Central,944.291,13012,7858,8,
2006,20115,KS,Marion County,rural,Midwest,West North Central,944.291,12804,7791,8,
2007,20115,KS,Marion County,rural,Midwest,West North Central,944.291,12707,7710,8,
2008,20115,KS,Marion County,rural  ,Midwest,West North Central,944.291,12639,7692,8,
2009,20115,KS,Marion County,rural,Midwest,West North Central,944.291,12654,7673,8,
2010,20115,KS,Marion County,rural,Midwest,West North Central,944.291,12660,7725,8,
2010,20115,KS,Marion County,rural,Midwest,West North Central,944.291,12660,7725,8,
2011,20115,KS,Marion County, rural,Midwest,West North Central,944.291,12670,7724,8,
2012,20115,KS,Marion County,rural,Midwest,West North Central,944.291,12543,7625,8,
2013,20115,KS,Marion County,rural,Midwest,West North Central,944.291,12373,7487,8,
2014,20115,KS,Marion County,rural,Midwest,West North Central,944.291,12200,7348,8,
2015,20115,KS,Marion County,rural,Midwest,West North Central,944.291,12182,7321,8,
2016,20115,KS,Marion County,RURAL,Midwest,West North Central,944.291,12044,7271,,
1970,20117,KS,Marshall County,rural,Midwest,West North Central,900.171,13142,7276,2,
1971,20117,KS,Marshall County,rural,Midwest,West North Central,900.171,13135,7338,2.461539,
1972,20117,KS,Marshall County,rural,Midwest,West North Central,900.171,13106,7401,2.923077,
1973,20117,KS,Marshall County,rural,Midwest,West North Central,900.171,13075,7467,3.384615,
1974,20117,KS,Marshall County,rural,Midwest,West North Central,900.171,13120,7594,3.846154,
1975,20117,KS,Marshall County,rural,Midwest,West North Central,900.171,13306,7827,4.307693,
1976,20117,KS,Marshall County,Rural,Midwest,West North Central,900.171,13254,7864,4.769231,
1977,20117,KS,Marshall County,rural,Midwest,West North Central,900.171,13511,8131,5.230769,
1978,20117,KS,Marshall County,Rural,Midwest,West North Central,900.171,13230,8025,5.692307,
1979,20117,KS,Marshall County,rural,Midwest,West North Central,900.171,13015,7965,6.153846,
1980,20117,KS,Marshall County,rural,Midwest,West North Central,900.171,12769,7789,6.615385,
1981,20117,KS,Marshall County,rural,Midwest,West North Central,900.171,12640,7632,7.076923,
1982,20117,KS,Marshall County,rural,Midwest,West North Central,900.171,12723,7599,7.538462,
1983,20117,KS,Marshall County,rural,Midwest,West North Central,900.171,12579,7436,8,
1984,20117,KS,Marshall County,Rural,Midwest,West North Central,900.171,12338,7221,8.8,
1985,20117,KS,Marshall County,rural,Midwest,West North Central,900.171,12244,7081,9.6,
1986,20117,KS,Marshall County,rural,Midwest,West North Central,900.171,11970,6849,10.4,
1987,20117,KS,Marshall County,  RURAL ,Midwest,West North Central,900.171,11851,6682,11.2,
1988,20117,KS,Marshall County,Rural,Midwest,West North Central,900.171,11815,6580,578,
1988,20117,,,,,,,,,12,
1989,20117,KS,Marshall County,rural,Midwest,West North Central,900.171,11907,6514,11.2,
1990,20117,KS,Marshall County,rural,Midwest,West North Central,900.171,11670,6321,10.4,
1991,20117,KS,Marshall County,  RURAL ,Midwest,West North Central,900.171,11524,6272,9.6,
1992,20117,KS,Marshall County,rural,Midwest,West North Central,900.171,11389,6216,8.8,
1993,20117,KS,Marshall County,rural,Midwest,West North Central,900.171,11330,6223,8,
1994,20117,KS,Marshall County,rural,Midwest,West North Central,900.171,11257,6232,8.5,
1995,20117,KS,Marshall County,rural,Midwest,West North Central,900.171,11312,6349,9,
1996,20117,KS,Marshall County,rural,Midwest,West North Central,900.171,11276,6396,9.5,
1997,20117,KS,Marshall County,rural,Midwest,West North Central,900.171,11166,6399,10,
1998,20117,KS,Marshall County,rural,Midwest,West North Central,900.171,11034,6387,10.5,
1999,20117,KS,Marshall County,rural,Midwest,West North Central,900.171,11005,6424,11,
2000,20117,KS,Marshall County,rural,Midwest,West North Central,900.171,10933,6427,11.33333,
2001,20117,KS,Marshall County,rural,Midwest,West North Central,900.171,10791,6386,11.66667,
2001,20117,KS,Marshall County,rural,Midwest,West North Central,900.171,10791,6386,11.66667,
2002,20117,KS,Marshall County,rural  ,Midwest,West North Central,900.171,10585,6295,12,
2002,20117,KS,Marshall County,rural  ,Midwest,West North Central,900.171,10585,6295,12,
2003,20117,KS,Marshall County,rural,Midwest,West North Central,900.171,10451,6258,12.33333,
2004,20117,KS,Marshall County,rural,Midwest,West North Central,900.171,10312,6243,12.66667,
2005,20117,KS,Marshall County,rural,Midwest,West North Central,900.171,10270,6231,13,
2006,20117,KS,Marshall County,rural,Midwest,West North Central,900.171,10171,6201,14,
2007,20117,KS,Marshall County,rural,Midwest,West North Central,900.171,10150,6177,15,
2008,20117,KS,Marshall County,rural  ,Midwest,West North Central,900.171,10174,6142,543,
2008,20117,,,,,,,,,16,
2009,20117,KS,Marshall County,Rural,Midwest,West North Central,900.171,10121,6063,17,
2010,20117,KS,Marshall County,rural,Midwest,West North Central,900.171,10117,6023,18,
2011,20117,KS,Marshall County,rural,Midwest,West North Central,900.171,10111,6025,19,
2012,20117,KS,Marshall County,rural,Midwest,West North Central,900.171,9980,5989,20,
2013,20117,KS,Marshall County,rural,Midwest,West North Central,900.171,10021,5968,21,
2014,20117,KS,Marshall County,rural,Midwest,West North Central,900.171,9968,5959,21,
2014,20117,KS,Marshall County,rural,Midwest,West North Central,900.171,9968,5959,21,
2015,20117,KS,Marshall County,rural,Midwest,West North Central,900.171,9940,5924,21,
2016,20117,KS,Marshall County,rural,Midwest,West North Central,900.171,9839,5845,,
1970,20119,KS,Meade County,rural,Midwest,West North Central,978.083,4872,2865,0,
1971,20119,KS,Meade County,rural,Midwest,West North Central,978.083,4723,2781,501,
1971,20119,,,,,,,,,0,
1972,20119,KS,Meade County,rural,Midwest,West North Central,978.083,4953,2967,0,
1973,20119,KS,Meade County,rural,Midwest,West North Central,978.083,4813,2900,0,
1973,20119,KS,Meade County,rural,Midwest,West North Central,978.083,4813,2900,0,
1974,20119,KS,Meade County,rural,Midwest,West North Central,978.083,4765,2901,0,
1975,20119,KS,Meade County,rural,Midwest,West North Central,978.083,4808,2974,0,
1976,20119,KS,Meade County,rural,Midwest,West North Central,978.083,4818,2982,0,
1977,20119,KS,Meade County,rural,Midwest,West North Central,978.083,4855,2994,0,
1978,20119,KS,Meade County,  RURAL ,Midwest,West North Central,978.083,4809,2953,0.9626732,
1979,20119,KS,Meade County,rural,Midwest,West North Central,978.083,4751,2875,1.331899,
1980,20119,KS,Meade County,rural,Midwest,West North Central,978.083,4774,2885,1.709348,
1981,20119,KS,Meade County,rural,Midwest,West North Central,978.083,4702,2833,2.061045,
1982,20119,KS,Meade County,rural,Midwest,West North Central,978.083,4753,2851,2.452473,
1983,20119,KS,Meade County,rural,Midwest,West North Central,978.083,4708,2815,2.772944,
1984,20119,KS,Meade County,rural,Midwest,West North Central,978.083,4696,2800,2.669735,
1985,20119,KS,Meade County,rural,Midwest,West North Central,978.083,4637,2753,2.556683,
1985,20119,KS,Meade County,rural,Midwest,West North Central,978.083,4637,2753,2.556683,
1986,20119,KS,Meade County,rural,Midwest,West North Central,978.083,4547,2695,2.434834,
1987,20119,KS,Meade County,rural,Midwest,West North Central,978.083,4436,2614,2.286426,
1988,20119,KS,Meade County,rural,Midwest,West North Central,978.083,4381,2570,2.186862,
1988,20119,KS,Meade County,rural,Midwest,West North Central,978.083,4381,2570,2.186862,
1989,20119,KS,Meade County,rural,Midwest,West North Central,978.083,4365,2538,3.257797,
1990,20119,KS,Meade County,rural,Midwest,West North Central,978.083,4235,2452,4.237278,
1991,20119,KS,Meade County,rural,Midwest,West North Central,978.083,4292,2464,5.302663,
1992,20119,KS,Meade County,rural,Midwest,West North Central,978.083,4297,2457,6.290058,
1993,20119,KS,Meade County,rural,Midwest,West North Central,978.083,4349,2501,7.423957,
1994,20119,KS,Meade County,rural,Midwest,West North Central,978.083,4389,2521,8.464101,
1995,20119,KS,Meade County,rural,Midwest,West North Central,978.083,4476,2563,9.529491,
1996,20119,KS,Meade County,rural,Midwest,West North Central,978.083,4520,2591,10.51507,
1997,20119,KS,Meade County,rural,Midwest,West North Central,978.083,4527,2582,11.52869,
1998,20119,KS,Meade County,rural,Midwest,West North Central,978.083,4583,2620,12.5085,
1999,20119,KS,Meade County,rural,Midwest,West North Central,978.083,4577,2618,13.47531,
2000,20119,KS,Meade County,rural,Midwest,West North Central,978.083,4621,2650,13.34977,
2001,20119,KS,Meade County,rural,Midwest,West North Central,978.083,4669,2673,13.20833,
2001,20119,KS,Meade County,rural,Midwest,West North Central,978.083,4669,2673,13.20833,
2002,20119,KS,Meade County,rural,Midwest,West North Central,978.083,4663,2691,592,
2002,20119,,,,,,,,,13.02639,
2003,20119,KS,Meade County,  RURAL ,Midwest,West North Central,978.083,4595,2644,12.77697,
2004,20119,KS,Meade County,rural,Midwest,West North Central,978.083,4570,2663,12.62348,
2005,20119,KS,Meade County,  RURAL ,Midwest,West North Central,978.083,4586,2686,12.64992,
2006,20119,KS,Meade County,Rural,Midwest,West North Central,978.083,4531,2673,12.95099,
2007,20119,KS,Meade County,rural,Midwest,West North Central,978.083,4490,2612,13.07899,
2008,20119,KS,Meade County,rural,Midwest,West North Central,978.083,4497,2658,13.39418,
2008,20119,KS,Meade County,rural,Midwest,West North Central,978.083,4497,2658,13.39418,
2009,20119,KS,Meade County,rural,Midwest,West North Central,978.083,4502,2659,13.44202,
2010,20119,KS,Meade County,rural,Midwest,West North Central,978.083,4575,2716,13.67262,
2011,20119,KS,Meade County,Rural,Midwest,West North Central,978.083,4596,2732,13.80155,
2012,20119,KS,Meade County,  RURAL ,Midwest,West North Central,978.083,4519,2741,14.11549,
2013,20119,KS,Meade County,rural,Midwest,West North Central,978.083,4381,2688,14.12938,
2014,20119,KS,Meade County,rural,Midwest,West North Central,978.083,4285,2614,10.22112,
2015,20119,KS,Meade County,rural,Midwest,West North Central,978.083,4344,2644,6.168625,
2015,20119,KS,Meade County,rural,Midwest,West North Central,978.083,4344,2644,6.168625,
2016,20119,KS,Meade County,rural,Midwest,West North Central,978.083,4293,2597,,
2016,20119,KS,Meade County,rural,Midwest,West North Central,978.083,4293,2597,,
1970,20121,KS,Miami County,suburban,Midwest,West North Central,575.661,19334,11097,4,
1971,20121,KS,Miami County,SUBURBAN,Midwest,West North Central,575.661,19612,11327,4.125,
1972,20121,KS,Miami County,suburban,Midwest,West North Central,575.661,20210,11820,557,
1972,20121,,,,,,,,,4.25,
1973,20121,KS,Miami County,suburban,Midwest,West North Central,575.661,20495,12102,4.375,
1974,20121,KS,Miami County,suburban,Midwest,West North Central,575.661,20936,12483,4.5,
1975,20121,KS,Miami County,suburban,Midwest,West North Central,575.661,20761,12427,4.625,
1976,20121,KS,Miami County,suburban,Midwest,West North Central,575.661,20761,12489,4.75,
1977,20121,KS,Miami County,suburban,Midwest,West North Central,575.661,21440,13025,4.875,
1978,20121,KS,Miami County,suburban,Midwest,West North Central,575.661,21679,13273,5,
1978,20121,KS,Miami County,suburban,Midwest,West North Central,575.661,21679,13273,5,
1979,20121,KS,Miami County,suburban,Midwest,West North Central,575.661,21417,13152,7.4,
1980,20121,KS,Miami County,suburban,Midwest,West North Central,575.661,21674,13390,9.8,
1981,20121,KS,Miami County, suburban,Midwest,West North Central,575.661,21795,13496,12.2,
1982,20121,KS,Miami County,suburban,Midwest,West North Central,575.661,21787,13525,14.6,
1982,20121,KS,Miami County,suburban,Midwest,West North Central,575.661,21787,13525,14.6,
1983,20121,KS,Miami County,suburban,Midwest,West North Central,575.661,21783,13551,17,
1984,20121,KS,Miami County,suburban,Midwest,West North Central,575.661,21897,13673,17.6,
1984,20121,KS,Miami County,suburban,Midwest,West North Central,575.661,21897,13673,17.6,
1985,20121,KS,Miami County,suburban,Midwest,West North Central,575.661,21997,13767,18.2,
1986,20121,KS,Miami County,suburban,Midwest,West North Central,575.661,22060,13870,18.8,
1987,20121,KS,Miami County,suburban,Midwest,West North Central,575.661,22462,14125,19.4,
1988,20121,KS,Miami County,SUBURBAN,Midwest,West North Central,575.661,23018,14497,20,
1989,20121,KS,Miami County,suburban,Midwest,West North Central,575.661,23295,14644,20,
1990,20121,KS,Miami County,suburban,Midwest,West North Central,575.661,23577,14871,20,
1991,20121,KS,Miami County,suburban,Midwest,West North Central,575.661,23889,15026,20,
1992,20121,KS,Miami County,suburban,Midwest,West North Central,575.661,24176,15228,20,
1993,20121,KS,Miami County,suburban,Midwest,West North Central,575.661,24364,15380,20,
1994,20121,KS,Miami County,suburban,Midwest,West North Central,575.661,25091,15932,21.16667,
1995,20121,KS,Miami County,suburban,Midwest,West North Central,575.661,25667,16443,22.33333,
1996,20121,KS,Miami County,Suburban,Midwest,West North Central,575.661,26332,16956,23.5,
1996,20121,KS,Miami County,Suburban,Midwest,West North Central,575.661,26332,16956,23.5,
1997,20121,KS,Miami County,suburban,Midwest,West North Central,575.661,26799,17291,564,
1997,20121,,,,,,,,,24.66667,
1998,20121,KS,Miami County,suburban,Midwest,West North Central,575.661,27121,17566,25.83333,
1998,20121,KS,Miami County,suburban,Midwest,West North Central,575.661,27121,17566,25.83333,
1999,20121,KS,Miami County,Suburban,Midwest,West North Central,575.661,27875,18148,27,
2000,20121,KS,Miami County,suburban,Midwest,West North Central,575.661,28536,18643,28.66667,
2001,20121,KS,Miami County,suburban,Midwest,West North Central,575.661,28770,18824,30.33333,
2002,20121,KS,Miami County,Suburban,Midwest,West North Central,575.661,29072,19098,32,
2003,20121,KS,Miami County,suburban,Midwest,West North Central,575.661,29437,19280,33.66667,
2004,20121,KS,Miami County,suburban,Midwest,West North Central,575.661,30158,19675,35.33333,
2005,20121,KS,Miami County,suburban,Midwest,West North Central,575.661,30758,20099,37,
2006,20121,KS,Miami County,suburban,Midwest,West North Central,575.661,31180,20420,36.75,
2006,20121,KS,Miami County,suburban,Midwest,West North Central,575.661,31180,20420,36.75,
2007,20121,KS,Miami County,suburban,Midwest,West North Central,575.661,31962,20990,36.5,
2008,20121,KS,Miami County,suburban,Midwest,West North Central,575.661,32131,20971,36.25,
2009,20121,KS,Miami County,suburban,Midwest,West North Central,575.661,32445,21068,36,
2010,20121,KS,Miami County,suburban,Midwest,West North Central,575.661,32783,21183,35.75,
2011,20121,KS,Miami County,suburban,Midwest,West North Central,575.661,32884,21248,35.5,
2012,20121,KS,Miami County,suburban,Midwest,West North Central,575.661,32735,21220,35.25,
2013,20121,KS,Miami County,suburban,Midwest,West North Central,575.661,32669,20950,35,
2014,20121,KS,Miami County,suburban,Midwest,West North Central,575.661,32834,20972,26,
2015,20121,KS,Miami County,suburban  ,Midwest,West North Central,575.661,32873,20926,17,
2016,20121,KS,Miami County,suburban,Midwest,West North Central,575.661,32751,20789,,
1970,20123,KS,Mitchell County, rural,Midwest,West North Central,701.792,7966,4512,3,
1971,20123,KS,Mitchell County,rural,Midwest,West North Central,701.792,7806,4412,3.25,
1972,20123,KS,Mitchell County,rural,Midwest,West North Central,701.792,7780,4418,3.5,
1973,20123,KS,Mitchell County,  RURAL ,Midwest,West North Central,701.792,7664,4353,3.75,
1974,20123,KS,Mitchell County,rural,Midwest,West North Central,701.792,7576,4308,4,
1975,20123,KS,Mitchell County,rural,Midwest,West North Central,701.792,7736,4442,4.25,
1976,20123,KS,Mitchell County,rural,Midwest,West North Central,701.792,7779,4501,4.5,
1977,20123,KS,Mitchell County,  RURAL ,Midwest,West North Central,701.792,7860,4568,4.75,
1978,20123,KS,Mitchell County,rural  ,Midwest,West North Central,701.792,7969,4649,5,
1979,20123,KS,Mitchell County,rural,Midwest,West North Central,701.792,8130,4759,5.2,
1980,20123,KS,Mitchell County,rural,Midwest,West North Central,701.792,8101,4721,5.4,
1981,20123,KS,Mitchell County,rural,Midwest,West North Central,701.792,7988,4647,5.6,
1982,20123,KS,Mitchell County,rural  ,Midwest,West North Central,701.792,7917,4592,5.8,
1983,20123,KS,Mitchell County,rural,Midwest,West North Central,701.792,7907,4577,6,
1984,20123,KS,Mitchell County,rural,Midwest,West North Central,701.792,7972,4607,5.6,
1985,20123,KS,Mitchell County,rural,Midwest,West North Central,701.792,7817,4505,5.2,
1986,20123,KS,Mitchell County,rural,Midwest,West North Central,701.792,7670,4421,4.8,
1987,20123,KS,Mitchell County,rural,Midwest,West North Central,701.792,7578,4349,4.4,
1988,20123,KS,Mitchell County,rural,Midwest,West North Central,701.792,7462,4270,4,
1989,20123,KS,Mitchell County,rural,Midwest,West North Central,701.792,7298,4152,4.8,
1990,20123,KS,Mitchell County,rural,Midwest,West North Central,701.792,7184,4082,5.6,
1991,20123,KS,Mitchell County,rural,Midwest,West North Central,701.792,7209,4091,6.4,
1992,20123,KS,Mitchell County,rural,Midwest,West North Central,701.792,7222,4113,7.2,
1993,20123,KS,Mitchell County,rural,Midwest,West North Central,701.792,7131,4065,8,
1994,20123,KS,Mitchell County,rural  ,Midwest,West North Central,701.792,7095,4055,9,
1995,20123,KS,Mitchell County,rural,Midwest,West North Central,701.792,7121,4102,10,
1996,20123,KS,Mitchell County,rural,Midwest,West North Central,701.792,7101,4136,11,
1996,20123,KS,Mitchell County,rural,Midwest,West North Central,701.792,7101,4136,11,
1997,20123,KS,Mitchell County,rural,Midwest,West North Central,701.792,7027,4119,12,
1997,20123,KS,Mitchell County,rural,Midwest,West North Central,701.792,7027,4119,12,
1998,20123,KS,Mitchell County,rural,Midwest,West North Central,701.792,6986,4103,13,
1999,20123,KS,Mitchell County,rural,Midwest,West North Central,701.792,6982,4139,14,
2000,20123,KS,Mitchell County,rural,Midwest,West North Central,701.792,6911,4124,15,
2001,20123,KS,Mitchell County,rural,Midwest,West North Central,701.792,6772,4086,16,
2002,20123,KS,Mitchell County,rural,Midwest,West North Central,701.792,6706,4051,17,
2003,20123,KS,Mitchell County,rural,Midwest,West North Central,701.792,6688,4058,18,
2004,20123,KS,Mitchell County,rural,Midwest,West North Central,701.792,6539,4004,19,
2005,20123,KS,Mitchell County,rural,Midwest,West North Central,701.792,6443,3951,20,
2006,20123,KS,Mitchell County,rural  ,Midwest,West North Central,701.792,6382,3924,21,
2007,20123,KS,Mitchell County,rural,Midwest,West North Central,701.792,6389,3916,22,
2008,20123,KS,Mitchell County,rural,Midwest,West North Central,701.792,6370,3881,23,
2009,20123,KS,Mitchell County,rural,Midwest,West North Central,701.792,6420,3908,24,
2010,20123,KS,Mitchell County,rural,Midwest,West North Central,701.792,6373,3897,25,
2011,20123,KS,Mitchell County,rural,Midwest,West North Central,701.792,6336,3885,26,
2012,20123,KS,Mitchell County,rural,Midwest,West North Central,701.792,6283,3815,27,
2012,20123,KS,Mitchell County,rural,Midwest,West North Central,701.792,6283,3815,27,
2013,20123,KS,Mitchell County,rural,Midwest,West North Central,701.792,6301,3839,28,
2013,20123,KS,Mitchell County,rural,Midwest,West North Central,701.792,6301,3839,28,
2014,20123,KS,Mitchell County,rural,Midwest,West North Central,701.792,6307,3827,28,
2015,20123,KS,Mitchell County,rural,Midwest,West North Central,701.792,6244,3727,28,
2016,20123,KS,Mitchell County,RURAL,Midwest,West North Central,701.792,6286,3683,,
1970,20125,KS,Montgomery County,rural,Midwest,West North Central,643.528,39969,23249,20,
1971,20125,KS,Montgomery County,RURAL,Midwest,West North Central,643.528,40105,23375,19.75,
1971,20125,KS,Montgomery County,RURAL,Midwest,West North Central,643.528,40105,23375,19.75,
1972,20125,KS,Montgomery County,rural,Midwest,West North Central,643.528,40472,23731,19.5,
1973,20125,KS,Montgomery County, rural,Midwest,West North Central,643.528,39882,23412,19.25,
1974,20125,KS,Montgomery County,rural,Midwest,West North Central,643.528,39215,23009,19,
1975,20125,KS,Montgomery County,rural,Midwest,West North Central,643.528,39548,23305,18.75,
1976,20125,KS,Montgomery County,rural,Midwest,West North Central,643.528,39945,23662,18.5,
1977,20125,KS,Montgomery County,rural,Midwest,West North Central,643.528,40974,24479,18.25,
1978,20125,KS,Montgomery County,rural,Midwest,West North Central,643.528,41369,24809,18,
1979,20125,KS,Montgomery County,rural,Midwest,West North Central,643.528,41862,25210,19.8,
1980,20125,KS,Montgomery County,rural,Midwest,West North Central,643.528,42407,25586,21.6,
1981,20125,KS,Montgomery County,rural,Midwest,West North Central,643.528,42738,25736,23.4,
1982,20125,KS,Montgomery County,rural,Midwest,West North Central,643.528,43288,26011,25.2,
1983,20125,KS,Montgomery County,rural,Midwest,West North Central,643.528,42726,25629,27,
1984,20125,KS,Montgomery County,rural,Midwest,West North Central,643.528,41819,25052,29.2,
1985,20125,KS,Montgomery County,rural,Midwest,West North Central,643.528,40976,24477,31.4,
1985,20125,KS,Montgomery County,rural,Midwest,West North Central,643.528,40976,24477,31.4,
1986,20125,KS,Montgomery County,rural,Midwest,West North Central,643.528,40626,24267,33.6,
1987,20125,KS,Montgomery County,rural,Midwest,West North Central,643.528,40442,24044,35.8,
1988,20125,KS,Montgomery County,rural,Midwest,West North Central,643.528,40068,23771,38,
1989,20125,KS,Montgomery County,rural,Midwest,West North Central,643.528,39220,23124,43.4,
1990,20125,KS,Montgomery County,rural,Midwest,West North Central,643.528,38758,22826,48.8,
1991,20125,KS,Montgomery County,rural,Midwest,West North Central,643.528,38641,22714,54.2,
1992,20125,KS,Montgomery County,rural  ,Midwest,West North Central,643.528,37939,22355,59.6,
1993,20125,KS,Montgomery County,rural,Midwest,West North Central,643.528,37785,22375,65,
1994,20125,KS,Montgomery County,rural,Midwest,West North Central,643.528,37598,22388,65.33334,
1995,20125,KS,Montgomery County,rural,Midwest,West North Central,643.528,37451,22471,65.66666,
1995,20125,KS,Montgomery County,rural,Midwest,West North Central,643.528,37451,22471,65.66666,
1996,20125,KS,Montgomery County,  RURAL ,Midwest,West North Central,643.528,37146,22457,66,
1997,20125,KS,Montgomery County,rural  ,Midwest,West North Central,643.528,36987,22483,66.33334,
1998,20125,KS,Montgomery County,rural,Midwest,West North Central,643.528,36813,22485,66.66666,
1999,20125,KS,Montgomery County,rural,Midwest,West North Central,643.528,36506,22385,67,
2000,20125,KS,Montgomery County,rural,Midwest,West North Central,643.528,36242,22305,73.33334,
2001,20125,KS,Montgomery County,rural,Midwest,West North Central,643.528,35935,22304,79.66666,
2002,20125,KS,Montgomery County,rural,Midwest,West North Central,643.528,35490,22099,86,
2003,20125,KS,Montgomery County,rural,Midwest,West North Central,643.528,35152,21997,92.33334,
2004,20125,KS,Montgomery County,rural,Midwest,West North Central,643.528,35150,22097,599,
2004,20125,,,,,,,,,98.66666,
2005,20125,KS,Montgomery County,rural,Midwest,West North Central,643.528,35034,22123,105,
2006,20125,KS,Montgomery County,rural,Midwest,West North Central,643.528,35246,22272,110.25,
2007,20125,KS,Montgomery County,  RURAL ,Midwest,West North Central,643.528,35504,22419,115.5,
2008,20125,KS,Montgomery County,rural,Midwest,West North Central,643.528,35538,22360,120.75,
2009,20125,KS,Montgomery County,rural,Midwest,West North Central,643.528,35589,22391,126,
2010,20125,KS,Montgomery County,rural,Midwest,West North Central,643.528,35468,22334,131.25,
2011,20125,KS,Montgomery County,rural,Midwest,West North Central,643.528,35353,22262,136.5,
2012,20125,KS,Montgomery County,rural,Midwest,West North Central,643.528,34778,21873,141.75,
2013,20125,KS,Montgomery County,rural,Midwest,West North Central,643.528,34476,21463,147,
2014,20125,KS,Montgomery County,rural,Midwest,West North Central,643.528,34442,21314,147,
2015,20125,KS,Montgomery County,rural,Midwest,West North Central,643.528,34067,20987,147,
2016,20125,KS,Montgomery County,rural,Midwest,West North Central,643.528,33384,20472,,
1970,20127,KS,Morris County,rural,Midwest,West North Central,695.268,6398,3576,2,
1971,20127,KS,Morris County,rural,Midwest,West North Central,695.268,6274,3501,1.875,
1972,20127,KS,Morris County,  RURAL ,Midwest,West North Central,695.268,6430,3636,1.75,
1973,20127,KS,Morris County,rural,Midwest,West North Central,695.268,6432,3661,1.625,
1974,20127,KS,Morris County,rural,Midwest,West North Central,695.268,6447,3681,1.5,
1975,20127,KS,Morris County,rural,Midwest,West North Central,695.268,6469,3718,1.375,
1976,20127,KS,Morris County,rural,Midwest,West North Central,695.268,6512,3761,1.25,
1977,20127,KS,Morris County,RURAL,Midwest,West North Central,695.268,6459,3717,1.125,
1978,20127,KS,Morris County,rural,Midwest,West North Central,695.268,6470,3727,1,
1979,20127,KS,Morris County,rural,Midwest,West North Central,695.268,6400,3680,1.4,
1980,20127,KS,Morris County,rural,Midwest,West North Central,695.268,6377,3668,1.8,
1981,20127,KS,Morris County,rural,Midwest,West North Central,695.268,6189,3553,2.2,
1982,20127,KS,Morris County,rural,Midwest,West North Central,695.268,6274,3597,2.6,
1983,20127,KS,Morris County,Rural,Midwest,West North Central,695.268,6323,3628,3,
1984,20127,KS,Morris County,rural,Midwest,West North Central,695.268,6142,3527,3.5,
1985,20127,KS,Morris County,rural,Midwest,West North Central,695.268,6100,3493,4,
1986,20127,KS,Morris County,rural,Midwest,West North Central,695.268,6053,3469,2,
1987,20127,KS,Morris County,rural,Midwest,West North Central,695.268,6096,3482,2,
1988,20127,KS,Morris County, rural,Midwest,West North Central,695.268,6113,3492,3,
1989,20127,KS,Morris County,rural  ,Midwest,West North Central,695.268,6212,3526,3.4,
1990,20127,KS,Morris County,rural,Midwest,West North Central,695.268,6203,3511,3.8,
1991,20127,KS,Morris County,rural,Midwest,West North Central,695.268,6284,3562,4.2,
1992,20127,KS,Morris County,rural,Midwest,West North Central,695.268,6245,3562,4.6,
1993,20127,KS,Morris County,rural,Midwest,West North Central,695.268,6236,3561,5,
1994,20127,KS,Morris County,  RURAL ,Midwest,West North Central,695.268,6295,3619,5,
1995,20127,KS,Morris County,rural,Midwest,West North Central,695.268,6290,3638,5,
1996,20127,KS,Morris County, rural,Midwest,West North Central,695.268,6252,3647,5,
1997,20127,KS,Morris County,rural,Midwest,West North Central,695.268,6184,3600,5,
1998,20127,KS,Morris County,rural,Midwest,West North Central,695.268,6103,3545,5,
1999,20127,KS,Morris County,rural,Midwest,West North Central,695.268,6096,3555,5,
2000,20127,KS,Morris County,rural,Midwest,West North Central,695.268,6120,3594,5.5,
2001,20127,KS,Morris County,rural,Midwest,West North Central,695.268,6061,3581,6,
2002,20127,KS,Morris County,RURAL,Midwest,West North Central,695.268,5981,3568,6.5,
2003,20127,KS,Morris County,rural,Midwest,West North Central,695.268,5922,3548,7,
2004,20127,KS,Morris County,  RURAL ,Midwest,West North Central,695.268,5904,3571,7.5,
2005,20127,KS,Morris County,RURAL,Midwest,West North Central,695.268,5947,3594,8,
2006,20127,KS,Morris County,Rural,Midwest,West North Central,695.268,5929,3570,7.75,
2007,20127,KS,Morris County,rural,Midwest,West North Central,695.268,5931,3582,7.5,
2008,20127,KS,Morris County,rural,Midwest,West North Central,695.268,5999,3605,7.25,
2009,20127,KS,Morris County,  RURAL ,Midwest,West North Central,695.268,5958,3566,7,
2010,20127,KS,Morris County,rural,Midwest,West North Central,695.268,5925,3568,6.75,
2011,20127,KS,Morris County,rural,Midwest,West North Central,695.268,5920,3567,6.5,
2011,20127,KS,Morris County,rural,Midwest,West North Central,695.268,5920,3567,6.5,
2012,20127,KS,Morris County,rural,Midwest,West North Central,695.268,5866,3556,6.25,
2013,20127,KS,Morris County,rural,Midwest,West North Central,695.268,5850,3533,6,
2014,20127,KS,Morris County,rural,Midwest,West North Central,695.268,5721,3416,6,
2015,20127,KS,Morris County,rural,Midwest,West North Central,695.268,5667,3363,6,
2016,20127,KS,Morris County,rural,Midwest,West North Central,695.268,5624,3334,,
1970,20129,KS,Morton County,rural,Midwest,West North Central,729.731,3555,2158,4,
1971,20129,KS,Morton County,rural,Midwest,West North Central,729.731,3474,2113,3.75,
1972,20129,KS,Morton County,rural,Midwest,West North Central,729.731,3569,2202,543,
1972,20129,,,,,,,,,3.5,
1973,20129,KS,Morton County,Rural,Midwest,West North Central,729.731,3387,2101,3.25,
1974,20129,KS,Morton County,rural,Midwest,West North Central,729.731,3344,2086,3,
1975,20129,KS,Morton County,rural,Midwest,West North Central,729.731,3378,2126,2.75,
1976,20129,KS,Morton County,rural,Midwest,West North Central,729.731,3390,2147,2.5,
1977,20129,KS,Morton County,rural,Midwest,West North Central,729.731,3406,2165,2.25,
1978,20129,KS,Morton County,rural,Midwest,West North Central,729.731,3386,2159,2,
1979,20129,KS,Morton County,rural,Midwest,West North Central,729.731,3391,2165,2,
1980,20129,KS,Morton County,rural,Midwest,West North Central,729.731,3456,2208,2,
1981,20129,KS,Morton County,rural,Midwest,West North Central,729.731,3455,2199,2,
1982,20129,KS,Morton County,rural,Midwest,West North Central,729.731,3508,2219,2,
1983,20129,KS,Morton County,rural  ,Midwest,West North Central,729.731,3552,2240,2,
1984,20129,KS,Morton County,RURAL,Midwest,West North Central,729.731,3533,2220,2,
1985,20129,KS,Morton County,rural,Midwest,West North Central,729.731,3561,2227,2,
1986,20129,KS,Morton County,rural,Midwest,West North Central,729.731,3577,2239,2,
1987,20129,KS,Morton County,rural,Midwest,West North Central,729.731,3568,2216,2,
1988,20129,KS,Morton County,rural,Midwest,West North Central,729.731,3547,2190,2,
1989,20129,KS,Morton County,rural,Midwest,West North Central,729.731,3495,2140,2.2,
1990,20129,KS,Morton County,rural,Midwest,West North Central,729.731,3482,2122,2.4,
1991,20129,KS,Morton County,Rural,Midwest,West North Central,729.731,3433,2081,2.6,
1992,20129,KS,Morton County,rural,Midwest,West North Central,729.731,3453,2093,2.8,
1993,20129,KS,Morton County,rural,Midwest,West North Central,729.731,3420,2076,3,
1994,20129,KS,Morton County,rural,Midwest,West North Central,729.731,3487,2129,2.833333,
1995,20129,KS,Morton County,rural,Midwest,West North Central,729.731,3399,2077,2.666667,
1996,20129,KS,Morton County,rural,Midwest,West North Central,729.731,3440,2104,2.5,
1997,20129,KS,Morton County,rural,Midwest,West North Central,729.731,3472,2134,2.333333,
1997,20129,KS,Morton County,rural,Midwest,West North Central,729.731,3472,2134,2.333333,
1998,20129,KS,Morton County,rural,Midwest,West North Central,729.731,3483,2145,2.166667,
1999,20129,KS,Morton County,  RURAL ,Midwest,West North Central,729.731,3537,2194,2,
2000,20129,KS,Morton County,rural,Midwest,West North Central,729.731,3482,2152,2.166667,
2001,20129,KS,Morton County,rural,Midwest,West North Central,729.731,3393,2079,2.333333,
2002,20129,KS,Morton County,rural,Midwest,West North Central,729.731,3387,2123,2.5,
2003,20129,KS,Morton County,rural,Midwest,West North Central,729.731,3403,2101,2.666667,
2004,20129,KS,Morton County,rural,Midwest,West North Central,729.731,3326,2057,2.833333,
2005,20129,KS,Morton County,rural  ,Midwest,West North Central,729.731,3300,2029,3,
2006,20129,KS,Morton County,rural,Midwest,West North Central,729.731,3285,2032,3.625,
2007,20129,KS,Morton County,  RURAL ,Midwest,West North Central,729.731,3256,1973,4.25,
2007,20129,KS,Morton County,  RURAL ,Midwest,West North Central,729.731,3256,1973,4.25,
2008,20129,KS,Morton County,  RURAL ,Midwest,West North Central,729.731,3227,1969,4.875,
2009,20129,KS,Morton County,rural,Midwest,West North Central,729.731,3226,1977,5.5,
2010,20129,KS,Morton County,rural,Midwest,West North Central,729.731,3233,1966,6.125,
2011,20129,KS,Morton County,rural,Midwest,West North Central,729.731,3240,1964,6.75,
2012,20129,KS,Morton County,rural,Midwest,West North Central,729.731,3178,1931,7.375,
2013,20129,KS,Morton County,rural,Midwest,West North Central,729.731,3130,1904,8,
2014,20129,KS,Morton County,rural,Midwest,West North Central,729.731,3119,1878,8,
2015,20129,KS,Morton County,rural,Midwest,West North Central,729.731,3045,1846,8,
2016,20129,KS,Morton County,rural  ,Midwest,West North Central,729.731,2952,1779,,
1970,20131,KS,Nemaha County,rural,Midwest,West North Central,717.426,11800,6223,3,
1971,20131,KS,Nemaha County,rural,Midwest,West North Central,717.426,11674,6208,3.153846,
1972,20131,KS,Nemaha County,rural,Midwest,West North Central,717.426,11634,6276,3.307692,
1973,20131,KS,Nemaha County,RURAL,Midwest,West North Central,717.426,11351,6184,3.461539,
1974,20131,KS,Nemaha County,rural,Midwest,West North Central,717.426,11239,6197,3.615385,
1975,20131,KS,Nemaha County,rural,Midwest,West North Central,717.426,11405,6398,3.769231,
1976,20131,KS,Nemaha County,rural,Midwest,West North Central,717.426,11277,6397,3.923077,
1977,20131,KS,Nemaha County,rural,Midwest,West North Central,717.426,11443,6559,4.076923,
1977,20131,KS,Nemaha County,rural,Midwest,West North Central,717.426,11443,6559,4.076923,
1978,20131,KS,Nemaha County,rural,Midwest,West North Central,717.426,11307,6499,4.230769,
1978,20131,KS,Nemaha County,rural,Midwest,West North Central,717.426,11307,6499,4.230769,
1979,20131,KS,Nemaha County,rural,Midwest,West North Central,717.426,11213,6464,4.384615,
1980,20131,KS,Nemaha County,rural,Midwest,West North Central,717.426,11158,6437,4.538462,
1981,20131,KS,Nemaha County,Rural,Midwest,West North Central,717.426,10899,6259,4.692307,
1982,20131,KS,Nemaha County,rural,Midwest,West North Central,717.426,10897,6229,4.846154,
1983,20131,KS,Nemaha County,Rural,Midwest,West North Central,717.426,10815,6155,5,
1984,20131,KS,Nemaha County,rural,Midwest,West North Central,717.426,10646,6042,4.6,
1985,20131,KS,Nemaha County,rural,Midwest,West North Central,717.426,10500,5933,4.2,
1986,20131,KS,Nemaha County,rural,Midwest,West North Central,717.426,10431,5882,3.8,
1987,20131,KS,Nemaha County,rural,Midwest,West North Central,717.426,10278,5754,3.4,
1988,20131,KS,Nemaha County,rural,Midwest,West North Central,717.426,10196,5677,3,
1989,20131,KS,Nemaha County,rural,Midwest,West North Central,717.426,10581,5833,3.8,
1990,20131,KS,Nemaha County,rural,Midwest,West North Central,717.426,10447,5724,4.6,
1991,20131,KS,Nemaha County,rural,Midwest,West North Central,717.426,10506,5707,5.4,
1992,20131,KS,Nemaha County,rural,Midwest,West North Central,717.426,10525,5709,6.2,
1993,20131,KS,Nemaha County, rural,Midwest,West North Central,717.426,10579,5723,7,
1994,20131,KS,Nemaha County,rural,Midwest,West North Central,717.426,10660,5782,7.5,
1995,20131,KS,Nemaha County,rural,Midwest,West North Central,717.426,10675,5826,8,
1996,20131,KS,Nemaha County,rural,Midwest,West North Central,717.426,10713,5875,8.5,
1997,20131,KS,Nemaha County,rural,Midwest,West North Central,717.426,10597,5823,9,
1998,20131,KS,Nemaha County,rural,Midwest,West North Central,717.426,10653,5851,9.5,
1999,20131,KS,Nemaha County,rural,Midwest,West North Central,717.426,10700,5879,10,
2000,20131,KS,Nemaha County,rural,Midwest,West North Central,717.426,10694,5872,9.666667,
2001,20131,KS,Nemaha County, rural,Midwest,West North Central,717.426,10494,5835,9.333333,
2002,20131,KS,Nemaha County,rural,Midwest,West North Central,717.426,10501,5875,9,
2003,20131,KS,Nemaha County,rural,Midwest,West North Central,717.426,10490,5950,8.666667,
2004,20131,KS,Nemaha County,RURAL,Midwest,West North Central,717.426,10397,5952,8.333333,
2005,20131,KS,Nemaha County,rural,Midwest,West North Central,717.426,10367,5983,8,
2006,20131,KS,Nemaha County, rural,Midwest,West North Central,717.426,10345,5971,8.5,
2007,20131,KS,Nemaha County,rural,Midwest,West North Central,717.426,10325,5984,9,
2007,20131,KS,Nemaha County,rural,Midwest,West North Central,717.426,10325,5984,9,
2008,20131,KS,Nemaha County,rural,Midwest,West North Central,717.426,10259,5990,9.5,
2009,20131,KS,Nemaha County,rural,Midwest,West North Central,717.426,10165,5935,10,
2010,20131,KS,Nemaha County,rural,Midwest,West North Central,717.426,10176,5961,10.5,
2010,20131,KS,Nemaha County,rural,Midwest,West North Central,717.426,10176,5961,10.5,
2011,20131,KS,Nemaha County,rural,Midwest,West North Central,717.426,10159,5949,11,
2012,20131,KS,Nemaha County,rural  ,Midwest,West North Central,717.426,10087,5898,11.5,
2013,20131,KS,Nemaha County,Rural,Midwest,West North Central,717.426,10067,5915,12,
2014,20131,KS,Nemaha County,rural,Midwest,West North Central,717.426,10093,5931,12,
2015,20131,KS,Nemaha County,rural,Midwest,West North Central,717.426,10081,5981,12,
2016,20131,KS,Nemaha County,rural,Midwest,West North Central,717.426,10081,5974,,
1970,20133,KS,Neosho County,rural,Midwest,West North Central,571.472,18801,10736,4,
1971,20133,KS,Neosho County,  RURAL ,Midwest,West North Central,571.472,18779,10738,4.25,
1972,20133,KS,Neosho County,rural,Midwest,West North Central,571.472,18639,10696,4.5,
1973,20133,KS,Neosho County,rural,Midwest,West North Central,571.472,18666,10767,4.75,
1974,20133,KS,Neosho County,Rural,Midwest,West North Central,571.472,18609,10822,5,
1975,20133,KS,Neosho County,rural,Midwest,West North Central,571.472,18665,10952,5.25,
1976,20133,KS,Neosho County, rural,Midwest,West North Central,571.472,18781,11094,5.5,
1977,20133,KS,Neosho County,rural,Midwest,West North Central,571.472,19214,11438,5.75,
1978,20133,KS,Neosho County,rural,Midwest,West North Central,571.472,19193,11489,6,
1979,20133,KS,Neosho County,rural,Midwest,West North Central,571.472,19156,11472,7.2,
1980,20133,KS,Neosho County,rural,Midwest,West North Central,571.472,19076,11425,8.4,
1981,20133,KS,Neosho County,rural,Midwest,West North Central,571.472,19417,11619,9.6,
1982,20133,KS,Neosho County,Rural,Midwest,West North Central,571.472,19396,11591,10.8,
1983,20133,KS,Neosho County,RURAL,Midwest,West North Central,571.472,19031,11365,12,
1984,20133,KS,Neosho County,rural,Midwest,West North Central,571.472,19068,11387,13.2,
1984,20133,KS,Neosho County,rural,Midwest,West North Central,571.472,19068,11387,13.2,
1985,20133,KS,Neosho County,rural,Midwest,West North Central,571.472,18749,11175,14.4,
1985,20133,KS,Neosho County,rural,Midwest,West North Central,571.472,18749,11175,14.4,
1986,20133,KS,Neosho County,rural,Midwest,West North Central,571.472,18101,10797,15.6,
1987,20133,KS,Neosho County,rural,Midwest,West North Central,571.472,17516,10407,16.8,
1988,20133,KS,Neosho County,rural,Midwest,West North Central,571.472,17212,10213,18,
1989,20133,KS,Neosho County,rural,Midwest,West North Central,571.472,17255,10178,18,
1990,20133,KS,Neosho County,rural,Midwest,West North Central,571.472,17045,10043,18,
1991,20133,KS,Neosho County,rural,Midwest,West North Central,571.472,17170,10140,18,
1992,20133,KS,Neosho County,rural,Midwest,West North Central,571.472,17109,10127,18,
1993,20133,KS,Neosho County,rural,Midwest,West North Central,571.472,17151,10203,18,
1993,20133,KS,Neosho County,rural,Midwest,West North Central,571.472,17151,10203,18,
1994,20133,KS,Neosho County,rural,Midwest,West North Central,571.472,17221,10298,18.33333,
1995,20133,KS,Neosho County,rural,Midwest,West North Central,571.472,17204,10395,18.66667,
1996,20133,KS,Neosho County,rural,Midwest,West North Central,571.472,17109,10379,19,
1997,20133,KS,Neosho County,rural,Midwest,West North Central,571.472,17206,10517,19.33333,
1997,20133,KS,Neosho County,rural,Midwest,West North Central,571.472,17206,10517,19.33333,
1998,20133,KS,Neosho County,rural,Midwest,West North Central,571.472,17112,10490,19.66667,
1999,20133,KS,Neosho County,RURAL,Midwest,West North Central,571.472,17088,10533,20,
2000,20133,KS,Neosho County,rural,Midwest,West North Central,571.472,16934,10485,28.33333,
2001,20133,KS,Neosho County,rural,Midwest,West North Central,571.472,16884,10474,36.66667,
2002,20133,KS,Neosho County,rural  ,Midwest,West North Central,571.472,16719,10395,45,
2003,20133,KS,Neosho County,rural,Midwest,West North Central,571.472,16615,10339,53.33333,
2004,20133,KS,Neosho County,rural,Midwest,West North Central,571.472,16664,10361,61.66667,
2005,20133,KS,Neosho County,rural,Midwest,West North Central,571.472,16591,10364,70,
2006,20133,KS,Neosho County,rural,Midwest,West North Central,571.472,16479,10330,65.75,
2007,20133,KS,Neosho County,rural,Midwest,West North Central,571.472,16578,10343,61.5,
2008,20133,KS,Neosho County,rural,Midwest,West North Central,571.472,16587,10345,57.25,
2009,20133,KS,Neosho County,rural,Midwest,West North Central,571.472,16568,10297,53,
2010,20133,KS,Neosho County,rural,Midwest,West North Central,571.472,16517,10281,48.75,
2010,20133,KS,Neosho County,rural,Midwest,West North Central,571.472,16517,10281,48.75,
2011,20133,KS,Neosho County,rural,Midwest,West North Central,571.472,16480,10267,44.5,
2012,20133,KS,Neosho County,rural,Midwest,West North Central,571.472,16445,10237,40.25,
2013,20133,KS,Neosho County,rural,Midwest,West North Central,571.472,16419,10107,36,
2014,20133,KS,Neosho County,rural,Midwest,West North Central,571.472,16381,10028,36,
2015,20133,KS,Neosho County,rural,Midwest,West North Central,571.472,16328,9970,36,
2016,20133,KS,Neosho County,rural,Midwest,West North Central,571.472,16262,9923,,
1970,20135,KS,Ness County,rural,Midwest,West North Central,1074.738,4774,2739,1,
1971,20135,KS,Ness County,rural,Midwest,West North Central,1074.738,4754,2749,1.153846,
1972,20135,KS,Ness County,rural,Midwest,West North Central,1074.738,4809,2822,1.307692,
1973,20135,KS,Ness County,rural,Midwest,West North Central,1074.738,4546,2665,1.461538,
1974,20135,KS,Ness County,rural,Midwest,West North Central,1074.738,4481,2635,1.615385,
1975,20135,KS,Ness County,rural,Midwest,West North Central,1074.738,4535,2696,1.769231,
1975,20135,KS,Ness County,rural,Midwest,West North Central,1074.738,4535,2696,1.769231,
1976,20135,KS,Ness County,rural,Midwest,West North Central,1074.738,4503,2686,1.923077,
1977,20135,KS,Ness County,rural,Midwest,West North Central,1074.738,4522,2701,2.076923,
1978,20135,KS,Ness County,rural,Midwest,West North Central,1074.738,4468,2667,2.230769,
1979,20135,KS,Ness County,rural,Midwest,West North Central,1074.738,4459,2672,2.384615,
1980,20135,KS,Ness County,rural,Midwest,West North Central,1074.738,4520,2703,2.538461,
1981,20135,KS,Ness County,rural,Midwest,West North Central,1074.738,4591,2721,2.692308,
1982,20135,KS,Ness County,rural,Midwest,West North Central,1074.738,4656,2740,2.846154,
1983,20135,KS,Ness County,rural,Midwest,West North Central,1074.738,4737,2766,3,
1984,20135,KS,Ness County,rural,Midwest,West North Central,1074.738,4742,2748,2.6,
1985,20135,KS,Ness County, rural,Midwest,West North Central,1074.738,4712,2707,2.2,
1986,20135,KS,Ness County,rural,Midwest,West North Central,1074.738,4626,2642,1.8,
1987,20135,KS,Ness County,rural,Midwest,West North Central,1074.738,4445,2506,1.4,
1988,20135,KS,Ness County,rural,Midwest,West North Central,1074.738,4353,2432,515,
1988,20135,,,,,,,,,1,
1989,20135,KS,Ness County,rural,Midwest,West North Central,1074.738,4136,2275,1,
1990,20135,KS,Ness County,rural,Midwest,West North Central,1074.738,4006,2183,1,
1991,20135,KS,Ness County,rural,Midwest,West North Central,1074.738,3973,2160,1,
1991,20135,KS,Ness County,rural,Midwest,West North Central,1074.738,3973,2160,1,
1992,20135,KS,Ness County,rural,Midwest,West North Central,1074.738,3885,2127,1,
1992,20135,KS,Ness County,rural,Midwest,West North Central,1074.738,3885,2127,1,
1993,20135,KS,Ness County,rural,Midwest,West North Central,1074.738,3816,2102,1,
1994,20135,KS,Ness County,rural,Midwest,West North Central,1074.738,3813,2121,1.833333,
1994,20135,KS,Ness County,rural,Midwest,West North Central,1074.738,3813,2121,1.833333,
1995,20135,KS,Ness County,rural,Midwest,West North Central,1074.738,3697,2072,2.666667,
1996,20135,KS,Ness County,rural,Midwest,West North Central,1074.738,3583,2009,3.5,
1997,20135,KS,Ness County,rural,Midwest,West North Central,1074.738,3518,2001,4.333333,
1998,20135,KS,Ness County,rural,Midwest,West North Central,1074.738,3557,2043,5.166667,
1999,20135,KS,Ness County,rural,Midwest,West North Central,1074.738,3485,2004,6,
2000,20135,KS,Ness County,rural,Midwest,West North Central,1074.738,3448,2005,5.5,
2001,20135,KS,Ness County,rural,Midwest,West North Central,1074.738,3391,1979,5,
2002,20135,KS,Ness County,rural,Midwest,West North Central,1074.738,3352,1969,4.5,
2003,20135,KS,Ness County,Rural,Midwest,West North Central,1074.738,3274,1893,4,
2004,20135,KS,Ness County,rural,Midwest,West North Central,1074.738,3219,1848,3.5,
2005,20135,KS,Ness County,rural,Midwest,West North Central,1074.738,3177,1830,3,
2006,20135,KS,Ness County,rural,Midwest,West North Central,1074.738,3135,1796,3,
2007,20135,KS,Ness County,rural,Midwest,West North Central,1074.738,3150,1817,3,
2008,20135,KS,Ness County,rural,Midwest,West North Central,1074.738,3127,1790,3,
2009,20135,KS,Ness County,rural,Midwest,West North Central,1074.738,3085,1761,3,
2010,20135,KS,Ness County,rural,Midwest,West North Central,1074.738,3107,1772,3,
2011,20135,KS,Ness County,rural,Midwest,West North Central,1074.738,3104,1775,3,
2012,20135,KS,Ness County,rural,Midwest,West North Central,1074.738,3117,1802,3,
2013,20135,KS,Ness County,rural,Midwest,West North Central,1074.738,3079,1789,3,
2014,20135,KS,Ness County,rural,Midwest,West North Central,1074.738,3087,1785,3,
2015,20135,KS,Ness County,rural,Midwest,West North Central,1074.738,3081,1769,3,
2016,20135,KS,Ness County,rural,Midwest,West North Central,1074.738,3010,1744,,
1970,20137,KS,Norton County,rural,Midwest,West North Central,878.044,7227,4087,12,
1971,20137,KS,Norton County,Rural,Midwest,West North Central,878.044,7022,3953,10.75,
1972,20137,KS,Norton County,rural,Midwest,West North Central,878.044,7248,4136,9.5,
1973,20137,KS,Norton County,rural,Midwest,West North Central,878.044,7109,4060,8.25,
1974,20137,KS,Norton County,rural,Midwest,West North Central,878.044,6974,4002,7,
1975,20137,KS,Norton County,rural,Midwest,West North Central,878.044,6896,3983,5.75,
1976,20137,KS,Norton County,rural,Midwest,West North Central,878.044,6855,3995,4.5,
1977,20137,KS,Norton County,rural,Midwest,West North Central,878.044,6862,4042,3.25,
1978,20137,KS,Norton County,rural,Midwest,West North Central,878.044,6783,3998,2,
1978,20137,KS,Norton County,rural,Midwest,West North Central,878.044,6783,3998,2,
1979,20137,KS,Norton County,rural,Midwest,West North Central,878.044,6786,4044,2.4,
1980,20137,KS,Norton County,rural,Midwest,West North Central,878.044,6679,3983,2.8,
1981,20137,KS,Norton County,rural,Midwest,West North Central,878.044,6590,3926,3.2,
1982,20137,KS,Norton County,RURAL,Midwest,West North Central,878.044,6538,3898,3.6,
1983,20137,KS,Norton County,Rural,Midwest,West North Central,878.044,6484,3867,4,
1984,20137,KS,Norton County,rural,Midwest,West North Central,878.044,6461,3858,4,
1985,20137,KS,Norton County,rural,Midwest,West North Central,878.044,6368,3795,4,
1986,20137,KS,Norton County,rural,Midwest,West North Central,878.044,6270,3747,4,
1987,20137,KS,Norton County,rural,Midwest,West North Central,878.044,6150,3663,4,
1988,20137,KS,Norton County,rural,Midwest,West North Central,878.044,6205,3698,4,
1989,20137,KS,Norton County,rural,Midwest,West North Central,878.044,6046,3589,4,
1990,20137,KS,Norton County,rural,Midwest,West North Central,878.044,5923,3518,4,
1991,20137,KS,Norton County,rural,Midwest,West North Central,878.044,5897,3510,4,
1992,20137,KS,Norton County,Rural,Midwest,West North Central,878.044,5848,3496,4,
1993,20137,KS,Norton County,rural,Midwest,West North Central,878.044,5869,3541,4,
1994,20137,KS,Norton County,rural,Midwest,West North Central,878.044,5891,3576,4.166667,
1995,20137,KS,Norton County,rural,Midwest,West North Central,878.044,5961,3651,4.333333,
1996,20137,KS,Norton County,rural,Midwest,West North Central,878.044,5996,3698,4.5,
1997,20137,KS,Norton County,rural,Midwest,West North Central,878.044,6049,3753,4.666667,
1998,20137,KS,Norton County,rural,Midwest,West North Central,878.044,6018,3743,4.833333,
1999,20137,KS,Norton County,rural,Midwest,West North Central,878.044,5940,3726,5,
2000,20137,KS,Norton County,rural,Midwest,West North Central,878.044,5962,3763,5,
2001,20137,KS,Norton County,rural,Midwest,West North Central,878.044,5863,3739,5,
2002,20137,KS,Norton County,rural,Midwest,West North Central,878.044,5845,3754,5,
2003,20137,KS,Norton County,rural,Midwest,West North Central,878.044,5852,3751,5,
2004,20137,KS,Norton County,rural,Midwest,West North Central,878.044,5789,3739,5,
2005,20137,KS,Norton County, rural,Midwest,West North Central,878.044,5765,3771,5,
2006,20137,KS,Norton County,rural,Midwest,West North Central,878.044,5748,3752,4.75,
2006,20137,KS,Norton County,rural,Midwest,West North Central,878.044,5748,3752,4.75,
2007,20137,KS,Norton County,rural,Midwest,West North Central,878.044,5698,3735,4.5,
2008,20137,KS,Norton County,rural,Midwest,West North Central,878.044,5702,3768,4.25,
2009,20137,KS,Norton County,rural,Midwest,West North Central,878.044,5640,3720,4,
2010,20137,KS,Norton County,rural,Midwest,West North Central,878.044,5669,3717,3.75,
2011,20137,KS,Norton County,rural,Midwest,West North Central,878.044,5665,3708,3.5,
2012,20137,KS,Norton County,rural,Midwest,West North Central,878.044,5656,3691,3.25,
2013,20137,KS,Norton County,rural,Midwest,West North Central,878.044,5587,3619,3,
2014,20137,KS,Norton County,rural,Midwest,West North Central,878.044,5614,3644,3,
2015,20137,KS,Norton County,rural,Midwest,West North Central,878.044,5533,3594,3,
2016,20137,KS,Norton County,rural,Midwest,West North Central,878.044,5539,3562,,
1970,20139,KS,Osage County,SMALL/MID,Midwest,West North Central,705.518,13373,7414,7,
1971,20139,KS,Osage County,small/mid,Midwest,West North Central,705.518,13499,7530,7.055555,
1972,20139,KS,Osage County,small/mid,Midwest,West North Central,705.518,14079,7985,7.111111,
1973,20139,KS,Osage County,small/mid,Midwest,West North Central,705.518,14041,8030,7.166667,
1973,20139,KS,Osage County,small/mid,Midwest,West North Central,705.518,14041,8030,7.166667,
1974,20139,KS,Osage County,  SMALL/MID ,Midwest,West North Central,705.518,13934,8040,7.222222,
1975,20139,KS,Osage County,small/mid,Midwest,West North Central,705.518,13684,7938,7.277778,
1976,20139,KS,Osage County,small/mid,Midwest,West North Central,705.518,13775,8070,7.333333,
1977,20139,KS,Osage County,SMALL/MID,Midwest,West North Central,705.518,14219,8451,7.388889,
1978,20139,KS,Osage County,small/mid  ,Midwest,West North Central,705.518,14638,8767,7.444445,
1979,20139,KS,Osage County,small/mid,Midwest,West North Central,705.518,15097,9128,7.5,
1980,20139,KS,Osage County,small/mid,Midwest,West North Central,705.518,15331,9302,7.555555,
1981,20139,KS,Osage County,small/mid,Midwest,West North Central,705.518,15323,9289,7.611111,
1982,20139,KS,Osage County,small/mid,Midwest,West North Central,705.518,15385,9310,7.666667,
1983,20139,KS,Osage County, small/mid,Midwest,West North Central,705.518,15488,9363,7.722222,
1984,20139,KS,Osage County,small/mid,Midwest,West North Central,705.518,15498,9370,7.777778,
1985,20139,KS,Osage County,small/mid,Midwest,West North Central,705.518,14921,9012,7.833333,
1986,20139,KS,Osage County,  SMALL/MID ,Midwest,West North Central,705.518,14946,9036,7.888889,
1987,20139,KS,Osage County,small/mid,Midwest,West North Central,705.518,15087,9088,7.944445,
1988,20139,KS,Osage County,small/mid,Midwest,West North Central,705.518,15164,9122,8,
1989,20139,KS,Osage County,small/mid,Midwest,West North Central,705.518,15247,9123,9.4,
1990,20139,KS,Osage County,small/mid,Midwest,West North Central,705.518,15253,9121,10.8,
1991,20139,KS,Osage County,small/mid,Midwest,West North Central,705.518,15385,9235,12.2,
1992,20139,KS,Osage County,small/mid,Midwest,West North Central,705.518,15491,9340,13.6,
1993,20139,KS,Osage County,small/mid,Midwest,West North Central,705.518,15713,9490,15,
1994,20139,KS,Osage County,small/mid,Midwest,West North Central,705.518,16025,9720,15.33333,
1995,20139,KS,Osage County,small/mid  ,Midwest,West North Central,705.518,16290,9980,15.66667,
1996,20139,KS,Osage County,small/mid,Midwest,West North Central,705.518,16372,10036,16,
1997,20139,KS,Osage County,small/mid,Midwest,West North Central,705.518,16546,10209,16.33333,
1998,20139,KS,Osage County,small/mid,Midwest,West North Central,705.518,16614,10286,16.66667,
1999,20139,KS,Osage County,small/mid,Midwest,West North Central,705.518,16590,10287,17,
2000,20139,KS,Osage County,small/mid,Midwest,West North Central,705.518,16756,10415,18.83333,
2001,20139,KS,Osage County,small/mid,Midwest,West North Central,705.518,16657,10373,20.66667,
2002,20139,KS,Osage County,small/mid,Midwest,West North Central,705.518,16689,10443,22.5,
2003,20139,KS,Osage County,small/mid,Midwest,West North Central,705.518,16722,10473,24.33333,
2004,20139,KS,Osage County,small/mid,Midwest,West North Central,705.518,16843,10541,26.16667,
2005,20139,KS,Osage County,small/mid,Midwest,West North Central,705.518,16869,10581,28,
2006,20139,KS,Osage County,small/mid,Midwest,West North Central,705.518,16633,10539,27.125,
2007,20139,KS,Osage County,small/mid,Midwest,West North Central,705.518,16468,10441,26.25,
2008,20139,KS,Osage County,small/mid,Midwest,West North Central,705.518,16439,10370,25.375,
2009,20139,KS,Osage County,small/mid,Midwest,West North Central,705.518,16297,10226,24.5,
2010,20139,KS,Osage County,small/mid,Midwest,West North Central,705.518,16295,10215,23.625,
2010,20139,KS,Osage County,small/mid,Midwest,West North Central,705.518,16295,10215,23.625,
2011,20139,KS,Osage County,small/mid,Midwest,West North Central,705.518,16276,10224,22.75,
2012,20139,KS,Osage County,small/mid,Midwest,West North Central,705.518,16340,10249,21.875,
2013,20139,KS,Osage County,small/mid,Midwest,West North Central,705.518,16176,10141,21,
2013,20139,KS,Osage County,small/mid,Midwest,West North Central,705.518,16176,10141,21,
2014,20139,KS,Osage County,small/mid  ,Midwest,West North Central,705.518,16080,10043,21,
2015,20139,KS,Osage County,small/mid,Midwest,West North Central,705.518,15968,9976,21,
2016,20139,KS,Osage County,small/mid,Midwest,West North Central,705.518,15859,9906,,
1970,20141,KS,Osborne County,rural,Midwest,West North Central,892.504,6339,3412,0,
1971,20141,KS,Osborne County,rural,Midwest,West North Central,892.504,6047,3224,0,
1972,20141,KS,Osborne County,rural,Midwest,West North Central,892.504,5986,3207,0,
1973,20141,KS,Osborne County,rural,Midwest,West North Central,892.504,6008,3252,0,
1974,20141,KS,Osborne County,rural,Midwest,West North Central,892.504,6057,3305,0,
1975,20141,KS,Osborne County,rural,Midwest,West North Central,892.504,6011,3293,0,
1976,20141,KS,Osborne County,rural  ,Midwest,West North Central,892.504,5926,3249,0,
1977,20141,KS,Osborne County,rural,Midwest,West North Central,892.504,6149,3431,0,
1978,20141,KS,Osborne County,rural,Midwest,West North Central,892.504,6124,3413,0,
1978,20141,KS,Osborne County,rural,Midwest,West North Central,892.504,6124,3413,0,
1979,20141,KS,Osborne County,rural,Midwest,West North Central,892.504,6056,3383,0,
1980,20141,KS,Osborne County,rural,Midwest,West North Central,892.504,5915,3280,0,
1981,20141,KS,Osborne County,rural,Midwest,West North Central,892.504,5718,3157,0,
1982,20141,KS,Osborne County,rural,Midwest,West North Central,892.504,5695,3129,0,
1983,20141,KS,Osborne County,rural  ,Midwest,West North Central,892.504,5641,3087,1,
1984,20141,KS,Osborne County,rural,Midwest,West North Central,892.504,5543,3019,1,
1985,20141,KS,Osborne County,RURAL,Midwest,West North Central,892.504,5352,2901,1,
1986,20141,KS,Osborne County,rural,Midwest,West North Central,892.504,5260,2843,1,
1987,20141,KS,Osborne County,rural,Midwest,West North Central,892.504,5154,2765,1,
1988,20141,KS,Osborne County,rural,Midwest,West North Central,892.504,5018,2674,1,
1989,20141,KS,Osborne County,rural,Midwest,West North Central,892.504,4924,2593,1.2,
1989,20141,KS,Osborne County,rural,Midwest,West North Central,892.504,4924,2593,1.2,
1990,20141,KS,Osborne County,Rural,Midwest,West North Central,892.504,4858,2549,1.4,
1991,20141,KS,Osborne County,rural,Midwest,West North Central,892.504,4833,2532,1.6,
1992,20141,KS,Osborne County,rural,Midwest,West North Central,892.504,4752,2494,1.8,
1993,20141,KS,Osborne County,rural,Midwest,West North Central,892.504,4707,2467,2,
1994,20141,KS,Osborne County,rural,Midwest,West North Central,892.504,4725,2515,3.333333,
1994,20141,KS,Osborne County,rural,Midwest,West North Central,892.504,4725,2515,3.333333,
1995,20141,KS,Osborne County,rural,Midwest,West North Central,892.504,4712,2533,4.666667,
1996,20141,KS,Osborne County,rural,Midwest,West North Central,892.504,4681,2545,6,
1997,20141,KS,Osborne County,rural,Midwest,West North Central,892.504,4618,2522,7.333333,
1998,20141,KS,Osborne County,Rural,Midwest,West North Central,892.504,4590,2525,8.666667,
1999,20141,KS,Osborne County,rural,Midwest,West North Central,892.504,4493,2476,10,
2000,20141,KS,Osborne County,rural,Midwest,West North Central,892.504,4436,2453,10.33333,
2001,20141,KS,Osborne County,rural,Midwest,West North Central,892.504,4342,2419,10.66667,
2002,20141,KS,Osborne County,rural,Midwest,West North Central,892.504,4283,2400,11,
2003,20141,KS,Osborne County,rural,Midwest,West North Central,892.504,4149,2365,11.33333,
2004,20141,KS,Osborne County,RURAL,Midwest,West North Central,892.504,4094,2360,11.66667,
2005,20141,KS,Osborne County,rural,Midwest,West North Central,892.504,4035,2366,12,
2006,20141,KS,Osborne County,rural,Midwest,West North Central,892.504,3998,2348,11.125,
2006,20141,KS,Osborne County,rural,Midwest,West North Central,892.504,3998,2348,11.125,
2007,20141,KS,Osborne County,rural,Midwest,West North Central,892.504,3916,2318,10.25,
2008,20141,KS,Osborne County,rural,Midwest,West North Central,892.504,3867,2265,9.375,
2009,20141,KS,Osborne County,rural,Midwest,West North Central,892.504,3913,2298,8.5,
2009,20141,KS,Osborne County,rural,Midwest,West North Central,892.504,3913,2298,8.5,
2010,20141,KS,Osborne County,rural,Midwest,West North Central,892.504,3858,2247,7.625,
2011,20141,KS,Osborne County, rural,Midwest,West North Central,892.504,3847,2243,6.75,
2012,20141,KS,Osborne County,Rural,Midwest,West North Central,892.504,3828,2253,5.875,
2013,20141,KS,Osborne County,rural,Midwest,West North Central,892.504,3805,2244,5,
2014,20141,KS,Osborne County,rural,Midwest,West North Central,892.504,3796,2217,5,
2015,20141,KS,Osborne County,rural,Midwest,West North Central,892.504,3750,2188,5,
2016,20141,KS,Osborne County,rural,Midwest,West North Central,892.504,3642,2141,,
1970,20143,KS,Ottawa County,rural,Midwest,West North Central,720.73,6179,3423,3,
1971,20143,KS,Ottawa County,rural,Midwest,West North Central,720.73,6198,3452,3.25,
1972,20143,KS,Ottawa County,rural,Midwest,West North Central,720.73,6299,3542,3.5,
1973,20143,KS,Ottawa County,rural,Midwest,West North Central,720.73,6223,3509,3.75,
1974,20143,KS,Ottawa County,rural,Midwest,West North Central,720.73,6167,3505,4,
1975,20143,KS,Ottawa County,rural,Midwest,West North Central,720.73,6102,3494,4.25,
1976,20143,KS,Ottawa County,rural,Midwest,West North Central,720.73,6135,3545,4.5,
1977,20143,KS,Ottawa County,rural,Midwest,West North Central,720.73,6154,3573,4.75,
1978,20143,KS,Ottawa County,rural,Midwest,West North Central,720.73,6151,3609,5,
1979,20143,KS,Ottawa County,rural,Midwest,West North Central,720.73,6142,3614,5.2,
1980,20143,KS,Ottawa County,rural,Midwest,West North Central,720.73,5940,3480,5.4,
1981,20143,KS,Ottawa County,rural,Midwest,West North Central,720.73,5790,3385,5.6,
1982,20143,KS,Ottawa County,rural,Midwest,West North Central,720.73,5798,3383,5.8,
1983,20143,KS,Ottawa County,rural,Midwest,West North Central,720.73,5823,3396,6,
1984,20143,KS,Ottawa County,rural,Midwest,West North Central,720.73,5905,3446,5.4,
1985,20143,KS,Ottawa County,rural,Midwest,West North Central,720.73,5804,3379,4.8,
1986,20143,KS,Ottawa County,rural,Midwest,West North Central,720.73,5953,3471,4.2,
1987,20143,KS,Ottawa County,rural,Midwest,West North Central,720.73,5998,3483,3.6,
1988,20143,KS,Ottawa County,rural,Midwest,West North Central,720.73,5876,3411,3,
1989,20143,KS,Ottawa County, rural,Midwest,West North Central,720.73,5779,3334,3.4,
1990,20143,KS,Ottawa County,rural,Midwest,West North Central,720.73,5599,3221,3.8,
1991,20143,KS,Ottawa County,rural,Midwest,West North Central,720.73,5582,3200,4.2,
1992,20143,KS,Ottawa County, rural,Midwest,West North Central,720.73,5572,3199,4.6,
1993,20143,KS,Ottawa County,rural,Midwest,West North Central,720.73,5622,3259,5,
1994,20143,KS,Ottawa County,rural,Midwest,West North Central,720.73,5703,3352,13.33333,
1995,20143,KS,Ottawa County,rural,Midwest,West North Central,720.73,5880,3513,21.66667,
1996,20143,KS,Ottawa County,  RURAL ,Midwest,West North Central,720.73,5941,3590,30,
1997,20143,KS,Ottawa County,rural,Midwest,West North Central,720.73,5991,3652,38.33333,
1998,20143,KS,Ottawa County,RURAL,Midwest,West North Central,720.73,6065,3727,46.66667,
1999,20143,KS,Ottawa County,rural,Midwest,West North Central,720.73,6106,3777,55,
2000,20143,KS,Ottawa County,rural,Midwest,West North Central,720.73,6192,3852,54,
2000,20143,KS,Ottawa County,rural,Midwest,West North Central,720.73,6192,3852,54,
2001,20143,KS,Ottawa County,rural,Midwest,West North Central,720.73,6142,3816,35,
2002,20143,KS,Ottawa County,rural,Midwest,West North Central,720.73,6188,3866,45,
2003,20143,KS,Ottawa County,rural,Midwest,West North Central,720.73,6153,3842,54,
2004,20143,KS,Ottawa County,rural,Midwest,West North Central,720.73,6112,3814,60,
2005,20143,KS,Ottawa County,rural,Midwest,West North Central,720.73,6097,3767,59,
2005,20143,KS,Ottawa County,rural,Midwest,West North Central,720.73,6097,3767,59,
2006,20143,KS,Ottawa County,rural,Midwest,West North Central,720.73,6108,3753,48,
2007,20143,KS,Ottawa County,rural,Midwest,West North Central,720.73,6101,3761,40,
2008,20143,KS,Ottawa County,rural,Midwest,West North Central,720.73,6137,3753,34,
2009,20143,KS,Ottawa County,rural,Midwest,West North Central,720.73,6114,3781,32,
2009,20143,KS,Ottawa County,rural,Midwest,West North Central,720.73,6114,3781,32,
2010,20143,KS,Ottawa County,rural,Midwest,West North Central,720.73,6091,3778,55,
2011,20143,KS,Ottawa County,  RURAL ,Midwest,West North Central,720.73,6096,3787,32,
2012,20143,KS,Ottawa County,rural,Midwest,West North Central,720.73,6063,3835,38,
2013,20143,KS,Ottawa County,rural,Midwest,West North Central,720.73,6028,3793,13,
2014,20143,KS,Ottawa County,RURAL,Midwest,West North Central,720.73,6043,3771,29,
2015,20143,KS,Ottawa County,rural,Midwest,West North Central,720.73,6028,3776,29,
2016,20143,KS,Ottawa County,rural,Midwest,West North Central,720.73,5934,3732,,
1970,20145,KS,Pawnee County,rural,Midwest,West North Central,754.263,8488,5288,4,
1971,20145,KS,Pawnee County,rural,Midwest,West North Central,754.263,8479,5291,4.5,
1972,20145,KS,Pawnee County,rural,Midwest,West North Central,754.263,8398,5261,5,
1973,20145,KS,Pawnee County,rural,Midwest,West North Central,754.263,8767,5555,5.5,
1974,20145,KS,Pawnee County,rural,Midwest,West North Central,754.263,8627,5463,6,
1975,20145,KS,Pawnee County,rural,Midwest,West North Central,754.263,8653,5497,6.5,
1975,20145,KS,Pawnee County,rural,Midwest,West North Central,754.263,8653,5497,6.5,
1976,20145,KS,Pawnee County,rural,Midwest,West North Central,754.263,8443,5365,7,
1977,20145,KS,Pawnee County,rural,Midwest,West North Central,754.263,8549,5465,7.5,
1978,20145,KS,Pawnee County,rural,Midwest,West North Central,754.263,8472,5406,8,
1979,20145,KS,Pawnee County,rural,Midwest,West North Central,754.263,8373,5338,6.8,
1980,20145,KS,Pawnee County,rural,Midwest,West North Central,754.263,8080,5112,5.6,
1981,20145,KS,Pawnee County,rural,Midwest,West North Central,754.263,8109,5101,4.4,
1982,20145,KS,Pawnee County,rural,Midwest,West North Central,754.263,8131,5093,3.2,
1983,20145,KS,Pawnee County,rural  ,Midwest,West North Central,754.263,8209,5117,2,
1984,20145,KS,Pawnee County,rural,Midwest,West North Central,754.263,8098,5029,2.4,
1985,20145,KS,Pawnee County,rural,Midwest,West North Central,754.263,7970,4919,2.8,
1986,20145,KS,Pawnee County,rural,Midwest,West North Central,754.263,7728,4755,3.2,
1987,20145,KS,Pawnee County,RURAL,Midwest,West North Central,754.263,7596,4638,3.6,
1988,20145,KS,Pawnee County,rural,Midwest,West North Central,754.263,7619,4627,4,
1989,20145,KS,Pawnee County,  RURAL ,Midwest,West North Central,754.263,7676,4616,4.6,
1990,20145,KS,Pawnee County,rural,Midwest,West North Central,754.263,7527,4517,5.2,
1991,20145,KS,Pawnee County,rural,Midwest,West North Central,754.263,7590,4555,5.8,
1992,20145,KS,Pawnee County,rural,Midwest,West North Central,754.263,7671,4653,6.4,
1993,20145,KS,Pawnee County,rural,Midwest,West North Central,754.263,7764,4748,7,
1994,20145,KS,Pawnee County,RURAL,Midwest,West North Central,754.263,7633,4681,7.166667,
1995,20145,KS,Pawnee County,rural,Midwest,West North Central,754.263,7618,4730,7.333333,
1996,20145,KS,Pawnee County,rural,Midwest,West North Central,754.263,7442,4630,7.5,
1997,20145,KS,Pawnee County,rural  ,Midwest,West North Central,754.263,7350,4587,7.666667,
1998,20145,KS,Pawnee County,RURAL,Midwest,West North Central,754.263,7310,4579,7.833333,
1999,20145,KS,Pawnee County,RURAL,Midwest,West North Central,754.263,7267,4591,8,
2000,20145,KS,Pawnee County,rural,Midwest,West North Central,754.263,7225,4554,8,
2001,20145,KS,Pawnee County,rural,Midwest,West North Central,754.263,7068,4441,8,
2002,20145,KS,Pawnee County,rural,Midwest,West North Central,754.263,6996,4436,8,
2003,20145,KS,Pawnee County,rural,Midwest,West North Central,754.263,6964,4433,8,
2004,20145,KS,Pawnee County,rural,Midwest,West North Central,754.263,6975,4462,8,
2005,20145,KS,Pawnee County,rural,Midwest,West North Central,754.263,7027,4517,8,
2006,20145,KS,Pawnee County,rural,Midwest,West North Central,754.263,6889,4483,8.125,
2007,20145,KS,Pawnee County,rural,Midwest,West North Central,754.263,6930,4508,8.25,
2008,20145,KS,Pawnee County,rural,Midwest,West North Central,754.263,6859,4493,8.375,
2009,20145,KS,Pawnee County,rural,Midwest,West North Central,754.263,6927,4548,8.5,
2010,20145,KS,Pawnee County,rural,Midwest,West North Central,754.263,6971,4570,8.625,
2011,20145,KS,Pawnee County,rural,Midwest,West North Central,754.263,6980,4580,8.75,
2012,20145,KS,Pawnee County,rural,Midwest,West North Central,754.263,6978,4612,8.875,
2013,20145,KS,Pawnee County,rural,Midwest,West North Central,754.263,6862,4542,9,
2014,20145,KS,Pawnee County,rural,Midwest,West North Central,754.263,6864,4571,9,
2015,20145,KS,Pawnee County,rural,Midwest,West North Central,754.263,6823,4545,9,
2016,20145,KS,Pawnee County,rural,Midwest,West North Central,754.263,6771,4547,,
1970,20147,KS,Phillips County,rural,Midwest,West North Central,885.871,7861,4427,1,
1971,20147,KS,Phillips County,rural,Midwest,West North Central,885.871,7729,4349,1.076923,
1972,20147,KS,Phillips County,rural,Midwest,West North Central,885.871,7917,4506,1.153846,
1973,20147,KS,Phillips County,rural,Midwest,West North Central,885.871,7913,4530,1.230769,
1974,20147,KS,Phillips County,rural,Midwest,West North Central,885.871,8032,4641,1.307692,
1975,20147,KS,Phillips County,rural,Midwest,West North Central,885.871,8139,4745,1.384615,
1976,20147,KS,Phillips County,rural,Midwest,West North Central,885.871,8092,4757,1.461538,
1977,20147,KS,Phillips County,RURAL,Midwest,West North Central,885.871,8134,4812,1.538462,
1978,20147,KS,Phillips County,rural,Midwest,West North Central,885.871,7898,4671,1.615385,
1979,20147,KS,Phillips County,rural,Midwest,West North Central,885.871,7781,4627,1.692308,
1980,20147,KS,Phillips County,rural,Midwest,West North Central,885.871,7387,4345,1.769231,
1980,20147,KS,Phillips County,rural,Midwest,West North Central,885.871,7387,4345,1.769231,
1981,20147,KS,Phillips County,rural,Midwest,West North Central,885.871,7268,4252,1.846154,
1982,20147,KS,Phillips County,rural,Midwest,West North Central,885.871,7233,4210,1.923077,
1983,20147,KS,Phillips County,rural,Midwest,West North Central,885.871,7182,4159,2,
1984,20147,KS,Phillips County,rural  ,Midwest,West North Central,885.871,7103,4097,2.2,
1985,20147,KS,Phillips County,rural,Midwest,West North Central,885.871,6971,4002,2.4,
1986,20147,KS,Phillips County,RURAL,Midwest,West North Central,885.871,6831,3907,2.6,
1986,20147,KS,Phillips County,RURAL,Midwest,West North Central,885.871,6831,3907,2.6,
1987,20147,KS,Phillips County,rural,Midwest,West North Central,885.871,6851,3894,2.8,
1988,20147,KS,Phillips County,rural,Midwest,West North Central,885.871,6827,3855,3,
1989,20147,KS,Phillips County,rural,Midwest,West North Central,885.871,6696,3744,3,
1990,20147,KS,Phillips County,rural,Midwest,West North Central,885.871,6554,3644,3,
1991,20147,KS,Phillips County, rural,Midwest,West North Central,885.871,6489,3596,543,
1991,20147,,,,,,,,,3,
1992,20147,KS,Phillips County,rural,Midwest,West North Central,885.871,6455,3601,3,
1993,20147,KS,Phillips County,rural,Midwest,West North Central,885.871,6354,3553,3,
1994,20147,KS,Phillips County,rural,Midwest,West North Central,885.871,6376,3617,3,
1995,20147,KS,Phillips County,rural,Midwest,West North Central,885.871,6300,3593,3,
1995,20147,KS,Phillips County,rural,Midwest,West North Central,885.871,6300,3593,3,
1996,20147,KS,Phillips County,rural,Midwest,West North Central,885.871,6206,3577,3,
1997,20147,KS,Phillips County,rural,Midwest,West North Central,885.871,6141,3565,3,
1998,20147,KS,Phillips County,rural,Midwest,West North Central,885.871,6103,3561,3,
1999,20147,KS,Phillips County,rural,Midwest,West North Central,885.871,6046,3543,3,
1999,20147,KS,Phillips County,rural,Midwest,West North Central,885.871,6046,3543,3,
2000,20147,KS,Phillips County,rural,Midwest,West North Central,885.871,5995,3514,2.833333,
2001,20147,KS,Phillips County,RURAL,Midwest,West North Central,885.871,5903,3457,2.666667,
2002,20147,KS,Phillips County,rural,Midwest,West North Central,885.871,5833,3440,2.5,
2003,20147,KS,Phillips County,rural,Midwest,West North Central,885.871,5748,3394,2.333333,
2004,20147,KS,Phillips County,rural,Midwest,West North Central,885.871,5749,3428,2.166667,
2005,20147,KS,Phillips County,rural,Midwest,West North Central,885.871,5642,3353,2,
2006,20147,KS,Phillips County,rural,Midwest,West North Central,885.871,5573,3339,2.25,
2007,20147,KS,Phillips County,rural,Midwest,West North Central,885.871,5588,3345,2.5,
2008,20147,KS,Phillips County,rural,Midwest,West North Central,885.871,5586,3327,2.75,
2009,20147,KS,Phillips County,RURAL,Midwest,West North Central,885.871,5620,3367,3,
2010,20147,KS,Phillips County,rural,Midwest,West North Central,885.871,5642,3379,3.25,
2010,20147,KS,Phillips County,rural,Midwest,West North Central,885.871,5642,3379,3.25,
2011,20147,KS,Phillips County,rural,Midwest,West North Central,885.871,5634,3380,3.5,
2012,20147,KS,Phillips County,rural,Midwest,West North Central,885.871,5541,3341,543,
2012,20147,,,,,,,,,3.75,
2013,20147,KS,Phillips County,rural,Midwest,West North Central,885.871,5522,3318,4,
2014,20147,KS,Phillips County,rural,Midwest,West North Central,885.871,5560,3292,4,
2015,20147,KS,Phillips County,rural,Midwest,West North Central,885.871,5494,3235,4,
2016,20147,KS,Phillips County,rural,Midwest,West North Central,885.871,5415,3192,,
1970,20149,KS,Pottawatomie County,small/mid,Midwest,West North Central,840.783,11774,6646,16,
1971,20149,KS,Pottawatomie County,small/mid,Midwest,West North Central,840.783,11873,6746,14.75,
1971,20149,KS,Pottawatomie County,small/mid,Midwest,West North Central,840.783,11873,6746,14.75,
1972,20149,KS,Pottawatomie County,small/mid,Midwest,West North Central,840.783,12031,6904,13.5,
1973,20149,KS,Pottawatomie County,SMALL/MID,Midwest,West North Central,840.783,12474,7260,12.25,
1974,20149,KS,Pottawatomie County,small/mid,Midwest,West North Central,840.783,12616,7420,11,
1975,20149,KS,Pottawatomie County,small/mid,Midwest,West North Central,840.783,12696,7526,9.75,
1976,20149,KS,Pottawatomie County,small/mid,Midwest,West North Central,840.783,13115,7850,8.5,
1977,20149,KS,Pottawatomie County,SMALL/MID,Midwest,West North Central,840.783,13582,8216,7.25,
1977,20149,KS,Pottawatomie County,SMALL/MID,Midwest,West North Central,840.783,13582,8216,7.25,
1978,20149,KS,Pottawatomie County,small/mid,Midwest,West North Central,840.783,14268,8736,6,
1979,20149,KS,Pottawatomie County,small/mid,Midwest,West North Central,840.783,14568,8961,6.2,
1979,20149,KS,Pottawatomie County,small/mid,Midwest,West North Central,840.783,14568,8961,6.2,
1980,20149,KS,Pottawatomie County,small/mid,Midwest,West North Central,840.783,14808,9146,6.4,
1981,20149,KS,Pottawatomie County,small/mid,Midwest,West North Central,840.783,14857,9162,6.6,
1982,20149,KS,Pottawatomie County,small/mid,Midwest,West North Central,840.783,15260,9391,6.8,
1983,20149,KS,Pottawatomie County,small/mid,Midwest,West North Central,840.783,15423,9472,7,
1984,20149,KS,Pottawatomie County,small/mid,Midwest,West North Central,840.783,15468,9491,6.6,
1985,20149,KS,Pottawatomie County,small/mid,Midwest,West North Central,840.783,15433,9446,6.2,
1986,20149,KS,Pottawatomie County,small/mid,Midwest,West North Central,840.783,15470,9471,5.8,
1987,20149,KS,Pottawatomie County,Small/mid,Midwest,West North Central,840.783,15786,9621,5.4,
1988,20149,KS,Pottawatomie County,small/mid,Midwest,West North Central,840.783,15929,9678,5,
1988,20149,KS,Pottawatomie County,small/mid,Midwest,West North Central,840.783,15929,9678,5,
1989,20149,KS,Pottawatomie County,small/mid,Midwest,West North Central,840.783,16148,9753,5.6,
1990,20149,KS,Pottawatomie County,small/mid,Midwest,West North Central,840.783,16131,9724,6.2,
1991,20149,KS,Pottawatomie County,small/mid,Midwest,West North Central,840.783,16290,9795,6.8,
1992,20149,KS,Pottawatomie County,small/mid,Midwest,West North Central,840.783,16710,10124,7.4,
1993,20149,KS,Pottawatomie County,small/mid  ,Midwest,West North Central,840.783,16849,10222,8,
1994,20149,KS,Pottawatomie County,small/mid,Midwest,West North Central,840.783,17019,10370,12,
1995,20149,KS,Pottawatomie County,small/mid,Midwest,West North Central,840.783,17084,10470,12,
1996,20149,KS,Pottawatomie County,small/mid,Midwest,West North Central,840.783,17385,10722,11,
1997,20149,KS,Pottawatomie County,small/mid,Midwest,West North Central,840.783,17626,10906,12,
1998,20149,KS,Pottawatomie County,SMALL/MID,Midwest,West North Central,840.783,17872,11099,8,
1999,20149,KS,Pottawatomie County,small/mid,Midwest,West North Central,840.783,18041,11234,12,
2000,20149,KS,Pottawatomie County,small/mid,Midwest,West North Central,840.783,18302,11451,12.66667,
2001,20149,KS,Pottawatomie County,small/mid,Midwest,West North Central,840.783,18412,11588,13.33333,
2002,20149,KS,Pottawatomie County,small/mid,Midwest,West North Central,840.783,18580,11789,14,
2003,20149,KS,Pottawatomie County,small/mid,Midwest,West North Central,840.783,18925,12098,14.66667,
2003,20149,KS,Pottawatomie County,small/mid,Midwest,West North Central,840.783,18925,12098,14.66667,
2004,20149,KS,Pottawatomie County,small/mid,Midwest,West North Central,840.783,19193,12255,15.33333,
2004,20149,KS,Pottawatomie County,small/mid,Midwest,West North Central,840.783,19193,12255,15.33333,
2005,20149,KS,Pottawatomie County,  SMALL/MID ,Midwest,West North Central,840.783,19444,12494,16,
2006,20149,KS,Pottawatomie County,small/mid,Midwest,West North Central,840.783,19720,12651,16.625,
2006,20149,KS,Pottawatomie County,small/mid,Midwest,West North Central,840.783,19720,12651,16.625,
2007,20149,KS,Pottawatomie County,small/mid,Midwest,West North Central,840.783,20395,13016,17.25,
2008,20149,KS,Pottawatomie County,small/mid,Midwest,West North Central,840.783,20884,13231,17.875,
2009,20149,KS,Pottawatomie County,small/mid,Midwest,West North Central,840.783,21206,13385,18.5,
2010,20149,KS,Pottawatomie County,small/mid,Midwest,West North Central,840.783,21610,13592,19.125,
2011,20149,KS,Pottawatomie County,small/mid,Midwest,West North Central,840.783,21729,13673,19.75,
2012,20149,KS,Pottawatomie County,small/mid,Midwest,West North Central,840.783,22028,13853,20.375,
2013,20149,KS,Pottawatomie County,small/mid,Midwest,West North Central,840.783,22332,14011,21,
2014,20149,KS,Pottawatomie County,small/mid,Midwest,West North Central,840.783,22576,14110,20,
2015,20149,KS,Pottawatomie County,small/mid,Midwest,West North Central,840.783,22744,14188,19,
2016,20149,KS,Pottawatomie County,small/mid,Midwest,West North Central,840.783,23121,14353,,
1970,20151,KS,Pratt County,rural,Midwest,West North Central,735.039,10033,5969,7,
1971,20151,KS,Pratt County,rural,Midwest,West North Central,735.039,9922,5921,6.923077,
1972,20151,KS,Pratt County,rural,Midwest,West North Central,735.039,9987,6021,6.846154,
1973,20151,KS,Pratt County,rural,Midwest,West North Central,735.039,9831,5957,6.769231,
1974,20151,KS,Pratt County,rural,Midwest,West North Central,735.039,9708,5916,6.692307,
1975,20151,KS,Pratt County,RURAL,Midwest,West North Central,735.039,9810,6037,6.615385,
1976,20151,KS,Pratt County,rural,Midwest,West North Central,735.039,9956,6165,6.538462,
1977,20151,KS,Pratt County,rural,Midwest,West North Central,735.039,9945,6160,6.461538,
1978,20151,KS,Pratt County,rural,Midwest,West North Central,735.039,10056,6238,6.384615,
1979,20151,KS,Pratt County,rural,Midwest,West North Central,735.039,10230,6363,6.307693,
1980,20151,KS,Pratt County,rural,Midwest,West North Central,735.039,10318,6420,6.230769,
1981,20151,KS,Pratt County,rural,Midwest,West North Central,735.039,10434,6467,6.153846,
1982,20151,KS,Pratt County,Rural,Midwest,West North Central,735.039,10672,6581,6.076923,
1983,20151,KS,Pratt County,rural,Midwest,West North Central,735.039,10862,6672,6,
1984,20151,KS,Pratt County,  RURAL ,Midwest,West North Central,735.039,10745,6580,6,
1985,20151,KS,Pratt County,rural,Midwest,West North Central,735.039,10782,6570,6,
1986,20151,KS,Pratt County, rural,Midwest,West North Central,735.039,10573,6431,6,
1987,20151,KS,Pratt County,rural,Midwest,West North Central,735.039,10188,6150,6,
1988,20151,KS,Pratt County,rural,Midwest,West North Central,735.039,9938,5970,6,
1989,20151,KS,Pratt County,rural,Midwest,West North Central,735.039,9940,5923,8,
1990,20151,KS,Pratt County,rural,Midwest,West North Central,735.039,9671,5741,10,
1991,20151,KS,Pratt County,rural,Midwest,West North Central,735.039,9630,5703,12,
1992,20151,KS,Pratt County,rural,Midwest,West North Central,735.039,9659,5747,14,
1993,20151,KS,Pratt County,rural,Midwest,West North Central,735.039,9581,5698,16,
1994,20151,KS,Pratt County,rural,Midwest,West North Central,735.039,9643,5766,15.66667,
1995,20151,KS,Pratt County,rural,Midwest,West North Central,735.039,9803,5905,15.33333,
1996,20151,KS,Pratt County,rural,Midwest,West North Central,735.039,9763,5914,15,
1997,20151,KS,Pratt County,rural,Midwest,West North Central,735.039,9769,5924,14.66667,
1998,20151,KS,Pratt County,rural,Midwest,West North Central,735.039,9810,5999,14.33333,
1999,20151,KS,Pratt County,rural,Midwest,West North Central,735.039,9650,5902,14,
2000,20151,KS,Pratt County,RURAL,Midwest,West North Central,735.039,9649,5949,17,
2001,20151,KS,Pratt County,rural,Midwest,West North Central,735.039,9579,5922,19,
2002,20151,KS,Pratt County,rural,Midwest,West North Central,735.039,9669,6021,16,
2003,20151,KS,Pratt County,rural,Midwest,West North Central,735.039,9575,5970,24,
2004,20151,KS,Pratt County,rural  ,Midwest,West North Central,735.039,9492,5908,14,
2005,20151,KS,Pratt County,RURAL,Midwest,West North Central,735.039,9618,5999,14,
2006,20151,KS,Pratt County,rural,Midwest,West North Central,735.039,9658,6045,15.375,
2007,20151,KS,Pratt County,rural,Midwest,West North Central,735.039,9698,6033,16.75,
2008,20151,KS,Pratt County,rural,Midwest,West North Central,735.039,9684,6088,18.125,
2009,20151,KS,Pratt County, rural,Midwest,West North Central,735.039,9669,6016,19.5,
2010,20151,KS,Pratt County, rural,Midwest,West North Central,735.039,9651,5989,20.875,
2011,20151,KS,Pratt County,rural,Midwest,West North Central,735.039,9639,5988,22.25,
2012,20151,KS,Pratt County,RURAL,Midwest,West North Central,735.039,9644,6021,23.625,
2013,20151,KS,Pratt County,rural,Midwest,West North Central,735.039,9764,6050,25,
2014,20151,KS,Pratt County,rural,Midwest,West North Central,735.039,9783,6046,25,
2015,20151,KS,Pratt County,rural,Midwest,West North Central,735.039,9761,6014,25,
2016,20151,KS,Pratt County,rural,Midwest,West North Central,735.039,9685,5926,,
1970,20153,KS,Rawlins County,rural,Midwest,West North Central,1069.416,4342,2474,0,
1971,20153,KS,Rawlins County,rural,Midwest,West North Central,1069.416,4185,2375,0,
1972,20153,KS,Rawlins County, rural,Midwest,West North Central,1069.416,4126,2347,0,
1972,20153,KS,Rawlins County, rural,Midwest,West North Central,1069.416,4126,2347,0,
1973,20153,KS,Rawlins County,rural,Midwest,West North Central,1069.416,4102,2350,0,
1973,20153,KS,Rawlins County,rural,Midwest,West North Central,1069.416,4102,2350,0,
1974,20153,KS,Rawlins County,rural,Midwest,West North Central,1069.416,4059,2335,0,
1975,20153,KS,Rawlins County,rural,Midwest,West North Central,1069.416,4049,2346,0,
1975,20153,KS,Rawlins County,rural,Midwest,West North Central,1069.416,4049,2346,0,
1976,20153,KS,Rawlins County,rural,Midwest,West North Central,1069.416,3999,2324,0,
1977,20153,KS,Rawlins County,rural,Midwest,West North Central,1069.416,3972,2321,0,
1978,20153,KS,Rawlins County,rural,Midwest,West North Central,1069.416,3921,2286,6,
1979,20153,KS,Rawlins County,rural,Midwest,West North Central,1069.416,3934,2295,5.4,
1980,20153,KS,Rawlins County,rural,Midwest,West North Central,1069.416,4090,2416,4.8,
1981,20153,KS,Rawlins County,  RURAL ,Midwest,West North Central,1069.416,4025,2368,4.2,
1982,20153,KS,Rawlins County,rural,Midwest,West North Central,1069.416,4093,2394,3.6,
1983,20153,KS,Rawlins County,rural,Midwest,West North Central,1069.416,4028,2350,3,
1984,20153,KS,Rawlins County,rural,Midwest,West North Central,1069.416,3851,2236,2.6,
1985,20153,KS,Rawlins County,rural,Midwest,West North Central,1069.416,3739,2163,2.2,
1986,20153,KS,Rawlins County,rural,Midwest,West North Central,1069.416,3687,2127,1.8,
1987,20153,KS,Rawlins County,Rural,Midwest,West North Central,1069.416,3561,2044,1.4,
1988,20153,KS,Rawlins County,rural,Midwest,West North Central,1069.416,3520,2006,1,
1989,20153,KS,Rawlins County,rural,Midwest,West North Central,1069.416,3502,1974,515,
1989,20153,,,,,,,,,1,
1990,20153,KS,Rawlins County,rural,Midwest,West North Central,1069.416,3383,1901,1,
1991,20153,KS,Rawlins County,rural,Midwest,West North Central,1069.416,3352,1862,1,
1992,20153,KS,Rawlins County,rural,Midwest,West North Central,1069.416,3296,1838,1,
1993,20153,KS,Rawlins County,rural,Midwest,West North Central,1069.416,3303,1850,1,
1994,20153,KS,Rawlins County,rural,Midwest,West North Central,1069.416,3259,1836,2,
1995,20153,KS,Rawlins County,rural,Midwest,West North Central,1069.416,3204,1796,1,
1995,20153,KS,Rawlins County,rural,Midwest,West North Central,1069.416,3204,1796,1,
1996,20153,KS,Rawlins County,rural,Midwest,West North Central,1069.416,3210,1808,1,
1996,20153,KS,Rawlins County,rural,Midwest,West North Central,1069.416,3210,1808,1,
1997,20153,KS,Rawlins County,rural,Midwest,West North Central,1069.416,3176,1796,1,
1998,20153,KS,Rawlins County,rural,Midwest,West North Central,1069.416,3093,1748,1,
1999,20153,KS,Rawlins County,rural,Midwest,West North Central,1069.416,2983,1668,1,
2000,20153,KS,Rawlins County,rural,Midwest,West North Central,1069.416,2988,1672,1.166667,
2001,20153,KS,Rawlins County,rural,Midwest,West North Central,1069.416,2917,1635,1.333333,
2001,20153,KS,Rawlins County,rural,Midwest,West North Central,1069.416,2917,1635,1.333333,
2002,20153,KS,Rawlins County,  RURAL ,Midwest,West North Central,1069.416,2903,1644,1.5,
2003,20153,KS,Rawlins County,rural,Midwest,West North Central,1069.416,2836,1615,1.666667,
2004,20153,KS,Rawlins County,rural,Midwest,West North Central,1069.416,2776,1598,1.833333,
2005,20153,KS,Rawlins County,rural,Midwest,West North Central,1069.416,2697,1554,2,
2006,20153,KS,Rawlins County,RURAL,Midwest,West North Central,1069.416,2663,1541,2.5,
2007,20153,KS,Rawlins County,rural,Midwest,West North Central,1069.416,2655,1544,3,
2008,20153,KS,Rawlins County,rural,Midwest,West North Central,1069.416,2592,1500,3.5,
2008,20153,KS,Rawlins County,rural,Midwest,West North Central,1069.416,2592,1500,3.5,
2009,20153,KS,Rawlins County,rural,Midwest,West North Central,1069.416,2558,1488,4,
2010,20153,KS,Rawlins County,rural,Midwest,West North Central,1069.416,2519,1470,4.5,
2011,20153,KS,Rawlins County,rural  ,Midwest,West North Central,1069.416,2496,1466,5,
2012,20153,KS,Rawlins County,Rural,Midwest,West North Central,1069.416,2507,1487,5.5,
2013,20153,KS,Rawlins County,rural,Midwest,West North Central,1069.416,2507,1475,6,
2014,20153,KS,Rawlins County,rural,Midwest,West North Central,1069.416,2560,1479,6,
2015,20153,KS,Rawlins County,rural,Midwest,West North Central,1069.416,2539,1457,6,
2016,20153,KS,Rawlins County,rural,Midwest,West North Central,1069.416,2504,1422,,
1970,20155,KS,Reno County,rural,Midwest,West North Central,1255.344,60826,36634,30,
1971,20155,KS,Reno County,rural,Midwest,West North Central,1255.344,61055,36970,33.125,
1972,20155,KS,Reno County,rural,Midwest,West North Central,1255.344,60591,36913,36.25,
1973,20155,KS,Reno County,rural,Midwest,West North Central,1255.344,61576,37903,39.375,
1973,20155,KS,Reno County,rural,Midwest,West North Central,1255.344,61576,37903,39.375,
1974,20155,KS,Reno County,rural,Midwest,West North Central,1255.344,62215,38660,42.5,
1975,20155,KS,Reno County,rural,Midwest,West North Central,1255.344,62720,39308,45.625,
1975,20155,KS,Reno County,rural,Midwest,West North Central,1255.344,62720,39308,45.625,
1976,20155,KS,Reno County,rural,Midwest,West North Central,1255.344,62510,39394,48.75,
1977,20155,KS,Reno County,rural,Midwest,West North Central,1255.344,63935,40641,51.875,
1978,20155,KS,Reno County,rural,Midwest,West North Central,1255.344,64081,40910,634,
1978,20155,,,,,,,,,55,
1979,20155,KS,Reno County,rural,Midwest,West North Central,1255.344,64108,41118,51.8,
1980,20155,KS,Reno County,rural,Midwest,West North Central,1255.344,65077,41814,48.6,
1981,20155,KS,Reno County,rural,Midwest,West North Central,1255.344,65097,41733,45.4,
1982,20155,KS,Reno County,rural,Midwest,West North Central,1255.344,64351,41137,42.2,
1983,20155,KS,Reno County, rural,Midwest,West North Central,1255.344,64425,41071,39,
1984,20155,KS,Reno County,  RURAL ,Midwest,West North Central,1255.344,64159,40825,46,
1985,20155,KS,Reno County,rural,Midwest,West North Central,1255.344,64264,40750,53,
1986,20155,KS,Reno County,rural,Midwest,West North Central,1255.344,63997,40548,47,
1987,20155,KS,Reno County,rural,Midwest,West North Central,1255.344,63403,39953,53,
1988,20155,KS,Reno County,rural,Midwest,West North Central,1255.344,62765,39419,50,
1989,20155,KS,Reno County,rural,Midwest,West North Central,1255.344,62661,39076,55.2,
1989,20155,KS,Reno County,rural,Midwest,West North Central,1255.344,62661,39076,55.2,
1990,20155,KS,Reno County,rural,Midwest,West North Central,1255.344,62400,38795,60.4,
1991,20155,KS,Reno County,rural,Midwest,West North Central,1255.344,62457,38668,65.6,
1992,20155,KS,Reno County,rural,Midwest,West North Central,1255.344,62520,38762,70.8,
1993,20155,KS,Reno County,rural,Midwest,West North Central,1255.344,62900,38967,76,
1994,20155,KS,Reno County,rural,Midwest,West North Central,1255.344,62910,39120,83.83334,
1995,20155,KS,Reno County,rural,Midwest,West North Central,1255.344,63460,39791,91.66666,
1996,20155,KS,Reno County,rural,Midwest,West North Central,1255.344,63827,40214,99.5,
1997,20155,KS,Reno County,rural,Midwest,West North Central,1255.344,64042,40425,107.3333,
1997,20155,KS,Reno County,rural,Midwest,West North Central,1255.344,64042,40425,107.3333,
1998,20155,KS,Reno County,rural,Midwest,West North Central,1255.344,64425,40768,115.1667,
1998,20155,KS,Reno County,rural,Midwest,West North Central,1255.344,64425,40768,115.1667,
1999,20155,KS,Reno County,Rural,Midwest,West North Central,1255.344,64920,41265,123,
2000,20155,KS,Reno County,rural,Midwest,West North Central,1255.344,64731,41253,125.1667,
2001,20155,KS,Reno County,rural,Midwest,West North Central,1255.344,64584,41166,127.3333,
2002,20155,KS,Reno County,rural,Midwest,West North Central,1255.344,64163,41084,129.5,
2003,20155,KS,Reno County,rural,Midwest,West North Central,1255.344,63990,40985,131.6667,
2004,20155,KS,Reno County,rural,Midwest,West North Central,1255.344,63779,40962,133.8333,
2004,20155,KS,Reno County,rural,Midwest,West North Central,1255.344,63779,40962,133.8333,
2005,20155,KS,Reno County,rural,Midwest,West North Central,1255.344,63778,40938,136,
2006,20155,KS,Reno County,  RURAL ,Midwest,West North Central,1255.344,63822,40901,133.125,
2007,20155,KS,Reno County,rural,Midwest,West North Central,1255.344,63683,40692,130.25,
2008,20155,KS,Reno County,rural,Midwest,West North Central,1255.344,63974,40678,127.375,
2009,20155,KS,Reno County,rural,Midwest,West North Central,1255.344,64196,40685,124.5,
2010,20155,KS,Reno County,rural,Midwest,West North Central,1255.344,64511,40778,121.625,
2011,20155,KS,Reno County,rural,Midwest,West North Central,1255.344,64549,40803,118.75,
2012,20155,KS,Reno County,rural,Midwest,West North Central,1255.344,64425,40689,115.875,
2013,20155,KS,Reno County,rural,Midwest,West North Central,1255.344,64212,40383,113,
2014,20155,KS,Reno County,rural,Midwest,West North Central,1255.344,64083,40271,113,
2015,20155,KS,Reno County,rural,Midwest,West North Central,1255.344,63678,39987,113,
2016,20155,KS,Reno County,rural,Midwest,West North Central,1255.344,63488,39795,,
2016,20155,KS,Reno County,rural,Midwest,West North Central,1255.344,63488,39795,,
1970,20157,KS,Republic County,rural,Midwest,West North Central,717.37,8451,4692,4,
1970,20157,KS,Republic County,rural,Midwest,West North Central,717.37,8451,4692,4,
1971,20157,KS,Republic County,rural,Midwest,West North Central,717.37,8280,4586,3.846154,
1971,20157,KS,Republic County,rural,Midwest,West North Central,717.37,8280,4586,3.846154,
1972,20157,KS,Republic County,Rural,Midwest,West North Central,717.37,8252,4603,3.692308,
1973,20157,KS,Republic County,Rural,Midwest,West North Central,717.37,8231,4616,3.538461,
1974,20157,KS,Republic County,rural,Midwest,West North Central,717.37,8028,4513,3.384615,
1974,20157,KS,Republic County,rural,Midwest,West North Central,717.37,8028,4513,3.384615,
1975,20157,KS,Republic County,rural,Midwest,West North Central,717.37,8145,4638,3.230769,
1976,20157,KS,Republic County,rural,Midwest,West North Central,717.37,8063,4598,3.076923,
1977,20157,KS,Republic County,RURAL,Midwest,West North Central,717.37,8079,4635,2.923077,
1978,20157,KS,Republic County,Rural,Midwest,West North Central,717.37,7944,4553,2.769231,
1979,20157,KS,Republic County,rural,Midwest,West North Central,717.37,7675,4399,2.615385,
1980,20157,KS,Republic County,Rural,Midwest,West North Central,717.37,7528,4301,2.461539,
1981,20157,KS,Republic County,rural,Midwest,West North Central,717.37,7330,4161,2.307692,
1982,20157,KS,Republic County,rural,Midwest,West North Central,717.37,7187,4056,2.153846,
1983,20157,KS,Republic County,rural,Midwest,West North Central,717.37,7150,4011,2,
1984,20157,KS,Republic County,rural,Midwest,West North Central,717.37,7103,3963,2.2,
1985,20157,KS,Republic County, rural,Midwest,West North Central,717.37,7017,3889,2.4,
1986,20157,KS,Republic County,rural,Midwest,West North Central,717.37,6880,3791,2.6,
1987,20157,KS,Republic County,rural,Midwest,West North Central,717.37,6814,3718,2.8,
1987,20157,KS,Republic County,rural,Midwest,West North Central,717.37,6814,3718,2.8,
1988,20157,KS,Republic County,rural,Midwest,West North Central,717.37,6710,3638,3,
1989,20157,KS,Republic County,rural,Midwest,West North Central,717.37,6549,3512,3,
1990,20157,KS,Republic County,rural,Midwest,West North Central,717.37,6466,3439,3,
1991,20157,KS,Republic County,rural,Midwest,West North Central,717.37,6389,3399,3,
1992,20157,KS,Republic County,rural,Midwest,West North Central,717.37,6246,3338,3,
1993,20157,KS,Republic County,Rural,Midwest,West North Central,717.37,6187,3320,3,
1994,20157,KS,Republic County,rural,Midwest,West North Central,717.37,6179,3346,4.166667,
1995,20157,KS,Republic County,rural,Midwest,West North Central,717.37,6140,3348,5.333333,
1996,20157,KS,Republic County,rural,Midwest,West North Central,717.37,6133,3392,6.5,
1997,20157,KS,Republic County,rural,Midwest,West North Central,717.37,6059,3382,7.666667,
1998,20157,KS,Republic County,rural,Midwest,West North Central,717.37,6011,3377,8.833333,
1999,20157,KS,Republic County,rural,Midwest,West North Central,717.37,5900,3327,10,
2000,20157,KS,Republic County,rural,Midwest,West North Central,717.37,5804,3293,9.5,
2001,20157,KS,Republic County,rural,Midwest,West North Central,717.37,5685,3243,9,
2002,20157,KS,Republic County,rural,Midwest,West North Central,717.37,5485,3151,8.5,
2003,20157,KS,Republic County,rural,Midwest,West North Central,717.37,5395,3102,8,
2004,20157,KS,Republic County, rural,Midwest,West North Central,717.37,5285,3063,7.5,
2005,20157,KS,Republic County,rural,Midwest,West North Central,717.37,5238,3031,7,
2006,20157,KS,Republic County,Rural,Midwest,West North Central,717.37,5159,3005,6.625,
2007,20157,KS,Republic County,  RURAL ,Midwest,West North Central,717.37,5124,2961,6.25,
2008,20157,KS,Republic County,  RURAL ,Midwest,West North Central,717.37,5067,2924,5.875,
2009,20157,KS,Republic County,rural,Midwest,West North Central,717.37,5045,2873,5.5,
2010,20157,KS,Republic County,RURAL,Midwest,West North Central,717.37,4980,2865,5.125,
2011,20157,KS,Republic County,rural,Midwest,West North Central,717.37,4938,2851,4.75,
2012,20157,KS,Republic County,rural,Midwest,West North Central,717.37,4891,2813,4.375,
2013,20157,KS,Republic County,rural,Midwest,West North Central,717.37,4825,2766,4,
2014,20157,KS,Republic County,rural,Midwest,West North Central,717.37,4767,2701,4,
2015,20157,KS,Republic County,rural,Midwest,West North Central,717.37,4737,2714,4,
2016,20157,KS,Republic County,rural,Midwest,West North Central,717.37,4681,2651,,
1970,20159,KS,Rice County,  RURAL ,Midwest,West North Central,726.233,12318,7324,1,
1971,20159,KS,Rice County,rural,Midwest,West North Central,726.233,12292,7328,1.25,
1972,20159,KS,Rice County,rural,Midwest,West North Central,726.233,12457,7485,1.5,
1973,20159,KS,Rice County,rural,Midwest,West North Central,726.233,11980,7184,1.75,
1973,20159,KS,Rice County,rural,Midwest,West North Central,726.233,11980,7184,1.75,
1974,20159,KS,Rice County,rural,Midwest,West North Central,726.233,11985,7265,2,
1975,20159,KS,Rice County, rural,Midwest,West North Central,726.233,11947,7304,2.25,
1976,20159,KS,Rice County,rural,Midwest,West North Central,726.233,12041,7392,2.5,
1977,20159,KS,Rice County,rural,Midwest,West North Central,726.233,12255,7556,2.75,
1978,20159,KS,Rice County,rural,Midwest,West North Central,726.233,12139,7458,3,
1979,20159,KS,Rice County,rural,Midwest,West North Central,726.233,12097,7392,3.8,
1980,20159,KS,Rice County,rural,Midwest,West North Central,726.233,11848,7197,4.6,
1981,20159,KS,Rice County,rural,Midwest,West North Central,726.233,11588,7003,5.4,
1982,20159,KS,Rice County,rural,Midwest,West North Central,726.233,11559,6956,6.2,
1983,20159,KS,Rice County,rural,Midwest,West North Central,726.233,11513,6890,7,
1984,20159,KS,Rice County,rural,Midwest,West North Central,726.233,11456,6826,6.8,
1985,20159,KS,Rice County,rural,Midwest,West North Central,726.233,11149,6606,6.6,
1986,20159,KS,Rice County, rural,Midwest,West North Central,726.233,11038,6516,6.4,
1987,20159,KS,Rice County, rural,Midwest,West North Central,726.233,10975,6425,6.2,
1988,20159,KS,Rice County,rural,Midwest,West North Central,726.233,10887,6334,6,
1989,20159,KS,Rice County,rural,Midwest,West North Central,726.233,10860,6260,6.6,
1990,20159,KS,Rice County,rural,Midwest,West North Central,726.233,10567,6061,508,
1990,20159,,,,,,,,,7.2,
1991,20159,KS,Rice County,rural,Midwest,West North Central,726.233,10514,6080,7.8,
1992,20159,KS,Rice County,Rural,Midwest,West North Central,726.233,10494,6088,8.4,
1993,20159,KS,Rice County,rural,Midwest,West North Central,726.233,10626,6222,9,
1994,20159,KS,Rice County,rural  ,Midwest,West North Central,726.233,10578,6258,10,
1995,20159,KS,Rice County,rural,Midwest,West North Central,726.233,10731,6435,11,
1996,20159,KS,Rice County,rural,Midwest,West North Central,726.233,10765,6495,12,
1997,20159,KS,Rice County,rural,Midwest,West North Central,726.233,10916,6682,13,
1997,20159,KS,Rice County,rural,Midwest,West North Central,726.233,10916,6682,13,
1998,20159,KS,Rice County,rural,Midwest,West North Central,726.233,10934,6755,14,
1999,20159,KS,Rice County,rural,Midwest,West North Central,726.233,10788,6695,15,
2000,20159,KS,Rice County,rural,Midwest,West North Central,726.233,10728,6689,22.5,
2001,20159,KS,Rice County,rural,Midwest,West North Central,726.233,10609,6589,30,
2002,20159,KS,Rice County,rural,Midwest,West North Central,726.233,10526,6582,37.5,
2003,20159,KS,Rice County,rural  ,Midwest,West North Central,726.233,10465,6559,45,
2004,20159,KS,Rice County,rural,Midwest,West North Central,726.233,10498,6581,52.5,
2004,20159,KS,Rice County,rural,Midwest,West North Central,726.233,10498,6581,52.5,
2005,20159,KS,Rice County,rural,Midwest,West North Central,726.233,10396,6504,60,
2006,20159,KS,Rice County,rural,Midwest,West North Central,726.233,10224,6430,65,
2007,20159,KS,Rice County,rural,Midwest,West North Central,726.233,10103,6346,38,
2008,20159,KS,Rice County,rural,Midwest,West North Central,726.233,10175,6338,58,
2009,20159,KS,Rice County,rural,Midwest,West North Central,726.233,10047,6288,48,
2010,20159,KS,Rice County,rural,Midwest,West North Central,726.233,10082,6294,56,
2011,20159,KS,Rice County,rural,Midwest,West North Central,726.233,10114,6313,55,
2012,20159,KS,Rice County,rural,Midwest,West North Central,726.233,10099,6315,55,
2013,20159,KS,Rice County,rural,Midwest,West North Central,726.233,9994,6230,33,
2014,20159,KS,Rice County,rural,Midwest,West North Central,726.233,9978,6240,30,
2015,20159,KS,Rice County,Rural,Midwest,West North Central,726.233,9970,6252,30,
2016,20159,KS,Rice County,rural,Midwest,West North Central,726.233,9925,6210,,
1970,20161,KS,Riley County,Small/mid,Midwest,West North Central,609.72,57077,42514,23,
1971,20161,KS,Riley County,small/mid,Midwest,West North Central,609.72,58249,43410,22.125,
1972,20161,KS,Riley County,small/mid,Midwest,West North Central,609.72,57647,43164,21.25,
1973,20161,KS,Riley County,small/mid  ,Midwest,West North Central,609.72,60295,45077,20.375,
1974,20161,KS,Riley County,small/mid,Midwest,West North Central,609.72,61544,46065,19.5,
1975,20161,KS,Riley County,small/mid,Midwest,West North Central,609.72,62207,46635,18.625,
1975,20161,KS,Riley County,small/mid,Midwest,West North Central,609.72,62207,46635,18.625,
1976,20161,KS,Riley County,small/mid,Midwest,West North Central,609.72,64266,48351,17.75,
1977,20161,KS,Riley County,small/mid,Midwest,West North Central,609.72,61879,47146,16.875,
1978,20161,KS,Riley County,small/mid,Midwest,West North Central,609.72,62712,47553,16,
1979,20161,KS,Riley County,small/mid  ,Midwest,West North Central,609.72,62733,47719,14,
1980,20161,KS,Riley County,  SMALL/MID ,Midwest,West North Central,609.72,63860,48486,12,
1981,20161,KS,Riley County, small/mid,Midwest,West North Central,609.72,65116,49468,10,
1982,20161,KS,Riley County,small/mid,Midwest,West North Central,609.72,65464,49668,8,
1983,20161,KS,Riley County,small/mid,Midwest,West North Central,609.72,67242,50960,6,
1984,20161,KS,Riley County,small/mid,Midwest,West North Central,609.72,66331,50228,9,
1985,20161,KS,Riley County,small/mid  ,Midwest,West North Central,609.72,65073,49162,12,
1986,20161,KS,Riley County,small/mid,Midwest,West North Central,609.72,64731,48888,15,
1987,20161,KS,Riley County,small/mid,Midwest,West North Central,609.72,64987,48880,18,
1988,20161,KS,Riley County, small/mid,Midwest,West North Central,609.72,65745,49344,21,
1989,20161,KS,Riley County,small/mid,Midwest,West North Central,609.72,66628,49783,20.8,
1990,20161,KS,Riley County,small/mid,Midwest,West North Central,609.72,67212,50251,20.6,
1991,20161,KS,Riley County,small/mid,Midwest,West North Central,609.72,65021,48668,20.4,
1992,20161,KS,Riley County,Small/mid,Midwest,West North Central,609.72,68064,50930,20.2,
1993,20161,KS,Riley County,small/mid,Midwest,West North Central,609.72,67442,50383,20,
1994,20161,KS,Riley County,small/mid  ,Midwest,West North Central,609.72,68463,51258,23.16667,
1995,20161,KS,Riley County,  SMALL/MID ,Midwest,West North Central,609.72,68664,51708,26.33333,
1996,20161,KS,Riley County,small/mid,Midwest,West North Central,609.72,65477,49438,29.5,
1997,20161,KS,Riley County, small/mid,Midwest,West North Central,609.72,64018,48517,32.66667,
1998,20161,KS,Riley County,small/mid,Midwest,West North Central,609.72,63212,48112,35.83333,
1999,20161,KS,Riley County,small/mid,Midwest,West North Central,609.72,62920,48083,39,
2000,20161,KS,Riley County,small/mid,Midwest,West North Central,609.72,63237,48513,41.83333,
2001,20161,KS,Riley County,small/mid,Midwest,West North Central,609.72,62962,48642,44.66667,
2002,20161,KS,Riley County,small/mid,Midwest,West North Central,609.72,62625,48560,47.5,
2003,20161,KS,Riley County,small/mid,Midwest,West North Central,609.72,62922,48645,50.33333,
2004,20161,KS,Riley County,small/mid,Midwest,West North Central,609.72,64218,49935,53.16667,
2005,20161,KS,Riley County,Small/mid,Midwest,West North Central,609.72,64751,50419,56,
2006,20161,KS,Riley County,small/mid,Midwest,West North Central,609.72,66928,52176,58.5,
2007,20161,KS,Riley County,small/mid,Midwest,West North Central,609.72,67329,52242,61,
2008,20161,KS,Riley County, small/mid,Midwest,West North Central,609.72,69444,53624,63.5,
2009,20161,KS,Riley County,small/mid,Midwest,West North Central,609.72,69995,53765,66,
2010,20161,KS,Riley County,small/mid,Midwest,West North Central,609.72,71132,54433,68.5,
2011,20161,KS,Riley County, small/mid,Midwest,West North Central,609.72,71564,54744,71,
2011,20161,KS,Riley County, small/mid,Midwest,West North Central,609.72,71564,54744,71,
2012,20161,KS,Riley County,SMALL/MID,Midwest,West North Central,609.72,73350,55973,73.5,
2013,20161,KS,Riley County,small/mid,Midwest,West North Central,609.72,77408,59500,76,
2014,20161,KS,Riley County,small/mid,Midwest,West North Central,609.72,76807,59428,76.5,
2015,20161,KS,Riley County,small/mid,Midwest,West North Central,609.72,76295,59055,77,
2016,20161,KS,Riley County,small/mid,Midwest,West North Central,609.72,76659,59077,,
2016,20161,KS,Riley County,small/mid,Midwest,West North Central,609.72,76659,59077,,
1970,20163,KS,Rooks County,rural,Midwest,West North Central,890.538,7594,4340,0,
1971,20163,KS,Rooks County,rural,Midwest,West North Central,890.538,7453,4252,0,
1972,20163,KS,Rooks County,rural,Midwest,West North Central,890.538,7317,4175,0,
1973,20163,KS,Rooks County,rural,Midwest,West North Central,890.538,7221,4130,0,
1974,20163,KS,Rooks County,rural,Midwest,West North Central,890.538,7008,4012,0,
1974,20163,KS,Rooks County,rural,Midwest,West North Central,890.538,7008,4012,0,
1975,20163,KS,Rooks County,rural,Midwest,West North Central,890.538,6972,4020,0,
1976,20163,KS,Rooks County,rural,Midwest,West North Central,890.538,7051,4097,0,
1977,20163,KS,Rooks County,rural,Midwest,West North Central,890.538,7056,4123,0,
1978,20163,KS,Rooks County,rural,Midwest,West North Central,890.538,7063,4118,2,
1979,20163,KS,Rooks County,RURAL,Midwest,West North Central,890.538,7006,4063,1.9,
1980,20163,KS,Rooks County,rural,Midwest,West North Central,890.538,7025,4066,1.8,
1981,20163,KS,Rooks County,rural,Midwest,West North Central,890.538,7077,4083,1.7,
1982,20163,KS,Rooks County,rural,Midwest,West North Central,890.538,7205,4140,1.6,
1983,20163,KS,Rooks County,  RURAL ,Midwest,West North Central,890.538,7199,4125,1.5,
1984,20163,KS,Rooks County,rural,Midwest,West North Central,890.538,7055,4035,1.4,
1985,20163,KS,Rooks County,rural,Midwest,West North Central,890.538,6943,3957,1.3,
1985,20163,KS,Rooks County,rural,Midwest,West North Central,890.538,6943,3957,1.3,
1986,20163,KS,Rooks County,rural,Midwest,West North Central,890.538,6827,3885,1.2,
1987,20163,KS,Rooks County,rural,Midwest,West North Central,890.538,6496,3674,1.1,
1987,20163,KS,Rooks County,rural,Midwest,West North Central,890.538,6496,3674,1.1,
1988,20163,KS,Rooks County,rural,Midwest,West North Central,890.538,6320,3562,1,
1989,20163,KS,Rooks County,rural,Midwest,West North Central,890.538,6210,3468,2,
1990,20163,KS,Rooks County, rural,Midwest,West North Central,890.538,6002,3339,3,
1990,20163,KS,Rooks County, rural,Midwest,West North Central,890.538,6002,3339,3,
1991,20163,KS,Rooks County,rural,Midwest,West North Central,890.538,6023,3344,4,
1992,20163,KS,Rooks County,rural,Midwest,West North Central,890.538,6013,3340,5,
1992,20163,KS,Rooks County,rural,Midwest,West North Central,890.538,6013,3340,5,
1993,20163,KS,Rooks County,rural,Midwest,West North Central,890.538,5951,3310,6,
1994,20163,KS,Rooks County,rural,Midwest,West North Central,890.538,5987,3341,8,
1995,20163,KS,Rooks County,rural,Midwest,West North Central,890.538,5884,3316,10,
1996,20163,KS,Rooks County,rural,Midwest,West North Central,890.538,5883,3356,12,
1997,20163,KS,Rooks County,rural,Midwest,West North Central,890.538,5769,3306,14,
1998,20163,KS,Rooks County,rural,Midwest,West North Central,890.538,5749,3308,543,
1998,20163,,,,,,,,,16,
1999,20163,KS,Rooks County,rural,Midwest,West North Central,890.538,5708,3303,18,
2000,20163,KS,Rooks County,rural,Midwest,West North Central,890.538,5665,3290,15.83333,
2001,20163,KS,Rooks County,rural,Midwest,West North Central,890.538,5560,3257,13.66667,
2002,20163,KS,Rooks County,rural,Midwest,West North Central,890.538,5482,3244,11.5,
2003,20163,KS,Rooks County,rural,Midwest,West North Central,890.538,5430,3236,9.333333,
2004,20163,KS,Rooks County,rural,Midwest,West North Central,890.538,5400,3225,7.166667,
2004,20163,KS,Rooks County,rural,Midwest,West North Central,890.538,5400,3225,7.166667,
2005,20163,KS,Rooks County, rural,Midwest,West North Central,890.538,5352,3224,5,
2006,20163,KS,Rooks County,rural  ,Midwest,West North Central,890.538,5322,3251,5.25,
2007,20163,KS,Rooks County,rural,Midwest,West North Central,890.538,5275,3229,5.5,
2008,20163,KS,Rooks County,rural,Midwest,West North Central,890.538,5254,3216,5.75,
2009,20163,KS,Rooks County,rural,Midwest,West North Central,890.538,5179,3149,6,
2010,20163,KS,Rooks County,rural,Midwest,West North Central,890.538,5181,3150,6.25,
2011,20163,KS,Rooks County,Rural,Midwest,West North Central,890.538,5194,3151,6.5,
2011,20163,KS,Rooks County,Rural,Midwest,West North Central,890.538,5194,3151,6.5,
2012,20163,KS,Rooks County,rural,Midwest,West North Central,890.538,5198,3153,6.75,
2013,20163,KS,Rooks County,rural,Midwest,West North Central,890.538,5219,3153,7,
2014,20163,KS,Rooks County,rural,Midwest,West North Central,890.538,5193,3114,7,
2015,20163,KS,Rooks County,rural,Midwest,West North Central,890.538,5204,3112,7,
2016,20163,KS,Rooks County,rural,Midwest,West North Central,890.538,5180,3114,,
1970,20165,KS,Rush County,rural  ,Midwest,West North Central,717.763,5065,2974,2,
1971,20165,KS,Rush County,rural,Midwest,West North Central,717.763,4882,2856,0,
1972,20165,KS,Rush County,rural,Midwest,West North Central,717.763,5066,3009,0,
1973,20165,KS,Rush County,rural,Midwest,West North Central,717.763,4888,2899,0,
1974,20165,KS,Rush County,rural,Midwest,West North Central,717.763,4534,2653,0,
1975,20165,KS,Rush County,rural,Midwest,West North Central,717.763,4831,2899,0,
1976,20165,KS,Rush County,rural,Midwest,West North Central,717.763,4762,2854,0,
1977,20165,KS,Rush County,rural,Midwest,West North Central,717.763,4687,2805,0,
1978,20165,KS,Rush County,rural,Midwest,West North Central,717.763,4600,2739,0,
1979,20165,KS,Rush County,rural,Midwest,West North Central,717.763,4640,2769,0,
1980,20165,KS,Rush County,rural,Midwest,West North Central,717.763,4508,2661,0,
1981,20165,KS,Rush County,rural,Midwest,West North Central,717.763,4459,2616,0,
1982,20165,KS,Rush County,rural,Midwest,West North Central,717.763,4426,2581,0,
1983,20165,KS,Rush County,rural,Midwest,West North Central,717.763,4480,2597,0,
1984,20165,KS,Rush County,rural,Midwest,West North Central,717.763,4452,2571,0,
1985,20165,KS,Rush County,rural,Midwest,West North Central,717.763,4359,2500,0,
1986,20165,KS,Rush County,rural,Midwest,West North Central,717.763,4249,2421,0,
1987,20165,KS,Rush County,rural,Midwest,West North Central,717.763,4083,2305,0,
1988,20165,KS,Rush County,rural,Midwest,West North Central,717.763,3996,2244,0,
1989,20165,KS,Rush County,rural,Midwest,West North Central,717.763,3886,2154,0,
1990,20165,KS,Rush County,rural,Midwest,West North Central,717.763,3834,2108,0,
1990,20165,KS,Rush County,rural,Midwest,West North Central,717.763,3834,2108,0,
1991,20165,KS,Rush County,  RURAL ,Midwest,West North Central,717.763,3845,2104,0,
1992,20165,KS,Rush County,rural,Midwest,West North Central,717.763,3819,2087,0,
1993,20165,KS,Rush County,rural,Midwest,West North Central,717.763,3747,2046,0,
1994,20165,KS,Rush County,rural,Midwest,West North Central,717.763,3682,2016,0,
1994,20165,KS,Rush County,rural,Midwest,West North Central,717.763,3682,2016,0,
1995,20165,KS,Rush County,rural,Midwest,West North Central,717.763,3690,2039,0,
1996,20165,KS,Rush County,rural,Midwest,West North Central,717.763,3671,2041,0,
1997,20165,KS,Rush County,rural,Midwest,West North Central,717.763,3611,2011,0,
1998,20165,KS,Rush County,rural,Midwest,West North Central,717.763,3611,2035,0,
1999,20165,KS,Rush County,rural,Midwest,West North Central,717.763,3593,2036,0,
2000,20165,KS,Rush County,rural,Midwest,West North Central,717.763,3536,2011,0,
2001,20165,KS,Rush County,rural,Midwest,West North Central,717.763,3511,2022,0,
2002,20165,KS,Rush County,rural,Midwest,West North Central,717.763,3454,2017,0,
2003,20165,KS,Rush County,rural,Midwest,West North Central,717.763,3439,2022,0,
2004,20165,KS,Rush County,rural,Midwest,West North Central,717.763,3442,2044,0,
2005,20165,KS,Rush County,rural,Midwest,West North Central,717.763,3384,2000,0,
2006,20165,KS,Rush County,rural,Midwest,West North Central,717.763,3294,1967,0,
2007,20165,KS,Rush County,rural,Midwest,West North Central,717.763,3273,1954,0,
2008,20165,KS,Rush County,rural,Midwest,West North Central,717.763,3310,1996,0,
2009,20165,KS,Rush County,rural,Midwest,West North Central,717.763,3253,1956,0,
2010,20165,KS,Rush County,rural,Midwest,West North Central,717.763,3307,1994,0,
2011,20165,KS,Rush County,rural,Midwest,West North Central,717.763,3314,1999,0,
2012,20165,KS,Rush County,rural,Midwest,West North Central,717.763,3211,1931,501,
2012,20165,,,,,,,,,0,
2013,20165,KS,Rush County,rural,Midwest,West North Central,717.763,3209,1916,0,
2013,20165,KS,Rush County,rural,Midwest,West North Central,717.763,3209,1916,0,
2014,20165,KS,Rush County,rural,Midwest,West North Central,717.763,3178,1888,0,
2015,20165,KS,Rush County,rural,Midwest,West North Central,717.763,3162,1883,0,
2016,20165,KS,Rush County,rural,Midwest,West North Central,717.763,3099,1855,,
1970,20167,KS,Russell County,rural  ,Midwest,West North Central,886.26,9351,5627,1,
1971,20167,KS,Russell County,rural  ,Midwest,West North Central,886.26,9033,5408,1.125,
1972,20167,KS,Russell County,rural,Midwest,West North Central,886.26,9093,5470,1.25,
1973,20167,KS,Russell County,rural,Midwest,West North Central,886.26,8764,5267,1.375,
1974,20167,KS,Russell County,rural,Midwest,West North Central,886.26,8627,5184,1.5,
1975,20167,KS,Russell County,rural,Midwest,West North Central,886.26,8718,5275,1.625,
1976,20167,KS,Russell County,  RURAL ,Midwest,West North Central,886.26,8678,5251,515,
1976,20167,,,,,,,,,1.75,
1977,20167,KS,Russell County,  RURAL ,Midwest,West North Central,886.26,8654,5261,1.875,
1977,20167,KS,Russell County,  RURAL ,Midwest,West North Central,886.26,8654,5261,1.875,
1978,20167,KS,Russell County,rural,Midwest,West North Central,886.26,8685,5307,2,
1979,20167,KS,Russell County,rural,Midwest,West North Central,886.26,8785,5359,2,
1980,20167,KS,Russell County,rural,Midwest,West North Central,886.26,8876,5416,2,
1981,20167,KS,Russell County,rural  ,Midwest,West North Central,886.26,8873,5381,2,
1981,20167,KS,Russell County,rural  ,Midwest,West North Central,886.26,8873,5381,2,
1982,20167,KS,Russell County,RURAL,Midwest,West North Central,886.26,9119,5494,2,
1983,20167,KS,Russell County,rural,Midwest,West North Central,886.26,9230,5520,2,
1984,20167,KS,Russell County,rural,Midwest,West North Central,886.26,9205,5478,3.2,
1985,20167,KS,Russell County,rural,Midwest,West North Central,886.26,9071,5351,4.4,
1986,20167,KS,Russell County,rural,Midwest,West North Central,886.26,8791,5157,5.6,
1987,20167,KS,Russell County,rural,Midwest,West North Central,886.26,8520,4948,6.8,
1988,20167,KS,Russell County,rural,Midwest,West North Central,886.26,8335,4799,8,
1988,20167,KS,Russell County,rural,Midwest,West North Central,886.26,8335,4799,8,
1989,20167,KS,Russell County,rural,Midwest,West North Central,886.26,8031,4571,9.4,
1990,20167,KS,Russell County,rural,Midwest,West North Central,886.26,7787,4385,10.8,
1991,20167,KS,Russell County,rural,Midwest,West North Central,886.26,7767,4360,12.2,
1992,20167,KS,Russell County,rural,Midwest,West North Central,886.26,7652,4302,13.6,
1993,20167,KS,Russell County,rural,Midwest,West North Central,886.26,7668,4343,15,
1994,20167,KS,Russell County,rural,Midwest,West North Central,886.26,7641,4361,15.16667,
1995,20167,KS,Russell County,rural,Midwest,West North Central,886.26,7675,4429,15.33333,
1996,20167,KS,Russell County,rural  ,Midwest,West North Central,886.26,7656,4444,15.5,
1996,20167,KS,Russell County,rural  ,Midwest,West North Central,886.26,7656,4444,15.5,
1997,20167,KS,Russell County,rural,Midwest,West North Central,886.26,7626,4431,15.66667,
1998,20167,KS,Russell County,rural,Midwest,West North Central,886.26,7502,4361,15.83333,
1999,20167,KS,Russell County,rural,Midwest,West North Central,886.26,7427,4327,16,
2000,20167,KS,Russell County,rural,Midwest,West North Central,886.26,7349,4301,16.83333,
2001,20167,KS,Russell County,rural,Midwest,West North Central,886.26,7179,4184,17.66667,
2002,20167,KS,Russell County,rural,Midwest,West North Central,886.26,7066,4130,18.5,
2003,20167,KS,Russell County,  RURAL ,Midwest,West North Central,886.26,7032,4132,19.33333,
2003,20167,KS,Russell County,  RURAL ,Midwest,West North Central,886.26,7032,4132,19.33333,
2004,20167,KS,Russell County,rural,Midwest,West North Central,886.26,7085,4193,20.16667,
2005,20167,KS,Russell County,rural,Midwest,West North Central,886.26,6930,4154,21,
2006,20167,KS,Russell County,rural  ,Midwest,West North Central,886.26,6894,4163,17,
2007,20167,KS,Russell County,rural,Midwest,West North Central,886.26,6943,4188,17,
2008,20167,KS,Russell County,rural,Midwest,West North Central,886.26,6869,4107,16,
2009,20167,KS,Russell County,rural,Midwest,West North Central,886.26,6880,4125,16,
2010,20167,KS,Russell County,  RURAL ,Midwest,West North Central,886.26,6970,4165,14,
2011,20167,KS,Russell County,rural,Midwest,West North Central,886.26,7004,4179,15,
2012,20167,KS,Russell County,rural,Midwest,West North Central,886.26,6989,4148,15,
2013,20167,KS,Russell County,rural,Midwest,West North Central,886.26,6992,4135,19,
2014,20167,KS,Russell County,rural,Midwest,West North Central,886.26,6978,4121,18,
2015,20167,KS,Russell County,rural,Midwest,West North Central,886.26,7007,4154,18,
2016,20167,KS,Russell County,rural,Midwest,West North Central,886.26,7045,4128,,
1970,20169,KS,Saline County,rural,Midwest,West North Central,720.228,46670,27447,40,
1971,20169,KS,Saline County,rural  ,Midwest,West North Central,720.228,47028,27952,39.25,
1972,20169,KS,Saline County,rural,Midwest,West North Central,720.228,45775,27460,38.5,
1973,20169,KS,Saline County,rural,Midwest,West North Central,720.228,47144,28731,37.75,
1974,20169,KS,Saline County,rural,Midwest,West North Central,720.228,48449,30012,37,
1975,20169,KS,Saline County,rural,Midwest,West North Central,720.228,49171,30885,36.25,
1975,20169,KS,Saline County,rural,Midwest,West North Central,720.228,49171,30885,36.25,
1976,20169,KS,Saline County,rural,Midwest,West North Central,720.228,49809,31742,35.5,
1976,20169,KS,Saline County,rural,Midwest,West North Central,720.228,49809,31742,35.5,
1977,20169,KS,Saline County,rural,Midwest,West North Central,720.228,49669,32010,34.75,
1978,20169,KS,Saline County,rural,Midwest,West North Central,720.228,49219,32022,34,
1979,20169,KS,Saline County,Rural,Midwest,West North Central,720.228,49082,32216,37,
1980,20169,KS,Saline County,rural,Midwest,West North Central,720.228,49026,32199,40,
1981,20169,KS,Saline County,rural,Midwest,West North Central,720.228,49273,32280,43,
1982,20169,KS,Saline County,  RURAL ,Midwest,West North Central,720.228,49236,32147,46,
1983,20169,KS,Saline County,rural,Midwest,West North Central,720.228,49719,32373,49,
1984,20169,KS,Saline County,rural,Midwest,West North Central,720.228,50155,32588,50.6,
1985,20169,KS,Saline County,  RURAL ,Midwest,West North Central,720.228,49615,32113,52.2,
1986,20169,KS,Saline County,Rural,Midwest,West North Central,720.228,49187,31809,53.8,
1987,20169,KS,Saline County, rural,Midwest,West North Central,720.228,49489,31821,55.4,
1988,20169,KS,Saline County,rural,Midwest,West North Central,720.228,49587,31771,57,
1989,20169,KS,Saline County,rural,Midwest,West North Central,720.228,49319,31372,60.4,
1990,20169,KS,Saline County,rural,Midwest,West North Central,720.228,49413,31328,63.8,
1991,20169,KS,Saline County,rural,Midwest,West North Central,720.228,50245,31785,67.2,
1992,20169,KS,Saline County,Rural,Midwest,West North Central,720.228,50984,32311,70.6,
1993,20169,KS,Saline County, rural,Midwest,West North Central,720.228,51748,32842,74,
1994,20169,KS,Saline County,rural,Midwest,West North Central,720.228,52240,33221,91.33334,
1995,20169,KS,Saline County,rural,Midwest,West North Central,720.228,52892,33809,108.6667,
1996,20169,KS,Saline County,rural,Midwest,West North Central,720.228,53140,34035,126,
1997,20169,KS,Saline County,rural,Midwest,West North Central,720.228,53168,34120,143.3333,
1998,20169,KS,Saline County,rural,Midwest,West North Central,720.228,53182,34171,160.6667,
1999,20169,KS,Saline County, rural,Midwest,West North Central,720.228,53485,34440,178,
2000,20169,KS,Saline County,rural,Midwest,West North Central,720.228,53659,34611,180,
2001,20169,KS,Saline County,rural,Midwest,West North Central,720.228,53952,34924,182,
2002,20169,KS,Saline County,rural,Midwest,West North Central,720.228,54157,35116,184,
2003,20169,KS,Saline County,rural,Midwest,West North Central,720.228,54018,35072,186,
2004,20169,KS,Saline County,rural,Midwest,West North Central,720.228,54178,35304,188,
2004,20169,KS,Saline County,rural,Midwest,West North Central,720.228,54178,35304,188,
2005,20169,KS,Saline County,rural,Midwest,West North Central,720.228,54361,35448,190,
2006,20169,KS,Saline County,rural,Midwest,West North Central,720.228,54478,35607,187,
2007,20169,KS,Saline County,rural  ,Midwest,West North Central,720.228,54723,35848,149,
2008,20169,KS,Saline County,rural,Midwest,West North Central,720.228,54811,35791,189,
2009,20169,KS,Saline County,rural,Midwest,West North Central,720.228,55164,35859,178,
2010,20169,KS,Saline County,rural,Midwest,West North Central,720.228,55638,36085,203,
2011,20169,KS,Saline County,rural,Midwest,West North Central,720.228,55815,36196,217,
2011,20169,KS,Saline County,rural,Midwest,West North Central,720.228,55815,36196,217,
2012,20169,KS,Saline County,rural,Midwest,West North Central,720.228,55823,36203,220,
2012,20169,KS,Saline County,rural,Midwest,West North Central,720.228,55823,36203,220,
2013,20169,KS,Saline County,rural,Midwest,West North Central,720.228,55896,36053,218,
2014,20169,KS,Saline County,rural,Midwest,West North Central,720.228,55810,35921,228,
2014,20169,KS,Saline County,rural,Midwest,West North Central,720.228,55810,35921,228,
2015,20169,KS,Saline County,rural,Midwest,West North Central,720.228,55566,35682,228,
2016,20169,KS,Saline County,rural,Midwest,West North Central,720.228,55491,35540,,
1970,20171,KS,Scott County,rural,Midwest,West North Central,717.585,5555,3301,2.550019,
1971,20171,KS,Scott County,rural,Midwest,West North Central,717.585,5360,3177,2.616849,
1972,20171,KS,Scott County,rural,Midwest,West North Central,717.585,5478,3276,2.642697,
1973,20171,KS,Scott County,rural,Midwest,West North Central,717.585,5672,3428,2.774198,
1974,20171,KS,Scott County,rural,Midwest,West North Central,717.585,5644,3421,2.846445,
1975,20171,KS,Scott County,rural,Midwest,West North Central,717.585,5730,3496,2.966239,
1976,20171,KS,Scott County,rural,Midwest,West North Central,717.585,5894,3632,3.074384,
1976,20171,KS,Scott County,rural,Midwest,West North Central,717.585,5894,3632,3.074384,
1977,20171,KS,Scott County,Rural,Midwest,West North Central,717.585,5952,3694,3.215733,
1978,20171,KS,Scott County,rural,Midwest,West North Central,717.585,5903,3650,3.331409,
1979,20171,KS,Scott County,rural,Midwest,West North Central,717.585,5827,3599,3.442137,
1980,20171,KS,Scott County,rural,Midwest,West North Central,717.585,5762,3549,3.623226,
1981,20171,KS,Scott County,  RURAL ,Midwest,West North Central,717.585,5655,3476,3.737526,
1981,20171,KS,Scott County,  RURAL ,Midwest,West North Central,717.585,5655,3476,3.737526,
1982,20171,KS,Scott County,RURAL,Midwest,West North Central,717.585,5723,3512,3.85789,
1983,20171,KS,Scott County,rural  ,Midwest,West North Central,717.585,5803,3549,3.955787,
1984,20171,KS,Scott County,rural,Midwest,West North Central,717.585,5864,3583,3.621224,
1985,20171,KS,Scott County,rural,Midwest,West North Central,717.585,5766,3516,3.215854,
1986,20171,KS,Scott County,rural,Midwest,West North Central,717.585,5647,3441,2.80898,
1987,20171,KS,Scott County,rural,Midwest,West North Central,717.585,5606,3396,2.410885,
1988,20171,KS,Scott County,rural,Midwest,West North Central,717.585,5521,3340,1.991652,
1989,20171,KS,Scott County,rural,Midwest,West North Central,717.585,5413,3247,2.26411,
1990,20171,KS,Scott County,rural  ,Midwest,West North Central,717.585,5273,3148,2.524246,
1991,20171,KS,Scott County,rural,Midwest,West North Central,717.585,5259,3108,2.798199,
1992,20171,KS,Scott County,rural,Midwest,West North Central,717.585,5330,3125,3.048134,
1993,20171,KS,Scott County,rural,Midwest,West North Central,717.585,5261,3103,3.277355,
1994,20171,KS,Scott County,rural,Midwest,West North Central,717.585,5246,3103,3.471645,
1995,20171,KS,Scott County,rural,Midwest,West North Central,717.585,5169,3125,3.700801,
1996,20171,KS,Scott County,rural,Midwest,West North Central,717.585,5183,3188,3.976715,
1997,20171,KS,Scott County,rural,Midwest,West North Central,717.585,5137,3184,4.206369,
1998,20171,KS,Scott County,rural,Midwest,West North Central,717.585,5176,3240,4.492512,
1999,20171,KS,Scott County,rural,Midwest,West North Central,717.585,5139,3180,4.731137,
2000,20171,KS,Scott County,rural,Midwest,West North Central,717.585,5100,3158,4.606119,
2001,20171,KS,Scott County,rural  ,Midwest,West North Central,717.585,5110,3170,4.506041,
2001,20171,KS,Scott County,rural  ,Midwest,West North Central,717.585,5110,3170,4.506041,
2002,20171,KS,Scott County,rural,Midwest,West North Central,717.585,4960,3114,4.382117,
2003,20171,KS,Scott County,rural,Midwest,West North Central,717.585,4865,3094,4.285007,
2004,20171,KS,Scott County,rural,Midwest,West North Central,717.585,4713,3031,4.182405,
2005,20171,KS,Scott County,rural,Midwest,West North Central,717.585,4771,3030,4.078977,
2006,20171,KS,Scott County,rural,Midwest,West North Central,717.585,4738,2961,4.924811,
2007,20171,KS,Scott County,rural,Midwest,West North Central,717.585,4707,2928,5.805459,
2008,20171,KS,Scott County,rural,Midwest,West North Central,717.585,4729,2911,6.650012,
2009,20171,KS,Scott County,rural,Midwest,West North Central,717.585,4823,2925,7.528077,
2010,20171,KS,Scott County,Rural,Midwest,West North Central,717.585,4936,2993,8.487722,
2011,20171,KS,Scott County,rural,Midwest,West North Central,717.585,4960,3010,9.262819,
2012,20171,KS,Scott County, rural,Midwest,West North Central,717.585,4923,2995,10.17842,
2013,20171,KS,Scott County,rural,Midwest,West North Central,717.585,4889,2973,11.19413,
2014,20171,KS,Scott County,  RURAL ,Midwest,West North Central,717.585,4943,3017,11.19413,
2015,20171,KS,Scott County,rural,Midwest,West North Central,717.585,5003,2995,11.19413,
2016,20171,KS,Scott County,rural,Midwest,West North Central,717.585,4989,2965,,
1970,20173,KS,Sedgwick County,small/mid,Midwest,West North Central,997.494,349538,218222,211,
1971,20173,KS,Sedgwick County,small/mid,Midwest,West North Central,997.494,344931,216844,205.25,
1972,20173,KS,Sedgwick County,small/mid,Midwest,West North Central,997.494,339896,215661,199.5,
1973,20173,KS,Sedgwick County,small/mid,Midwest,West North Central,997.494,340792,218639,193.75,
1974,20173,KS,Sedgwick County,small/mid,Midwest,West North Central,997.494,346727,225427,188,
1975,20173,KS,Sedgwick County,small/mid,Midwest,West North Central,997.494,350325,230479,683,
1975,20173,,,,,,,,,182.25,
1976,20173,KS,Sedgwick County,small/mid,Midwest,West North Central,997.494,355841,236359,176.5,
1977,20173,KS,Sedgwick County,small/mid,Midwest,West North Central,997.494,357105,238375,170.75,
1978,20173,KS,Sedgwick County,small/mid,Midwest,West North Central,997.494,359144,240837,165,
1979,20173,KS,Sedgwick County,Small/mid,Midwest,West North Central,997.494,363976,245184,180.4,
1980,20173,KS,Sedgwick County,small/mid,Midwest,West North Central,997.494,368749,248620,195.8,
1981,20173,KS,Sedgwick County,small/mid,Midwest,West North Central,997.494,374387,251650,211.2,
1982,20173,KS,Sedgwick County,small/mid,Midwest,West North Central,997.494,377354,252600,226.6,
1983,20173,KS,Sedgwick County,small/mid,Midwest,West North Central,997.494,377042,251494,242,
1984,20173,KS,Sedgwick County,small/mid,Midwest,West North Central,997.494,380172,252880,256.5,
1985,20173,KS,Sedgwick County,small/mid,Midwest,West North Central,997.494,383471,253988,271,
1986,20173,KS,Sedgwick County,small/mid,Midwest,West North Central,997.494,385302,254855,298,
1987,20173,KS,Sedgwick County,small/mid,Midwest,West North Central,997.494,389848,256277,173,
1988,20173,KS,Sedgwick County,small/mid,Midwest,West North Central,997.494,394708,258392,262,
1989,20173,KS,Sedgwick County,SMALL/MID,Midwest,West North Central,997.494,401152,260541,245,
1990,20173,KS,Sedgwick County,small/mid,Midwest,West North Central,997.494,404613,261873,322,
1991,20173,KS,Sedgwick County,small/mid,Midwest,West North Central,997.494,411162,264918,494,
1992,20173,KS,Sedgwick County,Small/mid,Midwest,West North Central,997.494,419696,270673,436,
1993,20173,KS,Sedgwick County,small/mid,Midwest,West North Central,997.494,424543,273539,426,
1994,20173,KS,Sedgwick County,small/mid,Midwest,West North Central,997.494,426812,275212,433,
1995,20173,KS,Sedgwick County,small/mid,Midwest,West North Central,997.494,428629,277010,648,
1996,20173,KS,Sedgwick County,small/mid,Midwest,West North Central,997.494,432773,280237,605,
1997,20173,KS,Sedgwick County,small/mid,Midwest,West North Central,997.494,439254,284564,860,
1998,20173,KS,Sedgwick County, small/mid,Midwest,West North Central,997.494,447971,290683,653,
1999,20173,KS,Sedgwick County,small/mid,Midwest,West North Central,997.494,451808,293382,635,
2000,20173,KS,Sedgwick County,small/mid,Midwest,West North Central,997.494,453705,294899,1037,
2001,20173,KS,Sedgwick County,small/mid,Midwest,West North Central,997.494,456887,297800,1026,
2002,20173,KS,Sedgwick County,small/mid,Midwest,West North Central,997.494,461020,301553,1283,
2003,20173,KS,Sedgwick County,small/mid,Midwest,West North Central,997.494,462442,303093,1824,
2003,20173,,,,,,,,,1271,
2004,20173,KS,Sedgwick County,small/mid,Midwest,West North Central,997.494,464021,304751,1337,
2005,20173,KS,Sedgwick County,Small/mid,Midwest,West North Central,997.494,467113,307383,1417,
2006,20173,KS,Sedgwick County,small/mid,Midwest,West North Central,997.494,471659,311028,1505,
2007,20173,KS,Sedgwick County,small/mid,Midwest,West North Central,997.494,478479,315538,1497,
2008,20173,KS,Sedgwick County,small/mid  ,Midwest,West North Central,997.494,486077,320582,1500,
2008,20173,KS,Sedgwick County,small/mid  ,Midwest,West North Central,997.494,486077,320582,1500,
2009,20173,KS,Sedgwick County,small/mid,Midwest,West North Central,997.494,495006,326160,1300,
2010,20173,KS,Sedgwick County,small/mid,Midwest,West North Central,997.494,498358,327902,1606,
2011,20173,KS,Sedgwick County,small/mid,Midwest,West North Central,997.494,499169,328373,1233,
2012,20173,KS,Sedgwick County,small/mid,Midwest,West North Central,997.494,500918,329168,1191,
2013,20173,KS,Sedgwick County, small/mid,Midwest,West North Central,997.494,504112,329799,1199,
2014,20173,KS,Sedgwick County,small/mid,Midwest,West North Central,997.494,506455,329990,1189,
2015,20173,KS,Sedgwick County,small/mid,Midwest,West North Central,997.494,508921,330413,1219,
2016,20173,KS,Sedgwick County,small/mid,Midwest,West North Central,997.494,510715,330832,,
1970,20175,KS,Seward County,rural,Midwest,West North Central,639.333,15852,9767,6,
1971,20175,KS,Seward County,rural,Midwest,West North Central,639.333,16301,10138,7.375,
1972,20175,KS,Seward County,rural,Midwest,West North Central,639.333,16341,10265,8.75,
1972,20175,KS,Seward County,rural,Midwest,West North Central,639.333,16341,10265,8.75,
1973,20175,KS,Seward County,rural,Midwest,West North Central,639.333,16173,10262,10.125,
1974,20175,KS,Seward County,rural,Midwest,West North Central,639.333,16338,10460,11.5,
1975,20175,KS,Seward County,rural,Midwest,West North Central,639.333,16559,10691,12.875,
1976,20175,KS,Seward County,rural,Midwest,West North Central,639.333,16885,10960,14.25,
1977,20175,KS,Seward County,rural,Midwest,West North Central,639.333,17033,11086,15.625,
1978,20175,KS,Seward County,rural  ,Midwest,West North Central,639.333,17143,11199,17,
1979,20175,KS,Seward County,rural,Midwest,West North Central,639.333,17355,11352,16.6,
1980,20175,KS,Seward County,rural,Midwest,West North Central,639.333,17245,11257,16.2,
1981,20175,KS,Seward County,  RURAL ,Midwest,West North Central,639.333,17875,11649,15.8,
1982,20175,KS,Seward County,rural,Midwest,West North Central,639.333,18654,12117,15.4,
1983,20175,KS,Seward County,  RURAL ,Midwest,West North Central,639.333,18691,12106,15,
1984,20175,KS,Seward County,rural,Midwest,West North Central,639.333,18659,12063,17.2,
1985,20175,KS,Seward County, rural,Midwest,West North Central,639.333,19359,12476,19.4,
1986,20175,KS,Seward County,rural,Midwest,West North Central,639.333,19589,12632,21.6,
1987,20175,KS,Seward County,RURAL,Midwest,West North Central,639.333,19510,12513,23.8,
1988,20175,KS,Seward County,rural,Midwest,West North Central,639.333,19359,12382,26,
1989,20175,KS,Seward County,rural,Midwest,West North Central,639.333,19025,12078,28,
1990,20175,KS,Seward County,rural,Midwest,West North Central,639.333,18725,11882,30,
1991,20175,KS,Seward County,rural  ,Midwest,West North Central,639.333,18920,11979,32,
1992,20175,KS,Seward County,rural,Midwest,West North Central,639.333,19227,12186,34,
1993,20175,KS,Seward County,rural,Midwest,West North Central,639.333,19837,12608,36,
1994,20175,KS,Seward County,rural,Midwest,West North Central,639.333,20262,12921,37.66667,
1995,20175,KS,Seward County,rural,Midwest,West North Central,639.333,20737,13304,39.33333,
1996,20175,KS,Seward County,  RURAL ,Midwest,West North Central,639.333,21241,13645,41,
1997,20175,KS,Seward County,rural,Midwest,West North Central,639.333,21694,13927,42.66667,
1998,20175,KS,Seward County,rural,Midwest,West North Central,639.333,21987,14133,44.33333,
1999,20175,KS,Seward County,rural,Midwest,West North Central,639.333,22206,14271,46,
2000,20175,KS,Seward County,rural,Midwest,West North Central,639.333,22616,14526,51.66667,
2001,20175,KS,Seward County, rural,Midwest,West North Central,639.333,22544,14428,57.33333,
2002,20175,KS,Seward County,rural,Midwest,West North Central,639.333,22687,14578,63,
2003,20175,KS,Seward County,rural,Midwest,West North Central,639.333,22647,14540,68.66666,
2004,20175,KS,Seward County,rural,Midwest,West North Central,639.333,22538,14463,74.33334,
2005,20175,KS,Seward County,rural,Midwest,West North Central,639.333,22334,14364,620,
2005,20175,,,,,,,,,80,
2006,20175,KS,Seward County,rural,Midwest,West North Central,639.333,22246,14356,79.25,
2007,20175,KS,Seward County,rural,Midwest,West North Central,639.333,22409,14463,78.5,
2008,20175,KS,Seward County,RURAL,Midwest,West North Central,639.333,22522,14482,77.75,
2009,20175,KS,Seward County, rural,Midwest,West North Central,639.333,22729,14586,77,
2010,20175,KS,Seward County,rural,Midwest,West North Central,639.333,22950,14778,76.25,
2011,20175,KS,Seward County,rural  ,Midwest,West North Central,639.333,22979,14806,75.5,
2012,20175,KS,Seward County,rural,Midwest,West North Central,639.333,23163,14946,74.75,
2013,20175,KS,Seward County,rural,Midwest,West North Central,639.333,23400,15032,74,
2014,20175,KS,Seward County,rural,Midwest,West North Central,639.333,23354,15004,74,
2015,20175,KS,Seward County,rural,Midwest,West North Central,639.333,23297,14924,74,
2016,20175,KS,Seward County,rural,Midwest,West North Central,639.333,23174,14811,,
1970,20177,KS,Shawnee County, small/mid,Midwest,West North Central,543.991,155485,95582,98,
1971,20177,KS,Shawnee County,small/mid,Midwest,West North Central,543.991,156160,96690,97.25,
1972,20177,KS,Shawnee County,Small/mid,Midwest,West North Central,543.991,158800,99422,96.5,
1972,20177,KS,Shawnee County,Small/mid,Midwest,West North Central,543.991,158800,99422,96.5,
1973,20177,KS,Shawnee County,small/mid,Midwest,West North Central,543.991,158092,99925,95.75,
1974,20177,KS,Shawnee County,small/mid,Midwest,West North Central,543.991,149832,94705,95,
1975,20177,KS,Shawnee County,small/mid  ,Midwest,West North Central,543.991,150909,96003,94.25,
1976,20177,KS,Shawnee County,small/mid,Midwest,West North Central,543.991,152957,98438,93.5,
1977,20177,KS,Shawnee County,small/mid,Midwest,West North Central,543.991,152484,98797,92.75,
1978,20177,KS,Shawnee County,small/mid,Midwest,West North Central,543.991,152923,99805,92,
1979,20177,KS,Shawnee County,small/mid,Midwest,West North Central,543.991,153337,100770,95.8,
1980,20177,KS,Shawnee County,small/mid,Midwest,West North Central,543.991,155204,102522,99.6,
1981,20177,KS,Shawnee County,small/mid,Midwest,West North Central,543.991,155796,102850,103.4,
1982,20177,KS,Shawnee County,small/mid,Midwest,West North Central,543.991,156186,102951,107.2,
1983,20177,KS,Shawnee County,  SMALL/MID ,Midwest,West North Central,543.991,156562,103101,111,
1983,20177,KS,Shawnee County,  SMALL/MID ,Midwest,West North Central,543.991,156562,103101,111,
1984,20177,KS,Shawnee County,small/mid,Midwest,West North Central,543.991,157164,103473,124,
1985,20177,KS,Shawnee County,small/mid  ,Midwest,West North Central,543.991,157087,103234,137,
1986,20177,KS,Shawnee County,small/mid,Midwest,West North Central,543.991,157526,103618,123,
1987,20177,KS,Shawnee County,small/mid,Midwest,West North Central,543.991,158754,104043,125,
1988,20177,KS,Shawnee County,small/mid,Midwest,West North Central,543.991,161012,105341,158,
1989,20177,KS,Shawnee County,small/mid  ,Midwest,West North Central,543.991,160293,104316,145,
1989,20177,KS,Shawnee County,small/mid  ,Midwest,West North Central,543.991,160293,104316,145,
1990,20177,KS,Shawnee County,small/mid,Midwest,West North Central,543.991,161304,104830,170,
1991,20177,KS,Shawnee County,small/mid,Midwest,West North Central,543.991,163029,105445,190,
1992,20177,KS,Shawnee County,small/mid,Midwest,West North Central,543.991,164230,106372,774,
1992,20177,,,,,,,,,208,
1993,20177,KS,Shawnee County,small/mid,Midwest,West North Central,543.991,165722,107436,201,
1994,20177,KS,Shawnee County,small/mid,Midwest,West North Central,543.991,167162,108460,260,
1995,20177,KS,Shawnee County,small/mid,Midwest,West North Central,543.991,167735,109209,277,
1996,20177,KS,Shawnee County,small/mid,Midwest,West North Central,543.991,168236,109802,250,
1997,20177,KS,Shawnee County,small/mid,Midwest,West North Central,543.991,168547,110025,290,
1998,20177,KS,Shawnee County,small/mid,Midwest,West North Central,543.991,169356,110643,284,
1999,20177,KS,Shawnee County,small/mid,Midwest,West North Central,543.991,169499,110826,380,
1999,20177,KS,Shawnee County,small/mid,Midwest,West North Central,543.991,169499,110826,380,
2000,20177,KS,Shawnee County,small/mid,Midwest,West North Central,543.991,170027,111342,380,
2001,20177,KS,Shawnee County,small/mid,Midwest,West North Central,543.991,170320,111788,407,
2002,20177,KS,Shawnee County,small/mid,Midwest,West North Central,543.991,170349,111910,409,
2003,20177,KS,Shawnee County,  SMALL/MID ,Midwest,West North Central,543.991,170854,112250,393,
2004,20177,KS,Shawnee County,small/mid,Midwest,West North Central,543.991,171378,112679,429,
2005,20177,KS,Shawnee County,small/mid,Midwest,West North Central,543.991,171893,113109,431,
2006,20177,KS,Shawnee County,small/mid,Midwest,West North Central,543.991,172986,113676,442.75,
2007,20177,KS,Shawnee County,  SMALL/MID ,Midwest,West North Central,543.991,174162,114113,454.5,
2008,20177,KS,Shawnee County,small/mid,Midwest,West North Central,543.991,175449,114642,466.25,
2009,20177,KS,Shawnee County,small/mid,Midwest,West North Central,543.991,176786,115058,478,
2010,20177,KS,Shawnee County,small/mid,Midwest,West North Central,543.991,177934,115482,489.75,
2011,20177,KS,Shawnee County,small/mid,Midwest,West North Central,543.991,178352,115646,501.5,
2011,20177,KS,Shawnee County,small/mid,Midwest,West North Central,543.991,178352,115646,501.5,
2012,20177,KS,Shawnee County,small/mid  ,Midwest,West North Central,543.991,178897,115731,513.25,
2013,20177,KS,Shawnee County,small/mid,Midwest,West North Central,543.991,178943,115068,525,
2014,20177,KS,Shawnee County,small/mid,Midwest,West North Central,543.991,178615,114237,483.5,
2015,20177,KS,Shawnee County,small/mid,Midwest,West North Central,543.991,178487,113584,442,
2016,20177,KS,Shawnee County,small/mid,Midwest,West North Central,543.991,178515,113094,,
1970,20179,KS,Sheridan County,rural,Midwest,West North Central,895.957,3811,2115,0,
1971,20179,KS,Sheridan County,rural,Midwest,West North Central,895.957,3619,2016,0,
1972,20179,KS,Sheridan County,rural,Midwest,West North Central,895.957,3527,1988,0,
1973,20179,KS,Sheridan County,rural,Midwest,West North Central,895.957,3767,2179,0,
1974,20179,KS,Sheridan County,rural,Midwest,West North Central,895.957,3654,2146,0,
1975,20179,KS,Sheridan County,rural,Midwest,West North Central,895.957,3723,2237,0,
1976,20179,KS,Sheridan County,rural,Midwest,West North Central,895.957,3702,2219,0,
1977,20179,KS,Sheridan County,rural,Midwest,West North Central,895.957,3753,2244,0,
1977,20179,KS,Sheridan County,rural,Midwest,West North Central,895.957,3753,2244,0,
1978,20179,KS,Sheridan County,rural,Midwest,West North Central,895.957,3681,2187,0,
1979,20179,KS,Sheridan County,RURAL,Midwest,West North Central,895.957,3628,2152,0,
1980,20179,KS,Sheridan County,rural,Midwest,West North Central,895.957,3518,2074,0,
1981,20179,KS,Sheridan County,rural,Midwest,West North Central,895.957,3402,2002,0,
1982,20179,KS,Sheridan County,  RURAL ,Midwest,West North Central,895.957,3401,1995,0,
1983,20179,KS,Sheridan County,rural,Midwest,West North Central,895.957,3452,2023,0,
1983,20179,KS,Sheridan County,rural,Midwest,West North Central,895.957,3452,2023,0,
1984,20179,KS,Sheridan County, rural,Midwest,West North Central,895.957,3347,1967,0,
1985,20179,KS,Sheridan County,rural,Midwest,West North Central,895.957,3296,1930,0,
1986,20179,KS,Sheridan County,rural,Midwest,West North Central,895.957,3237,1899,0,
1987,20179,KS,Sheridan County,rural,Midwest,West North Central,895.957,3155,1843,0,
1988,20179,KS,Sheridan County, rural,Midwest,West North Central,895.957,3121,1823,0,
1989,20179,KS,Sheridan County,rural,Midwest,West North Central,895.957,3031,1760,0,
1990,20179,KS,Sheridan County,rural,Midwest,West North Central,895.957,3055,1772,0,
1991,20179,KS,Sheridan County,rural,Midwest,West North Central,895.957,3024,1746,0,
1992,20179,KS,Sheridan County,rural,Midwest,West North Central,895.957,3020,1748,0,
1993,20179,KS,Sheridan County,rural,Midwest,West North Central,895.957,2923,1679,3,
1994,20179,KS,Sheridan County,rural,Midwest,West North Central,895.957,2871,1649,3,
1995,20179,KS,Sheridan County,rural,Midwest,West North Central,895.957,2867,1663,3,
1995,20179,KS,Sheridan County,rural,Midwest,West North Central,895.957,2867,1663,3,
1996,20179,KS,Sheridan County,rural,Midwest,West North Central,895.957,2863,1650,3,
1996,20179,KS,Sheridan County,rural,Midwest,West North Central,895.957,2863,1650,3,
1997,20179,KS,Sheridan County,RURAL,Midwest,West North Central,895.957,2863,1658,543,
1997,20179,,,,,,,,,3,
1998,20179,KS,Sheridan County,rural,Midwest,West North Central,895.957,2861,1674,3,
1999,20179,KS,Sheridan County,rural,Midwest,West North Central,895.957,2836,1660,3,
2000,20179,KS,Sheridan County,rural,Midwest,West North Central,895.957,2795,1650,2.833333,
2001,20179,KS,Sheridan County,RURAL,Midwest,West North Central,895.957,2728,1629,529,
2001,20179,,,,,,,,,2.666667,
2002,20179,KS,Sheridan County,rural,Midwest,West North Central,895.957,2675,1584,2.5,
2003,20179,KS,Sheridan County,rural,Midwest,West North Central,895.957,2659,1587,2.333333,
2003,20179,KS,Sheridan County,rural,Midwest,West North Central,895.957,2659,1587,2.333333,
2004,20179,KS,Sheridan County,rural,Midwest,West North Central,895.957,2594,1570,2.166667,
2005,20179,KS,Sheridan County,  RURAL ,Midwest,West North Central,895.957,2618,1580,2,
2006,20179,KS,Sheridan County,Rural,Midwest,West North Central,895.957,2585,1574,1.875,
2007,20179,KS,Sheridan County,rural,Midwest,West North Central,895.957,2578,1544,1.75,
2008,20179,KS,Sheridan County,rural,Midwest,West North Central,895.957,2605,1535,1.625,
2009,20179,KS,Sheridan County,rural,Midwest,West North Central,895.957,2575,1516,1.5,
2010,20179,KS,Sheridan County,rural,Midwest,West North Central,895.957,2544,1478,1.375,
2011,20179,KS,Sheridan County,rural,Midwest,West North Central,895.957,2530,1472,1.25,
2012,20179,KS,Sheridan County,rural,Midwest,West North Central,895.957,2501,1466,1.125,
2013,20179,KS,Sheridan County,rural,Midwest,West North Central,895.957,2491,1456,515,
2013,20179,,,,,,,,,1,
2014,20179,KS,Sheridan County,rural,Midwest,West North Central,895.957,2500,1456,1,
2015,20179,KS,Sheridan County,rural,Midwest,West North Central,895.957,2503,1450,1,
2016,20179,KS,Sheridan County,rural,Midwest,West North Central,895.957,2475,1424,,
1970,20181,KS,Sherman County,rural,Midwest,West North Central,1056.064,7757,4616,1,
1970,20181,KS,Sherman County,rural,Midwest,West North Central,1056.064,7757,4616,1,
1971,20181,KS,Sherman County,rural,Midwest,West North Central,1056.064,7615,4551,1.625,
1971,20181,KS,Sherman County,rural,Midwest,West North Central,1056.064,7615,4551,1.625,
1972,20181,KS,Sherman County,rural,Midwest,West North Central,1056.064,7816,4724,2.25,
1973,20181,KS,Sherman County,rural,Midwest,West North Central,1056.064,7924,4841,529,
1973,20181,,,,,,,,,2.875,
1974,20181,KS,Sherman County,rural,Midwest,West North Central,1056.064,7948,4894,3.5,
1975,20181,KS,Sherman County,rural,Midwest,West North Central,1056.064,8257,5155,4.125,
1976,20181,KS,Sherman County,RURAL,Midwest,West North Central,1056.064,8346,5262,4.75,
1977,20181,KS,Sherman County,RURAL,Midwest,West North Central,1056.064,8407,5337,5.375,
1978,20181,KS,Sherman County,rural,Midwest,West North Central,1056.064,8117,5158,6,
1979,20181,KS,Sherman County,rural,Midwest,West North Central,1056.064,7934,5044,5.8,
1980,20181,KS,Sherman County,rural,Midwest,West North Central,1056.064,7711,4897,5.6,
1981,20181,KS,Sherman County,rural,Midwest,West North Central,1056.064,7488,4735,5.4,
1982,20181,KS,Sherman County,rural,Midwest,West North Central,1056.064,7473,4710,5.2,
1983,20181,KS,Sherman County,rural,Midwest,West North Central,1056.064,7556,4744,5,
1984,20181,KS,Sherman County,rural,Midwest,West North Central,1056.064,7473,4679,4.8,
1985,20181,KS,Sherman County,rural,Midwest,West North Central,1056.064,7356,4587,4.6,
1986,20181,KS,Sherman County,Rural,Midwest,West North Central,1056.064,7113,4427,557,
1986,20181,,,,,,,,,4.4,
1987,20181,KS,Sherman County,rural,Midwest,West North Central,1056.064,7049,4358,4.2,
1988,20181,KS,Sherman County,rural,Midwest,West North Central,1056.064,7052,4338,4,
1989,20181,KS,Sherman County,rural,Midwest,West North Central,1056.064,7002,4275,5,
1990,20181,KS,Sherman County,rural,Midwest,West North Central,1056.064,6929,4208,6,
1991,20181,KS,Sherman County,rural,Midwest,West North Central,1056.064,6841,4160,7,
1992,20181,KS,Sherman County,rural,Midwest,West North Central,1056.064,6844,4135,8,
1993,20181,KS,Sherman County,rural,Midwest,West North Central,1056.064,6912,4222,9,
1994,20181,KS,Sherman County,rural,Midwest,West North Central,1056.064,6974,4292,9.833333,
1995,20181,KS,Sherman County,rural,Midwest,West North Central,1056.064,6895,4252,10.66667,
1996,20181,KS,Sherman County,rural,Midwest,West North Central,1056.064,6865,4246,11.5,
1997,20181,KS,Sherman County,rural,Midwest,West North Central,1056.064,6782,4212,12.33333,
1998,20181,KS,Sherman County,rural,Midwest,West North Central,1056.064,6781,4242,13.16667,
1999,20181,KS,Sherman County,rural,Midwest,West North Central,1056.064,6790,4264,14,
2000,20181,KS,Sherman County,rural,Midwest,West North Central,1056.064,6746,4249,13,
2001,20181,KS,Sherman County,Rural,Midwest,West North Central,1056.064,6606,4182,12,
2002,20181,KS,Sherman County,rural,Midwest,West North Central,1056.064,6396,4082,11,
2003,20181,KS,Sherman County,rural,Midwest,West North Central,1056.064,6293,3998,10,
2004,20181,KS,Sherman County,rural,Midwest,West North Central,1056.064,6186,3925,9,
2005,20181,KS,Sherman County,rural,Midwest,West North Central,1056.064,6155,3892,8,
2006,20181,KS,Sherman County,rural,Midwest,West North Central,1056.064,5979,3784,9.5,
2007,20181,KS,Sherman County,rural,Midwest,West North Central,1056.064,6004,3776,11,
2008,20181,KS,Sherman County,rural,Midwest,West North Central,1056.064,6017,3726,12.5,
2009,20181,KS,Sherman County,rural,Midwest,West North Central,1056.064,6004,3750,14,
2010,20181,KS,Sherman County,Rural,Midwest,West North Central,1056.064,6010,3720,15.5,
2011,20181,KS,Sherman County,rural,Midwest,West North Central,1056.064,6018,3721,17,
2012,20181,KS,Sherman County,rural,Midwest,West North Central,1056.064,6054,3734,18.5,
2013,20181,KS,Sherman County,Rural,Midwest,West North Central,1056.064,6121,3769,20,
2014,20181,KS,Sherman County,rural,Midwest,West North Central,1056.064,6091,3726,20,
2015,20181,KS,Sherman County,rural,Midwest,West North Central,1056.064,6067,3722,20,
2016,20181,KS,Sherman County,rural,Midwest,West North Central,1056.064,5960,3640,,
2016,20181,KS,Sherman County,rural,Midwest,West North Central,1056.064,5960,3640,,
1970,20183,KS,Smith County,rural  ,Midwest,West North Central,895.464,6722,3670,0,
1971,20183,KS,Smith County,rural,Midwest,West North Central,895.464,6608,3617,0,
1972,20183,KS,Smith County,rural,Midwest,West North Central,895.464,6587,3645,0,
1973,20183,KS,Smith County,rural,Midwest,West North Central,895.464,6497,3630,0,
1974,20183,KS,Smith County,rural,Midwest,West North Central,895.464,6404,3601,0,
1975,20183,KS,Smith County,rural,Midwest,West North Central,895.464,6413,3649,0,
1976,20183,KS,Smith County,rural,Midwest,West North Central,895.464,6270,3587,0,
1977,20183,KS,Smith County,Rural,Midwest,West North Central,895.464,6220,3570,0,
1978,20183,KS,Smith County,rural,Midwest,West North Central,895.464,6094,3490,3,
1979,20183,KS,Smith County,rural,Midwest,West North Central,895.464,5982,3432,3,
1980,20183,KS,Smith County,rural  ,Midwest,West North Central,895.464,5914,3389,3,
1981,20183,KS,Smith County,rural,Midwest,West North Central,895.464,5749,3274,3,
1982,20183,KS,Smith County,rural,Midwest,West North Central,895.464,5694,3224,3,
1983,20183,KS,Smith County,rural,Midwest,West North Central,895.464,5715,3214,3,
1984,20183,KS,Smith County,rural,Midwest,West North Central,895.464,5558,3111,3,
1985,20183,KS,Smith County,rural,Midwest,West North Central,895.464,5502,3058,3,
1986,20183,KS,Smith County,rural,Midwest,West North Central,895.464,5431,3003,3,
1987,20183,KS,Smith County,rural,Midwest,West North Central,895.464,5327,2921,3,
1988,20183,KS,Smith County,rural,Midwest,West North Central,895.464,5254,2859,3,
1989,20183,KS,Smith County,rural,Midwest,West North Central,895.464,5197,2791,3.4,
1990,20183,KS,Smith County,rural  ,Midwest,West North Central,895.464,5045,2682,3.8,
1991,20183,KS,Smith County,rural,Midwest,West North Central,895.464,4969,2630,4.2,
1991,20183,KS,Smith County,rural,Midwest,West North Central,895.464,4969,2630,4.2,
1992,20183,KS,Smith County, rural,Midwest,West North Central,895.464,4889,2594,4.6,
1992,20183,KS,Smith County, rural,Midwest,West North Central,895.464,4889,2594,4.6,
1993,20183,KS,Smith County,RURAL,Midwest,West North Central,895.464,4857,2591,5,
1994,20183,KS,Smith County,rural,Midwest,West North Central,895.464,4808,2583,5.333333,
1995,20183,KS,Smith County,rural,Midwest,West North Central,895.464,4795,2608,5.666667,
1996,20183,KS,Smith County,rural  ,Midwest,West North Central,895.464,4757,2589,6,
1997,20183,KS,Smith County,rural,Midwest,West North Central,895.464,4621,2519,6.333333,
1998,20183,KS,Smith County,rural,Midwest,West North Central,895.464,4587,2525,6.666667,
1999,20183,KS,Smith County,Rural,Midwest,West North Central,895.464,4584,2532,7,
2000,20183,KS,Smith County,rural,Midwest,West North Central,895.464,4519,2491,6.5,
2001,20183,KS,Smith County,rural,Midwest,West North Central,895.464,4416,2447,6,
2001,20183,KS,Smith County,rural,Midwest,West North Central,895.464,4416,2447,6,
2002,20183,KS,Smith County,rural,Midwest,West North Central,895.464,4311,2433,5.5,
2003,20183,KS,Smith County,rural,Midwest,West North Central,895.464,4246,2380,5,
2004,20183,KS,Smith County,rural,Midwest,West North Central,895.464,4190,2386,4.5,
2005,20183,KS,Smith County,rural,Midwest,West North Central,895.464,4128,2368,4,
2006,20183,KS,Smith County,rural,Midwest,West North Central,895.464,4052,2311,4,
2007,20183,KS,Smith County,rural,Midwest,West North Central,895.464,4008,2290,4,
2008,20183,KS,Smith County,rural,Midwest,West North Central,895.464,3909,2230,4,
2008,20183,KS,Smith County,rural,Midwest,West North Central,895.464,3909,2230,4,
2009,20183,KS,Smith County,rural,Midwest,West North Central,895.464,3849,2236,4,
2010,20183,KS,Smith County,rural,Midwest,West North Central,895.464,3853,2218,4,
2011,20183,KS,Smith County,rural,Midwest,West North Central,895.464,3860,2224,4,
2012,20183,KS,Smith County,rural,Midwest,West North Central,895.464,3791,2213,4,
2013,20183,KS,Smith County,rural,Midwest,West North Central,895.464,3753,2174,4,
2014,20183,KS,Smith County,rural,Midwest,West North Central,895.464,3699,2129,4,
2015,20183,KS,Smith County,rural,Midwest,West North Central,895.464,3729,2141,4,
2016,20183,KS,Smith County,rural,Midwest,West North Central,895.464,3690,2120,,
1970,20185,KS,Stafford County,rural,Midwest,West North Central,792.046,5919,3413,1,
1971,20185,KS,Stafford County,rural,Midwest,West North Central,792.046,5852,3373,0,
1972,20185,KS,Stafford County,rural,Midwest,West North Central,792.046,6002,3498,0,
1973,20185,KS,Stafford County,rural,Midwest,West North Central,792.046,5672,3276,0,
1974,20185,KS,Stafford County,rural,Midwest,West North Central,792.046,5619,3233,0,
1975,20185,KS,Stafford County, rural,Midwest,West North Central,792.046,5628,3234,0,
1975,20185,KS,Stafford County, rural,Midwest,West North Central,792.046,5628,3234,0,
1976,20185,KS,Stafford County,rural,Midwest,West North Central,792.046,5660,3255,0,
1977,20185,KS,Stafford County, rural,Midwest,West North Central,792.046,5746,3313,0,
1978,20185,KS,Stafford County,rural,Midwest,West North Central,792.046,5662,3241,0,
1979,20185,KS,Stafford County,rural,Midwest,West North Central,792.046,5634,3224,0,
1980,20185,KS,Stafford County,Rural,Midwest,West North Central,792.046,5701,3253,0,
1981,20185,KS,Stafford County,rural,Midwest,West North Central,792.046,5707,3242,0,
1982,20185,KS,Stafford County,rural,Midwest,West North Central,792.046,5833,3302,0,
1983,20185,KS,Stafford County,rural,Midwest,West North Central,792.046,5784,3266,0,
1984,20185,KS,Stafford County,  RURAL ,Midwest,West North Central,792.046,5863,3299,0,
1984,20185,KS,Stafford County,  RURAL ,Midwest,West North Central,792.046,5863,3299,0,
1985,20185,KS,Stafford County,rural,Midwest,West North Central,792.046,5858,3280,0,
1986,20185,KS,Stafford County,  RURAL ,Midwest,West North Central,792.046,5740,3203,0,
1987,20185,KS,Stafford County,rural,Midwest,West North Central,792.046,5521,3061,0,
1988,20185,KS,Stafford County,rural,Midwest,West North Central,792.046,5520,3051,0,
1989,20185,KS,Stafford County,rural,Midwest,West North Central,792.046,5505,3013,0,
1990,20185,KS,Stafford County,rural,Midwest,West North Central,792.046,5317,2889,0,
1991,20185,KS,Stafford County,rural,Midwest,West North Central,792.046,5181,2806,0,
1992,20185,KS,Stafford County,rural,Midwest,West North Central,792.046,5096,2790,0,
1993,20185,KS,Stafford County,rural,Midwest,West North Central,792.046,5151,2859,0,
1994,20185,KS,Stafford County,rural,Midwest,West North Central,792.046,5178,2905,0,
1995,20185,KS,Stafford County,rural,Midwest,West North Central,792.046,5114,2895,0,
1996,20185,KS,Stafford County,rural,Midwest,West North Central,792.046,5053,2865,0,
1997,20185,KS,Stafford County, rural,Midwest,West North Central,792.046,4972,2834,0,
1998,20185,KS,Stafford County, rural,Midwest,West North Central,792.046,4927,2817,0,
1999,20185,KS,Stafford County,rural,Midwest,West North Central,792.046,4865,2800,0,
2000,20185,KS,Stafford County,rural,Midwest,West North Central,792.046,4752,2737,0,
2001,20185,KS,Stafford County,rural,Midwest,West North Central,792.046,4723,2751,0,
2002,20185,KS,Stafford County,rural,Midwest,West North Central,792.046,4646,2763,0,
2003,20185,KS,Stafford County,rural,Midwest,West North Central,792.046,4559,2761,0,
2004,20185,KS,Stafford County,rural  ,Midwest,West North Central,792.046,4468,2773,0,
2005,20185,KS,Stafford County,rural,Midwest,West North Central,792.046,4473,2773,0,
2006,20185,KS,Stafford County,rural,Midwest,West North Central,792.046,4440,2729,0,
2007,20185,KS,Stafford County,rural,Midwest,West North Central,792.046,4460,2697,0,
2008,20185,KS,Stafford County,rural,Midwest,West North Central,792.046,4404,2650,0,
2009,20185,KS,Stafford County,rural,Midwest,West North Central,792.046,4422,2658,0,
2010,20185,KS,Stafford County, rural,Midwest,West North Central,792.046,4439,2664,0,
2011,20185,KS,Stafford County,RURAL,Midwest,West North Central,792.046,4429,2666,0,
2012,20185,KS,Stafford County,rural,Midwest,West North Central,792.046,4382,2631,0,
2012,20185,KS,Stafford County,rural,Midwest,West North Central,792.046,4382,2631,0,
2013,20185,KS,Stafford County,rural  ,Midwest,West North Central,792.046,4352,2589,0,
2014,20185,KS,Stafford County,rural,Midwest,West North Central,792.046,4343,2604,0,
2015,20185,KS,Stafford County,rural  ,Midwest,West North Central,792.046,4286,2588,0,
2016,20185,KS,Stafford County,rural,Midwest,West North Central,792.046,4220,2542,,
1970,20187,KS,Stanton County,Rural,Midwest,West North Central,680.352,2267,1338,5,
1971,20187,KS,Stanton County,rural,Midwest,West North Central,680.352,2208,1302,4.875,
1972,20187,KS,Stanton County,rural,Midwest,West North Central,680.352,2347,1412,4.75,
1972,20187,KS,Stanton County,rural,Midwest,West North Central,680.352,2347,1412,4.75,
1973,20187,KS,Stanton County,rural,Midwest,West North Central,680.352,2315,1399,4.625,
1974,20187,KS,Stanton County,rural,Midwest,West North Central,680.352,2392,1468,4.5,
1975,20187,KS,Stanton County,rural,Midwest,West North Central,680.352,2417,1500,4.375,
1976,20187,KS,Stanton County,rural,Midwest,West North Central,680.352,2476,1563,4.25,
1977,20187,KS,Stanton County,rural,Midwest,West North Central,680.352,2545,1623,4.125,
1977,20187,KS,Stanton County,rural,Midwest,West North Central,680.352,2545,1623,4.125,
1978,20187,KS,Stanton County,rural,Midwest,West North Central,680.352,2444,1564,4,
1979,20187,KS,Stanton County,rural  ,Midwest,West North Central,680.352,2410,1551,3.8,
1980,20187,KS,Stanton County,rural,Midwest,West North Central,680.352,2338,1494,3.6,
1981,20187,KS,Stanton County,rural,Midwest,West North Central,680.352,2352,1497,3.4,
1982,20187,KS,Stanton County,rural,Midwest,West North Central,680.352,2335,1481,3.2,
1983,20187,KS,Stanton County,rural,Midwest,West North Central,680.352,2440,1544,3,
1984,20187,KS,Stanton County,rural,Midwest,West North Central,680.352,2390,1508,2.8,
1984,20187,KS,Stanton County,rural,Midwest,West North Central,680.352,2390,1508,2.8,
1985,20187,KS,Stanton County,rural,Midwest,West North Central,680.352,2381,1497,2.6,
1986,20187,KS,Stanton County,rural,Midwest,West North Central,680.352,2424,1525,2.4,
1987,20187,KS,Stanton County,rural,Midwest,West North Central,680.352,2442,1529,2.2,
1988,20187,KS,Stanton County,rural,Midwest,West North Central,680.352,2416,1508,2,
1989,20187,KS,Stanton County,rural,Midwest,West North Central,680.352,2343,1452,2.8,
1990,20187,KS,Stanton County,rural,Midwest,West North Central,680.352,2334,1444,3.6,
1991,20187,KS,Stanton County,  RURAL ,Midwest,West North Central,680.352,2402,1487,4.4,
1992,20187,KS,Stanton County,rural,Midwest,West North Central,680.352,2338,1437,5.2,
1993,20187,KS,Stanton County,rural,Midwest,West North Central,680.352,2299,1417,6,
1994,20187,KS,Stanton County,rural,Midwest,West North Central,680.352,2376,1467,10.33333,
1995,20187,KS,Stanton County,Rural,Midwest,West North Central,680.352,2394,1493,14.66667,
1996,20187,KS,Stanton County,rural,Midwest,West North Central,680.352,2408,1495,19,
1997,20187,KS,Stanton County, rural,Midwest,West North Central,680.352,2439,1516,23.33333,
1998,20187,KS,Stanton County,rural,Midwest,West North Central,680.352,2400,1478,27.66667,
1999,20187,KS,Stanton County,rural,Midwest,West North Central,680.352,2400,1489,32,
1999,20187,KS,Stanton County,rural,Midwest,West North Central,680.352,2400,1489,32,
2000,20187,KS,Stanton County,rural,Midwest,West North Central,680.352,2394,1482,31.16667,
2001,20187,KS,Stanton County,rural,Midwest,West North Central,680.352,2410,1478,30.33333,
2002,20187,KS,Stanton County,rural,Midwest,West North Central,680.352,2421,1485,29.5,
2003,20187,KS,Stanton County,rural,Midwest,West North Central,680.352,2366,1464,28.66667,
2003,20187,KS,Stanton County,rural,Midwest,West North Central,680.352,2366,1464,28.66667,
2004,20187,KS,Stanton County,rural,Midwest,West North Central,680.352,2354,1454,27.83333,
2005,20187,KS,Stanton County,rural,Midwest,West North Central,680.352,2252,1374,27,
2005,20187,KS,Stanton County,rural,Midwest,West North Central,680.352,2252,1374,27,
2006,20187,KS,Stanton County,rural,Midwest,West North Central,680.352,2212,1363,24,
2007,20187,KS,Stanton County,rural,Midwest,West North Central,680.352,2176,1343,21,
2008,20187,KS,Stanton County,rural,Midwest,West North Central,680.352,2169,1334,18,
2009,20187,KS,Stanton County,rural,Midwest,West North Central,680.352,2174,1325,15,
2010,20187,KS,Stanton County,RURAL,Midwest,West North Central,680.352,2236,1351,12,
2011,20187,KS,Stanton County,rural,Midwest,West North Central,680.352,2245,1361,9,
2012,20187,KS,Stanton County,rural,Midwest,West North Central,680.352,2212,1345,6,
2013,20187,KS,Stanton County,rural,Midwest,West North Central,680.352,2154,1301,3,
2014,20187,KS,Stanton County,rural,Midwest,West North Central,680.352,2176,1311,3,
2015,20187,KS,Stanton County,rural,Midwest,West North Central,680.352,2133,1290,3,
2015,20187,KS,Stanton County,rural,Midwest,West North Central,680.352,2133,1290,3,
2016,20187,KS,Stanton County,rural,Midwest,West North Central,680.352,2066,1269,,
1970,20189,KS,Stevens County,rural,Midwest,West North Central,727.264,4166,2606,0,
1971,20189,KS,Stevens County,rural,Midwest,West North Central,727.264,4053,2522,0,
1972,20189,KS,Stevens County,rural,Midwest,West North Central,727.264,4198,2636,0,
1973,20189,KS,Stevens County,rural,Midwest,West North Central,727.264,4269,2689,0,
1974,20189,KS,Stevens County,rural,Midwest,West North Central,727.264,4348,2751,0,
1975,20189,KS,Stevens County,rural,Midwest,West North Central,727.264,4499,2865,0,
1976,20189,KS,Stevens County,rural,Midwest,West North Central,727.264,4488,2848,0,
1976,20189,KS,Stevens County,rural,Midwest,West North Central,727.264,4488,2848,0,
1977,20189,KS,Stevens County,rural,Midwest,West North Central,727.264,4571,2883,0,
1978,20189,KS,Stevens County,rural,Midwest,West North Central,727.264,4576,2858,1,
1979,20189,KS,Stevens County,rural,Midwest,West North Central,727.264,4562,2805,1,
1980,20189,KS,Stevens County,rural,Midwest,West North Central,727.264,4721,2900,1,
1981,20189,KS,Stevens County,rural,Midwest,West North Central,727.264,4655,2854,1,
1982,20189,KS,Stevens County,rural,Midwest,West North Central,727.264,4671,2856,1,
1983,20189,KS,Stevens County,rural,Midwest,West North Central,727.264,4813,2936,1,
1984,20189,KS,Stevens County,rural,Midwest,West North Central,727.264,4846,2949,1.8,
1985,20189,KS,Stevens County,rural,Midwest,West North Central,727.264,4828,2933,2.6,
1986,20189,KS,Stevens County,rural,Midwest,West North Central,727.264,4880,2970,3.4,
1987,20189,KS,Stevens County,rural,Midwest,West North Central,727.264,4945,2995,4.2,
1988,20189,KS,Stevens County,rural,Midwest,West North Central,727.264,5011,3026,5,
1989,20189,KS,Stevens County,rural,Midwest,West North Central,727.264,5024,3010,6,
1990,20189,KS,Stevens County,rural,Midwest,West North Central,727.264,5060,3026,7,
1991,20189,KS,Stevens County,rural,Midwest,West North Central,727.264,5092,3051,8,
1992,20189,KS,Stevens County,rural,Midwest,West North Central,727.264,5187,3114,9,
1993,20189,KS,Stevens County,rural,Midwest,West North Central,727.264,5234,3134,10,
1994,20189,KS,Stevens County,rural,Midwest,West North Central,727.264,5220,3129,9.5,
1995,20189,KS,Stevens County,rural,Midwest,West North Central,727.264,5254,3179,9,
1996,20189,KS,Stevens County,rural,Midwest,West North Central,727.264,5331,3243,8.5,
1997,20189,KS,Stevens County,rural,Midwest,West North Central,727.264,5363,3280,8,
1998,20189,KS,Stevens County,rural,Midwest,West North Central,727.264,5439,3335,7.5,
1999,20189,KS,Stevens County,Rural,Midwest,West North Central,727.264,5423,3325,7,
2000,20189,KS,Stevens County,rural,Midwest,West North Central,727.264,5460,3343,8.166667,
2001,20189,KS,Stevens County,Rural,Midwest,West North Central,727.264,5428,3327,9.333333,
2002,20189,KS,Stevens County,rural,Midwest,West North Central,727.264,5442,3336,10.5,
2003,20189,KS,Stevens County,Rural,Midwest,West North Central,727.264,5473,3352,564,
2003,20189,,,,,,,,,11.66667,
2004,20189,KS,Stevens County,rural,Midwest,West North Central,727.264,5626,3488,12.83333,
2005,20189,KS,Stevens County,rural,Midwest,West North Central,727.264,5592,3437,14,
2006,20189,KS,Stevens County,RURAL,Midwest,West North Central,727.264,5481,3329,592,
2006,20189,,,,,,,,,13,
2007,20189,KS,Stevens County,rural,Midwest,West North Central,727.264,5397,3278,12,
2008,20189,KS,Stevens County,  RURAL ,Midwest,West North Central,727.264,5440,3315,11,
2009,20189,KS,Stevens County,  RURAL ,Midwest,West North Central,727.264,5592,3446,10,
2010,20189,KS,Stevens County,rural,Midwest,West North Central,727.264,5726,3522,9,
2011,20189,KS,Stevens County,rural,Midwest,West North Central,727.264,5752,3542,8,
2012,20189,KS,Stevens County,rural,Midwest,West North Central,727.264,5637,3463,7,
2013,20189,KS,Stevens County,rural,Midwest,West North Central,727.264,5753,3532,6,
2014,20189,KS,Stevens County,rural,Midwest,West North Central,727.264,5819,3548,6,
2015,20189,KS,Stevens County,RURAL,Midwest,West North Central,727.264,5831,3540,6,
2016,20189,KS,Stevens County,rural,Midwest,West North Central,727.264,5786,3491,,
1970,20191,KS,Sumner County,small/mid,Midwest,West North Central,1181.633,23420,13436,24,
1971,20191,KS,Sumner County,small/mid,Midwest,West North Central,1181.633,22880,13143,22.125,
1972,20191,KS,Sumner County,small/mid,Midwest,West North Central,1181.633,23383,13607,20.25,
1973,20191,KS,Sumner County,small/mid,Midwest,West North Central,1181.633,23247,13635,18.375,
1974,20191,KS,Sumner County,small/mid,Midwest,West North Central,1181.633,23300,13760,16.5,
1975,20191,KS,Sumner County,small/mid,Midwest,West North Central,1181.633,23492,13981,14.625,
1976,20191,KS,Sumner County,small/mid,Midwest,West North Central,1181.633,23592,14122,12.75,
1977,20191,KS,Sumner County, small/mid,Midwest,West North Central,1181.633,23776,14262,10.875,
1978,20191,KS,Sumner County,small/mid,Midwest,West North Central,1181.633,24391,14701,9,
1979,20191,KS,Sumner County,small/mid,Midwest,West North Central,1181.633,24577,14873,11.6,
1980,20191,KS,Sumner County,small/mid,Midwest,West North Central,1181.633,25032,15166,14.2,
1981,20191,KS,Sumner County,small/mid,Midwest,West North Central,1181.633,25317,15299,16.8,
1982,20191,KS,Sumner County,small/mid,Midwest,West North Central,1181.633,25461,15340,19.4,
1983,20191,KS,Sumner County,small/mid,Midwest,West North Central,1181.633,25377,15259,22,
1984,20191,KS,Sumner County,small/mid,Midwest,West North Central,1181.633,25235,15153,22.8,
1985,20191,KS,Sumner County,small/mid,Midwest,West North Central,1181.633,25218,15096,23.6,
1986,20191,KS,Sumner County,small/mid,Midwest,West North Central,1181.633,25326,15160,24.4,
1987,20191,KS,Sumner County,small/mid,Midwest,West North Central,1181.633,25463,15170,578,
1987,20191,,,,,,,,,25.2,
1988,20191,KS,Sumner County,small/mid,Midwest,West North Central,1181.633,25637,15241,26,
1989,20191,KS,Sumner County,small/mid,Midwest,West North Central,1181.633,25792,15234,29.8,
1990,20191,KS,Sumner County,small/mid,Midwest,West North Central,1181.633,25845,15247,33.6,
1991,20191,KS,Sumner County,small/mid,Midwest,West North Central,1181.633,25883,15274,37.4,
1992,20191,KS,Sumner County,small/mid,Midwest,West North Central,1181.633,25907,15361,41.2,
1992,20191,KS,Sumner County,small/mid,Midwest,West North Central,1181.633,25907,15361,41.2,
1993,20191,KS,Sumner County,small/mid,Midwest,West North Central,1181.633,25973,15468,45,
1994,20191,KS,Sumner County,small/mid,Midwest,West North Central,1181.633,25951,15520,46.66667,
1995,20191,KS,Sumner County,small/mid,Midwest,West North Central,1181.633,25900,15591,48.33333,
1996,20191,KS,Sumner County,small/mid,Midwest,West North Central,1181.633,26019,15757,50,
1997,20191,KS,Sumner County,small/mid,Midwest,West North Central,1181.633,26041,15877,51.66667,
1998,20191,KS,Sumner County,small/mid,Midwest,West North Central,1181.633,26183,15996,53.33333,
1998,20191,KS,Sumner County,small/mid,Midwest,West North Central,1181.633,26183,15996,53.33333,
1999,20191,KS,Sumner County,small/mid,Midwest,West North Central,1181.633,25974,15916,55,
2000,20191,KS,Sumner County,SMALL/MID,Midwest,West North Central,1181.633,25946,15967,50,
2001,20191,KS,Sumner County,small/mid,Midwest,West North Central,1181.633,25704,15884,54,
2002,20191,KS,Sumner County,small/mid,Midwest,West North Central,1181.633,25500,15755,35,
2003,20191,KS,Sumner County,small/mid,Midwest,West North Central,1181.633,25248,15672,40,
2004,20191,KS,Sumner County,Small/mid,Midwest,West North Central,1181.633,25146,15751,40,
2005,20191,KS,Sumner County,small/mid,Midwest,West North Central,1181.633,24795,15681,40,
2005,20191,KS,Sumner County,small/mid,Midwest,West North Central,1181.633,24795,15681,40,
2006,20191,KS,Sumner County,small/mid,Midwest,West North Central,1181.633,24493,15545,53.875,
2007,20191,KS,Sumner County,small/mid,Midwest,West North Central,1181.633,24290,15453,67.75,
2008,20191,KS,Sumner County,small/mid,Midwest,West North Central,1181.633,24238,15449,81.625,
2009,20191,KS,Sumner County,small/mid,Midwest,West North Central,1181.633,24160,15301,95.5,
2010,20191,KS,Sumner County,small/mid,Midwest,West North Central,1181.633,24137,15202,109.375,
2011,20191,KS,Sumner County,small/mid,Midwest,West North Central,1181.633,24117,15191,123.25,
2012,20191,KS,Sumner County,small/mid,Midwest,West North Central,1181.633,23785,14991,137.125,
2013,20191,KS,Sumner County,small/mid,Midwest,West North Central,1181.633,23635,14847,151,
2014,20191,KS,Sumner County,small/mid,Midwest,West North Central,1181.633,23535,14796,151,
2015,20191,KS,Sumner County,  SMALL/MID ,Midwest,West North Central,1181.633,23379,14659,151,
2016,20191,KS,Sumner County,small/mid,Midwest,West North Central,1181.633,23406,14592,,
1970,20193,KS,Thomas County,rural,Midwest,West North Central,1074.687,7525,4502,4,
1971,20193,KS,Thomas County,rural,Midwest,West North Central,1074.687,7592,4579,3.75,
1972,20193,KS,Thomas County,rural,Midwest,West North Central,1074.687,7907,4829,3.5,
1973,20193,KS,Thomas County,Rural,Midwest,West North Central,1074.687,7863,4838,3.25,
1974,20193,KS,Thomas County,rural,Midwest,West North Central,1074.687,7899,4895,3,
1975,20193,KS,Thomas County,rural,Midwest,West North Central,1074.687,8055,5044,2.75,
1975,20193,KS,Thomas County,rural,Midwest,West North Central,1074.687,8055,5044,2.75,
1976,20193,KS,Thomas County,rural,Midwest,West North Central,1074.687,8246,5219,2.5,
1976,20193,KS,Thomas County,rural,Midwest,West North Central,1074.687,8246,5219,2.5,
1977,20193,KS,Thomas County,rural  ,Midwest,West North Central,1074.687,8410,5361,2.25,
1978,20193,KS,Thomas County,  RURAL ,Midwest,West North Central,1074.687,8414,5389,2,
1979,20193,KS,Thomas County,rural,Midwest,West North Central,1074.687,8371,5350,2.2,
1980,20193,KS,Thomas County,rural,Midwest,West North Central,1074.687,8447,5402,2.4,
1981,20193,KS,Thomas County,Rural,Midwest,West North Central,1074.687,8391,5343,2.6,
1982,20193,KS,Thomas County,rural,Midwest,West North Central,1074.687,8585,5442,2.8,
1983,20193,KS,Thomas County,rural,Midwest,West North Central,1074.687,8828,5575,3,
1984,20193,KS,Thomas County,rural,Midwest,West North Central,1074.687,8742,5500,3.2,
1985,20193,KS,Thomas County,rural,Midwest,West North Central,1074.687,8673,5441,3.4,
1986,20193,KS,Thomas County,rural,Midwest,West North Central,1074.687,8589,5379,3.6,
1987,20193,KS,Thomas County,Rural,Midwest,West North Central,1074.687,8400,5226,3.8,
1988,20193,KS,Thomas County,rural,Midwest,West North Central,1074.687,8395,5200,4,
1989,20193,KS,Thomas County,rural,Midwest,West North Central,1074.687,8226,5051,4.2,
1990,20193,KS,Thomas County,rural,Midwest,West North Central,1074.687,8283,5070,4.4,
1991,20193,KS,Thomas County,rural,Midwest,West North Central,1074.687,8375,5145,4.6,
1992,20193,KS,Thomas County,rural,Midwest,West North Central,1074.687,8374,5174,4.8,
1993,20193,KS,Thomas County,rural,Midwest,West North Central,1074.687,8302,5143,5,
1994,20193,KS,Thomas County,rural,Midwest,West North Central,1074.687,8442,5262,5.5,
1995,20193,KS,Thomas County,rural,Midwest,West North Central,1074.687,8465,5328,6,
1996,20193,KS,Thomas County,rural,Midwest,West North Central,1074.687,8473,5373,6.5,
1997,20193,KS,Thomas County,rural,Midwest,West North Central,1074.687,8342,5297,7,
1998,20193,KS,Thomas County,rural,Midwest,West North Central,1074.687,8230,5233,7.5,
1999,20193,KS,Thomas County, rural,Midwest,West North Central,1074.687,8177,5215,8,
2000,20193,KS,Thomas County,rural,Midwest,West North Central,1074.687,8179,5240,8.333333,
2001,20193,KS,Thomas County,rural,Midwest,West North Central,1074.687,8164,5254,8.666667,
2002,20193,KS,Thomas County,  RURAL ,Midwest,West North Central,1074.687,8119,5232,9,
2003,20193,KS,Thomas County,rural,Midwest,West North Central,1074.687,8040,5179,9.333333,
2004,20193,KS,Thomas County,RURAL,Midwest,West North Central,1074.687,7919,5130,9.666667,
2004,20193,KS,Thomas County,RURAL,Midwest,West North Central,1074.687,7919,5130,9.666667,
2005,20193,KS,Thomas County,rural,Midwest,West North Central,1074.687,7768,5064,10,
2006,20193,KS,Thomas County,rural,Midwest,West North Central,1074.687,7726,5012,11,
2006,20193,KS,Thomas County,rural,Midwest,West North Central,1074.687,7726,5012,11,
2007,20193,KS,Thomas County,rural,Midwest,West North Central,1074.687,7681,5038,12,
2008,20193,KS,Thomas County,rural,Midwest,West North Central,1074.687,7685,5031,13,
2009,20193,KS,Thomas County,rural,Midwest,West North Central,1074.687,7753,5073,14,
2010,20193,KS,Thomas County,rural,Midwest,West North Central,1074.687,7902,5178,15,
2011,20193,KS,Thomas County,rural,Midwest,West North Central,1074.687,7930,5215,16,
2012,20193,KS,Thomas County,rural,Midwest,West North Central,1074.687,7939,5247,17,
2013,20193,KS,Thomas County,Rural,Midwest,West North Central,1074.687,7931,5242,18,
2014,20193,KS,Thomas County,rural,Midwest,West North Central,1074.687,7933,5225,17.5,
2015,20193,KS,Thomas County,rural,Midwest,West North Central,1074.687,7828,5115,17,
2016,20193,KS,Thomas County,rural,Midwest,West North Central,1074.687,7875,5094,,
1970,20195,KS,Trego County,rural,Midwest,West North Central,889.476,4424,2548,13.43882,
1971,20195,KS,Trego County,rural,Midwest,West North Central,889.476,4420,2565,12.5835,
1971,20195,KS,Trego County,rural,Midwest,West North Central,889.476,4420,2565,12.5835,
1972,20195,KS,Trego County,rural,Midwest,West North Central,889.476,4435,2592,11.45514,
1973,20195,KS,Trego County,rural,Midwest,West North Central,889.476,4276,2506,10.67049,
1974,20195,KS,Trego County,rural,Midwest,West North Central,889.476,4288,2530,9.874513,
1975,20195,KS,Trego County,rural,Midwest,West North Central,889.476,4289,2550,8.953944,
1976,20195,KS,Trego County,  RURAL ,Midwest,West North Central,889.476,4167,2481,7.868684,
1977,20195,KS,Trego County,rural,Midwest,West North Central,889.476,4233,2516,6.961522,
1977,20195,KS,Trego County,rural,Midwest,West North Central,889.476,4233,2516,6.961522,
1978,20195,KS,Trego County,rural,Midwest,West North Central,889.476,4130,2435,6.046111,
1979,20195,KS,Trego County,rural,Midwest,West North Central,889.476,4131,2414,5.122268,
1980,20195,KS,Trego County,rural,Midwest,West North Central,889.476,4173,2442,4.243513,
1981,20195,KS,Trego County,rural,Midwest,West North Central,889.476,4195,2440,3.380009,
1982,20195,KS,Trego County,rural,Midwest,West North Central,889.476,4217,2436,2.491925,
1982,20195,KS,Trego County,rural,Midwest,West North Central,889.476,4217,2436,2.491925,
1983,20195,KS,Trego County,rural,Midwest,West North Central,889.476,4274,2456,1.600695,
1984,20195,KS,Trego County,rural,Midwest,West North Central,889.476,4306,2463,1.393949,
1985,20195,KS,Trego County,rural  ,Midwest,West North Central,889.476,4169,2363,1.169802,
1986,20195,KS,Trego County,rural,Midwest,West North Central,889.476,4011,2266,0.9523231,
1987,20195,KS,Trego County,rural,Midwest,West North Central,889.476,3913,2187,0.7381389,
1988,20195,KS,Trego County,rural,Midwest,West North Central,889.476,3846,2135,0.5256032,
1989,20195,KS,Trego County,rural,Midwest,West North Central,889.476,3740,2047,0.5227273,
1990,20195,KS,Trego County,rural,Midwest,West North Central,889.476,3683,2006,0.5214453,
1991,20195,KS,Trego County,rural,Midwest,West North Central,889.476,3618,1976,0.5227513,
1991,20195,KS,Trego County,rural,Midwest,West North Central,889.476,3618,1976,0.5227513,
1992,20195,KS,Trego County,rural,Midwest,West North Central,889.476,3573,1965,0.5248398,
1993,20195,KS,Trego County,rural,Midwest,West North Central,889.476,3570,1991,0.5300852,
1994,20195,KS,Trego County,rural,Midwest,West North Central,889.476,3553,1999,0.7924154,
1995,20195,KS,Trego County,rural,Midwest,West North Central,889.476,3549,2036,1.070171,
1996,20195,KS,Trego County,rural,Midwest,West North Central,889.476,3522,2041,1.344178,
1997,20195,KS,Trego County,rural,Midwest,West North Central,889.476,3442,2013,1.601857,
1998,20195,KS,Trego County,rural,Midwest,West North Central,889.476,3411,2003,1.878483,
1999,20195,KS,Trego County,rural,Midwest,West North Central,889.476,3400,2010,2.153187,
2000,20195,KS,Trego County,rural,Midwest,West North Central,889.476,3280,1935,1.583038,
2000,20195,KS,Trego County,rural,Midwest,West North Central,889.476,3280,1935,1.583038,
2001,20195,KS,Trego County,rural,Midwest,West North Central,889.476,3225,1903,2.631361,
2002,20195,KS,Trego County,rural  ,Midwest,West North Central,889.476,3137,1861,3.64902,
2003,20195,KS,Trego County,rural,Midwest,West North Central,889.476,3097,1859,2.641375,
2003,20195,KS,Trego County,rural,Midwest,West North Central,889.476,3097,1859,2.641375,
2004,20195,KS,Trego County,rural,Midwest,West North Central,889.476,3120,1874,1.593086,
2005,20195,KS,Trego County,rural,Midwest,West North Central,889.476,3025,1840,2.111302,
2006,20195,KS,Trego County,rural,Midwest,West North Central,889.476,2991,1836,2.644009,
2007,20195,KS,Trego County,rural,Midwest,West North Central,889.476,2971,1821,3.193803,
2008,20195,KS,Trego County,rural,Midwest,West North Central,889.476,2943,1813,3.791754,
2009,20195,KS,Trego County,rural,Midwest,West North Central,889.476,2985,1860,4.35215,
2009,20195,KS,Trego County,rural,Midwest,West North Central,889.476,2985,1860,4.35215,
2010,20195,KS,Trego County,rural,Midwest,West North Central,889.476,3006,1835,4.895531,
2011,20195,KS,Trego County,rural,Midwest,West North Central,889.476,3006,1842,5.398992,
2012,20195,KS,Trego County,rural,Midwest,West North Central,889.476,2953,1825,5.922062,
2012,20195,KS,Trego County,rural,Midwest,West North Central,889.476,2953,1825,5.922062,
2013,20195,KS,Trego County,rural,Midwest,West North Central,889.476,2941,1802,6.423593,
2014,20195,KS,Trego County,rural,Midwest,West North Central,889.476,2945,1795,6.423593,
2015,20195,KS,Trego County,rural,Midwest,West North Central,889.476,2895,1779,6.423593,
2016,20195,KS,Trego County,rural,Midwest,West North Central,889.476,2906,1771,,
1970,20197,KS,Wabaunsee County, small/mid,Midwest,West North Central,794.361,6429,3496,0,
1971,20197,KS,Wabaunsee County,small/mid,Midwest,West North Central,794.361,6548,3599,0,
1972,20197,KS,Wabaunsee County,small/mid,Midwest,West North Central,794.361,6926,3904,0,
1973,20197,KS,Wabaunsee County, small/mid,Midwest,West North Central,794.361,6559,3693,0,
1974,20197,KS,Wabaunsee County,small/mid,Midwest,West North Central,794.361,6526,3702,0,
1975,20197,KS,Wabaunsee County,small/mid,Midwest,West North Central,794.361,6531,3745,0,
1976,20197,KS,Wabaunsee County,small/mid,Midwest,West North Central,794.361,6527,3765,0,
1976,20197,KS,Wabaunsee County,small/mid,Midwest,West North Central,794.361,6527,3765,0,
1977,20197,KS,Wabaunsee County,  SMALL/MID ,Midwest,West North Central,794.361,6675,3894,0,
1977,20197,KS,Wabaunsee County,  SMALL/MID ,Midwest,West North Central,794.361,6675,3894,0,
1978,20197,KS,Wabaunsee County,small/mid,Midwest,West North Central,794.361,6653,3917,2,
1979,20197,KS,Wabaunsee County,small/mid,Midwest,West North Central,794.361,6761,4014,1.8,
1980,20197,KS,Wabaunsee County,small/mid,Midwest,West North Central,794.361,6832,4087,1.6,
1981,20197,KS,Wabaunsee County,small/mid,Midwest,West North Central,794.361,6656,3977,1.4,
1982,20197,KS,Wabaunsee County,small/mid,Midwest,West North Central,794.361,6651,3972,1.2,
1983,20197,KS,Wabaunsee County,small/mid,Midwest,West North Central,794.361,6764,4042,1,
1984,20197,KS,Wabaunsee County,small/mid,Midwest,West North Central,794.361,6774,4056,1,
1985,20197,KS,Wabaunsee County,small/mid,Midwest,West North Central,794.361,6771,4048,1,
1986,20197,KS,Wabaunsee County,small/mid,Midwest,West North Central,794.361,6752,4046,515,
1986,20197,,,,,,,,,1,
1987,20197,KS,Wabaunsee County,small/mid,Midwest,West North Central,794.361,6741,4034,1,
1987,20197,KS,Wabaunsee County,small/mid,Midwest,West North Central,794.361,6741,4034,1,
1988,20197,KS,Wabaunsee County,small/mid,Midwest,West North Central,794.361,6812,4076,1,
1989,20197,KS,Wabaunsee County,small/mid,Midwest,West North Central,794.361,6693,3985,1.2,
1990,20197,KS,Wabaunsee County,small/mid,Midwest,West North Central,794.361,6581,3927,1.4,
1991,20197,KS,Wabaunsee County,small/mid  ,Midwest,West North Central,794.361,6491,3868,1.6,
1992,20197,KS,Wabaunsee County,small/mid,Midwest,West North Central,794.361,6499,3887,1.8,
1993,20197,KS,Wabaunsee County,Small/mid,Midwest,West North Central,794.361,6622,4001,2,
1994,20197,KS,Wabaunsee County,small/mid,Midwest,West North Central,794.361,6721,4096,2.166667,
1995,20197,KS,Wabaunsee County,SMALL/MID,Midwest,West North Central,794.361,6779,4163,2.333333,
1996,20197,KS,Wabaunsee County,small/mid,Midwest,West North Central,794.361,6839,4225,2.5,
1997,20197,KS,Wabaunsee County,small/mid,Midwest,West North Central,794.361,6897,4297,2.666667,
1998,20197,KS,Wabaunsee County,small/mid,Midwest,West North Central,794.361,6855,4309,2.833333,
1999,20197,KS,Wabaunsee County,small/mid,Midwest,West North Central,794.361,6864,4326,3,
2000,20197,KS,Wabaunsee County,small/mid,Midwest,West North Central,794.361,6868,4348,5.333333,
2000,20197,KS,Wabaunsee County,small/mid,Midwest,West North Central,794.361,6868,4348,5.333333,
2001,20197,KS,Wabaunsee County,small/mid,Midwest,West North Central,794.361,6801,4306,7.666667,
2002,20197,KS,Wabaunsee County,small/mid,Midwest,West North Central,794.361,6750,4282,10,
2003,20197,KS,Wabaunsee County,  SMALL/MID ,Midwest,West North Central,794.361,6759,4304,12.33333,
2004,20197,KS,Wabaunsee County,small/mid,Midwest,West North Central,794.361,6823,4370,14.66667,
2005,20197,KS,Wabaunsee County,small/mid,Midwest,West North Central,794.361,6925,4446,17,
2006,20197,KS,Wabaunsee County,small/mid  ,Midwest,West North Central,794.361,6845,4377,15.5,
2007,20197,KS,Wabaunsee County,small/mid,Midwest,West North Central,794.361,6998,4449,14,
2007,20197,KS,Wabaunsee County,small/mid,Midwest,West North Central,794.361,6998,4449,14,
2008,20197,KS,Wabaunsee County,small/mid,Midwest,West North Central,794.361,7077,4490,12.5,
2009,20197,KS,Wabaunsee County,small/mid,Midwest,West North Central,794.361,7059,4441,11,
2010,20197,KS,Wabaunsee County,small/mid,Midwest,West North Central,794.361,7051,4434,9.5,
2011,20197,KS,Wabaunsee County,small/mid,Midwest,West North Central,794.361,7045,4444,8,
2012,20197,KS,Wabaunsee County,small/mid,Midwest,West North Central,794.361,7031,4446,6.5,
2012,20197,KS,Wabaunsee County,small/mid,Midwest,West North Central,794.361,7031,4446,6.5,
2013,20197,KS,Wabaunsee County,  SMALL/MID ,Midwest,West North Central,794.361,6988,4404,5,
2014,20197,KS,Wabaunsee County,small/mid,Midwest,West North Central,794.361,7019,4397,5,
2015,20197,KS,Wabaunsee County,small/mid,Midwest,West North Central,794.361,6932,4329,571,
2015,20197,,,,,,,,,5,
2016,20197,KS,Wabaunsee County,Small/mid,Midwest,West North Central,794.361,6873,4255,,
1970,20199,KS,Wallace County, rural,Midwest,West North Central,913.652,2210,1254,2,
1971,20199,KS,Wallace County,rural,Midwest,West North Central,913.652,2186,1242,2.023256,
1972,20199,KS,Wallace County,rural,Midwest,West North Central,913.652,2346,1355,2.046512,
1973,20199,KS,Wallace County,rural,Midwest,West North Central,913.652,2141,1229,2.069767,
1974,20199,KS,Wallace County,rural,Midwest,West North Central,913.652,2122,1227,529,
1974,20199,,,,,,,,,2.093023,
1975,20199,KS,Wallace County,rural,Midwest,West North Central,913.652,2108,1217,2.116279,
1976,20199,KS,Wallace County,Rural,Midwest,West North Central,913.652,2122,1247,2.139535,
1977,20199,KS,Wallace County,rural,Midwest,West North Central,913.652,2045,1209,2.162791,
1978,20199,KS,Wallace County,rural,Midwest,West North Central,913.652,2061,1235,2.186047,
1979,20199,KS,Wallace County,rural,Midwest,West North Central,913.652,2050,1243,2.209302,
1980,20199,KS,Wallace County,rural  ,Midwest,West North Central,913.652,2036,1239,2.232558,
1981,20199,KS,Wallace County,rural,Midwest,West North Central,913.652,1999,1210,2.255814,
1982,20199,KS,Wallace County,rural,Midwest,West North Central,913.652,1980,1199,2.27907,
1983,20199,KS,Wallace County,rural,Midwest,West North Central,913.652,2034,1229,2.302325,
1984,20199,KS,Wallace County,rural,Midwest,West North Central,913.652,2017,1219,2.325581,
1984,20199,KS,Wallace County,rural,Midwest,West North Central,913.652,2017,1219,2.325581,
1985,20199,KS,Wallace County,rural,Midwest,West North Central,913.652,1967,1183,2.348837,
1986,20199,KS,Wallace County,rural,Midwest,West North Central,913.652,1937,1167,2.372093,
1987,20199,KS,Wallace County,rural,Midwest,West North Central,913.652,1941,1162,2.395349,
1988,20199,KS,Wallace County,rural,Midwest,West North Central,913.652,1958,1170,2.418605,
1989,20199,KS,Wallace County,rural,Midwest,West North Central,913.652,1842,1092,2.44186,
1990,20199,KS,Wallace County,rural,Midwest,West North Central,913.652,1813,1075,2.465116,
1991,20199,KS,Wallace County,rural,Midwest,West North Central,913.652,1841,1087,2.488372,
1992,20199,KS,Wallace County,rural,Midwest,West North Central,913.652,1823,1067,2.511628,
1993,20199,KS,Wallace County,RURAL,Midwest,West North Central,913.652,1825,1065,2.534884,
1994,20199,KS,Wallace County,rural,Midwest,West North Central,913.652,1811,1059,2.55814,
1995,20199,KS,Wallace County,rural,Midwest,West North Central,913.652,1799,1057,2.581395,
1996,20199,KS,Wallace County,rural,Midwest,West North Central,913.652,1798,1074,2.604651,
1997,20199,KS,Wallace County,rural,Midwest,West North Central,913.652,1804,1076,2.627907,
1998,20199,KS,Wallace County,rural,Midwest,West North Central,913.652,1801,1071,529,
1998,20199,,,,,,,,,2.651163,
1999,20199,KS,Wallace County,rural,Midwest,West North Central,913.652,1787,1062,2.674419,
2000,20199,KS,Wallace County,rural,Midwest,West North Central,913.652,1733,1035,2.697675,
2001,20199,KS,Wallace County, rural,Midwest,West North Central,913.652,1695,998,2.72093,
2002,20199,KS,Wallace County,rural,Midwest,West North Central,913.652,1671,992,2.744186,
2003,20199,KS,Wallace County,rural,Midwest,West North Central,913.652,1623,968,2.767442,
2004,20199,KS,Wallace County,rural,Midwest,West North Central,913.652,1562,915,2.790698,
2005,20199,KS,Wallace County,rural,Midwest,West North Central,913.652,1531,901,2.813953,
2006,20199,KS,Wallace County,rural,Midwest,West North Central,913.652,1527,917,2.837209,
2007,20199,KS,Wallace County,rural,Midwest,West North Central,913.652,1481,891,2.860465,
2008,20199,KS,Wallace County,Rural,Midwest,West North Central,913.652,1447,852,2.883721,
2009,20199,KS,Wallace County,rural,Midwest,West North Central,913.652,1469,887,2.906977,
2010,20199,KS,Wallace County,Rural,Midwest,West North Central,913.652,1485,894,2.930233,
2011,20199,KS,Wallace County,rural,Midwest,West North Central,913.652,1480,889,2.953488,
2012,20199,KS,Wallace County,rural,Midwest,West North Central,913.652,1525,897,2.976744,
2013,20199,KS,Wallace County,rural,Midwest,West North Central,913.652,1523,894,3,
2014,20199,KS,Wallace County,rural,Midwest,West North Central,913.652,1560,903,3,
2015,20199,KS,Wallace County,rural,Midwest,West North Central,913.652,1502,882,3,
2016,20199,KS,Wallace County,rural,Midwest,West North Central,913.652,1506,877,,
1970,20201,KS,Washington County,rural,Midwest,West North Central,894.761,9165,5069,1,
1971,20201,KS,Washington County,rural,Midwest,West North Central,894.761,8845,4848,1,
1972,20201,KS,Washington County,rural,Midwest,West North Central,894.761,9040,5000,1,
1973,20201,KS,Washington County,rural,Midwest,West North Central,894.761,8853,4885,1,
1974,20201,KS,Washington County,rural,Midwest,West North Central,894.761,8889,4950,1,
1975,20201,KS,Washington County,rural,Midwest,West North Central,894.761,8911,5004,1,
1976,20201,KS,Washington County,  RURAL ,Midwest,West North Central,894.761,8849,4980,1,
1977,20201,KS,Washington County,rural,Midwest,West North Central,894.761,9053,5111,1,
1978,20201,KS,Washington County,rural,Midwest,West North Central,894.761,8928,5027,1,
1979,20201,KS,Washington County,rural,Midwest,West North Central,894.761,8819,4954,1,
1980,20201,KS,Washington County,rural  ,Midwest,West North Central,894.761,8474,4698,1,
1981,20201,KS,Washington County,rural,Midwest,West North Central,894.761,8147,4502,1,
1982,20201,KS,Washington County,rural,Midwest,West North Central,894.761,8153,4489,1,
1983,20201,KS,Washington County,rural,Midwest,West North Central,894.761,8078,4436,1,
1984,20201,KS,Washington County,rural,Midwest,West North Central,894.761,7875,4319,1,
1985,20201,KS,Washington County,rural,Midwest,West North Central,894.761,7743,4229,1,
1986,20201,KS,Washington County,rural,Midwest,West North Central,894.761,7551,4120,1,
1987,20201,KS,Washington County,rural,Midwest,West North Central,894.761,7529,4084,1,
1988,20201,KS,Washington County,rural,Midwest,West North Central,894.761,7492,4046,1,
1989,20201,KS,Washington County,rural,Midwest,West North Central,894.761,7206,3864,1,
1990,20201,KS,Washington County,rural,Midwest,West North Central,894.761,7042,3756,1,
1991,20201,KS,Washington County,rural,Midwest,West North Central,894.761,6945,3689,1,
1992,20201,KS,Washington County,rural,Midwest,West North Central,894.761,6835,3645,1,
1993,20201,KS,Washington County,  RURAL ,Midwest,West North Central,894.761,6808,3635,1,
1994,20201,KS,Washington County,rural,Midwest,West North Central,894.761,6801,3671,1.3,
1995,20201,KS,Washington County,rural,Midwest,West North Central,894.761,6809,3710,1.6,
1996,20201,KS,Washington County,rural,Midwest,West North Central,894.761,6713,3689,1.9,
1997,20201,KS,Washington County,rural,Midwest,West North Central,894.761,6651,3681,2.2,
1998,20201,KS,Washington County,rural,Midwest,West North Central,894.761,6533,3619,2.5,
1999,20201,KS,Washington County,rural,Midwest,West North Central,894.761,6505,3614,2.8,
2000,20201,KS,Washington County,rural,Midwest,West North Central,894.761,6413,3621,3.1,
2001,20201,KS,Washington County,rural,Midwest,West North Central,894.761,6281,3566,3.4,
2002,20201,KS,Washington County,rural,Midwest,West North Central,894.761,6201,3551,3.7,
2003,20201,KS,Washington County,rural,Midwest,West North Central,894.761,6156,3534,4,
2004,20201,KS,Washington County,rural,Midwest,West North Central,894.761,6072,3519,4.3,
2005,20201,KS,Washington County,rural,Midwest,West North Central,894.761,6022,3514,4.6,
2006,20201,KS,Washington County,rural,Midwest,West North Central,894.761,5950,3483,4.9,
2007,20201,KS,Washington County,rural,Midwest,West North Central,894.761,5880,3455,5.2,
2008,20201,KS,Washington County,rural,Midwest,West North Central,894.761,5848,3407,5.5,
2009,20201,KS,Washington County,rural,Midwest,West North Central,894.761,5779,3370,5.8,
2010,20201,KS,Washington County,rural,Midwest,West North Central,894.761,5795,3383,6.1,
2011,20201,KS,Washington County,rural,Midwest,West North Central,894.761,5785,3369,6.4,
2012,20201,KS,Washington County,rural  ,Midwest,West North Central,894.761,5819,3389,6.7,
2013,20201,KS,Washington County,rural,Midwest,West North Central,894.761,5729,3355,7,
2014,20201,KS,Washington County,rural,Midwest,West North Central,894.761,5628,3283,7,
2015,20201,KS,Washington County,rural,Midwest,West North Central,894.761,5612,3245,7,
2016,20201,KS,Washington County,rural,Midwest,West North Central,894.761,5569,3223,,
1970,20203,KS,Wichita County,rural,Midwest,West North Central,718.566,3256,1877,1.449981,
1971,20203,KS,Wichita County,rural,Midwest,West North Central,718.566,3222,1866,1.536997,
1972,20203,KS,Wichita County,rural,Midwest,West North Central,718.566,3499,2064,1.664996,
1973,20203,KS,Wichita County,RURAL,Midwest,West North Central,718.566,3495,2085,1.68734,
1974,20203,KS,Wichita County,rural,Midwest,West North Central,718.566,3527,2126,1.768939,
1975,20203,KS,Wichita County,rural,Midwest,West North Central,718.566,3507,2125,1.802992,
1976,20203,KS,Wichita County,rural,Midwest,West North Central,718.566,3555,2184,1.848693,
1976,20203,KS,Wichita County,rural,Midwest,West North Central,718.566,3555,2184,1.848693,
1977,20203,KS,Wichita County,rural,Midwest,West North Central,718.566,3470,2138,1.86119,
1978,20203,KS,Wichita County,rural,Midwest,West North Central,718.566,3362,2081,1.89936,
1978,20203,KS,Wichita County,rural,Midwest,West North Central,718.566,3362,2081,1.89936,
1979,20203,KS,Wichita County,rural,Midwest,West North Central,718.566,3264,2031,1.942479,
1980,20203,KS,Wichita County,rural,Midwest,West North Central,718.566,3025,1876,1.915236,
1981,20203,KS,Wichita County,rural,Midwest,West North Central,718.566,2951,1818,1.954782,
1982,20203,KS,Wichita County,rural,Midwest,West North Central,718.566,2958,1810,1.988263,
1983,20203,KS,Wichita County,rural,Midwest,West North Central,718.566,3016,1834,529,
1983,20203,,,,,,,,,2.044213,
1984,20203,KS,Wichita County,rural,Midwest,West North Central,718.566,2908,1760,1.778776,
1985,20203,KS,Wichita County,rural,Midwest,West North Central,718.566,2882,1732,1.584146,
1986,20203,KS,Wichita County,rural,Midwest,West North Central,718.566,2845,1704,1.39102,
1986,20203,KS,Wichita County,rural,Midwest,West North Central,718.566,2845,1704,1.39102,
1987,20203,KS,Wichita County, rural,Midwest,West North Central,718.566,2821,1675,1.189115,
1988,20203,KS,Wichita County,rural,Midwest,West North Central,718.566,2863,1691,1.008348,
1989,20203,KS,Wichita County,rural,Midwest,West North Central,718.566,2797,1629,1.13589,
1990,20203,KS,Wichita County,rural,Midwest,West North Central,718.566,2739,1591,1.275754,
1990,20203,KS,Wichita County,rural,Midwest,West North Central,718.566,2739,1591,1.275754,
1991,20203,KS,Wichita County,  RURAL ,Midwest,West North Central,718.566,2692,1557,1.401801,
1992,20203,KS,Wichita County,rural,Midwest,West North Central,718.566,2710,1591,1.551866,
1993,20203,KS,Wichita County,rural  ,Midwest,West North Central,718.566,2739,1631,1.722645,
1994,20203,KS,Wichita County,rural,Midwest,West North Central,718.566,2787,1664,1.861688,
1995,20203,KS,Wichita County,rural,Midwest,West North Central,718.566,2748,1660,1.965865,
1996,20203,KS,Wichita County,rural,Midwest,West North Central,718.566,2678,1622,2.023285,
1997,20203,KS,Wichita County,rural,Midwest,West North Central,718.566,2664,1610,2.126964,
1998,20203,KS,Wichita County,rural,Midwest,West North Central,718.566,2598,1568,2.174154,
1999,20203,KS,Wichita County,rural,Midwest,West North Central,718.566,2533,1525,2.268863,
2000,20203,KS,Wichita County,rural,Midwest,West North Central,718.566,2512,1527,2.227215,
2001,20203,KS,Wichita County,rural,Midwest,West North Central,718.566,2511,1520,2.160625,
2002,20203,KS,Wichita County,rural,Midwest,West North Central,718.566,2453,1505,2.117883,
2002,20203,KS,Wichita County,rural,Midwest,West North Central,718.566,2453,1505,2.117883,
2003,20203,KS,Wichita County,  RURAL ,Midwest,West North Central,718.566,2431,1479,2.048327,
2004,20203,KS,Wichita County, rural,Midwest,West North Central,718.566,2347,1438,515,
2004,20203,,,,,,,,,1.984262,
2005,20203,KS,Wichita County,rural,Midwest,West North Central,718.566,2361,1427,1.921023,
2006,20203,KS,Wichita County,rural,Midwest,West North Central,718.566,2287,1398,2.325189,
2007,20203,KS,Wichita County,rural,Midwest,West North Central,718.566,2264,1359,2.694542,
2008,20203,KS,Wichita County,rural,Midwest,West North Central,718.566,2222,1357,3.099988,
2009,20203,KS,Wichita County,rural,Midwest,West North Central,718.566,2211,1349,3.471923,
2010,20203,KS,Wichita County,rural  ,Midwest,West North Central,718.566,2234,1328,3.762278,
2011,20203,KS,Wichita County,rural,Midwest,West North Central,718.566,2238,1332,4.237181,
2012,20203,KS,Wichita County,rural,Midwest,West North Central,718.566,2257,1366,4.571578,
2013,20203,KS,Wichita County,rural,Midwest,West North Central,718.566,2227,1340,4.805874,
2013,20203,KS,Wichita County,rural,Midwest,West North Central,718.566,2227,1340,4.805874,
2014,20203,KS,Wichita County,rural,Midwest,West North Central,718.566,2190,1307,4.805874,
2015,20203,KS,Wichita County,rural,Midwest,West North Central,718.566,2181,1299,4.805874,
2015,20203,KS,Wichita County,rural,Midwest,West North Central,718.566,2181,1299,4.805874,
2016,20203,KS,Wichita County,rural,Midwest,West North Central,718.566,2160,1297,,
1970,20205,KS,Wilson County,rural,Midwest,West North Central,570.419,11244,6386,0,
1971,20205,KS,Wilson County,rural  ,Midwest,West North Central,570.419,10946,6165,0,
1972,20205,KS,Wilson County,Rural,Midwest,West North Central,570.419,10981,6198,0,
1973,20205,KS,Wilson County,rural,Midwest,West North Central,570.419,11094,6286,0,
1974,20205,KS,Wilson County,rural,Midwest,West North Central,570.419,11344,6473,0,
1975,20205,KS,Wilson County,rural,Midwest,West North Central,570.419,11405,6533,0,
1976,20205,KS,Wilson County,rural,Midwest,West North Central,570.419,11297,6464,0,
1977,20205,KS,Wilson County,rural,Midwest,West North Central,570.419,11808,6819,0,
1978,20205,KS,Wilson County,rural,Midwest,West North Central,570.419,11993,6939,0,
1979,20205,KS,Wilson County,rural,Midwest,West North Central,570.419,11949,6914,0,
1980,20205,KS,Wilson County,  RURAL ,Midwest,West North Central,570.419,12044,6963,0,
1981,20205,KS,Wilson County,rural,Midwest,West North Central,570.419,11681,6742,0,
1982,20205,KS,Wilson County,rural,Midwest,West North Central,570.419,11720,6758,0,
1983,20205,KS,Wilson County,rural,Midwest,West North Central,570.419,11552,6652,13,
1984,20205,KS,Wilson County,rural,Midwest,West North Central,570.419,11381,6558,11.2,
1985,20205,KS,Wilson County,rural,Midwest,West North Central,570.419,11207,6435,9.4,
1985,20205,KS,Wilson County,rural,Midwest,West North Central,570.419,11207,6435,9.4,
1986,20205,KS,Wilson County,rural,Midwest,West North Central,570.419,11090,6375,7.6,
1987,20205,KS,Wilson County,rural,Midwest,West North Central,570.419,10849,6210,5.8,
1988,20205,KS,Wilson County,rural,Midwest,West North Central,570.419,10550,6027,4,
1989,20205,KS,Wilson County,RURAL,Midwest,West North Central,570.419,10494,5967,5.2,
1990,20205,KS,Wilson County,rural,Midwest,West North Central,570.419,10247,5810,6.4,
1990,20205,KS,Wilson County,rural,Midwest,West North Central,570.419,10247,5810,6.4,
1991,20205,KS,Wilson County,rural,Midwest,West North Central,570.419,10066,5649,7.6,
1992,20205,KS,Wilson County,rural,Midwest,West North Central,570.419,10138,5719,8.8,
1993,20205,KS,Wilson County,rural,Midwest,West North Central,570.419,10259,5838,10,
1994,20205,KS,Wilson County,rural,Midwest,West North Central,570.419,10314,5940,13.5,
1995,20205,KS,Wilson County,rural,Midwest,West North Central,570.419,10394,6026,17,
1995,20205,KS,Wilson County,rural,Midwest,West North Central,570.419,10394,6026,17,
1996,20205,KS,Wilson County,rural,Midwest,West North Central,570.419,10418,6078,20.5,
1997,20205,KS,Wilson County,Rural,Midwest,West North Central,570.419,10397,6096,24,
1998,20205,KS,Wilson County,rural,Midwest,West North Central,570.419,10380,6094,27.5,
1999,20205,KS,Wilson County,rural,Midwest,West North Central,570.419,10406,6161,31,
2000,20205,KS,Wilson County,rural,Midwest,West North Central,570.419,10303,6118,37.5,
2001,20205,KS,Wilson County,rural,Midwest,West North Central,570.419,10216,6119,44,
2002,20205,KS,Wilson County,rural,Midwest,West North Central,570.419,10104,6087,50.5,
2003,20205,KS,Wilson County,rural  ,Midwest,West North Central,570.419,10063,6103,57,
2004,20205,KS,Wilson County,rural,Midwest,West North Central,570.419,9784,5974,63.5,
2005,20205,KS,Wilson County,RURAL,Midwest,West North Central,570.419,9772,5993,70,
2006,20205,KS,Wilson County,rural,Midwest,West North Central,570.419,9747,5955,65.875,
2007,20205,KS,Wilson County,rural,Midwest,West North Central,570.419,9783,5966,61.75,
2008,20205,KS,Wilson County,rural,Midwest,West North Central,570.419,9592,5886,57.625,
2009,20205,KS,Wilson County,rural,Midwest,West North Central,570.419,9485,5775,53.5,
2009,20205,KS,Wilson County,rural,Midwest,West North Central,570.419,9485,5775,53.5,
2010,20205,KS,Wilson County,rural,Midwest,West North Central,570.419,9409,5740,49.375,
2011,20205,KS,Wilson County,rural,Midwest,West North Central,570.419,9393,5728,45.25,
2012,20205,KS,Wilson County,rural,Midwest,West North Central,570.419,9242,5624,41.125,
2013,20205,KS,Wilson County,rural,Midwest,West North Central,570.419,9124,5485,37,
2014,20205,KS,Wilson County,rural,Midwest,West North Central,570.419,9094,5465,42.5,
2015,20205,KS,Wilson County,rural,Midwest,West North Central,570.419,8976,5400,48,
2016,20205,KS,Wilson County,rural,Midwest,West North Central,570.419,8852,5299,,
1970,20207,KS,Woodson County,RURAL,Midwest,West North Central,497.82,4778,2621,2,
1971,20207,KS,Woodson County,rural,Midwest,West North Central,497.82,4767,2636,2.307692,
1972,20207,KS,Woodson County,rural,Midwest,West North Central,497.82,4635,2570,2.615385,
1973,20207,KS,Woodson County,rural,Midwest,West North Central,497.82,4643,2608,2.923077,
1974,20207,KS,Woodson County,rural,Midwest,West North Central,497.82,4478,2523,3.230769,
1975,20207,KS,Woodson County,rural,Midwest,West North Central,497.82,4458,2546,3.538461,
1976,20207,KS,Woodson County,rural,Midwest,West North Central,497.82,4384,2489,3.846154,
1977,20207,KS,Woodson County,rural,Midwest,West North Central,497.82,4484,2600,4.153846,
1978,20207,KS,Woodson County,rural,Midwest,West North Central,497.82,4583,2693,4.461538,
1979,20207,KS,Woodson County,rural,Midwest,West North Central,497.82,4657,2762,4.769231,
1979,20207,KS,Woodson County,rural,Midwest,West North Central,497.82,4657,2762,4.769231,
1980,20207,KS,Woodson County,rural,Midwest,West North Central,497.82,4604,2712,5.076923,
1981,20207,KS,Woodson County,rural,Midwest,West North Central,497.82,4610,2692,5.384615,
1982,20207,KS,Woodson County,rural,Midwest,West North Central,497.82,4592,2660,5.692307,
1983,20207,KS,Woodson County,rural,Midwest,West North Central,497.82,4691,2692,6,
1984,20207,KS,Woodson County,rural,Midwest,West North Central,497.82,4713,2686,5.6,
1984,20207,KS,Woodson County,rural,Midwest,West North Central,497.82,4713,2686,5.6,
1985,20207,KS,Woodson County,rural  ,Midwest,West North Central,497.82,4539,2558,5.2,
1986,20207,KS,Woodson County,rural,Midwest,West North Central,497.82,4342,2427,4.8,
1986,20207,KS,Woodson County,rural,Midwest,West North Central,497.82,4342,2427,4.8,
1987,20207,KS,Woodson County,rural,Midwest,West North Central,497.82,4288,2370,4.4,
1988,20207,KS,Woodson County,rural,Midwest,West North Central,497.82,4168,2277,4,
1989,20207,KS,Woodson County,  RURAL ,Midwest,West North Central,497.82,4098,2206,4,
1990,20207,KS,Woodson County,rural,Midwest,West North Central,497.82,4122,2191,4,
1991,20207,KS,Woodson County,rural,Midwest,West North Central,497.82,4048,2142,4,
1992,20207,KS,Woodson County,rural,Midwest,West North Central,497.82,4026,2162,4,
1993,20207,KS,Woodson County,RURAL,Midwest,West North Central,497.82,4034,2197,4,
1994,20207,KS,Woodson County,rural,Midwest,West North Central,497.82,4010,2201,3.833333,
1995,20207,KS,Woodson County,rural,Midwest,West North Central,497.82,4015,2234,3.666667,
1996,20207,KS,Woodson County,rural,Midwest,West North Central,497.82,3958,2225,3.5,
1997,20207,KS,Woodson County,rural,Midwest,West North Central,497.82,3942,2238,3.333333,
1998,20207,KS,Woodson County,rural,Midwest,West North Central,497.82,3903,2249,3.166667,
1999,20207,KS,Woodson County,rural,Midwest,West North Central,497.82,3868,2249,3,
2000,20207,KS,Woodson County,rural,Midwest,West North Central,497.82,3754,2183,3.333333,
2001,20207,KS,Woodson County,rural,Midwest,West North Central,497.82,3742,2184,3.666667,
2002,20207,KS,Woodson County,rural,Midwest,West North Central,497.82,3602,2144,4,
2003,20207,KS,Woodson County,rural,Midwest,West North Central,497.82,3572,2172,4.333333,
2004,20207,KS,Woodson County,rural,Midwest,West North Central,497.82,3485,2129,4.666667,
2005,20207,KS,Woodson County,rural,Midwest,West North Central,497.82,3523,2173,5,
2006,20207,KS,Woodson County,rural,Midwest,West North Central,497.82,3440,2131,4.625,
2007,20207,KS,Woodson County,rural,Midwest,West North Central,497.82,3363,2073,4.25,
2008,20207,KS,Woodson County,Rural,Midwest,West North Central,497.82,3347,2047,3.875,
2009,20207,KS,Woodson County,rural  ,Midwest,West North Central,497.82,3309,2007,3.5,
2010,20207,KS,Woodson County,rural,Midwest,West North Central,497.82,3309,1994,3.125,
2011,20207,KS,Woodson County,rural,Midwest,West North Central,497.82,3309,1986,2.75,
2012,20207,KS,Woodson County,rural,Midwest,West North Central,497.82,3322,1990,2.375,
2013,20207,KS,Woodson County,rural,Midwest,West North Central,497.82,3275,1939,2,
2014,20207,KS,Woodson County,rural,Midwest,West North Central,497.82,3216,1903,2.5,
2015,20207,KS,Woodson County,rural,Midwest,West North Central,497.82,3188,1899,3,
2015,20207,KS,Woodson County,rural,Midwest,West North Central,497.82,3188,1899,3,
2016,20207,KS,Woodson County,rural,Midwest,West North Central,497.82,3145,1883,,
1970,20209,KS,Wyandotte County,suburban,Midwest,West North Central,151.603,186831,112919,122,
1970,20209,KS,Wyandotte County,suburban,Midwest,West North Central,151.603,186831,112919,122,
1971,20209,KS,Wyandotte County,suburban,Midwest,West North Central,151.603,186806,113666,118.875,
1972,20209,KS,Wyandotte County,suburban,Midwest,West North Central,151.603,185882,114132,115.75,
1973,20209,KS,Wyandotte County,suburban,Midwest,West North Central,151.603,184394,114263,112.625,
1974,20209,KS,Wyandotte County,suburban,Midwest,West North Central,151.603,182010,113632,109.5,
1975,20209,KS,Wyandotte County,suburban,Midwest,West North Central,151.603,178639,112233,106.375,
1976,20209,KS,Wyandotte County,suburban,Midwest,West North Central,151.603,178103,112665,103.25,
1977,20209,KS,Wyandotte County,suburban,Midwest,West North Central,151.603,175359,111453,100.125,
1978,20209,KS,Wyandotte County,Suburban,Midwest,West North Central,151.603,173937,110990,97,
1979,20209,KS,Wyandotte County, suburban,Midwest,West North Central,151.603,173051,110894,96.2,
1980,20209,KS,Wyandotte County,suburban,Midwest,West North Central,151.603,172254,110557,95.4,
1981,20209,KS,Wyandotte County,suburban,Midwest,West North Central,151.603,171784,110180,94.6,
1982,20209,KS,Wyandotte County,suburban,Midwest,West North Central,151.603,170995,109469,93.8,
1983,20209,KS,Wyandotte County,suburban,Midwest,West North Central,151.603,170246,108851,93,
1984,20209,KS,Wyandotte County,  SUBURBAN ,Midwest,West North Central,151.603,169423,108257,103.2,
1985,20209,KS,Wyandotte County,suburban,Midwest,West North Central,151.603,169896,108292,113.4,
1986,20209,KS,Wyandotte County,suburban,Midwest,West North Central,151.603,169587,108175,123.6,
1987,20209,KS,Wyandotte County,suburban,Midwest,West North Central,151.603,168252,106857,133.8,
1988,20209,KS,Wyandotte County,suburban,Midwest,West North Central,151.603,166582,105544,144,
1989,20209,KS,Wyandotte County,suburban,Midwest,West North Central,151.603,163637,103001,141,
1990,20209,KS,Wyandotte County,suburban  ,Midwest,West North Central,151.603,161973,101764,240,
1991,20209,KS,Wyandotte County,suburban  ,Midwest,West North Central,151.603,161073,100872,259,
1992,20209,KS,Wyandotte County,suburban,Midwest,West North Central,151.603,160260,100467,281,
1992,20209,KS,Wyandotte County,suburban,Midwest,West North Central,151.603,160260,100467,281,
1993,20209,KS,Wyandotte County,suburban,Midwest,West North Central,151.603,159449,100205,277,
1994,20209,KS,Wyandotte County,suburban,Midwest,West North Central,151.603,158308,99772,296.8333,
1995,20209,KS,Wyandotte County,suburban,Midwest,West North Central,151.603,157887,100080,316.6667,
1996,20209,KS,Wyandotte County,suburban,Midwest,West North Central,151.603,157650,100504,336.5,
1996,20209,KS,Wyandotte County,suburban,Midwest,West North Central,151.603,157650,100504,336.5,
1997,20209,KS,Wyandotte County,suburban,Midwest,West North Central,151.603,157858,100862,356.3333,
1998,20209,KS,Wyandotte County,suburban,Midwest,West North Central,151.603,158228,101526,376.1667,
1999,20209,KS,Wyandotte County, suburban,Midwest,West North Central,151.603,157980,101521,396,
2000,20209,KS,Wyandotte County,suburban,Midwest,West North Central,151.603,157883,101746,327,
2001,20209,KS,Wyandotte County,suburban,Midwest,West North Central,151.603,158372,102371,270,
2001,20209,KS,Wyandotte County,suburban,Midwest,West North Central,151.603,158372,102371,270,
2002,20209,KS,Wyandotte County,suburban,Midwest,West North Central,151.603,157498,102152,327,
2003,20209,KS,Wyandotte County,suburban,Midwest,West North Central,151.603,156276,101544,383,
2004,20209,KS,Wyandotte County,suburban,Midwest,West North Central,151.603,154874,101112,388,
2005,20209,KS,Wyandotte County,Suburban,Midwest,West North Central,151.603,154356,101112,350,
2006,20209,KS,Wyandotte County,suburban,Midwest,West North Central,151.603,153689,101104,331,
2007,20209,KS,Wyandotte County,suburban,Midwest,West North Central,151.603,154267,101510,349,
2008,20209,KS,Wyandotte County,suburban,Midwest,West North Central,151.603,155092,101761,324,
2009,20209,KS,Wyandotte County,suburban,Midwest,West North Central,151.603,156416,102468,320,
2010,20209,KS,Wyandotte County,suburban,Midwest,West North Central,151.603,157505,103163,240,
2011,20209,KS,Wyandotte County,suburban,Midwest,West North Central,151.603,157641,103234,286,
2012,20209,KS,Wyandotte County,suburban,Midwest,West North Central,151.603,158022,103126,334,
2013,20209,KS,Wyandotte County,suburban,Midwest,West North Central,151.603,159471,103606,351,
2014,20209,KS,Wyandotte County,suburban,Midwest,West North Central,151.603,160940,104113,336,
2015,20209,KS,Wyandotte County,SUBURBAN,Midwest,West North Central,151.603,162106,104731,336,
2016,20209,KS,Wyandotte County,suburban,Midwest,West North Central,151.603,163384,105574,,
