year,fips,state,county_name,urbanicity,region,division,land_area,total_pop,total_pop_15to64,total_jail_pop,total_prison_pop
1970,37001,NC,Alamance County,small/mid,South,South Atlantic,423.421,96896,62563,54,
1971,37001,NC,Alamance County,small/mid,South,South Atlantic,423.421,98494,63769,51.875,
1971,37001,NC,Alamance County,small/mid,South,South Atlantic,423.421,98494,63769,51.875,
1972,37001,NC,Alamance County,small/mid,South,South Atlantic,423.421,99745,64896,49.75,
1973,37001,NC,Alamance County,small/mid  ,South,South Atlantic,423.421,99948,65314,47.625,
1974,37001,NC,Alamance County,small/mid,South,South Atlantic,423.421,99282,65162,45.5,
1975,37001,NC,Alamance County,small/mid,South,South Atlantic,423.421,98243,64688,43.375,
1976,37001,NC,Alamance County,small/mid,South,South Atlantic,423.421,98719,65605,41.25,
1977,37001,NC,Alamance County,small/mid,South,South Atlantic,423.421,98505,65770,39.125,
1978,37001,NC,Alamance County,  SMALL/MID ,South,South Atlantic,423.421,98539,66248,37,
1979,37001,NC,Alamance County,small/mid  ,South,South Atlantic,423.421,99048,66997,34.4,
1980,37001,NC,Alamance County,small/mid,South,South Atlantic,423.421,99511,67477,31.8,
1981,37001,NC,Alamance County,small/mid,South,South Atlantic,423.421,100086,67885,29.2,
1982,37001,NC,Alamance County,small/mid,South,South Atlantic,423.421,101000,68454,26.6,
1983,37001,NC,Alamance County,small/mid  ,South,South Atlantic,423.421,101555,68766,24,343
1984,37001,NC,Alamance County,small/mid,South,South Atlantic,423.421,101704,68996,36.8,376
1985,37001,NC,Alamance County,small/mid,South,South Atlantic,423.421,102520,69612,49.6,419
1986,37001,NC,Alamance County,Small/mid,South,South Atlantic,423.421,103517,70247,62.4,502
1987,37001,NC,Alamance County,small/mid,South,South Atlantic,423.421,105076,71210,75.2,468.6
1988,37001,NC,Alamance County,small/mid,South,South Atlantic,423.421,106333,71809,88,435.2
1988,37001,NC,Alamance County,small/mid,South,South Atlantic,423.421,106333,71809,88,435.2
1989,37001,NC,Alamance County,  SMALL/MID ,South,South Atlantic,423.421,107422,72237,101,401.8
1990,37001,NC,Alamance County,small/mid,South,South Atlantic,423.421,108695,72714,121,368.4
1991,37001,NC,Alamance County,small/mid,South,South Atlantic,423.421,110762,73995,142,335
1992,37001,NC,Alamance County,small/mid,South,South Atlantic,423.421,112825,75015,153,382.875
1993,37001,NC,Alamance County,small/mid,South,South Atlantic,423.421,114678,75846,145,430.75
1994,37001,NC,Alamance County,small/mid,South,South Atlantic,423.421,116788,77005,154,478.625
1995,37001,NC,Alamance County,small/mid,South,South Atlantic,423.421,118796,78277,164,526.5
1996,37001,NC,Alamance County,small/mid,South,South Atlantic,423.421,121263,79860,162,574.375
1997,37001,NC,Alamance County,small/mid,South,South Atlantic,423.421,123877,81545,204,622.25
1998,37001,NC,Alamance County,small/mid  ,South,South Atlantic,423.421,126232,83080,216,670.125
1998,37001,NC,Alamance County,small/mid  ,South,South Atlantic,423.421,126232,83080,216,670.125
1999,37001,NC,Alamance County,small/mid,South,South Atlantic,423.421,128743,84760,199,718
2000,37001,NC,Alamance County,small/mid,South,South Atlantic,423.421,131423,86564,215,686
2001,37001,NC,Alamance County,small/mid,South,South Atlantic,423.421,133346,87797,230,741
2002,37001,NC,Alamance County,small/mid,South,South Atlantic,423.421,135239,88991,216,723
2002,37001,NC,Alamance County,small/mid,South,South Atlantic,423.421,135239,88991,216,723
2003,37001,NC,Alamance County,small/mid,South,South Atlantic,423.421,136009,89571,228,735
2004,37001,NC,Alamance County,small/mid,South,South Atlantic,423.421,137619,90911,261,776
2005,37001,NC,Alamance County,small/mid,South,South Atlantic,423.421,139311,92242,255,749
2006,37001,NC,Alamance County,small/mid,South,South Atlantic,423.421,141462,93604,280.75,839
2006,37001,NC,Alamance County,small/mid,South,South Atlantic,423.421,141462,93604,280.75,839
2007,37001,NC,Alamance County,small/mid,South,South Atlantic,423.421,144712,95585,306.5,825
2008,37001,NC,Alamance County,small/mid,South,South Atlantic,423.421,147704,97467,332.25,797
2009,37001,NC,Alamance County,small/mid,South,South Atlantic,423.421,149954,98893,358,817
2010,37001,NC,Alamance County,small/mid,South,South Atlantic,423.421,151198,99672,383.75,764
2011,37001,NC,Alamance County,small/mid,South,South Atlantic,423.421,151490,99850,409.5,728
2012,37001,NC,Alamance County,small/mid  ,South,South Atlantic,423.421,152857,100730,435.25,722
2013,37001,NC,Alamance County,SMALL/MID,South,South Atlantic,423.421,153471,100635,461,687
2014,37001,NC,Alamance County,small/mid,South,South Atlantic,423.421,154417,100868,457,697
2015,37001,NC,Alamance County,small/mid,South,South Atlantic,423.421,155698,101434,453,721
2016,37001,NC,Alamance County,small/mid,South,South Atlantic,423.421,157389,102337,,
1970,37003,NC,Alexander County,small/mid,South,South Atlantic,259.985,19635,12250,5,
1971,37003,NC,Alexander County,small/mid,South,South Atlantic,259.985,20346,12756,6.125,
1972,37003,NC,Alexander County,small/mid,South,South Atlantic,259.985,21184,13401,7.25,
1973,37003,NC,Alexander County,small/mid,South,South Atlantic,259.985,22074,14084,8.375,
1974,37003,NC,Alexander County,SMALL/MID,South,South Atlantic,259.985,22678,14570,9.5,
1975,37003,NC,Alexander County,small/mid,South,South Atlantic,259.985,22899,14776,10.625,
1976,37003,NC,Alexander County,small/mid,South,South Atlantic,259.985,23081,15064,11.75,
1977,37003,NC,Alexander County,small/mid,South,South Atlantic,259.985,23592,15511,12.875,
1978,37003,NC,Alexander County,small/mid,South,South Atlantic,259.985,24058,15928,14,
1979,37003,NC,Alexander County,small/mid,South,South Atlantic,259.985,24719,16485,15.2,
1979,37003,NC,Alexander County,small/mid,South,South Atlantic,259.985,24719,16485,15.2,
1980,37003,NC,Alexander County,small/mid,South,South Atlantic,259.985,25072,16799,16.4,
1981,37003,NC,Alexander County,  SMALL/MID ,South,South Atlantic,259.985,25258,17006,17.6,
1982,37003,NC,Alexander County,small/mid,South,South Atlantic,259.985,25577,17278,18.8,
1983,37003,NC,Alexander County,small/mid,South,South Atlantic,259.985,25864,17532,20,45
1984,37003,NC,Alexander County,small/mid,South,South Atlantic,259.985,26099,17795,18.2,65
1984,37003,NC,Alexander County,small/mid,South,South Atlantic,259.985,26099,17795,18.2,65
1985,37003,NC,Alexander County,small/mid  ,South,South Atlantic,259.985,26347,18049,16.4,70
1986,37003,NC,Alexander County, small/mid,South,South Atlantic,259.985,26555,18246,14.6,70
1987,37003,NC,Alexander County,small/mid,South,South Atlantic,259.985,26796,18448,12.8,75.4
1988,37003,NC,Alexander County,small/mid,South,South Atlantic,259.985,27077,18638,11,80.8
1989,37003,NC,Alexander County,small/mid,South,South Atlantic,259.985,27424,18872,12.4,86.2
1990,37003,NC,Alexander County,small/mid,South,South Atlantic,259.985,27652,18984,13.8,91.6
1991,37003,NC,Alexander County,small/mid,South,South Atlantic,259.985,28095,19300,15.2,97
1992,37003,NC,Alexander County,small/mid,South,South Atlantic,259.985,28453,19471,16.6,95.125
1993,37003,NC,Alexander County,small/mid  ,South,South Atlantic,259.985,29208,19926,18,93.25
1994,37003,NC,Alexander County,small/mid,South,South Atlantic,259.985,29949,20391,19.16667,91.375
1994,37003,NC,Alexander County,small/mid,South,South Atlantic,259.985,29949,20391,19.16667,91.375
1995,37003,NC,Alexander County,Small/mid,South,South Atlantic,259.985,30496,20765,20.33333,89.5
1996,37003,NC,Alexander County,small/mid,South,South Atlantic,259.985,30967,21047,21.5,87.625
1997,37003,NC,Alexander County,small/mid,South,South Atlantic,259.985,31668,21490,22.66667,85.75
1997,37003,NC,Alexander County,small/mid,South,South Atlantic,259.985,31668,21490,22.66667,85.75
1998,37003,NC,Alexander County,  SMALL/MID ,South,South Atlantic,259.985,32492,22027,23.83333,83.875
1999,37003,NC,Alexander County, small/mid,South,South Atlantic,259.985,33274,22560,25,82
2000,37003,NC,Alexander County,small/mid,South,South Atlantic,259.985,33774,22799,26.33333,90
2001,37003,NC,Alexander County,small/mid,South,South Atlantic,259.985,34187,23113,27.66667,90
2002,37003,NC,Alexander County,small/mid,South,South Atlantic,259.985,34665,23368,29,83
2003,37003,NC,Alexander County,small/mid,South,South Atlantic,259.985,34998,23679,30.33333,81
2004,37003,NC,Alexander County,small/mid,South,South Atlantic,259.985,35343,23871,31.66667,101
2005,37003,NC,Alexander County,small/mid,South,South Atlantic,259.985,35786,24120,33,81
2006,37003,NC,Alexander County,small/mid,South,South Atlantic,259.985,36243,24295,38.5,91
2007,37003,NC,Alexander County,SMALL/MID,South,South Atlantic,259.985,36609,24465,44,92
2008,37003,NC,Alexander County,small/mid,South,South Atlantic,259.985,36840,24524,49.5,99
2009,37003,NC,Alexander County,small/mid,South,South Atlantic,259.985,37053,24640,55,95
2010,37003,NC,Alexander County,small/mid,South,South Atlantic,259.985,37192,24632,60.5,93
2011,37003,NC,Alexander County,small/mid,South,South Atlantic,259.985,37241,24638,66,109
2012,37003,NC,Alexander County,small/mid,South,South Atlantic,259.985,37039,24479,71.5,88
2013,37003,NC,Alexander County,  SMALL/MID ,South,South Atlantic,259.985,36940,24098,77,93
2014,37003,NC,Alexander County,small/mid,South,South Atlantic,259.985,37091,24020,77,88
2015,37003,NC,Alexander County,small/mid,South,South Atlantic,259.985,37092,23947,77,107
2016,37003,NC,Alexander County,Small/mid,South,South Atlantic,259.985,37058,23763,,
1970,37005,NC,Alleghany County,  RURAL ,South,South Atlantic,234.403,8174,4973,2,
1971,37005,NC,Alleghany County,rural,South,South Atlantic,234.403,8343,5098,1.875,
1972,37005,NC,Alleghany County,rural,South,South Atlantic,234.403,8663,5344,1.75,
1973,37005,NC,Alleghany County,rural,South,South Atlantic,234.403,8767,5442,1.625,
1974,37005,NC,Alleghany County,rural,South,South Atlantic,234.403,9035,5634,1.5,
1975,37005,NC,Alleghany County,rural,South,South Atlantic,234.403,9029,5635,1.375,
1976,37005,NC,Alleghany County,rural,South,South Atlantic,234.403,9278,5869,1.25,
1977,37005,NC,Alleghany County,rural,South,South Atlantic,234.403,9309,5900,1.125,
1978,37005,NC,Alleghany County,rural,South,South Atlantic,234.403,9416,5987,1,
1979,37005,NC,Alleghany County,rural,South,South Atlantic,234.403,9623,6145,1.6,
1979,37005,NC,Alleghany County,rural,South,South Atlantic,234.403,9623,6145,1.6,
1980,37005,NC,Alleghany County,rural,South,South Atlantic,234.403,9609,6142,2.2,
1981,37005,NC,Alleghany County,RURAL,South,South Atlantic,234.403,9662,6184,2.8,
1982,37005,NC,Alleghany County,rural,South,South Atlantic,234.403,9757,6252,3.4,
1983,37005,NC,Alleghany County,rural,South,South Atlantic,234.403,9720,6231,4,14
1983,37005,NC,Alleghany County,rural,South,South Atlantic,234.403,9720,6231,4,14
1984,37005,NC,Alleghany County,rural,South,South Atlantic,234.403,9699,6239,15,21
1985,37005,NC,Alleghany County,rural,South,South Atlantic,234.403,9548,6157,26,12
1986,37005,NC,Alleghany County,rural,South,South Atlantic,234.403,9530,6145,4,9
1987,37005,NC,Alleghany County,rural,South,South Atlantic,234.403,9548,6154,7,9.6
1988,37005,NC,Alleghany County,rural,South,South Atlantic,234.403,9518,6128,6,10.2
1989,37005,NC,Alleghany County,rural  ,South,South Atlantic,234.403,9580,6150,7.6,10.8
1990,37005,NC,Alleghany County,rural,South,South Atlantic,234.403,9622,6162,9.2,11.4
1991,37005,NC,Alleghany County,rural,South,South Atlantic,234.403,9756,6263,10.8,12
1992,37005,NC,Alleghany County,  RURAL ,South,South Atlantic,234.403,9830,6302,12.4,13.625
1993,37005,NC,Alleghany County,rural,South,South Atlantic,234.403,9870,6291,14,15.25
1994,37005,NC,Alleghany County,rural,South,South Atlantic,234.403,10020,6403,17.66667,16.875
1995,37005,NC,Alleghany County,  RURAL ,South,South Atlantic,234.403,10174,6508,21.33333,18.5
1995,37005,NC,Alleghany County,  RURAL ,South,South Atlantic,234.403,10174,6508,21.33333,18.5
1996,37005,NC,Alleghany County,rural,South,South Atlantic,234.403,10241,6569,25,20.125
1997,37005,NC,Alleghany County,rural  ,South,South Atlantic,234.403,10287,6608,28.66667,21.75
1998,37005,NC,Alleghany County,rural,South,South Atlantic,234.403,10437,6720,32.33333,23.375
1999,37005,NC,Alleghany County,rural,South,South Atlantic,234.403,10567,6823,36,25
2000,37005,NC,Alleghany County,rural,South,South Atlantic,234.403,10673,6935,32.33333,28
2001,37005,NC,Alleghany County,rural,South,South Atlantic,234.403,10740,6943,28.66667,26
2002,37005,NC,Alleghany County,rural,South,South Atlantic,234.403,10740,6917,25,31
2003,37005,NC,Alleghany County,rural,South,South Atlantic,234.403,10776,6913,21.33333,32
2004,37005,NC,Alleghany County,rural,South,South Atlantic,234.403,10790,6901,17.66667,29
2005,37005,NC,Alleghany County,rural,South,South Atlantic,234.403,10788,6913,14,18
2006,37005,NC,Alleghany County,rural,South,South Atlantic,234.403,10940,6962,15.625,34
2007,37005,NC,Alleghany County,rural,South,South Atlantic,234.403,11061,7027,17.25,27
2008,37005,NC,Alleghany County,rural,South,South Atlantic,234.403,11131,7081,571,34
2008,37005,,,,,,,,,18.875,
2009,37005,NC,Alleghany County,rural,South,South Atlantic,234.403,11125,7040,20.5,35
2010,37005,NC,Alleghany County,rural,South,South Atlantic,234.403,11154,7033,536,33
2010,37005,,,,,,,,,22.125,
2011,37005,NC,Alleghany County, rural,South,South Atlantic,234.403,11141,7028,23.75,33
2012,37005,NC,Alleghany County,rural,South,South Atlantic,234.403,11025,6930,25.375,46
2013,37005,NC,Alleghany County,  RURAL ,South,South Atlantic,234.403,10956,6783,27,39
2014,37005,NC,Alleghany County,rural,South,South Atlantic,234.403,10920,6694,27,38
2015,37005,NC,Alleghany County,rural,South,South Atlantic,234.403,10911,6591,27,40
2016,37005,NC,Alleghany County,rural,South,South Atlantic,234.403,10869,6499,,
1970,37007,NC,Anson County,rural,South,South Atlantic,531.458,23540,13777,4,
1971,37007,NC,Anson County,rural,South,South Atlantic,531.458,23788,13989,4.875,
1972,37007,NC,Anson County,rural,South,South Atlantic,531.458,24128,14297,5.75,
1973,37007,NC,Anson County,rural,South,South Atlantic,531.458,24470,14608,6.625,
1973,37007,NC,Anson County,rural,South,South Atlantic,531.458,24470,14608,6.625,
1974,37007,NC,Anson County,rural,South,South Atlantic,531.458,24387,14613,7.5,
1975,37007,NC,Anson County,rural,South,South Atlantic,531.458,24650,14854,8.375,
1975,37007,NC,Anson County,rural,South,South Atlantic,531.458,24650,14854,8.375,
1976,37007,NC,Anson County,rural,South,South Atlantic,531.458,24784,15040,9.25,
1977,37007,NC,Anson County,rural,South,South Atlantic,531.458,24883,15150,10.125,
1977,37007,NC,Anson County,rural,South,South Atlantic,531.458,24883,15150,10.125,
1978,37007,NC,Anson County,rural,South,South Atlantic,531.458,24890,15181,11,
1979,37007,NC,Anson County,rural,South,South Atlantic,531.458,25185,15400,11,
1980,37007,NC,Anson County,rural,South,South Atlantic,531.458,25584,15718,11,
1981,37007,NC,Anson County,rural,South,South Atlantic,531.458,25426,15687,11,
1981,37007,NC,Anson County,rural,South,South Atlantic,531.458,25426,15687,11,
1982,37007,NC,Anson County,rural,South,South Atlantic,531.458,25317,15655,11,
1983,37007,NC,Anson County,rural,South,South Atlantic,531.458,25207,15622,11,98
1984,37007,NC,Anson County,Rural,South,South Atlantic,531.458,24995,15569,12.6,73
1985,37007,NC,Anson County,rural,South,South Atlantic,531.458,24847,15540,14.2,83
1986,37007,NC,Anson County,rural,South,South Atlantic,531.458,24608,15433,15.8,103
1987,37007,NC,Anson County,rural,South,South Atlantic,531.458,24335,15290,17.4,94.2
1988,37007,NC,Anson County,rural,South,South Atlantic,531.458,24119,15148,19,85.4
1989,37007,NC,Anson County,rural,South,South Atlantic,531.458,23750,14885,21.4,76.6
1990,37007,NC,Anson County, rural,South,South Atlantic,531.458,23498,14669,550,67.8
1990,37007,,,,,,,,,23.8,
1991,37007,NC,Anson County,rural,South,South Atlantic,531.458,23564,14708,26.2,59
1992,37007,NC,Anson County,rural,South,South Atlantic,531.458,23761,14872,28.6,68.875
1993,37007,NC,Anson County,rural,South,South Atlantic,531.458,24483,15497,31,78.75
1994,37007,NC,Anson County,rural,South,South Atlantic,531.458,24698,15688,35,88.625
1995,37007,NC,Anson County,rural,South,South Atlantic,531.458,24630,15690,39,98.5
1996,37007,NC,Anson County,  RURAL ,South,South Atlantic,531.458,24977,15997,43,108.375
1997,37007,NC,Anson County,rural,South,South Atlantic,531.458,25134,16168,47,118.25
1998,37007,NC,Anson County,rural,South,South Atlantic,531.458,25340,16373,51,128.125
1998,37007,NC,Anson County,rural,South,South Atlantic,531.458,25340,16373,51,128.125
1999,37007,NC,Anson County,rural,South,South Atlantic,531.458,25288,16349,55,138
2000,37007,NC,Anson County,rural  ,South,South Atlantic,531.458,25342,16380,54.83333,124
2001,37007,NC,Anson County,rural,South,South Atlantic,531.458,25553,16549,54.66667,116
2001,37007,NC,Anson County,rural,South,South Atlantic,531.458,25553,16549,54.66667,116
2002,37007,NC,Anson County,rural,South,South Atlantic,531.458,25723,16751,54.5,151
2003,37007,NC,Anson County,rural,South,South Atlantic,531.458,25749,16814,54.33333,133
2004,37007,NC,Anson County,rural,South,South Atlantic,531.458,26386,17433,54.16667,159
2005,37007,NC,Anson County,rural  ,South,South Atlantic,531.458,26585,17751,54,154
2006,37007,NC,Anson County,rural,South,South Atlantic,531.458,26599,17828,64,148
2007,37007,NC,Anson County,rural,South,South Atlantic,531.458,26664,17880,54,172
2008,37007,NC,Anson County,rural,South,South Atlantic,531.458,26837,18055,55,145
2009,37007,NC,Anson County,rural,South,South Atlantic,531.458,26917,18145,60,137
2010,37007,NC,Anson County,rural,South,South Atlantic,531.458,26928,18249,62,136
2011,37007,NC,Anson County,rural,South,South Atlantic,531.458,26851,18199,68,156
2012,37007,NC,Anson County,rural,South,South Atlantic,531.458,26517,17957,56,149
2013,37007,NC,Anson County,rural,South,South Atlantic,531.458,26322,17713,47,146
2014,37007,NC,Anson County,rural,South,South Atlantic,531.458,25975,17346,46,120
2015,37007,NC,Anson County,rural,South,South Atlantic,531.458,25978,17447,46,109
2016,37007,NC,Anson County, rural,South,South Atlantic,531.458,25594,17152,,
1970,37009,NC,Ashe County,rural,South,South Atlantic,425.061,19656,11976,36,
1971,37009,NC,Ashe County,rural,South,South Atlantic,425.061,19997,12208,31.875,
1971,37009,NC,Ashe County,rural,South,South Atlantic,425.061,19997,12208,31.875,
1972,37009,NC,Ashe County,rural,South,South Atlantic,425.061,19987,12245,27.75,
1973,37009,NC,Ashe County, rural,South,South Atlantic,425.061,20205,12435,23.625,
1974,37009,NC,Ashe County,rural,South,South Atlantic,425.061,20471,12663,19.5,
1975,37009,NC,Ashe County,rural,South,South Atlantic,425.061,20672,12840,15.375,
1976,37009,NC,Ashe County,rural,South,South Atlantic,425.061,20928,13109,11.25,
1977,37009,NC,Ashe County,rural,South,South Atlantic,425.061,21256,13401,7.125,
1978,37009,NC,Ashe County,rural,South,South Atlantic,425.061,21647,13733,3,
1979,37009,NC,Ashe County,rural,South,South Atlantic,425.061,21835,13901,4.2,
1980,37009,NC,Ashe County,rural,South,South Atlantic,425.061,22372,14311,5.4,
1981,37009,NC,Ashe County,rural,South,South Atlantic,425.061,22440,14404,6.6,
1981,37009,NC,Ashe County,rural,South,South Atlantic,425.061,22440,14404,6.6,
1982,37009,NC,Ashe County,rural,South,South Atlantic,425.061,22496,14488,7.8,
1983,37009,NC,Ashe County,rural,South,South Atlantic,425.061,22605,14591,9,44
1983,37009,NC,Ashe County,rural,South,South Atlantic,425.061,22605,14591,9,44
1984,37009,NC,Ashe County,Rural,South,South Atlantic,425.061,22680,14719,9.6,58
1985,37009,NC,Ashe County,  RURAL ,South,South Atlantic,425.061,22717,14808,10.2,51
1986,37009,NC,Ashe County,rural,South,South Atlantic,425.061,22392,14635,10.8,50
1987,37009,NC,Ashe County,rural,South,South Atlantic,425.061,22395,14666,11.4,45.8
1988,37009,NC,Ashe County,rural,South,South Atlantic,425.061,22362,14647,12,41.6
1989,37009,NC,Ashe County,rural,South,South Atlantic,425.061,22315,14607,12,37.4
1990,37009,NC,Ashe County,rural  ,South,South Atlantic,425.061,22206,14509,12,33.2
1991,37009,NC,Ashe County,rural,South,South Atlantic,425.061,22416,14640,12,29
1992,37009,NC,Ashe County,rural,South,South Atlantic,425.061,22511,14687,12,30.5
1993,37009,NC,Ashe County,rural,South,South Atlantic,425.061,22786,14881,12,32
1994,37009,NC,Ashe County,rural,South,South Atlantic,425.061,23099,15085,13,33.5
1995,37009,NC,Ashe County,rural,South,South Atlantic,425.061,23339,15272,14,35
1996,37009,NC,Ashe County,rural  ,South,South Atlantic,425.061,23691,15486,15,36.5
1997,37009,NC,Ashe County,rural,South,South Atlantic,425.061,23865,15634,16,38
1998,37009,NC,Ashe County,rural,South,South Atlantic,425.061,23989,15766,17,39.5
1999,37009,NC,Ashe County,rural,South,South Atlantic,425.061,24181,15946,18,41
2000,37009,NC,Ashe County,rural,South,South Atlantic,425.061,24480,16126,19.33333,43
2001,37009,NC,Ashe County,rural,South,South Atlantic,425.061,24750,16290,20.66667,38
2002,37009,NC,Ashe County,rural,South,South Atlantic,425.061,25029,16485,536,49
2002,37009,,,,,,,,,22,
2003,37009,NC,Ashe County,rural,South,South Atlantic,425.061,25288,16598,23.33333,53
2004,37009,NC,Ashe County,rural,South,South Atlantic,425.061,25684,16798,24.66667,63
2005,37009,NC,Ashe County,rural,South,South Atlantic,425.061,25838,16871,26,70
2006,37009,NC,Ashe County,rural  ,South,South Atlantic,425.061,26134,17014,42.75,81
2007,37009,NC,Ashe County,rural,South,South Atlantic,425.061,26506,17149,59.5,82
2008,37009,NC,Ashe County,rural,South,South Atlantic,425.061,26858,17299,76.25,73
2008,37009,NC,Ashe County,rural,South,South Atlantic,425.061,26858,17299,76.25,73
2009,37009,NC,Ashe County,rural,South,South Atlantic,425.061,27144,17394,93,79
2010,37009,NC,Ashe County,rural,South,South Atlantic,425.061,27238,17338,109.75,100
2010,37009,NC,Ashe County,rural,South,South Atlantic,425.061,27238,17338,109.75,100
2011,37009,NC,Ashe County,rural,South,South Atlantic,425.061,27231,17326,126.5,99
2012,37009,NC,Ashe County, rural,South,South Atlantic,425.061,27008,17140,143.25,99
2013,37009,NC,Ashe County,  RURAL ,South,South Atlantic,425.061,26957,16956,160,84
2014,37009,NC,Ashe County,rural,South,South Atlantic,425.061,26889,16687,160,91
2015,37009,NC,Ashe County,rural,South,South Atlantic,425.061,26838,16552,160,107
2016,37009,NC,Ashe County,rural,South,South Atlantic,425.061,26727,16419,,
1970,37011,NC,Avery County,Rural,South,South Atlantic,247.338,12755,8092,0,
1971,37011,NC,Avery County,rural,South,South Atlantic,247.338,13178,8405,0,
1972,37011,NC,Avery County,rural,South,South Atlantic,247.338,13501,8674,0,
1973,37011,NC,Avery County,rural,South,South Atlantic,247.338,13594,8785,0,
1974,37011,NC,Avery County,rural,South,South Atlantic,247.338,14055,9150,0,
1974,37011,NC,Avery County,rural,South,South Atlantic,247.338,14055,9150,0,
1975,37011,NC,Avery County,rural,South,South Atlantic,247.338,14155,9242,0,
1976,37011,NC,Avery County,rural,South,South Atlantic,247.338,14191,9341,0,
1977,37011,NC,Avery County,rural,South,South Atlantic,247.338,14166,9361,0,
1978,37011,NC,Avery County,rural,South,South Atlantic,247.338,14217,9429,0,
1979,37011,NC,Avery County,RURAL,South,South Atlantic,247.338,14313,9537,0,
1980,37011,NC,Avery County,rural,South,South Atlantic,247.338,14445,9645,0,
1981,37011,NC,Avery County, rural,South,South Atlantic,247.338,14529,9718,0,
1982,37011,NC,Avery County,rural  ,South,South Atlantic,247.338,14575,9757,0,
1983,37011,NC,Avery County,rural,South,South Atlantic,247.338,14645,9812,7,35
1984,37011,NC,Avery County,rural,South,South Atlantic,247.338,14761,9922,8.4,32
1985,37011,NC,Avery County,rural,South,South Atlantic,247.338,14725,9932,9.8,32
1985,37011,NC,Avery County,rural,South,South Atlantic,247.338,14725,9932,9.8,32
1986,37011,NC,Avery County,rural,South,South Atlantic,247.338,14688,9916,11.2,25
1987,37011,NC,Avery County,  RURAL ,South,South Atlantic,247.338,14810,9999,12.6,22.8
1987,37011,NC,Avery County,  RURAL ,South,South Atlantic,247.338,14810,9999,12.6,22.8
1988,37011,NC,Avery County,  RURAL ,South,South Atlantic,247.338,14829,9993,14,20.6
1989,37011,NC,Avery County,rural,South,South Atlantic,247.338,14866,9989,11.8,18.4
1990,37011,NC,Avery County,rural,South,South Atlantic,247.338,14925,10000,9.6,16.2
1991,37011,NC,Avery County,rural,South,South Atlantic,247.338,15024,10035,7.4,14
1992,37011,NC,Avery County,rural,South,South Atlantic,247.338,15162,10103,5.2,14.25
1993,37011,NC,Avery County,rural,South,South Atlantic,247.338,15377,10195,3,14.5
1993,37011,NC,Avery County,rural,South,South Atlantic,247.338,15377,10195,3,14.5
1994,37011,NC,Avery County,Rural,South,South Atlantic,247.338,15472,10213,3.5,14.75
1995,37011,NC,Avery County,rural,South,South Atlantic,247.338,15665,10347,4,15
1996,37011,NC,Avery County,rural,South,South Atlantic,247.338,15931,10551,4.5,15.25
1997,37011,NC,Avery County,rural,South,South Atlantic,247.338,16123,10696,5,15.5
1998,37011,NC,Avery County,rural,South,South Atlantic,247.338,16255,10844,5.5,15.75
1999,37011,NC,Avery County,rural,South,South Atlantic,247.338,17040,11635,585,16
1999,37011,,,,,,,,,6,
2000,37011,NC,Avery County,rural,South,South Atlantic,247.338,17318,11855,7,21
2001,37011,NC,Avery County,rural,South,South Atlantic,247.338,17706,12139,8,21
2002,37011,NC,Avery County,rural,South,South Atlantic,247.338,17867,12298,9,27
2003,37011,NC,Avery County,rural,South,South Atlantic,247.338,17896,12277,10,30
2004,37011,NC,Avery County,rural,South,South Atlantic,247.338,17971,12375,11,51
2005,37011,NC,Avery County,rural,South,South Atlantic,247.338,17945,12416,12,42
2006,37011,NC,Avery County,rural,South,South Atlantic,247.338,18104,12616,15,47
2007,37011,NC,Avery County,rural,South,South Atlantic,247.338,17949,12430,18,44
2007,37011,NC,Avery County,rural,South,South Atlantic,247.338,17949,12430,18,44
2008,37011,NC,Avery County,Rural,South,South Atlantic,247.338,18024,12426,21,56
2009,37011,NC,Avery County,rural,South,South Atlantic,247.338,17925,12335,24,67
2009,37011,NC,Avery County,rural,South,South Atlantic,247.338,17925,12335,24,67
2010,37011,NC,Avery County,rural,South,South Atlantic,247.338,17806,12256,27,62
2011,37011,NC,Avery County, rural,South,South Atlantic,247.338,17761,12216,30,48
2011,37011,NC,Avery County, rural,South,South Atlantic,247.338,17761,12216,30,48
2012,37011,NC,Avery County,rural,South,South Atlantic,247.338,17728,12169,33,56
2013,37011,NC,Avery County,rural,South,South Atlantic,247.338,17575,11968,36,52
2014,37011,NC,Avery County,rural,South,South Atlantic,247.338,17604,11928,36,55
2015,37011,NC,Avery County,rural,South,South Atlantic,247.338,17597,11847,36,60
2016,37011,NC,Avery County,rural,South,South Atlantic,247.338,17440,11696,,
1970,37013,NC,Beaufort County, rural,South,South Atlantic,832.001,36033,21991,9,
1971,37013,NC,Beaufort County,rural,South,South Atlantic,832.001,36305,22212,9.75,
1972,37013,NC,Beaufort County,rural,South,South Atlantic,832.001,36326,22319,10.5,
1973,37013,NC,Beaufort County,rural,South,South Atlantic,832.001,36924,22837,11.25,
1974,37013,NC,Beaufort County,rural,South,South Atlantic,832.001,37198,23077,12,
1975,37013,NC,Beaufort County,rural,South,South Atlantic,832.001,38099,23750,12.75,
1976,37013,NC,Beaufort County,rural,South,South Atlantic,832.001,38919,24413,13.5,
1977,37013,NC,Beaufort County,rural,South,South Atlantic,832.001,39368,24765,14.25,
1978,37013,NC,Beaufort County,rural,South,South Atlantic,832.001,39740,25077,15,
1979,37013,NC,Beaufort County,rural,South,South Atlantic,832.001,40235,25414,16.2,
1980,37013,NC,Beaufort County,rural,South,South Atlantic,832.001,40501,25608,17.4,
1981,37013,NC,Beaufort County,rural,South,South Atlantic,832.001,41098,26063,18.6,
1982,37013,NC,Beaufort County,rural,South,South Atlantic,832.001,41616,26427,19.8,
1983,37013,NC,Beaufort County,RURAL,South,South Atlantic,832.001,42024,26722,21,162
1984,37013,NC,Beaufort County,rural,South,South Atlantic,832.001,42370,27056,26.2,169
1985,37013,NC,Beaufort County,rural,South,South Atlantic,832.001,42210,27027,31.4,171
1986,37013,NC,Beaufort County,rural,South,South Atlantic,832.001,41978,26918,36.6,197
1987,37013,NC,Beaufort County,rural,South,South Atlantic,832.001,41904,26895,41.8,182.6
1988,37013,NC,Beaufort County,rural,South,South Atlantic,832.001,42169,27019,47,168.2
1989,37013,NC,Beaufort County,rural,South,South Atlantic,832.001,42179,26955,50.6,153.8
1990,37013,NC,Beaufort County,rural,South,South Atlantic,832.001,42374,26988,54.2,139.4
1991,37013,NC,Beaufort County,rural,South,South Atlantic,832.001,42673,27209,57.8,125
1992,37013,NC,Beaufort County,rural,South,South Atlantic,832.001,42945,27288,61.4,143.125
1993,37013,NC,Beaufort County,rural,South,South Atlantic,832.001,43349,27558,65,161.25
1994,37013,NC,Beaufort County,rural,South,South Atlantic,832.001,43683,27813,68.66666,179.375
1995,37013,NC,Beaufort County,rural,South,South Atlantic,832.001,43888,28050,72.33334,197.5
1996,37013,NC,Beaufort County,rural,South,South Atlantic,832.001,43882,28128,76,215.625
1997,37013,NC,Beaufort County,rural,South,South Atlantic,832.001,44120,28355,79.66666,233.75
1998,37013,NC,Beaufort County,rural,South,South Atlantic,832.001,44423,28657,83.33334,251.875
1998,37013,NC,Beaufort County,rural,South,South Atlantic,832.001,44423,28657,83.33334,251.875
1999,37013,NC,Beaufort County,rural  ,South,South Atlantic,832.001,45001,29159,87,270
2000,37013,NC,Beaufort County,rural,South,South Atlantic,832.001,44950,29172,85.5,285
2001,37013,NC,Beaufort County,rural,South,South Atlantic,832.001,45084,29229,84,274
2002,37013,NC,Beaufort County,rural,South,South Atlantic,832.001,45216,29278,82.5,274
2003,37013,NC,Beaufort County,rural,South,South Atlantic,832.001,45418,29342,81,302
2004,37013,NC,Beaufort County,rural,South,South Atlantic,832.001,45618,29462,79.5,295
2005,37013,NC,Beaufort County,rural,South,South Atlantic,832.001,46059,29786,78,291
2006,37013,NC,Beaufort County,rural,South,South Atlantic,832.001,46622,30038,79.125,329
2007,37013,NC,Beaufort County,rural,South,South Atlantic,832.001,46702,30053,80.25,331
2008,37013,NC,Beaufort County,  RURAL ,South,South Atlantic,832.001,47297,30370,81.375,386
2009,37013,NC,Beaufort County,rural,South,South Atlantic,832.001,47485,30263,82.5,371
2010,37013,NC,Beaufort County,rural,South,South Atlantic,832.001,47763,30252,83.625,345
2011,37013,NC,Beaufort County,rural,South,South Atlantic,832.001,47799,30236,84.75,363
2011,37013,NC,Beaufort County,rural,South,South Atlantic,832.001,47799,30236,84.75,363
2012,37013,NC,Beaufort County,rural,South,South Atlantic,832.001,47663,29977,85.875,340
2013,37013,NC,Beaufort County,rural,South,South Atlantic,832.001,47436,29397,87,344
2014,37013,NC,Beaufort County,rural,South,South Atlantic,832.001,47391,29126,87,359
2015,37013,NC,Beaufort County,rural,South,South Atlantic,832.001,47350,28912,87,323
2016,37013,NC,Beaufort County,rural,South,South Atlantic,832.001,47389,28820,,
1970,37015,NC,Bertie County,rural,South,South Atlantic,699.176,20583,12001,5,
1971,37015,NC,Bertie County,Rural,South,South Atlantic,699.176,20863,12262,5.125,
1972,37015,NC,Bertie County,rural,South,South Atlantic,699.176,20885,12379,5.25,
1973,37015,NC,Bertie County,rural,South,South Atlantic,699.176,20681,12351,5.375,
1974,37015,NC,Bertie County,rural,South,South Atlantic,699.176,20580,12406,5.5,
1975,37015,NC,Bertie County,  RURAL ,South,South Atlantic,699.176,20944,12781,5.625,
1976,37015,NC,Bertie County,rural,South,South Atlantic,699.176,21027,12924,5.75,
1977,37015,NC,Bertie County,rural,South,South Atlantic,699.176,21270,13150,5.875,
1978,37015,NC,Bertie County,rural,South,South Atlantic,699.176,21189,13161,6,
1979,37015,NC,Bertie County,rural,South,South Atlantic,699.176,20984,13054,5.8,
1980,37015,NC,Bertie County,RURAL,South,South Atlantic,699.176,20996,13084,5.6,
1981,37015,NC,Bertie County,rural,South,South Atlantic,699.176,21017,13116,5.4,
1982,37015,NC,Bertie County,rural,South,South Atlantic,699.176,21043,13124,5.2,
1983,37015,NC,Bertie County,rural,South,South Atlantic,699.176,21131,13175,5,69
1984,37015,NC,Bertie County,rural,South,South Atlantic,699.176,21019,13132,11,71
1985,37015,NC,Bertie County,rural,South,South Atlantic,699.176,21000,13136,17,88
1986,37015,NC,Bertie County,rural,South,South Atlantic,699.176,20806,13011,23,77
1987,37015,NC,Bertie County,rural,South,South Atlantic,699.176,20677,12914,29,80.2
1988,37015,NC,Bertie County,RURAL,South,South Atlantic,699.176,20524,12771,35,83.4
1989,37015,NC,Bertie County,rural,South,South Atlantic,699.176,20498,12693,0,86.6
1990,37015,NC,Bertie County,  RURAL ,South,South Atlantic,699.176,20390,12544,0,89.8
1991,37015,NC,Bertie County,rural,South,South Atlantic,699.176,20459,12550,0,93
1992,37015,NC,Bertie County,rural,South,South Atlantic,699.176,20320,12501,0,98.5
1993,37015,NC,Bertie County,rural  ,South,South Atlantic,699.176,20445,12495,0,104
1994,37015,NC,Bertie County,rural,South,South Atlantic,699.176,20419,12500,0,109.5
1995,37015,NC,Bertie County,rural,South,South Atlantic,699.176,20439,12556,0,115
1996,37015,NC,Bertie County,rural,South,South Atlantic,699.176,20257,12528,0,120.5
1997,37015,NC,Bertie County,rural  ,South,South Atlantic,699.176,20129,12492,0,126
1998,37015,NC,Bertie County,rural,South,South Atlantic,699.176,19964,12471,0,131.5
1999,37015,NC,Bertie County,rural,South,South Atlantic,699.176,19903,12460,0,137
2000,37015,NC,Bertie County,rural,South,South Atlantic,699.176,19762,12394,0,141
2001,37015,NC,Bertie County,rural,South,South Atlantic,699.176,19829,12524,0,129
2001,37015,NC,Bertie County,rural,South,South Atlantic,699.176,19829,12524,0,129
2002,37015,NC,Bertie County,rural,South,South Atlantic,699.176,19841,12561,0,124
2003,37015,NC,Bertie County,rural,South,South Atlantic,699.176,19897,12673,0,109
2004,37015,NC,Bertie County,rural,South,South Atlantic,699.176,20018,12829,0,106
2005,37015,NC,Bertie County,rural,South,South Atlantic,699.176,20057,12930,0,113
2006,37015,NC,Bertie County,rural,South,South Atlantic,699.176,19936,12865,0,97
2007,37015,NC,Bertie County,rural,South,South Atlantic,699.176,20927,13737,0,99
2008,37015,NC,Bertie County,rural,South,South Atlantic,699.176,21121,13897,501,98
2008,37015,,,,,,,,,0,
2009,37015,NC,Bertie County,rural,South,South Atlantic,699.176,21216,13997,0,113
2010,37015,NC,Bertie County,rural,South,South Atlantic,699.176,21280,14056,0,101
2011,37015,NC,Bertie County,rural  ,South,South Atlantic,699.176,21250,14022,0,94
2012,37015,NC,Bertie County,Rural,South,South Atlantic,699.176,20860,13805,0,69
2013,37015,NC,Bertie County,rural,South,South Atlantic,699.176,20502,13420,0,63
2014,37015,NC,Bertie County,rural,South,South Atlantic,699.176,20350,13292,0,51
2015,37015,NC,Bertie County,rural,South,South Atlantic,699.176,20353,13317,0,51
2016,37015,NC,Bertie County,rural,South,South Atlantic,699.176,20188,13194,,
2016,37015,NC,Bertie County,rural,South,South Atlantic,699.176,20188,13194,,
1970,37017,NC,Bladen County,  RURAL ,South,South Atlantic,874.858,26551,16151,27,
1970,37017,NC,Bladen County,urban,South,South Atlantic,874.858,26551,16151,27,
1971,37017,NC,Bladen County,rural,South,South Atlantic,874.858,26906,16447,26,
1972,37017,NC,Bladen County,rural,South,South Atlantic,874.858,27387,16876,25,
1973,37017,NC,Bladen County,rural,South,South Atlantic,874.858,28137,17487,24,
1974,37017,NC,Bladen County,rural,South,South Atlantic,874.858,28648,17945,23,
1975,37017,NC,Bladen County,rural,South,South Atlantic,874.858,29237,18443,22,
1976,37017,NC,Bladen County,urban,South,South Atlantic,874.858,29309,18585,21,
1977,37017,NC,Bladen County,urban,South,South Atlantic,874.858,29695,18913,20,
1978,37017,NC,Bladen County,rural,South,South Atlantic,874.858,29964,19155,19,
1979,37017,NC,Bladen County,rural,South,South Atlantic,874.858,30078,19261,17.2,
1980,37017,NC,Bladen County,urban,South,South Atlantic,874.858,30460,19553,15.4,
1981,37017,NC,Bladen County,rural,South,South Atlantic,874.858,30392,19545,13.6,
1982,37017,NC,Bladen County,urban,South,South Atlantic,874.858,30148,19403,11.8,
1983,37017,NC,Bladen County,rural,South,South Atlantic,874.858,29843,19201,10,82
1984,37017,NC,Bladen County,urban,South,South Atlantic,874.858,29757,19207,13,85
1985,37017,NC,Bladen County,urban,South,South Atlantic,874.858,29617,19157,16,85
1986,37017,NC,Bladen County,urban,South,South Atlantic,874.858,29387,19024,19,79
1987,37017,NC,Bladen County,urban,South,South Atlantic,874.858,29201,18900,22,79.4
1988,37017,NC,Bladen County,rural  ,South,South Atlantic,874.858,29079,18768,25,79.8
1989,37017,NC,Bladen County,rural,South,South Atlantic,874.858,28942,18613,32.6,80.2
1990,37017,NC,Bladen County,rural,South,South Atlantic,874.858,28676,18367,40.2,80.6
1991,37017,NC,Bladen County,rural,South,South Atlantic,874.858,28991,18603,47.8,81
1992,37017,NC,Bladen County,urban,South,South Atlantic,874.858,29311,18792,55.4,87.25
1993,37017,NC,Bladen County,rural,South,South Atlantic,874.858,29655,19023,63,93.5
1994,37017,NC,Bladen County,rural,South,South Atlantic,874.858,30277,19462,62.16667,99.75
1995,37017,NC,Bladen County,rural,South,South Atlantic,874.858,30665,19777,61.33333,106
1996,37017,NC,Bladen County,urban,South,South Atlantic,874.858,30977,20068,60.5,112.25
1997,37017,NC,Bladen County,rural,South,South Atlantic,874.858,31595,20584,59.66667,118.5
1998,37017,NC,Bladen County,Rural,South,South Atlantic,874.858,31969,20883,58.83333,124.75
1999,37017,NC,Bladen County,urban,South,South Atlantic,874.858,32143,21039,58,131
2000,37017,NC,Bladen County,rural,South,South Atlantic,874.858,32270,21145,60,131
2001,37017,NC,Bladen County,rural,South,South Atlantic,874.858,32714,21330,62,133
2002,37017,NC,Bladen County,rural,South,South Atlantic,874.858,32782,21287,578,123
2002,37017,,,,,,,,,64,
2003,37017,NC,Bladen County,urban,South,South Atlantic,874.858,33129,21402,66,126
2003,37017,NC,Bladen County,urban,South,South Atlantic,874.858,33129,21402,66,126
2004,37017,NC,Bladen County,rural,South,South Atlantic,874.858,33684,21786,68,137
2005,37017,NC,Bladen County,rural,South,South Atlantic,874.858,33934,22048,70,135
2006,37017,NC,Bladen County,urban,South,South Atlantic,874.858,34114,22279,70.5,132
2006,37017,NC,Bladen County,urban,South,South Atlantic,874.858,34114,22279,70.5,132
2007,37017,NC,Bladen County,rural,South,South Atlantic,874.858,34285,22445,71,139
2008,37017,NC,Bladen County, rural,South,South Atlantic,874.858,34665,22817,71.5,160
2009,37017,NC,Bladen County,urban,South,South Atlantic,874.858,34852,22878,72,153
2010,37017,NC,Bladen County,rural,South,South Atlantic,874.858,35182,23059,72.5,148
2011,37017,NC,Bladen County,rural,South,South Atlantic,874.858,35194,23052,73,141
2011,37017,NC,Bladen County,rural,South,South Atlantic,874.858,35194,23052,73,141
2012,37017,NC,Bladen County,rural,South,South Atlantic,874.858,34920,22820,73.5,141
2013,37017,NC,Bladen County,rural,South,South Atlantic,874.858,34866,22499,74,128
2013,37017,NC,Bladen County,rural,South,South Atlantic,874.858,34866,22499,74,128
2014,37017,NC,Bladen County,rural,South,South Atlantic,874.858,34704,22249,74,127
2015,37017,NC,Bladen County,rural,South,South Atlantic,874.858,34462,21857,74,128
2016,37017,NC,Bladen County,rural,South,South Atlantic,874.858,34211,21509,,
1970,37019,NC,Brunswick County,small/mid,South,South Atlantic,849.187,24532,14868,6,
1971,37019,NC,Brunswick County,small/mid,South,South Atlantic,849.187,25810,15739,5.75,
1971,37019,NC,Brunswick County,small/mid,South,South Atlantic,849.187,25810,15739,5.75,
1972,37019,NC,Brunswick County,small/mid,South,South Atlantic,849.187,28501,17610,5.5,
1973,37019,NC,Brunswick County,small/mid,South,South Atlantic,849.187,31419,19648,5.25,
1974,37019,NC,Brunswick County,small/mid,South,South Atlantic,849.187,33249,20915,5,
1975,37019,NC,Brunswick County,small/mid,South,South Atlantic,849.187,33939,21393,4.75,
1976,37019,NC,Brunswick County,small/mid,South,South Atlantic,849.187,34449,21899,4.5,
1977,37019,NC,Brunswick County,small/mid,South,South Atlantic,849.187,34389,21958,4.25,
1978,37019,NC,Brunswick County,Small/mid,South,South Atlantic,849.187,34715,22293,4,
1979,37019,NC,Brunswick County,small/mid,South,South Atlantic,849.187,35162,22655,8.6,
1980,37019,NC,Brunswick County,small/mid,South,South Atlantic,849.187,36055,23324,13.2,
1981,37019,NC,Brunswick County,  SMALL/MID ,South,South Atlantic,849.187,37156,24147,17.8,
1982,37019,NC,Brunswick County,SMALL/MID,South,South Atlantic,849.187,38704,25232,22.4,
1983,37019,NC,Brunswick County,small/mid,South,South Atlantic,849.187,40524,26477,27,100
1984,37019,NC,Brunswick County,small/mid,South,South Atlantic,849.187,42825,28133,29.6,106
1985,37019,NC,Brunswick County,SMALL/MID,South,South Atlantic,849.187,44810,29551,32.2,104
1986,37019,NC,Brunswick County,small/mid,South,South Atlantic,849.187,46779,30908,34.8,109
1987,37019,NC,Brunswick County,  SMALL/MID ,South,South Atlantic,849.187,48428,32042,37.4,105.8
1988,37019,NC,Brunswick County,small/mid,South,South Atlantic,849.187,49547,32746,40,102.6
1988,37019,NC,Brunswick County,small/mid,South,South Atlantic,849.187,49547,32746,40,102.6
1989,37019,NC,Brunswick County,small/mid,South,South Atlantic,849.187,50166,33093,43,99.4
1990,37019,NC,Brunswick County,small/mid,South,South Atlantic,849.187,51271,33688,46,96.2
1991,37019,NC,Brunswick County,small/mid,South,South Atlantic,849.187,52402,34354,44,93
1992,37019,NC,Brunswick County,small/mid,South,South Atlantic,849.187,54173,35301,47,105.5
1993,37019,NC,Brunswick County,small/mid,South,South Atlantic,849.187,56333,36558,45,118
1994,37019,NC,Brunswick County,small/mid,South,South Atlantic,849.187,58348,37804,49.83333,130.5
1995,37019,NC,Brunswick County,small/mid,South,South Atlantic,849.187,60627,39332,54.66667,143
1996,37019,NC,Brunswick County,SMALL/MID,South,South Atlantic,849.187,63177,40950,59.5,155.5
1997,37019,NC,Brunswick County,small/mid,South,South Atlantic,849.187,66021,42961,64.33334,168
1998,37019,NC,Brunswick County,small/mid,South,South Atlantic,849.187,68618,44751,69.16666,180.5
1999,37019,NC,Brunswick County,small/mid,South,South Atlantic,849.187,71367,46692,74,193
2000,37019,NC,Brunswick County,small/mid,South,South Atlantic,849.187,73717,48298,101.6667,194
2001,37019,NC,Brunswick County,small/mid,South,South Atlantic,849.187,76005,49700,129.3333,215
2002,37019,NC,Brunswick County,small/mid,South,South Atlantic,849.187,78296,51148,157,214
2003,37019,NC,Brunswick County,small/mid,South,South Atlantic,849.187,80584,52551,184.6667,216
2004,37019,NC,Brunswick County,small/mid,South,South Atlantic,849.187,83327,54358,212.3333,262
2005,37019,NC,Brunswick County,small/mid,South,South Atlantic,849.187,87846,57477,240,269
2006,37019,NC,Brunswick County,small/mid,South,South Atlantic,849.187,93938,61240,247.75,286
2006,37019,NC,Brunswick County,small/mid,South,South Atlantic,849.187,93938,61240,247.75,286
2007,37019,NC,Brunswick County,small/mid,South,South Atlantic,849.187,99008,64343,255.5,359
2008,37019,NC,Brunswick County,  SMALL/MID ,South,South Atlantic,849.187,103257,66399,263.25,401
2009,37019,NC,Brunswick County,small/mid,South,South Atlantic,849.187,105777,67261,271,404
2010,37019,NC,Brunswick County,small/mid,South,South Atlantic,849.187,107431,67627,278.75,430
2011,37019,NC,Brunswick County,small/mid,South,South Atlantic,849.187,108068,67857,286.5,416
2011,37019,NC,Brunswick County,small/mid,South,South Atlantic,849.187,108068,67857,286.5,416
2012,37019,NC,Brunswick County,small/mid,South,South Atlantic,849.187,110237,68264,294.25,381
2013,37019,NC,Brunswick County,  SMALL/MID ,South,South Atlantic,849.187,112081,67933,302,371
2014,37019,NC,Brunswick County,small/mid,South,South Atlantic,849.187,114999,68560,302,338
2015,37019,NC,Brunswick County,small/mid,South,South Atlantic,849.187,118384,69636,302,339
2016,37019,NC,Brunswick County,small/mid,South,South Atlantic,849.187,122297,71073,,
1970,37021,NC,Buncombe County,small/mid,South,South Atlantic,656.39,145633,90974,85,
1971,37021,NC,Buncombe County,small/mid,South,South Atlantic,656.39,147963,92794,84.5,
1972,37021,NC,Buncombe County,Small/mid,South,South Atlantic,656.39,148775,93790,84,
1973,37021,NC,Buncombe County,small/mid,South,South Atlantic,656.39,150459,95462,83.5,
1974,37021,NC,Buncombe County,small/mid,South,South Atlantic,656.39,152366,97292,83,
1975,37021,NC,Buncombe County,small/mid,South,South Atlantic,656.39,153363,98395,82.5,
1976,37021,NC,Buncombe County,small/mid,South,South Atlantic,656.39,153787,99268,82,
1977,37021,NC,Buncombe County,small/mid,South,South Atlantic,656.39,155843,101218,81.5,
1978,37021,NC,Buncombe County,  SMALL/MID ,South,South Atlantic,656.39,158159,103240,81,
1979,37021,NC,Buncombe County,small/mid,South,South Atlantic,656.39,159918,104777,86.2,
1980,37021,NC,Buncombe County,small/mid,South,South Atlantic,656.39,161264,105832,91.4,
1981,37021,NC,Buncombe County, small/mid,South,South Atlantic,656.39,161939,106420,96.6,
1982,37021,NC,Buncombe County,small/mid,South,South Atlantic,656.39,163687,107601,101.8,
1983,37021,NC,Buncombe County,small/mid,South,South Atlantic,656.39,163818,107684,107,538
1984,37021,NC,Buncombe County,small/mid,South,South Atlantic,656.39,165353,109014,697,525
1984,37021,,,,,,,,,118.5,
1985,37021,NC,Buncombe County,small/mid,South,South Atlantic,656.39,167135,110395,130,512
1986,37021,NC,Buncombe County,small/mid,South,South Atlantic,656.39,168424,111265,129,522
1987,37021,NC,Buncombe County,small/mid,South,South Atlantic,656.39,169584,111952,141,497.2
1988,37021,NC,Buncombe County,Small/mid,South,South Atlantic,656.39,171015,112596,143,472.4
1989,37021,NC,Buncombe County,  SMALL/MID ,South,South Atlantic,656.39,173142,113610,159,447.6
1990,37021,NC,Buncombe County, small/mid,South,South Atlantic,656.39,175204,114547,180,422.8
1991,37021,NC,Buncombe County,small/mid,South,South Atlantic,656.39,178409,116887,202,398
1992,37021,NC,Buncombe County,small/mid,South,South Atlantic,656.39,181710,118901,182,462.25
1993,37021,NC,Buncombe County,small/mid,South,South Atlantic,656.39,185738,121461,240,526.5
1994,37021,NC,Buncombe County,small/mid,South,South Atlantic,656.39,189316,123896,245.1667,590.75
1995,37021,NC,Buncombe County,small/mid  ,South,South Atlantic,656.39,192997,126695,250.3333,655
1996,37021,NC,Buncombe County,  SMALL/MID ,South,South Atlantic,656.39,196170,129178,255.5,719.25
1997,37021,NC,Buncombe County,small/mid,South,South Atlantic,656.39,198814,131098,260.6667,783.5
1998,37021,NC,Buncombe County,small/mid,South,South Atlantic,656.39,201675,133478,265.8333,847.75
1999,37021,NC,Buncombe County,small/mid,South,South Atlantic,656.39,204340,135638,271,912
2000,37021,NC,Buncombe County,small/mid,South,South Atlantic,656.39,207152,137840,300,926
2001,37021,NC,Buncombe County,Small/mid,South,South Atlantic,656.39,209104,139359,275,966
2001,37021,NC,Buncombe County,Small/mid,South,South Atlantic,656.39,209104,139359,275,966
2002,37021,NC,Buncombe County,small/mid  ,South,South Atlantic,656.39,211841,141807,310,969
2003,37021,NC,Buncombe County,small/mid,South,South Atlantic,656.39,214982,144384,348,1067
2004,37021,NC,Buncombe County,small/mid,South,South Atlantic,656.39,218139,146891,314,1110
2005,37021,NC,Buncombe County,small/mid,South,South Atlantic,656.39,221642,149540,377,1166
2006,37021,NC,Buncombe County,small/mid,South,South Atlantic,656.39,226524,152927,387.25,1189
2007,37021,NC,Buncombe County,small/mid,South,South Atlantic,656.39,230766,155678,397.5,1289
2008,37021,NC,Buncombe County,small/mid,South,South Atlantic,656.39,233772,157510,407.75,1294
2009,37021,NC,Buncombe County,Small/mid,South,South Atlantic,656.39,236349,158830,418,1266
2010,37021,NC,Buncombe County,small/mid,South,South Atlantic,656.39,238328,159881,428.25,1191
2011,37021,NC,Buncombe County,Small/mid,South,South Atlantic,656.39,238733,160134,438.5,1175
2012,37021,NC,Buncombe County,small/mid,South,South Atlantic,656.39,241224,161483,448.75,1098
2013,37021,NC,Buncombe County,small/mid,South,South Atlantic,656.39,243741,161859,459,1092
2014,37021,NC,Buncombe County,small/mid,South,South Atlantic,656.39,246948,163402,456.5,1043
2015,37021,NC,Buncombe County,small/mid,South,South Atlantic,656.39,249302,164243,454,1027
2016,37021,NC,Buncombe County,small/mid,South,South Atlantic,656.39,252149,165411,,
1970,37023,NC,Burke County,small/mid  ,South,South Atlantic,506.246,60831,38949,0,
1971,37023,NC,Burke County,small/mid,South,South Atlantic,506.246,62720,40330,0,
1972,37023,NC,Burke County,SMALL/MID,South,South Atlantic,506.246,64570,41810,0,
1972,37023,NC,Burke County,SMALL/MID,South,South Atlantic,506.246,64570,41810,0,
1973,37023,NC,Burke County,small/mid,South,South Atlantic,506.246,66804,43592,0,
1974,37023,NC,Burke County,small/mid,South,South Atlantic,506.246,67782,44445,0,
1975,37023,NC,Burke County,small/mid,South,South Atlantic,506.246,68383,45000,501,
1975,37023,,,,,,,,,0,
1976,37023,NC,Burke County,small/mid,South,South Atlantic,506.246,68896,45692,0,
1977,37023,NC,Burke County,small/mid,South,South Atlantic,506.246,69186,46162,0,
1978,37023,NC,Burke County,SMALL/MID,South,South Atlantic,506.246,69963,46934,17,
1979,37023,NC,Burke County,small/mid,South,South Atlantic,506.246,71347,48143,18.4,
1980,37023,NC,Burke County,small/mid,South,South Atlantic,506.246,72640,49198,19.8,
1981,37023,NC,Burke County,small/mid,South,South Atlantic,506.246,72879,49464,21.2,
1982,37023,NC,Burke County,small/mid,South,South Atlantic,506.246,73587,49997,22.6,
1982,37023,NC,Burke County,small/mid,South,South Atlantic,506.246,73587,49997,22.6,
1983,37023,NC,Burke County,small/mid,South,South Atlantic,506.246,73191,49763,24,131
1984,37023,NC,Burke County,small/mid,South,South Atlantic,506.246,73763,50341,24.4,123
1985,37023,NC,Burke County,small/mid,South,South Atlantic,506.246,74445,50943,24.8,143
1986,37023,NC,Burke County,small/mid,South,South Atlantic,506.246,74581,51098,25.2,162
1987,37023,NC,Burke County,small/mid,South,South Atlantic,506.246,74695,51190,25.6,163
1988,37023,NC,Burke County,small/mid,South,South Atlantic,506.246,75349,51546,26,164
1989,37023,NC,Burke County,small/mid,South,South Atlantic,506.246,75590,51588,30.4,165
1990,37023,NC,Burke County,small/mid,South,South Atlantic,506.246,76046,51722,34.8,166
1991,37023,NC,Burke County,Small/mid,South,South Atlantic,506.246,76995,52212,39.2,167
1992,37023,NC,Burke County, small/mid,South,South Atlantic,506.246,78455,52951,43.6,176.375
1992,37023,NC,Burke County, small/mid,South,South Atlantic,506.246,78455,52951,43.6,176.375
1993,37023,NC,Burke County,small/mid,South,South Atlantic,506.246,79852,53678,48,185.75
1994,37023,NC,Burke County, small/mid,South,South Atlantic,506.246,81587,54753,111,195.125
1995,37023,NC,Burke County,small/mid,South,South Atlantic,506.246,83235,55835,67,204.5
1996,37023,NC,Burke County,small/mid,South,South Atlantic,506.246,84382,56557,52,213.875
1997,37023,NC,Burke County,small/mid,South,South Atlantic,506.246,86012,57498,48,223.25
1998,37023,NC,Burke County,small/mid,South,South Atlantic,506.246,87350,58341,50,232.625
1999,37023,NC,Burke County,small/mid,South,South Atlantic,506.246,88496,59061,53,242
1999,37023,NC,Burke County,small/mid,South,South Atlantic,506.246,88496,59061,53,242
2000,37023,NC,Burke County,small/mid,South,South Atlantic,506.246,89353,59527,53.16667,231
2001,37023,NC,Burke County,small/mid,South,South Atlantic,506.246,89525,59676,53.33333,245
2001,37023,NC,Burke County,small/mid,South,South Atlantic,506.246,89525,59676,53.33333,245
2002,37023,NC,Burke County,small/mid,South,South Atlantic,506.246,89371,59494,53.5,232
2002,37023,NC,Burke County,small/mid,South,South Atlantic,506.246,89371,59494,53.5,232
2003,37023,NC,Burke County,small/mid  ,South,South Atlantic,506.246,89493,59627,53.66667,212
2004,37023,NC,Burke County,small/mid,South,South Atlantic,506.246,89394,59658,53.83333,262
2005,37023,NC,Burke County,SMALL/MID,South,South Atlantic,506.246,89526,59770,54,273
2006,37023,NC,Burke County,small/mid,South,South Atlantic,506.246,89903,59875,190,273
2007,37023,NC,Burke County,small/mid,South,South Atlantic,506.246,90146,60023,188,251
2008,37023,NC,Burke County,small/mid,South,South Atlantic,506.246,90788,60175,180,279
2009,37023,NC,Burke County,small/mid,South,South Atlantic,506.246,91178,60278,155,278
2010,37023,NC,Burke County,small/mid,South,South Atlantic,506.246,90838,59971,155,264
2011,37023,NC,Burke County,small/mid,South,South Atlantic,506.246,90577,59839,152,271
2011,37023,NC,Burke County,small/mid,South,South Atlantic,506.246,90577,59839,152,271
2012,37023,NC,Burke County,small/mid,South,South Atlantic,506.246,90490,59856,165,263
2013,37023,NC,Burke County,small/mid,South,South Atlantic,506.246,89755,59077,175.5,281
2014,37023,NC,Burke County,small/mid,South,South Atlantic,506.246,89141,58640,186,301
2015,37023,NC,Burke County,Small/mid,South,South Atlantic,506.246,88610,57942,176,326
2016,37023,NC,Burke County,small/mid  ,South,South Atlantic,506.246,88644,57825,,
2016,37023,NC,Burke County,small/mid  ,South,South Atlantic,506.246,88644,57825,,
1970,37025,NC,Cabarrus County,suburban,South,South Atlantic,361.238,75026,48280,19,
1971,37025,NC,Cabarrus County,suburban,South,South Atlantic,361.238,76652,49357,19.25,
1972,37025,NC,Cabarrus County,suburban,South,South Atlantic,361.238,77633,50112,19.5,
1973,37025,NC,Cabarrus County,suburban,South,South Atlantic,361.238,78487,50808,19.75,
1974,37025,NC,Cabarrus County,suburban,South,South Atlantic,361.238,79462,51611,20,
1975,37025,NC,Cabarrus County,suburban,South,South Atlantic,361.238,80013,52075,20.25,
1976,37025,NC,Cabarrus County,suburban,South,South Atlantic,361.238,80137,52360,20.5,
1977,37025,NC,Cabarrus County,SUBURBAN,South,South Atlantic,361.238,81316,53280,20.75,
1978,37025,NC,Cabarrus County,suburban,South,South Atlantic,361.238,82296,54087,21,
1979,37025,NC,Cabarrus County,suburban,South,South Atlantic,361.238,84167,55439,28.6,
1980,37025,NC,Cabarrus County,suburban,South,South Atlantic,361.238,86300,57045,36.2,
1981,37025,NC,Cabarrus County,suburban,South,South Atlantic,361.238,87672,58116,43.8,
1982,37025,NC,Cabarrus County,suburban,South,South Atlantic,361.238,89150,59195,51.4,
1983,37025,NC,Cabarrus County,suburban,South,South Atlantic,361.238,90046,59874,59,377
1984,37025,NC,Cabarrus County,suburban,South,South Atlantic,361.238,91301,60971,47.5,400
1985,37025,NC,Cabarrus County,suburban,South,South Atlantic,361.238,92232,61783,36,425
1986,37025,NC,Cabarrus County,suburban,South,South Atlantic,361.238,93101,62465,54,449
1987,37025,NC,Cabarrus County,suburban,South,South Atlantic,361.238,94428,63403,56,403
1988,37025,NC,Cabarrus County,suburban,South,South Atlantic,361.238,95852,64258,48,357
1989,37025,NC,Cabarrus County,suburban,South,South Atlantic,361.238,97381,65137,59,311
1990,37025,NC,Cabarrus County,suburban,South,South Atlantic,361.238,99590,66414,94,265
1991,37025,NC,Cabarrus County,SUBURBAN,South,South Atlantic,361.238,101944,67857,106,219
1992,37025,NC,Cabarrus County,suburban,South,South Atlantic,361.238,104351,69287,117,259.75
1993,37025,NC,Cabarrus County, suburban,South,South Atlantic,361.238,106023,70199,125,300.5
1994,37025,NC,Cabarrus County,suburban,South,South Atlantic,361.238,108410,71687,123,341.25
1995,37025,NC,Cabarrus County,suburban,South,South Atlantic,361.238,111484,73725,113,382
1995,37025,NC,Cabarrus County,suburban,South,South Atlantic,361.238,111484,73725,113,382
1996,37025,NC,Cabarrus County,suburban,South,South Atlantic,361.238,114989,76229,120,422.75
1997,37025,NC,Cabarrus County,suburban,South,South Atlantic,361.238,118515,78697,119,463.5
1998,37025,NC,Cabarrus County,suburban,South,South Atlantic,361.238,123005,81898,130,504.25
1999,37025,NC,Cabarrus County,suburban,South,South Atlantic,361.238,127826,85301,138,545
2000,37025,NC,Cabarrus County,suburban,South,South Atlantic,361.238,132231,88439,150,590
2000,37025,NC,Cabarrus County,suburban,South,South Atlantic,361.238,132231,88439,150,590
2001,37025,NC,Cabarrus County,suburban,South,South Atlantic,361.238,136463,91304,162,547
2002,37025,NC,Cabarrus County,suburban,South,South Atlantic,361.238,140054,93407,174,541
2003,37025,NC,Cabarrus County,suburban,South,South Atlantic,361.238,143336,95397,186,561
2004,37025,NC,Cabarrus County,suburban,South,South Atlantic,361.238,146429,97487,198,576
2005,37025,NC,Cabarrus County,suburban,South,South Atlantic,361.238,150797,100436,210,615
2006,37025,NC,Cabarrus County,suburban,South,South Atlantic,361.238,157735,104995,230.125,626
2007,37025,NC,Cabarrus County,suburban,South,South Atlantic,361.238,165717,109998,250.25,645
2008,37025,NC,Cabarrus County,suburban,South,South Atlantic,361.238,171915,113778,270.375,671
2009,37025,NC,Cabarrus County,suburban,South,South Atlantic,361.238,175993,115992,290.5,670
2010,37025,NC,Cabarrus County,suburban,South,South Atlantic,361.238,178086,117299,310.625,690
2010,37025,NC,Cabarrus County,suburban,South,South Atlantic,361.238,178086,117299,310.625,690
2011,37025,NC,Cabarrus County, suburban,South,South Atlantic,361.238,178537,117637,330.75,704
2012,37025,NC,Cabarrus County,suburban  ,South,South Atlantic,361.238,181228,119663,350.875,690
2012,37025,NC,Cabarrus County,suburban  ,South,South Atlantic,361.238,181228,119663,350.875,690
2013,37025,NC,Cabarrus County,suburban,South,South Atlantic,361.238,184232,121263,371,709
2014,37025,NC,Cabarrus County,suburban,South,South Atlantic,361.238,187160,123024,371,701
2015,37025,NC,Cabarrus County,suburban,South,South Atlantic,361.238,191662,125957,371,753
2016,37025,NC,Cabarrus County,suburban,South,South Atlantic,361.238,196315,129054,,
1970,37027,NC,Caldwell County,small/mid,South,South Atlantic,471.891,56941,35545,31,
1971,37027,NC,Caldwell County,small/mid,South,South Atlantic,471.891,57923,36287,30.5,
1972,37027,NC,Caldwell County,small/mid,South,South Atlantic,471.891,59274,37383,30,
1973,37027,NC,Caldwell County,small/mid,South,South Atlantic,471.891,60970,38757,29.5,
1974,37027,NC,Caldwell County,small/mid,South,South Atlantic,471.891,62282,39833,29,
1975,37027,NC,Caldwell County,small/mid,South,South Atlantic,471.891,63000,40476,28.5,
1975,37027,NC,Caldwell County,small/mid,South,South Atlantic,471.891,63000,40476,28.5,
1976,37027,NC,Caldwell County,small/mid,South,South Atlantic,471.891,63590,41257,28,
1977,37027,NC,Caldwell County,small/mid,South,South Atlantic,471.891,64307,42106,27.5,
1978,37027,NC,Caldwell County,small/mid,South,South Atlantic,471.891,65437,43193,27,
1978,37027,NC,Caldwell County,small/mid,South,South Atlantic,471.891,65437,43193,27,
1979,37027,NC,Caldwell County,small/mid,South,South Atlantic,471.891,66392,44086,26.8,
1980,37027,NC,Caldwell County,small/mid,South,South Atlantic,471.891,67856,45293,26.6,
1981,37027,NC,Caldwell County,small/mid,South,South Atlantic,471.891,67992,45588,26.4,
1982,37027,NC,Caldwell County,small/mid,South,South Atlantic,471.891,68053,45787,26.2,
1983,37027,NC,Caldwell County,small/mid,South,South Atlantic,471.891,67602,45635,26,135
1984,37027,NC,Caldwell County,small/mid,South,South Atlantic,471.891,68661,46634,30,142
1984,37027,NC,Caldwell County,small/mid,South,South Atlantic,471.891,68661,46634,30,142
1985,37027,NC,Caldwell County,small/mid,South,South Atlantic,471.891,69942,47740,34,168
1986,37027,NC,Caldwell County,small/mid,South,South Atlantic,471.891,69739,47766,46,165
1987,37027,NC,Caldwell County,small/mid,South,South Atlantic,471.891,70099,48127,47,161
1988,37027,NC,Caldwell County,small/mid,South,South Atlantic,471.891,70820,48628,44,157
1989,37027,NC,Caldwell County,small/mid,South,South Atlantic,471.891,70784,48587,49.8,153
1990,37027,NC,Caldwell County,small/mid,South,South Atlantic,471.891,70846,48509,55.6,149
1991,37027,NC,Caldwell County,small/mid,South,South Atlantic,471.891,71267,48640,61.4,145
1992,37027,NC,Caldwell County,small/mid  ,South,South Atlantic,471.891,71743,48734,67.2,160.875
1993,37027,NC,Caldwell County,small/mid,South,South Atlantic,471.891,72472,49129,73,176.75
1994,37027,NC,Caldwell County,Small/mid,South,South Atlantic,471.891,72953,49404,75.83334,192.625
1994,37027,NC,Caldwell County,Small/mid,South,South Atlantic,471.891,72953,49404,75.83334,192.625
1995,37027,NC,Caldwell County,small/mid,South,South Atlantic,471.891,73822,49944,78.66666,208.5
1996,37027,NC,Caldwell County,SMALL/MID,South,South Atlantic,471.891,74599,50346,81.5,224.375
1997,37027,NC,Caldwell County,small/mid,South,South Atlantic,471.891,75525,50802,84.33334,240.25
1998,37027,NC,Caldwell County,small/mid,South,South Atlantic,471.891,75995,51113,87.16666,256.125
1999,37027,NC,Caldwell County,small/mid  ,South,South Atlantic,471.891,76663,51461,90,272
2000,37027,NC,Caldwell County,small/mid,South,South Atlantic,471.891,77721,52138,111.6667,243
2001,37027,NC,Caldwell County,small/mid,South,South Atlantic,471.891,78375,52449,133.3333,238
2002,37027,NC,Caldwell County,Small/mid,South,South Atlantic,471.891,78920,52803,155,211
2003,37027,NC,Caldwell County,small/mid,South,South Atlantic,471.891,79380,52981,176.6667,203
2003,37027,NC,Caldwell County,small/mid,South,South Atlantic,471.891,79380,52981,176.6667,203
2004,37027,NC,Caldwell County,small/mid,South,South Atlantic,471.891,79471,53048,198.3333,237
2004,37027,NC,Caldwell County,small/mid,South,South Atlantic,471.891,79471,53048,198.3333,237
2005,37027,NC,Caldwell County,small/mid,South,South Atlantic,471.891,80218,53490,220,249
2006,37027,NC,Caldwell County,small/mid,South,South Atlantic,471.891,80897,53921,210,248
2007,37027,NC,Caldwell County,small/mid,South,South Atlantic,471.891,81588,54124,200,240
2008,37027,NC,Caldwell County,small/mid,South,South Atlantic,471.891,82527,54599,178,259
2009,37027,NC,Caldwell County,small/mid,South,South Atlantic,471.891,82798,54762,165,268
2010,37027,NC,Caldwell County,small/mid,South,South Atlantic,471.891,83047,54919,179,291
2011,37027,NC,Caldwell County,small/mid,South,South Atlantic,471.891,83009,54907,181,302
2012,37027,NC,Caldwell County,small/mid,South,South Atlantic,471.891,82446,54433,175,270
2012,37027,NC,Caldwell County,small/mid,South,South Atlantic,471.891,82446,54433,175,270
2013,37027,NC,Caldwell County,small/mid,South,South Atlantic,471.891,82096,53812,178,267
2013,37027,NC,Caldwell County,small/mid,South,South Atlantic,471.891,82096,53812,178,267
2014,37027,NC,Caldwell County,small/mid,South,South Atlantic,471.891,82041,53544,178,267
2015,37027,NC,Caldwell County,small/mid,South,South Atlantic,471.891,81681,53092,178,271
2016,37027,NC,Caldwell County,small/mid,South,South Atlantic,471.891,81537,52910,,
2016,37027,NC,Caldwell County,small/mid,South,South Atlantic,471.891,81537,52910,,
1970,37029,NC,Camden County,rural,South,South Atlantic,240.329,5460,3175,0.6428427,
1971,37029,NC,Camden County,rural,South,South Atlantic,240.329,5522,3234,0.6503513,
1972,37029,NC,Camden County,rural,South,South Atlantic,240.329,5580,3306,0.9242132,
1973,37029,NC,Camden County,rural,South,South Atlantic,240.329,5749,3452,1.230342,
1974,37029,NC,Camden County,rural  ,South,South Atlantic,240.329,5694,3447,515,
1974,37029,,,,,,,,,1.481644,
1975,37029,NC,Camden County,rural,South,South Atlantic,240.329,5743,3513,1.744912,
1976,37029,NC,Camden County,rural,South,South Atlantic,240.329,5583,3462,1.966128,
1977,37029,NC,Camden County,rural  ,South,South Atlantic,240.329,5600,3514,2.23565,
1978,37029,NC,Camden County,rural,South,South Atlantic,240.329,5724,3643,2.568337,
1978,37029,NC,Camden County,rural,South,South Atlantic,240.329,5724,3643,2.568337,
1979,37029,NC,Camden County,rural,South,South Atlantic,240.329,5757,3696,2.832831,
1980,37029,NC,Camden County,rural,South,South Atlantic,240.329,5797,3751,3.122995,
1981,37029,NC,Camden County,rural,South,South Atlantic,240.329,5686,3694,3.352848,
1982,37029,NC,Camden County,rural,South,South Atlantic,240.329,5674,3692,3.618914,
1983,37029,NC,Camden County,rural,South,South Atlantic,240.329,5712,3731,3.933579,18
1984,37029,NC,Camden County,rural,South,South Atlantic,240.329,5704,3745,4.166609,21
1985,37029,NC,Camden County,rural,South,South Atlantic,240.329,5596,3687,4.311391,20
1986,37029,NC,Camden County,rural,South,South Atlantic,240.329,5573,3683,4.507956,23
1987,37029,NC,Camden County,rural,South,South Atlantic,240.329,5642,3734,4.792354,28
1988,37029,NC,Camden County,rural,South,South Atlantic,240.329,5707,3783,5.08058,33
1989,37029,NC,Camden County,rural,South,South Atlantic,240.329,5803,3839,6.085907,38
1990,37029,NC,Camden County,rural,South,South Atlantic,240.329,5937,3922,7.152504,43
1991,37029,NC,Camden County,rural,South,South Atlantic,240.329,6025,3970,8.147755,48
1992,37029,NC,Camden County,rural,South,South Atlantic,240.329,6146,4038,9.109156,43.375
1993,37029,NC,Camden County,rural,South,South Atlantic,240.329,6193,4061,9.966756,38.75
1994,37029,NC,Camden County,rural,South,South Atlantic,240.329,6346,4171,8.036609,34.125
1995,37029,NC,Camden County,rural,South,South Atlantic,240.329,6366,4195,8.539507,29.5
1996,37029,NC,Camden County,rural,South,South Atlantic,240.329,6482,4282,10.45283,24.875
1997,37029,NC,Camden County,  RURAL ,South,South Atlantic,240.329,6662,4413,13.44352,20.25
1998,37029,NC,Camden County,rural,South,South Atlantic,240.329,6764,4486,11.64142,15.625
1999,37029,NC,Camden County,Rural,South,South Atlantic,240.329,6801,4504,13.65326,11
2000,37029,NC,Camden County, rural,South,South Atlantic,240.329,6925,4586,13.81405,11
2001,37029,NC,Camden County,rural,South,South Atlantic,240.329,7100,4712,10.27817,10
2002,37029,NC,Camden County,rural,South,South Atlantic,240.329,7412,4893,13.76255,13
2003,37029,NC,Camden County,rural,South,South Atlantic,240.329,7894,5196,14.1674,14
2004,37029,NC,Camden County,rural,South,South Atlantic,240.329,8415,5543,19.89538,19
2005,37029,NC,Camden County,rural,South,South Atlantic,240.329,8991,5963,19.80253,13
2006,37029,NC,Camden County,rural,South,South Atlantic,240.329,9321,6121,18.63111,11
2007,37029,NC,Camden County,rural,South,South Atlantic,240.329,9570,6306,25.29671,19
2008,37029,NC,Camden County,rural,South,South Atlantic,240.329,9802,6485,25.95597,22
2009,37029,NC,Camden County,rural,South,South Atlantic,240.329,9899,6547,23.73169,16
2010,37029,NC,Camden County,Rural,South,South Atlantic,240.329,9980,6617,27.02323,19
2011,37029,NC,Camden County,rural,South,South Atlantic,240.329,10009,6627,21.2604,18
2012,37029,NC,Camden County,rural,South,South Atlantic,240.329,10023,6619,25.19376,21
2013,37029,NC,Camden County,rural,South,South Atlantic,240.329,10001,6626,550,16
2013,37029,,,,,,,,,23.77477,
2014,37029,NC,Camden County, rural,South,South Atlantic,240.329,10112,6682,22.08857,14
2015,37029,NC,Camden County,rural,South,South Atlantic,240.329,10276,6787,21.94431,18
2016,37029,NC,Camden County,rural,South,South Atlantic,240.329,10289,6803,,
2016,37029,NC,Camden County,rural,South,South Atlantic,240.329,10289,6803,,
1970,37031,NC,Carteret County,rural,South,South Atlantic,507.628,31870,20086,15,
1971,37031,NC,Carteret County,rural,South,South Atlantic,507.628,32993,20970,15.875,
1972,37031,NC,Carteret County,rural,South,South Atlantic,507.628,33821,21691,16.75,
1973,37031,NC,Carteret County,rural,South,South Atlantic,507.628,35222,22843,17.625,
1974,37031,NC,Carteret County,rural  ,South,South Atlantic,507.628,36216,23649,18.5,
1975,37031,NC,Carteret County,rural,South,South Atlantic,507.628,37430,24595,19.375,
1976,37031,NC,Carteret County, rural,South,South Atlantic,507.628,38750,25695,20.25,
1977,37031,NC,Carteret County,rural,South,South Atlantic,507.628,39606,26496,21.125,
1978,37031,NC,Carteret County,rural,South,South Atlantic,507.628,40351,27105,22,
1979,37031,NC,Carteret County,rural,South,South Atlantic,507.628,41018,27677,20,
1980,37031,NC,Carteret County,rural,South,South Atlantic,507.628,41396,27927,18,
1981,37031,NC,Carteret County,rural,South,South Atlantic,507.628,42450,28664,16,
1982,37031,NC,Carteret County,rural,South,South Atlantic,507.628,43763,29541,14,
1983,37031,NC,Carteret County,rural,South,South Atlantic,507.628,45501,30696,12,104
1984,37031,NC,Carteret County,rural,South,South Atlantic,507.628,47088,31841,14.6,113
1985,37031,NC,Carteret County,rural,South,South Atlantic,507.628,48315,32717,17.2,122
1986,37031,NC,Carteret County,RURAL,South,South Atlantic,507.628,49666,33613,19.8,139
1987,37031,NC,Carteret County,rural,South,South Atlantic,507.628,50603,34199,22.4,128.4
1988,37031,NC,Carteret County,rural,South,South Atlantic,507.628,51170,34465,25,117.8
1989,37031,NC,Carteret County,rural,South,South Atlantic,507.628,51592,34616,24,107.2
1990,37031,NC,Carteret County,rural,South,South Atlantic,507.628,52687,35196,23,96.6
1991,37031,NC,Carteret County,rural,South,South Atlantic,507.628,53368,35517,22,86
1992,37031,NC,Carteret County, rural,South,South Atlantic,507.628,54434,36057,21,97.375
1993,37031,NC,Carteret County,rural,South,South Atlantic,507.628,55258,36415,20,108.75
1994,37031,NC,Carteret County,rural,South,South Atlantic,507.628,55794,36664,30,120.125
1995,37031,NC,Carteret County,rural,South,South Atlantic,507.628,57035,37578,40,131.5
1996,37031,NC,Carteret County,rural,South,South Atlantic,507.628,57983,38196,50,142.875
1997,37031,NC,Carteret County,rural,South,South Atlantic,507.628,58874,38821,60,154.25
1998,37031,NC,Carteret County,  RURAL ,South,South Atlantic,507.628,59224,39150,70,165.625
1998,37031,NC,Carteret County,  RURAL ,South,South Atlantic,507.628,59224,39150,70,165.625
1999,37031,NC,Carteret County,rural,South,South Atlantic,507.628,59341,39230,80,177
2000,37031,NC,Carteret County,rural,South,South Atlantic,507.628,59406,39251,82.5,180
2001,37031,NC,Carteret County,rural,South,South Atlantic,507.628,59790,39434,85,178
2002,37031,NC,Carteret County,rural,South,South Atlantic,507.628,60311,39862,87.5,192
2003,37031,NC,Carteret County,rural,South,South Atlantic,507.628,61067,40373,90,206
2004,37031,NC,Carteret County,Rural,South,South Atlantic,507.628,62127,41205,92.5,208
2005,37031,NC,Carteret County,rural,South,South Atlantic,507.628,62833,41818,95,208
2006,37031,NC,Carteret County,rural  ,South,South Atlantic,507.628,64028,42644,101.625,212
2007,37031,NC,Carteret County,rural,South,South Atlantic,507.628,64258,42708,108.25,205
2008,37031,NC,Carteret County,rural,South,South Atlantic,507.628,64700,42717,114.875,242
2009,37031,NC,Carteret County,rural,South,South Atlantic,507.628,65670,43170,121.5,232
2010,37031,NC,Carteret County,rural,South,South Atlantic,507.628,66463,43618,128.125,249
2011,37031,NC,Carteret County,rural,South,South Atlantic,507.628,66700,43746,134.75,205
2012,37031,NC,Carteret County,Rural,South,South Atlantic,507.628,67426,43868,141.375,185
2013,37031,NC,Carteret County,rural,South,South Atlantic,507.628,67776,43525,148,186
2014,37031,NC,Carteret County,RURAL,South,South Atlantic,507.628,68386,43533,148,219
2015,37031,NC,Carteret County,rural  ,South,South Atlantic,507.628,68644,43339,148,241
2016,37031,NC,Carteret County,rural,South,South Atlantic,507.628,68729,43010,,
2016,37031,NC,Carteret County,rural,South,South Atlantic,507.628,68729,43010,,
1970,37033,NC,Caswell County,rural,South,South Atlantic,425.366,19124,11556,13,
1970,37033,NC,Caswell County,rural,South,South Atlantic,425.366,19124,11556,13,
1971,37033,NC,Caswell County,rural,South,South Atlantic,425.366,19412,11842,11.625,
1972,37033,NC,Caswell County,rural,South,South Atlantic,425.366,19644,12118,10.25,
1973,37033,NC,Caswell County,rural,South,South Atlantic,425.366,20136,12581,8.875,
1974,37033,NC,Caswell County,rural,South,South Atlantic,425.366,20193,12753,7.5,
1975,37033,NC,Caswell County,rural,South,South Atlantic,425.366,20375,13001,6.125,
1976,37033,NC,Caswell County,rural,South,South Atlantic,425.366,20507,13255,4.75,
1977,37033,NC,Caswell County,rural,South,South Atlantic,425.366,20368,13284,3.375,
1978,37033,NC,Caswell County,rural,South,South Atlantic,425.366,20439,13433,2,
1978,37033,NC,Caswell County,rural,South,South Atlantic,425.366,20439,13433,2,
1979,37033,NC,Caswell County,rural,South,South Atlantic,425.366,20386,13497,3.2,
1980,37033,NC,Caswell County,rural,South,South Atlantic,425.366,20717,13797,4.4,
1981,37033,NC,Caswell County,rural,South,South Atlantic,425.366,20856,13909,5.6,
1982,37033,NC,Caswell County,rural,South,South Atlantic,425.366,21417,14289,6.8,
1983,37033,NC,Caswell County,rural,South,South Atlantic,425.366,21400,14277,8,45
1984,37033,NC,Caswell County,rural,South,South Atlantic,425.366,21565,14421,13,58
1985,37033,NC,Caswell County,rural,South,South Atlantic,425.366,21574,14464,18,74
1986,37033,NC,Caswell County,rural,South,South Atlantic,425.366,21472,14397,15,90
1987,37033,NC,Caswell County, rural,South,South Atlantic,425.366,21292,14276,19,87
1988,37033,NC,Caswell County,rural,South,South Atlantic,425.366,21070,14088,13,84
1989,37033,NC,Caswell County,rural,South,South Atlantic,425.366,20919,13945,14,81
1990,37033,NC,Caswell County,rural,South,South Atlantic,425.366,20671,13720,15,78
1991,37033,NC,Caswell County,rural,South,South Atlantic,425.366,20841,13802,16,75
1992,37033,NC,Caswell County,rural,South,South Atlantic,425.366,20864,13769,17,77
1993,37033,NC,Caswell County,rural,South,South Atlantic,425.366,21172,13989,18,79
1994,37033,NC,Caswell County,Rural,South,South Atlantic,425.366,21436,14221,21,81
1995,37033,NC,Caswell County,rural,South,South Atlantic,425.366,21790,14473,24,83
1996,37033,NC,Caswell County,rural,South,South Atlantic,425.366,21969,14603,27,85
1997,37033,NC,Caswell County,rural,South,South Atlantic,425.366,22778,15312,557,87
1997,37033,,,,,,,,,30,
1998,37033,NC,Caswell County,rural,South,South Atlantic,425.366,23002,15543,33,89
1999,37033,NC,Caswell County,rural,South,South Atlantic,425.366,23255,15704,36,91
1999,37033,NC,Caswell County,rural,South,South Atlantic,425.366,23255,15704,36,91
2000,37033,NC,Caswell County,rural,South,South Atlantic,425.366,23527,15913,35.33333,77
2001,37033,NC,Caswell County,rural,South,South Atlantic,425.366,23610,15936,34.66667,78
2002,37033,NC,Caswell County,rural,South,South Atlantic,425.366,23767,16113,34,88
2003,37033,NC,Caswell County,rural,South,South Atlantic,425.366,23833,16114,33.33333,86
2004,37033,NC,Caswell County,rural,South,South Atlantic,425.366,23801,16064,32.66667,91
2005,37033,NC,Caswell County,rural,South,South Atlantic,425.366,23827,16103,32,80
2006,37033,NC,Caswell County,rural,South,South Atlantic,425.366,23993,16220,28.375,83
2007,37033,NC,Caswell County,RURAL,South,South Atlantic,425.366,23914,16224,24.75,75
2008,37033,NC,Caswell County,rural,South,South Atlantic,425.366,23912,16211,21.125,78
2009,37033,NC,Caswell County,rural,South,South Atlantic,425.366,23725,16048,17.5,84
2010,37033,NC,Caswell County,rural,South,South Atlantic,425.366,23748,16036,13.875,65
2011,37033,NC,Caswell County,rural,South,South Atlantic,425.366,23768,16034,10.25,74
2011,37033,NC,Caswell County,rural,South,South Atlantic,425.366,23768,16034,10.25,74
2012,37033,NC,Caswell County,rural,South,South Atlantic,425.366,23478,15738,6.625,83
2013,37033,NC,Caswell County,rural,South,South Atlantic,425.366,23051,15326,3,73
2014,37033,NC,Caswell County,rural,South,South Atlantic,425.366,23096,15237,3,65
2014,37033,NC,Caswell County,rural,South,South Atlantic,425.366,23096,15237,3,65
2015,37033,NC,Caswell County,rural,South,South Atlantic,425.366,22831,14836,3,62
2016,37033,NC,Caswell County,rural,South,South Atlantic,425.366,22851,14709,,
1970,37035,NC,Catawba County,small/mid,South,South Atlantic,401.373,91383,58793,37,
1971,37035,NC,Catawba County,  SMALL/MID ,South,South Atlantic,401.373,93449,60285,36.25,
1972,37035,NC,Catawba County,small/mid,South,South Atlantic,401.373,95446,61907,35.5,
1973,37035,NC,Catawba County,small/mid,South,South Atlantic,401.373,97351,63508,34.75,
1974,37035,NC,Catawba County,small/mid  ,South,South Atlantic,401.373,98695,64630,34,
1975,37035,NC,Catawba County,small/mid,South,South Atlantic,401.373,99098,65032,33.25,
1976,37035,NC,Catawba County,small/mid,South,South Atlantic,401.373,99227,65469,32.5,
1977,37035,NC,Catawba County,small/mid,South,South Atlantic,401.373,100462,66667,31.75,
1978,37035,NC,Catawba County,small/mid,South,South Atlantic,401.373,101845,67885,31,
1979,37035,NC,Catawba County,small/mid,South,South Atlantic,401.373,103277,69115,34.8,
1980,37035,NC,Catawba County,small/mid,South,South Atlantic,401.373,105556,70883,38.6,
1981,37035,NC,Catawba County,small/mid,South,South Atlantic,401.373,106577,71849,42.4,
1982,37035,NC,Catawba County,small/mid,South,South Atlantic,401.373,107754,72830,46.2,
1983,37035,NC,Catawba County,SMALL/MID,South,South Atlantic,401.373,109002,73835,564,256
1983,37035,,,,,,,,,50,
1984,37035,NC,Catawba County,Small/mid,South,South Atlantic,401.373,110423,75167,60.5,233
1985,37035,NC,Catawba County,small/mid,South,South Atlantic,401.373,112097,76602,71,273
1986,37035,NC,Catawba County,small/mid,South,South Atlantic,401.373,113191,77528,125,313
1987,37035,NC,Catawba County,small/mid,South,South Atlantic,401.373,114648,78636,121,298.8
1987,37035,NC,Catawba County,small/mid,South,South Atlantic,401.373,114648,78636,121,298.8
1988,37035,NC,Catawba County,small/mid  ,South,South Atlantic,401.373,116250,79659,78,284.6
1989,37035,NC,Catawba County,small/mid,South,South Atlantic,401.373,117335,80277,89,270.4
1990,37035,NC,Catawba County,small/mid,South,South Atlantic,401.373,118945,81161,100,256.2
1991,37035,NC,Catawba County,SMALL/MID,South,South Atlantic,401.373,120669,82192,111,242
1992,37035,NC,Catawba County,small/mid,South,South Atlantic,401.373,122338,82896,122,264.375
1993,37035,NC,Catawba County,small/mid,South,South Atlantic,401.373,124280,83947,133,286.75
1994,37035,NC,Catawba County,small/mid,South,South Atlantic,401.373,126504,85458,120,309.125
1995,37035,NC,Catawba County,small/mid,South,South Atlantic,401.373,129003,87106,112,331.5
1996,37035,NC,Catawba County,small/mid,South,South Atlantic,401.373,131957,89089,112,353.875
1996,37035,NC,Catawba County,small/mid,South,South Atlantic,401.373,131957,89089,112,353.875
1997,37035,NC,Catawba County,  SMALL/MID ,South,South Atlantic,401.373,134311,90568,123,376.25
1998,37035,NC,Catawba County,small/mid,South,South Atlantic,401.373,137024,92407,130,398.625
1999,37035,NC,Catawba County,small/mid,South,South Atlantic,401.373,139522,93986,115,421
2000,37035,NC,Catawba County,small/mid,South,South Atlantic,401.373,142399,95908,120.5,415
2000,37035,NC,Catawba County,small/mid,South,South Atlantic,401.373,142399,95908,120.5,415
2001,37035,NC,Catawba County,small/mid,South,South Atlantic,401.373,144865,97240,126,388
2002,37035,NC,Catawba County,small/mid,South,South Atlantic,401.373,145343,97466,131.5,402
2003,37035,NC,Catawba County,small/mid,South,South Atlantic,401.373,145601,97498,137,411
2004,37035,NC,Catawba County,small/mid,South,South Atlantic,401.373,147016,98435,142.5,426
2005,37035,NC,Catawba County,small/mid,South,South Atlantic,401.373,148629,99412,148,443
2006,37035,NC,Catawba County,small/mid,South,South Atlantic,401.373,150449,100576,150,452
2007,37035,NC,Catawba County,small/mid,South,South Atlantic,401.373,152448,101623,169,486
2007,37035,NC,Catawba County,small/mid,South,South Atlantic,401.373,152448,101623,169,486
2008,37035,NC,Catawba County,small/mid,South,South Atlantic,401.373,153848,102169,222,469
2009,37035,NC,Catawba County,small/mid  ,South,South Atlantic,401.373,154610,102442,265,521
2010,37035,NC,Catawba County,small/mid,South,South Atlantic,401.373,154758,102454,238,488
2011,37035,NC,Catawba County,small/mid,South,South Atlantic,401.373,154775,102424,202,489
2012,37035,NC,Catawba County,small/mid,South,South Atlantic,401.373,154561,102174,225,481
2013,37035,NC,Catawba County,small/mid,South,South Atlantic,401.373,154815,101389,214,501
2014,37035,NC,Catawba County,small/mid,South,South Atlantic,401.373,155140,100927,272,539
2015,37035,NC,Catawba County,small/mid,South,South Atlantic,401.373,155342,100679,272,541
2016,37035,NC,Catawba County,small/mid,South,South Atlantic,401.373,155805,100780,,
1970,37037,NC,Chatham County,small/mid,South,South Atlantic,681.475,29705,18623,2,
1971,37037,NC,Chatham County,small/mid,South,South Atlantic,681.475,30355,19181,3.125,
1972,37037,NC,Chatham County, small/mid,South,South Atlantic,681.475,30384,19371,4.25,
1973,37037,NC,Chatham County,small/mid,South,South Atlantic,681.475,30538,19639,5.375,
1974,37037,NC,Chatham County,small/mid,South,South Atlantic,681.475,30614,19811,6.5,
1975,37037,NC,Chatham County,small/mid,South,South Atlantic,681.475,31078,20256,7.625,
1976,37037,NC,Chatham County,small/mid,South,South Atlantic,681.475,31566,20749,8.75,
1977,37037,NC,Chatham County,small/mid,South,South Atlantic,681.475,32024,21213,9.875,
1978,37037,NC,Chatham County,small/mid,South,South Atlantic,681.475,32701,21826,11,
1979,37037,NC,Chatham County,small/mid,South,South Atlantic,681.475,33357,22446,12,
1979,37037,NC,Chatham County,small/mid,South,South Atlantic,681.475,33357,22446,12,
1980,37037,NC,Chatham County,small/mid,South,South Atlantic,681.475,33527,22579,13,
1980,37037,NC,Chatham County,small/mid,South,South Atlantic,681.475,33527,22579,13,
1981,37037,NC,Chatham County,small/mid,South,South Atlantic,681.475,33983,22900,14,
1982,37037,NC,Chatham County,SMALL/MID,South,South Atlantic,681.475,34424,23183,15,
1983,37037,NC,Chatham County,small/mid,South,South Atlantic,681.475,34688,23340,16,90
1984,37037,NC,Chatham County,small/mid,South,South Atlantic,681.475,35328,23826,15.5,91
1985,37037,NC,Chatham County,small/mid,South,South Atlantic,681.475,35812,24169,15,94
1986,37037,NC,Chatham County,small/mid,South,South Atlantic,681.475,36592,24683,20,77
1987,37037,NC,Chatham County,SMALL/MID,South,South Atlantic,681.475,36994,24916,20,84.6
1988,37037,NC,Chatham County, small/mid,South,South Atlantic,681.475,37587,25220,28,92.2
1989,37037,NC,Chatham County,small/mid,South,South Atlantic,681.475,38254,25560,31.4,99.8
1990,37037,NC,Chatham County,small/mid,South,South Atlantic,681.475,39216,26077,34.8,107.4
1991,37037,NC,Chatham County,small/mid,South,South Atlantic,681.475,40107,26580,38.2,115
1992,37037,NC,Chatham County,small/mid,South,South Atlantic,681.475,41014,26959,41.6,114.25
1993,37037,NC,Chatham County,small/mid,South,South Atlantic,681.475,41873,27392,45,113.5
1994,37037,NC,Chatham County,small/mid,South,South Atlantic,681.475,42766,27933,43.83333,112.75
1994,37037,NC,Chatham County,small/mid,South,South Atlantic,681.475,42766,27933,43.83333,112.75
1995,37037,NC,Chatham County,small/mid,South,South Atlantic,681.475,43886,28655,42.66667,112
1996,37037,NC,Chatham County,small/mid,South,South Atlantic,681.475,45166,29515,41.5,111.25
1997,37037,NC,Chatham County,small/mid,South,South Atlantic,681.475,46339,30290,40.33333,110.5
1998,37037,NC,Chatham County,small/mid,South,South Atlantic,681.475,47291,30963,39.16667,109.75
1999,37037,NC,Chatham County,small/mid,South,South Atlantic,681.475,48398,31799,38,109
2000,37037,NC,Chatham County,small/mid  ,South,South Atlantic,681.475,49740,32752,37.5,106
2001,37037,NC,Chatham County,small/mid  ,South,South Atlantic,681.475,51482,33623,37,119
2002,37037,NC,Chatham County,small/mid,South,South Atlantic,681.475,53857,35342,36.5,120
2003,37037,NC,Chatham County,small/mid,South,South Atlantic,681.475,55061,36095,36,119
2004,37037,NC,Chatham County, small/mid,South,South Atlantic,681.475,56236,36738,35.5,146
2005,37037,NC,Chatham County,small/mid,South,South Atlantic,681.475,57045,37085,35,168
2006,37037,NC,Chatham County,small/mid,South,South Atlantic,681.475,58779,37898,36.25,145
2007,37037,NC,Chatham County,small/mid,South,South Atlantic,681.475,60054,38490,37.5,148
2008,37037,NC,Chatham County,small/mid,South,South Atlantic,681.475,61783,39418,38.75,154
2009,37037,NC,Chatham County,small/mid,South,South Atlantic,681.475,62693,39874,40,164
2010,37037,NC,Chatham County,small/mid,South,South Atlantic,681.475,63479,40198,41.25,155
2011,37037,NC,Chatham County,small/mid,South,South Atlantic,681.475,63849,40341,42.5,154
2012,37037,NC,Chatham County,small/mid,South,South Atlantic,681.475,64159,40189,43.75,145
2013,37037,NC,Chatham County, small/mid,South,South Atlantic,681.475,64590,39949,45,151
2014,37037,NC,Chatham County,small/mid,South,South Atlantic,681.475,65314,40001,46.5,141
2015,37037,NC,Chatham County,small/mid,South,South Atlantic,681.475,66791,40643,48,141
2016,37037,NC,Chatham County,small/mid,South,South Atlantic,681.475,68418,41263,,
1970,37039,NC,Cherokee County,rural,South,South Atlantic,455.37,16408,10078,12,
1971,37039,NC,Cherokee County,rural,South,South Atlantic,455.37,16692,10245,12.25,
1972,37039,NC,Cherokee County,rural,South,South Atlantic,455.37,16904,10399,12.5,
1973,37039,NC,Cherokee County,rural,South,South Atlantic,455.37,16928,10431,12.75,
1974,37039,NC,Cherokee County,rural,South,South Atlantic,455.37,17136,10578,13,
1975,37039,NC,Cherokee County,rural,South,South Atlantic,455.37,17746,11007,13.25,
1976,37039,NC,Cherokee County,rural,South,South Atlantic,455.37,18246,11364,13.5,
1977,37039,NC,Cherokee County,rural,South,South Atlantic,455.37,18415,11494,13.75,
1978,37039,NC,Cherokee County,rural,South,South Atlantic,455.37,18524,11542,14,
1979,37039,NC,Cherokee County, rural,South,South Atlantic,455.37,18641,11586,13.8,
1980,37039,NC,Cherokee County,rural,South,South Atlantic,455.37,18992,11796,13.6,
1981,37039,NC,Cherokee County,rural,South,South Atlantic,455.37,19158,11931,13.4,
1982,37039,NC,Cherokee County,rural,South,South Atlantic,455.37,19305,12046,13.2,
1983,37039,NC,Cherokee County,rural,South,South Atlantic,455.37,19318,12068,13,32
1984,37039,NC,Cherokee County,rural,South,South Atlantic,455.37,19533,12258,20,34
1985,37039,NC,Cherokee County,rural,South,South Atlantic,455.37,19675,12386,27,35
1986,37039,NC,Cherokee County,rural,South,South Atlantic,455.37,19668,12408,27,39
1987,37039,NC,Cherokee County,rural,South,South Atlantic,455.37,20034,12649,26,36.2
1988,37039,NC,Cherokee County,rural,South,South Atlantic,455.37,20257,12774,23,33.4
1989,37039,NC,Cherokee County,rural,South,South Atlantic,455.37,20181,12699,21.6,30.6
1990,37039,NC,Cherokee County,rural,South,South Atlantic,455.37,20226,12701,20.2,27.8
1991,37039,NC,Cherokee County,Rural,South,South Atlantic,455.37,20377,12779,18.8,25
1992,37039,NC,Cherokee County,rural,South,South Atlantic,455.37,20531,12841,17.4,27.5
1993,37039,NC,Cherokee County,rural,South,South Atlantic,455.37,20899,13024,16,30
1994,37039,NC,Cherokee County,rural,South,South Atlantic,455.37,21485,13401,16.66667,32.5
1995,37039,NC,Cherokee County,Rural,South,South Atlantic,455.37,21980,13774,17.33333,35
1996,37039,NC,Cherokee County,rural,South,South Atlantic,455.37,22327,14038,18,37.5
1997,37039,NC,Cherokee County,rural,South,South Atlantic,455.37,22851,14441,18.66667,40
1997,37039,NC,Cherokee County,rural,South,South Atlantic,455.37,22851,14441,18.66667,40
1998,37039,NC,Cherokee County,rural,South,South Atlantic,455.37,23427,14881,19.33333,42.5
1999,37039,NC,Cherokee County,rural,South,South Atlantic,455.37,23956,15241,599,45
1999,37039,,,,,,,,,20,
2000,37039,NC,Cherokee County,rural,South,South Atlantic,455.37,24357,15501,28.5,57
2001,37039,NC,Cherokee County,rural,South,South Atlantic,455.37,24629,15703,37,56
2002,37039,NC,Cherokee County,rural,South,South Atlantic,455.37,24884,15858,45.5,61
2003,37039,NC,Cherokee County,rural,South,South Atlantic,455.37,25229,16036,54,64
2003,37039,NC,Cherokee County,rural,South,South Atlantic,455.37,25229,16036,54,64
2004,37039,NC,Cherokee County,rural,South,South Atlantic,455.37,25658,16268,62.5,84
2005,37039,NC,Cherokee County,rural,South,South Atlantic,455.37,26077,16464,71,83
2006,37039,NC,Cherokee County,rural,South,South Atlantic,455.37,26877,16918,75.75,78
2007,37039,NC,Cherokee County,rural,South,South Atlantic,455.37,27350,17163,80.5,92
2008,37039,NC,Cherokee County,rural,South,South Atlantic,455.37,27545,17155,85.25,88
2009,37039,NC,Cherokee County,rural,South,South Atlantic,455.37,27378,16922,90,92
2009,37039,NC,Cherokee County,rural,South,South Atlantic,455.37,27378,16922,90,92
2010,37039,NC,Cherokee County,  RURAL ,South,South Atlantic,455.37,27441,16851,94.75,88
2011,37039,NC,Cherokee County,rural,South,South Atlantic,455.37,27429,16813,99.5,87
2011,37039,NC,Cherokee County,rural,South,South Atlantic,455.37,27429,16813,99.5,87
2012,37039,NC,Cherokee County,rural,South,South Atlantic,455.37,27177,16528,104.25,82
2013,37039,NC,Cherokee County,rural,South,South Atlantic,455.37,27032,16173,109,94
2014,37039,NC,Cherokee County,rural,South,South Atlantic,455.37,27122,16058,98,73
2015,37039,NC,Cherokee County,rural,South,South Atlantic,455.37,27093,15846,87,68
2016,37039,NC,Cherokee County,rural,South,South Atlantic,455.37,27132,15720,,
1970,37041,NC,Chowan County,rural,South,South Atlantic,172.657,10778,6555,7,
1971,37041,NC,Chowan County,rural,South,South Atlantic,172.657,10855,6631,7.384615,
1972,37041,NC,Chowan County,rural,South,South Atlantic,172.657,11025,6798,7.769231,
1973,37041,NC,Chowan County,rural,South,South Atlantic,172.657,11022,6842,8.153846,
1974,37041,NC,Chowan County,rural,South,South Atlantic,172.657,11077,6907,8.538462,
1974,37041,NC,Chowan County,rural,South,South Atlantic,172.657,11077,6907,8.538462,
1975,37041,NC,Chowan County,rural,South,South Atlantic,172.657,11444,7196,8.923077,
1976,37041,NC,Chowan County,  RURAL ,South,South Atlantic,172.657,11801,7461,9.307693,
1977,37041,NC,Chowan County,RURAL,South,South Atlantic,172.657,12093,7642,9.692307,
1978,37041,NC,Chowan County,rural,South,South Atlantic,172.657,12567,7970,10.07692,
1979,37041,NC,Chowan County,rural,South,South Atlantic,172.657,12608,7969,10.46154,
1980,37041,NC,Chowan County,rural,South,South Atlantic,172.657,12556,7916,10.84615,
1980,37041,NC,Chowan County,rural,South,South Atlantic,172.657,12556,7916,10.84615,
1981,37041,NC,Chowan County,rural,South,South Atlantic,172.657,12563,7898,11.23077,
1982,37041,NC,Chowan County,rural,South,South Atlantic,172.657,12581,7875,11.61539,
1983,37041,NC,Chowan County,rural,South,South Atlantic,172.657,12685,7909,12,38
1984,37041,NC,Chowan County,rural,South,South Atlantic,172.657,12902,8035,12.8,32
1985,37041,NC,Chowan County,rural,South,South Atlantic,172.657,13061,8114,13.6,25
1986,37041,NC,Chowan County,rural,South,South Atlantic,172.657,13230,8194,14.4,23
1987,37041,NC,Chowan County,rural,South,South Atlantic,172.657,13406,8262,15.2,23.2
1988,37041,NC,Chowan County,rural,South,South Atlantic,172.657,13500,8263,16,23.4
1989,37041,NC,Chowan County,  RURAL ,South,South Atlantic,172.657,13466,8182,20,23.6
1989,37041,NC,Chowan County,  RURAL ,South,South Atlantic,172.657,13466,8182,20,23.6
1990,37041,NC,Chowan County,rural,South,South Atlantic,172.657,13540,8153,23,23.8
1991,37041,NC,Chowan County,  RURAL ,South,South Atlantic,172.657,13660,8246,19,24
1992,37041,NC,Chowan County,rural,South,South Atlantic,172.657,13807,8333,17,26.625
1993,37041,NC,Chowan County,rural,South,South Atlantic,172.657,13894,8399,17,29.25
1994,37041,NC,Chowan County,rural,South,South Atlantic,172.657,14011,8491,17.83333,31.875
1995,37041,NC,Chowan County,rural,South,South Atlantic,172.657,14090,8600,18.66667,34.5
1996,37041,NC,Chowan County,rural,South,South Atlantic,172.657,14324,8782,585,37.125
1996,37041,,,,,,,,,19.5,
1997,37041,NC,Chowan County,rural,South,South Atlantic,172.657,14391,8876,20.33333,39.75
1997,37041,NC,Chowan County,rural,South,South Atlantic,172.657,14391,8876,20.33333,39.75
1998,37041,NC,Chowan County,rural,South,South Atlantic,172.657,14436,8956,21.16667,42.375
1999,37041,NC,Chowan County,  RURAL ,South,South Atlantic,172.657,14558,9078,22,45
2000,37041,NC,Chowan County,rural,South,South Atlantic,172.657,14478,9053,22.83333,63
2001,37041,NC,Chowan County,rural,South,South Atlantic,172.657,14490,9041,23.66667,54
2002,37041,NC,Chowan County,rural,South,South Atlantic,172.657,14559,9036,24.5,59
2003,37041,NC,Chowan County,rural,South,South Atlantic,172.657,14529,9070,25.33333,49
2004,37041,NC,Chowan County,rural,South,South Atlantic,172.657,14573,9113,26.16667,53
2005,37041,NC,Chowan County,rural,South,South Atlantic,172.657,14625,9174,27,61
2006,37041,NC,Chowan County,rural,South,South Atlantic,172.657,14835,9258,26.5,73
2007,37041,NC,Chowan County,RURAL,South,South Atlantic,172.657,14953,9338,26,56
2008,37041,NC,Chowan County, rural,South,South Atlantic,172.657,14831,9211,25.5,62
2009,37041,NC,Chowan County,rural,South,South Atlantic,172.657,14915,9233,25,71
2010,37041,NC,Chowan County,rural,South,South Atlantic,172.657,14793,9168,24.5,60
2011,37041,NC,Chowan County,  RURAL ,South,South Atlantic,172.657,14737,9130,24,65
2012,37041,NC,Chowan County,rural,South,South Atlantic,172.657,14821,9192,23.5,48
2013,37041,NC,Chowan County,rural,South,South Atlantic,172.657,14712,9061,23,47
2013,37041,NC,Chowan County,rural,South,South Atlantic,172.657,14712,9061,23,47
2014,37041,NC,Chowan County,rural,South,South Atlantic,172.657,14689,8976,23,46
2015,37041,NC,Chowan County,rural,South,South Atlantic,172.657,14534,8807,550,45
2015,37041,,,,,,,,,23,
2016,37041,NC,Chowan County,rural,South,South Atlantic,172.657,14284,8586,,
1970,37043,NC,Clay County,  RURAL ,South,South Atlantic,214.983,5203,3159,2,
1971,37043,NC,Clay County,rural,South,South Atlantic,214.983,5342,3241,2.125,
1972,37043,NC,Clay County,rural,South,South Atlantic,214.983,5313,3219,2.25,
1973,37043,NC,Clay County,rural,South,South Atlantic,214.983,5527,3364,2.375,
1974,37043,NC,Clay County,rural,South,South Atlantic,214.983,5526,3364,2.5,
1975,37043,NC,Clay County,rural,South,South Atlantic,214.983,5775,3547,2.625,
1976,37043,NC,Clay County,rural,South,South Atlantic,214.983,5819,3595,2.75,
1977,37043,NC,Clay County,rural,South,South Atlantic,214.983,5940,3683,2.875,
1978,37043,NC,Clay County,rural,South,South Atlantic,214.983,6242,3900,3,
1979,37043,NC,Clay County,rural,South,South Atlantic,214.983,6465,4026,3.4,
1980,37043,NC,Clay County,rural,South,South Atlantic,214.983,6658,4166,3.8,
1981,37043,NC,Clay County,rural,South,South Atlantic,214.983,6793,4251,4.2,
1982,37043,NC,Clay County,rural,South,South Atlantic,214.983,6879,4304,4.6,
1983,37043,NC,Clay County,rural,South,South Atlantic,214.983,6924,4323,5,8
1984,37043,NC,Clay County,rural,South,South Atlantic,214.983,7024,4391,4.4,6
1985,37043,NC,Clay County,rural,South,South Atlantic,214.983,7006,4385,3.8,9
1986,37043,NC,Clay County,rural,South,South Atlantic,214.983,7166,4482,3.2,8
1987,37043,NC,Clay County,rural,South,South Atlantic,214.983,7173,4476,2.6,9.8
1988,37043,NC,Clay County,  RURAL ,South,South Atlantic,214.983,7190,4470,2,11.6
1989,37043,NC,Clay County,rural,South,South Atlantic,214.983,7135,4415,2.8,13.4
1989,37043,NC,Clay County,rural,South,South Atlantic,214.983,7135,4415,2.8,13.4
1990,37043,NC,Clay County,rural,South,South Atlantic,214.983,7167,4427,3.6,15.2
1991,37043,NC,Clay County,rural,South,South Atlantic,214.983,7251,4478,4.4,17
1992,37043,NC,Clay County,rural,South,South Atlantic,214.983,7292,4518,5.2,16
1992,37043,NC,Clay County,rural,South,South Atlantic,214.983,7292,4518,5.2,16
1993,37043,NC,Clay County,rural,South,South Atlantic,214.983,7470,4593,6,15
1994,37043,NC,Clay County,rural,South,South Atlantic,214.983,7699,4680,6,14
1995,37043,NC,Clay County,rural,South,South Atlantic,214.983,7889,4802,6,13
1996,37043,NC,Clay County,rural,South,South Atlantic,214.983,8022,4901,5,12
1997,37043,NC,Clay County,rural,South,South Atlantic,214.983,8267,5085,7,11
1998,37043,NC,Clay County,rural,South,South Atlantic,214.983,8499,5273,6,10
1999,37043,NC,Clay County,rural,South,South Atlantic,214.983,8649,5389,6,9
2000,37043,NC,Clay County,rural,South,South Atlantic,214.983,8824,5520,6.666667,10
2001,37043,NC,Clay County,rural,South,South Atlantic,214.983,9086,5707,7.333333,16
2002,37043,NC,Clay County,rural  ,South,South Atlantic,214.983,9273,5839,8,25
2003,37043,NC,Clay County,rural,South,South Atlantic,214.983,9429,5927,8.666667,24
2004,37043,NC,Clay County,rural,South,South Atlantic,214.983,9583,6001,9.333333,21
2005,37043,NC,Clay County,rural,South,South Atlantic,214.983,9833,6151,10,19
2006,37043,NC,Clay County,rural,South,South Atlantic,214.983,10107,6333,12.375,19
2007,37043,NC,Clay County,rural,South,South Atlantic,214.983,10356,6457,14.75,28
2008,37043,NC,Clay County,rural,South,South Atlantic,214.983,10492,6507,17.125,29
2009,37043,NC,Clay County,rural,South,South Atlantic,214.983,10540,6472,19.5,24
2010,37043,NC,Clay County,rural,South,South Atlantic,214.983,10591,6458,21.875,23
2011,37043,NC,Clay County,rural,South,South Atlantic,214.983,10608,6451,24.25,22
2012,37043,NC,Clay County,rural,South,South Atlantic,214.983,10690,6440,26.625,18
2013,37043,NC,Clay County,rural,South,South Atlantic,214.983,10662,6316,29,20
2014,37043,NC,Clay County,rural,South,South Atlantic,214.983,10612,6145,29,13
2015,37043,NC,Clay County,rural,South,South Atlantic,214.983,10593,6054,29,16
2016,37043,NC,Clay County,rural,South,South Atlantic,214.983,10668,6029,,
1970,37045,NC,Cleveland County,rural,South,South Atlantic,464.247,72986,45431,53,
1971,37045,NC,Cleveland County, rural,South,South Atlantic,464.247,74714,46671,50.75,
1972,37045,NC,Cleveland County,rural,South,South Atlantic,464.247,76325,47967,48.5,
1973,37045,NC,Cleveland County,rural,South,South Atlantic,464.247,77562,49032,46.25,
1974,37045,NC,Cleveland County,rural,South,South Atlantic,464.247,79030,50197,44,
1975,37045,NC,Cleveland County,rural,South,South Atlantic,464.247,80339,51211,41.75,
1976,37045,NC,Cleveland County,rural,South,South Atlantic,464.247,80868,51868,39.5,
1977,37045,NC,Cleveland County,rural,South,South Atlantic,464.247,81235,52328,37.25,
1978,37045,NC,Cleveland County,RURAL,South,South Atlantic,464.247,81803,52967,35,
1978,37045,NC,Cleveland County,RURAL,South,South Atlantic,464.247,81803,52967,35,
1979,37045,NC,Cleveland County,rural,South,South Atlantic,464.247,82303,53529,39.6,
1980,37045,NC,Cleveland County,rural,South,South Atlantic,464.247,83457,54449,44.2,
1981,37045,NC,Cleveland County,rural  ,South,South Atlantic,464.247,83374,54581,48.8,
1982,37045,NC,Cleveland County,Rural,South,South Atlantic,464.247,83148,54552,53.4,
1983,37045,NC,Cleveland County,rural,South,South Atlantic,464.247,82675,54346,58,216
1984,37045,NC,Cleveland County,rural,South,South Atlantic,464.247,83288,55014,50,259
1985,37045,NC,Cleveland County,rural,South,South Atlantic,464.247,84168,55797,42,250
1986,37045,NC,Cleveland County,rural,South,South Atlantic,464.247,83656,55583,65,265
1987,37045,NC,Cleveland County,rural,South,South Atlantic,464.247,83582,55602,66,244
1988,37045,NC,Cleveland County,rural,South,South Atlantic,464.247,83911,55764,70,223
1989,37045,NC,Cleveland County,rural,South,South Atlantic,464.247,84429,56000,79,202
1990,37045,NC,Cleveland County,rural,South,South Atlantic,464.247,85221,56367,90,181
1991,37045,NC,Cleveland County,rural,South,South Atlantic,464.247,86159,56961,100,160
1992,37045,NC,Cleveland County,rural,South,South Atlantic,464.247,87395,57514,95,182.125
1993,37045,NC,Cleveland County,rural,South,South Atlantic,464.247,88370,57976,91,204.25
1994,37045,NC,Cleveland County,rural  ,South,South Atlantic,464.247,89210,58402,676,226.375
1994,37045,,,,,,,,,97.83334,
1995,37045,NC,Cleveland County,rural,South,South Atlantic,464.247,90738,59460,104.6667,248.5
1996,37045,NC,Cleveland County,rural  ,South,South Atlantic,464.247,92037,60331,111.5,270.625
1997,37045,NC,Cleveland County,rural,South,South Atlantic,464.247,93017,60938,118.3333,292.75
1997,37045,NC,Cleveland County,rural,South,South Atlantic,464.247,93017,60938,118.3333,292.75
1998,37045,NC,Cleveland County,rural,South,South Atlantic,464.247,94224,61673,125.1667,314.875
1999,37045,NC,Cleveland County,rural,South,South Atlantic,464.247,95293,62235,132,337
2000,37045,NC,Cleveland County,rural,South,South Atlantic,464.247,96357,62879,133.8333,327
2001,37045,NC,Cleveland County,rural,South,South Atlantic,464.247,96861,63282,135.6667,383
2002,37045,NC,Cleveland County,rural,South,South Atlantic,464.247,97068,63508,137.5,379
2003,37045,NC,Cleveland County,rural,South,South Atlantic,464.247,97241,63703,139.3333,397
2004,37045,NC,Cleveland County,rural,South,South Atlantic,464.247,97134,63705,141.1667,391
2005,37045,NC,Cleveland County,rural,South,South Atlantic,464.247,96844,63767,143,408
2006,37045,NC,Cleveland County,rural,South,South Atlantic,464.247,96990,63988,170,419
2006,37045,NC,Cleveland County,rural,South,South Atlantic,464.247,96990,63988,170,419
2007,37045,NC,Cleveland County,rural,South,South Atlantic,464.247,97524,64391,182,456
2008,37045,NC,Cleveland County,rural,South,South Atlantic,464.247,98155,64801,203,523
2009,37045,NC,Cleveland County,rural,South,South Atlantic,464.247,98211,64820,746,536
2009,37045,,,,,,,,,219,
2010,37045,NC,Cleveland County,rural,South,South Atlantic,464.247,98030,64676,112,584
2011,37045,NC,Cleveland County,rural,South,South Atlantic,464.247,97917,64602,219,646
2012,37045,NC,Cleveland County,rural,South,South Atlantic,464.247,97435,64148,243,605
2013,37045,NC,Cleveland County,rural,South,South Atlantic,464.247,97314,63618,275,625
2014,37045,NC,Cleveland County,rural,South,South Atlantic,464.247,96874,62968,269,636
2015,37045,NC,Cleveland County,rural,South,South Atlantic,464.247,97012,62771,269,604
2016,37045,NC,Cleveland County,rural,South,South Atlantic,464.247,96868,62436,,
1970,37047,NC,Columbus County,rural,South,South Atlantic,938.118,47153,28989,0,
1971,37047,NC,Columbus County,rural,South,South Atlantic,938.118,48009,29673,0,
1972,37047,NC,Columbus County,rural,South,South Atlantic,938.118,48473,30184,0,
1972,37047,NC,Columbus County,rural,South,South Atlantic,938.118,48473,30184,0,
1973,37047,NC,Columbus County,rural,South,South Atlantic,938.118,49252,30918,0,
1974,37047,NC,Columbus County,rural,South,South Atlantic,938.118,49481,31245,0,
1975,37047,NC,Columbus County,rural,South,South Atlantic,938.118,49951,31706,0,
1976,37047,NC,Columbus County,rural,South,South Atlantic,938.118,50713,32429,0,
1977,37047,NC,Columbus County,rural,South,South Atlantic,938.118,50841,32640,0,
1978,37047,NC,Columbus County,rural,South,South Atlantic,938.118,50978,32847,27,
1979,37047,NC,Columbus County,rural,South,South Atlantic,938.118,50916,32833,27.8,
1980,37047,NC,Columbus County, rural,South,South Atlantic,938.118,51071,32961,28.6,
1981,37047,NC,Columbus County,rural,South,South Atlantic,938.118,51227,33095,29.4,
1982,37047,NC,Columbus County,rural,South,South Atlantic,938.118,50868,32855,30.2,
1983,37047,NC,Columbus County,rural,South,South Atlantic,938.118,50741,32760,31,118
1984,37047,NC,Columbus County,rural,South,South Atlantic,938.118,50784,32878,32.8,130
1985,37047,NC,Columbus County,rural,South,South Atlantic,938.118,50680,32852,34.6,144
1986,37047,NC,Columbus County,rural,South,South Atlantic,938.118,50462,32727,36.4,131
1987,37047,NC,Columbus County,RURAL,South,South Atlantic,938.118,50723,32880,38.2,124
1988,37047,NC,Columbus County,rural,South,South Atlantic,938.118,50213,32440,40,117
1989,37047,NC,Columbus County,rural,South,South Atlantic,938.118,50149,32266,44.8,110
1990,37047,NC,Columbus County,rural,South,South Atlantic,938.118,49559,31738,49.6,103
1991,37047,NC,Columbus County,rural,South,South Atlantic,938.118,49927,32025,54.4,96
1992,37047,NC,Columbus County,rural,South,South Atlantic,938.118,50518,32384,59.2,113.375
1993,37047,NC,Columbus County,rural,South,South Atlantic,938.118,51172,32822,64,130.75
1994,37047,NC,Columbus County,rural  ,South,South Atlantic,938.118,51691,33274,69.66666,148.125
1995,37047,NC,Columbus County,rural,South,South Atlantic,938.118,52177,33676,75.33334,165.5
1996,37047,NC,Columbus County,rural,South,South Atlantic,938.118,52905,34338,81,182.875
1996,37047,NC,Columbus County,rural,South,South Atlantic,938.118,52905,34338,81,182.875
1997,37047,NC,Columbus County,rural,South,South Atlantic,938.118,53587,34901,86.66666,200.25
1998,37047,NC,Columbus County,rural,South,South Atlantic,938.118,54121,35339,92.33334,217.625
1999,37047,NC,Columbus County,Rural,South,South Atlantic,938.118,54522,35631,98,235
2000,37047,NC,Columbus County,rural,South,South Atlantic,938.118,54759,35760,101.8333,213
2001,37047,NC,Columbus County,  RURAL ,South,South Atlantic,938.118,54806,35812,105.6667,212
2002,37047,NC,Columbus County,rural,South,South Atlantic,938.118,54975,36015,109.5,224
2003,37047,NC,Columbus County, rural,South,South Atlantic,938.118,54961,35968,113.3333,220
2004,37047,NC,Columbus County,rural,South,South Atlantic,938.118,55099,36108,117.1667,256
2005,37047,NC,Columbus County,rural,South,South Atlantic,938.118,55155,36195,121,287
2006,37047,NC,Columbus County,rural,South,South Atlantic,938.118,55654,36571,124.75,309
2007,37047,NC,Columbus County,rural,South,South Atlantic,938.118,55964,36755,128.5,326
2008,37047,NC,Columbus County,rural,South,South Atlantic,938.118,56503,36980,132.25,309
2009,37047,NC,Columbus County,RURAL,South,South Atlantic,938.118,58163,38234,136,287
2010,37047,NC,Columbus County,rural,South,South Atlantic,938.118,58107,38128,139.75,270
2011,37047,NC,Columbus County,rural,South,South Atlantic,938.118,57972,38058,143.5,270
2012,37047,NC,Columbus County,rural,South,South Atlantic,938.118,57693,37741,648,227
2012,37047,,,,,,,,,147.25,
2013,37047,NC,Columbus County,RURAL,South,South Atlantic,938.118,57534,37270,151,234
2014,37047,NC,Columbus County,RURAL,South,South Atlantic,938.118,57088,36760,151,241
2015,37047,NC,Columbus County,rural,South,South Atlantic,938.118,56902,36378,704,247
2015,37047,,,,,,,,,151,
2016,37047,NC,Columbus County,rural  ,South,South Atlantic,938.118,56686,36135,,
1970,37049,NC,Craven County,small/mid,South,South Atlantic,706.696,62939,40530,34,
1971,37049,NC,Craven County,  SMALL/MID ,South,South Atlantic,706.696,64489,41759,33,
1972,37049,NC,Craven County,small/mid,South,South Atlantic,706.696,65707,42884,32,
1973,37049,NC,Craven County,small/mid,South,South Atlantic,706.696,68213,44872,571,
1973,37049,,,,,,,,,31,
1974,37049,NC,Craven County,small/mid,South,South Atlantic,706.696,67635,44700,30,
1974,37049,NC,Craven County,small/mid,South,South Atlantic,706.696,67635,44700,30,
1975,37049,NC,Craven County,small/mid,South,South Atlantic,706.696,69523,46133,29,
1976,37049,NC,Craven County,small/mid,South,South Atlantic,706.696,71631,47482,28,
1977,37049,NC,Craven County,small/mid,South,South Atlantic,706.696,71393,47711,27,
1978,37049,NC,Craven County,small/mid,South,South Atlantic,706.696,71580,48076,26,
1979,37049,NC,Craven County,small/mid,South,South Atlantic,706.696,70906,47752,30,
1980,37049,NC,Craven County, small/mid,South,South Atlantic,706.696,71285,48230,34,
1981,37049,NC,Craven County,small/mid,South,South Atlantic,706.696,72237,48874,38,
1981,37049,NC,Craven County,small/mid,South,South Atlantic,706.696,72237,48874,38,
1982,37049,NC,Craven County,small/mid,South,South Atlantic,706.696,73778,49810,42,
1983,37049,NC,Craven County,small/mid  ,South,South Atlantic,706.696,74850,50414,46,201
1984,37049,NC,Craven County,SMALL/MID,South,South Atlantic,706.696,77003,51875,48,211
1985,37049,NC,Craven County,small/mid,South,South Atlantic,706.696,79441,53460,50,243
1986,37049,NC,Craven County,Small/mid,South,South Atlantic,706.696,79812,53549,52,243
1987,37049,NC,Craven County,small/mid,South,South Atlantic,706.696,79591,53203,54,230.8
1988,37049,NC,Craven County,small/mid,South,South Atlantic,706.696,80760,53649,56,218.6
1989,37049,NC,Craven County,small/mid,South,South Atlantic,706.696,81096,53501,65.2,206.4
1990,37049,NC,Craven County,small/mid,South,South Atlantic,706.696,82131,53811,74.4,194.2
1991,37049,NC,Craven County,small/mid,South,South Atlantic,706.696,83304,54609,83.6,182
1992,37049,NC,Craven County,small/mid,South,South Atlantic,706.696,84429,55138,92.8,204.5
1993,37049,NC,Craven County,small/mid,South,South Atlantic,706.696,84211,54768,102,227
1994,37049,NC,Craven County,small/mid,South,South Atlantic,706.696,84458,54839,101,249.5
1995,37049,NC,Craven County,small/mid,South,South Atlantic,706.696,85998,55821,90,272
1996,37049,NC,Craven County,small/mid,South,South Atlantic,706.696,87618,57029,129,294.5
1997,37049,NC,Craven County,small/mid,South,South Atlantic,706.696,89128,58246,126,317
1998,37049,NC,Craven County,small/mid,South,South Atlantic,706.696,90041,59026,140,339.5
1999,37049,NC,Craven County,small/mid,South,South Atlantic,706.696,90843,59780,150,362
2000,37049,NC,Craven County,small/mid,South,South Atlantic,706.696,91954,60625,130,335
2001,37049,NC,Craven County,  SMALL/MID ,South,South Atlantic,706.696,93325,61731,135,354
2002,37049,NC,Craven County,small/mid,South,South Atlantic,706.696,92633,61154,107,387
2003,37049,NC,Craven County,small/mid,South,South Atlantic,706.696,92906,60893,146,401
2004,37049,NC,Craven County,  SMALL/MID ,South,South Atlantic,706.696,93548,61500,148,417
2005,37049,NC,Craven County,small/mid,South,South Atlantic,706.696,94729,62301,170,440
2006,37049,NC,Craven County,small/mid,South,South Atlantic,706.696,96926,63933,181.5,477
2007,37049,NC,Craven County,small/mid,South,South Atlantic,706.696,97825,64156,193,444
2007,37049,NC,Craven County,small/mid,South,South Atlantic,706.696,97825,64156,193,444
2008,37049,NC,Craven County,small/mid,South,South Atlantic,706.696,99423,64980,718,433
2008,37049,,,,,,,,,204.5,
2009,37049,NC,Craven County,small/mid,South,South Atlantic,706.696,101923,66397,216,441
2010,37049,NC,Craven County,small/mid,South,South Atlantic,706.696,103503,67270,227.5,468
2011,37049,NC,Craven County,small/mid,South,South Atlantic,706.696,104169,67814,239,473
2012,37049,NC,Craven County,small/mid,South,South Atlantic,706.696,104873,67982,250.5,402
2013,37049,NC,Craven County,small/mid,South,South Atlantic,706.696,105331,68022,262,392
2014,37049,NC,Craven County,small/mid,South,South Atlantic,706.696,104310,66991,253.5,419
2015,37049,NC,Craven County,small/mid,South,South Atlantic,706.696,104111,66583,245,414
2016,37049,NC,Craven County,small/mid,South,South Atlantic,706.696,103015,65673,,
1970,37051,NC,Cumberland County,small/mid,South,South Atlantic,652.524,212490,141692,147,
1971,37051,NC,Cumberland County,small/mid,South,South Atlantic,652.524,214277,142505,147.125,
1972,37051,NC,Cumberland County,small/mid,South,South Atlantic,652.524,215330,143181,147.25,
1973,37051,NC,Cumberland County,small/mid,South,South Atlantic,652.524,221280,147024,147.375,
1974,37051,NC,Cumberland County,small/mid,South,South Atlantic,652.524,233192,156546,147.5,
1975,37051,NC,Cumberland County,small/mid,South,South Atlantic,652.524,233834,158745,147.625,
1976,37051,NC,Cumberland County,small/mid,South,South Atlantic,652.524,238867,163124,147.75,
1977,37051,NC,Cumberland County,small/mid,South,South Atlantic,652.524,243196,167151,147.875,
1978,37051,NC,Cumberland County,small/mid,South,South Atlantic,652.524,246354,170433,148,
1979,37051,NC,Cumberland County,small/mid,South,South Atlantic,652.524,244167,169639,151.8,
1980,37051,NC,Cumberland County,small/mid,South,South Atlantic,652.524,247656,173324,155.6,
1980,37051,NC,Cumberland County,small/mid,South,South Atlantic,652.524,247656,173324,155.6,
1981,37051,NC,Cumberland County,small/mid,South,South Atlantic,652.524,250089,175608,159.4,
1981,37051,NC,Cumberland County,small/mid,South,South Atlantic,652.524,250089,175608,159.4,
1982,37051,NC,Cumberland County,small/mid,South,South Atlantic,652.524,251394,176704,163.2,
1983,37051,NC,Cumberland County,small/mid,South,South Atlantic,652.524,255046,179424,167,824
1984,37051,NC,Cumberland County,small/mid,South,South Atlantic,652.524,259007,182763,173,927
1985,37051,NC,Cumberland County,small/mid,South,South Atlantic,652.524,261675,184961,179,922
1986,37051,NC,Cumberland County,small/mid,South,South Atlantic,652.524,262032,185218,186,906
1987,37051,NC,Cumberland County,  SMALL/MID ,South,South Atlantic,652.524,265415,187465,224,859.2
1988,37051,NC,Cumberland County,small/mid,South,South Atlantic,652.524,264425,186092,259,812.4
1989,37051,NC,Cumberland County,small/mid,South,South Atlantic,652.524,272116,190674,260,765.6
1990,37051,NC,Cumberland County,small/mid,South,South Atlantic,652.524,275834,192237,302,718.8
1991,37051,NC,Cumberland County,small/mid,South,South Atlantic,652.524,279663,194749,316,672
1992,37051,NC,Cumberland County,small/mid,South,South Atlantic,652.524,280941,194102,362,761.25
1993,37051,NC,Cumberland County,  SMALL/MID ,South,South Atlantic,652.524,289477,200248,303,850.5
1994,37051,NC,Cumberland County,small/mid,South,South Atlantic,652.524,291262,200388,312,939.75
1995,37051,NC,Cumberland County,small/mid,South,South Atlantic,652.524,294091,202033,379,1029
1996,37051,NC,Cumberland County,small/mid,South,South Atlantic,652.524,295446,202599,360,1118.25
1996,37051,NC,Cumberland County,small/mid,South,South Atlantic,652.524,295446,202599,360,1118.25
1997,37051,NC,Cumberland County,small/mid,South,South Atlantic,652.524,299348,205628,360,1207.5
1998,37051,NC,Cumberland County,small/mid,South,South Atlantic,652.524,299506,205594,350,1296.75
1999,37051,NC,Cumberland County,small/mid,South,South Atlantic,652.524,301608,206986,375,1386
2000,37051,NC,Cumberland County,small/mid,South,South Atlantic,652.524,303755,208204,375,1421
2001,37051,NC,Cumberland County, small/mid,South,South Atlantic,652.524,304316,208883,365,1476
2002,37051,NC,Cumberland County,small/mid,South,South Atlantic,652.524,305697,209696,394,1491
2003,37051,NC,Cumberland County,small/mid,South,South Atlantic,652.524,303318,206282,400,1520
2004,37051,NC,Cumberland County,Small/mid,South,South Atlantic,652.524,307629,210706,400,1611
2005,37051,NC,Cumberland County,small/mid,South,South Atlantic,652.524,303695,207518,522,1645
2006,37051,NC,Cumberland County,Small/mid,South,South Atlantic,652.524,307365,210900,554,1559
2007,37051,NC,Cumberland County,small/mid,South,South Atlantic,652.524,308284,210271,523,1603
2008,37051,NC,Cumberland County,small/mid,South,South Atlantic,652.524,311800,212593,532,1555
2009,37051,NC,Cumberland County,small/mid,South,South Atlantic,652.524,317252,216036,550,1621
2010,37051,NC,Cumberland County,small/mid,South,South Atlantic,652.524,319433,217143,573,1588
2011,37051,NC,Cumberland County,  SMALL/MID ,South,South Atlantic,652.524,327214,224669,586,1547
2012,37051,NC,Cumberland County,small/mid,South,South Atlantic,652.524,330877,226287,616,1362
2013,37051,NC,Cumberland County,small/mid,South,South Atlantic,652.524,330224,225299,686,1379
2014,37051,NC,Cumberland County,small/mid  ,South,South Atlantic,652.524,333273,227627,721,1433
2015,37051,NC,Cumberland County,small/mid,South,South Atlantic,652.524,332721,226389,723,1452
2016,37051,NC,Cumberland County,small/mid,South,South Atlantic,652.524,331752,225618,,
1970,37053,NC,Currituck County,suburban,South,South Atlantic,261.938,7016,4226,4,
1971,37053,NC,Currituck County,suburban,South,South Atlantic,261.938,7180,4357,4.5,
1972,37053,NC,Currituck County,suburban,South,South Atlantic,261.938,7960,4927,5,
1973,37053,NC,Currituck County,suburban,South,South Atlantic,261.938,8804,5553,5.5,
1974,37053,NC,Currituck County,suburban,South,South Atlantic,261.938,9642,6149,6,
1975,37053,NC,Currituck County,Suburban,South,South Atlantic,261.938,10019,6430,6.5,
1976,37053,NC,Currituck County,suburban,South,South Atlantic,261.938,10244,6617,7,
1977,37053,NC,Currituck County,suburban,South,South Atlantic,261.938,10163,6581,7.5,
1978,37053,NC,Currituck County,suburban,South,South Atlantic,261.938,10672,6941,8,
1979,37053,NC,Currituck County,suburban,South,South Atlantic,261.938,11249,7372,7.6,
1979,37053,NC,Currituck County,suburban,South,South Atlantic,261.938,11249,7372,7.6,
1980,37053,NC,Currituck County,suburban,South,South Atlantic,261.938,11117,7277,7.2,
1981,37053,NC,Currituck County,suburban,South,South Atlantic,261.938,11192,7344,6.8,
1982,37053,NC,Currituck County, suburban,South,South Atlantic,261.938,11534,7582,6.4,
1982,37053,NC,Currituck County, suburban,South,South Atlantic,261.938,11534,7582,6.4,
1983,37053,NC,Currituck County,suburban,South,South Atlantic,261.938,12299,8098,6,43
1984,37053,NC,Currituck County,suburban,South,South Atlantic,261.938,12630,8350,7,46
1985,37053,NC,Currituck County,suburban,South,South Atlantic,261.938,12544,8319,8,50
1985,37053,NC,Currituck County,suburban,South,South Atlantic,261.938,12544,8319,8,50
1986,37053,NC,Currituck County,suburban,South,South Atlantic,261.938,12922,8580,9,48
1987,37053,NC,Currituck County,suburban,South,South Atlantic,261.938,13123,8717,10,69.2
1988,37053,NC,Currituck County,suburban,South,South Atlantic,261.938,13327,8830,11,90.4
1989,37053,NC,Currituck County,suburban,South,South Atlantic,261.938,13622,9006,10.2,111.6
1990,37053,NC,Currituck County,suburban,South,South Atlantic,261.938,13799,9098,9.4,132.8
1991,37053,NC,Currituck County,SUBURBAN,South,South Atlantic,261.938,14176,9337,8.6,154
1992,37053,NC,Currituck County,suburban  ,South,South Atlantic,261.938,14583,9599,7.8,139.25
1993,37053,NC,Currituck County, suburban,South,South Atlantic,261.938,15086,9946,7,124.5
1994,37053,NC,Currituck County,suburban,South,South Atlantic,261.938,15654,10333,8.666667,109.75
1994,37053,NC,Currituck County,suburban,South,South Atlantic,261.938,15654,10333,8.666667,109.75
1995,37053,NC,Currituck County,suburban,South,South Atlantic,261.938,16047,10632,10.33333,95
1996,37053,NC,Currituck County,suburban,South,South Atlantic,261.938,16487,10953,12,80.25
1997,37053,NC,Currituck County,suburban,South,South Atlantic,261.938,16942,11264,13.66667,65.5
1998,37053,NC,Currituck County,  SUBURBAN ,South,South Atlantic,261.938,17471,11647,15.33333,50.75
1999,37053,NC,Currituck County,suburban,South,South Atlantic,261.938,17856,11965,17,36
2000,37053,NC,Currituck County,suburban,South,South Atlantic,261.938,18294,12313,16.16667,38
2001,37053,NC,Currituck County,suburban  ,South,South Atlantic,261.938,18714,12556,15.33333,30
2001,37053,NC,Currituck County,suburban  ,South,South Atlantic,261.938,18714,12556,15.33333,30
2002,37053,NC,Currituck County,suburban,South,South Atlantic,261.938,19327,12976,14.5,38
2003,37053,NC,Currituck County,suburban,South,South Atlantic,261.938,20299,13700,13.66667,43
2004,37053,NC,Currituck County,suburban,South,South Atlantic,261.938,21469,14568,12.83333,39
2005,37053,NC,Currituck County,  SUBURBAN ,South,South Atlantic,261.938,22418,15240,12,43
2006,37053,NC,Currituck County,suburban,South,South Atlantic,261.938,22923,15652,30,41
2007,37053,NC,Currituck County,suburban,South,South Atlantic,261.938,23216,15821,37,51
2008,37053,NC,Currituck County,suburban,South,South Atlantic,261.938,23378,15973,40,57
2009,37053,NC,Currituck County,suburban,South,South Atlantic,261.938,23335,15939,52,53
2010,37053,NC,Currituck County,suburban,South,South Atlantic,261.938,23547,15999,32,44
2011,37053,NC,Currituck County,suburban,South,South Atlantic,261.938,23674,16075,33,49
2012,37053,NC,Currituck County,suburban,South,South Atlantic,261.938,23904,16253,29,48
2013,37053,NC,Currituck County,suburban,South,South Atlantic,261.938,24034,16229,32,37
2013,37053,NC,Currituck County,suburban,South,South Atlantic,261.938,24034,16229,32,37
2014,37053,NC,Currituck County,suburban,South,South Atlantic,261.938,24268,16336,31,36
2015,37053,NC,Currituck County,suburban,South,South Atlantic,261.938,24839,16600,31,41
2016,37053,NC,Currituck County,suburban,South,South Atlantic,261.938,25135,16715,,
1970,37055,NC,Dare County,rural,South,South Atlantic,383.215,7121,4480,3,
1971,37055,NC,Dare County,rural,South,South Atlantic,383.215,7603,4828,3.125,
1972,37055,NC,Dare County,rural,South,South Atlantic,383.215,7745,4931,3.25,
1973,37055,NC,Dare County,rural,South,South Atlantic,383.215,8375,5399,3.375,
1974,37055,NC,Dare County,rural,South,South Atlantic,383.215,9296,6079,3.5,
1974,37055,NC,Dare County,rural,South,South Atlantic,383.215,9296,6079,3.5,
1975,37055,NC,Dare County,rural,South,South Atlantic,383.215,9771,6432,3.625,
1976,37055,NC,Dare County,rural,South,South Atlantic,383.215,10406,6952,3.75,
1977,37055,NC,Dare County,rural,South,South Atlantic,383.215,11118,7515,3.875,
1978,37055,NC,Dare County,rural,South,South Atlantic,383.215,11948,8120,4,
1978,37055,NC,Dare County,rural,South,South Atlantic,383.215,11948,8120,4,
1979,37055,NC,Dare County,rural,South,South Atlantic,383.215,12662,8647,5.6,
1980,37055,NC,Dare County,rural,South,South Atlantic,383.215,13521,9283,7.2,
1981,37055,NC,Dare County,rural,South,South Atlantic,383.215,14065,9672,8.8,
1982,37055,NC,Dare County,rural,South,South Atlantic,383.215,14596,10043,10.4,
1983,37055,NC,Dare County,rural,South,South Atlantic,383.215,15119,10404,12,40
1984,37055,NC,Dare County,rural,South,South Atlantic,383.215,15980,11033,14,45
1984,37055,NC,Dare County,rural,South,South Atlantic,383.215,15980,11033,14,45
1985,37055,NC,Dare County,rural,South,South Atlantic,383.215,17027,11777,16,50
1986,37055,NC,Dare County,rural,South,South Atlantic,383.215,18384,12713,18,57
1987,37055,NC,Dare County,rural,South,South Atlantic,383.215,19579,13529,20,52
1988,37055,NC,Dare County,rural,South,South Atlantic,383.215,20954,14442,22,47
1989,37055,NC,Dare County,rural,South,South Atlantic,383.215,22142,15208,31.6,42
1990,37055,NC,Dare County,rural,South,South Atlantic,383.215,22929,15695,41.2,37
1991,37055,NC,Dare County,rural,South,South Atlantic,383.215,23092,15775,50.8,32
1992,37055,NC,Dare County,rural,South,South Atlantic,383.215,23567,15982,60.4,38.25
1993,37055,NC,Dare County, rural,South,South Atlantic,383.215,24197,16397,70,44.5
1994,37055,NC,Dare County,rural,South,South Atlantic,383.215,24963,16901,655,50.75
1994,37055,,,,,,,,,76.16666,
1995,37055,NC,Dare County,rural,South,South Atlantic,383.215,25909,17600,82.33334,57
1996,37055,NC,Dare County,RURAL,South,South Atlantic,383.215,26670,18148,88.5,63.25
1997,37055,NC,Dare County,rural,South,South Atlantic,383.215,27721,18892,94.66666,69.5
1998,37055,NC,Dare County,rural,South,South Atlantic,383.215,28606,19549,100.8333,75.75
1999,37055,NC,Dare County,rural,South,South Atlantic,383.215,29366,20109,107,82
2000,37055,NC,Dare County,rural,South,South Atlantic,383.215,30149,20682,105.3333,79
2001,37055,NC,Dare County,rural,South,South Atlantic,383.215,30826,21306,103.6667,93
2001,37055,NC,Dare County,rural,South,South Atlantic,383.215,30826,21306,103.6667,93
2002,37055,NC,Dare County,rural,South,South Atlantic,383.215,31898,22203,102,96
2003,37055,NC,Dare County,rural,South,South Atlantic,383.215,32697,22796,627,116
2003,37055,,,,,,,,,100.3333,
2004,37055,NC,Dare County,rural,South,South Atlantic,383.215,33196,23196,98.66666,117
2004,37055,NC,Dare County,rural,South,South Atlantic,383.215,33196,23196,98.66666,117
2005,37055,NC,Dare County,rural,South,South Atlantic,383.215,33354,23405,97,124
2006,37055,NC,Dare County,rural,South,South Atlantic,383.215,33463,23511,95.5,144
2007,37055,NC,Dare County,rural,South,South Atlantic,383.215,33541,23405,94,127
2008,37055,NC,Dare County,rural,South,South Atlantic,383.215,33553,23220,92.5,119
2009,37055,NC,Dare County,rural,South,South Atlantic,383.215,33679,23120,91,108
2010,37055,NC,Dare County,rural,South,South Atlantic,383.215,33920,23156,89.5,102
2011,37055,NC,Dare County,rural,South,South Atlantic,383.215,33984,23181,88,106
2012,37055,NC,Dare County,rural,South,South Atlantic,383.215,34178,23102,86.5,98
2013,37055,NC,Dare County,rural,South,South Atlantic,383.215,34426,22892,85,102
2014,37055,NC,Dare County,rural,South,South Atlantic,383.215,34852,22929,85,89
2015,37055,NC,Dare County,rural,South,South Atlantic,383.215,34907,22747,85,106
2016,37055,NC,Dare County,rural,South,South Atlantic,383.215,35441,22936,,
1970,37057,NC,Davidson County,small/mid,South,South Atlantic,553.173,96195,61223,33,
1971,37057,NC,Davidson County,small/mid,South,South Atlantic,553.173,98500,62909,34.125,
1972,37057,NC,Davidson County,small/mid,South,South Atlantic,553.173,100897,64849,35.25,
1973,37057,NC,Davidson County,Small/mid,South,South Atlantic,553.173,102447,66247,36.375,
1974,37057,NC,Davidson County,small/mid,South,South Atlantic,553.173,102890,66814,37.5,
1975,37057,NC,Davidson County,small/mid,South,South Atlantic,553.173,103944,67760,38.625,
1976,37057,NC,Davidson County,small/mid,South,South Atlantic,553.173,105126,69099,39.75,
1977,37057,NC,Davidson County,small/mid,South,South Atlantic,553.173,106955,70793,40.875,
1978,37057,NC,Davidson County,small/mid,South,South Atlantic,553.173,109099,72704,42,
1979,37057,NC,Davidson County,small/mid,South,South Atlantic,553.173,111253,74557,42,
1980,37057,NC,Davidson County,small/mid,South,South Atlantic,553.173,113577,76366,42,
1981,37057,NC,Davidson County,small/mid,South,South Atlantic,553.173,114802,77458,42,
1982,37057,NC,Davidson County,small/mid,South,South Atlantic,553.173,116025,78463,42,
1983,37057,NC,Davidson County,SMALL/MID,South,South Atlantic,553.173,116906,79208,42,260
1984,37057,NC,Davidson County,small/mid,South,South Atlantic,553.173,118707,80809,69,257
1985,37057,NC,Davidson County,small/mid,South,South Atlantic,553.173,120058,82040,96,262
1986,37057,NC,Davidson County,small/mid,South,South Atlantic,553.173,121145,82963,95,262
1987,37057,NC,Davidson County,small/mid,South,South Atlantic,553.173,123778,84872,93,246.6
1987,37057,NC,Davidson County,small/mid,South,South Atlantic,553.173,123778,84872,93,246.6
1988,37057,NC,Davidson County,small/mid,South,South Atlantic,553.173,124494,85274,86,231.2
1989,37057,NC,Davidson County,small/mid,South,South Atlantic,553.173,125781,86014,98.8,215.8
1990,37057,NC,Davidson County,small/mid,South,South Atlantic,553.173,127175,86680,111.6,200.4
1991,37057,NC,Davidson County,small/mid,South,South Atlantic,553.173,128823,87608,124.4,185
1992,37057,NC,Davidson County,small/mid,South,South Atlantic,553.173,130427,88199,137.2,227.75
1993,37057,NC,Davidson County,Small/mid,South,South Atlantic,553.173,133028,89726,150,270.5
1994,37057,NC,Davidson County,small/mid,South,South Atlantic,553.173,134381,90597,158.5,313.25
1994,37057,NC,Davidson County,small/mid,South,South Atlantic,553.173,134381,90597,158.5,313.25
1995,37057,NC,Davidson County,small/mid,South,South Atlantic,553.173,136679,92104,167,356
1995,37057,NC,Davidson County,small/mid,South,South Atlantic,553.173,136679,92104,167,356
1996,37057,NC,Davidson County,  SMALL/MID ,South,South Atlantic,553.173,139249,93773,175.5,398.75
1997,37057,NC,Davidson County,small/mid,South,South Atlantic,553.173,141709,95371,184,441.5
1998,37057,NC,Davidson County,  SMALL/MID ,South,South Atlantic,553.173,144023,96915,192.5,484.25
1999,37057,NC,Davidson County,SMALL/MID,South,South Atlantic,553.173,146106,98091,201,527
2000,37057,NC,Davidson County,small/mid,South,South Atlantic,553.173,147713,98924,200,514
2001,37057,NC,Davidson County,small/mid  ,South,South Atlantic,553.173,149663,100073,218,522
2002,37057,NC,Davidson County,small/mid,South,South Atlantic,553.173,151296,100816,250,518
2003,37057,NC,Davidson County,Small/mid,South,South Atlantic,553.173,152809,101540,245,584
2004,37057,NC,Davidson County,small/mid,South,South Atlantic,553.173,154179,102285,218,614
2004,37057,NC,Davidson County,small/mid,South,South Atlantic,553.173,154179,102285,218,614
2005,37057,NC,Davidson County,small/mid,South,South Atlantic,553.173,155425,103218,241,584
2006,37057,NC,Davidson County,small/mid,South,South Atlantic,553.173,157209,104349,243.1,628
2007,37057,NC,Davidson County,small/mid,South,South Atlantic,553.173,159126,105382,245.2,661
2008,37057,NC,Davidson County,small/mid,South,South Atlantic,553.173,161520,106914,247.3,747
2009,37057,NC,Davidson County,SMALL/MID,South,South Atlantic,553.173,162406,107213,249.4,839
2010,37057,NC,Davidson County,small/mid,South,South Atlantic,553.173,162833,107404,251.5,838
2011,37057,NC,Davidson County,small/mid,South,South Atlantic,553.173,162858,107436,253.6,852
2012,37057,NC,Davidson County,small/mid,South,South Atlantic,553.173,162972,107321,255.7,772
2012,37057,NC,Davidson County,small/mid,South,South Atlantic,553.173,162972,107321,255.7,772
2013,37057,NC,Davidson County,SMALL/MID,South,South Atlantic,553.173,163112,106591,257.8,732
2014,37057,NC,Davidson County,small/mid,South,South Atlantic,553.173,163398,106214,259.9,715
2015,37057,NC,Davidson County,small/mid,South,South Atlantic,553.173,163530,105878,262,661
2015,37057,NC,Davidson County,small/mid,South,South Atlantic,553.173,163530,105878,262,661
2016,37057,NC,Davidson County,small/mid,South,South Atlantic,553.173,163690,105705,,
1970,37059,NC,Davie County,small/mid,South,South Atlantic,263.695,18959,11856,0,
1971,37059,NC,Davie County,small/mid,South,South Atlantic,263.695,19406,12177,0,
1972,37059,NC,Davie County,small/mid,South,South Atlantic,263.695,19826,12509,0,
1973,37059,NC,Davie County,  SMALL/MID ,South,South Atlantic,263.695,20465,13004,0,
1974,37059,NC,Davie County,small/mid,South,South Atlantic,263.695,21188,13552,0,
1975,37059,NC,Davie County,small/mid,South,South Atlantic,263.695,21761,13982,0,
1976,37059,NC,Davie County,small/mid,South,South Atlantic,263.695,22283,14443,0,
1977,37059,NC,Davie County,small/mid,South,South Atlantic,263.695,23084,15108,0,
1978,37059,NC,Davie County,small/mid,South,South Atlantic,263.695,23761,15668,8,
1979,37059,NC,Davie County,small/mid,South,South Atlantic,263.695,24339,16126,7.2,
1980,37059,NC,Davie County,small/mid,South,South Atlantic,263.695,24710,16430,6.4,
1981,37059,NC,Davie County,SMALL/MID,South,South Atlantic,263.695,25090,16727,5.6,
1981,37059,NC,Davie County,SMALL/MID,South,South Atlantic,263.695,25090,16727,5.6,
1982,37059,NC,Davie County,small/mid,South,South Atlantic,263.695,25316,16903,4.8,
1982,37059,NC,Davie County,small/mid,South,South Atlantic,263.695,25316,16903,4.8,
1983,37059,NC,Davie County,small/mid,South,South Atlantic,263.695,25641,17146,4,49
1984,37059,NC,Davie County,small/mid,South,South Atlantic,263.695,25733,17277,3.5,63
1985,37059,NC,Davie County,SMALL/MID,South,South Atlantic,263.695,26344,17746,3,53
1986,37059,NC,Davie County,small/mid,South,South Atlantic,263.695,26775,18070,8,65
1987,37059,NC,Davie County,small/mid  ,South,South Atlantic,263.695,27130,18322,10,69.8
1988,37059,NC,Davie County,small/mid,South,South Atlantic,263.695,27446,18519,12,74.6
1989,37059,NC,Davie County,small/mid,South,South Atlantic,263.695,27546,18546,12.6,79.4
1990,37059,NC,Davie County,small/mid,South,South Atlantic,263.695,28032,18805,13.2,84.2
1991,37059,NC,Davie County,Small/mid,South,South Atlantic,263.695,28399,19033,13.8,89
1992,37059,NC,Davie County,small/mid,South,South Atlantic,263.695,28671,19113,14.4,89
1993,37059,NC,Davie County,small/mid,South,South Atlantic,263.695,29230,19395,15,89
1994,37059,NC,Davie County,small/mid,South,South Atlantic,263.695,30054,19783,16.66667,89
1995,37059,NC,Davie County,SMALL/MID,South,South Atlantic,263.695,30366,19928,18.33333,89
1996,37059,NC,Davie County,small/mid,South,South Atlantic,263.695,31174,20414,20,89
1996,37059,NC,Davie County,small/mid,South,South Atlantic,263.695,31174,20414,20,89
1997,37059,NC,Davie County,small/mid,South,South Atlantic,263.695,32235,21150,21.66667,89
1998,37059,NC,Davie County,small/mid,South,South Atlantic,263.695,33274,21887,23.33333,89
1999,37059,NC,Davie County,small/mid,South,South Atlantic,263.695,34132,22494,25,89
2000,37059,NC,Davie County,small/mid,South,South Atlantic,263.695,35046,23104,28.33333,106
2001,37059,NC,Davie County,small/mid,South,South Atlantic,263.695,35905,23597,31.66667,96
2002,37059,NC,Davie County,small/mid,South,South Atlantic,263.695,36446,23859,35,94
2002,37059,NC,Davie County,small/mid,South,South Atlantic,263.695,36446,23859,35,94
2003,37059,NC,Davie County,small/mid,South,South Atlantic,263.695,36864,24040,38.33333,88
2004,37059,NC,Davie County,Small/mid,South,South Atlantic,263.695,37552,24457,41.66667,87
2005,37059,NC,Davie County,small/mid  ,South,South Atlantic,263.695,38559,25095,45,115
2006,37059,NC,Davie County,small/mid,South,South Atlantic,263.695,39539,25651,45,104
2007,37059,NC,Davie County,small/mid,South,South Atlantic,263.695,40260,25963,46,113
2008,37059,NC,Davie County,small/mid,South,South Atlantic,263.695,40748,26166,50,128
2008,37059,NC,Davie County,small/mid,South,South Atlantic,263.695,40748,26166,50,128
2009,37059,NC,Davie County,small/mid,South,South Atlantic,263.695,41035,26340,48,118
2010,37059,NC,Davie County,small/mid,South,South Atlantic,263.695,41221,26424,58,121
2011,37059,NC,Davie County,SMALL/MID,South,South Atlantic,263.695,41256,26480,45,122
2012,37059,NC,Davie County,small/mid,South,South Atlantic,263.695,41352,26545,56,109
2013,37059,NC,Davie County,SMALL/MID,South,South Atlantic,263.695,41300,26263,49,127
2014,37059,NC,Davie County,small/mid,South,South Atlantic,263.695,41446,26288,45,121
2015,37059,NC,Davie County,small/mid,South,South Atlantic,263.695,41280,26047,45,110
2016,37059,NC,Davie County,small/mid,South,South Atlantic,263.695,41677,26272,,
1970,37061,NC,Duplin County,rural,South,South Atlantic,814.738,38046,23444,9,
1971,37061,NC,Duplin County,rural,South,South Atlantic,814.738,38212,23604,9.75,
1972,37061,NC,Duplin County,rural,South,South Atlantic,814.738,38946,24210,10.5,
1972,37061,NC,Duplin County,rural,South,South Atlantic,814.738,38946,24210,10.5,
1973,37061,NC,Duplin County,rural,South,South Atlantic,814.738,39362,24612,11.25,
1974,37061,NC,Duplin County,Rural,South,South Atlantic,814.738,39389,24739,12,
1975,37061,NC,Duplin County,rural,South,South Atlantic,814.738,40140,25341,12.75,
1976,37061,NC,Duplin County,rural,South,South Atlantic,814.738,40299,25567,13.5,
1977,37061,NC,Duplin County,rural,South,South Atlantic,814.738,40556,25833,14.25,
1978,37061,NC,Duplin County,rural,South,South Atlantic,814.738,40681,26006,15,
1979,37061,NC,Duplin County,rural,South,South Atlantic,814.738,40626,25979,16.6,
1980,37061,NC,Duplin County,rural,South,South Atlantic,814.738,40883,26190,18.2,
1981,37061,NC,Duplin County, rural,South,South Atlantic,814.738,40624,26084,19.8,
1981,37061,NC,Duplin County, rural,South,South Atlantic,814.738,40624,26084,19.8,
1982,37061,NC,Duplin County,rural,South,South Atlantic,814.738,40636,26125,21.4,
1983,37061,NC,Duplin County,rural,South,South Atlantic,814.738,40530,26081,23,143
1984,37061,NC,Duplin County,rural,South,South Atlantic,814.738,40741,26318,25.2,161
1985,37061,NC,Duplin County,Rural,South,South Atlantic,814.738,40542,26265,27.4,156
1986,37061,NC,Duplin County,rural,South,South Atlantic,814.738,40335,26161,29.6,149
1986,37061,NC,Duplin County,rural,South,South Atlantic,814.738,40335,26161,29.6,149
1987,37061,NC,Duplin County,rural,South,South Atlantic,814.738,40230,26107,31.8,141.8
1988,37061,NC,Duplin County,rural,South,South Atlantic,814.738,39990,25901,34,134.6
1989,37061,NC,Duplin County,rural,South,South Atlantic,814.738,40228,25978,37.6,127.4
1990,37061,NC,Duplin County,RURAL,South,South Atlantic,814.738,40116,25820,41.2,120.2
1991,37061,NC,Duplin County,rural,South,South Atlantic,814.738,40678,26137,44.8,113
1991,37061,NC,Duplin County,rural,South,South Atlantic,814.738,40678,26137,44.8,113
1992,37061,NC,Duplin County,rural,South,South Atlantic,814.738,41651,26831,48.4,126.75
1993,37061,NC,Duplin County,rural,South,South Atlantic,814.738,42737,27578,52,140.5
1994,37061,NC,Duplin County,rural,South,South Atlantic,814.738,43711,28269,53.83333,154.25
1995,37061,NC,Duplin County,rural,South,South Atlantic,814.738,44793,29106,55.66667,168
1996,37061,NC,Duplin County,rural,South,South Atlantic,814.738,45798,29768,57.5,181.75
1997,37061,NC,Duplin County,rural,South,South Atlantic,814.738,46668,30424,59.33333,195.5
1998,37061,NC,Duplin County,rural,South,South Atlantic,814.738,47549,31113,61.16667,209.25
1999,37061,NC,Duplin County, rural,South,South Atlantic,814.738,48401,31646,63,223
2000,37061,NC,Duplin County,rural,South,South Atlantic,814.738,49236,32202,68.5,215
2001,37061,NC,Duplin County,rural,South,South Atlantic,814.738,50182,32653,627,222
2001,37061,,,,,,,,,74,
2002,37061,NC,Duplin County,rural,South,South Atlantic,814.738,51121,33259,79.5,198
2003,37061,NC,Duplin County,rural,South,South Atlantic,814.738,51880,33838,85,203
2004,37061,NC,Duplin County,rural,South,South Atlantic,814.738,52732,34415,90.5,216
2005,37061,NC,Duplin County,rural,South,South Atlantic,814.738,53445,34763,96,206
2006,37061,NC,Duplin County,rural,South,South Atlantic,814.738,54704,35626,101.375,202
2007,37061,NC,Duplin County,rural,South,South Atlantic,814.738,55610,36076,106.75,209
2008,37061,NC,Duplin County,rural,South,South Atlantic,814.738,56810,36876,112.125,223
2009,37061,NC,Duplin County, rural,South,South Atlantic,814.738,57434,37086,117.5,230
2010,37061,NC,Duplin County,Rural,South,South Atlantic,814.738,58404,37600,122.875,239
2011,37061,NC,Duplin County,rural,South,South Atlantic,814.738,58649,37740,128.25,238
2012,37061,NC,Duplin County,rural,South,South Atlantic,814.738,59276,38185,133.625,254
2013,37061,NC,Duplin County,rural,South,South Atlantic,814.738,59530,38030,139,242
2014,37061,NC,Duplin County,rural,South,South Atlantic,814.738,59442,37740,139,252
2015,37061,NC,Duplin County,rural,South,South Atlantic,814.738,59618,37566,139,247
2016,37061,NC,Duplin County,Rural,South,South Atlantic,814.738,59093,37122,,
1970,37063,NC,Durham County,small/mid,South,South Atlantic,286.396,133035,87432,634,
1970,37063,,,,,,,,,94,
1971,37063,NC,Durham County,small/mid,South,South Atlantic,286.396,134466,88664,94.375,
1972,37063,NC,Durham County,small/mid,South,South Atlantic,286.396,137736,91421,94.75,
1973,37063,NC,Durham County,small/mid,South,South Atlantic,286.396,141239,94378,95.125,
1974,37063,NC,Durham County,small/mid,South,South Atlantic,286.396,142271,95512,95.5,
1975,37063,NC,Durham County,small/mid,South,South Atlantic,286.396,143078,96414,95.875,
1976,37063,NC,Durham County,SMALL/MID,South,South Atlantic,286.396,145105,98551,96.25,
1977,37063,NC,Durham County,small/mid,South,South Atlantic,286.396,147970,101134,96.625,
1978,37063,NC,Durham County,small/mid,South,South Atlantic,286.396,149120,102337,97,
1978,37063,NC,Durham County,small/mid,South,South Atlantic,286.396,149120,102337,97,
1979,37063,NC,Durham County,small/mid,South,South Atlantic,286.396,151307,104255,111.8,
1980,37063,NC,Durham County,small/mid,South,South Atlantic,286.396,152699,105494,126.6,
1981,37063,NC,Durham County,small/mid,South,South Atlantic,286.396,154779,107380,141.4,
1982,37063,NC,Durham County,small/mid,South,South Atlantic,286.396,156306,108685,156.2,
1983,37063,NC,Durham County,small/mid,South,South Atlantic,286.396,158221,110235,171,509
1984,37063,NC,Durham County,small/mid,South,South Atlantic,286.396,160928,112612,180.5,558
1985,37063,NC,Durham County,small/mid,South,South Atlantic,286.396,163962,115097,190,667
1986,37063,NC,Durham County,small/mid,South,South Atlantic,286.396,168503,118483,179,728
1987,37063,NC,Durham County,small/mid,South,South Atlantic,286.396,172476,121382,179,673.4
1988,37063,NC,Durham County,small/mid,South,South Atlantic,286.396,175156,123077,203,618.8
1989,37063,NC,Durham County,small/mid,South,South Atlantic,286.396,178884,125393,271,564.2
1990,37063,NC,Durham County,small/mid,South,South Atlantic,286.396,183145,128006,291,509.6
1991,37063,NC,Durham County,  SMALL/MID ,South,South Atlantic,286.396,187554,131088,347,455
1992,37063,NC,Durham County,small/mid,South,South Atlantic,286.396,191784,133667,345,514.75
1993,37063,NC,Durham County,small/mid,South,South Atlantic,286.396,196046,136477,335,574.5
1994,37063,NC,Durham County,small/mid,South,South Atlantic,286.396,199274,138861,310,634.25
1995,37063,NC,Durham County,small/mid,South,South Atlantic,286.396,202872,141536,311,694
1996,37063,NC,Durham County,small/mid,South,South Atlantic,286.396,206910,144692,314,753.75
1997,37063,NC,Durham County,small/mid,South,South Atlantic,286.396,211756,148622,409,813.5
1998,37063,NC,Durham County,  SMALL/MID ,South,South Atlantic,286.396,215995,152026,539,873.25
1999,37063,NC,Durham County,small/mid,South,South Atlantic,286.396,219811,155142,506,933
2000,37063,NC,Durham County,small/mid,South,South Atlantic,286.396,224476,158940,433,982
2000,37063,NC,Durham County,small/mid,South,South Atlantic,286.396,224476,158940,433,982
2001,37063,NC,Durham County,small/mid,South,South Atlantic,286.396,228978,161905,414,929
2002,37063,NC,Durham County,small/mid,South,South Atlantic,286.396,233505,165216,418,968
2003,37063,NC,Durham County,small/mid,South,South Atlantic,286.396,235570,166633,470,903
2004,37063,NC,Durham County,small/mid,South,South Atlantic,286.396,238376,168909,470,1029
2005,37063,NC,Durham County,small/mid,South,South Atlantic,286.396,241785,171708,509,979
2006,37063,NC,Durham County,small/mid,South,South Atlantic,286.396,246929,175651,549,1044
2007,37063,NC,Durham County,small/mid,South,South Atlantic,286.396,252796,179831,597,1028
2008,37063,NC,Durham County,small/mid,South,South Atlantic,286.396,259356,184522,629,1095
2009,37063,NC,Durham County,small/mid,South,South Atlantic,286.396,265356,188873,597,1188
2010,37063,NC,Durham County,small/mid,South,South Atlantic,286.396,269984,192439,485,1280
2010,37063,NC,Durham County,small/mid,South,South Atlantic,286.396,269984,192439,485,1280
2011,37063,NC,Durham County,small/mid,South,South Atlantic,286.396,271327,193350,554,1294
2012,37063,NC,Durham County,small/mid,South,South Atlantic,286.396,276881,196776,551,1209
2013,37063,NC,Durham County,Small/mid,South,South Atlantic,286.396,282996,199799,498,1148
2014,37063,NC,Durham County,small/mid  ,South,South Atlantic,286.396,288960,203291,521,1080
2015,37063,NC,Durham County,small/mid,South,South Atlantic,286.396,295462,206754,512,1138
2016,37063,NC,Durham County,small/mid,South,South Atlantic,286.396,301174,210553,,
2016,37063,NC,Durham County,small/mid,South,South Atlantic,286.396,301174,210553,,
1970,37065,NC,Edgecombe County,small/mid,South,South Atlantic,505.432,52285,31112,27,
1971,37065,NC,Edgecombe County,small/mid,South,South Atlantic,505.432,52067,31281,28,
1972,37065,NC,Edgecombe County,small/mid,South,South Atlantic,505.432,52735,32126,29,
1973,37065,NC,Edgecombe County,SMALL/MID,South,South Atlantic,505.432,52853,32617,30,
1973,37065,NC,Edgecombe County,SMALL/MID,South,South Atlantic,505.432,52853,32617,30,
1974,37065,NC,Edgecombe County,SMALL/MID,South,South Atlantic,505.432,53161,33156,31,
1975,37065,NC,Edgecombe County,small/mid,South,South Atlantic,505.432,54037,34059,585,
1975,37065,,,,,,,,,32,
1976,37065,NC,Edgecombe County,small/mid,South,South Atlantic,505.432,54691,34426,33,
1977,37065,NC,Edgecombe County,small/mid  ,South,South Atlantic,505.432,55189,34993,34,
1978,37065,NC,Edgecombe County,small/mid,South,South Atlantic,505.432,55612,35476,35,
1979,37065,NC,Edgecombe County,small/mid,South,South Atlantic,505.432,56214,36072,37,
1980,37065,NC,Edgecombe County,small/mid,South,South Atlantic,505.432,56011,36083,39,
1981,37065,NC,Edgecombe County,small/mid,South,South Atlantic,505.432,56314,36345,41,
1982,37065,NC,Edgecombe County,small/mid,South,South Atlantic,505.432,56739,36615,43,
1983,37065,NC,Edgecombe County,small/mid,South,South Atlantic,505.432,56908,36725,45,162
1984,37065,NC,Edgecombe County,small/mid,South,South Atlantic,505.432,56967,36869,41.5,199
1985,37065,NC,Edgecombe County,small/mid,South,South Atlantic,505.432,57700,37406,38,189
1986,37065,NC,Edgecombe County,small/mid,South,South Atlantic,505.432,58191,37752,45,201
1987,37065,NC,Edgecombe County,small/mid,South,South Atlantic,505.432,58458,37917,63,206.4
1987,37065,NC,Edgecombe County,small/mid,South,South Atlantic,505.432,58458,37917,63,206.4
1988,37065,NC,Edgecombe County,small/mid,South,South Atlantic,505.432,58769,37989,50,211.8
1989,37065,NC,Edgecombe County,small/mid,South,South Atlantic,505.432,57398,36937,62,217.2
1990,37065,NC,Edgecombe County,small/mid,South,South Atlantic,505.432,56608,36144,74,222.6
1991,37065,NC,Edgecombe County,small/mid,South,South Atlantic,505.432,56575,36014,86,228
1992,37065,NC,Edgecombe County,small/mid,South,South Atlantic,505.432,56607,35803,98,234.875
1992,37065,NC,Edgecombe County,small/mid,South,South Atlantic,505.432,56607,35803,98,234.875
1993,37065,NC,Edgecombe County,small/mid,South,South Atlantic,505.432,56572,35759,110,241.75
1994,37065,NC,Edgecombe County,small/mid,South,South Atlantic,505.432,56612,36013,109,248.625
1994,37065,NC,Edgecombe County,small/mid,South,South Atlantic,505.432,56612,36013,109,248.625
1995,37065,NC,Edgecombe County,small/mid,South,South Atlantic,505.432,57001,36540,93,255.5
1996,37065,NC,Edgecombe County,small/mid,South,South Atlantic,505.432,57039,36814,117,262.375
1997,37065,NC,Edgecombe County,small/mid,South,South Atlantic,505.432,56885,36870,131,269.25
1998,37065,NC,Edgecombe County,small/mid,South,South Atlantic,505.432,56410,36662,139,276.125
1999,37065,NC,Edgecombe County,small/mid,South,South Atlantic,505.432,56291,36622,135,283
2000,37065,NC,Edgecombe County,small/mid,South,South Atlantic,505.432,55443,35996,150,282
2001,37065,NC,Edgecombe County,  SMALL/MID ,South,South Atlantic,505.432,55792,36011,150,274
2002,37065,NC,Edgecombe County,small/mid,South,South Atlantic,505.432,55855,36063,153,294
2003,37065,NC,Edgecombe County,small/mid,South,South Atlantic,505.432,55994,36236,168,281
2004,37065,NC,Edgecombe County,small/mid,South,South Atlantic,505.432,56064,36162,196,265
2005,37065,NC,Edgecombe County,small/mid,South,South Atlantic,505.432,56151,36332,243,273
2006,37065,NC,Edgecombe County,small/mid,South,South Atlantic,505.432,56129,36509,263,302
2007,37065,NC,Edgecombe County,small/mid,South,South Atlantic,505.432,55911,36468,291,295
2008,37065,NC,Edgecombe County,  SMALL/MID ,South,South Atlantic,505.432,56420,36806,282,336
2009,37065,NC,Edgecombe County,small/mid,South,South Atlantic,505.432,56237,36894,267,324
2010,37065,NC,Edgecombe County,small/mid,South,South Atlantic,505.432,56545,37181,278,336
2011,37065,NC,Edgecombe County,small/mid,South,South Atlantic,505.432,56625,37212,191,325
2012,37065,NC,Edgecombe County,small/mid,South,South Atlantic,505.432,56059,36714,212,280
2013,37065,NC,Edgecombe County,small/mid,South,South Atlantic,505.432,55695,36021,195,289
2014,37065,NC,Edgecombe County,small/mid,South,South Atlantic,505.432,55454,35676,214,292
2015,37065,NC,Edgecombe County,small/mid,South,South Atlantic,505.432,54894,35099,115,279
2016,37065,NC,Edgecombe County,SMALL/MID,South,South Atlantic,505.432,53770,33980,,
1970,37067,NC,Forsyth County,small/mid,South,South Atlantic,407.769,216085,137994,129,
1971,37067,NC,Forsyth County,Small/mid,South,South Atlantic,407.769,219935,141336,131.375,
1972,37067,NC,Forsyth County,small/mid,South,South Atlantic,407.769,224172,145395,133.75,
1972,37067,NC,Forsyth County,small/mid,South,South Atlantic,407.769,224172,145395,133.75,
1973,37067,NC,Forsyth County,small/mid,South,South Atlantic,407.769,226168,147950,136.125,
1974,37067,NC,Forsyth County, small/mid,South,South Atlantic,407.769,227828,150196,138.5,
1975,37067,NC,Forsyth County,small/mid,South,South Atlantic,407.769,229390,152256,140.875,
1976,37067,NC,Forsyth County,small/mid,South,South Atlantic,407.769,231733,155312,143.25,
1977,37067,NC,Forsyth County,small/mid,South,South Atlantic,407.769,234177,158109,145.625,
1977,37067,NC,Forsyth County,small/mid,South,South Atlantic,407.769,234177,158109,145.625,
1978,37067,NC,Forsyth County,small/mid,South,South Atlantic,407.769,238236,162090,148,
1979,37067,NC,Forsyth County,small/mid,South,South Atlantic,407.769,241906,165666,155.4,
1980,37067,NC,Forsyth County,small/mid,South,South Atlantic,407.769,244399,168029,162.8,
1981,37067,NC,Forsyth County,small/mid,South,South Atlantic,407.769,246932,170116,170.2,
1982,37067,NC,Forsyth County,small/mid,South,South Atlantic,407.769,249159,171761,177.6,
1983,37067,NC,Forsyth County,small/mid,South,South Atlantic,407.769,251270,173296,185,918
1984,37067,NC,Forsyth County,small/mid,South,South Atlantic,407.769,253546,175407,188,985
1985,37067,NC,Forsyth County,small/mid,South,South Atlantic,407.769,257033,178172,191,984
1986,37067,NC,Forsyth County,Small/mid,South,South Atlantic,407.769,258483,179287,198,971
1987,37067,NC,Forsyth County,small/mid,South,South Atlantic,407.769,262120,181754,245,912.2
1988,37067,NC,Forsyth County,small/mid,South,South Atlantic,407.769,263653,182372,330,853.4
1989,37067,NC,Forsyth County,small/mid,South,South Atlantic,407.769,264920,182646,429,794.6
1990,37067,NC,Forsyth County,small/mid,South,South Atlantic,407.769,266855,183109,360,735.8
1991,37067,NC,Forsyth County,small/mid,South,South Atlantic,407.769,270397,184793,332,677
1992,37067,NC,Forsyth County,small/mid,South,South Atlantic,407.769,273771,186373,375,797.75
1993,37067,NC,Forsyth County,small/mid,South,South Atlantic,407.769,278705,188883,380,918.5
1994,37067,NC,Forsyth County,small/mid  ,South,South Atlantic,407.769,284496,192296,403,1039.25
1994,37067,NC,Forsyth County,small/mid  ,South,South Atlantic,407.769,284496,192296,403,1039.25
1995,37067,NC,Forsyth County,small/mid,South,South Atlantic,407.769,288923,195187,461,1160
1996,37067,NC,Forsyth County,small/mid,South,South Atlantic,407.769,293811,198308,648,1280.75
1997,37067,NC,Forsyth County,SMALL/MID,South,South Atlantic,407.769,297835,200713,670,1401.5
1998,37067,NC,Forsyth County,small/mid,South,South Atlantic,407.769,301159,202813,692,1522.25
1999,37067,NC,Forsyth County,small/mid,South,South Atlantic,407.769,303630,204176,711,1643
2000,37067,NC,Forsyth County,small/mid,South,South Atlantic,407.769,307156,206483,740,1704
2001,37067,NC,Forsyth County,small/mid  ,South,South Atlantic,407.769,310807,208500,749,1766
2002,37067,NC,Forsyth County,small/mid,South,South Atlantic,407.769,314215,210661,789,1916
2003,37067,NC,Forsyth County,small/mid,South,South Atlantic,407.769,316659,212421,815,1973
2004,37067,NC,Forsyth County,small/mid,South,South Atlantic,407.769,319997,214927,850,1946
2005,37067,NC,Forsyth County,small/mid,South,South Atlantic,407.769,325065,218664,847,1983
2006,37067,NC,Forsyth County,small/mid,South,South Atlantic,407.769,332110,223422,849,1960
2007,37067,NC,Forsyth County,small/mid,South,South Atlantic,407.769,338638,227561,898,1944
2008,37067,NC,Forsyth County,small/mid,South,South Atlantic,407.769,344330,230773,881,2043
2009,37067,NC,Forsyth County,small/mid,South,South Atlantic,407.769,348532,232934,870,1993
2010,37067,NC,Forsyth County,small/mid,South,South Atlantic,407.769,350674,234007,824,2012
2011,37067,NC,Forsyth County,small/mid,South,South Atlantic,407.769,351421,234442,672,1874
2012,37067,NC,Forsyth County,small/mid,South,South Atlantic,407.769,354835,236295,669,1774
2013,37067,NC,Forsyth County,small/mid,South,South Atlantic,407.769,357937,237030,717,1721
2014,37067,NC,Forsyth County,small/mid,South,South Atlantic,407.769,361000,238059,778,1657
2015,37067,NC,Forsyth County,small/mid,South,South Atlantic,407.769,364956,240017,719,1601
2016,37067,NC,Forsyth County,small/mid,South,South Atlantic,407.769,367922,241418,,
1970,37069,NC,Franklin County,suburban,South,South Atlantic,491.752,26976,16700,16,
1971,37069,NC,Franklin County,suburban,South,South Atlantic,491.752,27648,17206,15.5,
1972,37069,NC,Franklin County,suburban,South,South Atlantic,491.752,27960,17507,15,
1973,37069,NC,Franklin County,suburban,South,South Atlantic,491.752,28230,17777,14.5,
1973,37069,NC,Franklin County,suburban,South,South Atlantic,491.752,28230,17777,14.5,
1974,37069,NC,Franklin County,suburban,South,South Atlantic,491.752,28385,17964,14,
1975,37069,NC,Franklin County,suburban,South,South Atlantic,491.752,28662,18225,13.5,
1976,37069,NC,Franklin County,suburban,South,South Atlantic,491.752,28546,18198,13,
1977,37069,NC,Franklin County,suburban,South,South Atlantic,491.752,28868,18478,12.5,
1978,37069,NC,Franklin County,suburban,South,South Atlantic,491.752,29065,18707,12,
1979,37069,NC,Franklin County,suburban,South,South Atlantic,491.752,29688,19209,13.4,
1980,37069,NC,Franklin County,suburban,South,South Atlantic,491.752,30110,19565,14.8,
1981,37069,NC,Franklin County,suburban,South,South Atlantic,491.752,30391,19840,16.2,
1982,37069,NC,Franklin County,suburban,South,South Atlantic,491.752,30767,20151,17.6,
1983,37069,NC,Franklin County,suburban,South,South Atlantic,491.752,31214,20505,19,138
1984,37069,NC,Franklin County,suburban,South,South Atlantic,491.752,31753,20982,19.6,139
1985,37069,NC,Franklin County,  SUBURBAN ,South,South Atlantic,491.752,32705,21711,20.2,131
1986,37069,NC,Franklin County,suburban,South,South Atlantic,491.752,34062,22689,20.8,136
1987,37069,NC,Franklin County,SUBURBAN,South,South Atlantic,491.752,35029,23380,21.4,156.4
1988,37069,NC,Franklin County,Suburban,South,South Atlantic,491.752,35365,23601,22,176.8
1989,37069,NC,Franklin County,suburban,South,South Atlantic,491.752,36002,23990,26.6,197.2
1990,37069,NC,Franklin County,suburban,South,South Atlantic,491.752,36571,24315,31.2,217.6
1991,37069,NC,Franklin County,suburban,South,South Atlantic,491.752,37440,24816,35.8,238
1992,37069,NC,Franklin County,  SUBURBAN ,South,South Atlantic,491.752,38180,25278,40.4,230.625
1993,37069,NC,Franklin County,suburban,South,South Atlantic,491.752,39351,26091,45,223.25
1994,37069,NC,Franklin County,suburban,South,South Atlantic,491.752,40457,26906,57,215.875
1995,37069,NC,Franklin County,suburban,South,South Atlantic,491.752,41805,27960,69,208.5
1996,37069,NC,Franklin County,suburban,South,South Atlantic,491.752,43139,28992,81,201.125
1997,37069,NC,Franklin County,suburban,South,South Atlantic,491.752,44083,29645,93,193.75
1998,37069,NC,Franklin County,suburban,South,South Atlantic,491.752,45151,30477,105,186.375
1999,37069,NC,Franklin County,suburban,South,South Atlantic,491.752,46293,31319,117,179
2000,37069,NC,Franklin County,suburban,South,South Atlantic,491.752,47611,32265,115.3333,191
2001,37069,NC,Franklin County,suburban,South,South Atlantic,491.752,48794,33018,113.6667,180
2002,37069,NC,Franklin County,suburban,South,South Atlantic,491.752,50622,34248,112,201
2003,37069,NC,Franklin County,suburban,South,South Atlantic,491.752,51959,35228,110.3333,163
2004,37069,NC,Franklin County,suburban,South,South Atlantic,491.752,53119,35956,108.6667,154
2005,37069,NC,Franklin County,suburban,South,South Atlantic,491.752,54260,36825,107,156
2006,37069,NC,Franklin County,suburban,South,South Atlantic,491.752,55460,37449,115.625,150
2007,37069,NC,Franklin County,suburban,South,South Atlantic,491.752,57174,38596,124.25,159
2008,37069,NC,Franklin County,suburban,South,South Atlantic,491.752,58925,39679,132.875,176
2009,37069,NC,Franklin County,suburban,South,South Atlantic,491.752,59959,40287,141.5,163
2009,37069,NC,Franklin County,suburban,South,South Atlantic,491.752,59959,40287,141.5,163
2010,37069,NC,Franklin County,suburban,South,South Atlantic,491.752,60558,40521,150.125,158
2010,37069,NC,Franklin County,suburban,South,South Atlantic,491.752,60558,40521,150.125,158
2011,37069,NC,Franklin County,suburban,South,South Atlantic,491.752,60825,40675,158.75,149
2012,37069,NC,Franklin County,suburban,South,South Atlantic,491.752,60964,40732,167.375,134
2013,37069,NC,Franklin County,suburban,South,South Atlantic,491.752,61417,40887,176,134
2014,37069,NC,Franklin County,suburban,South,South Atlantic,491.752,62105,41162,176,130
2015,37069,NC,Franklin County,suburban,South,South Atlantic,491.752,62738,41334,176,123
2016,37069,NC,Franklin County,suburban,South,South Atlantic,491.752,63659,41908,,
1970,37071,NC,Gaston County,suburban,South,South Atlantic,355.755,148891,94325,50,
1971,37071,NC,Gaston County,suburban,South,South Atlantic,355.755,150846,95623,51.625,
1972,37071,NC,Gaston County,SUBURBAN,South,South Atlantic,355.755,153806,97886,53.25,
1973,37071,NC,Gaston County,suburban,South,South Atlantic,355.755,156101,99758,54.875,
1974,37071,NC,Gaston County,suburban,South,South Atlantic,355.755,156688,100383,56.5,
1975,37071,NC,Gaston County,suburban,South,South Atlantic,355.755,156930,100680,58.125,
1976,37071,NC,Gaston County,suburban,South,South Atlantic,355.755,156277,100966,59.75,
1976,37071,NC,Gaston County,suburban,South,South Atlantic,355.755,156277,100966,59.75,
1977,37071,NC,Gaston County,SUBURBAN,South,South Atlantic,355.755,157041,101956,61.375,
1978,37071,NC,Gaston County,suburban,South,South Atlantic,355.755,158236,103278,63,
1979,37071,NC,Gaston County,suburban,South,South Atlantic,355.755,159862,104823,70.6,
1980,37071,NC,Gaston County,suburban  ,South,South Atlantic,355.755,163095,107463,78.2,
1980,37071,NC,Gaston County,suburban  ,South,South Atlantic,355.755,163095,107463,78.2,
1981,37071,NC,Gaston County,suburban,South,South Atlantic,355.755,164653,108970,85.8,
1981,37071,NC,Gaston County,suburban,South,South Atlantic,355.755,164653,108970,85.8,
1982,37071,NC,Gaston County,suburban,South,South Atlantic,355.755,166367,110415,93.4,
1983,37071,NC,Gaston County,suburban  ,South,South Atlantic,355.755,166981,111116,101,401
1984,37071,NC,Gaston County,suburban,South,South Atlantic,355.755,169052,113107,127.5,381
1985,37071,NC,Gaston County,  SUBURBAN ,South,South Atlantic,355.755,171772,115424,154,413
1985,37071,NC,Gaston County,  SUBURBAN ,South,South Atlantic,355.755,171772,115424,154,413
1986,37071,NC,Gaston County,suburban,South,South Atlantic,355.755,171508,115561,110,391
1987,37071,NC,Gaston County,suburban,South,South Atlantic,355.755,172392,116363,123,374.8
1988,37071,NC,Gaston County,suburban,South,South Atlantic,355.755,173904,117310,160,358.6
1989,37071,NC,Gaston County,suburban,South,South Atlantic,355.755,174802,117750,172,342.4
1990,37071,NC,Gaston County,suburban,South,South Atlantic,355.755,175132,117610,187,326.2
1991,37071,NC,Gaston County,suburban,South,South Atlantic,355.755,177350,118968,188,310
1992,37071,NC,Gaston County,suburban,South,South Atlantic,355.755,178654,119412,226,361.625
1993,37071,NC,Gaston County,suburban,South,South Atlantic,355.755,179940,119987,214,413.25
1994,37071,NC,Gaston County,suburban,South,South Atlantic,355.755,181237,120620,223,464.875
1995,37071,NC,Gaston County,SUBURBAN,South,South Atlantic,355.755,182916,121821,240,516.5
1996,37071,NC,Gaston County,suburban,South,South Atlantic,355.755,184428,122876,225,568.125
1996,37071,NC,Gaston County,suburban,South,South Atlantic,355.755,184428,122876,225,568.125
1997,37071,NC,Gaston County,suburban,South,South Atlantic,355.755,186072,124034,230,619.75
1998,37071,NC,Gaston County,suburban,South,South Atlantic,355.755,187284,124967,236,671.375
1999,37071,NC,Gaston County,suburban,South,South Atlantic,355.755,189127,126190,290,723
2000,37071,NC,Gaston County,suburban,South,South Atlantic,355.755,190679,127235,340,742
2001,37071,NC,Gaston County,suburban,South,South Atlantic,355.755,191424,127793,314,752
2002,37071,NC,Gaston County,suburban,South,South Atlantic,355.755,191930,128269,366,840
2003,37071,NC,Gaston County,suburban,South,South Atlantic,355.755,191545,127985,429,845
2004,37071,NC,Gaston County,suburban,South,South Atlantic,355.755,191646,128389,466,875
2005,37071,NC,Gaston County,suburban,South,South Atlantic,355.755,193527,129771,456,949
2006,37071,NC,Gaston County,suburban,South,South Atlantic,355.755,196284,131851,500,993
2007,37071,NC,Gaston County,suburban,South,South Atlantic,355.755,200377,134739,518,989
2007,37071,NC,Gaston County,suburban,South,South Atlantic,355.755,200377,134739,518,989
2008,37071,NC,Gaston County,suburban,South,South Atlantic,355.755,204454,137249,551,1071
2009,37071,NC,Gaston County,suburban,South,South Atlantic,355.755,205884,138200,491,1101
2010,37071,NC,Gaston County,suburban,South,South Atlantic,355.755,206117,138166,492,1067
2011,37071,NC,Gaston County,suburban,South,South Atlantic,355.755,206127,138116,505,972
2012,37071,NC,Gaston County,SUBURBAN,South,South Atlantic,355.755,206951,138296,526,924
2013,37071,NC,Gaston County,suburban,South,South Atlantic,355.755,207963,137941,477,922
2014,37071,NC,Gaston County,suburban,South,South Atlantic,355.755,209285,138177,488,958
2015,37071,NC,Gaston County,suburban,South,South Atlantic,355.755,210694,138844,488,932
2016,37071,NC,Gaston County,suburban,South,South Atlantic,355.755,213182,140303,,
1970,37073,NC,Gates County,suburban,South,South Atlantic,340.612,8506,5016,2,
1971,37073,NC,Gates County,suburban,South,South Atlantic,340.612,8436,5017,0,
1972,37073,NC,Gates County,suburban,South,South Atlantic,340.612,8491,5124,0,
1973,37073,NC,Gates County,suburban,South,South Atlantic,340.612,8432,5150,0,
1974,37073,NC,Gates County,suburban,South,South Atlantic,340.612,8401,5196,0,
1975,37073,NC,Gates County,suburban,South,South Atlantic,340.612,8673,5450,0,
1976,37073,NC,Gates County,suburban,South,South Atlantic,340.612,8490,5361,0,
1977,37073,NC,Gates County,suburban,South,South Atlantic,340.612,8480,5362,501,
1977,37073,,,,,,,,,0,
1978,37073,NC,Gates County,suburban,South,South Atlantic,340.612,8424,5353,0,
1979,37073,NC,Gates County,suburban,South,South Atlantic,340.612,8646,5527,501,
1979,37073,,,,,,,,,0,
1980,37073,NC,Gates County,suburban,South,South Atlantic,340.612,8862,5704,0,
1981,37073,NC,Gates County,suburban,South,South Atlantic,340.612,8840,5692,0,
1982,37073,NC,Gates County,  SUBURBAN ,South,South Atlantic,340.612,8937,5757,0,
1983,37073,NC,Gates County,suburban,South,South Atlantic,340.612,8864,5709,0,28
1983,37073,NC,Gates County,suburban,South,South Atlantic,340.612,8864,5709,0,28
1984,37073,NC,Gates County,suburban,South,South Atlantic,340.612,8984,5801,0,30
1984,37073,NC,Gates County,suburban,South,South Atlantic,340.612,8984,5801,0,30
1985,37073,NC,Gates County,suburban,South,South Atlantic,340.612,9116,5902,0,30
1986,37073,NC,Gates County,suburban,South,South Atlantic,340.612,9222,5970,0,35
1986,37073,NC,Gates County,suburban,South,South Atlantic,340.612,9222,5970,0,35
1987,37073,NC,Gates County,suburban,South,South Atlantic,340.612,9269,5991,0,44.6
1988,37073,NC,Gates County,suburban,South,South Atlantic,340.612,9332,6020,0,54.2
1989,37073,NC,Gates County,suburban,South,South Atlantic,340.612,9327,5994,0,63.8
1990,37073,NC,Gates County,suburban  ,South,South Atlantic,340.612,9337,5974,0,73.4
1991,37073,NC,Gates County,suburban,South,South Atlantic,340.612,9364,5982,0,83
1992,37073,NC,Gates County,suburban,South,South Atlantic,340.612,9524,6028,0,75.875
1992,37073,NC,Gates County,suburban,South,South Atlantic,340.612,9524,6028,0,75.875
1993,37073,NC,Gates County,suburban,South,South Atlantic,340.612,9696,6096,0,68.75
1994,37073,NC,Gates County,suburban,South,South Atlantic,340.612,9832,6197,0,61.625
1995,37073,NC,Gates County,suburban,South,South Atlantic,340.612,9957,6281,0,54.5
1996,37073,NC,Gates County,suburban,South,South Atlantic,340.612,10086,6381,0,47.375
1997,37073,NC,Gates County,suburban,South,South Atlantic,340.612,10199,6474,0,40.25
1998,37073,NC,Gates County,suburban,South,South Atlantic,340.612,10436,6634,0,33.125
1999,37073,NC,Gates County,suburban,South,South Atlantic,340.612,10479,6650,0,26
2000,37073,NC,Gates County,suburban,South,South Atlantic,340.612,10505,6669,0,18
2000,37073,NC,Gates County,suburban,South,South Atlantic,340.612,10505,6669,0,18
2001,37073,NC,Gates County,suburban,South,South Atlantic,340.612,10546,6746,0,19
2002,37073,NC,Gates County,suburban,South,South Atlantic,340.612,10616,6803,0,24
2003,37073,NC,Gates County,suburban,South,South Atlantic,340.612,10800,6921,0,28
2004,37073,NC,Gates County,suburban,South,South Atlantic,340.612,10874,7079,0,30
2005,37073,NC,Gates County,suburban,South,South Atlantic,340.612,11294,7357,0,27
2005,37073,NC,Gates County,suburban,South,South Atlantic,340.612,11294,7357,0,27
2006,37073,NC,Gates County,suburban,South,South Atlantic,340.612,11708,7639,0,35
2007,37073,NC,Gates County,suburban,South,South Atlantic,340.612,12042,7909,0,27
2008,37073,NC,Gates County,suburban,South,South Atlantic,340.612,12098,7966,0,29
2009,37073,NC,Gates County,SUBURBAN,South,South Atlantic,340.612,12138,7979,0,24
2010,37073,NC,Gates County,suburban,South,South Atlantic,340.612,12186,8041,0,25
2011,37073,NC,Gates County,suburban,South,South Atlantic,340.612,12167,8041,0,27
2012,37073,NC,Gates County,suburban,South,South Atlantic,340.612,12043,7963,0,26
2013,37073,NC,Gates County,suburban,South,South Atlantic,340.612,11891,7816,0,25
2014,37073,NC,Gates County,suburban,South,South Atlantic,340.612,11702,7616,0,21
2015,37073,NC,Gates County,suburban,South,South Atlantic,340.612,11635,7516,0,21
2016,37073,NC,Gates County,suburban,South,South Atlantic,340.612,11533,7455,,
1970,37075,NC,Graham County,rural,South,South Atlantic,291.971,6564,3947,1,
1971,37075,NC,Graham County,rural,South,South Atlantic,291.971,6543,3943,1,
1972,37075,NC,Graham County,rural,South,South Atlantic,291.971,6342,3827,1,
1973,37075,NC,Graham County,rural,South,South Atlantic,291.971,6418,3899,1,
1974,37075,NC,Graham County,rural  ,South,South Atlantic,291.971,6515,3960,515,
1974,37075,,,,,,,,,1,
1975,37075,NC,Graham County,rural,South,South Atlantic,291.971,6659,4067,1,
1976,37075,NC,Graham County,rural,South,South Atlantic,291.971,6684,4119,1,
1977,37075,NC,Graham County,rural,South,South Atlantic,291.971,6871,4277,1,
1977,37075,NC,Graham County,rural,South,South Atlantic,291.971,6871,4277,1,
1978,37075,NC,Graham County,rural  ,South,South Atlantic,291.971,6940,4349,1,
1979,37075,NC,Graham County,rural,South,South Atlantic,291.971,7087,4460,1.4,
1980,37075,NC,Graham County,rural,South,South Atlantic,291.971,7212,4557,1.8,
1981,37075,NC,Graham County,rural,South,South Atlantic,291.971,7166,4549,2.2,
1982,37075,NC,Graham County,rural,South,South Atlantic,291.971,7191,4574,2.6,
1983,37075,NC,Graham County,rural,South,South Atlantic,291.971,7179,4576,3,10
1984,37075,NC,Graham County,rural,South,South Atlantic,291.971,7279,4667,3.4,10
1985,37075,NC,Graham County,rural,South,South Atlantic,291.971,7269,4685,3.8,11
1986,37075,NC,Graham County,rural,South,South Atlantic,291.971,7269,4699,4.2,14
1987,37075,NC,Graham County,rural,South,South Atlantic,291.971,7254,4701,4.6,13.8
1988,37075,NC,Graham County,rural  ,South,South Atlantic,291.971,7167,4643,5,13.6
1989,37075,NC,Graham County,rural,South,South Atlantic,291.971,7260,4700,5.4,13.4
1990,37075,NC,Graham County,rural,South,South Atlantic,291.971,7191,4652,5.8,13.2
1991,37075,NC,Graham County,RURAL,South,South Atlantic,291.971,7426,4757,6.2,13
1992,37075,NC,Graham County,rural,South,South Atlantic,291.971,7493,4789,6.6,13.375
1993,37075,NC,Graham County,rural,South,South Atlantic,291.971,7505,4775,7,13.75
1994,37075,NC,Graham County,rural,South,South Atlantic,291.971,7661,4870,6.833333,14.125
1995,37075,NC,Graham County,Rural,South,South Atlantic,291.971,7710,4909,6.666667,14.5
1996,37075,NC,Graham County,rural,South,South Atlantic,291.971,7779,4959,6.5,14.875
1997,37075,NC,Graham County,rural,South,South Atlantic,291.971,7840,5009,6.333333,15.25
1998,37075,NC,Graham County,rural  ,South,South Atlantic,291.971,7837,5018,6.166667,15.625
1999,37075,NC,Graham County,rural,South,South Atlantic,291.971,7929,5077,6,16
2000,37075,NC,Graham County,rural,South,South Atlantic,291.971,7994,5123,6.166667,17
2001,37075,NC,Graham County,rural,South,South Atlantic,291.971,8054,5136,6.333333,23
2002,37075,NC,Graham County,rural,South,South Atlantic,291.971,8204,5223,6.5,25
2003,37075,NC,Graham County,rural,South,South Atlantic,291.971,8222,5231,6.666667,21
2004,37075,NC,Graham County,rural,South,South Atlantic,291.971,8382,5327,6.833333,21
2005,37075,NC,Graham County,rural,South,South Atlantic,291.971,8418,5360,7,27
2006,37075,NC,Graham County,  RURAL ,South,South Atlantic,291.971,8561,5464,7,22
2007,37075,NC,Graham County,rural  ,South,South Atlantic,291.971,8583,5397,7,31
2008,37075,NC,Graham County,rural,South,South Atlantic,291.971,8742,5424,7,30
2009,37075,NC,Graham County,rural,South,South Atlantic,291.971,8749,5421,7,29
2010,37075,NC,Graham County,rural,South,South Atlantic,291.971,8861,5523,7,26
2011,37075,NC,Graham County,rural,South,South Atlantic,291.971,8870,5519,7,20
2012,37075,NC,Graham County,rural,South,South Atlantic,291.971,8815,5462,7,23
2013,37075,NC,Graham County,rural,South,South Atlantic,291.971,8711,5355,7,31
2014,37075,NC,Graham County,rural,South,South Atlantic,291.971,8725,5303,7,24
2015,37075,NC,Graham County,rural,South,South Atlantic,291.971,8626,5191,7,27
2016,37075,NC,Graham County,rural,South,South Atlantic,291.971,8594,5134,,
1970,37077,NC,Granville County,rural,South,South Atlantic,531.991,32886,20450,12,
1971,37077,NC,Granville County,rural,South,South Atlantic,531.991,33374,20916,11.875,
1972,37077,NC,Granville County,rural,South,South Atlantic,531.991,33417,21142,11.75,
1973,37077,NC,Granville County,rural,South,South Atlantic,531.991,33610,21471,11.625,
1973,37077,NC,Granville County,rural,South,South Atlantic,531.991,33610,21471,11.625,
1974,37077,NC,Granville County,rural,South,South Atlantic,531.991,33693,21696,11.5,
1975,37077,NC,Granville County,rural,South,South Atlantic,531.991,33574,21771,11.375,
1976,37077,NC,Granville County,rural,South,South Atlantic,531.991,33522,21867,11.25,
1977,37077,NC,Granville County,rural,South,South Atlantic,531.991,33705,22149,11.125,
1978,37077,NC,Granville County,rural,South,South Atlantic,531.991,33812,22333,11,
1979,37077,NC,Granville County, rural,South,South Atlantic,531.991,33824,22441,12.8,
1980,37077,NC,Granville County,rural  ,South,South Atlantic,531.991,34094,22706,14.6,
1981,37077,NC,Granville County,rural,South,South Atlantic,531.991,34405,22992,16.4,
1982,37077,NC,Granville County,rural,South,South Atlantic,531.991,34792,23306,18.2,
1983,37077,NC,Granville County,rural,South,South Atlantic,531.991,35276,23687,20,113
1984,37077,NC,Granville County,rural,South,South Atlantic,531.991,35682,24081,21,111
1985,37077,NC,Granville County,rural,South,South Atlantic,531.991,35970,24374,22,127
1986,37077,NC,Granville County,rural,South,South Atlantic,531.991,36870,25055,23,127
1987,37077,NC,Granville County,rural,South,South Atlantic,531.991,37381,25452,24,118
1988,37077,NC,Granville County, rural,South,South Atlantic,531.991,38051,25886,25,109
1989,37077,NC,Granville County,rural,South,South Atlantic,531.991,38319,26028,30.6,100
1990,37077,NC,Granville County,rural,South,South Atlantic,531.991,38465,26067,36.2,91
1991,37077,NC,Granville County,rural,South,South Atlantic,531.991,38901,26297,41.8,82
1992,37077,NC,Granville County,rural,South,South Atlantic,531.991,39771,26818,47.4,92.625
1993,37077,NC,Granville County,Rural,South,South Atlantic,531.991,40688,27417,53,103.25
1993,37077,NC,Granville County,Rural,South,South Atlantic,531.991,40688,27417,53,103.25
1994,37077,NC,Granville County,rural,South,South Atlantic,531.991,41191,27718,55.5,113.875
1995,37077,NC,Granville County,rural,South,South Atlantic,531.991,42281,28491,58,124.5
1996,37077,NC,Granville County,rural,South,South Atlantic,531.991,43281,29204,60.5,135.125
1997,37077,NC,Granville County,  RURAL ,South,South Atlantic,531.991,44277,29928,63,145.75
1998,37077,NC,Granville County,rural,South,South Atlantic,531.991,46386,31739,65.5,156.375
1999,37077,NC,Granville County,rural,South,South Atlantic,531.991,47498,32536,68,167
1999,37077,NC,Granville County,rural,South,South Atlantic,531.991,47498,32536,68,167
2000,37077,NC,Granville County,RURAL,South,South Atlantic,531.991,48824,33493,70.83334,169
2001,37077,NC,Granville County,rural,South,South Atlantic,531.991,50137,34501,73.66666,163
2002,37077,NC,Granville County,  RURAL ,South,South Atlantic,531.991,51977,35896,76.5,157
2003,37077,NC,Granville County,rural,South,South Atlantic,531.991,52836,36393,79.33334,152
2004,37077,NC,Granville County,rural,South,South Atlantic,531.991,53296,36759,82.16666,170
2005,37077,NC,Granville County,rural,South,South Atlantic,531.991,54115,37350,85,169
2006,37077,NC,Granville County,rural  ,South,South Atlantic,531.991,55167,38047,86,196
2007,37077,NC,Granville County,rural  ,South,South Atlantic,531.991,57356,39762,87,169
2008,37077,NC,Granville County,rural,South,South Atlantic,531.991,58356,40427,88,180
2009,37077,NC,Granville County,rural,South,South Atlantic,531.991,59411,41237,89,177
2010,37077,NC,Granville County,rural,South,South Atlantic,531.991,57522,39361,90,156
2011,37077,NC,Granville County,rural,South,South Atlantic,531.991,57660,39450,91,139
2012,37077,NC,Granville County,rural,South,South Atlantic,531.991,57514,39248,92,118
2013,37077,NC,Granville County,rural,South,South Atlantic,531.991,57587,39082,93,127
2014,37077,NC,Granville County,rural,South,South Atlantic,531.991,57814,39211,93,124
2015,37077,NC,Granville County,rural,South,South Atlantic,531.991,58067,39198,93,132
2016,37077,NC,Granville County,rural,South,South Atlantic,531.991,58252,39126,,
1970,37079,NC,Greene County,rural,South,South Atlantic,266.739,15036,9176,3,
1971,37079,NC,Greene County,  RURAL ,South,South Atlantic,266.739,15373,9483,2.75,
1972,37079,NC,Greene County,rural,South,South Atlantic,266.739,15108,9427,2.5,
1973,37079,NC,Greene County,rural,South,South Atlantic,266.739,14941,9424,2.25,
1974,37079,NC,Greene County,rural,South,South Atlantic,266.739,15018,9580,2,
1975,37079,NC,Greene County,rural,South,South Atlantic,266.739,14874,9573,1.75,
1976,37079,NC,Greene County,rural,South,South Atlantic,266.739,14992,9714,515,
1976,37079,,,,,,,,,1.5,
1977,37079,NC,Greene County,rural,South,South Atlantic,266.739,14987,9719,1.25,
1977,37079,NC,Greene County,rural,South,South Atlantic,266.739,14987,9719,1.25,
1978,37079,NC,Greene County,rural,South,South Atlantic,266.739,15959,10436,1,
1979,37079,NC,Greene County,rural,South,South Atlantic,266.739,15557,10180,1.2,
1979,37079,NC,Greene County,rural,South,South Atlantic,266.739,15557,10180,1.2,
1980,37079,NC,Greene County,rural,South,South Atlantic,266.739,16076,10574,1.4,
1981,37079,NC,Greene County,rural,South,South Atlantic,266.739,15956,10528,1.6,
1982,37079,NC,Greene County,rural,South,South Atlantic,266.739,15854,10473,1.8,
1983,37079,NC,Greene County,rural  ,South,South Atlantic,266.739,16117,10666,2,50
1983,37079,NC,Greene County,rural  ,South,South Atlantic,266.739,16117,10666,2,50
1984,37079,NC,Greene County,  RURAL ,South,South Atlantic,266.739,16026,10647,2,47
1984,37079,NC,Greene County,  RURAL ,South,South Atlantic,266.739,16026,10647,2,47
1985,37079,NC,Greene County,rural,South,South Atlantic,266.739,15943,10621,2,59
1986,37079,NC,Greene County,rural,South,South Atlantic,266.739,15850,10572,2,54
1987,37079,NC,Greene County,rural,South,South Atlantic,266.739,15674,10464,2,50
1987,37079,NC,Greene County,rural,South,South Atlantic,266.739,15674,10464,2,50
1988,37079,NC,Greene County,rural,South,South Atlantic,266.739,15493,10319,2,46
1989,37079,NC,Greene County,rural,South,South Atlantic,266.739,15376,10210,5.2,42
1990,37079,NC,Greene County,rural,South,South Atlantic,266.739,15440,10216,8.4,38
1991,37079,NC,Greene County,rural,South,South Atlantic,266.739,15679,10367,11.6,34
1992,37079,NC,Greene County,rural,South,South Atlantic,266.739,15782,10427,14.8,40.25
1993,37079,NC,Greene County,rural,South,South Atlantic,266.739,16149,10649,18,46.5
1994,37079,NC,Greene County,rural,South,South Atlantic,266.739,16637,11025,18.16667,52.75
1995,37079,NC,Greene County,rural,South,South Atlantic,266.739,17260,11554,18.33333,59
1996,37079,NC,Greene County,rural,South,South Atlantic,266.739,17742,11890,18.5,65.25
1997,37079,NC,Greene County,rural,South,South Atlantic,266.739,18166,12167,18.66667,71.5
1998,37079,NC,Greene County,rural,South,South Atlantic,266.739,18598,12500,18.83333,77.75
1999,37079,NC,Greene County, rural,South,South Atlantic,266.739,18687,12533,19,84
2000,37079,NC,Greene County,rural,South,South Atlantic,266.739,19020,12764,19.5,73
2001,37079,NC,Greene County,rural,South,South Atlantic,266.739,19241,12857,20,89
2002,37079,NC,Greene County,rural,South,South Atlantic,266.739,19512,13029,20.5,85
2003,37079,NC,Greene County,Rural,South,South Atlantic,266.739,19848,13248,21,88
2004,37079,NC,Greene County,rural,South,South Atlantic,266.739,20132,13398,21.5,107
2005,37079,NC,Greene County,rural,South,South Atlantic,266.739,20146,13483,22,107
2006,37079,NC,Greene County,rural,South,South Atlantic,266.739,20742,14109,28.5,112
2007,37079,NC,Greene County,rural,South,South Atlantic,266.739,21178,14485,35,128
2008,37079,NC,Greene County,rural,South,South Atlantic,266.739,21230,14552,41.5,104
2009,37079,NC,Greene County,rural,South,South Atlantic,266.739,21253,14558,48,106
2010,37079,NC,Greene County,rural,South,South Atlantic,266.739,21359,14548,54.5,112
2011,37079,NC,Greene County,rural,South,South Atlantic,266.739,21271,14439,61,103
2012,37079,NC,Greene County,rural,South,South Atlantic,266.739,21539,14630,67.5,81
2013,37079,NC,Greene County,rural,South,South Atlantic,266.739,21224,14343,74,86
2014,37079,NC,Greene County,rural,South,South Atlantic,266.739,21062,14186,74,72
2015,37079,NC,Greene County,rural,South,South Atlantic,266.739,21072,14255,74,62
2016,37079,NC,Greene County,rural,South,South Atlantic,266.739,21002,14221,,
1970,37081,NC,Guilford County,small/mid,South,South Atlantic,645.774,289831,186178,328,
1971,37081,NC,Guilford County,small/mid,South,South Atlantic,645.774,294596,190430,329.25,
1972,37081,NC,Guilford County,small/mid,South,South Atlantic,645.774,298880,194914,844,
1972,37081,,,,,,,,,330.5,
1973,37081,NC,Guilford County,small/mid,South,South Atlantic,645.774,300588,197694,331.75,
1974,37081,NC,Guilford County,small/mid,South,South Atlantic,645.774,300664,199131,333,
1975,37081,NC,Guilford County,small/mid,South,South Atlantic,645.774,301976,201279,334.25,
1976,37081,NC,Guilford County,small/mid,South,South Atlantic,645.774,305443,205364,335.5,
1977,37081,NC,Guilford County,small/mid,South,South Atlantic,645.774,310087,209947,336.75,
1978,37081,NC,Guilford County,small/mid,South,South Atlantic,645.774,312458,212720,338,
1979,37081,NC,Guilford County,small/mid,South,South Atlantic,645.774,314908,215317,329.4,
1980,37081,NC,Guilford County,small/mid,South,South Atlantic,645.774,317759,218011,320.8,
1981,37081,NC,Guilford County,small/mid,South,South Atlantic,645.774,320030,220301,312.2,
1982,37081,NC,Guilford County,small/mid,South,South Atlantic,645.774,322600,222489,303.6,
1983,37081,NC,Guilford County,small/mid,South,South Atlantic,645.774,324776,224371,295,1376
1984,37081,NC,Guilford County,SMALL/MID,South,South Atlantic,645.774,327274,227042,309.5,1397
1985,37081,NC,Guilford County,small/mid,South,South Atlantic,645.774,329667,229413,324,1507
1986,37081,NC,Guilford County,small/mid,South,South Atlantic,645.774,332688,231907,395,1475
1986,37081,NC,Guilford County,small/mid,South,South Atlantic,645.774,332688,231907,395,1475
1987,37081,NC,Guilford County,small/mid,South,South Atlantic,645.774,336907,235049,449,1389.8
1988,37081,NC,Guilford County,small/mid,South,South Atlantic,645.774,340911,237532,436,1304.6
1989,37081,NC,Guilford County, small/mid,South,South Atlantic,645.774,344526,239538,541,1219.4
1990,37081,NC,Guilford County,small/mid,South,South Atlantic,645.774,349135,241890,1026,1134.2
1990,37081,,,,,,,,,499,
1991,37081,NC,Guilford County,small/mid  ,South,South Atlantic,645.774,356433,246606,584,1049
1992,37081,NC,Guilford County,small/mid,South,South Atlantic,645.774,362884,250043,617,1222.5
1993,37081,NC,Guilford County,small/mid,South,South Atlantic,645.774,370568,254377,576,1396
1994,37081,NC,Guilford County,small/mid,South,South Atlantic,645.774,378575,259086,557,1569.5
1995,37081,NC,Guilford County,small/mid,South,South Atlantic,645.774,387665,265029,602,1743
1996,37081,NC,Guilford County,small/mid,South,South Atlantic,645.774,394358,269568,664,1916.5
1997,37081,NC,Guilford County,small/mid,South,South Atlantic,645.774,401113,273907,676,2090
1998,37081,NC,Guilford County,  SMALL/MID ,South,South Atlantic,645.774,409440,279709,729,2263.5
1999,37081,NC,Guilford County,small/mid,South,South Atlantic,645.774,416459,284215,713,2437
2000,37081,NC,Guilford County,small/mid,South,South Atlantic,645.774,422324,288147,696,2462
2001,37081,NC,Guilford County,small/mid,South,South Atlantic,645.774,428381,292247,731,2442
2002,37081,NC,Guilford County,small/mid,South,South Atlantic,645.774,432068,295030,797,2370
2003,37081,NC,Guilford County,small/mid,South,South Atlantic,645.774,436327,297675,825,2397
2004,37081,NC,Guilford County,small/mid,South,South Atlantic,645.774,440597,301093,865,2503
2005,37081,NC,Guilford County,small/mid,South,South Atlantic,645.774,448192,306596,889,2638
2006,37081,NC,Guilford County,small/mid,South,South Atlantic,645.774,458792,314069,864,2784
2007,37081,NC,Guilford County,small/mid,South,South Atlantic,645.774,468466,320369,895,2861
2008,37081,NC,Guilford County,small/mid,South,South Atlantic,645.774,477809,326619,889,2886
2009,37081,NC,Guilford County,  SMALL/MID ,South,South Atlantic,645.774,484180,330952,920,2978
2010,37081,NC,Guilford County,small/mid,South,South Atlantic,645.774,488418,333628,934,2949
2011,37081,NC,Guilford County,small/mid,South,South Atlantic,645.774,489548,334298,921,2922
2012,37081,NC,Guilford County, small/mid,South,South Atlantic,645.774,495241,337990,879,2803
2013,37081,NC,Guilford County,small/mid,South,South Atlantic,645.774,500831,339983,886,2705
2014,37081,NC,Guilford County,Small/mid,South,South Atlantic,645.774,506771,342696,930,2613
2015,37081,NC,Guilford County,small/mid,South,South Atlantic,645.774,512541,345052,806,2567
2016,37081,NC,Guilford County,small/mid  ,South,South Atlantic,645.774,517722,347831,,
1970,37083,NC,Halifax County,rural,South,South Atlantic,723.733,54307,32257,6,
1971,37083,NC,Halifax County,RURAL,South,South Atlantic,723.733,54099,32303,9.25,
1972,37083,NC,Halifax County,rural,South,South Atlantic,723.733,54629,32927,12.5,
1973,37083,NC,Halifax County,rural,South,South Atlantic,723.733,54959,33428,15.75,
1974,37083,NC,Halifax County,rural,South,South Atlantic,723.733,54905,33675,19,
1975,37083,NC,Halifax County,rural,South,South Atlantic,723.733,55206,34144,22.25,
1976,37083,NC,Halifax County,rural,South,South Atlantic,723.733,55162,34364,25.5,
1977,37083,NC,Halifax County,rural,South,South Atlantic,723.733,55676,34910,28.75,
1978,37083,NC,Halifax County,rural,South,South Atlantic,723.733,55670,35096,32,
1979,37083,NC,Halifax County,rural,South,South Atlantic,723.733,55533,35134,30.8,
1980,37083,NC,Halifax County,  RURAL ,South,South Atlantic,723.733,55024,34857,29.6,
1981,37083,NC,Halifax County,rural,South,South Atlantic,723.733,55088,34944,28.4,
1982,37083,NC,Halifax County,RURAL,South,South Atlantic,723.733,55143,34965,27.2,
1983,37083,NC,Halifax County,rural,South,South Atlantic,723.733,55139,34954,26,280
1984,37083,NC,Halifax County,rural,South,South Atlantic,723.733,55143,35053,29,291
1985,37083,NC,Halifax County,rural,South,South Atlantic,723.733,55106,35071,32,279
1986,37083,NC,Halifax County,rural,South,South Atlantic,723.733,54953,34985,50,304
1987,37083,NC,Halifax County,RURAL,South,South Atlantic,723.733,55281,35168,56,334
1988,37083,NC,Halifax County,rural,South,South Atlantic,723.733,55297,35058,50,364
1989,37083,NC,Halifax County,rural,South,South Atlantic,723.733,55363,34938,59,394
1990,37083,NC,Halifax County,rural,South,South Atlantic,723.733,55671,34954,65,424
1991,37083,NC,Halifax County,rural,South,South Atlantic,723.733,56012,35193,65,454
1991,37083,NC,Halifax County,rural,South,South Atlantic,723.733,56012,35193,65,454
1992,37083,NC,Halifax County,rural,South,South Atlantic,723.733,56478,35509,85,434.875
1993,37083,NC,Halifax County,rural,South,South Atlantic,723.733,57394,36045,73,415.75
1994,37083,NC,Halifax County,rural,South,South Atlantic,723.733,57894,36420,75.5,396.625
1995,37083,NC,Halifax County,rural,South,South Atlantic,723.733,58187,36734,78,377.5
1996,37083,NC,Halifax County,rural,South,South Atlantic,723.733,58019,36731,80.5,358.375
1997,37083,NC,Halifax County,rural,South,South Atlantic,723.733,57895,36683,83,339.25
1997,37083,NC,Halifax County,rural,South,South Atlantic,723.733,57895,36683,83,339.25
1998,37083,NC,Halifax County,rural,South,South Atlantic,723.733,57851,36782,85.5,320.125
1999,37083,NC,Halifax County,rural,South,South Atlantic,723.733,57440,36484,88,301
2000,37083,NC,Halifax County,rural,South,South Atlantic,723.733,57306,36438,95,280
2001,37083,NC,Halifax County,rural  ,South,South Atlantic,723.733,56788,36177,96,297
2002,37083,NC,Halifax County,rural,South,South Atlantic,723.733,56507,35966,83,316
2003,37083,NC,Halifax County,rural,South,South Atlantic,723.733,56301,35994,98,324
2003,37083,NC,Halifax County,rural,South,South Atlantic,723.733,56301,35994,98,324
2004,37083,NC,Halifax County,rural,South,South Atlantic,723.733,56000,35876,99,330
2004,37083,NC,Halifax County,rural,South,South Atlantic,723.733,56000,35876,99,330
2005,37083,NC,Halifax County,rural,South,South Atlantic,723.733,55860,36019,110,309
2006,37083,NC,Halifax County,rural,South,South Atlantic,723.733,55685,36045,109,288
2007,37083,NC,Halifax County,rural,South,South Atlantic,723.733,55616,36111,108,307
2008,37083,NC,Halifax County,rural,South,South Atlantic,723.733,55568,36147,107,306
2009,37083,NC,Halifax County,rural,South,South Atlantic,723.733,55033,35891,106,279
2010,37083,NC,Halifax County,rural,South,South Atlantic,723.733,54634,35647,105,314
2011,37083,NC,Halifax County,RURAL,South,South Atlantic,723.733,54481,35532,104,291
2012,37083,NC,Halifax County,Rural,South,South Atlantic,723.733,54122,35157,103,269
2013,37083,NC,Halifax County,rural,South,South Atlantic,723.733,53749,34665,102,244
2014,37083,NC,Halifax County,rural,South,South Atlantic,723.733,53217,34158,102,230
2015,37083,NC,Halifax County,rural,South,South Atlantic,723.733,52874,33737,102,206
2015,37083,NC,Halifax County,rural,South,South Atlantic,723.733,52874,33737,102,206
2016,37083,NC,Halifax County,rural,South,South Atlantic,723.733,52230,33017,,
1970,37085,NC,Harnett County,rural,South,South Atlantic,595.029,49880,32122,6,
1971,37085,NC,Harnett County,rural,South,South Atlantic,595.029,50743,32744,6.875,
1972,37085,NC,Harnett County,rural,South,South Atlantic,595.029,52818,34281,7.75,
1973,37085,NC,Harnett County,rural,South,South Atlantic,595.029,53602,34929,8.625,
1974,37085,NC,Harnett County,rural,South,South Atlantic,595.029,55129,36075,9.5,
1975,37085,NC,Harnett County,rural,South,South Atlantic,595.029,55745,36556,10.375,
1976,37085,NC,Harnett County,Rural,South,South Atlantic,595.029,56107,37015,11.25,
1977,37085,NC,Harnett County,rural,South,South Atlantic,595.029,57581,38130,12.125,
1978,37085,NC,Harnett County,rural,South,South Atlantic,595.029,58519,38865,13,
1979,37085,NC,Harnett County,rural,South,South Atlantic,595.029,59291,39494,15.6,
1980,37085,NC,Harnett County,rural,South,South Atlantic,595.029,59777,39824,18.2,
1981,37085,NC,Harnett County,rural,South,South Atlantic,595.029,60551,40465,20.8,
1982,37085,NC,Harnett County,rural,South,South Atlantic,595.029,61179,40938,23.4,
1983,37085,NC,Harnett County,rural,South,South Atlantic,595.029,61715,41349,592,166
1983,37085,,,,,,,,,26,
1984,37085,NC,Harnett County,rural,South,South Atlantic,595.029,62277,41889,32.6,177
1985,37085,NC,Harnett County,rural,South,South Atlantic,595.029,63541,42847,39.2,207
1986,37085,NC,Harnett County,rural,South,South Atlantic,595.029,64519,43545,45.8,218
1986,37085,NC,Harnett County,rural,South,South Atlantic,595.029,64519,43545,45.8,218
1987,37085,NC,Harnett County,rural,South,South Atlantic,595.029,65745,44380,52.4,207.6
1988,37085,NC,Harnett County,rural,South,South Atlantic,595.029,66922,45075,59,197.2
1989,37085,NC,Harnett County,rural,South,South Atlantic,595.029,67584,45378,61.6,186.8
1990,37085,NC,Harnett County,rural,South,South Atlantic,595.029,68030,45472,64.2,176.4
1991,37085,NC,Harnett County,rural,South,South Atlantic,595.029,69189,46200,66.8,166
1992,37085,NC,Harnett County,rural,South,South Atlantic,595.029,71373,47576,69.4,180.75
1992,37085,NC,Harnett County,rural,South,South Atlantic,595.029,71373,47576,69.4,180.75
1993,37085,NC,Harnett County,rural,South,South Atlantic,595.029,73671,49009,72,195.5
1994,37085,NC,Harnett County,rural,South,South Atlantic,595.029,75590,50264,78,210.25
1994,37085,NC,Harnett County,rural,South,South Atlantic,595.029,75590,50264,78,210.25
1995,37085,NC,Harnett County,rural,South,South Atlantic,595.029,78353,52139,84,225
1995,37085,NC,Harnett County,rural,South,South Atlantic,595.029,78353,52139,84,225
1996,37085,NC,Harnett County,rural,South,South Atlantic,595.029,81651,54495,90,239.75
1997,37085,NC,Harnett County,rural,South,South Atlantic,595.029,84169,56184,96,254.5
1998,37085,NC,Harnett County,rural,South,South Atlantic,595.029,86513,57887,102,269.25
1999,37085,NC,Harnett County,Rural,South,South Atlantic,595.029,89127,59623,108,284
2000,37085,NC,Harnett County,rural,South,South Atlantic,595.029,91393,61125,89,319
2001,37085,NC,Harnett County,rural,South,South Atlantic,595.029,93168,62175,94,357
2002,37085,NC,Harnett County,rural  ,South,South Atlantic,595.029,95708,63862,91,368
2003,37085,NC,Harnett County,rural,South,South Atlantic,595.029,96787,64395,124,384
2004,37085,NC,Harnett County,rural,South,South Atlantic,595.029,98545,65664,131,432
2005,37085,NC,Harnett County,rural,South,South Atlantic,595.029,100728,67275,134,489
2006,37085,NC,Harnett County,rural,South,South Atlantic,595.029,103036,68775,143.125,500
2007,37085,NC,Harnett County,rural  ,South,South Atlantic,595.029,105770,70441,152.25,485
2008,37085,NC,Harnett County,rural,South,South Atlantic,595.029,108752,72424,161.375,441
2009,37085,NC,Harnett County,rural,South,South Atlantic,595.029,111866,74177,170.5,464
2010,37085,NC,Harnett County,rural,South,South Atlantic,595.029,114697,75815,179.625,467
2011,37085,NC,Harnett County,rural,South,South Atlantic,595.029,115760,76502,188.75,411
2012,37085,NC,Harnett County,rural,South,South Atlantic,595.029,119214,78832,197.875,375
2013,37085,NC,Harnett County,rural,South,South Atlantic,595.029,122258,80650,207,354
2014,37085,NC,Harnett County,rural,South,South Atlantic,595.029,125104,82351,207,344
2015,37085,NC,Harnett County,rural,South,South Atlantic,595.029,126801,83312,207,334
2016,37085,NC,Harnett County,rural,South,South Atlantic,595.029,128205,84235,,
1970,37087,NC,Haywood County,small/mid,South,South Atlantic,553.57,41862,26203,10,
1971,37087,NC,Haywood County,small/mid,South,South Atlantic,553.57,42512,26679,11.625,
1972,37087,NC,Haywood County,small/mid,South,South Atlantic,553.57,43255,27301,13.25,
1973,37087,NC,Haywood County,  SMALL/MID ,South,South Atlantic,553.57,43419,27528,14.875,
1974,37087,NC,Haywood County,small/mid,South,South Atlantic,553.57,43844,27913,16.5,
1975,37087,NC,Haywood County,small/mid,South,South Atlantic,553.57,44455,28422,18.125,
1976,37087,NC,Haywood County,small/mid,South,South Atlantic,553.57,44913,28971,19.75,
1977,37087,NC,Haywood County,small/mid,South,South Atlantic,553.57,44868,29093,21.375,
1978,37087,NC,Haywood County,small/mid,South,South Atlantic,553.57,45711,29840,23,
1978,37087,NC,Haywood County,small/mid,South,South Atlantic,553.57,45711,29840,23,
1979,37087,NC,Haywood County,small/mid,South,South Atlantic,553.57,46192,30273,23,
1980,37087,NC,Haywood County,  SMALL/MID ,South,South Atlantic,553.57,46593,30617,23,
1981,37087,NC,Haywood County,small/mid,South,South Atlantic,553.57,46742,30720,23,
1982,37087,NC,Haywood County,small/mid,South,South Atlantic,553.57,46894,30796,23,
1983,37087,NC,Haywood County,small/mid,South,South Atlantic,553.57,46652,30607,23,95
1984,37087,NC,Haywood County,small/mid,South,South Atlantic,553.57,47122,30972,26,82
1985,37087,NC,Haywood County, small/mid,South,South Atlantic,553.57,47331,31143,29,115
1986,37087,NC,Haywood County,small/mid,South,South Atlantic,553.57,47745,31386,32,120
1987,37087,NC,Haywood County,SMALL/MID,South,South Atlantic,553.57,47191,30977,35,113.8
1988,37087,NC,Haywood County,small/mid,South,South Atlantic,553.57,47265,30930,38,107.6
1989,37087,NC,Haywood County,small/mid,South,South Atlantic,553.57,47110,30706,38.4,101.4
1990,37087,NC,Haywood County,small/mid,South,South Atlantic,553.57,47003,30485,38.8,95.2
1991,37087,NC,Haywood County,small/mid,South,South Atlantic,553.57,47631,30876,39.2,89
1992,37087,NC,Haywood County,small/mid,South,South Atlantic,553.57,48510,31213,39.6,92.125
1993,37087,NC,Haywood County,small/mid,South,South Atlantic,553.57,49295,31609,40,95.25
1994,37087,NC,Haywood County,small/mid,South,South Atlantic,553.57,49723,31775,40.33333,98.375
1995,37087,NC,Haywood County,small/mid,South,South Atlantic,553.57,50513,32249,40.66667,101.5
1996,37087,NC,Haywood County,small/mid,South,South Atlantic,553.57,51397,32799,41,104.625
1997,37087,NC,Haywood County,small/mid,South,South Atlantic,553.57,52343,33402,41.33333,107.75
1998,37087,NC,Haywood County,small/mid,South,South Atlantic,553.57,52996,33799,41.66667,110.875
1999,37087,NC,Haywood County,small/mid,South,South Atlantic,553.57,53602,34187,42,114
2000,37087,NC,Haywood County,  SMALL/MID ,South,South Atlantic,553.57,54133,34534,45,115
2001,37087,NC,Haywood County,small/mid,South,South Atlantic,553.57,54802,34904,48,119
2002,37087,NC,Haywood County,small/mid,South,South Atlantic,553.57,55387,35154,51,146
2003,37087,NC,Haywood County,small/mid,South,South Atlantic,553.57,56077,35511,54,152
2003,37087,NC,Haywood County,small/mid,South,South Atlantic,553.57,56077,35511,54,152
2004,37087,NC,Haywood County,small/mid,South,South Atlantic,553.57,56785,35992,57,135
2005,37087,NC,Haywood County,small/mid,South,South Atlantic,553.57,57085,36303,60,152
2006,37087,NC,Haywood County,Small/mid,South,South Atlantic,553.57,57701,36736,66.75,192
2007,37087,NC,Haywood County,small/mid,South,South Atlantic,553.57,58386,37074,73.5,182
2008,37087,NC,Haywood County,small/mid,South,South Atlantic,553.57,58811,37291,80.25,183
2009,37087,NC,Haywood County,small/mid,South,South Atlantic,553.57,59152,37397,87,210
2010,37087,NC,Haywood County,small/mid,South,South Atlantic,553.57,59034,37245,93.75,186
2010,37087,NC,Haywood County,small/mid,South,South Atlantic,553.57,59034,37245,93.75,186
2011,37087,NC,Haywood County,small/mid,South,South Atlantic,553.57,58940,37139,100.5,206
2012,37087,NC,Haywood County,small/mid,South,South Atlantic,553.57,58740,36960,107.25,202
2013,37087,NC,Haywood County,small/mid,South,South Atlantic,553.57,58665,36503,114,211
2014,37087,NC,Haywood County,small/mid,South,South Atlantic,553.57,58985,36406,114,208
2015,37087,NC,Haywood County,small/mid,South,South Atlantic,553.57,59152,36297,114,215
2016,37087,NC,Haywood County,small/mid,South,South Atlantic,553.57,59661,36409,,
1970,37089,NC,Henderson County,small/mid,South,South Atlantic,373.03,43149,26098,20,
1971,37089,NC,Henderson County,small/mid,South,South Atlantic,373.03,44575,26946,18.75,
1972,37089,NC,Henderson County,small/mid,South,South Atlantic,373.03,45403,27467,17.5,
1973,37089,NC,Henderson County,small/mid,South,South Atlantic,373.03,47428,28850,16.25,
1974,37089,NC,Henderson County,small/mid,South,South Atlantic,373.03,48620,29493,15,
1975,37089,NC,Henderson County,small/mid,South,South Atlantic,373.03,50465,30577,13.75,
1976,37089,NC,Henderson County,small/mid,South,South Atlantic,373.03,51849,31614,12.5,
1977,37089,NC,Henderson County,SMALL/MID,South,South Atlantic,373.03,53572,32807,11.25,
1978,37089,NC,Henderson County,small/mid,South,South Atlantic,373.03,55207,33935,10,
1979,37089,NC,Henderson County,small/mid,South,South Atlantic,373.03,57017,35156,11.4,
1980,37089,NC,Henderson County,small/mid,South,South Atlantic,373.03,58956,36433,12.8,
1981,37089,NC,Henderson County,  SMALL/MID ,South,South Atlantic,373.03,60192,37186,14.2,
1982,37089,NC,Henderson County,small/mid,South,South Atlantic,373.03,61579,38005,15.6,
1983,37089,NC,Henderson County,small/mid,South,South Atlantic,373.03,62552,38545,17,145
1984,37089,NC,Henderson County,small/mid,South,South Atlantic,373.03,64018,39523,22.4,158
1985,37089,NC,Henderson County,small/mid,South,South Atlantic,373.03,65083,40210,27.8,183
1986,37089,NC,Henderson County,small/mid,South,South Atlantic,373.03,65759,40570,33.2,180
1987,37089,NC,Henderson County,small/mid,South,South Atlantic,373.03,66403,40882,38.6,161.4
1988,37089,NC,Henderson County,small/mid,South,South Atlantic,373.03,67533,41430,44,142.8
1989,37089,NC,Henderson County,small/mid,South,South Atlantic,373.03,68357,41753,53,124.2
1990,37089,NC,Henderson County,small/mid,South,South Atlantic,373.03,70268,42708,44,105.6
1991,37089,NC,Henderson County,small/mid,South,South Atlantic,373.03,71902,43537,48,87
1992,37089,NC,Henderson County,small/mid,South,South Atlantic,373.03,73596,44393,50,97
1993,37089,NC,Henderson County,small/mid,South,South Atlantic,373.03,75711,45711,65,107
1994,37089,NC,Henderson County,small/mid,South,South Atlantic,373.03,78004,47091,67.66666,117
1995,37089,NC,Henderson County,small/mid,South,South Atlantic,373.03,80030,48321,70.33334,127
1996,37089,NC,Henderson County,small/mid,South,South Atlantic,373.03,81750,49274,73,137
1997,37089,NC,Henderson County,small/mid,South,South Atlantic,373.03,84088,50805,75.66666,147
1998,37089,NC,Henderson County,small/mid,South,South Atlantic,373.03,86016,52260,78.33334,157
1999,37089,NC,Henderson County,small/mid,South,South Atlantic,373.03,87825,53457,81,167
2000,37089,NC,Henderson County,small/mid,South,South Atlantic,373.03,89662,54681,100.3333,182
2001,37089,NC,Henderson County,small/mid,South,South Atlantic,373.03,91150,55665,119.6667,214
2002,37089,NC,Henderson County,small/mid,South,South Atlantic,373.03,92700,56848,139,226
2003,37089,NC,Henderson County,small/mid,South,South Atlantic,373.03,94246,57888,158.3333,221
2004,37089,NC,Henderson County,small/mid,South,South Atlantic,373.03,95797,58879,177.6667,275
2005,37089,NC,Henderson County,Small/mid,South,South Atlantic,373.03,97584,60026,197,300
2006,37089,NC,Henderson County,small/mid,South,South Atlantic,373.03,100056,61477,164,340
2007,37089,NC,Henderson County,SMALL/MID,South,South Atlantic,373.03,102270,62621,169,316
2008,37089,NC,Henderson County,small/mid,South,South Atlantic,373.03,104289,63597,120,338
2009,37089,NC,Henderson County,SMALL/MID,South,South Atlantic,373.03,105813,64233,150,328
2010,37089,NC,Henderson County,small/mid,South,South Atlantic,373.03,106705,64465,152,337
2011,37089,NC,Henderson County,  SMALL/MID ,South,South Atlantic,373.03,106883,64502,160,313
2012,37089,NC,Henderson County,small/mid,South,South Atlantic,373.03,107413,64763,149,294
2013,37089,NC,Henderson County,Small/mid,South,South Atlantic,373.03,107837,64472,159,302
2014,37089,NC,Henderson County,SMALL/MID,South,South Atlantic,373.03,108973,64958,165,334
2015,37089,NC,Henderson County,small/mid,South,South Atlantic,373.03,110366,65464,150,341
2016,37089,NC,Henderson County,Small/mid,South,South Atlantic,373.03,111975,66379,,
1970,37091,NC,Hertford County,rural,South,South Atlantic,353.162,24175,14780,2,
1971,37091,NC,Hertford County,rural,South,South Atlantic,353.162,23184,14224,3,
1972,37091,NC,Hertford County,rural,South,South Atlantic,353.162,23242,14397,4,
1973,37091,NC,Hertford County,rural,South,South Atlantic,353.162,23448,14684,5,
1974,37091,NC,Hertford County,rural  ,South,South Atlantic,353.162,22787,14338,6,
1975,37091,NC,Hertford County,rural,South,South Atlantic,353.162,23057,14636,7,
1976,37091,NC,Hertford County,rural,South,South Atlantic,353.162,22957,14666,8,
1977,37091,NC,Hertford County,rural,South,South Atlantic,353.162,23141,14860,9,
1978,37091,NC,Hertford County,rural,South,South Atlantic,353.162,23243,14985,10,
1979,37091,NC,Hertford County,rural,South,South Atlantic,353.162,23357,15063,10.6,
1980,37091,NC,Hertford County,rural,South,South Atlantic,353.162,23332,15052,11.2,
1981,37091,NC,Hertford County,rural,South,South Atlantic,353.162,23301,15019,11.8,
1982,37091,NC,Hertford County,rural,South,South Atlantic,353.162,23269,14971,12.4,
1983,37091,NC,Hertford County,rural,South,South Atlantic,353.162,23424,15033,13,76
1984,37091,NC,Hertford County,rural,South,South Atlantic,353.162,23326,14981,15.8,74
1985,37091,NC,Hertford County, rural,South,South Atlantic,353.162,23373,14996,18.6,89
1986,37091,NC,Hertford County,rural,South,South Atlantic,353.162,23388,14980,21.4,92
1987,37091,NC,Hertford County,rural,South,South Atlantic,353.162,23046,14725,24.2,99
1988,37091,NC,Hertford County,Rural,South,South Atlantic,353.162,22807,14495,27,106
1988,37091,NC,Hertford County,Rural,South,South Atlantic,353.162,22807,14495,27,106
1989,37091,NC,Hertford County,rural,South,South Atlantic,353.162,22582,14260,33.6,113
1990,37091,NC,Hertford County,RURAL,South,South Atlantic,353.162,22355,14035,40.2,120
1991,37091,NC,Hertford County,rural,South,South Atlantic,353.162,22393,14039,46.8,127
1992,37091,NC,Hertford County,rural,South,South Atlantic,353.162,22457,14048,53.4,138.125
1993,37091,NC,Hertford County,rural,South,South Atlantic,353.162,22690,14250,60,149.25
1994,37091,NC,Hertford County,rural,South,South Atlantic,353.162,22637,14219,62.83333,160.375
1995,37091,NC,Hertford County,rural,South,South Atlantic,353.162,22693,14301,65.66666,171.5
1996,37091,NC,Hertford County,rural,South,South Atlantic,353.162,22651,14314,68.5,182.625
1997,37091,NC,Hertford County,rural  ,South,South Atlantic,353.162,22673,14363,71.33334,193.75
1998,37091,NC,Hertford County,rural,South,South Atlantic,353.162,22578,14339,74.16666,204.875
1999,37091,NC,Hertford County, rural,South,South Atlantic,353.162,22579,14388,77,216
2000,37091,NC,Hertford County,rural,South,South Atlantic,353.162,22598,14447,82.5,154
2001,37091,NC,Hertford County,Rural,South,South Atlantic,353.162,22812,14707,88,180
2002,37091,NC,Hertford County,rural,South,South Atlantic,353.162,23547,15383,93.5,174
2003,37091,NC,Hertford County,rural,South,South Atlantic,353.162,23531,15533,99,155
2004,37091,NC,Hertford County,rural,South,South Atlantic,353.162,23729,15692,104.5,140
2005,37091,NC,Hertford County,rural,South,South Atlantic,353.162,23895,15846,110,187
2006,37091,NC,Hertford County,rural,South,South Atlantic,353.162,23981,15933,107.125,164
2007,37091,NC,Hertford County,rural,South,South Atlantic,353.162,24240,16204,104.25,146
2008,37091,NC,Hertford County,rural,South,South Atlantic,353.162,24473,16406,101.375,156
2009,37091,NC,Hertford County,rural,South,South Atlantic,353.162,24580,16484,98.5,160
2010,37091,NC,Hertford County,Rural,South,South Atlantic,353.162,24671,16518,95.625,144
2011,37091,NC,Hertford County,rural,South,South Atlantic,353.162,24759,16611,92.75,140
2012,37091,NC,Hertford County,rural,South,South Atlantic,353.162,24640,16463,89.875,104
2013,37091,NC,Hertford County,rural,South,South Atlantic,353.162,24523,16349,87,106
2014,37091,NC,Hertford County,rural,South,South Atlantic,353.162,24506,16313,87,96
2015,37091,NC,Hertford County,rural,South,South Atlantic,353.162,24509,16246,87,98
2016,37091,NC,Hertford County,rural,South,South Atlantic,353.162,24287,16029,,
1970,37093,NC,Hoke County,Small/mid,South,South Atlantic,390.11,16534,9500,21,
1971,37093,NC,Hoke County,small/mid,South,South Atlantic,390.11,16958,9865,19.375,
1971,37093,NC,Hoke County,small/mid,South,South Atlantic,390.11,16958,9865,19.375,
1972,37093,NC,Hoke County,small/mid,South,South Atlantic,390.11,17481,10334,17.75,
1973,37093,NC,Hoke County,small/mid,South,South Atlantic,390.11,17477,10452,543,
1973,37093,,,,,,,,,16.125,
1974,37093,NC,Hoke County,small/mid,South,South Atlantic,390.11,17673,10684,14.5,
1975,37093,NC,Hoke County,small/mid,South,South Atlantic,390.11,19141,11752,12.875,
1976,37093,NC,Hoke County,small/mid,South,South Atlantic,390.11,18844,11630,11.25,
1977,37093,NC,Hoke County,small/mid,South,South Atlantic,390.11,19233,11972,9.625,
1978,37093,NC,Hoke County,small/mid,South,South Atlantic,390.11,18776,11740,8,
1979,37093,NC,Hoke County,small/mid,South,South Atlantic,390.11,19615,12364,7.4,
1980,37093,NC,Hoke County,small/mid,South,South Atlantic,390.11,20422,12958,6.8,
1981,37093,NC,Hoke County,small/mid,South,South Atlantic,390.11,20788,13268,6.2,
1982,37093,NC,Hoke County,small/mid,South,South Atlantic,390.11,21081,13506,5.6,
1983,37093,NC,Hoke County,small/mid,South,South Atlantic,390.11,21181,13620,5,97
1984,37093,NC,Hoke County,small/mid  ,South,South Atlantic,390.11,21442,13869,6,94
1985,37093,NC,Hoke County,small/mid,South,South Atlantic,390.11,21613,14054,7,93
1985,37093,NC,Hoke County,small/mid,South,South Atlantic,390.11,21613,14054,7,93
1986,37093,NC,Hoke County,small/mid,South,South Atlantic,390.11,22054,14392,8,99
1987,37093,NC,Hoke County,small/mid,South,South Atlantic,390.11,22580,14791,9,94.6
1988,37093,NC,Hoke County,small/mid,South,South Atlantic,390.11,22518,14745,10,90.2
1989,37093,NC,Hoke County,small/mid,South,South Atlantic,390.11,22769,14901,16.8,85.8
1990,37093,NC,Hoke County,small/mid,South,South Atlantic,390.11,22950,14987,23.6,81.4
1991,37093,NC,Hoke County,small/mid,South,South Atlantic,390.11,23293,15240,30.4,77
1992,37093,NC,Hoke County,small/mid,South,South Atlantic,390.11,24235,15863,37.2,91
1993,37093,NC,Hoke County,small/mid,South,South Atlantic,390.11,25440,16683,44,105
1994,37093,NC,Hoke County,small/mid,South,South Atlantic,390.11,27429,18115,45.83333,119
1995,37093,NC,Hoke County,small/mid,South,South Atlantic,390.11,28452,18838,47.66667,133
1995,37093,NC,Hoke County,small/mid,South,South Atlantic,390.11,28452,18838,47.66667,133
1996,37093,NC,Hoke County,small/mid,South,South Atlantic,390.11,29424,19502,49.5,147
1997,37093,NC,Hoke County,small/mid,South,South Atlantic,390.11,30314,20171,51.33333,161
1998,37093,NC,Hoke County,small/mid,South,South Atlantic,390.11,31580,21046,53.16667,175
1999,37093,NC,Hoke County,  SMALL/MID ,South,South Atlantic,390.11,32833,21947,55,189
2000,37093,NC,Hoke County,small/mid,South,South Atlantic,390.11,33923,22697,60.83333,186
2001,37093,NC,Hoke County,small/mid,South,South Atlantic,390.11,34722,23001,66.66666,168
2001,37093,NC,Hoke County,small/mid,South,South Atlantic,390.11,34722,23001,66.66666,168
2002,37093,NC,Hoke County,small/mid,South,South Atlantic,390.11,35785,23671,72.5,158
2003,37093,NC,Hoke County,small/mid,South,South Atlantic,390.11,36505,23953,78.33334,153
2004,37093,NC,Hoke County,small/mid,South,South Atlantic,390.11,38119,25052,84.16666,166
2005,37093,NC,Hoke County,small/mid,South,South Atlantic,390.11,39798,26213,90,178
2006,37093,NC,Hoke County,  SMALL/MID ,South,South Atlantic,390.11,41360,27327,99.125,207
2007,37093,NC,Hoke County,small/mid,South,South Atlantic,390.11,42496,28006,108.25,206
2007,37093,NC,Hoke County,small/mid,South,South Atlantic,390.11,42496,28006,108.25,206
2008,37093,NC,Hoke County,small/mid,South,South Atlantic,390.11,43912,29196,117.375,219
2009,37093,NC,Hoke County, small/mid,South,South Atlantic,390.11,45406,30134,126.5,222
2010,37093,NC,Hoke County,small/mid,South,South Atlantic,390.11,46889,31137,135.625,215
2011,37093,NC,Hoke County,small/mid,South,South Atlantic,390.11,47496,31587,144.75,223
2012,37093,NC,Hoke County,small/mid,South,South Atlantic,390.11,49489,33069,153.875,218
2013,37093,NC,Hoke County,small/mid,South,South Atlantic,390.11,50516,33701,163,224
2014,37093,NC,Hoke County,small/mid,South,South Atlantic,390.11,51191,34278,163,222
2015,37093,NC,Hoke County,small/mid,South,South Atlantic,390.11,51639,34583,163,235
2016,37093,NC,Hoke County,small/mid,South,South Atlantic,390.11,52802,35423,,
1970,37095,NC,Hyde County,rural,South,South Atlantic,612.332,5573,3238,1,
1971,37095,NC,Hyde County,rural,South,South Atlantic,612.332,5647,3309,1.25,
1972,37095,NC,Hyde County,rural,South,South Atlantic,612.332,5618,3313,1.5,
1972,37095,NC,Hyde County,rural,South,South Atlantic,612.332,5618,3313,1.5,
1973,37095,NC,Hyde County,rural,South,South Atlantic,612.332,5635,3352,1.75,
1974,37095,NC,Hyde County,rural,South,South Atlantic,612.332,5485,3273,2,
1975,37095,NC,Hyde County,rural,South,South Atlantic,612.332,5657,3412,2.25,
1976,37095,NC,Hyde County,RURAL,South,South Atlantic,612.332,5885,3590,2.5,
1977,37095,NC,Hyde County,rural,South,South Atlantic,612.332,6012,3681,2.75,
1977,37095,NC,Hyde County,rural,South,South Atlantic,612.332,6012,3681,2.75,
1978,37095,NC,Hyde County,rural,South,South Atlantic,612.332,5908,3620,3,
1979,37095,NC,Hyde County,  RURAL ,South,South Atlantic,612.332,5988,3673,4.4,
1980,37095,NC,Hyde County,rural,South,South Atlantic,612.332,5880,3595,5.8,
1981,37095,NC,Hyde County,rural  ,South,South Atlantic,612.332,5924,3640,7.2,
1982,37095,NC,Hyde County,rural,South,South Atlantic,612.332,5879,3627,8.6,
1983,37095,NC,Hyde County,rural,South,South Atlantic,612.332,5864,3624,10,21
1984,37095,NC,Hyde County,rural,South,South Atlantic,612.332,5860,3648,10.2,34
1985,37095,NC,Hyde County,rural,South,South Atlantic,612.332,5833,3645,10.4,34
1986,37095,NC,Hyde County,rural,South,South Atlantic,612.332,5756,3611,10.6,39
1987,37095,NC,Hyde County,rural  ,South,South Atlantic,612.332,5624,3537,10.8,36.6
1988,37095,NC,Hyde County,rural,South,South Atlantic,612.332,5505,3460,11,34.2
1989,37095,NC,Hyde County,rural,South,South Atlantic,612.332,5489,3444,10,31.8
1990,37095,NC,Hyde County,rural,South,South Atlantic,612.332,5406,3400,9,29.4
1990,37095,NC,Hyde County,rural,South,South Atlantic,612.332,5406,3400,9,29.4
1991,37095,NC,Hyde County,rural,South,South Atlantic,612.332,5380,3396,8,27
1992,37095,NC,Hyde County,rural  ,South,South Atlantic,612.332,5425,3407,7,28.125
1993,37095,NC,Hyde County,rural,South,South Atlantic,612.332,5381,3356,6,29.25
1993,37095,NC,Hyde County,rural,South,South Atlantic,612.332,5381,3356,6,29.25
1994,37095,NC,Hyde County,rural,South,South Atlantic,612.332,5346,3342,95.33334,30.375
1995,37095,NC,Hyde County,rural,South,South Atlantic,612.332,5365,3379,184.6667,31.5
1996,37095,NC,Hyde County,rural,South,South Atlantic,612.332,5409,3439,788,32.625
1996,37095,,,,,,,,,274,
1997,37095,NC,Hyde County,rural,South,South Atlantic,612.332,5484,3515,363.3333,33.75
1998,37095,NC,Hyde County,rural,South,South Atlantic,612.332,5915,3964,452.6667,34.875
1999,37095,NC,Hyde County,rural,South,South Atlantic,612.332,5914,3970,542,36
2000,37095,NC,Hyde County, rural,South,South Atlantic,612.332,5833,3919,7,33
2000,37095,NC,Hyde County, rural,South,South Atlantic,612.332,5833,3919,7,33
2001,37095,NC,Hyde County,Rural,South,South Atlantic,612.332,5735,3832,14,25
2002,37095,NC,Hyde County,rural,South,South Atlantic,612.332,5846,3905,3,19
2003,37095,NC,Hyde County,rural,South,South Atlantic,612.332,5750,3851,3,24
2003,37095,NC,Hyde County,rural,South,South Atlantic,612.332,5750,3851,3,24
2004,37095,NC,Hyde County,rural,South,South Atlantic,612.332,5712,3882,6.171867,23
2004,37095,NC,Hyde County,rural,South,South Atlantic,612.332,5712,3882,6.171867,23
2005,37095,NC,Hyde County,rural,South,South Atlantic,612.332,5733,3906,6.287324,20
2006,37095,NC,Hyde County,Rural,South,South Atlantic,612.332,5621,3829,6.610305,22
2007,37095,NC,Hyde County,rural,South,South Atlantic,612.332,5639,3875,7.121998,26
2008,37095,NC,Hyde County,rural,South,South Atlantic,612.332,5764,4009,7.685966,18
2009,37095,NC,Hyde County,rural,South,South Atlantic,612.332,5774,4030,8.147999,12
2010,37095,NC,Hyde County,rural,South,South Atlantic,612.332,5817,4046,8.641291,23
2011,37095,NC,Hyde County,rural,South,South Atlantic,612.332,5813,4044,9.138038,22
2012,37095,NC,Hyde County,rural,South,South Atlantic,612.332,5800,4049,9.504755,18
2013,37095,NC,Hyde County,rural,South,South Atlantic,612.332,5692,3911,9.860816,21
2014,37095,NC,Hyde County,rural,South,South Atlantic,612.332,5655,3873,9.860816,12
2015,37095,NC,Hyde County,rural,South,South Atlantic,612.332,5604,3808,9.860816,19
2016,37095,NC,Hyde County,rural,South,South Atlantic,612.332,5437,3667,,
1970,37097,NC,Iredell County,suburban,South,South Atlantic,574.178,72525,45440,38,
1971,37097,NC,Iredell County,suburban,South,South Atlantic,574.178,73866,46401,37.375,
1972,37097,NC,Iredell County,suburban  ,South,South Atlantic,574.178,76118,48132,36.75,
1973,37097,NC,Iredell County,suburban,South,South Atlantic,574.178,76872,48839,550,
1973,37097,,,,,,,,,36.125,
1974,37097,NC,Iredell County,suburban,South,South Atlantic,574.178,77997,49778,35.5,
1975,37097,NC,Iredell County,suburban,South,South Atlantic,574.178,78374,50151,34.875,
1976,37097,NC,Iredell County,suburban,South,South Atlantic,574.178,77857,50156,34.25,
1977,37097,NC,Iredell County,suburban,South,South Atlantic,574.178,78964,51149,33.625,
1978,37097,NC,Iredell County,suburban  ,South,South Atlantic,574.178,80367,52375,33,
1979,37097,NC,Iredell County,suburban,South,South Atlantic,574.178,81772,53500,37,
1980,37097,NC,Iredell County,suburban,South,South Atlantic,574.178,82835,54371,41,
1981,37097,NC,Iredell County,suburban,South,South Atlantic,574.178,83821,55243,45,
1982,37097,NC,Iredell County,suburban,South,South Atlantic,574.178,84491,55836,49,
1982,37097,NC,Iredell County,suburban,South,South Atlantic,574.178,84491,55836,49,
1983,37097,NC,Iredell County,suburban,South,South Atlantic,574.178,84790,56171,53,209
1984,37097,NC,Iredell County,suburban,South,South Atlantic,574.178,86311,57473,52.4,233
1985,37097,NC,Iredell County,suburban,South,South Atlantic,574.178,87096,58227,51.8,241
1986,37097,NC,Iredell County,suburban,South,South Atlantic,574.178,87929,58934,51.2,287
1987,37097,NC,Iredell County,suburban,South,South Atlantic,574.178,89347,59981,50.6,275.4
1988,37097,NC,Iredell County,suburban,South,South Atlantic,574.178,90861,60955,50,263.8
1989,37097,NC,Iredell County,suburban,South,South Atlantic,574.178,91788,61491,57,252.2
1990,37097,NC,Iredell County,suburban,South,South Atlantic,574.178,93711,62617,64,240.6
1991,37097,NC,Iredell County,suburban,South,South Atlantic,574.178,95901,63939,71,229
1992,37097,NC,Iredell County,suburban,South,South Atlantic,574.178,97517,64681,78,254.625
1993,37097,NC,Iredell County,suburban,South,South Atlantic,574.178,99474,65694,85,280.25
1994,37097,NC,Iredell County,suburban,South,South Atlantic,574.178,101802,67076,75,305.875
1995,37097,NC,Iredell County,suburban,South,South Atlantic,574.178,104653,68960,75,331.5
1996,37097,NC,Iredell County,suburban,South,South Atlantic,574.178,107743,71072,126,357.125
1997,37097,NC,Iredell County,SUBURBAN,South,South Atlantic,574.178,111061,73260,150,382.75
1998,37097,NC,Iredell County,suburban,South,South Atlantic,574.178,115686,76400,147,408.375
1999,37097,NC,Iredell County,suburban,South,South Atlantic,574.178,120031,79298,135,434
2000,37097,NC,Iredell County,  SUBURBAN ,South,South Atlantic,574.178,123563,81630,151.6667,510
2001,37097,NC,Iredell County,suburban,South,South Atlantic,574.178,127136,84010,168.3333,512
2002,37097,NC,Iredell County,suburban,South,South Atlantic,574.178,130352,86088,185,529
2003,37097,NC,Iredell County,suburban,South,South Atlantic,574.178,133099,87899,201.6667,563
2004,37097,NC,Iredell County,SUBURBAN,South,South Atlantic,574.178,136514,90225,218.3333,567
2005,37097,NC,Iredell County,Suburban,South,South Atlantic,574.178,140514,93119,235,556
2006,37097,NC,Iredell County,suburban,South,South Atlantic,574.178,146854,97172,241.25,571
2007,37097,NC,Iredell County,suburban,South,South Atlantic,574.178,151944,100725,247.5,568
2008,37097,NC,Iredell County,Suburban,South,South Atlantic,574.178,156204,103446,253.75,572
2009,37097,NC,Iredell County,suburban,South,South Atlantic,574.178,158387,105012,260,617
2010,37097,NC,Iredell County,suburban,South,South Atlantic,574.178,159462,105716,266.25,608
2011,37097,NC,Iredell County,suburban,South,South Atlantic,574.178,159775,106005,272.5,609
2012,37097,NC,Iredell County,suburban,South,South Atlantic,574.178,161099,106970,278.75,546
2013,37097,NC,Iredell County,suburban,South,South Atlantic,574.178,162745,107719,285,583
2014,37097,NC,Iredell County,suburban,South,South Atlantic,574.178,164624,108787,285,622
2014,37097,NC,Iredell County,suburban,South,South Atlantic,574.178,164624,108787,285,622
2015,37097,NC,Iredell County,suburban,South,South Atlantic,574.178,166563,109902,285,639
2016,37097,NC,Iredell County,suburban,South,South Atlantic,574.178,169564,111897,,
1970,37099,NC,Jackson County,rural,South,South Atlantic,491.182,21742,14650,3,
1971,37099,NC,Jackson County,rural,South,South Atlantic,491.182,22392,15125,4.5,
1972,37099,NC,Jackson County,RURAL,South,South Atlantic,491.182,23338,15850,6,
1973,37099,NC,Jackson County,rural,South,South Atlantic,491.182,23879,16297,7.5,
1974,37099,NC,Jackson County,rural,South,South Atlantic,491.182,24427,16647,9,
1974,37099,NC,Jackson County,rural,South,South Atlantic,491.182,24427,16647,9,
1975,37099,NC,Jackson County,rural,South,South Atlantic,491.182,24330,16527,10.5,
1976,37099,NC,Jackson County,rural,South,South Atlantic,491.182,24546,16820,12,
1977,37099,NC,Jackson County,rural,South,South Atlantic,491.182,25010,17234,13.5,
1978,37099,NC,Jackson County,rural,South,South Atlantic,491.182,24611,16962,15,
1979,37099,NC,Jackson County,rural,South,South Atlantic,491.182,25050,17344,14,
1980,37099,NC,Jackson County,RURAL,South,South Atlantic,491.182,25893,18040,13,
1981,37099,NC,Jackson County,rural,South,South Atlantic,491.182,26235,18307,12,
1982,37099,NC,Jackson County,rural,South,South Atlantic,491.182,26399,18437,11,
1983,37099,NC,Jackson County,rural,South,South Atlantic,491.182,26556,18553,10,24
1984,37099,NC,Jackson County,rural,South,South Atlantic,491.182,26746,18738,10,36
1985,37099,NC,Jackson County,  RURAL ,South,South Atlantic,491.182,26706,18745,10,36
1985,37099,NC,Jackson County,  RURAL ,South,South Atlantic,491.182,26706,18745,10,36
1986,37099,NC,Jackson County,rural,South,South Atlantic,491.182,26273,18451,10,32
1987,37099,NC,Jackson County,rural,South,South Atlantic,491.182,26514,18622,10,40.8
1988,37099,NC,Jackson County, rural,South,South Atlantic,491.182,26609,18657,10,49.6
1989,37099,NC,Jackson County,rural,South,South Atlantic,491.182,26792,18752,9,58.4
1990,37099,NC,Jackson County,rural  ,South,South Atlantic,491.182,26926,18799,522,67.2
1990,37099,,,,,,,,,8,
1991,37099,NC,Jackson County,rural,South,South Atlantic,491.182,27464,19226,7,76
1992,37099,NC,Jackson County,rural,South,South Atlantic,491.182,28026,19668,6,72.75
1992,37099,NC,Jackson County,rural,South,South Atlantic,491.182,28026,19668,6,72.75
1993,37099,NC,Jackson County,rural,South,South Atlantic,491.182,28407,19888,5,69.5
1994,37099,NC,Jackson County,rural,South,South Atlantic,491.182,29373,20607,8,66.25
1995,37099,NC,Jackson County,rural,South,South Atlantic,491.182,30148,21193,11,63
1996,37099,NC,Jackson County,rural,South,South Atlantic,491.182,30797,21718,14,59.75
1997,37099,NC,Jackson County,rural,South,South Atlantic,491.182,31301,22046,17,56.5
1998,37099,NC,Jackson County,rural,South,South Atlantic,491.182,31851,22471,20,53.25
1999,37099,NC,Jackson County,rural,South,South Atlantic,491.182,32420,22868,23,50
2000,37099,NC,Jackson County,rural  ,South,South Atlantic,491.182,33303,23528,27.16667,47
2001,37099,NC,Jackson County,rural,South,South Atlantic,491.182,33885,24022,31.33333,53
2002,37099,NC,Jackson County,rural,South,South Atlantic,491.182,34587,24598,35.5,72
2003,37099,NC,Jackson County,rural,South,South Atlantic,491.182,35711,25441,39.66667,72
2004,37099,NC,Jackson County,rural,South,South Atlantic,491.182,36555,26211,43.83333,59
2005,37099,NC,Jackson County,rural,South,South Atlantic,491.182,37075,26642,48,66
2006,37099,NC,Jackson County,rural,South,South Atlantic,491.182,38129,27381,48.875,65
2007,37099,NC,Jackson County,rural,South,South Atlantic,491.182,38404,27387,550,77
2007,37099,,,,,,,,,49.75,
2008,37099,NC,Jackson County,rural,South,South Atlantic,491.182,38994,27713,50.625,81
2009,37099,NC,Jackson County,rural,South,South Atlantic,491.182,39856,28110,51.5,91
2010,37099,NC,Jackson County,rural  ,South,South Atlantic,491.182,40276,28231,52.375,86
2011,37099,NC,Jackson County,rural  ,South,South Atlantic,491.182,40370,28257,53.25,82
2011,37099,NC,Jackson County,rural  ,South,South Atlantic,491.182,40370,28257,53.25,82
2012,37099,NC,Jackson County,rural,South,South Atlantic,491.182,40274,27976,54.125,86
2013,37099,NC,Jackson County,rural,South,South Atlantic,491.182,40679,27872,55,81
2014,37099,NC,Jackson County,rural,South,South Atlantic,491.182,41055,27974,55,67
2014,37099,NC,Jackson County,rural,South,South Atlantic,491.182,41055,27974,55,67
2015,37099,NC,Jackson County,rural,South,South Atlantic,491.182,40989,27733,55,82
2016,37099,NC,Jackson County,rural,South,South Atlantic,491.182,41338,27807,,
1970,37101,NC,Johnston County,suburban,South,South Atlantic,791.232,61950,39437,36,
1971,37101,NC,Johnston County,suburban,South,South Atlantic,791.232,62819,40059,35.125,
1972,37101,NC,Johnston County,suburban,South,South Atlantic,791.232,64196,41128,34.25,
1973,37101,NC,Johnston County,suburban,South,South Atlantic,791.232,64377,41383,33.375,
1974,37101,NC,Johnston County,suburban,South,South Atlantic,791.232,65274,42080,32.5,
1975,37101,NC,Johnston County,suburban,South,South Atlantic,791.232,66758,43176,31.625,
1976,37101,NC,Johnston County,suburban,South,South Atlantic,791.232,67577,44008,30.75,
1977,37101,NC,Johnston County,suburban,South,South Atlantic,791.232,68191,44550,29.875,
1977,37101,NC,Johnston County,suburban,South,South Atlantic,791.232,68191,44550,29.875,
1978,37101,NC,Johnston County,suburban,South,South Atlantic,791.232,69376,45540,29,
1979,37101,NC,Johnston County,suburban,South,South Atlantic,791.232,70163,46181,30.2,
1980,37101,NC,Johnston County,suburban,South,South Atlantic,791.232,70794,46668,31.4,
1981,37101,NC,Johnston County,suburban,South,South Atlantic,791.232,71443,47260,32.6,
1982,37101,NC,Johnston County,SUBURBAN,South,South Atlantic,791.232,72057,47783,33.8,
1983,37101,NC,Johnston County,suburban,South,South Atlantic,791.232,72562,48211,35,193
1984,37101,NC,Johnston County,suburban,South,South Atlantic,791.232,74093,49466,37.5,211
1985,37101,NC,Johnston County,suburban,South,South Atlantic,791.232,75858,50835,40,204
1986,37101,NC,Johnston County,suburban  ,South,South Atlantic,791.232,77031,51725,51,218
1987,37101,NC,Johnston County,Suburban,South,South Atlantic,791.232,77911,52383,64,203.2
1988,37101,NC,Johnston County,suburban,South,South Atlantic,791.232,78927,53004,40,188.4
1989,37101,NC,Johnston County,suburban,South,South Atlantic,791.232,80004,53623,57.4,173.6
1990,37101,NC,Johnston County,suburban,South,South Atlantic,791.232,81925,54744,74.8,158.8
1991,37101,NC,Johnston County,suburban,South,South Atlantic,791.232,84521,56466,92.2,144
1992,37101,NC,Johnston County,suburban,South,South Atlantic,791.232,87353,58217,109.6,178.75
1993,37101,NC,Johnston County,suburban,South,South Atlantic,791.232,90285,60197,127,213.5
1994,37101,NC,Johnston County,suburban,South,South Atlantic,791.232,93384,62300,129,248.25
1995,37101,NC,Johnston County,suburban,South,South Atlantic,791.232,97914,65684,139,283
1996,37101,NC,Johnston County,  SUBURBAN ,South,South Atlantic,791.232,102352,68898,132,317.75
1997,37101,NC,Johnston County,suburban,South,South Atlantic,791.232,106905,72151,142,352.5
1998,37101,NC,Johnston County,suburban,South,South Atlantic,791.232,112394,76154,160,387.25
1998,37101,NC,Johnston County,suburban,South,South Atlantic,791.232,112394,76154,160,387.25
1999,37101,NC,Johnston County,suburban,South,South Atlantic,791.232,117765,79938,164,422
2000,37101,NC,Johnston County,suburban,South,South Atlantic,791.232,123279,83820,175,420
2001,37101,NC,Johnston County,suburban,South,South Atlantic,791.232,127487,86531,186,434
2002,37101,NC,Johnston County,suburban,South,South Atlantic,791.232,132103,89270,197,461
2003,37101,NC,Johnston County,suburban,South,South Atlantic,791.232,135628,91319,208,466
2004,37101,NC,Johnston County,suburban,South,South Atlantic,791.232,140055,94032,219,493
2005,37101,NC,Johnston County,suburban,South,South Atlantic,791.232,144417,96767,230,533
2006,37101,NC,Johnston County,suburban,South,South Atlantic,791.232,149721,100202,223.75,505
2007,37101,NC,Johnston County,suburban,South,South Atlantic,791.232,155695,103947,217.5,558
2008,37101,NC,Johnston County,suburban,South,South Atlantic,791.232,161746,107654,211.25,592
2009,37101,NC,Johnston County,suburban,South,South Atlantic,791.232,166478,110480,205,569
2010,37101,NC,Johnston County,Suburban,South,South Atlantic,791.232,168872,112003,198.75,545
2011,37101,NC,Johnston County,suburban,South,South Atlantic,791.232,169684,112593,192.5,557
2012,37101,NC,Johnston County,suburban,South,South Atlantic,791.232,172534,114342,186.25,564
2013,37101,NC,Johnston County,suburban,South,South Atlantic,791.232,174521,115264,180,590
2014,37101,NC,Johnston County,suburban,South,South Atlantic,791.232,177421,116936,180,590
2015,37101,NC,Johnston County,suburban,South,South Atlantic,791.232,180961,119169,180,583
2016,37101,NC,Johnston County,suburban,South,South Atlantic,791.232,185357,122016,,
1970,37103,NC,Jones County,small/mid,South,South Atlantic,471.368,9802,5920,0,
1971,37103,NC,Jones County,small/mid,South,South Atlantic,471.368,9920,6047,0,
1972,37103,NC,Jones County,small/mid,South,South Atlantic,471.368,9955,6146,0,
1973,37103,NC,Jones County,Small/mid,South,South Atlantic,471.368,9811,6121,0,
1974,37103,NC,Jones County,small/mid,South,South Atlantic,471.368,9606,6017,0,
1975,37103,NC,Jones County,small/mid,South,South Atlantic,471.368,9806,6198,0,
1976,37103,NC,Jones County,small/mid  ,South,South Atlantic,471.368,9752,6187,0,
1977,37103,NC,Jones County,small/mid,South,South Atlantic,471.368,9705,6173,0,
1978,37103,NC,Jones County,small/mid,South,South Atlantic,471.368,9840,6287,0,
1979,37103,NC,Jones County,small/mid,South,South Atlantic,471.368,9604,6148,0,
1980,37103,NC,Jones County,small/mid,South,South Atlantic,471.368,9698,6232,501,
1980,37103,,,,,,,,,0,
1981,37103,NC,Jones County,small/mid,South,South Atlantic,471.368,9694,6235,0,
1982,37103,NC,Jones County,small/mid,South,South Atlantic,471.368,9711,6249,0,
1983,37103,NC,Jones County,small/mid,South,South Atlantic,471.368,9761,6274,1,22
1984,37103,NC,Jones County,small/mid,South,South Atlantic,471.368,9341,6016,1.4,23
1985,37103,NC,Jones County,small/mid,South,South Atlantic,471.368,9384,6048,1.8,18
1986,37103,NC,Jones County,small/mid,South,South Atlantic,471.368,9383,6045,2.2,21
1987,37103,NC,Jones County,small/mid,South,South Atlantic,471.368,9322,5999,2.6,26.8
1988,37103,NC,Jones County,small/mid,South,South Atlantic,471.368,9350,5998,3,32.6
1989,37103,NC,Jones County,small/mid,South,South Atlantic,471.368,9376,5989,5,38.4
1990,37103,NC,Jones County,small/mid,South,South Atlantic,471.368,9392,5967,7,44.2
1991,37103,NC,Jones County,Small/mid,South,South Atlantic,471.368,9479,5980,9,50
1992,37103,NC,Jones County, small/mid,South,South Atlantic,471.368,9623,6000,11,46.625
1993,37103,NC,Jones County,small/mid,South,South Atlantic,471.368,9902,6172,13,43.25
1994,37103,NC,Jones County,small/mid,South,South Atlantic,471.368,10059,6272,11.83333,39.875
1995,37103,NC,Jones County,small/mid,South,South Atlantic,471.368,10104,6357,10.66667,36.5
1996,37103,NC,Jones County,small/mid,South,South Atlantic,471.368,10065,6330,9.5,33.125
1997,37103,NC,Jones County,small/mid,South,South Atlantic,471.368,10193,6414,8.333333,29.75
1998,37103,NC,Jones County,small/mid,South,South Atlantic,471.368,10224,6472,7.166667,26.375
1999,37103,NC,Jones County,small/mid,South,South Atlantic,471.368,10350,6571,6,23
2000,37103,NC,Jones County,small/mid,South,South Atlantic,471.368,10289,6503,6.5,28
2001,37103,NC,Jones County,small/mid,South,South Atlantic,471.368,10215,6470,7,27
2002,37103,NC,Jones County,SMALL/MID,South,South Atlantic,471.368,10112,6416,7.5,26
2003,37103,NC,Jones County,small/mid,South,South Atlantic,471.368,9957,6340,8,26
2004,37103,NC,Jones County,small/mid,South,South Atlantic,471.368,10123,6491,8.5,27
2005,37103,NC,Jones County,small/mid,South,South Atlantic,471.368,10053,6491,9,33
2006,37103,NC,Jones County,small/mid,South,South Atlantic,471.368,9994,6459,11.25,28
2007,37103,NC,Jones County,Small/mid,South,South Atlantic,471.368,10035,6548,13.5,24
2008,37103,NC,Jones County,small/mid,South,South Atlantic,471.368,9974,6555,15.75,16
2009,37103,NC,Jones County,small/mid,South,South Atlantic,471.368,10143,6667,18,21
2010,37103,NC,Jones County,small/mid,South,South Atlantic,471.368,10166,6599,20.25,22
2010,37103,NC,Jones County,small/mid,South,South Atlantic,471.368,10166,6599,20.25,22
2011,37103,NC,Jones County,small/mid,South,South Atlantic,471.368,10141,6589,22.5,24
2012,37103,NC,Jones County,small/mid,South,South Atlantic,471.368,10059,6566,24.75,33
2013,37103,NC,Jones County,small/mid,South,South Atlantic,471.368,10069,6535,27,38
2014,37103,NC,Jones County,small/mid,South,South Atlantic,471.368,10004,6402,27,33
2015,37103,NC,Jones County,small/mid,South,South Atlantic,471.368,9857,6308,27,37
2015,37103,NC,Jones County,small/mid,South,South Atlantic,471.368,9857,6308,27,37
2016,37103,NC,Jones County,small/mid,South,South Atlantic,471.368,9796,6251,,
1970,37105,NC,Lee County,rural,South,South Atlantic,255.052,30607,19071,17,
1971,37105,NC,Lee County,rural,South,South Atlantic,255.052,31185,19567,16.625,
1972,37105,NC,Lee County,rural,South,South Atlantic,255.052,32201,20430,16.25,
1973,37105,NC,Lee County,rural,South,South Atlantic,255.052,32649,20903,15.875,
1974,37105,NC,Lee County,RURAL,South,South Atlantic,255.052,33227,21435,15.5,
1975,37105,NC,Lee County, rural,South,South Atlantic,255.052,33627,21842,15.125,
1976,37105,NC,Lee County,rural,South,South Atlantic,255.052,33880,22190,14.75,
1977,37105,NC,Lee County,rural,South,South Atlantic,255.052,34814,22967,14.375,
1978,37105,NC,Lee County,rural,South,South Atlantic,255.052,35593,23589,14,
1979,37105,NC,Lee County,rural,South,South Atlantic,255.052,35836,23823,14.4,
1980,37105,NC,Lee County,rural,South,South Atlantic,255.052,36779,24507,14.8,
1981,37105,NC,Lee County,RURAL,South,South Atlantic,255.052,36999,24638,15.2,
1982,37105,NC,Lee County,RURAL,South,South Atlantic,255.052,37403,24865,15.6,
1983,37105,NC,Lee County,rural,South,South Atlantic,255.052,37865,25117,16,146
1984,37105,NC,Lee County,  RURAL ,South,South Atlantic,255.052,38625,25644,21.4,163
1985,37105,NC,Lee County,rural,South,South Atlantic,255.052,39716,26369,26.8,172
1986,37105,NC,Lee County,rural,South,South Atlantic,255.052,40134,26601,32.2,156
1987,37105,NC,Lee County,rural,South,South Atlantic,255.052,39973,26424,37.6,149
1988,37105,NC,Lee County,  RURAL ,South,South Atlantic,255.052,40444,26601,43,142
1989,37105,NC,Lee County,Rural,South,South Atlantic,255.052,40880,26741,45.6,135
1990,37105,NC,Lee County,rural,South,South Atlantic,255.052,41548,27020,48.2,128
1991,37105,NC,Lee County,rural,South,South Atlantic,255.052,42065,27318,50.8,121
1992,37105,NC,Lee County,rural,South,South Atlantic,255.052,42823,27812,53.4,138.875
1993,37105,NC,Lee County,rural,South,South Atlantic,255.052,43806,28466,56,156.75
1994,37105,NC,Lee County,rural,South,South Atlantic,255.052,44595,29005,55,174.625
1995,37105,NC,Lee County,rural,South,South Atlantic,255.052,45698,29821,65,192.5
1996,37105,NC,Lee County,rural  ,South,South Atlantic,255.052,46711,30501,75,210.375
1997,37105,NC,Lee County,rural,South,South Atlantic,255.052,47611,31129,65,228.25
1998,37105,NC,Lee County,rural,South,South Atlantic,255.052,48559,31890,68,246.125
1999,37105,NC,Lee County,rural,South,South Atlantic,255.052,48766,32030,89,264
2000,37105,NC,Lee County,rural,South,South Atlantic,255.052,49482,32541,94,260
2001,37105,NC,Lee County,rural,South,South Atlantic,255.052,49853,32866,99,264
2002,37105,NC,Lee County,rural,South,South Atlantic,255.052,49313,32431,104,268
2003,37105,NC,Lee County,rural,South,South Atlantic,255.052,49372,32487,109,238
2004,37105,NC,Lee County,rural,South,South Atlantic,255.052,49747,32711,114,283
2005,37105,NC,Lee County,rural,South,South Atlantic,255.052,51056,33718,119,324
2006,37105,NC,Lee County,  RURAL ,South,South Atlantic,255.052,52642,34772,116,310
2007,37105,NC,Lee County,rural,South,South Atlantic,255.052,54106,35514,113,280
2008,37105,NC,Lee County,rural,South,South Atlantic,255.052,55822,36424,110,283
2009,37105,NC,Lee County,rural,South,South Atlantic,255.052,57359,37327,107,243
2010,37105,NC,Lee County,rural,South,South Atlantic,255.052,57858,37524,104,254
2011,37105,NC,Lee County,RURAL,South,South Atlantic,255.052,57892,37528,101,272
2012,37105,NC,Lee County,rural,South,South Atlantic,255.052,58588,37924,98,229
2013,37105,NC,Lee County,rural,South,South Atlantic,255.052,59318,38013,95,214
2013,37105,NC,Lee County,rural,South,South Atlantic,255.052,59318,38013,95,214
2014,37105,NC,Lee County,rural,South,South Atlantic,255.052,59874,38202,95,204
2015,37105,NC,Lee County,rural,South,South Atlantic,255.052,59501,38015,95,193
2015,37105,NC,Lee County,rural,South,South Atlantic,255.052,59501,38015,95,193
2016,37105,NC,Lee County,rural,South,South Atlantic,255.052,59476,38025,,
1970,37107,NC,Lenoir County,rural,South,South Atlantic,399.087,55469,34804,19,
1971,37107,NC,Lenoir County,rural,South,South Atlantic,399.087,56566,35686,20.375,
1972,37107,NC,Lenoir County,rural  ,South,South Atlantic,399.087,57704,36692,21.75,
1973,37107,NC,Lenoir County,rural,South,South Atlantic,399.087,58100,37207,23.125,
1974,37107,NC,Lenoir County,rural,South,South Atlantic,399.087,58468,37680,24.5,
1975,37107,NC,Lenoir County,rural,South,South Atlantic,399.087,58453,37850,25.875,
1976,37107,NC,Lenoir County,rural,South,South Atlantic,399.087,59236,38612,27.25,
1977,37107,NC,Lenoir County,rural,South,South Atlantic,399.087,59387,38860,28.625,
1978,37107,NC,Lenoir County,rural,South,South Atlantic,399.087,59158,38765,30,
1979,37107,NC,Lenoir County,rural,South,South Atlantic,399.087,59301,38947,29.6,
1980,37107,NC,Lenoir County,rural,South,South Atlantic,399.087,59799,39340,29.2,
1981,37107,NC,Lenoir County,rural,South,South Atlantic,399.087,59786,39390,28.8,
1982,37107,NC,Lenoir County,rural,South,South Atlantic,399.087,59430,39147,28.4,
1983,37107,NC,Lenoir County,rural,South,South Atlantic,399.087,59538,39209,28,218
1984,37107,NC,Lenoir County,rural,South,South Atlantic,399.087,59370,39186,33,201
1985,37107,NC,Lenoir County,rural,South,South Atlantic,399.087,58859,38886,38,208
1986,37107,NC,Lenoir County,rural,South,South Atlantic,399.087,58215,38462,43,221
1987,37107,NC,Lenoir County,rural,South,South Atlantic,399.087,58125,38368,48,208.8
1988,37107,NC,Lenoir County,rural,South,South Atlantic,399.087,57600,37892,53,196.6
1989,37107,NC,Lenoir County,rural,South,South Atlantic,399.087,57303,37535,57.4,184.4
1989,37107,NC,Lenoir County,rural,South,South Atlantic,399.087,57303,37535,57.4,184.4
1990,37107,NC,Lenoir County,rural,South,South Atlantic,399.087,57376,37396,627,172.2
1990,37107,,,,,,,,,61.8,
1991,37107,NC,Lenoir County,rural  ,South,South Atlantic,399.087,57718,37590,66.2,160
1992,37107,NC,Lenoir County,rural,South,South Atlantic,399.087,58164,37733,70.6,193.5
1993,37107,NC,Lenoir County,rural,South,South Atlantic,399.087,58716,37951,75,227
1994,37107,NC,Lenoir County,rural,South,South Atlantic,399.087,59084,38125,80,260.5
1995,37107,NC,Lenoir County,rural,South,South Atlantic,399.087,59666,38510,85,294
1996,37107,NC,Lenoir County,rural,South,South Atlantic,399.087,59786,38672,90,327.5
1997,37107,NC,Lenoir County,rural  ,South,South Atlantic,399.087,59846,38691,95,361
1998,37107,NC,Lenoir County,rural,South,South Atlantic,399.087,59838,38728,100,394.5
1999,37107,NC,Lenoir County,Rural,South,South Atlantic,399.087,59863,38700,105,428
2000,37107,NC,Lenoir County,rural,South,South Atlantic,399.087,59556,38454,125,341
2001,37107,NC,Lenoir County,rural,South,South Atlantic,399.087,59421,38252,124,390
2002,37107,NC,Lenoir County,rural,South,South Atlantic,399.087,59293,38177,120,439
2003,37107,NC,Lenoir County,rural,South,South Atlantic,399.087,59142,38055,120,415
2004,37107,NC,Lenoir County,rural,South,South Atlantic,399.087,59088,38090,133,442
2005,37107,NC,Lenoir County,rural  ,South,South Atlantic,399.087,59195,38230,133,455
2006,37107,NC,Lenoir County,rural,South,South Atlantic,399.087,59203,38163,127,478
2007,37107,NC,Lenoir County,rural,South,South Atlantic,399.087,59072,38113,140,455
2008,37107,NC,Lenoir County,rural,South,South Atlantic,399.087,59398,38311,130,479
2009,37107,NC,Lenoir County,rural  ,South,South Atlantic,399.087,59421,38303,135,468
2010,37107,NC,Lenoir County,rural,South,South Atlantic,399.087,59518,38372,124,478
2011,37107,NC,Lenoir County,rural,South,South Atlantic,399.087,59499,38349,133,434
2012,37107,NC,Lenoir County,rural,South,South Atlantic,399.087,59441,38178,137,392
2013,37107,NC,Lenoir County,rural,South,South Atlantic,399.087,59164,37801,236,347
2014,37107,NC,Lenoir County,rural,South,South Atlantic,399.087,58831,37433,215,329
2015,37107,NC,Lenoir County,rural,South,South Atlantic,399.087,58397,37049,215,355
2016,37107,NC,Lenoir County,rural,South,South Atlantic,399.087,58126,36711,,
1970,37109,NC,Lincoln County,suburban,South,South Atlantic,295.823,32932,20782,15,
1971,37109,NC,Lincoln County,suburban,South,South Atlantic,295.823,33928,21461,15.25,
1972,37109,NC,Lincoln County,suburban,South,South Atlantic,295.823,35282,22447,15.5,
1972,37109,NC,Lincoln County,suburban,South,South Atlantic,295.823,35282,22447,15.5,
1973,37109,NC,Lincoln County, suburban,South,South Atlantic,295.823,36694,23499,15.75,
1974,37109,NC,Lincoln County,suburban,South,South Atlantic,295.823,37322,23986,16,
1975,37109,NC,Lincoln County,suburban,South,South Atlantic,295.823,37943,24449,16.25,
1976,37109,NC,Lincoln County,suburban,South,South Atlantic,295.823,38331,24881,16.5,
1977,37109,NC,Lincoln County,suburban,South,South Atlantic,295.823,39032,25495,16.75,
1978,37109,NC,Lincoln County,suburban,South,South Atlantic,295.823,40242,26498,17,
1979,37109,NC,Lincoln County,suburban,South,South Atlantic,295.823,41092,27191,16.6,
1980,37109,NC,Lincoln County,SUBURBAN,South,South Atlantic,295.823,42500,28263,16.2,
1981,37109,NC,Lincoln County,suburban,South,South Atlantic,295.823,42891,28638,15.8,
1982,37109,NC,Lincoln County,suburban,South,South Atlantic,295.823,43360,29038,15.4,
1983,37109,NC,Lincoln County,suburban,South,South Atlantic,295.823,43630,29290,15,77
1984,37109,NC,Lincoln County,suburban,South,South Atlantic,295.823,44531,30053,18,88
1985,37109,NC,Lincoln County,suburban,South,South Atlantic,295.823,45600,30905,21,90
1986,37109,NC,Lincoln County,suburban,South,South Atlantic,295.823,46065,31292,24,117
1987,37109,NC,Lincoln County,suburban,South,South Atlantic,295.823,47105,32047,606,120.4
1987,37109,,,,,,,,,27,
1988,37109,NC,Lincoln County,  SUBURBAN ,South,South Atlantic,295.823,48520,32979,30,123.8
1989,37109,NC,Lincoln County,suburban,South,South Atlantic,295.823,49190,33382,35,127.2
1990,37109,NC,Lincoln County,suburban,South,South Atlantic,295.823,50790,34421,40,130.6
1991,37109,NC,Lincoln County,SUBURBAN,South,South Atlantic,295.823,51947,35193,585,134
1991,37109,,,,,,,,,45,
1992,37109,NC,Lincoln County,suburban,South,South Atlantic,295.823,53504,36093,50,143.75
1993,37109,NC,Lincoln County,suburban,South,South Atlantic,295.823,55356,37210,55,153.5
1994,37109,NC,Lincoln County, suburban,South,South Atlantic,295.823,56921,38369,54.33333,163.25
1995,37109,NC,Lincoln County,suburban,South,South Atlantic,295.823,57757,38957,53.66667,173
1996,37109,NC,Lincoln County,suburban,South,South Atlantic,295.823,58909,39733,53,182.75
1997,37109,NC,Lincoln County,Suburban,South,South Atlantic,295.823,60343,40753,52.33333,192.5
1998,37109,NC,Lincoln County,suburban,South,South Atlantic,295.823,61674,41712,51.66667,202.25
1999,37109,NC,Lincoln County,suburban,South,South Atlantic,295.823,62955,42587,51,212
2000,37109,NC,Lincoln County,suburban,South,South Atlantic,295.823,64152,43380,59.16667,209
2001,37109,NC,Lincoln County,SUBURBAN,South,South Atlantic,295.823,65352,44168,67.33334,212
2002,37109,NC,Lincoln County,suburban,South,South Atlantic,295.823,66400,44994,75.5,251
2003,37109,NC,Lincoln County,suburban,South,South Atlantic,295.823,67444,45741,83.66666,235
2004,37109,NC,Lincoln County,suburban,South,South Atlantic,295.823,68267,46492,91.83334,260
2005,37109,NC,Lincoln County,suburban,South,South Atlantic,295.823,69902,47673,100,290
2006,37109,NC,Lincoln County,suburban,South,South Atlantic,295.823,72179,49154,104.875,284
2007,37109,NC,Lincoln County,suburban,South,South Atlantic,295.823,74139,50440,662,249
2007,37109,,,,,,,,,109.75,
2008,37109,NC,Lincoln County,suburban,South,South Atlantic,295.823,76143,51738,114.625,273
2009,37109,NC,Lincoln County,suburban  ,South,South Atlantic,295.823,77573,52375,119.5,292
2010,37109,NC,Lincoln County,suburban,South,South Atlantic,295.823,77966,52525,124.375,315
2011,37109,NC,Lincoln County,suburban,South,South Atlantic,295.823,78087,52631,129.25,311
2012,37109,NC,Lincoln County,SUBURBAN,South,South Atlantic,295.823,78270,52662,134.125,338
2013,37109,NC,Lincoln County,suburban,South,South Atlantic,295.823,78714,52500,139,325
2014,37109,NC,Lincoln County,suburban,South,South Atlantic,295.823,79111,52472,139,341
2015,37109,NC,Lincoln County,suburban,South,South Atlantic,295.823,79429,52465,139,339
2016,37109,NC,Lincoln County,suburban,South,South Atlantic,295.823,80504,52982,,
1970,37111,NC,McDowell County,Rural,South,South Atlantic,439.955,30706,19142,17,
1971,37111,NC,McDowell County,rural,South,South Atlantic,439.955,30937,19297,17.625,
1972,37111,NC,McDowell County,rural,South,South Atlantic,439.955,31496,19745,18.25,
1973,37111,NC,McDowell County,  RURAL ,South,South Atlantic,439.955,32207,20302,18.875,
1974,37111,NC,McDowell County,rural,South,South Atlantic,439.955,32539,20585,19.5,
1975,37111,NC,McDowell County,  RURAL ,South,South Atlantic,439.955,33225,21091,20.125,
1976,37111,NC,McDowell County,rural,South,South Atlantic,439.955,33396,21332,20.75,
1977,37111,NC,McDowell County,rural,South,South Atlantic,439.955,33461,21419,21.375,
1978,37111,NC,McDowell County,rural,South,South Atlantic,439.955,33860,21772,22,
1979,37111,NC,McDowell County,rural,South,South Atlantic,439.955,34244,22076,20.8,
1980,37111,NC,McDowell County,RURAL,South,South Atlantic,439.955,35272,22844,19.6,
1981,37111,NC,McDowell County,rural,South,South Atlantic,439.955,35673,23209,18.4,
1982,37111,NC,McDowell County,rural,South,South Atlantic,439.955,35838,23389,17.2,
1983,37111,NC,McDowell County,rural,South,South Atlantic,439.955,35745,23389,16,22
1984,37111,NC,McDowell County,Rural,South,South Atlantic,439.955,35904,23628,17.4,21
1985,37111,NC,McDowell County,rural,South,South Atlantic,439.955,35821,23679,18.8,20
1986,37111,NC,McDowell County,rural,South,South Atlantic,439.955,35610,23611,20.2,28
1987,37111,NC,McDowell County, rural,South,South Atlantic,439.955,35614,23653,21.6,30.4
1988,37111,NC,McDowell County,rural,South,South Atlantic,439.955,35555,23619,23,32.8
1989,37111,NC,McDowell County,rural,South,South Atlantic,439.955,35661,23669,25,35.2
1990,37111,NC,McDowell County,rural,South,South Atlantic,439.955,35770,23693,27,37.6
1991,37111,NC,McDowell County,rural  ,South,South Atlantic,439.955,36188,23962,29,40
1992,37111,NC,McDowell County,rural  ,South,South Atlantic,439.955,36473,24058,31,41
1992,37111,NC,McDowell County,rural  ,South,South Atlantic,439.955,36473,24058,31,41
1993,37111,NC,McDowell County,rural,South,South Atlantic,439.955,36982,24361,33,42
1994,37111,NC,McDowell County,rural,South,South Atlantic,439.955,37620,24788,40.83333,43
1995,37111,NC,McDowell County,rural,South,South Atlantic,439.955,38171,25184,48.66667,44
1996,37111,NC,McDowell County,rural,South,South Atlantic,439.955,39384,26127,56.5,45
1997,37111,NC,McDowell County,RURAL,South,South Atlantic,439.955,40480,26994,64.33334,46
1998,37111,NC,McDowell County,rural,South,South Atlantic,439.955,41229,27570,72.16666,47
1999,37111,NC,McDowell County,rural,South,South Atlantic,439.955,41874,28007,80,48
1999,37111,NC,McDowell County,rural,South,South Atlantic,439.955,41874,28007,80,48
2000,37111,NC,McDowell County,rural,South,South Atlantic,439.955,42265,28183,63.80186,47
2001,37111,NC,McDowell County,rural,South,South Atlantic,439.955,42796,28418,68.65318,49
2002,37111,NC,McDowell County,rural,South,South Atlantic,439.955,42911,28556,73.67389,53
2003,37111,NC,McDowell County,rural,South,South Atlantic,439.955,43211,28676,78.73087,71
2004,37111,NC,McDowell County,rural,South,South Atlantic,439.955,43390,28851,83.5812,74
2005,37111,NC,McDowell County,rural,South,South Atlantic,439.955,43655,29102,88.84525,93
2006,37111,NC,McDowell County,rural,South,South Atlantic,439.955,43969,29205,91.89917,96
2007,37111,NC,McDowell County, rural,South,South Atlantic,439.955,44345,29324,94.85754,113
2007,37111,NC,McDowell County, rural,South,South Atlantic,439.955,44345,29324,94.85754,113
2008,37111,NC,McDowell County,rural,South,South Atlantic,439.955,44768,29415,97.82144,107
2009,37111,NC,McDowell County,rural,South,South Atlantic,439.955,44865,29449,100.8067,106
2010,37111,NC,McDowell County,rural,South,South Atlantic,439.955,44996,29509,104.1674,118
2011,37111,NC,McDowell County,rural,South,South Atlantic,439.955,45098,29527,107.2439,102
2012,37111,NC,McDowell County,rural,South,South Atlantic,439.955,45059,29446,110.2314,94
2013,37111,NC,McDowell County,rural,South,South Atlantic,439.955,45019,29256,113.0934,102
2014,37111,NC,McDowell County,rural,South,South Atlantic,439.955,45069,29151,113.0934,97
2015,37111,NC,McDowell County,rural,South,South Atlantic,439.955,45080,29017,113.0934,94
2016,37111,NC,McDowell County,rural,South,South Atlantic,439.955,45049,28888,,
1970,37113,NC,Macon County,rural,South,South Atlantic,515.584,15914,9858,0,
1971,37113,NC,Macon County,  RURAL ,South,South Atlantic,515.584,16457,10236,0,
1972,37113,NC,Macon County,rural,South,South Atlantic,515.584,17017,10651,0,
1973,37113,NC,Macon County,rural,South,South Atlantic,515.584,17207,10799,0,
1974,37113,NC,Macon County,RURAL,South,South Atlantic,515.584,17565,11052,0,
1975,37113,NC,Macon County,rural,South,South Atlantic,515.584,18124,11450,0,
1976,37113,NC,Macon County,rural,South,South Atlantic,515.584,18294,11556,0,
1977,37113,NC,Macon County,rural,South,South Atlantic,515.584,19038,12075,0,
1978,37113,NC,Macon County,rural,South,South Atlantic,515.584,19504,12371,1,
1979,37113,NC,Macon County,rural,South,South Atlantic,515.584,20201,12817,1.8,
1980,37113,NC,Macon County,rural,South,South Atlantic,515.584,20383,12810,2.6,
1981,37113,NC,Macon County,rural,South,South Atlantic,515.584,21117,13250,3.4,
1982,37113,NC,Macon County,rural,South,South Atlantic,515.584,21676,13569,4.2,
1983,37113,NC,Macon County,rural,South,South Atlantic,515.584,22053,13770,5,14
1984,37113,NC,Macon County,rural,South,South Atlantic,515.584,22527,14081,5,18
1985,37113,NC,Macon County,rural,South,South Atlantic,515.584,22758,14217,5,14
1986,37113,NC,Macon County,rural,South,South Atlantic,515.584,22642,14111,5,13
1987,37113,NC,Macon County,rural,South,South Atlantic,515.584,22720,14119,5,12.4
1988,37113,NC,Macon County,rural,South,South Atlantic,515.584,22852,14143,5,11.8
1989,37113,NC,Macon County,rural,South,South Atlantic,515.584,23220,14299,5.2,11.2
1990,37113,NC,Macon County,rural,South,South Atlantic,515.584,23623,14457,5.4,10.6
1991,37113,NC,Macon County,rural,South,South Atlantic,515.584,23986,14647,5.6,10
1991,37113,NC,Macon County,rural,South,South Atlantic,515.584,23986,14647,5.6,10
1992,37113,NC,Macon County,rural,South,South Atlantic,515.584,24441,14848,5.8,11.875
1993,37113,NC,Macon County,rural,South,South Atlantic,515.584,24985,15158,6,13.75
1994,37113,NC,Macon County,rural,South,South Atlantic,515.584,25459,15431,9.166667,15.625
1995,37113,NC,Macon County,rural,South,South Atlantic,515.584,26307,15935,12.33333,17.5
1996,37113,NC,Macon County,rural,South,South Atlantic,515.584,27208,16534,15.5,19.375
1997,37113,NC,Macon County,rural,South,South Atlantic,515.584,27963,17045,18.66667,21.25
1998,37113,NC,Macon County, rural,South,South Atlantic,515.584,28554,17467,21.83333,23.125
1999,37113,NC,Macon County,rural,South,South Atlantic,515.584,29252,17926,25,25
2000,37113,NC,Macon County,rural,South,South Atlantic,515.584,29959,18412,31.33333,28
2001,37113,NC,Macon County,rural,South,South Atlantic,515.584,30415,18823,37.66667,32
2002,37113,NC,Macon County,rural,South,South Atlantic,515.584,30870,19142,44,33
2003,37113,NC,Macon County,  RURAL ,South,South Atlantic,515.584,31248,19462,50.33333,38
2004,37113,NC,Macon County,rural,South,South Atlantic,515.584,31667,19683,56.66667,50
2005,37113,NC,Macon County,rural,South,South Atlantic,515.584,32054,19939,63,64
2006,37113,NC,Macon County,rural,South,South Atlantic,515.584,32736,20285,60.375,55
2007,37113,NC,Macon County,rural,South,South Atlantic,515.584,33164,20494,57.75,77
2008,37113,NC,Macon County, rural,South,South Atlantic,515.584,33608,20633,55.125,74
2009,37113,NC,Macon County,RURAL,South,South Atlantic,515.584,33820,20610,52.5,82
2010,37113,NC,Macon County,rural,South,South Atlantic,515.584,33917,20504,49.875,107
2011,37113,NC,Macon County,rural,South,South Atlantic,515.584,33949,20462,47.25,78
2012,37113,NC,Macon County,  RURAL ,South,South Atlantic,515.584,33894,20241,44.625,58
2012,37113,NC,Macon County,  RURAL ,South,South Atlantic,515.584,33894,20241,44.625,58
2013,37113,NC,Macon County,rural,South,South Atlantic,515.584,33821,19923,42,67
2014,37113,NC,Macon County,rural,South,South Atlantic,515.584,33770,19740,42,65
2015,37113,NC,Macon County,rural,South,South Atlantic,515.584,33874,19585,42,77
2016,37113,NC,Macon County,rural,South,South Atlantic,515.584,34113,19650,,
1970,37115,NC,Madison County,small/mid,South,South Atlantic,449.615,16017,10182,2,
1971,37115,NC,Madison County,small/mid,South,South Atlantic,449.615,16052,10199,2.5,
1972,37115,NC,Madison County,small/mid  ,South,South Atlantic,449.615,15885,10085,3,
1973,37115,NC,Madison County,small/mid,South,South Atlantic,449.615,15991,10180,3.5,
1974,37115,NC,Madison County,small/mid,South,South Atlantic,449.615,16157,10295,4,
1975,37115,NC,Madison County,small/mid,South,South Atlantic,449.615,16534,10563,4.5,
1976,37115,NC,Madison County,small/mid,South,South Atlantic,449.615,16460,10589,5,
1977,37115,NC,Madison County,small/mid,South,South Atlantic,449.615,16497,10634,5.5,
1978,37115,NC,Madison County,small/mid,South,South Atlantic,449.615,16591,10750,6,
1979,37115,NC,Madison County,Small/mid,South,South Atlantic,449.615,16544,10716,7,
1980,37115,NC,Madison County,small/mid,South,South Atlantic,449.615,16899,10993,8,
1981,37115,NC,Madison County,small/mid,South,South Atlantic,449.615,17113,11161,9,
1982,37115,NC,Madison County,small/mid,South,South Atlantic,449.615,16919,11053,10,
1983,37115,NC,Madison County,  SMALL/MID ,South,South Atlantic,449.615,16811,10995,11,93
1984,37115,NC,Madison County,small/mid,South,South Atlantic,449.615,17019,11177,11,101
1985,37115,NC,Madison County,small/mid,South,South Atlantic,449.615,17037,11229,11,107
1986,37115,NC,Madison County,small/mid,South,South Atlantic,449.615,17119,11296,11,111
1987,37115,NC,Madison County,Small/mid,South,South Atlantic,449.615,17054,11263,11,103.2
1988,37115,NC,Madison County,small/mid,South,South Atlantic,449.615,16922,11161,11,95.4
1989,37115,NC,Madison County,  SMALL/MID ,South,South Atlantic,449.615,16875,11109,10,87.6
1990,37115,NC,Madison County,SMALL/MID,South,South Atlantic,449.615,17027,11182,9,79.8
1991,37115,NC,Madison County,SMALL/MID,South,South Atlantic,449.615,17218,11271,8,72
1992,37115,NC,Madison County,small/mid,South,South Atlantic,449.615,17424,11427,7,81.625
1993,37115,NC,Madison County, small/mid,South,South Atlantic,449.615,17476,11451,6,91.25
1994,37115,NC,Madison County,small/mid,South,South Atlantic,449.615,17835,11722,7.833333,100.875
1995,37115,NC,Madison County,small/mid,South,South Atlantic,449.615,18199,12002,9.666667,110.5
1996,37115,NC,Madison County,small/mid,South,South Atlantic,449.615,18604,12293,11.5,120.125
1996,37115,NC,Madison County,small/mid,South,South Atlantic,449.615,18604,12293,11.5,120.125
1997,37115,NC,Madison County,small/mid,South,South Atlantic,449.615,18807,12409,13.33333,129.75
1998,37115,NC,Madison County,small/mid,South,South Atlantic,449.615,19222,12716,15.16667,139.375
1999,37115,NC,Madison County,small/mid,South,South Atlantic,449.615,19392,12826,17,149
2000,37115,NC,Madison County,small/mid,South,South Atlantic,449.615,19668,13028,17.83333,148
2001,37115,NC,Madison County,small/mid,South,South Atlantic,449.615,19848,13195,18.66667,148
2002,37115,NC,Madison County,small/mid,South,South Atlantic,449.615,19890,13135,19.5,141
2003,37115,NC,Madison County,small/mid,South,South Atlantic,449.615,19873,13107,20.33333,141
2004,37115,NC,Madison County,small/mid,South,South Atlantic,449.615,19992,13153,21.16667,155
2005,37115,NC,Madison County,small/mid,South,South Atlantic,449.615,20097,13308,22,144
2006,37115,NC,Madison County,small/mid,South,South Atlantic,449.615,20265,13372,28.75,140
2007,37115,NC,Madison County,small/mid,South,South Atlantic,449.615,20420,13509,35.5,135
2008,37115,NC,Madison County,small/mid,South,South Atlantic,449.615,20585,13586,42.25,131
2009,37115,NC,Madison County,small/mid,South,South Atlantic,449.615,20700,13639,49,141
2010,37115,NC,Madison County,small/mid,South,South Atlantic,449.615,20789,13722,55.75,144
2011,37115,NC,Madison County,small/mid,South,South Atlantic,449.615,20784,13729,62.5,171
2012,37115,NC,Madison County,small/mid,South,South Atlantic,449.615,20853,13778,69.25,139
2013,37115,NC,Madison County,small/mid,South,South Atlantic,449.615,20902,13686,76,154
2014,37115,NC,Madison County,small/mid,South,South Atlantic,449.615,21171,13796,76,156
2015,37115,NC,Madison County,small/mid,South,South Atlantic,449.615,21219,13779,76,158
2016,37115,NC,Madison County,small/mid,South,South Atlantic,449.615,21167,13637,,
1970,37117,NC,Martin County,rural,South,South Atlantic,456.425,24701,15021,9,
1971,37117,NC,Martin County,rural,South,South Atlantic,456.425,24628,15070,9.25,
1972,37117,NC,Martin County,rural,South,South Atlantic,456.425,24715,15264,9.5,
1972,37117,NC,Martin County,rural,South,South Atlantic,456.425,24715,15264,9.5,
1973,37117,NC,Martin County,rural,South,South Atlantic,456.425,24884,15510,9.75,
1974,37117,NC,Martin County,rural,South,South Atlantic,456.425,25013,15711,10,
1975,37117,NC,Martin County,rural,South,South Atlantic,456.425,25295,16000,10.25,
1976,37117,NC,Martin County,rural,South,South Atlantic,456.425,25468,16199,10.5,
1977,37117,NC,Martin County,rural,South,South Atlantic,456.425,25806,16491,10.75,
1978,37117,NC,Martin County,rural,South,South Atlantic,456.425,25904,16611,11,
1979,37117,NC,Martin County,rural,South,South Atlantic,456.425,25938,16648,10.2,
1980,37117,NC,Martin County,rural,South,South Atlantic,456.425,25977,16662,9.4,
1981,37117,NC,Martin County,rural,South,South Atlantic,456.425,26185,16821,8.6,
1982,37117,NC,Martin County,rural,South,South Atlantic,456.425,26089,16763,7.8,
1983,37117,NC,Martin County,rural,South,South Atlantic,456.425,26087,16759,7,96
1984,37117,NC,Martin County,rural,South,South Atlantic,456.425,26090,16809,12.6,99
1985,37117,NC,Martin County,rural,South,South Atlantic,456.425,25858,16678,18.2,92
1986,37117,NC,Martin County,rural,South,South Atlantic,456.425,25695,16578,23.8,78
1987,37117,NC,Martin County,rural,South,South Atlantic,456.425,25695,16573,29.4,72
1988,37117,NC,Martin County,rural,South,South Atlantic,456.425,25542,16418,35,66
1989,37117,NC,Martin County,rural,South,South Atlantic,456.425,25299,16199,42,60
1989,37117,NC,Martin County,rural,South,South Atlantic,456.425,25299,16199,42,60
1990,37117,NC,Martin County,rural,South,South Atlantic,456.425,25049,15953,49,54
1991,37117,NC,Martin County,rural,South,South Atlantic,456.425,25143,16016,56,48
1992,37117,NC,Martin County,rural,South,South Atlantic,456.425,25126,15993,63,57.625
1993,37117,NC,Martin County, rural,South,South Atlantic,456.425,25567,16286,70,67.25
1994,37117,NC,Martin County,rural,South,South Atlantic,456.425,26073,16653,80,76.875
1995,37117,NC,Martin County,  RURAL ,South,South Atlantic,456.425,26017,16618,63,86.5
1996,37117,NC,Martin County,rural,South,South Atlantic,456.425,25988,16618,648,96.125
1996,37117,,,,,,,,,95,
1997,37117,NC,Martin County,rural,South,South Atlantic,456.425,25981,16621,648,105.75
1997,37117,,,,,,,,,95,
1998,37117,NC,Martin County,rural,South,South Atlantic,456.425,25752,16451,90,115.375
1998,37117,NC,Martin County,rural,South,South Atlantic,456.425,25752,16451,90,115.375
1999,37117,NC,Martin County,rural,South,South Atlantic,456.425,25623,16368,89,125
2000,37117,NC,Martin County,rural,South,South Atlantic,456.425,25506,16266,75,127
2001,37117,NC,Martin County,rural,South,South Atlantic,456.425,25211,16111,85,130
2002,37117,NC,Martin County,RURAL,South,South Atlantic,456.425,25055,16079,704,137
2002,37117,,,,,,,,,125,
2003,37117,NC,Martin County,rural,South,South Atlantic,456.425,24968,16063,116,147
2004,37117,NC,Martin County,rural,South,South Atlantic,456.425,24822,15982,125,188
2005,37117,NC,Martin County,rural,South,South Atlantic,456.425,24575,15910,116,190
2006,37117,NC,Martin County,rural,South,South Atlantic,456.425,24651,15971,113,162
2007,37117,NC,Martin County,rural,South,South Atlantic,456.425,24391,15894,116,207
2008,37117,NC,Martin County,rural,South,South Atlantic,456.425,24404,15814,127,219
2008,37117,NC,Martin County,rural,South,South Atlantic,456.425,24404,15814,127,219
2009,37117,NC,Martin County,Rural,South,South Atlantic,456.425,24408,15817,110,203
2010,37117,NC,Martin County,rural,South,South Atlantic,456.425,24512,15798,107,198
2011,37117,NC,Martin County,  RURAL ,South,South Atlantic,456.425,24498,15760,109,207
2012,37117,NC,Martin County,rural,South,South Atlantic,456.425,24178,15444,111,204
2013,37117,NC,Martin County,rural,South,South Atlantic,456.425,23820,15106,113,219
2014,37117,NC,Martin County,rural,South,South Atlantic,456.425,23609,14860,115,214
2015,37117,NC,Martin County,rural,South,South Atlantic,456.425,23425,14645,87,224
2016,37117,NC,Martin County,rural,South,South Atlantic,456.425,23230,14452,,
2016,37117,NC,Martin County,rural,South,South Atlantic,456.425,23230,14452,,
1970,37119,NC,Mecklenburg County,urban,South,South Atlantic,523.566,355744,226275,280,
1971,37119,NC,Mecklenburg County,urban,South,South Atlantic,523.566,360106,230732,273.75,
1972,37119,NC,Mecklenburg County,urban,South,South Atlantic,523.566,367967,238355,267.5,
1973,37119,NC,Mecklenburg County, urban,South,South Atlantic,523.566,374001,244834,261.25,
1974,37119,NC,Mecklenburg County,urban,South,South Atlantic,523.566,377056,249177,255,
1975,37119,NC,Mecklenburg County,urban,South,South Atlantic,523.566,377355,251307,248.75,
1976,37119,NC,Mecklenburg County,urban,South,South Atlantic,523.566,380260,255757,242.5,
1976,37119,NC,Mecklenburg County,urban,South,South Atlantic,523.566,380260,255757,242.5,
1977,37119,NC,Mecklenburg County,urban,South,South Atlantic,523.566,383766,260278,236.25,
1978,37119,NC,Mecklenburg County,urban,South,South Atlantic,523.566,388674,265638,230,
1979,37119,NC,Mecklenburg County,urban,South,South Atlantic,523.566,395692,272464,233.2,
1980,37119,NC,Mecklenburg County,urban,South,South Atlantic,523.566,406201,281490,236.4,
1980,37119,NC,Mecklenburg County,urban,South,South Atlantic,523.566,406201,281490,236.4,
1981,37119,NC,Mecklenburg County,urban,South,South Atlantic,523.566,413923,287915,239.6,
1982,37119,NC,Mecklenburg County,Urban,South,South Atlantic,523.566,422429,294448,242.8,
1983,37119,NC,Mecklenburg County,urban,South,South Atlantic,523.566,428248,299092,246,1208
1984,37119,NC,Mecklenburg County,urban,South,South Atlantic,523.566,438309,307479,348.5,1218
1985,37119,NC,Mecklenburg County,urban,South,South Atlantic,523.566,448881,315905,451,1371
1986,37119,NC,Mecklenburg County,urban,South,South Atlantic,523.566,459452,323919,476,1558
1987,37119,NC,Mecklenburg County,urban,South,South Atlantic,523.566,473760,334274,545,1506.4
1988,37119,NC,Mecklenburg County,urban,South,South Atlantic,523.566,486221,342487,624,1454.8
1989,37119,NC,Mecklenburg County,urban,South,South Atlantic,523.566,499681,351099,812,1403.2
1989,37119,NC,Mecklenburg County,urban,South,South Atlantic,523.566,499681,351099,812,1403.2
1990,37119,NC,Mecklenburg County,urban,South,South Atlantic,523.566,515605,360997,1359,1351.6
1991,37119,NC,Mecklenburg County,urban,South,South Atlantic,523.566,530897,371568,1748,1300
1992,37119,NC,Mecklenburg County,urban,South,South Atlantic,523.566,542185,378137,1194,1398.75
1993,37119,NC,Mecklenburg County,urban,South,South Atlantic,523.566,558031,388580,1110,1497.5
1994,37119,NC,Mecklenburg County,urban,South,South Atlantic,523.566,576276,401043,1150,1596.25
1995,37119,NC,Mecklenburg County,urban,South,South Atlantic,523.566,596036,415479,1162,1695
1996,37119,NC,Mecklenburg County,urban,South,South Atlantic,523.566,617328,430777,1309,1793.75
1997,37119,NC,Mecklenburg County,urban,South,South Atlantic,523.566,639479,446785,1578,1892.5
1998,37119,NC,Mecklenburg County,urban,South,South Atlantic,523.566,660553,462271,1477,1991.25
1999,37119,NC,Mecklenburg County,urban,South,South Atlantic,523.566,682072,477733,1527,2090
2000,37119,NC,Mecklenburg County,urban,South,South Atlantic,523.566,700458,491307,1702,2083
2001,37119,NC,Mecklenburg County,urban,South,South Atlantic,523.566,720171,504524,1832,2135
2002,37119,NC,Mecklenburg County,urban,South,South Atlantic,523.566,736422,515418,1908,2224
2003,37119,NC,Mecklenburg County,urban,South,South Atlantic,523.566,753991,527111,1955,2218
2004,37119,NC,Mecklenburg County,urban,South,South Atlantic,523.566,772949,540439,2085,2260
2005,37119,NC,Mecklenburg County,URBAN,South,South Atlantic,523.566,798701,558581,2047,2105
2006,37119,NC,Mecklenburg County,Urban,South,South Atlantic,523.566,831507,581890,2335,2098
2007,37119,NC,Mecklenburg County,urban,South,South Atlantic,523.566,862177,603178,2647,2187
2008,37119,NC,Mecklenburg County,Urban,South,South Atlantic,523.566,887991,621364,2610,2395
2009,37119,NC,Mecklenburg County,urban,South,South Atlantic,523.566,908704,635358,2496,2558
2010,37119,NC,Mecklenburg County,urban,South,South Atlantic,523.566,919650,641706,2274,2778
2011,37119,NC,Mecklenburg County,urban,South,South Atlantic,523.566,923202,643932,2164,2949
2012,37119,NC,Mecklenburg County,urban,South,South Atlantic,523.566,944943,658254,2164,2886
2013,37119,NC,Mecklenburg County,urban,South,South Atlantic,523.566,968204,672458,1981,2885
2014,37119,NC,Mecklenburg County,urban,South,South Atlantic,523.566,991619,687311,1881,2843
2015,37119,NC,Mecklenburg County,urban,South,South Atlantic,523.566,1011315,699509,1397,2765
2016,37119,NC,Mecklenburg County,urban,South,South Atlantic,523.566,1034442,715257,,
1970,37121,NC,Mitchell County,rural,South,South Atlantic,221.251,13518,8371,7,
1971,37121,NC,Mitchell County,rural,South,South Atlantic,221.251,13810,8600,6.875,
1972,37121,NC,Mitchell County,rural,South,South Atlantic,221.251,13771,8616,6.75,
1973,37121,NC,Mitchell County,rural,South,South Atlantic,221.251,13938,8794,6.625,
1974,37121,NC,Mitchell County,rural,South,South Atlantic,221.251,13889,8786,6.5,
1975,37121,NC,Mitchell County,Rural,South,South Atlantic,221.251,14115,8978,585,
1975,37121,,,,,,,,,6.375,
1976,37121,NC,Mitchell County,rural,South,South Atlantic,221.251,14282,9163,6.25,
1977,37121,NC,Mitchell County,rural,South,South Atlantic,221.251,14393,9298,6.125,
1978,37121,NC,Mitchell County,rural,South,South Atlantic,221.251,14550,9474,6,
1979,37121,NC,Mitchell County,rural,South,South Atlantic,221.251,14432,9383,6,
1980,37121,NC,Mitchell County,rural,South,South Atlantic,221.251,14430,9383,6,
1981,37121,NC,Mitchell County,  RURAL ,South,South Atlantic,221.251,14380,9352,6,
1982,37121,NC,Mitchell County,rural,South,South Atlantic,221.251,14319,9305,6,
1983,37121,NC,Mitchell County,rural,South,South Atlantic,221.251,14186,9218,6,60
1984,37121,NC,Mitchell County,rural,South,South Atlantic,221.251,14302,9314,7.8,67
1985,37121,NC,Mitchell County,rural,South,South Atlantic,221.251,14394,9387,9.6,81
1986,37121,NC,Mitchell County,rural,South,South Atlantic,221.251,14318,9331,11.4,86
1987,37121,NC,Mitchell County,rural,South,South Atlantic,221.251,14310,9315,13.2,143.8
1988,37121,NC,Mitchell County,rural,South,South Atlantic,221.251,14431,9366,15,201.6
1989,37121,NC,Mitchell County,rural,South,South Atlantic,221.251,14389,9302,15.2,259.4
1989,37121,NC,Mitchell County,rural,South,South Atlantic,221.251,14389,9302,15.2,259.4
1990,37121,NC,Mitchell County,rural,South,South Atlantic,221.251,14469,9323,15.4,317.2
1991,37121,NC,Mitchell County,rural,South,South Atlantic,221.251,14564,9381,15.6,375
1992,37121,NC,Mitchell County,rural,South,South Atlantic,221.251,14671,9421,15.8,330.625
1993,37121,NC,Mitchell County,rural,South,South Atlantic,221.251,14802,9441,16,286.25
1994,37121,NC,Mitchell County,rural,South,South Atlantic,221.251,14865,9501,15.33333,241.875
1995,37121,NC,Mitchell County,rural,South,South Atlantic,221.251,15075,9584,14.66667,197.5
1996,37121,NC,Mitchell County,rural,South,South Atlantic,221.251,15175,9644,14,153.125
1997,37121,NC,Mitchell County,rural,South,South Atlantic,221.251,15235,9727,13.33333,108.75
1998,37121,NC,Mitchell County,Rural,South,South Atlantic,221.251,15367,9855,12.66667,64.375
1999,37121,NC,Mitchell County,rural,South,South Atlantic,221.251,15498,9921,12,20
2000,37121,NC,Mitchell County,Rural,South,South Atlantic,221.251,15725,10100,22.86481,22
2001,37121,NC,Mitchell County,rural,South,South Atlantic,221.251,15860,10216,24.68016,30
2002,37121,NC,Mitchell County,rural,South,South Atlantic,221.251,15856,10204,26.32611,31
2003,37121,NC,Mitchell County,Rural,South,South Atlantic,221.251,15837,10175,27.93579,43
2004,37121,NC,Mitchell County,rural,South,South Atlantic,221.251,15928,10270,29.75214,52
2005,37121,NC,Mitchell County,rural,South,South Atlantic,221.251,15858,10205,31.15476,68
2006,37121,NC,Mitchell County,rural,South,South Atlantic,221.251,15699,10122,31.85083,84
2007,37121,NC,Mitchell County,rural,South,South Atlantic,221.251,15746,10091,32.64246,85
2008,37121,NC,Mitchell County,rural,South,South Atlantic,221.251,15740,10052,33.42856,96
2009,37121,NC,Mitchell County,Rural,South,South Atlantic,221.251,15671,9989,34.19329,92
2010,37121,NC,Mitchell County,  RURAL ,South,South Atlantic,221.251,15576,9843,34.58255,92
2011,37121,NC,Mitchell County,rural,South,South Atlantic,221.251,15509,9799,35.25612,83
2011,37121,NC,Mitchell County,rural,South,South Atlantic,221.251,15509,9799,35.25612,83
2012,37121,NC,Mitchell County,rural,South,South Atlantic,221.251,15351,9673,36.01862,67
2013,37121,NC,Mitchell County,rural  ,South,South Atlantic,221.251,15327,9561,36.90658,89
2014,37121,NC,Mitchell County,rural,South,South Atlantic,221.251,15310,9516,36.90658,73
2015,37121,NC,Mitchell County,rural,South,South Atlantic,221.251,15226,9375,36.90658,73
2016,37121,NC,Mitchell County,rural,South,South Atlantic,221.251,15101,9268,,
1970,37123,NC,Montgomery County, rural,South,South Atlantic,491.526,19339,11834,23,
1971,37123,NC,Montgomery County,rural,South,South Atlantic,491.526,19644,12045,23.125,
1972,37123,NC,Montgomery County,rural,South,South Atlantic,491.526,19882,12239,23.25,
1972,37123,NC,Montgomery County,rural,South,South Atlantic,491.526,19882,12239,23.25,
1973,37123,NC,Montgomery County,rural,South,South Atlantic,491.526,20093,12428,23.375,
1974,37123,NC,Montgomery County,rural,South,South Atlantic,491.526,20391,12662,23.5,
1975,37123,NC,Montgomery County,rural,South,South Atlantic,491.526,20610,12847,23.625,
1976,37123,NC,Montgomery County,rural,South,South Atlantic,491.526,20669,12976,23.75,
1977,37123,NC,Montgomery County,rural  ,South,South Atlantic,491.526,20766,13088,23.875,
1978,37123,NC,Montgomery County,rural  ,South,South Atlantic,491.526,21194,13452,24,
1979,37123,NC,Montgomery County,rural,South,South Atlantic,491.526,21730,13858,21.4,
1980,37123,NC,Montgomery County,rural,South,South Atlantic,491.526,22490,14455,18.8,
1981,37123,NC,Montgomery County,rural,South,South Atlantic,491.526,22539,14538,16.2,
1982,37123,NC,Montgomery County,rural,South,South Atlantic,491.526,22495,14539,13.6,
1983,37123,NC,Montgomery County,  RURAL ,South,South Atlantic,491.526,22861,14809,11,61
1984,37123,NC,Montgomery County,rural,South,South Atlantic,491.526,23165,15074,11.8,57
1985,37123,NC,Montgomery County,rural,South,South Atlantic,491.526,23169,15125,12.6,65
1986,37123,NC,Montgomery County,rural,South,South Atlantic,491.526,23077,15096,13.4,91
1987,37123,NC,Montgomery County,rural,South,South Atlantic,491.526,23328,15275,14.2,81.6
1988,37123,NC,Montgomery County,rural,South,South Atlantic,491.526,23138,15129,15,72.2
1989,37123,NC,Montgomery County,Rural,South,South Atlantic,491.526,23280,15190,16.8,62.8
1989,37123,NC,Montgomery County,Rural,South,South Atlantic,491.526,23280,15190,16.8,62.8
1990,37123,NC,Montgomery County,rural,South,South Atlantic,491.526,23489,15301,18.6,53.4
1991,37123,NC,Montgomery County,rural,South,South Atlantic,491.526,23477,15248,20.4,44
1992,37123,NC,Montgomery County,rural,South,South Atlantic,491.526,23946,15498,22.2,50
1992,37123,NC,Montgomery County,rural,South,South Atlantic,491.526,23946,15498,22.2,50
1993,37123,NC,Montgomery County,RURAL,South,South Atlantic,491.526,24175,15668,24,56
1994,37123,NC,Montgomery County,rural,South,South Atlantic,491.526,24379,15799,30,62
1995,37123,NC,Montgomery County,rural,South,South Atlantic,491.526,24932,16230,39,68
1996,37123,NC,Montgomery County,rural,South,South Atlantic,491.526,25281,16473,38,74
1997,37123,NC,Montgomery County,rural,South,South Atlantic,491.526,25482,16592,40,80
1998,37123,NC,Montgomery County,rural,South,South Atlantic,491.526,25937,16963,39,86
1999,37123,NC,Montgomery County,rural,South,South Atlantic,491.526,26430,17300,43,92
2000,37123,NC,Montgomery County,Rural,South,South Atlantic,491.526,26892,17629,43.83333,100
2001,37123,NC,Montgomery County,rural,South,South Atlantic,491.526,26952,17653,44.66667,95
2002,37123,NC,Montgomery County,rural,South,South Atlantic,491.526,26991,17659,45.5,94
2003,37123,NC,Montgomery County,rural,South,South Atlantic,491.526,27226,17799,46.33333,101
2003,37123,NC,Montgomery County,rural,South,South Atlantic,491.526,27226,17799,46.33333,101
2004,37123,NC,Montgomery County,rural,South,South Atlantic,491.526,27077,17697,47.16667,87
2005,37123,NC,Montgomery County,rural,South,South Atlantic,491.526,27153,17852,48,91
2005,37123,NC,Montgomery County,rural,South,South Atlantic,491.526,27153,17852,48,91
2006,37123,NC,Montgomery County,rural,South,South Atlantic,491.526,27311,17985,51.125,107
2007,37123,NC,Montgomery County,rural,South,South Atlantic,491.526,27490,17998,54.25,107
2008,37123,NC,Montgomery County,rural,South,South Atlantic,491.526,27716,18030,57.375,112
2009,37123,NC,Montgomery County,rural,South,South Atlantic,491.526,27710,17929,60.5,96
2010,37123,NC,Montgomery County,rural,South,South Atlantic,491.526,27784,17917,63.625,92
2011,37123,NC,Montgomery County,rural,South,South Atlantic,491.526,27731,17900,66.75,85
2012,37123,NC,Montgomery County,rural,South,South Atlantic,491.526,27718,17788,69.875,64
2013,37123,NC,Montgomery County,rural  ,South,South Atlantic,491.526,27542,17433,73,79
2014,37123,NC,Montgomery County,rural  ,South,South Atlantic,491.526,27482,17291,73,90
2015,37123,NC,Montgomery County,rural  ,South,South Atlantic,491.526,27352,17155,73,94
2016,37123,NC,Montgomery County,rural,South,South Atlantic,491.526,27519,17175,,
1970,37125,NC,Moore County,rural,South,South Atlantic,697.672,39373,23950,8,
1971,37125,NC,Moore County,rural,South,South Atlantic,697.672,40724,24966,11.25,
1972,37125,NC,Moore County,rural,South,South Atlantic,697.672,41728,25809,14.5,
1973,37125,NC,Moore County,rural,South,South Atlantic,697.672,43024,26871,557,
1973,37125,,,,,,,,,17.75,
1974,37125,NC,Moore County,Rural,South,South Atlantic,697.672,43574,27369,21,
1975,37125,NC,Moore County,rural,South,South Atlantic,697.672,44704,28261,24.25,
1976,37125,NC,Moore County,rural,South,South Atlantic,697.672,45563,28965,27.5,
1977,37125,NC,Moore County,rural,South,South Atlantic,697.672,46884,29978,30.75,
1978,37125,NC,Moore County,RURAL,South,South Atlantic,697.672,48068,30783,34,
1979,37125,NC,Moore County,rural,South,South Atlantic,697.672,49327,31568,32.6,
1980,37125,NC,Moore County,rural,South,South Atlantic,697.672,50600,32326,31.2,
1981,37125,NC,Moore County,rural,South,South Atlantic,697.672,50906,32381,29.8,
1981,37125,NC,Moore County,rural,South,South Atlantic,697.672,50906,32381,29.8,
1982,37125,NC,Moore County,rural,South,South Atlantic,697.672,51395,32508,28.4,
1983,37125,NC,Moore County,rural,South,South Atlantic,697.672,52277,32883,27,178
1984,37125,NC,Moore County,rural,South,South Atlantic,697.672,53331,33469,28,172
1985,37125,NC,Moore County,rural,South,South Atlantic,697.672,53953,33750,29,171
1986,37125,NC,Moore County,RURAL,South,South Atlantic,697.672,54905,34170,30,185
1987,37125,NC,Moore County,rural,South,South Atlantic,697.672,55985,34633,31,174
1988,37125,NC,Moore County,rural,South,South Atlantic,697.672,57470,35280,32,163
1989,37125,NC,Moore County,rural,South,South Atlantic,697.672,58218,35432,38.2,152
1990,37125,NC,Moore County,rural,South,South Atlantic,697.672,59347,35792,44.4,141
1991,37125,NC,Moore County, rural,South,South Atlantic,697.672,60426,36281,50.6,130
1992,37125,NC,Moore County,rural,South,South Atlantic,697.672,62020,37059,56.8,153.75
1993,37125,NC,Moore County,rural,South,South Atlantic,697.672,63717,37894,63,177.5
1994,37125,NC,Moore County,rural,South,South Atlantic,697.672,66041,39270,68.83334,201.25
1995,37125,NC,Moore County, rural,South,South Atlantic,697.672,67692,40289,74.66666,225
1996,37125,NC,Moore County,  RURAL ,South,South Atlantic,697.672,69188,41067,80.5,248.75
1997,37125,NC,Moore County,rural,South,South Atlantic,697.672,70839,42107,86.33334,272.5
1998,37125,NC,Moore County,rural,South,South Atlantic,697.672,72185,43069,92.16666,296.25
1999,37125,NC,Moore County,rural,South,South Atlantic,697.672,73799,44203,98,320
2000,37125,NC,Moore County,rural,South,South Atlantic,697.672,75177,45108,97.16666,308
2001,37125,NC,Moore County,RURAL,South,South Atlantic,697.672,76259,45728,96.33334,282
2002,37125,NC,Moore County,rural,South,South Atlantic,697.672,77521,46569,95.5,286
2003,37125,NC,Moore County,rural,South,South Atlantic,697.672,78333,47139,94.66666,299
2004,37125,NC,Moore County,rural,South,South Atlantic,697.672,79475,47836,93.83334,329
2005,37125,NC,Moore County,rural,South,South Atlantic,697.672,80841,48855,93,329
2006,37125,NC,Moore County,rural,South,South Atlantic,697.672,82838,49945,97.125,365
2007,37125,NC,Moore County,rural,South,South Atlantic,697.672,84795,50872,101.25,409
2008,37125,NC,Moore County, rural,South,South Atlantic,697.672,86122,51438,105.375,459
2009,37125,NC,Moore County,rural,South,South Atlantic,697.672,87244,51913,109.5,458
2010,37125,NC,Moore County,rural  ,South,South Atlantic,697.672,88246,52389,113.625,449
2011,37125,NC,Moore County,rural,South,South Atlantic,697.672,88591,52594,117.75,419
2012,37125,NC,Moore County,rural  ,South,South Atlantic,697.672,89273,53092,121.875,396
2013,37125,NC,Moore County,  RURAL ,South,South Atlantic,697.672,90216,53184,126,368
2013,37125,NC,Moore County,  RURAL ,South,South Atlantic,697.672,90216,53184,126,368
2014,37125,NC,Moore County,rural,South,South Atlantic,697.672,91411,53590,126,410
2015,37125,NC,Moore County,rural,South,South Atlantic,697.672,92847,54457,126,383
2016,37125,NC,Moore County,rural,South,South Atlantic,697.672,94040,55131,,
1970,37127,NC,Nash County,small/mid,South,South Atlantic,540.443,59335,36574,38,
1971,37127,NC,Nash County,SMALL/MID,South,South Atlantic,540.443,60231,37301,35.75,
1972,37127,NC,Nash County,small/mid,South,South Atlantic,540.443,60836,37927,33.5,
1973,37127,NC,Nash County,small/mid,South,South Atlantic,540.443,62197,39087,31.25,
1973,37127,NC,Nash County,small/mid,South,South Atlantic,540.443,62197,39087,31.25,
1974,37127,NC,Nash County,small/mid,South,South Atlantic,540.443,63221,40003,29,
1975,37127,NC,Nash County,small/mid,South,South Atlantic,540.443,64151,40840,26.75,
1976,37127,NC,Nash County,small/mid,South,South Atlantic,540.443,64926,42063,24.5,
1977,37127,NC,Nash County,suburban,South,South Atlantic,540.443,66229,43162,22.25,
1978,37127,NC,Nash County,small/mid,South,South Atlantic,540.443,66793,43742,20,
1979,37127,NC,Nash County,small/mid,South,South Atlantic,540.443,67033,44075,25.2,
1980,37127,NC,Nash County,suburban,South,South Atlantic,540.443,67334,44400,30.4,
1981,37127,NC,Nash County,small/mid,South,South Atlantic,540.443,68077,45029,35.6,
1982,37127,NC,Nash County,suburban,South,South Atlantic,540.443,68785,45562,40.8,
1983,37127,NC,Nash County,small/mid,South,South Atlantic,540.443,69575,46151,46,230
1984,37127,NC,Nash County,suburban,South,South Atlantic,540.443,70158,46730,50.4,242
1985,37127,NC,Nash County,suburban,South,South Atlantic,540.443,71096,47498,54.8,248
1986,37127,NC,Nash County,small/mid  ,South,South Atlantic,540.443,71638,47940,59.2,211
1987,37127,NC,Nash County,suburban,South,South Atlantic,540.443,72656,48656,63.6,212.6
1988,37127,NC,Nash County,suburban,South,South Atlantic,540.443,73055,48832,68,214.2
1989,37127,NC,Nash County,small/mid,South,South Atlantic,540.443,74961,49967,97,215.8
1990,37127,NC,Nash County,small/mid,South,South Atlantic,540.443,77060,51216,113,217.4
1991,37127,NC,Nash County,small/mid,South,South Atlantic,540.443,78235,52078,124,219
1992,37127,NC,Nash County,small/mid,South,South Atlantic,540.443,79292,53076,110,235.25
1993,37127,NC,Nash County,small/mid,South,South Atlantic,540.443,80681,53998,120,251.5
1994,37127,NC,Nash County,suburban,South,South Atlantic,540.443,82378,54898,120,267.75
1994,37127,NC,Nash County,small/mid,South,South Atlantic,540.443,82378,54898,120,267.75
1995,37127,NC,Nash County,suburban,South,South Atlantic,540.443,83507,55569,138,284
1996,37127,NC,Nash County,small/mid,South,South Atlantic,540.443,84531,56051,192,300.25
1997,37127,NC,Nash County,small/mid,South,South Atlantic,540.443,85922,56943,177,316.5
1998,37127,NC,Nash County,small/mid,South,South Atlantic,540.443,86493,57327,177,332.75
1999,37127,NC,Nash County,small/mid,South,South Atlantic,540.443,87042,57753,164,349
2000,37127,NC,Nash County,suburban,South,South Atlantic,540.443,87696,58224,170,367
2001,37127,NC,Nash County,suburban,South,South Atlantic,540.443,88242,58460,176,359
2002,37127,NC,Nash County,SMALL/MID,South,South Atlantic,540.443,88843,58967,182,363
2003,37127,NC,Nash County,suburban,South,South Atlantic,540.443,89493,59381,188,336
2004,37127,NC,Nash County,suburban,South,South Atlantic,540.443,90262,60133,194,399
2005,37127,NC,Nash County,suburban,South,South Atlantic,540.443,90876,60698,200,399
2006,37127,NC,Nash County,SMALL/MID,South,South Atlantic,540.443,92127,61569,200,386
2006,37127,NC,Nash County,SMALL/MID,South,South Atlantic,540.443,92127,61569,200,386
2007,37127,NC,Nash County,small/mid,South,South Atlantic,540.443,93733,62697,200,374
2008,37127,NC,Nash County,suburban,South,South Atlantic,540.443,94718,63228,200,392
2009,37127,NC,Nash County,small/mid,South,South Atlantic,540.443,95492,63501,200,382
2010,37127,NC,Nash County,small/mid,South,South Atlantic,540.443,95829,63695,200,376
2011,37127,NC,Nash County,small/mid,South,South Atlantic,540.443,95782,63660,200,373
2012,37127,NC,Nash County, small/mid,South,South Atlantic,540.443,95749,63618,200,334
2013,37127,NC,Nash County,small/mid,South,South Atlantic,540.443,95206,62786,200,354
2014,37127,NC,Nash County,small/mid,South,South Atlantic,540.443,94445,61726,200,405
2014,37127,NC,Nash County,suburban,South,South Atlantic,540.443,94445,61726,200,405
2015,37127,NC,Nash County,small/mid,South,South Atlantic,540.443,94253,61187,200,392
2015,37127,NC,Nash County,suburban,South,South Atlantic,540.443,94253,61187,200,392
2016,37127,NC,Nash County,small/mid,South,South Atlantic,540.443,93929,60790,,
1970,37129,NC,New Hanover County,small/mid,South,South Atlantic,192.198,83863,53070,43,
1971,37129,NC,New Hanover County,small/mid,South,South Atlantic,192.198,87348,55668,48.375,
1972,37129,NC,New Hanover County, small/mid,South,South Atlantic,192.198,91427,58820,53.75,
1973,37129,NC,New Hanover County,small/mid,South,South Atlantic,192.198,94431,61268,59.125,
1974,37129,NC,New Hanover County,small/mid,South,South Atlantic,192.198,96682,63107,64.5,
1975,37129,NC,New Hanover County,small/mid,South,South Atlantic,192.198,98590,64649,69.875,
1975,37129,NC,New Hanover County,small/mid,South,South Atlantic,192.198,98590,64649,69.875,
1976,37129,NC,New Hanover County,small/mid,South,South Atlantic,192.198,99827,66063,75.25,
1977,37129,NC,New Hanover County,small/mid,South,South Atlantic,192.198,101538,67743,80.625,
1978,37129,NC,New Hanover County,small/mid,South,South Atlantic,192.198,100713,67453,86,
1979,37129,NC,New Hanover County,small/mid,South,South Atlantic,192.198,101604,68305,83.6,
1980,37129,NC,New Hanover County,small/mid,South,South Atlantic,192.198,103884,70153,81.2,
1981,37129,NC,New Hanover County,small/mid,South,South Atlantic,192.198,105364,71440,78.8,
1982,37129,NC,New Hanover County,small/mid,South,South Atlantic,192.198,107495,73069,76.4,
1983,37129,NC,New Hanover County,small/mid,South,South Atlantic,192.198,108589,73963,74,686
1984,37129,NC,New Hanover County,small/mid,South,South Atlantic,192.198,110158,75385,85.2,673
1984,37129,NC,New Hanover County,small/mid,South,South Atlantic,192.198,110158,75385,85.2,673
1985,37129,NC,New Hanover County,small/mid  ,South,South Atlantic,192.198,112015,76926,96.4,673
1986,37129,NC,New Hanover County,small/mid,South,South Atlantic,192.198,114275,78633,107.6,698
1987,37129,NC,New Hanover County,small/mid,South,South Atlantic,192.198,115939,79864,118.8,670
1988,37129,NC,New Hanover County,small/mid,South,South Atlantic,192.198,116958,80467,130,642
1989,37129,NC,New Hanover County,small/mid,South,South Atlantic,192.198,118236,81195,216,614
1990,37129,NC,New Hanover County,small/mid,South,South Atlantic,192.198,121140,82996,193,586
1991,37129,NC,New Hanover County,small/mid,South,South Atlantic,192.198,125530,86210,223,558
1992,37129,NC,New Hanover County,small/mid,South,South Atlantic,192.198,128946,88597,232,587
1993,37129,NC,New Hanover County,small/mid,South,South Atlantic,192.198,133358,91746,251,616
1994,37129,NC,New Hanover County,small/mid,South,South Atlantic,192.198,138365,95168,239,645
1995,37129,NC,New Hanover County,small/mid,South,South Atlantic,192.198,143950,99299,267,674
1995,37129,NC,New Hanover County,small/mid,South,South Atlantic,192.198,143950,99299,267,674
1996,37129,NC,New Hanover County,small/mid,South,South Atlantic,192.198,148892,102887,340,703
1997,37129,NC,New Hanover County,small/mid,South,South Atlantic,192.198,153079,106040,331,732
1998,37129,NC,New Hanover County,small/mid,South,South Atlantic,192.198,156948,109119,343,761
1999,37129,NC,New Hanover County,small/mid,South,South Atlantic,192.198,158774,110526,343,790
2000,37129,NC,New Hanover County,small/mid,South,South Atlantic,192.198,160887,112134,295,858
2001,37129,NC,New Hanover County,Small/mid,South,South Atlantic,192.198,164386,114798,230,852
2002,37129,NC,New Hanover County,small/mid,South,South Atlantic,192.198,168147,117670,307,889
2003,37129,NC,New Hanover County,small/mid,South,South Atlantic,192.198,171928,120430,338,983
2004,37129,NC,New Hanover County,small/mid,South,South Atlantic,192.198,178362,125080,345,1002
2005,37129,NC,New Hanover County,small/mid,South,South Atlantic,192.198,185412,130187,494,1037
2006,37129,NC,New Hanover County,small/mid,South,South Atlantic,192.198,190791,134083,501.75,1062
2007,37129,NC,New Hanover County,small/mid,South,South Atlantic,192.198,194339,136364,509.5,1172
2008,37129,NC,New Hanover County,small/mid,South,South Atlantic,192.198,197709,138239,517.25,1260
2009,37129,NC,New Hanover County,small/mid,South,South Atlantic,192.198,200178,139365,525,1170
2009,37129,NC,New Hanover County,small/mid,South,South Atlantic,192.198,200178,139365,525,1170
2010,37129,NC,New Hanover County,small/mid,South,South Atlantic,192.198,202683,140821,532.75,1195
2011,37129,NC,New Hanover County,small/mid,South,South Atlantic,192.198,203282,141127,540.5,1144
2012,37129,NC,New Hanover County,small/mid,South,South Atlantic,192.198,206047,142717,548.25,992
2013,37129,NC,New Hanover County,small/mid,South,South Atlantic,192.198,209155,143597,556,978
2014,37129,NC,New Hanover County,  SMALL/MID ,South,South Atlantic,192.198,213042,145425,555.5,929
2015,37129,NC,New Hanover County,small/mid,South,South Atlantic,192.198,216171,146889,555,1013
2016,37129,NC,New Hanover County,small/mid,South,South Atlantic,192.198,219685,148817,,
1970,37131,NC,Northampton County,rural,South,South Atlantic,536.639,23252,13528,11,
1971,37131,NC,Northampton County, rural,South,South Atlantic,536.639,23928,14154,11.5,
1972,37131,NC,Northampton County,rural,South,South Atlantic,536.639,23922,14365,12,
1973,37131,NC,Northampton County,rural,South,South Atlantic,536.639,22947,13919,12.5,
1974,37131,NC,Northampton County,rural,South,South Atlantic,536.639,22785,13976,13,
1975,37131,NC,Northampton County,rural,South,South Atlantic,536.639,22865,14183,13.5,
1976,37131,NC,Northampton County,rural,South,South Atlantic,536.639,23002,14425,14,
1977,37131,NC,Northampton County,rural,South,South Atlantic,536.639,22992,14553,14.5,
1978,37131,NC,Northampton County,rural,South,South Atlantic,536.639,23022,14676,15,
1979,37131,NC,Northampton County,rural,South,South Atlantic,536.639,22844,14640,14,
1979,37131,NC,Northampton County,rural,South,South Atlantic,536.639,22844,14640,14,
1980,37131,NC,Northampton County,rural,South,South Atlantic,536.639,22155,14128,13,
1981,37131,NC,Northampton County,rural,South,South Atlantic,536.639,22085,14083,12,
1982,37131,NC,Northampton County,rural,South,South Atlantic,536.639,21942,13962,11,
1983,37131,NC,Northampton County,rural,South,South Atlantic,536.639,21864,13895,10,67
1984,37131,NC,Northampton County,rural,South,South Atlantic,536.639,21895,13931,11.6,64
1985,37131,NC,Northampton County,rural,South,South Atlantic,536.639,21912,13938,13.2,81
1985,37131,NC,Northampton County,rural,South,South Atlantic,536.639,21912,13938,13.2,81
1986,37131,NC,Northampton County,rural,South,South Atlantic,536.639,21958,13951,14.8,99
1987,37131,NC,Northampton County,rural  ,South,South Atlantic,536.639,21546,13655,16.4,112.6
1988,37131,NC,Northampton County,rural,South,South Atlantic,536.639,21186,13371,18,126.2
1989,37131,NC,Northampton County,rural,South,South Atlantic,536.639,20939,13139,21.6,139.8
1990,37131,NC,Northampton County,rural,South,South Atlantic,536.639,21032,13098,578,153.4
1990,37131,,,,,,,,,25.2,
1991,37131,NC,Northampton County,rural,South,South Atlantic,536.639,21051,13132,28.8,167
1992,37131,NC,Northampton County,rural,South,South Atlantic,536.639,20983,13102,32.4,165.125
1993,37131,NC,Northampton County,RURAL,South,South Atlantic,536.639,21027,13088,36,163.25
1994,37131,NC,Northampton County,rural,South,South Atlantic,536.639,21203,13227,36,161.375
1995,37131,NC,Northampton County,rural,South,South Atlantic,536.639,21508,13438,46,159.5
1996,37131,NC,Northampton County,rural,South,South Atlantic,536.639,21744,13587,61,157.625
1997,37131,NC,Northampton County,rural,South,South Atlantic,536.639,21884,13716,96,155.75
1997,37131,NC,Northampton County,rural,South,South Atlantic,536.639,21884,13716,96,155.75
1998,37131,NC,Northampton County,rural,South,South Atlantic,536.639,21987,13777,109,153.875
1999,37131,NC,Northampton County,rural,South,South Atlantic,536.639,21981,13784,82,152
2000,37131,NC,Northampton County,rural,South,South Atlantic,536.639,22041,13812,78.33334,116
2001,37131,NC,Northampton County,rural,South,South Atlantic,536.639,22063,13848,74.66666,124
2002,37131,NC,Northampton County,rural,South,South Atlantic,536.639,22073,13927,71,118
2003,37131,NC,Northampton County,rural,South,South Atlantic,536.639,22101,13941,67.33334,120
2004,37131,NC,Northampton County,rural,South,South Atlantic,536.639,21981,13927,63.66667,107
2005,37131,NC,Northampton County,rural,South,South Atlantic,536.639,22180,14132,60,111
2005,37131,NC,Northampton County,rural,South,South Atlantic,536.639,22180,14132,60,111
2006,37131,NC,Northampton County,rural,South,South Atlantic,536.639,22112,14174,59.5,119
2006,37131,NC,Northampton County,rural,South,South Atlantic,536.639,22112,14174,59.5,119
2007,37131,NC,Northampton County,rural,South,South Atlantic,536.639,22293,14273,59,100
2008,37131,NC,Northampton County,rural,South,South Atlantic,536.639,22259,14213,58.5,103
2009,37131,NC,Northampton County,rural,South,South Atlantic,536.639,22102,14025,58,99
2010,37131,NC,Northampton County,rural,South,South Atlantic,536.639,22101,14067,57.5,109
2011,37131,NC,Northampton County,rural,South,South Atlantic,536.639,22034,14015,57,95
2012,37131,NC,Northampton County,rural,South,South Atlantic,536.639,21923,13840,56.5,86
2012,37131,NC,Northampton County,rural,South,South Atlantic,536.639,21923,13840,56.5,86
2013,37131,NC,Northampton County,rural,South,South Atlantic,536.639,21291,13285,56,81
2013,37131,NC,Northampton County,rural,South,South Atlantic,536.639,21291,13285,56,81
2014,37131,NC,Northampton County,rural,South,South Atlantic,536.639,20872,12876,56,72
2015,37131,NC,Northampton County,rural,South,South Atlantic,536.639,20673,12741,56,71
2016,37131,NC,Northampton County,rural,South,South Atlantic,536.639,20556,12607,,
1970,37133,NC,Onslow County,small/mid,South,South Atlantic,761.925,102662,73116,41,
1971,37133,NC,Onslow County,small/mid,South,South Atlantic,761.925,100838,71285,43.5,
1971,37133,NC,Onslow County,small/mid,South,South Atlantic,761.925,100838,71285,43.5,
1972,37133,NC,Onslow County,small/mid,South,South Atlantic,761.925,94671,66850,46,
1973,37133,NC,Onslow County,small/mid,South,South Atlantic,761.925,93198,65259,48.5,
1974,37133,NC,Onslow County,small/mid,South,South Atlantic,761.925,96354,68312,51,
1975,37133,NC,Onslow County,small/mid,South,South Atlantic,761.925,112728,79841,53.5,
1976,37133,NC,Onslow County,small/mid,South,South Atlantic,761.925,115270,82452,56,
1977,37133,NC,Onslow County,small/mid,South,South Atlantic,761.925,116378,83597,58.5,
1978,37133,NC,Onslow County,small/mid,South,South Atlantic,761.925,118451,86434,61,
1979,37133,NC,Onslow County,small/mid,South,South Atlantic,761.925,113152,83327,62.6,
1980,37133,NC,Onslow County,small/mid,South,South Atlantic,761.925,113479,84155,64.2,
1980,37133,NC,Onslow County,small/mid,South,South Atlantic,761.925,113479,84155,64.2,
1981,37133,NC,Onslow County,small/mid,South,South Atlantic,761.925,116099,86430,65.8,
1982,37133,NC,Onslow County,small/mid,South,South Atlantic,761.925,118886,88637,67.4,
1983,37133,NC,Onslow County,small/mid,South,South Atlantic,761.925,124214,92737,69,314
1983,37133,NC,Onslow County,small/mid,South,South Atlantic,761.925,124214,92737,69,314
1984,37133,NC,Onslow County,small/mid  ,South,South Atlantic,761.925,128301,96067,60.5,335
1985,37133,NC,Onslow County,small/mid,South,South Atlantic,761.925,133240,99930,52,339
1986,37133,NC,Onslow County,small/mid,South,South Atlantic,761.925,138147,103543,73,400
1987,37133,NC,Onslow County,small/mid,South,South Atlantic,761.925,141166,105681,70,364.8
1988,37133,NC,Onslow County,small/mid,South,South Atlantic,761.925,142702,106455,97,329.6
1989,37133,NC,Onslow County,small/mid,South,South Atlantic,761.925,149174,110840,599,294.4
1989,37133,,,,,,,,,98.2,
1990,37133,NC,Onslow County,small/mid,South,South Atlantic,761.925,150098,111073,99.4,259.2
1991,37133,NC,Onslow County,SMALL/MID,South,South Atlantic,761.925,151342,111920,100.6,224
1992,37133,NC,Onslow County,small/mid,South,South Atlantic,761.925,146370,106365,101.8,245.875
1993,37133,NC,Onslow County,small/mid,South,South Atlantic,761.925,147789,107639,103,267.75
1994,37133,NC,Onslow County,small/mid,South,South Atlantic,761.925,146760,105554,96,289.625
1995,37133,NC,Onslow County,small/mid,South,South Atlantic,761.925,147258,105466,676,311.5
1995,37133,,,,,,,,,110,
1996,37133,NC,Onslow County,small/mid,South,South Atlantic,761.925,148658,106422,106,333.375
1997,37133,NC,Onslow County,Small/mid,South,South Atlantic,761.925,147955,105371,117,355.25
1998,37133,NC,Onslow County,small/mid,South,South Atlantic,761.925,150773,107819,147,377.125
1999,37133,NC,Onslow County,small/mid,South,South Atlantic,761.925,149628,106788,150,399
2000,37133,NC,Onslow County,small/mid,South,South Atlantic,761.925,150678,107430,133,386
2001,37133,NC,Onslow County,small/mid,South,South Atlantic,761.925,151068,108135,146,380
2002,37133,NC,Onslow County,small/mid,South,South Atlantic,761.925,153397,109917,142,431
2003,37133,NC,Onslow County,small/mid,South,South Atlantic,761.925,150481,106953,149,473
2004,37133,NC,Onslow County,small/mid,South,South Atlantic,761.925,158837,114207,168,495
2005,37133,NC,Onslow County,small/mid,South,South Atlantic,761.925,157205,112383,171,534
2005,37133,NC,Onslow County,small/mid,South,South Atlantic,761.925,157205,112383,171,534
2006,37133,NC,Onslow County,small/mid,South,South Atlantic,761.925,161185,115465,197,589
2007,37133,NC,Onslow County,small/mid,South,South Atlantic,761.925,163256,116195,204,663
2008,37133,NC,Onslow County,  SMALL/MID ,South,South Atlantic,761.925,169059,120179,202,722
2009,37133,NC,Onslow County,small/mid,South,South Atlantic,761.925,173064,122195,141,672
2010,37133,NC,Onslow County,small/mid,South,South Atlantic,761.925,177799,125330,168,677
2011,37133,NC,Onslow County,small/mid,South,South Atlantic,761.925,186889,133920,172,637
2012,37133,NC,Onslow County,small/mid,South,South Atlantic,761.925,185013,130819,178,607
2013,37133,NC,Onslow County,small/mid,South,South Atlantic,761.925,190719,134848,293,598
2014,37133,NC,Onslow County,small/mid,South,South Atlantic,761.925,192377,135613,312,568
2015,37133,NC,Onslow County,small/mid,South,South Atlantic,761.925,191866,134313,312,559
2016,37133,NC,Onslow County,small/mid,South,South Atlantic,761.925,193088,135300,,
1970,37135,NC,Orange County,small/mid,South,South Atlantic,397.531,58327,41159,19,
1971,37135,NC,Orange County, small/mid,South,South Atlantic,397.531,61393,43779,17.75,
1972,37135,NC,Orange County,small/mid,South,South Atlantic,397.531,65797,47441,16.5,
1973,37135,NC,Orange County,small/mid,South,South Atlantic,397.531,67482,49206,15.25,
1974,37135,NC,Orange County,SMALL/MID,South,South Atlantic,397.531,71071,52172,14,
1975,37135,NC,Orange County,  SMALL/MID ,South,South Atlantic,397.531,69253,51188,12.75,
1976,37135,NC,Orange County,small/mid,South,South Atlantic,397.531,70825,52794,11.5,
1977,37135,NC,Orange County,small/mid,South,South Atlantic,397.531,73194,54797,10.25,
1977,37135,NC,Orange County,small/mid,South,South Atlantic,397.531,73194,54797,10.25,
1978,37135,NC,Orange County,Small/mid,South,South Atlantic,397.531,74099,55797,9,
1979,37135,NC,Orange County,small/mid,South,South Atlantic,397.531,75892,57304,11.6,
1980,37135,NC,Orange County,small/mid,South,South Atlantic,397.531,77260,58577,14.2,
1981,37135,NC,Orange County,small/mid,South,South Atlantic,397.531,77882,59156,16.8,
1982,37135,NC,Orange County,small/mid,South,South Atlantic,397.531,78647,59744,19.4,
1983,37135,NC,Orange County,small/mid,South,South Atlantic,397.531,80077,60821,22,170
1984,37135,NC,Orange County,small/mid,South,South Atlantic,397.531,81299,61843,28.6,188
1985,37135,NC,Orange County,small/mid,South,South Atlantic,397.531,83604,63648,35.2,190
1986,37135,NC,Orange County,small/mid,South,South Atlantic,397.531,86151,65534,41.8,192
1986,37135,NC,Orange County,small/mid,South,South Atlantic,397.531,86151,65534,41.8,192
1987,37135,NC,Orange County,small/mid,South,South Atlantic,397.531,88012,66851,48.4,187.6
1987,37135,NC,Orange County,small/mid,South,South Atlantic,397.531,88012,66851,48.4,187.6
1988,37135,NC,Orange County,small/mid,South,South Atlantic,397.531,90397,68440,55,183.2
1989,37135,NC,Orange County,small/mid,South,South Atlantic,397.531,92549,69816,61.8,178.8
1990,37135,NC,Orange County,  SMALL/MID ,South,South Atlantic,397.531,94232,70846,68.6,174.4
1991,37135,NC,Orange County,small/mid,South,South Atlantic,397.531,96118,72204,75.4,170
1992,37135,NC,Orange County,small/mid,South,South Atlantic,397.531,98745,74210,82.2,186.5
1993,37135,NC,Orange County,small/mid,South,South Atlantic,397.531,102516,76971,89,203
1993,37135,NC,Orange County,small/mid,South,South Atlantic,397.531,102516,76971,89,203
1994,37135,NC,Orange County,SMALL/MID,South,South Atlantic,397.531,105940,79396,92.5,219.5
1995,37135,NC,Orange County,small/mid,South,South Atlantic,397.531,108479,81180,96,236
1996,37135,NC,Orange County,Small/mid,South,South Atlantic,397.531,110365,82438,99.5,252.5
1997,37135,NC,Orange County,small/mid,South,South Atlantic,397.531,112831,84218,103,269
1998,37135,NC,Orange County,small/mid,South,South Atlantic,397.531,114896,85714,106.5,285.5
1999,37135,NC,Orange County,small/mid,South,South Atlantic,397.531,116862,87220,110,302
2000,37135,NC,Orange County,small/mid,South,South Atlantic,397.531,116141,86085,114.8333,271
2001,37135,NC,Orange County,small/mid,South,South Atlantic,397.531,118684,88283,119.6667,264
2002,37135,NC,Orange County,small/mid,South,South Atlantic,397.531,117667,87324,124.5,275
2003,37135,NC,Orange County,small/mid,South,South Atlantic,397.531,118667,88076,129.3333,252
2004,37135,NC,Orange County,small/mid,South,South Atlantic,397.531,119320,88622,134.1667,285
2005,37135,NC,Orange County,small/mid,South,South Atlantic,397.531,121526,90305,139,275
2006,37135,NC,Orange County,small/mid,South,South Atlantic,397.531,124286,92093,137.875,324
2007,37135,NC,Orange County,small/mid,South,South Atlantic,397.531,127193,94109,136.75,291
2008,37135,NC,Orange County,SMALL/MID,South,South Atlantic,397.531,129764,95640,135.625,306
2009,37135,NC,Orange County,small/mid,South,South Atlantic,397.531,132369,97252,134.5,350
2010,37135,NC,Orange County,small/mid,South,South Atlantic,397.531,133688,97893,133.375,338
2011,37135,NC,Orange County,small/mid,South,South Atlantic,397.531,133950,98012,132.25,332
2012,37135,NC,Orange County,small/mid,South,South Atlantic,397.531,134962,98388,131.125,336
2013,37135,NC,Orange County,small/mid,South,South Atlantic,397.531,137946,99998,130,306
2014,37135,NC,Orange County,small/mid,South,South Atlantic,397.531,139430,100520,130,289
2014,37135,NC,Orange County,small/mid,South,South Atlantic,397.531,139430,100520,130,289
2015,37135,NC,Orange County,small/mid,South,South Atlantic,397.531,140399,100720,130,289
2016,37135,NC,Orange County,small/mid,South,South Atlantic,397.531,141563,100839,,
1970,37137,NC,Pamlico County,small/mid,South,South Atlantic,336.51,9458,5622,0,
1971,37137,NC,Pamlico County,small/mid,South,South Atlantic,336.51,9457,5652,0,
1972,37137,NC,Pamlico County,small/mid,South,South Atlantic,336.51,9441,5690,0,
1973,37137,NC,Pamlico County,small/mid,South,South Atlantic,336.51,9474,5760,0,
1974,37137,NC,Pamlico County,small/mid,South,South Atlantic,336.51,9346,5720,0,
1975,37137,NC,Pamlico County,small/mid,South,South Atlantic,336.51,9504,5874,0,
1976,37137,NC,Pamlico County,small/mid,South,South Atlantic,336.51,9649,6018,0,
1977,37137,NC,Pamlico County,small/mid,South,South Atlantic,336.51,9910,6223,0,
1978,37137,NC,Pamlico County,small/mid,South,South Atlantic,336.51,10103,6366,1,
1979,37137,NC,Pamlico County,small/mid,South,South Atlantic,336.51,10137,6412,1.6,
1980,37137,NC,Pamlico County,small/mid,South,South Atlantic,336.51,10406,6604,2.2,
1981,37137,NC,Pamlico County,small/mid,South,South Atlantic,336.51,10445,6636,2.8,
1982,37137,NC,Pamlico County,small/mid,South,South Atlantic,336.51,10637,6766,3.4,
1982,37137,NC,Pamlico County,small/mid,South,South Atlantic,336.51,10637,6766,3.4,
1983,37137,NC,Pamlico County,small/mid  ,South,South Atlantic,336.51,10720,6820,4,24
1984,37137,NC,Pamlico County,small/mid  ,South,South Atlantic,336.51,10920,6964,4.6,18
1985,37137,NC,Pamlico County,small/mid,South,South Atlantic,336.51,11041,7054,5.2,27
1986,37137,NC,Pamlico County,small/mid,South,South Atlantic,336.51,11113,7107,5.8,29
1987,37137,NC,Pamlico County,small/mid,South,South Atlantic,336.51,11089,7085,6.4,31.8
1988,37137,NC,Pamlico County,small/mid,South,South Atlantic,336.51,11184,7132,7,34.6
1989,37137,NC,Pamlico County,small/mid,South,South Atlantic,336.51,11285,7168,8.6,37.4
1990,37137,NC,Pamlico County,small/mid,South,South Atlantic,336.51,11395,7202,10.2,40.2
1991,37137,NC,Pamlico County,small/mid,South,South Atlantic,336.51,11475,7292,11.8,43
1992,37137,NC,Pamlico County, small/mid,South,South Atlantic,336.51,11603,7375,13.4,43.75
1993,37137,NC,Pamlico County,small/mid,South,South Atlantic,336.51,11758,7420,15,44.5
1994,37137,NC,Pamlico County,small/mid,South,South Atlantic,336.51,11926,7504,15.5,45.25
1995,37137,NC,Pamlico County,small/mid,South,South Atlantic,336.51,12045,7555,16,46
1996,37137,NC,Pamlico County,small/mid,South,South Atlantic,336.51,12165,7617,16.5,46.75
1997,37137,NC,Pamlico County,small/mid,South,South Atlantic,336.51,12163,7596,17,47.5
1998,37137,NC,Pamlico County,small/mid,South,South Atlantic,336.51,12326,7741,17.5,48.25
1999,37137,NC,Pamlico County,small/mid,South,South Atlantic,336.51,12898,8293,18,49
1999,37137,NC,Pamlico County,small/mid,South,South Atlantic,336.51,12898,8293,18,49
2000,37137,NC,Pamlico County,small/mid,South,South Atlantic,336.51,12913,8277,26,42
2001,37137,NC,Pamlico County,small/mid,South,South Atlantic,336.51,12848,8267,26,54
2002,37137,NC,Pamlico County,small/mid,South,South Atlantic,336.51,12919,8336,27,55
2003,37137,NC,Pamlico County,small/mid,South,South Atlantic,336.51,12913,8320,29,53
2004,37137,NC,Pamlico County,small/mid,South,South Atlantic,336.51,12849,8303,32,55
2005,37137,NC,Pamlico County,small/mid,South,South Atlantic,336.51,13005,8429,31,42
2006,37137,NC,Pamlico County,small/mid,South,South Atlantic,336.51,12995,8446,38.125,46
2007,37137,NC,Pamlico County,small/mid,South,South Atlantic,336.51,13013,8427,45.25,39
2008,37137,NC,Pamlico County,small/mid,South,South Atlantic,336.51,13094,8382,52.375,44
2009,37137,NC,Pamlico County,small/mid,South,South Atlantic,336.51,13136,8426,59.5,40
2010,37137,NC,Pamlico County,small/mid,South,South Atlantic,336.51,13143,8370,66.625,34
2011,37137,NC,Pamlico County,small/mid,South,South Atlantic,336.51,13111,8332,73.75,28
2012,37137,NC,Pamlico County,small/mid,South,South Atlantic,336.51,13253,8346,80.875,23
2013,37137,NC,Pamlico County,small/mid,South,South Atlantic,336.51,13030,8111,88,23
2014,37137,NC,Pamlico County,small/mid,South,South Atlantic,336.51,12892,7915,89,30
2015,37137,NC,Pamlico County,small/mid,South,South Atlantic,336.51,12884,7853,90,30
2015,37137,NC,Pamlico County,small/mid,South,South Atlantic,336.51,12884,7853,90,30
2016,37137,NC,Pamlico County,small/mid,South,South Atlantic,336.51,12753,7649,,
1970,37139,NC,Pasquotank County,rural,South,South Atlantic,226.88,26895,16580,3.356955,
1971,37139,NC,Pasquotank County,rural,South,South Atlantic,226.88,27245,16936,3.405797,
1972,37139,NC,Pasquotank County,rural,South,South Atlantic,226.88,27292,17138,4.791036,
1973,37139,NC,Pasquotank County,RURAL,South,South Atlantic,226.88,27222,17249,6.147787,
1974,37139,NC,Pasquotank County,rural,South,South Atlantic,226.88,27624,17684,7.601218,
1974,37139,NC,Pasquotank County,rural,South,South Atlantic,226.88,27624,17684,7.601218,
1975,37139,NC,Pasquotank County,rural,South,South Atlantic,226.88,27473,17730,8.806518,
1976,37139,NC,Pasquotank County,rural,South,South Atlantic,226.88,27997,18293,10.3889,
1977,37139,NC,Pasquotank County,rural,South,South Atlantic,226.88,28187,18540,11.79537,
1978,37139,NC,Pasquotank County,rural,South,South Atlantic,226.88,28048,18489,13.03486,
1979,37139,NC,Pasquotank County,rural,South,South Atlantic,226.88,28228,18686,14.32204,
1980,37139,NC,Pasquotank County,rural,South,South Atlantic,226.88,28470,18882,15.72071,
1981,37139,NC,Pasquotank County,rural,South,South Atlantic,226.88,28534,18862,17.12004,
1981,37139,NC,Pasquotank County,rural,South,South Atlantic,226.88,28534,18862,17.12004,
1982,37139,NC,Pasquotank County,rural,South,South Atlantic,226.88,28780,18936,18.56115,
1983,37139,NC,Pasquotank County,rural,South,South Atlantic,226.88,28770,18842,19.86505,75
1984,37139,NC,Pasquotank County,rural,South,South Atlantic,226.88,29113,19028,21.17015,75
1985,37139,NC,Pasquotank County,rural,South,South Atlantic,226.88,29495,19211,22.46437,98
1986,37139,NC,Pasquotank County,rural,South,South Atlantic,226.88,30073,19507,23.87638,99
1987,37139,NC,Pasquotank County,rural,South,South Atlantic,226.88,30369,19585,25.13611,94.2
1988,37139,NC,Pasquotank County,rural,South,South Atlantic,226.88,30649,19610,26.33629,89.4
1989,37139,NC,Pasquotank County,rural,South,South Atlantic,226.88,31015,19666,31.1762,84.6
1990,37139,NC,Pasquotank County,rural,South,South Atlantic,226.88,31403,19755,36.02695,79.8
1991,37139,NC,Pasquotank County,rural,South,South Atlantic,226.88,31636,19950,40.94401,75
1992,37139,NC,Pasquotank County,rural,South,South Atlantic,226.88,32317,20432,46.0917,90.625
1993,37139,NC,Pasquotank County,rural,South,South Atlantic,226.88,32966,20872,51.22535,106.25
1994,37139,NC,Pasquotank County,rural,South,South Atlantic,226.88,33147,21022,40.50482,121.875
1995,37139,NC,Pasquotank County,rural,South,South Atlantic,226.88,33315,21207,43.1698,137.5
1996,37139,NC,Pasquotank County,rural,South,South Atlantic,226.88,33947,21793,53.19907,153.125
1997,37139,NC,Pasquotank County,rural,South,South Atlantic,226.88,34757,22637,68.96013,168.75
1998,37139,NC,Pasquotank County,rural  ,South,South Atlantic,226.88,35059,22922,59.48384,184.375
1999,37139,NC,Pasquotank County,rural,South,South Atlantic,226.88,34913,22824,69.18783,200
2000,37139,NC,Pasquotank County,rural,South,South Atlantic,226.88,34874,22824,68.75097,186
2001,37139,NC,Pasquotank County,rural,South,South Atlantic,226.88,34787,22923,50.00138,162
2002,37139,NC,Pasquotank County,rural,South,South Atlantic,226.88,35281,23429,65.8988,159
2003,37139,NC,Pasquotank County,rural,South,South Atlantic,226.88,35673,23784,64.84937,178
2004,37139,NC,Pasquotank County,rural,South,South Atlantic,226.88,36533,24570,88.18861,170
2005,37139,NC,Pasquotank County,rural,South,South Atlantic,226.88,37741,25504,84.69627,169
2005,37139,NC,Pasquotank County,rural,South,South Atlantic,226.88,37741,25504,84.69627,169
2006,37139,NC,Pasquotank County,rural  ,South,South Atlantic,226.88,38956,26410,620,182
2006,37139,,,,,,,,,80.38679,
2007,37139,NC,Pasquotank County,rural,South,South Atlantic,226.88,40049,27147,108.901,164
2007,37139,NC,Pasquotank County,rural,South,South Atlantic,226.88,40049,27147,108.901,164
2008,37139,NC,Pasquotank County,rural,South,South Atlantic,226.88,40554,27379,109.5834,195
2009,37139,NC,Pasquotank County,rural,South,South Atlantic,226.88,40541,27410,99.3563,154
2010,37139,NC,Pasquotank County,rural,South,South Atlantic,226.88,40661,27481,112.0867,160
2011,37139,NC,Pasquotank County,rural,South,South Atlantic,226.88,40630,27445,87.34219,147
2012,37139,NC,Pasquotank County,rural  ,South,South Atlantic,226.88,40277,27154,102.7524,136
2013,37139,NC,Pasquotank County,Rural,South,South Atlantic,226.88,40391,26996,93.5793,140
2014,37139,NC,Pasquotank County,rural,South,South Atlantic,226.88,39555,26320,85.21307,132
2014,37139,NC,Pasquotank County,rural,South,South Atlantic,226.88,39555,26320,85.21307,132
2015,37139,NC,Pasquotank County,rural,South,South Atlantic,226.88,39434,26092,83.64955,131
2016,37139,NC,Pasquotank County,rural,South,South Atlantic,226.88,39385,25744,,
1970,37141,NC,Pender County,small/mid,South,South Atlantic,871.296,18144,10927,2,
1971,37141,NC,Pender County,Small/mid,South,South Atlantic,871.296,18204,11017,2.5,
1972,37141,NC,Pender County,small/mid,South,South Atlantic,871.296,18591,11358,3,
1973,37141,NC,Pender County,small/mid,South,South Atlantic,871.296,19294,11919,3.5,
1974,37141,NC,Pender County,small/mid,South,South Atlantic,871.296,19811,12316,4,
1975,37141,NC,Pender County,small/mid,South,South Atlantic,871.296,20211,12632,4.5,
1976,37141,NC,Pender County,small/mid,South,South Atlantic,871.296,20745,13091,5,
1977,37141,NC,Pender County,small/mid,South,South Atlantic,871.296,21116,13404,5.5,
1978,37141,NC,Pender County,small/mid,South,South Atlantic,871.296,21400,13653,6,
1979,37141,NC,Pender County,small/mid,South,South Atlantic,871.296,21694,13904,8.4,
1980,37141,NC,Pender County,small/mid,South,South Atlantic,871.296,22312,14362,10.8,
1981,37141,NC,Pender County,small/mid,South,South Atlantic,871.296,22551,14572,13.2,
1982,37141,NC,Pender County,small/mid,South,South Atlantic,871.296,22905,14837,15.6,
1983,37141,NC,Pender County,small/mid,South,South Atlantic,871.296,23240,15097,18,55
1984,37141,NC,Pender County,small/mid,South,South Atlantic,871.296,23756,15506,17,67
1985,37141,NC,Pender County,small/mid,South,South Atlantic,871.296,24389,15983,16,57
1986,37141,NC,Pender County,small/mid,South,South Atlantic,871.296,25194,16548,13,43
1987,37141,NC,Pender County,small/mid,South,South Atlantic,871.296,26227,17244,16,46.8
1988,37141,NC,Pender County,small/mid,South,South Atlantic,871.296,27012,17749,22,50.6
1989,37141,NC,Pender County,small/mid,South,South Atlantic,871.296,27986,18350,22,54.4
1990,37141,NC,Pender County,small/mid,South,South Atlantic,871.296,29086,18998,29,58.2
1991,37141,NC,Pender County, small/mid,South,South Atlantic,871.296,30040,19674,38,62
1992,37141,NC,Pender County,small/mid,South,South Atlantic,871.296,30958,20271,42,69
1993,37141,NC,Pender County,small/mid,South,South Atlantic,871.296,32537,21402,33,76
1994,37141,NC,Pender County,small/mid,South,South Atlantic,871.296,33868,22342,36,83
1995,37141,NC,Pender County,SMALL/MID,South,South Atlantic,871.296,35194,23269,39,90
1996,37141,NC,Pender County,small/mid,South,South Atlantic,871.296,36604,24254,42,97
1997,37141,NC,Pender County,small/mid,South,South Atlantic,871.296,38069,25261,45,104
1998,37141,NC,Pender County,small/mid,South,South Atlantic,871.296,39585,26389,48,111
1999,37141,NC,Pender County,small/mid,South,South Atlantic,871.296,40538,27026,51,118
2000,37141,NC,Pender County,small/mid,South,South Atlantic,871.296,41212,27458,52.83333,132
2001,37141,NC,Pender County,small/mid,South,South Atlantic,871.296,41610,27604,54.66667,134
2002,37141,NC,Pender County,small/mid,South,South Atlantic,871.296,42416,28172,56.5,133
2003,37141,NC,Pender County,small/mid,South,South Atlantic,871.296,42949,28429,58.33333,143
2004,37141,NC,Pender County,small/mid,South,South Atlantic,871.296,44136,29435,60.16667,154
2005,37141,NC,Pender County,small/mid,South,South Atlantic,871.296,45485,30401,62,155
2006,37141,NC,Pender County,small/mid,South,South Atlantic,871.296,47481,31726,62,154
2007,37141,NC,Pender County,small/mid,South,South Atlantic,871.296,49181,32968,62,147
2008,37141,NC,Pender County,small/mid,South,South Atlantic,871.296,50551,33762,62,170
2009,37141,NC,Pender County,small/mid,South,South Atlantic,871.296,51636,34329,62,170
2010,37141,NC,Pender County,small/mid  ,South,South Atlantic,871.296,52198,34601,62,187
2011,37141,NC,Pender County,small/mid,South,South Atlantic,871.296,52418,34735,62,207
2011,37141,NC,Pender County,small/mid,South,South Atlantic,871.296,52418,34735,62,207
2012,37141,NC,Pender County,small/mid,South,South Atlantic,871.296,53195,35036,62,174
2013,37141,NC,Pender County,small/mid,South,South Atlantic,871.296,53744,35204,62,168
2014,37141,NC,Pender County,small/mid,South,South Atlantic,871.296,54828,35608,62,179
2015,37141,NC,Pender County,SMALL/MID,South,South Atlantic,871.296,55954,36236,62,165
2016,37141,NC,Pender County,small/mid,South,South Atlantic,871.296,57512,37066,,
1970,37143,NC,Perquimans County,rural,South,South Atlantic,247.144,8370,4940,1.000202,
1971,37143,NC,Perquimans County,  RURAL ,South,South Atlantic,247.144,8507,5076,1.020774,
1972,37143,NC,Perquimans County,rural,South,South Atlantic,247.144,8541,5146,1.438597,
1973,37143,NC,Perquimans County,rural,South,South Atlantic,247.144,8549,5198,1.852641,
1974,37143,NC,Perquimans County,RURAL,South,South Atlantic,247.144,8461,5176,2.224831,
1975,37143,NC,Perquimans County,rural,South,South Atlantic,247.144,9140,5704,2.833185,
1976,37143,NC,Perquimans County,rural,South,South Atlantic,247.144,8797,5470,3.106506,
1977,37143,NC,Perquimans County,rural,South,South Atlantic,247.144,8866,5513,3.507438,
1978,37143,NC,Perquimans County,rural,South,South Atlantic,247.144,9143,5691,4.01219,
1979,37143,NC,Perquimans County,rural,South,South Atlantic,247.144,9487,5920,4.537434,
1980,37143,NC,Perquimans County,rural,South,South Atlantic,247.144,9484,5916,4.925523,
1981,37143,NC,Perquimans County, rural,South,South Atlantic,247.144,9499,5920,5.37327,
1982,37143,NC,Perquimans County,  RURAL ,South,South Atlantic,247.144,9418,5859,5.743016,
1983,37143,NC,Perquimans County,Rural,South,South Atlantic,247.144,9473,5882,6.201371,19
1984,37143,NC,Perquimans County,rural,South,South Atlantic,247.144,9643,5989,6.663236,22
1985,37143,NC,Perquimans County,rural,South,South Atlantic,247.144,9946,6178,7.22424,27
1986,37143,NC,Perquimans County,rural,South,South Atlantic,247.144,10039,6222,7.615667,32
1987,37143,NC,Perquimans County,rural,South,South Atlantic,247.144,10177,6289,8.071535,32.6
1988,37143,NC,Perquimans County,rural,South,South Atlantic,247.144,10387,6391,8.583132,33.2
1989,37143,NC,Perquimans County,RURAL,South,South Atlantic,247.144,10452,6395,10.13789,33.8
1990,37143,NC,Perquimans County,rural,South,South Atlantic,247.144,10477,6372,11.62054,34.4
1991,37143,NC,Perquimans County,rural,South,South Atlantic,247.144,10484,6387,13.10824,35
1992,37143,NC,Perquimans County,rural,South,South Atlantic,247.144,10501,6383,14.39914,35
1992,37143,NC,Perquimans County,rural,South,South Atlantic,247.144,10501,6383,14.39914,35
1993,37143,NC,Perquimans County,rural,South,South Atlantic,247.144,10599,6441,15.8079,35
1994,37143,NC,Perquimans County,  RURAL ,South,South Atlantic,247.144,10633,6466,12.45857,35
1995,37143,NC,Perquimans County,rural,South,South Atlantic,247.144,10661,6529,13.29069,35
1996,37143,NC,Perquimans County,rural,South,South Atlantic,247.144,10900,6697,16.3481,35
1997,37143,NC,Perquimans County,rural,South,South Atlantic,247.144,11000,6761,20.59634,35
1998,37143,NC,Perquimans County,rural,South,South Atlantic,247.144,11125,6888,17.87474,35
1999,37143,NC,Perquimans County,rural,South,South Atlantic,247.144,11234,6980,21.15891,35
2000,37143,NC,Perquimans County, rural,South,South Atlantic,247.144,11413,7116,21.43498,41
2001,37143,NC,Perquimans County,rural,South,South Atlantic,247.144,11533,7207,15.72045,34
2002,37143,NC,Perquimans County,  RURAL ,South,South Atlantic,247.144,11598,7231,599,31
2002,37143,,,,,,,,,20.33865,
2003,37143,NC,Perquimans County,rural,South,South Atlantic,247.144,11696,7329,19.98323,32
2004,37143,NC,Perquimans County,rural,South,South Atlantic,247.144,11817,7499,26.91601,39
2005,37143,NC,Perquimans County,rural,South,South Atlantic,247.144,12102,7679,25.5012,33
2006,37143,NC,Perquimans County,rural,South,South Atlantic,247.144,12494,7879,23.98211,30
2007,37143,NC,Perquimans County,rural  ,South,South Atlantic,247.144,12901,8177,32.80228,31
2008,37143,NC,Perquimans County,rural,South,South Atlantic,247.144,13292,8360,33.46059,34
2009,37143,NC,Perquimans County, rural,South,South Atlantic,247.144,13273,8252,29.91201,31
2010,37143,NC,Perquimans County,rural,South,South Atlantic,247.144,13453,8309,33.89008,35
2011,37143,NC,Perquimans County,rural,South,South Atlantic,247.144,13481,8314,26.39742,34
2012,37143,NC,Perquimans County,rural,South,South Atlantic,247.144,13499,8233,31.05383,33
2013,37143,NC,Perquimans County,rural  ,South,South Atlantic,247.144,13587,8183,28.64593,27
2014,37143,NC,Perquimans County,rural,South,South Atlantic,247.144,13631,8068,25.69836,27
2015,37143,NC,Perquimans County,Rural,South,South Atlantic,247.144,13535,7903,25.40614,35
2016,37143,NC,Perquimans County,rural,South,South Atlantic,247.144,13464,7824,,
1970,37145,NC,Person County,small/mid,South,South Atlantic,392.334,26006,16091,7,
1970,37145,NC,Person County,small/mid,South,South Atlantic,392.334,26006,16091,7,
1971,37145,NC,Person County,small/mid,South,South Atlantic,392.334,26442,16444,7.375,
1972,37145,NC,Person County,  SMALL/MID ,South,South Atlantic,392.334,27250,17094,7.75,
1973,37145,NC,Person County,small/mid,South,South Atlantic,392.334,27485,17362,8.125,
1974,37145,NC,Person County,small/mid,South,South Atlantic,392.334,27591,17522,8.5,
1975,37145,NC,Person County,small/mid,South,South Atlantic,392.334,27353,17432,8.875,
1975,37145,NC,Person County,small/mid,South,South Atlantic,392.334,27353,17432,8.875,
1976,37145,NC,Person County,small/mid,South,South Atlantic,392.334,27659,17727,9.25,
1977,37145,NC,Person County,small/mid,South,South Atlantic,392.334,27959,18061,9.625,
1978,37145,NC,Person County, small/mid,South,South Atlantic,392.334,28293,18386,10,
1979,37145,NC,Person County,small/mid,South,South Atlantic,392.334,28800,18837,9.8,
1979,37145,NC,Person County,small/mid,South,South Atlantic,392.334,28800,18837,9.8,
1980,37145,NC,Person County, small/mid,South,South Atlantic,392.334,29164,19153,9.6,
1981,37145,NC,Person County,small/mid,South,South Atlantic,392.334,29155,19180,9.4,
1982,37145,NC,Person County,small/mid,South,South Atlantic,392.334,29356,19326,9.2,
1983,37145,NC,Person County,small/mid,South,South Atlantic,392.334,29312,19296,9,72
1984,37145,NC,Person County,small/mid,South,South Atlantic,392.334,29396,19407,11.6,84
1985,37145,NC,Person County,SMALL/MID,South,South Atlantic,392.334,29468,19490,14.2,110
1986,37145,NC,Person County,small/mid,South,South Atlantic,392.334,29706,19649,16.8,104
1987,37145,NC,Person County,Small/mid,South,South Atlantic,392.334,29877,19762,19.4,94.2
1988,37145,NC,Person County,small/mid,South,South Atlantic,392.334,30147,19884,22,84.4
1989,37145,NC,Person County,  SMALL/MID ,South,South Atlantic,392.334,30073,19761,25,74.6
1990,37145,NC,Person County,small/mid,South,South Atlantic,392.334,30314,19836,28,64.8
1990,37145,NC,Person County,small/mid,South,South Atlantic,392.334,30314,19836,28,64.8
1991,37145,NC,Person County,small/mid,South,South Atlantic,392.334,30846,20193,31,55
1992,37145,NC,Person County,small/mid,South,South Atlantic,392.334,31211,20372,34,67.75
1992,37145,NC,Person County,small/mid,South,South Atlantic,392.334,31211,20372,34,67.75
1993,37145,NC,Person County,small/mid,South,South Atlantic,392.334,31734,20726,564,80.5
1993,37145,,,,,,,,,37,
1994,37145,NC,Person County,small/mid,South,South Atlantic,392.334,32091,21018,43.5,93.25
1995,37145,NC,Person County,small/mid,South,South Atlantic,392.334,32950,21677,50,106
1996,37145,NC,Person County,small/mid,South,South Atlantic,392.334,33533,22106,56.5,118.75
1997,37145,NC,Person County,small/mid,South,South Atlantic,392.334,34159,22557,63,131.5
1998,37145,NC,Person County,small/mid,South,South Atlantic,392.334,34772,23005,69.5,144.25
1999,37145,NC,Person County,small/mid,South,South Atlantic,392.334,35155,23248,76,157
2000,37145,NC,Person County,small/mid,South,South Atlantic,392.334,35759,23663,80.33334,158
2000,37145,NC,Person County,small/mid,South,South Atlantic,392.334,35759,23663,80.33334,158
2001,37145,NC,Person County,small/mid,South,South Atlantic,392.334,36085,23794,84.66666,161
2002,37145,NC,Person County,small/mid,South,South Atlantic,392.334,36751,24183,89,172
2003,37145,NC,Person County,small/mid  ,South,South Atlantic,392.334,37104,24437,93.33334,156
2003,37145,NC,Person County,small/mid  ,South,South Atlantic,392.334,37104,24437,93.33334,156
2004,37145,NC,Person County,  SMALL/MID ,South,South Atlantic,392.334,37391,24723,97.66666,163
2005,37145,NC,Person County,small/mid,South,South Atlantic,392.334,37931,25177,102,153
2006,37145,NC,Person County,small/mid,South,South Atlantic,392.334,38244,25379,620,144
2006,37145,,,,,,,,,106.5,
2007,37145,NC,Person County,small/mid,South,South Atlantic,392.334,38656,25662,111,150
2008,37145,NC,Person County,small/mid,South,South Atlantic,392.334,39016,25762,115.5,157
2009,37145,NC,Person County,small/mid,South,South Atlantic,392.334,39335,25953,120,150
2010,37145,NC,Person County,small/mid,South,South Atlantic,392.334,39472,26000,124.5,146
2011,37145,NC,Person County,Small/mid,South,South Atlantic,392.334,39406,25958,129,134
2012,37145,NC,Person County,small/mid,South,South Atlantic,392.334,39512,25970,133.5,189
2012,37145,NC,Person County,small/mid,South,South Atlantic,392.334,39512,25970,133.5,189
2013,37145,NC,Person County,SMALL/MID,South,South Atlantic,392.334,39176,25637,138,204
2013,37145,NC,Person County,SMALL/MID,South,South Atlantic,392.334,39176,25637,138,204
2014,37145,NC,Person County, small/mid,South,South Atlantic,392.334,39240,25509,138,218
2015,37145,NC,Person County,small/mid,South,South Atlantic,392.334,39117,25255,138,264
2016,37145,NC,Person County,small/mid  ,South,South Atlantic,392.334,39191,25213,,
1970,37147,NC,Pitt County,small/mid,South,South Atlantic,652.366,74176,48838,35,
1971,37147,NC,Pitt County,small/mid,South,South Atlantic,652.366,75299,49921,37.75,
1972,37147,NC,Pitt County,small/mid,South,South Atlantic,652.366,74979,50084,40.5,
1973,37147,NC,Pitt County,small/mid,South,South Atlantic,652.366,75780,51036,43.25,
1974,37147,NC,Pitt County,small/mid,South,South Atlantic,652.366,75975,51597,46,
1975,37147,NC,Pitt County,SMALL/MID,South,South Atlantic,652.366,78887,54087,48.75,
1976,37147,NC,Pitt County,small/mid,South,South Atlantic,652.366,80146,55433,51.5,
1976,37147,NC,Pitt County,small/mid,South,South Atlantic,652.366,80146,55433,51.5,
1977,37147,NC,Pitt County,small/mid,South,South Atlantic,652.366,80950,56239,54.25,
1978,37147,NC,Pitt County,small/mid,South,South Atlantic,652.366,81971,57119,57,
1979,37147,NC,Pitt County,small/mid,South,South Atlantic,652.366,82819,57819,606,
1979,37147,,,,,,,,,53.4,
1980,37147,NC,Pitt County,small/mid,South,South Atlantic,652.366,90518,63686,49.8,
1981,37147,NC,Pitt County,small/mid,South,South Atlantic,652.366,92048,64891,46.2,
1982,37147,NC,Pitt County,small/mid,South,South Atlantic,652.366,93402,65837,42.6,
1983,37147,NC,Pitt County,small/mid,South,South Atlantic,652.366,94753,66782,39,286
1984,37147,NC,Pitt County,SMALL/MID,South,South Atlantic,652.366,96165,67905,55.5,320
1985,37147,NC,Pitt County,small/mid,South,South Atlantic,652.366,97729,69070,72,347
1986,37147,NC,Pitt County,small/mid,South,South Atlantic,652.366,99633,70375,59,383
1987,37147,NC,Pitt County,small/mid,South,South Atlantic,652.366,102003,71951,94,355.2
1988,37147,NC,Pitt County,small/mid,South,South Atlantic,652.366,104306,73312,83,327.4
1989,37147,NC,Pitt County,small/mid,South,South Atlantic,652.366,106478,74502,122,299.6
1990,37147,NC,Pitt County,small/mid,South,South Atlantic,652.366,109054,76199,113,271.8
1991,37147,NC,Pitt County,small/mid  ,South,South Atlantic,652.366,111965,78371,131,244
1992,37147,NC,Pitt County,small/mid,South,South Atlantic,652.366,114318,79913,141,292.875
1993,37147,NC,Pitt County,small/mid,South,South Atlantic,652.366,116728,81521,197,341.75
1994,37147,NC,Pitt County,small/mid,South,South Atlantic,652.366,119694,83560,245,390.625
1995,37147,NC,Pitt County,small/mid,South,South Atlantic,652.366,122525,85791,229,439.5
1995,37147,NC,Pitt County,small/mid,South,South Atlantic,652.366,122525,85791,229,439.5
1996,37147,NC,Pitt County,small/mid  ,South,South Atlantic,652.366,124861,87504,248,488.375
1997,37147,NC,Pitt County,small/mid,South,South Atlantic,652.366,127812,89865,300,537.25
1998,37147,NC,Pitt County,  SMALL/MID ,South,South Atlantic,652.366,130519,91964,357,586.125
1999,37147,NC,Pitt County,small/mid,South,South Atlantic,652.366,132554,93535,376,635
2000,37147,NC,Pitt County,small/mid,South,South Atlantic,652.366,134298,94908,325,679
2000,37147,NC,Pitt County,small/mid,South,South Atlantic,652.366,134298,94908,325,679
2001,37147,NC,Pitt County,small/mid,South,South Atlantic,652.366,136605,96572,316,693
2002,37147,NC,Pitt County,small/mid,South,South Atlantic,652.366,139128,98565,425,718
2002,37147,NC,Pitt County,small/mid,South,South Atlantic,652.366,139128,98565,425,718
2003,37147,NC,Pitt County,small/mid,South,South Atlantic,652.366,141610,100449,445,737
2004,37147,NC,Pitt County,small/mid,South,South Atlantic,652.366,144486,102816,436,802
2005,37147,NC,Pitt County,small/mid,South,South Atlantic,652.366,147929,105524,439,786
2006,37147,NC,Pitt County,small/mid,South,South Atlantic,652.366,152934,109137,432,811
2007,37147,NC,Pitt County, small/mid,South,South Atlantic,652.366,157479,112414,417,880
2008,37147,NC,Pitt County,small/mid,South,South Atlantic,652.366,162116,115613,400,945
2009,37147,NC,Pitt County,small/mid,South,South Atlantic,652.366,165581,118005,435,957
2010,37147,NC,Pitt County,small/mid,South,South Atlantic,652.366,168166,119841,407,966
2011,37147,NC,Pitt County,small/mid  ,South,South Atlantic,652.366,168843,120284,477,908
2012,37147,NC,Pitt County,small/mid,South,South Atlantic,652.366,170806,121448,409,790
2013,37147,NC,Pitt County,small/mid,South,South Atlantic,652.366,173023,122391,496,754
2014,37147,NC,Pitt County,small/mid,South,South Atlantic,652.366,174434,122865,474,771
2015,37147,NC,Pitt County,small/mid,South,South Atlantic,652.366,175079,122691,474,813
2016,37147,NC,Pitt County,small/mid,South,South Atlantic,652.366,176237,123089,,
1970,37149,NC,Polk County,rural,South,South Atlantic,237.687,11774,6952,10,
1971,37149,NC,Polk County,rural,South,South Atlantic,237.687,11966,7070,9.75,
1972,37149,NC,Polk County,  RURAL ,South,South Atlantic,237.687,12354,7347,9.5,
1973,37149,NC,Polk County,rural,South,South Atlantic,237.687,12483,7443,9.25,
1974,37149,NC,Polk County,rural,South,South Atlantic,237.687,12580,7537,9,
1975,37149,NC,Polk County,rural,South,South Atlantic,237.687,12644,7615,8.75,
1976,37149,NC,Polk County,rural,South,South Atlantic,237.687,12536,7580,8.5,
1977,37149,NC,Polk County,RURAL,South,South Atlantic,237.687,12721,7707,8.25,
1978,37149,NC,Polk County,rural,South,South Atlantic,237.687,12509,7546,8,
1979,37149,NC,Polk County,rural,South,South Atlantic,237.687,12696,7661,8,
1980,37149,NC,Polk County,rural,South,South Atlantic,237.687,13096,7912,8,
1981,37149,NC,Polk County,rural,South,South Atlantic,237.687,13510,8156,8,
1982,37149,NC,Polk County,RURAL,South,South Atlantic,237.687,13798,8322,8,
1983,37149,NC,Polk County,rural,South,South Atlantic,237.687,13733,8269,8,35
1984,37149,NC,Polk County,rural,South,South Atlantic,237.687,14016,8457,10,35
1985,37149,NC,Polk County,rural,South,South Atlantic,237.687,14025,8462,12,36
1986,37149,NC,Polk County,rural,South,South Atlantic,237.687,13997,8428,14,38
1987,37149,NC,Polk County,  RURAL ,South,South Atlantic,237.687,14064,8453,16,47
1988,37149,NC,Polk County,rural,South,South Atlantic,237.687,14119,8456,18,56
1989,37149,NC,Polk County,rural,South,South Atlantic,237.687,14293,8518,543,65
1989,37149,,,,,,,,,16.4,
1990,37149,NC,Polk County,rural,South,South Atlantic,237.687,14544,8642,14.8,74
1991,37149,NC,Polk County,rural,South,South Atlantic,237.687,14764,8814,13.2,83
1991,37149,NC,Polk County,rural,South,South Atlantic,237.687,14764,8814,13.2,83
1992,37149,NC,Polk County,rural,South,South Atlantic,237.687,15290,9084,11.6,76.875
1993,37149,NC,Polk County,rural,South,South Atlantic,237.687,15652,9322,10,70.75
1993,37149,NC,Polk County,rural,South,South Atlantic,237.687,15652,9322,10,70.75
1994,37149,NC,Polk County,rural,South,South Atlantic,237.687,16014,9525,11.5,64.625
1995,37149,NC,Polk County,rural,South,South Atlantic,237.687,16544,9831,13,58.5
1995,37149,NC,Polk County,rural,South,South Atlantic,237.687,16544,9831,13,58.5
1996,37149,NC,Polk County,  RURAL ,South,South Atlantic,237.687,17070,10131,14.5,52.375
1997,37149,NC,Polk County, rural,South,South Atlantic,237.687,17570,10385,16,46.25
1998,37149,NC,Polk County,rural,South,South Atlantic,237.687,17726,10500,17.5,40.125
1999,37149,NC,Polk County,rural,South,South Atlantic,237.687,18024,10702,19,34
2000,37149,NC,Polk County,rural,South,South Atlantic,237.687,18403,10967,20,35
2001,37149,NC,Polk County,rural,South,South Atlantic,237.687,18683,11159,21,43
2002,37149,NC,Polk County,rural,South,South Atlantic,237.687,18928,11337,22,35
2003,37149,NC,Polk County,rural,South,South Atlantic,237.687,19064,11457,23,38
2004,37149,NC,Polk County,rural,South,South Atlantic,237.687,19325,11659,24,29
2005,37149,NC,Polk County,rural,South,South Atlantic,237.687,19557,11871,25,29
2006,37149,NC,Polk County,rural,South,South Atlantic,237.687,19912,12164,25.375,36
2007,37149,NC,Polk County,rural,South,South Atlantic,237.687,20145,12226,25.75,35
2008,37149,NC,Polk County,rural,South,South Atlantic,237.687,20393,12364,26.125,36
2009,37149,NC,Polk County,rural,South,South Atlantic,237.687,20531,12413,26.5,40
2010,37149,NC,Polk County,rural,South,South Atlantic,237.687,20520,12338,26.875,32
2011,37149,NC,Polk County,rural,South,South Atlantic,237.687,20480,12309,27.25,32
2012,37149,NC,Polk County,rural,South,South Atlantic,237.687,20294,12232,27.625,32
2013,37149,NC,Polk County,  RURAL ,South,South Atlantic,237.687,20255,12015,28,37
2014,37149,NC,Polk County,rural,South,South Atlantic,237.687,20399,11980,28,38
2015,37149,NC,Polk County,rural,South,South Atlantic,237.687,20382,11885,28,34
2016,37149,NC,Polk County,rural,South,South Atlantic,237.687,20412,11739,,
1970,37151,NC,Randolph County,small/mid,South,South Atlantic,782.31,76882,49178,16,
1971,37151,NC,Randolph County,small/mid,South,South Atlantic,782.31,78994,50712,18.125,
1972,37151,NC,Randolph County,small/mid,South,South Atlantic,782.31,80402,51921,20.25,
1973,37151,NC,Randolph County,small/mid,South,South Atlantic,782.31,82440,53597,22.375,
1974,37151,NC,Randolph County,small/mid,South,South Atlantic,782.31,84380,55194,24.5,
1975,37151,NC,Randolph County,small/mid,South,South Atlantic,782.31,84750,55632,26.625,
1976,37151,NC,Randolph County,small/mid,South,South Atlantic,782.31,85454,56484,28.75,
1977,37151,NC,Randolph County,small/mid,South,South Atlantic,782.31,86756,57648,30.875,
1977,37151,NC,Randolph County,small/mid,South,South Atlantic,782.31,86756,57648,30.875,
1978,37151,NC,Randolph County,small/mid,South,South Atlantic,782.31,88460,59059,33,
1979,37151,NC,Randolph County,small/mid,South,South Atlantic,782.31,89813,60232,32.4,
1979,37151,NC,Randolph County,small/mid,South,South Atlantic,782.31,89813,60232,32.4,
1980,37151,NC,Randolph County,small/mid,South,South Atlantic,782.31,91644,61666,31.8,
1981,37151,NC,Randolph County,small/mid,South,South Atlantic,782.31,92668,62501,31.2,
1982,37151,NC,Randolph County,small/mid,South,South Atlantic,782.31,93624,63227,30.6,
1983,37151,NC,Randolph County,small/mid,South,South Atlantic,782.31,94802,64090,30,189
1984,37151,NC,Randolph County,small/mid,South,South Atlantic,782.31,96391,65410,36.8,162
1985,37151,NC,Randolph County,small/mid,South,South Atlantic,782.31,97589,66418,43.6,224
1986,37151,NC,Randolph County,small/mid,South,South Atlantic,782.31,99141,67555,50.4,198
1987,37151,NC,Randolph County,  SMALL/MID ,South,South Atlantic,782.31,100989,68830,57.2,191.4
1988,37151,NC,Randolph County,small/mid,South,South Atlantic,782.31,103326,70288,64,184.8
1989,37151,NC,Randolph County,small/mid,South,South Atlantic,782.31,105073,71293,65.2,178.2
1989,37151,NC,Randolph County,small/mid,South,South Atlantic,782.31,105073,71293,65.2,178.2
1990,37151,NC,Randolph County,  SMALL/MID ,South,South Atlantic,782.31,107194,72486,66.4,171.6
1991,37151,NC,Randolph County,small/mid,South,South Atlantic,782.31,109464,73978,67.6,165
1992,37151,NC,Randolph County,  SMALL/MID ,South,South Atlantic,782.31,111512,75071,68.8,183
1993,37151,NC,Randolph County,small/mid,South,South Atlantic,782.31,113108,75996,70,201
1993,37151,NC,Randolph County,small/mid,South,South Atlantic,782.31,113108,75996,70,201
1994,37151,NC,Randolph County,small/mid,South,South Atlantic,782.31,115093,77168,84,219
1994,37151,NC,Randolph County,small/mid,South,South Atlantic,782.31,115093,77168,84,219
1995,37151,NC,Randolph County,small/mid,South,South Atlantic,782.31,117474,78729,98,237
1996,37151,NC,Randolph County,small/mid,South,South Atlantic,782.31,120566,80813,112,255
1997,37151,NC,Randolph County,small/mid,South,South Atlantic,782.31,123419,82741,126,273
1998,37151,NC,Randolph County,small/mid,South,South Atlantic,782.31,126022,84444,140,291
1998,37151,NC,Randolph County,small/mid,South,South Atlantic,782.31,126022,84444,140,291
1999,37151,NC,Randolph County,small/mid,South,South Atlantic,782.31,128722,86196,154,309
2000,37151,NC,Randolph County,small/mid,South,South Atlantic,782.31,130995,87620,160.6667,296
2001,37151,NC,Randolph County,small/mid,South,South Atlantic,782.31,132092,88030,167.3333,322
2002,37151,NC,Randolph County,small/mid,South,South Atlantic,782.31,132989,88642,174,296
2003,37151,NC,Randolph County,  SMALL/MID ,South,South Atlantic,782.31,134034,89315,180.6667,340
2004,37151,NC,Randolph County,small/mid,South,South Atlantic,782.31,134732,89798,187.3333,341
2005,37151,NC,Randolph County,small/mid,South,South Atlantic,782.31,136301,90953,194,376
2006,37151,NC,Randolph County,small/mid,South,South Atlantic,782.31,137885,91937,196,370
2007,37151,NC,Randolph County,small/mid,South,South Atlantic,782.31,138855,92257,231,392
2008,37151,NC,Randolph County,small/mid,South,South Atlantic,782.31,140297,92806,224,383
2008,37151,NC,Randolph County,small/mid,South,South Atlantic,782.31,140297,92806,224,383
2009,37151,NC,Randolph County,small/mid,South,South Atlantic,782.31,141175,92930,198,368
2010,37151,NC,Randolph County,small/mid,South,South Atlantic,782.31,141801,93088,208,380
2011,37151,NC,Randolph County,small/mid  ,South,South Atlantic,782.31,141971,93199,196,340
2012,37151,NC,Randolph County,small/mid,South,South Atlantic,782.31,141886,92808,192,367
2013,37151,NC,Randolph County,small/mid,South,South Atlantic,782.31,142325,92347,204,356
2014,37151,NC,Randolph County,small/mid,South,South Atlantic,782.31,142376,92071,210,374
2015,37151,NC,Randolph County,SMALL/MID,South,South Atlantic,782.31,142585,91989,215,369
2016,37151,NC,Randolph County,small/mid,South,South Atlantic,782.31,142685,91970,,
1970,37153,NC,Richmond County,rural,South,South Atlantic,473.702,40005,24671,21,
1971,37153,NC,Richmond County,rural,South,South Atlantic,473.702,40465,25023,20.75,
1972,37153,NC,Richmond County,rural,South,South Atlantic,473.702,41331,25720,20.5,
1973,37153,NC,Richmond County,RURAL,South,South Atlantic,473.702,41073,25650,20.25,
1973,37153,NC,Richmond County,RURAL,South,South Atlantic,473.702,41073,25650,20.25,
1974,37153,NC,Richmond County,rural,South,South Atlantic,473.702,41444,25989,20,
1975,37153,NC,Richmond County,rural,South,South Atlantic,473.702,42017,26463,19.75,
1976,37153,NC,Richmond County,rural,South,South Atlantic,473.702,42735,27098,19.5,
1977,37153,NC,Richmond County,rural,South,South Atlantic,473.702,43378,27649,19.25,
1978,37153,NC,Richmond County,rural,South,South Atlantic,473.702,44290,28389,19,
1978,37153,NC,Richmond County,rural,South,South Atlantic,473.702,44290,28389,19,
1979,37153,NC,Richmond County,RURAL,South,South Atlantic,473.702,44783,28792,22.6,
1979,37153,NC,Richmond County,RURAL,South,South Atlantic,473.702,44783,28792,22.6,
1980,37153,NC,Richmond County,rural,South,South Atlantic,473.702,45133,29071,26.2,
1981,37153,NC,Richmond County,rural,South,South Atlantic,473.702,45002,29046,29.8,
1982,37153,NC,Richmond County,rural,South,South Atlantic,473.702,44470,28714,33.4,
1983,37153,NC,Richmond County,rural,South,South Atlantic,473.702,44492,28729,37,227
1984,37153,NC,Richmond County,rural  ,South,South Atlantic,473.702,44641,28911,41.6,270
1985,37153,NC,Richmond County,rural,South,South Atlantic,473.702,45104,29266,46.2,244
1986,37153,NC,Richmond County,rural,South,South Atlantic,473.702,44967,29196,50.8,280
1987,37153,NC,Richmond County, rural,South,South Atlantic,473.702,44534,28905,55.4,264
1987,37153,NC,Richmond County, rural,South,South Atlantic,473.702,44534,28905,55.4,264
1988,37153,NC,Richmond County,rural,South,South Atlantic,473.702,44627,28880,60,248
1988,37153,NC,Richmond County,rural,South,South Atlantic,473.702,44627,28880,60,248
1989,37153,NC,Richmond County,rural,South,South Atlantic,473.702,44602,28762,59,232
1989,37153,NC,Richmond County,rural,South,South Atlantic,473.702,44602,28762,59,232
1990,37153,NC,Richmond County,rural,South,South Atlantic,473.702,44608,28640,64,216
1991,37153,NC,Richmond County,rural,South,South Atlantic,473.702,45037,28912,86,200
1992,37153,NC,Richmond County,rural,South,South Atlantic,473.702,45057,28872,75,208.25
1993,37153,NC,Richmond County,rural,South,South Atlantic,473.702,45507,29191,68,216.5
1994,37153,NC,Richmond County,rural,South,South Atlantic,473.702,45459,29203,77.5,224.75
1995,37153,NC,Richmond County,rural,South,South Atlantic,473.702,45732,29507,87,233
1996,37153,NC,Richmond County,rural,South,South Atlantic,473.702,46227,29844,96.5,241.25
1997,37153,NC,Richmond County,rural,South,South Atlantic,473.702,46366,30051,106,249.5
1998,37153,NC,Richmond County, rural,South,South Atlantic,473.702,46559,30280,115.5,257.75
1999,37153,NC,Richmond County,rural,South,South Atlantic,473.702,46449,30184,125,266
2000,37153,NC,Richmond County,rural,South,South Atlantic,473.702,46611,30310,116.8333,280
2001,37153,NC,Richmond County,rural,South,South Atlantic,473.702,46480,30121,108.6667,276
2002,37153,NC,Richmond County,rural,South,South Atlantic,473.702,46659,30277,100.5,278
2003,37153,NC,Richmond County,rural,South,South Atlantic,473.702,46292,30085,92.33334,286
2004,37153,NC,Richmond County,rural  ,South,South Atlantic,473.702,46227,30134,84.16666,330
2005,37153,NC,Richmond County,rural,South,South Atlantic,473.702,46310,30287,76,308
2006,37153,NC,Richmond County,rural,South,South Atlantic,473.702,46263,30340,76.875,295
2007,37153,NC,Richmond County,rural,South,South Atlantic,473.702,46390,30417,77.75,293
2008,37153,NC,Richmond County,rural,South,South Atlantic,473.702,46538,30489,78.625,266
2009,37153,NC,Richmond County,rural,South,South Atlantic,473.702,46537,30482,79.5,230
2010,37153,NC,Richmond County,rural  ,South,South Atlantic,473.702,46642,30552,80.375,235
2011,37153,NC,Richmond County,rural,South,South Atlantic,473.702,46625,30529,81.25,218
2012,37153,NC,Richmond County,rural,South,South Atlantic,473.702,46653,30487,82.125,201
2013,37153,NC,Richmond County,rural,South,South Atlantic,473.702,46367,30105,83,210
2014,37153,NC,Richmond County,Rural,South,South Atlantic,473.702,46154,29861,84,212
2015,37153,NC,Richmond County,rural,South,South Atlantic,473.702,45792,29472,85,203
2016,37153,NC,Richmond County,rural,South,South Atlantic,473.702,45436,29154,,
1970,37155,NC,Robeson County,rural,South,South Atlantic,947.273,85248,49934,32,
1970,37155,NC,Robeson County,rural,South,South Atlantic,947.273,85248,49934,32,
1971,37155,NC,Robeson County,rural,South,South Atlantic,947.273,86893,51222,33.375,
1972,37155,NC,Robeson County,rural,South,South Atlantic,947.273,89842,53475,34.75,
1973,37155,NC,Robeson County,rural,South,South Atlantic,947.273,91505,54914,36.125,
1974,37155,NC,Robeson County,Rural,South,South Atlantic,947.273,93192,56367,37.5,
1975,37155,NC,Robeson County,Rural,South,South Atlantic,947.273,95550,58208,38.875,
1976,37155,NC,Robeson County,rural,South,South Atlantic,947.273,97309,59822,40.25,
1977,37155,NC,Robeson County,rural,South,South Atlantic,947.273,98588,60979,41.625,
1978,37155,NC,Robeson County,rural,South,South Atlantic,947.273,99703,61969,43,
1979,37155,NC,Robeson County,  RURAL ,South,South Atlantic,947.273,100541,62712,55,
1980,37155,NC,Robeson County,rural,South,South Atlantic,947.273,101357,63457,67,
1981,37155,NC,Robeson County,rural,South,South Atlantic,947.273,102406,64326,79,
1982,37155,NC,Robeson County,rural,South,South Atlantic,947.273,103120,64887,91,
1983,37155,NC,Robeson County,rural,South,South Atlantic,947.273,103628,65353,103,554
1984,37155,NC,Robeson County,rural,South,South Atlantic,947.273,104110,66010,98.5,570
1985,37155,NC,Robeson County,  RURAL ,South,South Atlantic,947.273,104469,66530,94,553
1986,37155,NC,Robeson County,rural,South,South Atlantic,947.273,104111,66527,93,588
1987,37155,NC,Robeson County,rural,South,South Atlantic,947.273,104906,67245,148,551.2
1988,37155,NC,Robeson County,rural,South,South Atlantic,947.273,105216,67464,136,514.4
1989,37155,NC,Robeson County,rural,South,South Atlantic,947.273,105108,67371,155,477.6
1990,37155,NC,Robeson County,rural,South,South Atlantic,947.273,105543,67580,149,440.8
1991,37155,NC,Robeson County,rural,South,South Atlantic,947.273,106908,68610,161,404
1992,37155,NC,Robeson County,rural,South,South Atlantic,947.273,108918,70023,215,430.125
1993,37155,NC,Robeson County,rural,South,South Atlantic,947.273,111050,71365,325,456.25
1994,37155,NC,Robeson County,rural,South,South Atlantic,947.273,112947,72679,298,482.375
1995,37155,NC,Robeson County,RURAL,South,South Atlantic,947.273,114936,74214,372,508.5
1996,37155,NC,Robeson County,rural  ,South,South Atlantic,947.273,116858,75816,350,534.625
1997,37155,NC,Robeson County,RURAL,South,South Atlantic,947.273,118864,77366,350,560.75
1998,37155,NC,Robeson County,rural,South,South Atlantic,947.273,120876,79000,367,586.875
1999,37155,NC,Robeson County,rural,South,South Atlantic,947.273,122514,80403,330,613
2000,37155,NC,Robeson County,rural,South,South Atlantic,947.273,123334,81211,368,596
2001,37155,NC,Robeson County,rural,South,South Atlantic,947.273,123913,81644,365,615
2002,37155,NC,Robeson County,rural,South,South Atlantic,947.273,124676,82434,390,622
2003,37155,NC,Robeson County,rural,South,South Atlantic,947.273,125665,83290,406,602
2004,37155,NC,Robeson County,  RURAL ,South,South Atlantic,947.273,126117,83952,416,642
2005,37155,NC,Robeson County,rural,South,South Atlantic,947.273,127885,85226,403,661
2006,37155,NC,Robeson County,rural,South,South Atlantic,947.273,128894,86129,449,664
2007,37155,NC,Robeson County, rural,South,South Atlantic,947.273,130453,87071,459,680
2008,37155,NC,Robeson County,rural,South,South Atlantic,947.273,131734,87836,406,736
2009,37155,NC,Robeson County,rural,South,South Atlantic,947.273,132984,88477,400,716
2010,37155,NC,Robeson County,rural,South,South Atlantic,947.273,134233,89291,374,743
2011,37155,NC,Robeson County,rural,South,South Atlantic,947.273,134504,89379,425,758
2012,37155,NC,Robeson County,rural,South,South Atlantic,947.273,135221,89515,402,745
2012,37155,NC,Robeson County,rural,South,South Atlantic,947.273,135221,89515,402,745
2013,37155,NC,Robeson County,rural,South,South Atlantic,947.273,135684,89475,367,735
2014,37155,NC,Robeson County,rural,South,South Atlantic,947.273,135217,88715,384,713
2015,37155,NC,Robeson County,rural,South,South Atlantic,947.273,135035,88231,384,675
2016,37155,NC,Robeson County,rural  ,South,South Atlantic,947.273,134562,87624,,
1970,37157,NC,Rockingham County,small/mid,South,South Atlantic,565.63,72812,45709,18,
1971,37157,NC,Rockingham County,small/mid,South,South Atlantic,565.63,74476,46862,19.25,
1972,37157,NC,Rockingham County,small/mid,South,South Atlantic,565.63,76289,48258,20.5,
1973,37157,NC,Rockingham County,small/mid,South,South Atlantic,565.63,77714,49402,21.75,
1974,37157,NC,Rockingham County,small/mid,South,South Atlantic,565.63,79052,50511,23,
1975,37157,NC,Rockingham County,small/mid,South,South Atlantic,565.63,79789,51146,24.25,
1976,37157,NC,Rockingham County,small/mid,South,South Atlantic,565.63,80457,51871,25.5,
1977,37157,NC,Rockingham County,small/mid,South,South Atlantic,565.63,80391,52059,26.75,
1978,37157,NC,Rockingham County,small/mid,South,South Atlantic,565.63,81527,53123,28,
1979,37157,NC,Rockingham County,small/mid,South,South Atlantic,565.63,82495,53999,33.6,
1980,37157,NC,Rockingham County,small/mid,South,South Atlantic,565.63,83618,54921,39.2,
1981,37157,NC,Rockingham County,small/mid,South,South Atlantic,565.63,84280,55507,44.8,
1982,37157,NC,Rockingham County,small/mid,South,South Atlantic,565.63,84430,55672,50.4,
1983,37157,NC,Rockingham County,small/mid,South,South Atlantic,565.63,84663,55888,56,366
1984,37157,NC,Rockingham County,small/mid,South,South Atlantic,565.63,84737,56153,56.8,344
1985,37157,NC,Rockingham County,small/mid,South,South Atlantic,565.63,85012,56489,57.6,405
1986,37157,NC,Rockingham County,small/mid,South,South Atlantic,565.63,84936,56512,58.4,437
1987,37157,NC,Rockingham County,small/mid,South,South Atlantic,565.63,85322,56797,59.2,419.8
1988,37157,NC,Rockingham County,small/mid,South,South Atlantic,565.63,85772,57001,60,402.6
1989,37157,NC,Rockingham County,small/mid,South,South Atlantic,565.63,85744,56838,67,385.4
1990,37157,NC,Rockingham County,small/mid,South,South Atlantic,565.63,86283,57003,74,368.2
1990,37157,NC,Rockingham County,small/mid,South,South Atlantic,565.63,86283,57003,74,368.2
1991,37157,NC,Rockingham County,small/mid,South,South Atlantic,565.63,86890,57363,81,351
1992,37157,NC,Rockingham County, small/mid,South,South Atlantic,565.63,87195,57395,88,361.125
1993,37157,NC,Rockingham County,small/mid,South,South Atlantic,565.63,87605,57520,95,371.25
1994,37157,NC,Rockingham County,small/mid,South,South Atlantic,565.63,88229,57774,104.1667,381.375
1995,37157,NC,Rockingham County,small/mid,South,South Atlantic,565.63,89251,58553,113.3333,391.5
1996,37157,NC,Rockingham County,small/mid,South,South Atlantic,565.63,90251,59279,122.5,401.625
1996,37157,NC,Rockingham County,small/mid,South,South Atlantic,565.63,90251,59279,122.5,401.625
1997,37157,NC,Rockingham County, small/mid,South,South Atlantic,565.63,90994,59856,131.6667,411.75
1998,37157,NC,Rockingham County,small/mid,South,South Atlantic,565.63,91429,60185,140.8333,421.875
1999,37157,NC,Rockingham County,small/mid,South,South Atlantic,565.63,91845,60402,150,432
2000,37157,NC,Rockingham County,small/mid,South,South Atlantic,565.63,92090,60482,146.8333,397
2001,37157,NC,Rockingham County,small/mid,South,South Atlantic,565.63,92268,60608,143.6667,432
2002,37157,NC,Rockingham County,small/mid,South,South Atlantic,565.63,92798,60915,140.5,436
2002,37157,NC,Rockingham County,small/mid,South,South Atlantic,565.63,92798,60915,140.5,436
2003,37157,NC,Rockingham County,small/mid,South,South Atlantic,565.63,92779,60852,137.3333,419
2004,37157,NC,Rockingham County,small/mid,South,South Atlantic,565.63,92382,60787,134.1667,450
2005,37157,NC,Rockingham County,small/mid,South,South Atlantic,565.63,92587,61009,131,432
2006,37157,NC,Rockingham County,small/mid,South,South Atlantic,565.63,92960,61349,135,454
2007,37157,NC,Rockingham County,SMALL/MID,South,South Atlantic,565.63,93164,61493,139,445
2008,37157,NC,Rockingham County,small/mid,South,South Atlantic,565.63,93299,61456,143,451
2009,37157,NC,Rockingham County,small/mid,South,South Atlantic,565.63,93547,61551,147,517
2010,37157,NC,Rockingham County,  SMALL/MID ,South,South Atlantic,565.63,93631,61564,151,503
2010,37157,NC,Rockingham County,  SMALL/MID ,South,South Atlantic,565.63,93631,61564,151,503
2011,37157,NC,Rockingham County,small/mid,South,South Atlantic,565.63,93655,61530,155,535
2012,37157,NC,Rockingham County,small/mid,South,South Atlantic,565.63,93304,61137,159,485
2013,37157,NC,Rockingham County,small/mid,South,South Atlantic,565.63,92723,60372,163,474
2013,37157,NC,Rockingham County,small/mid,South,South Atlantic,565.63,92723,60372,163,474
2014,37157,NC,Rockingham County,Small/mid,South,South Atlantic,565.63,91942,59539,163,500
2015,37157,NC,Rockingham County,SMALL/MID,South,South Atlantic,565.63,91849,59194,163,431
2016,37157,NC,Rockingham County,small/mid,South,South Atlantic,565.63,91733,58889,,
1970,37159,NC,Rowan County,suburban,South,South Atlantic,511.478,90364,58087,30,
1970,37159,NC,Rowan County,suburban,South,South Atlantic,511.478,90364,58087,30,
1971,37159,NC,Rowan County,suburban,South,South Atlantic,511.478,91715,59101,30.875,
1972,37159,NC,Rowan County,suburban,South,South Atlantic,511.478,92095,59572,31.75,
1973,37159,NC,Rowan County,suburban,South,South Atlantic,511.478,93459,60789,32.625,
1974,37159,NC,Rowan County, suburban,South,South Atlantic,511.478,93296,60832,33.5,
1975,37159,NC,Rowan County,suburban,South,South Atlantic,511.478,93781,61306,34.375,
1976,37159,NC,Rowan County,suburban,South,South Atlantic,511.478,93952,61590,35.25,
1977,37159,NC,Rowan County,suburban,South,South Atlantic,511.478,95318,62616,36.125,
1978,37159,NC,Rowan County,suburban,South,South Atlantic,511.478,96548,63572,37,
1979,37159,NC,Rowan County,suburban,South,South Atlantic,511.478,97918,64603,39,
1980,37159,NC,Rowan County, suburban,South,South Atlantic,511.478,99465,65639,41,
1981,37159,NC,Rowan County,suburban,South,South Atlantic,511.478,100319,66193,43,
1982,37159,NC,Rowan County,suburban,South,South Atlantic,511.478,101320,66757,45,
1983,37159,NC,Rowan County,suburban,South,South Atlantic,511.478,101932,67055,47,364
1984,37159,NC,Rowan County,suburban,South,South Atlantic,511.478,102165,67293,51.2,371
1985,37159,NC,Rowan County,suburban,South,South Atlantic,511.478,104404,68780,55.4,353
1986,37159,NC,Rowan County,suburban,South,South Atlantic,511.478,105539,69436,59.6,379
1987,37159,NC,Rowan County,suburban,South,South Atlantic,511.478,106019,69607,63.8,359.6
1988,37159,NC,Rowan County,SUBURBAN,South,South Atlantic,511.478,108006,70607,68,340.2
1989,37159,NC,Rowan County,suburban  ,South,South Atlantic,511.478,109447,71183,71.6,320.8
1990,37159,NC,Rowan County,suburban,South,South Atlantic,511.478,110999,71803,75.2,301.4
1991,37159,NC,Rowan County,suburban,South,South Atlantic,511.478,112566,72840,78.8,282
1992,37159,NC,Rowan County,suburban,South,South Atlantic,511.478,114217,73734,82.4,325.125
1993,37159,NC,Rowan County,suburban,South,South Atlantic,511.478,115947,74906,86,368.25
1994,37159,NC,Rowan County,suburban,South,South Atlantic,511.478,118552,76583,104,411.375
1995,37159,NC,Rowan County,suburban,South,South Atlantic,511.478,120783,78182,115,454.5
1996,37159,NC,Rowan County,suburban,South,South Atlantic,511.478,123519,80208,141,497.625
1997,37159,NC,Rowan County,SUBURBAN,South,South Atlantic,511.478,125871,81948,155,540.75
1998,37159,NC,Rowan County,suburban,South,South Atlantic,511.478,127599,83293,174,583.875
1999,37159,NC,Rowan County,suburban,South,South Atlantic,511.478,129436,84529,193,627
2000,37159,NC,Rowan County,Suburban,South,South Atlantic,511.478,130610,85396,194.3333,631
2001,37159,NC,Rowan County,suburban,South,South Atlantic,511.478,131852,86379,195.6667,683
2002,37159,NC,Rowan County, suburban,South,South Atlantic,511.478,132765,87328,197,673
2003,37159,NC,Rowan County,suburban,South,South Atlantic,511.478,132562,87399,198.3333,715
2004,37159,NC,Rowan County,suburban,South,South Atlantic,511.478,132202,87517,199.6667,658
2005,37159,NC,Rowan County,suburban,South,South Atlantic,511.478,132527,88038,201,692
2006,37159,NC,Rowan County,suburban,South,South Atlantic,511.478,134045,89076,210,729
2007,37159,NC,Rowan County,Suburban,South,South Atlantic,511.478,135626,89845,266,676
2008,37159,NC,Rowan County,suburban,South,South Atlantic,511.478,137721,91110,278,816
2009,37159,NC,Rowan County,suburban,South,South Atlantic,511.478,138562,91397,245,835
2010,37159,NC,Rowan County,suburban,South,South Atlantic,511.478,138518,91212,266,901
2011,37159,NC,Rowan County,suburban,South,South Atlantic,511.478,138354,91151,271,862
2012,37159,NC,Rowan County,suburban,South,South Atlantic,511.478,137851,90885,270,792
2013,37159,NC,Rowan County,suburban,South,South Atlantic,511.478,137580,90116,334,779
2014,37159,NC,Rowan County,suburban,South,South Atlantic,511.478,137782,89920,284,747
2015,37159,NC,Rowan County,suburban,South,South Atlantic,511.478,138168,89980,284,714
2016,37159,NC,Rowan County,suburban,South,South Atlantic,511.478,138576,89805,,
1970,37161,NC,Rutherford County,rural,South,South Atlantic,565.442,47676,29659,32,
1971,37161,NC,Rutherford County,rural,South,South Atlantic,565.442,49064,30558,29.75,
1971,37161,NC,Rutherford County,rural,South,South Atlantic,565.442,49064,30558,29.75,
1972,37161,NC,Rutherford County,rural,South,South Atlantic,565.442,49892,31161,27.5,
1973,37161,NC,Rutherford County,rural,South,South Atlantic,565.442,49981,31251,25.25,
1974,37161,NC,Rutherford County,rural  ,South,South Atlantic,565.442,50479,31612,23,
1975,37161,NC,Rutherford County,rural,South,South Atlantic,565.442,50992,31965,20.75,
1976,37161,NC,Rutherford County,rural,South,South Atlantic,565.442,51619,32511,18.5,
1977,37161,NC,Rutherford County,rural,South,South Atlantic,565.442,52095,32911,16.25,
1978,37161,NC,Rutherford County,rural,South,South Atlantic,565.442,52651,33352,14,
1979,37161,NC,Rutherford County,rural,South,South Atlantic,565.442,53202,33783,14.2,
1980,37161,NC,Rutherford County,rural,South,South Atlantic,565.442,53963,34293,515,
1980,37161,,,,,,,,,14.4,
1981,37161,NC,Rutherford County,rural,South,South Atlantic,565.442,54520,34755,14.6,
1982,37161,NC,Rutherford County,rural,South,South Atlantic,565.442,55278,35303,14.8,
1983,37161,NC,Rutherford County,rural,South,South Atlantic,565.442,54954,35150,15,171
1983,37161,NC,Rutherford County,rural,South,South Atlantic,565.442,54954,35150,15,171
1984,37161,NC,Rutherford County,rural,South,South Atlantic,565.442,55815,35868,25,171
1985,37161,NC,Rutherford County,rural,South,South Atlantic,565.442,56155,36209,35,154
1985,37161,NC,Rutherford County,rural,South,South Atlantic,565.442,56155,36209,35,154
1986,37161,NC,Rutherford County,rural,South,South Atlantic,565.442,55847,36073,30,174
1987,37161,NC,Rutherford County,rural,South,South Atlantic,565.442,55933,36158,35,169.4
1988,37161,NC,Rutherford County, rural,South,South Atlantic,565.442,56279,36335,46,164.8
1989,37161,NC,Rutherford County,rural,South,South Atlantic,565.442,56496,36395,49.8,160.2
1990,37161,NC,Rutherford County, rural,South,South Atlantic,565.442,57196,36743,53.6,155.6
1991,37161,NC,Rutherford County,rural,South,South Atlantic,565.442,57843,37119,57.4,151
1992,37161,NC,Rutherford County,rural,South,South Atlantic,565.442,58321,37349,61.2,164
1993,37161,NC,Rutherford County,rural,South,South Atlantic,565.442,58906,37730,65,177
1994,37161,NC,Rutherford County,rural,South,South Atlantic,565.442,59430,38056,80,190
1995,37161,NC,Rutherford County,rural,South,South Atlantic,565.442,60103,38444,74,203
1996,37161,NC,Rutherford County,rural,South,South Atlantic,565.442,60409,38669,64,216
1997,37161,NC,Rutherford County,rural,South,South Atlantic,565.442,61094,39074,74,229
1998,37161,NC,Rutherford County,rural,South,South Atlantic,565.442,61874,39638,95,242
1999,37161,NC,Rutherford County,  RURAL ,South,South Atlantic,565.442,62511,40076,163,255
1999,37161,NC,Rutherford County,  RURAL ,South,South Atlantic,565.442,62511,40076,163,255
2000,37161,NC,Rutherford County,rural,South,South Atlantic,565.442,63064,40444,100,257
2001,37161,NC,Rutherford County,rural,South,South Atlantic,565.442,63671,40723,144,232
2002,37161,NC,Rutherford County,rural,South,South Atlantic,565.442,63924,41019,140,264
2002,37161,NC,Rutherford County,rural,South,South Atlantic,565.442,63924,41019,140,264
2003,37161,NC,Rutherford County,rural,South,South Atlantic,565.442,64475,41479,135,237
2003,37161,NC,Rutherford County,rural,South,South Atlantic,565.442,64475,41479,135,237
2004,37161,NC,Rutherford County,RURAL,South,South Atlantic,565.442,64692,41656,110,252
2005,37161,NC,Rutherford County,rural,South,South Atlantic,565.442,65126,42004,187,257
2006,37161,NC,Rutherford County,rural,South,South Atlantic,565.442,65855,42477,690,323
2006,37161,,,,,,,,,189,
2007,37161,NC,Rutherford County,rural,South,South Atlantic,565.442,66305,42682,191,312
2008,37161,NC,Rutherford County,rural,South,South Atlantic,565.442,67145,43168,193,347
2009,37161,NC,Rutherford County,rural,South,South Atlantic,565.442,67561,43393,195,328
2010,37161,NC,Rutherford County,rural,South,South Atlantic,565.442,67816,43638,197,304
2011,37161,NC,Rutherford County,rural,South,South Atlantic,565.442,67734,43604,199,262
2012,37161,NC,Rutherford County,rural,South,South Atlantic,565.442,67414,43372,201,283
2012,37161,NC,Rutherford County,rural,South,South Atlantic,565.442,67414,43372,201,283
2013,37161,NC,Rutherford County,RURAL,South,South Atlantic,565.442,67215,42826,203,291
2014,37161,NC,Rutherford County,rural,South,South Atlantic,565.442,66830,42338,203,282
2015,37161,NC,Rutherford County,Rural,South,South Atlantic,565.442,66557,41835,203,290
2016,37161,NC,Rutherford County,rural,South,South Atlantic,565.442,66373,41658,,
1970,37163,NC,Sampson County,rural,South,South Atlantic,945.702,45269,28082,19,
1971,37163,NC,Sampson County,rural,South,South Atlantic,945.702,46509,29001,20.5,
1972,37163,NC,Sampson County, rural,South,South Atlantic,945.702,47094,29549,22,
1972,37163,NC,Sampson County, rural,South,South Atlantic,945.702,47094,29549,22,
1973,37163,NC,Sampson County,RURAL,South,South Atlantic,945.702,46683,29419,23.5,
1973,37163,NC,Sampson County,RURAL,South,South Atlantic,945.702,46683,29419,23.5,
1974,37163,NC,Sampson County,  RURAL ,South,South Atlantic,945.702,47067,29775,25,
1975,37163,NC,Sampson County,rural,South,South Atlantic,945.702,48009,30513,26.5,
1975,37163,NC,Sampson County,rural,South,South Atlantic,945.702,48009,30513,26.5,
1976,37163,NC,Sampson County,rural,South,South Atlantic,945.702,47850,30498,28,
1977,37163,NC,Sampson County,rural,South,South Atlantic,945.702,48301,30863,29.5,
1978,37163,NC,Sampson County,rural,South,South Atlantic,945.702,48463,30964,31,
1979,37163,NC,Sampson County,  RURAL ,South,South Atlantic,945.702,48981,31338,31.4,
1980,37163,NC,Sampson County,rural,South,South Atlantic,945.702,49618,31779,31.8,
1981,37163,NC,Sampson County,rural,South,South Atlantic,945.702,49403,31705,32.2,
1982,37163,NC,Sampson County,rural,South,South Atlantic,945.702,49178,31580,32.6,
1983,37163,NC,Sampson County,rural,South,South Atlantic,945.702,48828,31364,33,177
1984,37163,NC,Sampson County,rural,South,South Atlantic,945.702,48837,31483,35.5,185
1985,37163,NC,Sampson County,rural,South,South Atlantic,945.702,48452,31304,38,202
1986,37163,NC,Sampson County, rural,South,South Atlantic,945.702,48006,31048,47,196
1987,37163,NC,Sampson County,  RURAL ,South,South Atlantic,945.702,48006,31054,35,184
1988,37163,NC,Sampson County,rural,South,South Atlantic,945.702,47880,30894,50,172
1989,37163,NC,Sampson County,rural,South,South Atlantic,945.702,47533,30569,51,160
1990,37163,NC,Sampson County,rural,South,South Atlantic,945.702,47499,30461,52,148
1991,37163,NC,Sampson County,rural,South,South Atlantic,945.702,48574,31269,53,136
1992,37163,NC,Sampson County,rural,South,South Atlantic,945.702,50030,32201,54,150
1992,37163,NC,Sampson County,rural,South,South Atlantic,945.702,50030,32201,54,150
1993,37163,NC,Sampson County,rural,South,South Atlantic,945.702,51375,33064,55,164
1994,37163,NC,Sampson County,rural,South,South Atlantic,945.702,52708,34016,58.16667,178
1995,37163,NC,Sampson County,rural,South,South Atlantic,945.702,53752,34786,61.33333,192
1996,37163,NC,Sampson County,rural,South,South Atlantic,945.702,54862,35492,64.5,206
1997,37163,NC,Sampson County,rural,South,South Atlantic,945.702,56600,36765,67.66666,220
1998,37163,NC,Sampson County,rural,South,South Atlantic,945.702,58013,37906,70.83334,234
1999,37163,NC,Sampson County,rural,South,South Atlantic,945.702,59325,38846,74,248
2000,37163,NC,Sampson County,rural,South,South Atlantic,945.702,60242,39488,76.5,269
2000,37163,NC,Sampson County,rural,South,South Atlantic,945.702,60242,39488,76.5,269
2001,37163,NC,Sampson County,rural,South,South Atlantic,945.702,60526,39621,79,255
2002,37163,NC,Sampson County,rural,South,South Atlantic,945.702,60732,39701,81.5,257
2003,37163,NC,Sampson County,rural,South,South Atlantic,945.702,61144,39982,84,277
2004,37163,NC,Sampson County,rural,South,South Atlantic,945.702,61376,40054,86.5,232
2005,37163,NC,Sampson County,  RURAL ,South,South Atlantic,945.702,61720,40377,89,250
2006,37163,NC,Sampson County,rural,South,South Atlantic,945.702,62118,40623,104.625,283
2007,37163,NC,Sampson County,rural  ,South,South Atlantic,945.702,62539,40705,120.25,268
2008,37163,NC,Sampson County,rural,South,South Atlantic,945.702,62837,40754,135.875,270
2009,37163,NC,Sampson County,RURAL,South,South Atlantic,945.702,63127,40742,151.5,330
2010,37163,NC,Sampson County,rural,South,South Atlantic,945.702,63469,40907,167.125,362
2011,37163,NC,Sampson County,rural,South,South Atlantic,945.702,63532,40941,182.75,398
2012,37163,NC,Sampson County,RURAL,South,South Atlantic,945.702,63552,41010,198.375,372
2013,37163,NC,Sampson County,rural,South,South Atlantic,945.702,63763,40842,214,362
2013,37163,NC,Sampson County,rural,South,South Atlantic,945.702,63763,40842,214,362
2014,37163,NC,Sampson County,rural,South,South Atlantic,945.702,63964,40711,214,388
2015,37163,NC,Sampson County,rural,South,South Atlantic,945.702,63889,40472,214,374
2016,37163,NC,Sampson County, rural,South,South Atlantic,945.702,63673,40188,,
1970,37165,NC,Scotland County,rural,South,South Atlantic,319.135,27027,16769,26,
1971,37165,NC,Scotland County,rural,South,South Atlantic,319.135,27484,17111,24.75,
1972,37165,NC,Scotland County,rural,South,South Atlantic,319.135,28440,17827,23.5,
1973,37165,NC,Scotland County,rural,South,South Atlantic,319.135,29069,18337,22.25,
1974,37165,NC,Scotland County,rural,South,South Atlantic,319.135,29531,18686,21,
1975,37165,NC,Scotland County,  RURAL ,South,South Atlantic,319.135,30126,19106,19.75,
1976,37165,NC,Scotland County,rural,South,South Atlantic,319.135,30232,19230,18.5,
1977,37165,NC,Scotland County,rural,South,South Atlantic,319.135,30893,19694,17.25,
1978,37165,NC,Scotland County,rural,South,South Atlantic,319.135,31723,20269,16,
1979,37165,NC,Scotland County,rural,South,South Atlantic,319.135,32054,20474,19.2,
1980,37165,NC,Scotland County, rural,South,South Atlantic,319.135,32301,20642,22.4,
1981,37165,NC,Scotland County,rural,South,South Atlantic,319.135,32555,20878,25.6,
1982,37165,NC,Scotland County,rural,South,South Atlantic,319.135,32840,21104,28.8,
1983,37165,NC,Scotland County,rural,South,South Atlantic,319.135,32960,21215,32,186
1984,37165,NC,Scotland County,rural,South,South Atlantic,319.135,33238,21489,36.6,183
1985,37165,NC,Scotland County,rural,South,South Atlantic,319.135,33004,21398,41.2,175
1986,37165,NC,Scotland County,rural,South,South Atlantic,319.135,32983,21439,45.8,205
1987,37165,NC,Scotland County,rural,South,South Atlantic,319.135,33434,21762,50.4,195.8
1988,37165,NC,Scotland County,rural,South,South Atlantic,319.135,33688,21894,55,186.6
1989,37165,NC,Scotland County,rural,South,South Atlantic,319.135,33561,21762,58.4,177.4
1990,37165,NC,Scotland County,rural,South,South Atlantic,319.135,33865,21937,61.8,168.2
1991,37165,NC,Scotland County,rural,South,South Atlantic,319.135,34030,22072,65.2,159
1992,37165,NC,Scotland County,RURAL,South,South Atlantic,319.135,34220,22183,68.6,169.5
1993,37165,NC,Scotland County,rural,South,South Atlantic,319.135,34629,22407,72,180
1994,37165,NC,Scotland County,rural,South,South Atlantic,319.135,34735,22477,74,190.5
1995,37165,NC,Scotland County,Rural,South,South Atlantic,319.135,35021,22766,76,201
1996,37165,NC,Scotland County,rural,South,South Atlantic,319.135,35434,23047,78,211.5
1997,37165,NC,Scotland County,Rural,South,South Atlantic,319.135,35501,23097,80,222
1998,37165,NC,Scotland County,rural,South,South Atlantic,319.135,35675,23331,82,232.5
1999,37165,NC,Scotland County,rural,South,South Atlantic,319.135,35926,23497,84,243
2000,37165,NC,Scotland County,rural,South,South Atlantic,319.135,35944,23523,87.5,255
2000,37165,NC,Scotland County,rural,South,South Atlantic,319.135,35944,23523,87.5,255
2001,37165,NC,Scotland County,rural,South,South Atlantic,319.135,35851,23482,91,229
2002,37165,NC,Scotland County,rural,South,South Atlantic,319.135,35450,23295,94.5,254
2003,37165,NC,Scotland County,rural,South,South Atlantic,319.135,35442,23313,98,288
2003,37165,NC,Scotland County,rural,South,South Atlantic,319.135,35442,23313,98,288
2004,37165,NC,Scotland County,rural,South,South Atlantic,319.135,36446,24162,101.5,339
2005,37165,NC,Scotland County,rural,South,South Atlantic,319.135,36405,24243,105,352
2006,37165,NC,Scotland County,rural,South,South Atlantic,319.135,36348,24087,117,333
2007,37165,NC,Scotland County,RURAL,South,South Atlantic,319.135,36399,24127,105,314
2008,37165,NC,Scotland County,rural,South,South Atlantic,319.135,36463,24122,139,274
2009,37165,NC,Scotland County,rural,South,South Atlantic,319.135,36313,23941,109,270
2010,37165,NC,Scotland County,rural,South,South Atlantic,319.135,36157,23843,140,235
2011,37165,NC,Scotland County,rural,South,South Atlantic,319.135,36059,23781,128.5,247
2012,37165,NC,Scotland County,rural,South,South Atlantic,319.135,36276,23970,117,267
2012,37165,NC,Scotland County,rural,South,South Atlantic,319.135,36276,23970,117,267
2013,37165,NC,Scotland County,Rural,South,South Atlantic,319.135,36091,23697,109,248
2014,37165,NC,Scotland County,rural,South,South Atlantic,319.135,35907,23451,105,226
2015,37165,NC,Scotland County,rural,South,South Atlantic,319.135,35658,23130,105,206
2016,37165,NC,Scotland County,rural,South,South Atlantic,319.135,35319,22765,,
1970,37167,NC,Stanly County, rural,South,South Atlantic,395.126,43073,27912,10,
1970,37167,NC,Stanly County, rural,South,South Atlantic,395.126,43073,27912,10,
1971,37167,NC,Stanly County,rural,South,South Atlantic,395.126,44073,28561,11.375,
1972,37167,NC,Stanly County,rural,South,South Atlantic,395.126,44827,29121,12.75,
1973,37167,NC,Stanly County,rural,South,South Atlantic,395.126,45394,29552,14.125,
1973,37167,NC,Stanly County,rural,South,South Atlantic,395.126,45394,29552,14.125,
1974,37167,NC,Stanly County,rural,South,South Atlantic,395.126,45488,29608,529,
1974,37167,,,,,,,,,15.5,
1975,37167,NC,Stanly County,rural,South,South Atlantic,395.126,45681,29718,16.875,
1976,37167,NC,Stanly County,rural,South,South Atlantic,395.126,46004,30049,18.25,
1977,37167,NC,Stanly County,rural,South,South Atlantic,395.126,46486,30432,19.625,
1978,37167,NC,Stanly County,rural,South,South Atlantic,395.126,47018,30855,21,
1979,37167,NC,Stanly County,rural,South,South Atlantic,395.126,47611,31325,19.4,
1980,37167,NC,Stanly County,rural,South,South Atlantic,395.126,48553,31973,17.8,
1981,37167,NC,Stanly County,rural,South,South Atlantic,395.126,48558,31986,16.2,
1982,37167,NC,Stanly County,rural,South,South Atlantic,395.126,48759,32096,14.6,
1983,37167,NC,Stanly County,rural,South,South Atlantic,395.126,48977,32204,13,151
1984,37167,NC,Stanly County,rural,South,South Atlantic,395.126,49745,32772,14.2,137
1985,37167,NC,Stanly County,rural,South,South Atlantic,395.126,50189,33090,15.4,128
1986,37167,NC,Stanly County,RURAL,South,South Atlantic,395.126,50230,33087,16.6,138
1987,37167,NC,Stanly County,rural,South,South Atlantic,395.126,50548,33244,17.8,131.6
1988,37167,NC,Stanly County,  RURAL ,South,South Atlantic,395.126,51010,33410,19,125.2
1989,37167,NC,Stanly County,rural,South,South Atlantic,395.126,51613,33649,22.8,118.8
1990,37167,NC,Stanly County,rural,South,South Atlantic,395.126,51906,33669,26.6,112.4
1991,37167,NC,Stanly County,rural,South,South Atlantic,395.126,52646,34213,30.4,106
1991,37167,NC,Stanly County,rural,South,South Atlantic,395.126,52646,34213,30.4,106
1992,37167,NC,Stanly County,rural,South,South Atlantic,395.126,53092,34381,34.2,114.5
1993,37167,NC,Stanly County,rural,South,South Atlantic,395.126,53585,34632,38,123
1994,37167,NC,Stanly County,rural,South,South Atlantic,395.126,54376,35083,42,131.5
1995,37167,NC,Stanly County,rural,South,South Atlantic,395.126,54799,35431,46,140
1996,37167,NC,Stanly County,rural,South,South Atlantic,395.126,55455,35914,50,148.5
1997,37167,NC,Stanly County,rural,South,South Atlantic,395.126,56412,36649,54,157
1997,37167,NC,Stanly County,rural,South,South Atlantic,395.126,56412,36649,54,157
1998,37167,NC,Stanly County,rural,South,South Atlantic,395.126,56918,37035,58,165.5
1999,37167,NC,Stanly County,RURAL,South,South Atlantic,395.126,57791,37606,62,174
2000,37167,NC,Stanly County,rural,South,South Atlantic,395.126,58246,37824,64.16666,164
2001,37167,NC,Stanly County,rural,South,South Atlantic,395.126,58674,38205,66.33334,165
2002,37167,NC,Stanly County, rural,South,South Atlantic,395.126,58689,38400,68.5,171
2003,37167,NC,Stanly County,rural,South,South Atlantic,395.126,58748,38437,70.66666,171
2004,37167,NC,Stanly County,rural,South,South Atlantic,395.126,58638,38637,72.83334,182
2005,37167,NC,Stanly County,rural,South,South Atlantic,395.126,58931,38956,75,190
2006,37167,NC,Stanly County,rural,South,South Atlantic,395.126,59185,39151,75.375,217
2007,37167,NC,Stanly County,rural  ,South,South Atlantic,395.126,59849,39640,75.75,236
2008,37167,NC,Stanly County,rural,South,South Atlantic,395.126,60418,39859,76.125,245
2009,37167,NC,Stanly County,rural,South,South Atlantic,395.126,60496,39865,76.5,252
2010,37167,NC,Stanly County,rural,South,South Atlantic,395.126,60586,39827,76.875,242
2011,37167,NC,Stanly County,rural,South,South Atlantic,395.126,60577,39824,77.25,252
2012,37167,NC,Stanly County,rural,South,South Atlantic,395.126,60533,39715,77.625,215
2013,37167,NC,Stanly County,rural,South,South Atlantic,395.126,60479,39433,78,202
2014,37167,NC,Stanly County,rural,South,South Atlantic,395.126,60667,39317,78,189
2014,37167,NC,Stanly County,rural,South,South Atlantic,395.126,60667,39317,78,189
2015,37167,NC,Stanly County, rural,South,South Atlantic,395.126,60659,39031,78,201
2016,37167,NC,Stanly County,rural  ,South,South Atlantic,395.126,60685,38919,,
1970,37169,NC,Stokes County,SMALL/MID,South,South Atlantic,449.013,24026,14936,5,
1971,37169,NC,Stokes County,small/mid,South,South Atlantic,449.013,25026,15600,5.75,
1972,37169,NC,Stokes County,small/mid,South,South Atlantic,449.013,26273,16476,6.5,
1973,37169,NC,Stokes County,small/mid,South,South Atlantic,449.013,27206,17158,7.25,
1974,37169,NC,Stokes County,small/mid,South,South Atlantic,449.013,28325,17967,8,
1975,37169,NC,Stokes County,small/mid,South,South Atlantic,449.013,29341,18694,8.75,
1976,37169,NC,Stokes County,small/mid,South,South Atlantic,449.013,29794,19130,9.5,
1977,37169,NC,Stokes County,small/mid  ,South,South Atlantic,449.013,30349,19598,10.25,
1978,37169,NC,Stokes County,small/mid,South,South Atlantic,449.013,31150,20230,11,
1979,37169,NC,Stokes County,small/mid,South,South Atlantic,449.013,32161,20965,11,
1980,37169,NC,Stokes County,small/mid,South,South Atlantic,449.013,33228,21788,11,
1981,37169,NC,Stokes County,Small/mid,South,South Atlantic,449.013,33690,22247,11,
1982,37169,NC,Stokes County,small/mid,South,South Atlantic,449.013,34256,22753,11,
1983,37169,NC,Stokes County,small/mid,South,South Atlantic,449.013,34371,22947,11,99
1984,37169,NC,Stokes County,Small/mid,South,South Atlantic,449.013,34943,23522,12.2,89
1985,37169,NC,Stokes County,small/mid,South,South Atlantic,449.013,35371,23971,13.4,115
1986,37169,NC,Stokes County,SMALL/MID,South,South Atlantic,449.013,35613,24255,14.6,124
1987,37169,NC,Stokes County,small/mid,South,South Atlantic,449.013,36181,24749,15.8,114.4
1988,37169,NC,Stokes County,small/mid,South,South Atlantic,449.013,36399,24934,17,104.8
1989,37169,NC,Stokes County,small/mid,South,South Atlantic,449.013,36807,25243,20.2,95.2
1990,37169,NC,Stokes County,small/mid,South,South Atlantic,449.013,37396,25627,23.4,85.6
1991,37169,NC,Stokes County,small/mid,South,South Atlantic,449.013,37806,25914,26.6,76
1992,37169,NC,Stokes County,small/mid,South,South Atlantic,449.013,38732,26430,29.8,81.625
1993,37169,NC,Stokes County, small/mid,South,South Atlantic,449.013,39050,26580,33,87.25
1994,37169,NC,Stokes County,small/mid,South,South Atlantic,449.013,40207,27225,34.16667,92.875
1994,37169,NC,Stokes County,small/mid,South,South Atlantic,449.013,40207,27225,34.16667,92.875
1995,37169,NC,Stokes County,small/mid,South,South Atlantic,449.013,41171,27885,35.33333,98.5
1996,37169,NC,Stokes County,small/mid,South,South Atlantic,449.013,42142,28540,36.5,104.125
1997,37169,NC,Stokes County,small/mid,South,South Atlantic,449.013,42906,29046,37.66667,109.75
1998,37169,NC,Stokes County,small/mid,South,South Atlantic,449.013,43588,29548,38.83333,115.375
1999,37169,NC,Stokes County,small/mid,South,South Atlantic,449.013,44255,29971,40,121
2000,37169,NC,Stokes County,small/mid,South,South Atlantic,449.013,44779,30268,39,128
2001,37169,NC,Stokes County,small/mid,South,South Atlantic,449.013,44974,30381,60,134
2001,37169,NC,Stokes County,small/mid,South,South Atlantic,449.013,44974,30381,60,134
2002,37169,NC,Stokes County,SMALL/MID,South,South Atlantic,449.013,45079,30338,56,130
2003,37169,NC,Stokes County,small/mid,South,South Atlantic,449.013,45331,30466,58,150
2004,37169,NC,Stokes County,small/mid,South,South Atlantic,449.013,45772,30553,56,154
2005,37169,NC,Stokes County,Small/mid,South,South Atlantic,449.013,46165,30846,58,177
2006,37169,NC,Stokes County,small/mid,South,South Atlantic,449.013,46755,31173,58,183
2007,37169,NC,Stokes County,  SMALL/MID ,South,South Atlantic,449.013,47079,31325,58,182
2008,37169,NC,Stokes County,small/mid,South,South Atlantic,449.013,47363,31356,58,178
2009,37169,NC,Stokes County,small/mid,South,South Atlantic,449.013,47422,31335,58,186
2010,37169,NC,Stokes County,small/mid,South,South Atlantic,449.013,47417,31381,58,190
2011,37169,NC,Stokes County,small/mid,South,South Atlantic,449.013,47349,31342,58,166
2012,37169,NC,Stokes County,small/mid,South,South Atlantic,449.013,47151,31148,58,193
2013,37169,NC,Stokes County,small/mid,South,South Atlantic,449.013,46737,30623,58,184
2014,37169,NC,Stokes County,small/mid,South,South Atlantic,449.013,46526,30367,59,188
2015,37169,NC,Stokes County,small/mid,South,South Atlantic,449.013,46333,30129,60,179
2016,37169,NC,Stokes County,small/mid,South,South Atlantic,449.013,46153,29907,,
1970,37171,NC,Surry County,rural  ,South,South Atlantic,533.762,51632,32693,15,
1971,37171,NC,Surry County,rural,South,South Atlantic,533.762,52535,33270,14.75,
1972,37171,NC,Surry County,rural,South,South Atlantic,533.762,53628,34078,14.5,
1973,37171,NC,Surry County,rural,South,South Atlantic,533.762,54615,34837,14.25,
1974,37171,NC,Surry County,rural,South,South Atlantic,533.762,55046,35184,14,
1975,37171,NC,Surry County,rural,South,South Atlantic,533.762,56111,35965,13.75,
1976,37171,NC,Surry County,rural,South,South Atlantic,533.762,56508,36410,13.5,
1977,37171,NC,Surry County,rural,South,South Atlantic,533.762,57494,37211,13.25,
1978,37171,NC,Surry County,rural,South,South Atlantic,533.762,57882,37603,13,
1978,37171,NC,Surry County,rural,South,South Atlantic,533.762,57882,37603,13,
1979,37171,NC,Surry County,rural,South,South Atlantic,533.762,58467,38083,15.8,
1980,37171,NC,Surry County,rural,South,South Atlantic,533.762,59542,38934,18.6,
1981,37171,NC,Surry County,rural,South,South Atlantic,533.762,59639,39132,21.4,
1982,37171,NC,Surry County,rural,South,South Atlantic,533.762,59898,39389,24.2,
1983,37171,NC,Surry County,rural,South,South Atlantic,533.762,59818,39421,27,227
1984,37171,NC,Surry County,  RURAL ,South,South Atlantic,533.762,60272,39911,33,256
1984,37171,NC,Surry County,  RURAL ,South,South Atlantic,533.762,60272,39911,33,256
1985,37171,NC,Surry County,rural,South,South Atlantic,533.762,60523,40232,39,255
1986,37171,NC,Surry County,rural,South,South Atlantic,533.762,60782,40493,45,278
1987,37171,NC,Surry County,Rural,South,South Atlantic,533.762,61104,40762,51,260
1988,37171,NC,Surry County,rural,South,South Atlantic,533.762,61244,40827,57,242
1989,37171,NC,Surry County,rural,South,South Atlantic,533.762,61391,40864,58.6,224
1990,37171,NC,Surry County,rural,South,South Atlantic,533.762,61969,41158,60.2,206
1991,37171,NC,Surry County,rural,South,South Atlantic,533.762,62872,41671,61.8,188
1992,37171,NC,Surry County,rural,South,South Atlantic,533.762,63752,41967,63.4,194.75
1993,37171,NC,Surry County,rural,South,South Atlantic,533.762,64837,42592,65,201.5
1994,37171,NC,Surry County,rural,South,South Atlantic,533.762,65862,43075,64.83334,208.25
1995,37171,NC,Surry County, rural,South,South Atlantic,533.762,66828,43719,64.66666,215
1996,37171,NC,Surry County,rural,South,South Atlantic,533.762,67582,44159,64.5,221.75
1997,37171,NC,Surry County,rural,South,South Atlantic,533.762,68739,44850,64.33334,228.5
1998,37171,NC,Surry County,rural,South,South Atlantic,533.762,69986,45578,64.16666,235.25
1999,37171,NC,Surry County,RURAL,South,South Atlantic,533.762,70942,46127,64,242
1999,37171,NC,Surry County,RURAL,South,South Atlantic,533.762,70942,46127,64,242
2000,37171,NC,Surry County,rural,South,South Atlantic,533.762,71308,46250,71.83334,244
2000,37171,NC,Surry County,rural,South,South Atlantic,533.762,71308,46250,71.83334,244
2001,37171,NC,Surry County,rural,South,South Atlantic,533.762,71782,46403,79.66666,244
2001,37171,NC,Surry County,rural,South,South Atlantic,533.762,71782,46403,79.66666,244
2002,37171,NC,Surry County,rural,South,South Atlantic,533.762,72152,46606,87.5,241
2003,37171,NC,Surry County,rural,South,South Atlantic,533.762,72404,46711,95.33334,270
2004,37171,NC,Surry County,rural,South,South Atlantic,533.762,72219,46599,103.1667,288
2005,37171,NC,Surry County,rural,South,South Atlantic,533.762,72562,46944,111,307
2006,37171,NC,Surry County,rural,South,South Atlantic,533.762,72807,47121,112.75,300
2007,37171,NC,Surry County,rural,South,South Atlantic,533.762,73027,47143,114.5,297
2008,37171,NC,Surry County,rural  ,South,South Atlantic,533.762,73404,47272,669,261
2008,37171,,,,,,,,,116.25,
2009,37171,NC,Surry County,rural,South,South Atlantic,533.762,73505,47239,118,265
2010,37171,NC,Surry County,  RURAL ,South,South Atlantic,533.762,73748,47374,119.75,289
2011,37171,NC,Surry County,  RURAL ,South,South Atlantic,533.762,73777,47380,121.5,296
2012,37171,NC,Surry County,rural,South,South Atlantic,533.762,73537,47161,123.25,269
2013,37171,NC,Surry County,rural,South,South Atlantic,533.762,73346,46659,125,283
2014,37171,NC,Surry County,rural,South,South Atlantic,533.762,72718,46104,125,262
2015,37171,NC,Surry County,rural,South,South Atlantic,533.762,72557,45911,125,250
2016,37171,NC,Surry County,Rural,South,South Atlantic,533.762,72029,45483,,
1970,37173,NC,Swain County,  RURAL ,South,South Atlantic,527.729,8891,5408,6,
1971,37173,NC,Swain County,rural  ,South,South Atlantic,527.729,9154,5589,6.125,
1971,37173,NC,Swain County,rural  ,South,South Atlantic,527.729,9154,5589,6.125,
1972,37173,NC,Swain County,rural,South,South Atlantic,527.729,9406,5777,6.25,
1973,37173,NC,Swain County,rural,South,South Atlantic,527.729,9182,5636,6.375,
1973,37173,NC,Swain County,rural,South,South Atlantic,527.729,9182,5636,6.375,
1974,37173,NC,Swain County,RURAL,South,South Atlantic,527.729,9347,5735,6.5,
1974,37173,NC,Swain County,RURAL,South,South Atlantic,527.729,9347,5735,6.5,
1975,37173,NC,Swain County,rural,South,South Atlantic,527.729,9896,6108,6.625,
1976,37173,NC,Swain County,RURAL,South,South Atlantic,527.729,10154,6326,6.75,
1977,37173,NC,Swain County,rural,South,South Atlantic,527.729,10255,6405,6.875,
1978,37173,NC,Swain County,rural,South,South Atlantic,527.729,10326,6474,7,
1979,37173,NC,Swain County,rural,South,South Atlantic,527.729,10346,6472,9.2,
1980,37173,NC,Swain County,rural,South,South Atlantic,527.729,10298,6437,11.4,
1981,37173,NC,Swain County,rural,South,South Atlantic,527.729,10457,6553,13.6,
1982,37173,NC,Swain County,rural,South,South Atlantic,527.729,10632,6683,15.8,
1983,37173,NC,Swain County,rural,South,South Atlantic,527.729,10752,6772,18,10
1984,37173,NC,Swain County,  RURAL ,South,South Atlantic,527.729,10865,6881,22,12
1985,37173,NC,Swain County,rural,South,South Atlantic,527.729,10849,6898,26,17
1986,37173,NC,Swain County,rural,South,South Atlantic,527.729,10956,6991,34,31
1987,37173,NC,Swain County,rural,South,South Atlantic,527.729,10933,6999,26,37.8
1988,37173,NC,Swain County,Rural,South,South Atlantic,527.729,10807,6918,31,44.6
1989,37173,NC,Swain County,rural,South,South Atlantic,527.729,11160,7146,33,51.4
1990,37173,NC,Swain County,rural,South,South Atlantic,527.729,11306,7233,599,58.2
1990,37173,,,,,,,,,33,
1991,37173,NC,Swain County,rural,South,South Atlantic,527.729,11489,7397,52,65
1992,37173,NC,Swain County,rural,South,South Atlantic,527.729,11599,7461,50,60.875
1993,37173,NC,Swain County,rural,South,South Atlantic,527.729,11812,7580,40,56.75
1994,37173,NC,Swain County,rural,South,South Atlantic,527.729,11845,7584,41,52.625
1994,37173,NC,Swain County,rural,South,South Atlantic,527.729,11845,7584,41,52.625
1995,37173,NC,Swain County,rural  ,South,South Atlantic,527.729,12011,7709,42,48.5
1996,37173,NC,Swain County,rural,South,South Atlantic,527.729,12314,7978,43,44.375
1997,37173,NC,Swain County,rural,South,South Atlantic,527.729,12500,8064,44,40.25
1998,37173,NC,Swain County,rural,South,South Atlantic,527.729,12642,8201,45,36.125
1999,37173,NC,Swain County, rural,South,South Atlantic,527.729,12799,8310,46,32
2000,37173,NC,Swain County, rural,South,South Atlantic,527.729,13041,8460,46.66667,26
2001,37173,NC,Swain County,rural,South,South Atlantic,527.729,13030,8432,613,33
2001,37173,,,,,,,,,47.33333,
2002,37173,NC,Swain County,rural,South,South Atlantic,527.729,13120,8447,48,37
2003,37173,NC,Swain County,rural,South,South Atlantic,527.729,13199,8532,48.66667,38
2004,37173,NC,Swain County,rural,South,South Atlantic,527.729,13240,8565,49.33333,38
2005,37173,NC,Swain County,rural,South,South Atlantic,527.729,13463,8703,50,33
2006,37173,NC,Swain County,rural,South,South Atlantic,527.729,13693,8891,56.875,34
2007,37173,NC,Swain County,rural,South,South Atlantic,527.729,13819,8968,63.75,40
2008,37173,NC,Swain County,rural,South,South Atlantic,527.729,13872,8982,70.625,41
2009,37173,NC,Swain County,rural,South,South Atlantic,527.729,13933,8984,77.5,36
2010,37173,NC,Swain County,rural,South,South Atlantic,527.729,13981,8960,84.375,36
2011,37173,NC,Swain County,rural,South,South Atlantic,527.729,14008,8957,91.25,41
2012,37173,NC,Swain County,Rural,South,South Atlantic,527.729,14013,8964,98.125,46
2013,37173,NC,Swain County,rural,South,South Atlantic,527.729,14056,8955,105,51
2014,37173,NC,Swain County,rural,South,South Atlantic,527.729,13981,8880,105,45
2015,37173,NC,Swain County,rural,South,South Atlantic,527.729,14243,8965,105,54
2016,37173,NC,Swain County,rural,South,South Atlantic,527.729,14334,9014,,
1970,37175,NC,Transylvania County,rural,South,South Atlantic,378.421,19768,12629,7,
1971,37175,NC,Transylvania County,rural,South,South Atlantic,378.421,19991,12790,7.384615,
1972,37175,NC,Transylvania County,rural,South,South Atlantic,378.421,20103,12907,7.769231,
1973,37175,NC,Transylvania County,rural,South,South Atlantic,378.421,20612,13319,8.153846,
1974,37175,NC,Transylvania County,rural,South,South Atlantic,378.421,21182,13742,8.538462,
1975,37175,NC,Transylvania County,rural,South,South Atlantic,378.421,21686,14116,8.923077,
1976,37175,NC,Transylvania County,rural,South,South Atlantic,378.421,22019,14422,9.307693,
1977,37175,NC,Transylvania County,rural,South,South Atlantic,378.421,22510,14808,9.692307,
1978,37175,NC,Transylvania County,rural,South,South Atlantic,378.421,22838,15036,10.07692,
1979,37175,NC,Transylvania County,rural,South,South Atlantic,378.421,23192,15282,10.46154,
1979,37175,NC,Transylvania County,rural,South,South Atlantic,378.421,23192,15282,10.46154,
1980,37175,NC,Transylvania County,rural,South,South Atlantic,378.421,23505,15474,10.84615,
1981,37175,NC,Transylvania County,rural,South,South Atlantic,378.421,23766,15620,11.23077,
1982,37175,NC,Transylvania County,rural,South,South Atlantic,378.421,24092,15794,11.61539,
1983,37175,NC,Transylvania County,rural,South,South Atlantic,378.421,24261,15857,12,43
1984,37175,NC,Transylvania County,rural,South,South Atlantic,378.421,24632,16104,13,41
1984,37175,NC,Transylvania County,rural,South,South Atlantic,378.421,24632,16104,13,41
1985,37175,NC,Transylvania County,rural,South,South Atlantic,378.421,24947,16296,14,58
1986,37175,NC,Transylvania County,rural,South,South Atlantic,378.421,25404,16560,15,41
1986,37175,NC,Transylvania County,rural,South,South Atlantic,378.421,25404,16560,15,41
1987,37175,NC,Transylvania County,rural,South,South Atlantic,378.421,25402,16502,16,41.2
1988,37175,NC,Transylvania County,rural,South,South Atlantic,378.421,25514,16492,17,41.4
1989,37175,NC,Transylvania County,rural,South,South Atlantic,378.421,25607,16455,18.8,41.6
1990,37175,NC,Transylvania County,rural,South,South Atlantic,378.421,25547,16295,20.6,41.8
1991,37175,NC,Transylvania County,RURAL,South,South Atlantic,378.421,25768,16408,22.4,42
1992,37175,NC,Transylvania County,rural,South,South Atlantic,378.421,26114,16510,24.2,44.25
1993,37175,NC,Transylvania County,rural,South,South Atlantic,378.421,26681,16779,26,46.5
1994,37175,NC,Transylvania County,rural,South,South Atlantic,378.421,27101,16934,26.66667,48.75
1995,37175,NC,Transylvania County,rural,South,South Atlantic,378.421,27304,16962,27.33333,51
1996,37175,NC,Transylvania County,rural,South,South Atlantic,378.421,27820,17252,28,53.25
1997,37175,NC,Transylvania County,rural,South,South Atlantic,378.421,28225,17527,28.66667,55.5
1998,37175,NC,Transylvania County,rural,South,South Atlantic,378.421,28853,17968,29.33333,57.75
1999,37175,NC,Transylvania County,rural,South,South Atlantic,378.421,29160,18164,30,60
2000,37175,NC,Transylvania County,rural,South,South Atlantic,378.421,29416,18316,31.66667,66
2001,37175,NC,Transylvania County,rural,South,South Atlantic,378.421,29619,18452,33.33333,64
2002,37175,NC,Transylvania County,rural,South,South Atlantic,378.421,30009,18710,35,56
2003,37175,NC,Transylvania County,rural,South,South Atlantic,378.421,30073,18656,36.66667,62
2004,37175,NC,Transylvania County,rural,South,South Atlantic,378.421,30417,18796,38.33333,62
2005,37175,NC,Transylvania County,rural,South,South Atlantic,378.421,30910,19082,40,53
2006,37175,NC,Transylvania County, rural,South,South Atlantic,378.421,31469,19260,43.625,67
2006,37175,NC,Transylvania County, rural,South,South Atlantic,378.421,31469,19260,43.625,67
2007,37175,NC,Transylvania County,rural,South,South Atlantic,378.421,32061,19529,47.25,86
2008,37175,NC,Transylvania County,rural,South,South Atlantic,378.421,32543,19690,50.875,87
2009,37175,NC,Transylvania County,rural,South,South Atlantic,378.421,32852,19742,54.5,74
2010,37175,NC,Transylvania County,rural,South,South Atlantic,378.421,33087,19789,58.125,68
2011,37175,NC,Transylvania County,rural,South,South Atlantic,378.421,33083,19773,61.75,72
2012,37175,NC,Transylvania County,rural,South,South Atlantic,378.421,32819,19520,65.375,78
2013,37175,NC,Transylvania County,rural,South,South Atlantic,378.421,32852,19243,69,84
2014,37175,NC,Transylvania County,rural,South,South Atlantic,378.421,32853,19187,69,76
2014,37175,NC,Transylvania County,rural,South,South Atlantic,378.421,32853,19187,69,76
2015,37175,NC,Transylvania County,Rural,South,South Atlantic,378.421,32979,19168,69,70
2016,37175,NC,Transylvania County,rural,South,South Atlantic,378.421,33198,19191,,
1970,37177,NC,Tyrrell County, rural,South,South Atlantic,390.778,3812,2213,0,
1970,37177,NC,Tyrrell County, rural,South,South Atlantic,390.778,3812,2213,0,
1971,37177,NC,Tyrrell County,rural,South,South Atlantic,390.778,3878,2290,0,
1971,37177,NC,Tyrrell County,rural,South,South Atlantic,390.778,3878,2290,0,
1972,37177,NC,Tyrrell County,rural,South,South Atlantic,390.778,3864,2311,0,
1973,37177,NC,Tyrrell County,Rural,South,South Atlantic,390.778,3741,2264,0,
1974,37177,NC,Tyrrell County,rural,South,South Atlantic,390.778,3766,2299,0,
1975,37177,NC,Tyrrell County,rural,South,South Atlantic,390.778,3935,2432,0,
1976,37177,NC,Tyrrell County,rural  ,South,South Atlantic,390.778,3932,2436,0,
1977,37177,NC,Tyrrell County,rural,South,South Atlantic,390.778,3917,2415,0,
1978,37177,NC,Tyrrell County,rural,South,South Atlantic,390.778,4014,2473,1,
1979,37177,NC,Tyrrell County,rural,South,South Atlantic,390.778,3999,2470,1.2,
1980,37177,NC,Tyrrell County,rural,South,South Atlantic,390.778,3980,2457,1.4,
1981,37177,NC,Tyrrell County,rural,South,South Atlantic,390.778,4010,2469,1.6,
1981,37177,NC,Tyrrell County,rural,South,South Atlantic,390.778,4010,2469,1.6,
1982,37177,NC,Tyrrell County,rural,South,South Atlantic,390.778,4058,2486,1.8,
1983,37177,NC,Tyrrell County,rural,South,South Atlantic,390.778,3991,2439,2,16
1983,37177,NC,Tyrrell County,rural,South,South Atlantic,390.778,3991,2439,2,16
1984,37177,NC,Tyrrell County,rural,South,South Atlantic,390.778,4008,2449,2.2,20
1985,37177,NC,Tyrrell County,rural,South,South Atlantic,390.778,4017,2446,2.4,15
1986,37177,NC,Tyrrell County,rural,South,South Atlantic,390.778,3951,2397,2.6,8
1987,37177,NC,Tyrrell County,rural,South,South Atlantic,390.778,3966,2394,2.8,9.8
1987,37177,NC,Tyrrell County,rural,South,South Atlantic,390.778,3966,2394,2.8,9.8
1988,37177,NC,Tyrrell County, rural,South,South Atlantic,390.778,3912,2338,3,11.6
1989,37177,NC,Tyrrell County,rural,South,South Atlantic,390.778,3907,2323,3.2,13.4
1990,37177,NC,Tyrrell County,rural,South,South Atlantic,390.778,3856,2281,3.4,15.2
1991,37177,NC,Tyrrell County,rural,South,South Atlantic,390.778,3791,2235,3.6,17
1992,37177,NC,Tyrrell County,rural,South,South Atlantic,390.778,3852,2289,3.8,16.375
1993,37177,NC,Tyrrell County,rural,South,South Atlantic,390.778,3921,2352,4,15.75
1994,37177,NC,Tyrrell County,rural,South,South Atlantic,390.778,3878,2343,4,15.125
1995,37177,NC,Tyrrell County,rural,South,South Atlantic,390.778,3851,2337,4,14.5
1996,37177,NC,Tyrrell County,rural,South,South Atlantic,390.778,3820,2335,4,13.875
1997,37177,NC,Tyrrell County,rural,South,South Atlantic,390.778,3775,2321,4,13.25
1998,37177,NC,Tyrrell County,rural,South,South Atlantic,390.778,4033,2600,4,12.625
1999,37177,NC,Tyrrell County,rural,South,South Atlantic,390.778,4150,2732,4,12
2000,37177,NC,Tyrrell County,rural,South,South Atlantic,390.778,4126,2708,4.333333,12
2001,37177,NC,Tyrrell County,rural,South,South Atlantic,390.778,4166,2762,4.666667,12
2002,37177,NC,Tyrrell County,rural,South,South Atlantic,390.778,4235,2843,5,13
2003,37177,NC,Tyrrell County,rural,South,South Atlantic,390.778,4344,2937,5.333333,15
2004,37177,NC,Tyrrell County,rural,South,South Atlantic,390.778,4289,2924,5.666667,21
2005,37177,NC,Tyrrell County,rural,South,South Atlantic,390.778,4280,2914,6,26
2006,37177,NC,Tyrrell County,rural,South,South Atlantic,390.778,4339,2960,6,34
2007,37177,NC,Tyrrell County,rural,South,South Atlantic,390.778,4402,3019,6,31
2008,37177,NC,Tyrrell County,rural,South,South Atlantic,390.778,4353,3000,6,27
2009,37177,NC,Tyrrell County,rural,South,South Atlantic,390.778,4358,2959,6,18
2010,37177,NC,Tyrrell County,rural,South,South Atlantic,390.778,4407,3005,6,16
2011,37177,NC,Tyrrell County,rural,South,South Atlantic,390.778,4415,3004,6,15
2012,37177,NC,Tyrrell County,rural,South,South Atlantic,390.778,4336,2937,6,11
2013,37177,NC,Tyrrell County,rural,South,South Atlantic,390.778,4120,2710,6,7
2014,37177,NC,Tyrrell County,rural,South,South Atlantic,390.778,4102,2670,6,11
2015,37177,NC,Tyrrell County,RURAL,South,South Atlantic,390.778,4120,2673,585,13
2015,37177,,,,,,,,,6,
2016,37177,NC,Tyrrell County,rural,South,South Atlantic,390.778,4138,2685,,
2016,37177,NC,Tyrrell County,rural,South,South Atlantic,390.778,4138,2685,,
1970,37179,NC,Union County,suburban,South,South Atlantic,631.792,55090,34053,16,
1971,37179,NC,Union County,suburban,South,South Atlantic,631.792,56602,35109,17.375,
1972,37179,NC,Union County,suburban,South,South Atlantic,631.792,58893,36788,18.75,
1973,37179,NC,Union County,suburban,South,South Atlantic,631.792,59869,37604,20.125,
1974,37179,NC,Union County,suburban,South,South Atlantic,631.792,62298,39358,21.5,
1975,37179,NC,Union County,suburban,South,South Atlantic,631.792,62992,39894,22.875,
1976,37179,NC,Union County,suburban,South,South Atlantic,631.792,63606,40605,24.25,
1977,37179,NC,Union County,suburban,South,South Atlantic,631.792,64922,41766,25.625,
1978,37179,NC,Union County,suburban  ,South,South Atlantic,631.792,66542,43126,27,
1979,37179,NC,Union County,suburban,South,South Atlantic,631.792,68089,44325,31.4,
1980,37179,NC,Union County,suburban,South,South Atlantic,631.792,70788,46353,35.8,
1981,37179,NC,Union County,suburban,South,South Atlantic,631.792,72021,47428,40.2,
1982,37179,NC,Union County,suburban,South,South Atlantic,631.792,73308,48482,44.6,
1983,37179,NC,Union County,SUBURBAN,South,South Atlantic,631.792,74140,49219,49,225
1984,37179,NC,Union County,suburban,South,South Atlantic,631.792,75461,50439,52.2,227
1985,37179,NC,Union County, suburban,South,South Atlantic,631.792,76710,51538,55.4,232
1985,37179,NC,Union County, suburban,South,South Atlantic,631.792,76710,51538,55.4,232
1986,37179,NC,Union County,suburban,South,South Atlantic,631.792,77972,52598,58.6,264
1987,37179,NC,Union County,suburban,South,South Atlantic,631.792,79618,53852,61.8,241
1988,37179,NC,Union County,Suburban,South,South Atlantic,631.792,81385,55043,65,218
1989,37179,NC,Union County,suburban,South,South Atlantic,631.792,82889,56014,76,195
1990,37179,NC,Union County,suburban,South,South Atlantic,631.792,84772,57166,118,172
1991,37179,NC,Union County,suburban,South,South Atlantic,631.792,87227,58701,94,149
1992,37179,NC,Union County,suburban,South,South Atlantic,631.792,89711,60199,81,176.875
1993,37179,NC,Union County,suburban,South,South Atlantic,631.792,92912,62113,90,204.75
1994,37179,NC,Union County,suburban,South,South Atlantic,631.792,96300,64426,100.1667,232.625
1995,37179,NC,Union County,suburban,South,South Atlantic,631.792,100597,67413,110.3333,260.5
1996,37179,NC,Union County,suburban,South,South Atlantic,631.792,104469,69938,120.5,288.375
1996,37179,NC,Union County,suburban,South,South Atlantic,631.792,104469,69938,120.5,288.375
1997,37179,NC,Union County,suburban,South,South Atlantic,631.792,108519,72607,130.6667,316.25
1998,37179,NC,Union County,suburban  ,South,South Atlantic,631.792,113172,75764,140.8333,344.125
1999,37179,NC,Union County,suburban,South,South Atlantic,631.792,118621,79401,151,372
2000,37179,NC,Union County,suburban,South,South Atlantic,631.792,125573,84126,103,333
2001,37179,NC,Union County,suburban,South,South Atlantic,631.792,131661,87967,178,383
2002,37179,NC,Union County,suburban,South,South Atlantic,631.792,138329,92174,158,402
2003,37179,NC,Union County,suburban,South,South Atlantic,631.792,144244,95906,225,387
2004,37179,NC,Union County,suburban,South,South Atlantic,631.792,151452,100486,264,462
2004,37179,NC,Union County,suburban,South,South Atlantic,631.792,151452,100486,264,462
2005,37179,NC,Union County,suburban,South,South Atlantic,631.792,160835,106608,223,454
2006,37179,NC,Union County,suburban,South,South Atlantic,631.792,172529,113736,223.875,439
2007,37179,NC,Union County,suburban,South,South Atlantic,631.792,184782,121013,224.75,403
2008,37179,NC,Union County,suburban,South,South Atlantic,631.792,193678,126205,225.625,392
2009,37179,NC,Union County,suburban,South,South Atlantic,631.792,198533,128900,226.5,421
2010,37179,NC,Union County,suburban,South,South Atlantic,631.792,201349,130847,227.375,432
2011,37179,NC,Union County,suburban,South,South Atlantic,631.792,202122,131549,228.25,422
2012,37179,NC,Union County,suburban,South,South Atlantic,631.792,204998,133873,229.125,427
2013,37179,NC,Union County,suburban,South,South Atlantic,631.792,208216,135855,230,429
2014,37179,NC,Union County,suburban,South,South Atlantic,631.792,212372,138693,230,439
2015,37179,NC,Union County,suburban,South,South Atlantic,631.792,217948,142347,230,438
2016,37179,NC,Union County,suburban,South,South Atlantic,631.792,222247,145793,,
1970,37181,NC,Vance County,rural,South,South Atlantic,252.397,32643,19804,5,
1971,37181,NC,Vance County,Rural,South,South Atlantic,252.397,32452,19707,6.375,
1972,37181,NC,Vance County,rural,South,South Atlantic,252.397,32632,19909,7.75,
1973,37181,NC,Vance County,rural,South,South Atlantic,252.397,33721,20742,9.125,
1974,37181,NC,Vance County,rural,South,South Atlantic,252.397,33892,20947,10.5,
1975,37181,NC,Vance County,rural,South,South Atlantic,252.397,34035,21117,11.875,
1976,37181,NC,Vance County, rural,South,South Atlantic,252.397,34722,21711,13.25,
1977,37181,NC,Vance County,rural  ,South,South Atlantic,252.397,35521,22345,14.625,
1977,37181,NC,Vance County,rural  ,South,South Atlantic,252.397,35521,22345,14.625,
1978,37181,NC,Vance County,rural,South,South Atlantic,252.397,35982,22754,16,
1978,37181,NC,Vance County,rural,South,South Atlantic,252.397,35982,22754,16,
1979,37181,NC,Vance County,rural,South,South Atlantic,252.397,36424,23115,18,
1980,37181,NC,Vance County,rural,South,South Atlantic,252.397,36771,23397,20,
1981,37181,NC,Vance County,rural,South,South Atlantic,252.397,36945,23614,22,
1982,37181,NC,Vance County,RURAL,South,South Atlantic,252.397,37209,23847,24,
1983,37181,NC,Vance County,rural,South,South Atlantic,252.397,37380,24016,26,147
1984,37181,NC,Vance County,rural,South,South Atlantic,252.397,37520,24239,28.4,148
1984,37181,NC,Vance County,rural,South,South Atlantic,252.397,37520,24239,28.4,148
1985,37181,NC,Vance County,rural,South,South Atlantic,252.397,38006,24656,30.8,128
1986,37181,NC,Vance County,rural,South,South Atlantic,252.397,38365,24967,599,147
1986,37181,,,,,,,,,33.2,
1987,37181,NC,Vance County,rural,South,South Atlantic,252.397,38646,25199,35.6,141.2
1988,37181,NC,Vance County,rural,South,South Atlantic,252.397,38660,25190,38,135.4
1989,37181,NC,Vance County,rural,South,South Atlantic,252.397,38546,25069,53.4,129.6
1990,37181,NC,Vance County,rural,South,South Atlantic,252.397,39042,25308,68.8,123.8
1991,37181,NC,Vance County,rural,South,South Atlantic,252.397,39337,25442,84.2,118
1992,37181,NC,Vance County,rural,South,South Atlantic,252.397,39724,25591,99.6,135.875
1993,37181,NC,Vance County,rural,South,South Atlantic,252.397,40009,25732,115,153.75
1994,37181,NC,Vance County,rural,South,South Atlantic,252.397,40446,25985,117.5,171.625
1994,37181,NC,Vance County,rural,South,South Atlantic,252.397,40446,25985,117.5,171.625
1995,37181,NC,Vance County,rural,South,South Atlantic,252.397,40609,26102,120,189.5
1996,37181,NC,Vance County,rural,South,South Atlantic,252.397,41069,26479,122.5,207.375
1997,37181,NC,Vance County,rural,South,South Atlantic,252.397,41578,26807,125,225.25
1998,37181,NC,Vance County,  RURAL ,South,South Atlantic,252.397,42029,27137,127.5,243.125
1999,37181,NC,Vance County,rural,South,South Atlantic,252.397,42530,27460,130,261
2000,37181,NC,Vance County,rural  ,South,South Atlantic,252.397,43159,27894,125,253
2001,37181,NC,Vance County,rural,South,South Atlantic,252.397,43932,28309,125,230
2002,37181,NC,Vance County,rural,South,South Atlantic,252.397,44056,28510,160,223
2003,37181,NC,Vance County,rural,South,South Atlantic,252.397,44030,28502,127,213
2004,37181,NC,Vance County,rural,South,South Atlantic,252.397,44081,28697,147,206
2005,37181,NC,Vance County,rural,South,South Atlantic,252.397,44136,28854,148,241
2006,37181,NC,Vance County,rural,South,South Atlantic,252.397,44574,29200,149,256
2007,37181,NC,Vance County,rural,South,South Atlantic,252.397,44676,29274,150,222
2008,37181,NC,Vance County,rural,South,South Atlantic,252.397,44977,29366,151,240
2009,37181,NC,Vance County,rural,South,South Atlantic,252.397,45223,29505,152,263
2009,37181,NC,Vance County,rural,South,South Atlantic,252.397,45223,29505,152,263
2010,37181,NC,Vance County,rural,South,South Atlantic,252.397,45419,29577,153,205
2011,37181,NC,Vance County,rural,South,South Atlantic,252.397,45301,29476,154,177
2012,37181,NC,Vance County,rural,South,South Atlantic,252.397,45300,29395,155,154
2013,37181,NC,Vance County,rural,South,South Atlantic,252.397,45105,28993,156,158
2014,37181,NC,Vance County,rural,South,South Atlantic,252.397,44502,28458,156,157
2015,37181,NC,Vance County,rural,South,South Atlantic,252.397,44528,28293,156,149
2016,37181,NC,Vance County,rural,South,South Atlantic,252.397,44433,28079,,
1970,37183,NC,Wake County,urban,South,South Atlantic,834.81,230834,151699,98,
1971,37183,NC,Wake County,urban,South,South Atlantic,834.81,238166,157775,101.875,
1971,37183,NC,Wake County,urban,South,South Atlantic,834.81,238166,157775,101.875,
1972,37183,NC,Wake County,urban,South,South Atlantic,834.81,245632,164396,105.75,
1973,37183,NC,Wake County,urban,South,South Atlantic,834.81,254386,172001,109.625,
1974,37183,NC,Wake County,urban,South,South Atlantic,834.81,263015,179576,113.5,
1975,37183,NC,Wake County,urban,South,South Atlantic,834.81,267377,183970,117.375,
1976,37183,NC,Wake County,  URBAN ,South,South Atlantic,834.81,272728,189919,121.25,
1976,37183,NC,Wake County,  URBAN ,South,South Atlantic,834.81,272728,189919,121.25,
1977,37183,NC,Wake County,urban,South,South Atlantic,834.81,280163,196679,125.125,
1978,37183,NC,Wake County,urban,South,South Atlantic,834.81,286556,202803,129,
1979,37183,NC,Wake County,urban,South,South Atlantic,834.81,293549,209058,139.4,
1980,37183,NC,Wake County,urban,South,South Atlantic,834.81,303238,217226,149.8,
1981,37183,NC,Wake County,urban,South,South Atlantic,834.81,310152,223046,160.2,
1982,37183,NC,Wake County,urban,South,South Atlantic,834.81,316969,228484,170.6,
1983,37183,NC,Wake County,Urban,South,South Atlantic,834.81,327628,236654,181,830
1984,37183,NC,Wake County,urban,South,South Atlantic,834.81,342272,248294,176.5,854
1985,37183,NC,Wake County,urban,South,South Atlantic,834.81,359167,261369,172,981
1986,37183,NC,Wake County,urban,South,South Atlantic,834.81,372075,271207,200,1032
1987,37183,NC,Wake County,urban,South,South Atlantic,834.81,381546,278315,195,1004.8
1987,37183,NC,Wake County,urban,South,South Atlantic,834.81,381546,278315,195,1004.8
1988,37183,NC,Wake County,  URBAN ,South,South Atlantic,834.81,396915,289028,175,977.6
1989,37183,NC,Wake County,URBAN,South,South Atlantic,834.81,411343,298835,190,950.4
1990,37183,NC,Wake County,urban,South,South Atlantic,834.81,430378,312420,414,923.2
1991,37183,NC,Wake County,urban,South,South Atlantic,834.81,446158,323167,366,896
1992,37183,NC,Wake County,urban,South,South Atlantic,834.81,463218,334050,505,1043.75
1993,37183,NC,Wake County,urban,South,South Atlantic,834.81,482940,347021,520,1191.5
1994,37183,NC,Wake County,urban,South,South Atlantic,834.81,504299,361711,546,1339.25
1995,37183,NC,Wake County,urban  ,South,South Atlantic,834.81,526599,377593,598,1487
1996,37183,NC,Wake County,urban,South,South Atlantic,834.81,549005,393052,671,1634.75
1997,37183,NC,Wake County,urban,South,South Atlantic,834.81,570540,407754,841,1782.5
1998,37183,NC,Wake County,urban,South,South Atlantic,834.81,592534,423152,920,1930.25
1999,37183,NC,Wake County,urban,South,South Atlantic,834.81,612728,436916,928,2078
2000,37183,NC,Wake County,urban,South,South Atlantic,834.81,633267,451312,871,2094
2001,37183,NC,Wake County,urban,South,South Atlantic,834.81,656819,467302,751,2077
2002,37183,NC,Wake County,urban,South,South Atlantic,834.81,676392,480399,885,2205
2003,37183,NC,Wake County,urban,South,South Atlantic,834.81,695746,492471,957,2163
2003,37183,NC,Wake County,urban,South,South Atlantic,834.81,695746,492471,957,2163
2004,37183,NC,Wake County,urban,South,South Atlantic,834.81,716336,506452,1119,2435
2005,37183,NC,Wake County,urban,South,South Atlantic,834.81,746048,526670,1217,2533
2006,37183,NC,Wake County,urban,South,South Atlantic,834.81,784038,551033,1270,2675
2007,37183,NC,Wake County,urban,South,South Atlantic,834.81,821607,575322,1222,2641
2007,37183,NC,Wake County,urban,South,South Atlantic,834.81,821607,575322,1222,2641
2008,37183,NC,Wake County,urban,South,South Atlantic,834.81,856492,597852,1241,2793
2009,37183,NC,Wake County,urban,South,South Atlantic,834.81,883624,615407,1363,2727
2010,37183,NC,Wake County,urban,South,South Atlantic,834.81,901059,626758,1341,2755
2011,37183,NC,Wake County,urban,South,South Atlantic,834.81,906884,630604,1280,2658
2012,37183,NC,Wake County,urban,South,South Atlantic,834.81,929845,646039,1189,2484
2013,37183,NC,Wake County,urban,South,South Atlantic,834.81,952982,659831,1314,2585
2014,37183,NC,Wake County,urban,South,South Atlantic,834.81,974938,673931,1292,2691
2015,37183,NC,Wake County,urban,South,South Atlantic,834.81,998914,689225,1128,2623
2016,37183,NC,Wake County,urban,South,South Atlantic,834.81,1023859,705628,,
1970,37185,NC,Warren County,rural,South,South Atlantic,429.085,15569,9005,8,
1971,37185,NC,Warren County,rural  ,South,South Atlantic,429.085,16532,9740,8.375,
1972,37185,NC,Warren County,rural,South,South Atlantic,429.085,16919,10118,8.75,
1973,37185,NC,Warren County,rural,South,South Atlantic,429.085,16735,10109,9.125,
1974,37185,NC,Warren County,rural,South,South Atlantic,429.085,16228,9832,9.5,
1975,37185,NC,Warren County,rural,South,South Atlantic,429.085,16425,10054,9.875,
1976,37185,NC,Warren County,rural,South,South Atlantic,429.085,16043,9823,10.25,
1977,37185,NC,Warren County,rural,South,South Atlantic,429.085,16295,10029,10.625,
1978,37185,NC,Warren County,RURAL,South,South Atlantic,429.085,16477,10210,11,
1979,37185,NC,Warren County,rural,South,South Atlantic,429.085,16380,10169,11.6,
1980,37185,NC,Warren County,rural,South,South Atlantic,429.085,16219,10059,12.2,
1981,37185,NC,Warren County,rural,South,South Atlantic,429.085,16261,10083,12.8,
1982,37185,NC,Warren County,rural  ,South,South Atlantic,429.085,16291,10093,13.4,
1983,37185,NC,Warren County,RURAL,South,South Atlantic,429.085,16413,10147,14,52
1984,37185,NC,Warren County,rural,South,South Atlantic,429.085,16694,10341,14.2,57
1985,37185,NC,Warren County,rural,South,South Atlantic,429.085,16747,10383,14.4,68
1986,37185,NC,Warren County,rural,South,South Atlantic,429.085,16861,10439,14.6,71
1987,37185,NC,Warren County,  RURAL ,South,South Atlantic,429.085,17026,10537,14.8,104.8
1987,37185,NC,Warren County,  RURAL ,South,South Atlantic,429.085,17026,10537,14.8,104.8
1988,37185,NC,Warren County,rural,South,South Atlantic,429.085,17138,10563,15,138.6
1989,37185,NC,Warren County,rural,South,South Atlantic,429.085,17196,10544,16.4,172.4
1990,37185,NC,Warren County,rural,South,South Atlantic,429.085,17303,10537,17.8,206.2
1991,37185,NC,Warren County,rural,South,South Atlantic,429.085,17480,10671,19.2,240
1992,37185,NC,Warren County,rural,South,South Atlantic,429.085,17734,10784,20.6,221.125
1993,37185,NC,Warren County,rural,South,South Atlantic,429.085,17992,10940,22,202.25
1994,37185,NC,Warren County,rural,South,South Atlantic,429.085,18139,11084,23,183.375
1995,37185,NC,Warren County,rural,South,South Atlantic,429.085,18515,11402,24,164.5
1996,37185,NC,Warren County,rural,South,South Atlantic,429.085,18692,11535,25,145.625
1997,37185,NC,Warren County,rural,South,South Atlantic,429.085,19015,11777,26,126.75
1998,37185,NC,Warren County,rural,South,South Atlantic,429.085,19805,12468,27,107.875
1999,37185,NC,Warren County,  RURAL ,South,South Atlantic,429.085,19994,12632,28,89
1999,37185,NC,Warren County,  RURAL ,South,South Atlantic,429.085,19994,12632,28,89
2000,37185,NC,Warren County,rural,South,South Atlantic,429.085,19913,12582,29.66667,79
2001,37185,NC,Warren County,rural,South,South Atlantic,429.085,20067,12732,31.33333,59
2001,37185,NC,Warren County,rural,South,South Atlantic,429.085,20067,12732,31.33333,59
2002,37185,NC,Warren County,  RURAL ,South,South Atlantic,429.085,20131,12921,33,48
2002,37185,NC,Warren County,  RURAL ,South,South Atlantic,429.085,20131,12921,33,48
2003,37185,NC,Warren County,rural,South,South Atlantic,429.085,20293,13062,34.66667,45
2004,37185,NC,Warren County,rural,South,South Atlantic,429.085,20464,13254,36.33333,47
2005,37185,NC,Warren County,rural,South,South Atlantic,429.085,20642,13459,38,56
2006,37185,NC,Warren County,rural,South,South Atlantic,429.085,20513,13398,36.875,48
2007,37185,NC,Warren County,rural,South,South Atlantic,429.085,20724,13434,35.75,56
2008,37185,NC,Warren County,rural,South,South Atlantic,429.085,20923,13552,34.625,50
2009,37185,NC,Warren County,rural,South,South Atlantic,429.085,20959,13532,33.5,58
2010,37185,NC,Warren County,rural,South,South Atlantic,429.085,21024,13615,32.375,52
2011,37185,NC,Warren County,rural,South,South Atlantic,429.085,20978,13565,31.25,46
2012,37185,NC,Warren County,rural,South,South Atlantic,429.085,20989,13439,30.125,40
2012,37185,NC,Warren County,rural,South,South Atlantic,429.085,20989,13439,30.125,40
2013,37185,NC,Warren County,rural,South,South Atlantic,429.085,20758,13154,29,38
2014,37185,NC,Warren County,rural,South,South Atlantic,429.085,20595,12902,29,49
2015,37185,NC,Warren County,rural,South,South Atlantic,429.085,20377,12738,29,43
2016,37185,NC,Warren County,rural,South,South Atlantic,429.085,20206,12438,,
1970,37187,NC,Washington County,rural,South,South Atlantic,346.51,14033,8334,2,
1971,37187,NC,Washington County,rural,South,South Atlantic,346.51,14085,8432,2.125,
1972,37187,NC,Washington County,rural,South,South Atlantic,346.51,13672,8241,2.25,
1973,37187,NC,Washington County,rural,South,South Atlantic,346.51,13895,8472,2.375,
1974,37187,NC,Washington County,rural,South,South Atlantic,346.51,14040,8652,2.5,
1975,37187,NC,Washington County,rural,South,South Atlantic,346.51,15146,9478,2.625,
1976,37187,NC,Washington County,rural,South,South Atlantic,346.51,14930,9390,2.75,
1977,37187,NC,Washington County,  RURAL ,South,South Atlantic,346.51,15064,9521,2.875,
1978,37187,NC,Washington County,rural,South,South Atlantic,346.51,14731,9314,3,
1979,37187,NC,Washington County,RURAL,South,South Atlantic,346.51,14895,9464,3.2,
1980,37187,NC,Washington County,rural,South,South Atlantic,346.51,14758,9383,3.4,
1981,37187,NC,Washington County,rural,South,South Atlantic,346.51,14609,9301,3.6,
1981,37187,NC,Washington County,rural,South,South Atlantic,346.51,14609,9301,3.6,
1982,37187,NC,Washington County,rural,South,South Atlantic,346.51,14477,9218,3.8,
1983,37187,NC,Washington County,rural,South,South Atlantic,346.51,14423,9180,4,40
1984,37187,NC,Washington County,rural,South,South Atlantic,346.51,14278,9113,4.8,44
1985,37187,NC,Washington County,rural,South,South Atlantic,346.51,14282,9133,5.6,46
1986,37187,NC,Washington County,rural,South,South Atlantic,346.51,14220,9094,6.4,47
1987,37187,NC,Washington County,rural,South,South Atlantic,346.51,14290,9133,7.2,48.8
1988,37187,NC,Washington County,rural,South,South Atlantic,346.51,14265,9081,8,50.6
1989,37187,NC,Washington County, rural,South,South Atlantic,346.51,14110,8953,9.4,52.4
1990,37187,NC,Washington County,rural,South,South Atlantic,346.51,14012,8845,10.8,54.2
1991,37187,NC,Washington County,rural,South,South Atlantic,346.51,14150,8968,12.2,56
1992,37187,NC,Washington County,rural,South,South Atlantic,346.51,14275,9002,13.6,59.375
1993,37187,NC,Washington County,rural,South,South Atlantic,346.51,14242,8956,15,62.75
1994,37187,NC,Washington County,rural,South,South Atlantic,346.51,14413,9096,17,66.125
1995,37187,NC,Washington County,rural,South,South Atlantic,346.51,14313,8995,22,69.5
1996,37187,NC,Washington County,rural,South,South Atlantic,346.51,14116,8902,17,72.875
1997,37187,NC,Washington County,rural,South,South Atlantic,346.51,13985,8787,19,76.25
1998,37187,NC,Washington County,rural,South,South Atlantic,346.51,13804,8703,20,79.625
1999,37187,NC,Washington County,rural,South,South Atlantic,346.51,13745,8680,18,83
2000,37187,NC,Washington County,rural,South,South Atlantic,346.51,13695,8679,18.33333,67
2001,37187,NC,Washington County,RURAL,South,South Atlantic,346.51,13589,8632,18.66667,65
2002,37187,NC,Washington County,rural,South,South Atlantic,346.51,13472,8549,19,71
2003,37187,NC,Washington County,rural,South,South Atlantic,346.51,13510,8531,19.33333,63
2004,37187,NC,Washington County,rural,South,South Atlantic,346.51,13393,8488,13.4948,68
2004,37187,NC,Washington County,rural,South,South Atlantic,346.51,13393,8488,13.4948,68
2005,37187,NC,Washington County,rural,South,South Atlantic,346.51,13401,8519,13.71268,81
2005,37187,NC,Washington County,rural,South,South Atlantic,346.51,13401,8519,13.71268,81
2006,37187,NC,Washington County,rural,South,South Atlantic,346.51,13305,8480,14.63969,80
2007,37187,NC,Washington County,rural,South,South Atlantic,346.51,13176,8367,15.378,72
2008,37187,NC,Washington County,rural,South,South Atlantic,346.51,13300,8379,16.06403,67
2009,37187,NC,Washington County,rural,South,South Atlantic,346.51,13252,8335,16.852,62
2010,37187,NC,Washington County,rural,South,South Atlantic,346.51,13214,8297,557,60
2010,37187,,,,,,,,,17.60871,
2011,37187,NC,Washington County,rural,South,South Atlantic,346.51,13140,8262,18.36196,61
2012,37187,NC,Washington County,rural,South,South Atlantic,346.51,12929,8129,19.24524,54
2013,37187,NC,Washington County,rural,South,South Atlantic,346.51,12692,7908,20.13918,54
2014,37187,NC,Washington County,rural,South,South Atlantic,346.51,12706,7873,20.13918,53
2015,37187,NC,Washington County,rural,South,South Atlantic,346.51,12510,7659,20.13918,47
2016,37187,NC,Washington County,rural,South,South Atlantic,346.51,12293,7450,,
1970,37189,NC,Watauga County,rural,South,South Atlantic,312.419,23723,16622,10,
1971,37189,NC,Watauga County,  RURAL ,South,South Atlantic,312.419,24996,17594,9.625,
1972,37189,NC,Watauga County,rural,South,South Atlantic,312.419,26482,18740,9.25,
1973,37189,NC,Watauga County,rural,South,South Atlantic,312.419,27953,19889,8.875,
1974,37189,NC,Watauga County,rural,South,South Atlantic,312.419,29648,21170,8.5,
1975,37189,NC,Watauga County,rural,South,South Atlantic,312.419,29765,21307,8.125,
1976,37189,NC,Watauga County,rural,South,South Atlantic,312.419,30319,21889,7.75,
1977,37189,NC,Watauga County,rural,South,South Atlantic,312.419,31095,22580,7.375,
1978,37189,NC,Watauga County,rural,South,South Atlantic,312.419,30862,22591,7,
1979,37189,NC,Watauga County,rural,South,South Atlantic,312.419,31053,22796,508,
1979,37189,,,,,,,,,7.2,
1980,37189,NC,Watauga County,  RURAL ,South,South Atlantic,312.419,31946,23504,7.4,
1981,37189,NC,Watauga County,rural,South,South Atlantic,312.419,32879,24309,7.6,
1982,37189,NC,Watauga County,rural,South,South Atlantic,312.419,33550,24885,7.8,
1983,37189,NC,Watauga County,rural,South,South Atlantic,312.419,34028,25306,8,46
1984,37189,NC,Watauga County,rural,South,South Atlantic,312.419,34566,25812,10,64
1985,37189,NC,Watauga County, rural,South,South Atlantic,312.419,35086,26285,12,60
1986,37189,NC,Watauga County,rural,South,South Atlantic,312.419,35561,26680,14,61
1987,37189,NC,Watauga County,rural,South,South Atlantic,312.419,35783,26876,16,56.2
1988,37189,NC,Watauga County,rural  ,South,South Atlantic,312.419,36125,27127,18,51.4
1989,37189,NC,Watauga County,rural,South,South Atlantic,312.419,36735,27561,18.2,46.6
1989,37189,NC,Watauga County,rural,South,South Atlantic,312.419,36735,27561,18.2,46.6
1990,37189,NC,Watauga County,rural,South,South Atlantic,312.419,37047,27789,18.4,41.8
1991,37189,NC,Watauga County,rural,South,South Atlantic,312.419,37458,28164,18.6,37
1992,37189,NC,Watauga County,rural,South,South Atlantic,312.419,38410,28875,18.8,38.375
1993,37189,NC,Watauga County,RURAL,South,South Atlantic,312.419,38921,29161,19,39.75
1994,37189,NC,Watauga County,rural,South,South Atlantic,312.419,39785,29833,20.33333,41.125
1994,37189,NC,Watauga County,rural,South,South Atlantic,312.419,39785,29833,20.33333,41.125
1995,37189,NC,Watauga County,rural,South,South Atlantic,312.419,40569,30552,21.66667,42.5
1996,37189,NC,Watauga County,rural,South,South Atlantic,312.419,41130,31022,23,43.875
1997,37189,NC,Watauga County,rural,South,South Atlantic,312.419,41633,31440,24.33333,45.25
1998,37189,NC,Watauga County,  RURAL ,South,South Atlantic,312.419,41920,31687,25.66667,46.625
1999,37189,NC,Watauga County,rural,South,South Atlantic,312.419,42412,32103,27,48
2000,37189,NC,Watauga County,rural,South,South Atlantic,312.419,42905,32521,33.33333,48
2001,37189,NC,Watauga County,rural,South,South Atlantic,312.419,43853,33419,39.66667,46
2001,37189,NC,Watauga County,rural,South,South Atlantic,312.419,43853,33419,39.66667,46
2002,37189,NC,Watauga County,rural,South,South Atlantic,312.419,44570,34159,46,67
2003,37189,NC,Watauga County,rural,South,South Atlantic,312.419,45095,34699,52.33333,77
2004,37189,NC,Watauga County,rural,South,South Atlantic,312.419,45478,35028,58.66667,118
2005,37189,NC,Watauga County,rural,South,South Atlantic,312.419,46390,35744,65,109
2006,37189,NC,Watauga County,rural,South,South Atlantic,312.419,47748,36707,66.5,97
2007,37189,NC,Watauga County, rural,South,South Atlantic,312.419,48765,37403,68,105
2008,37189,NC,Watauga County,rural,South,South Atlantic,312.419,50266,38516,69.5,91
2009,37189,NC,Watauga County,rural,South,South Atlantic,312.419,50706,38790,71,112
2010,37189,NC,Watauga County,rural,South,South Atlantic,312.419,51064,38969,72.5,118
2011,37189,NC,Watauga County,rural,South,South Atlantic,312.419,50974,38867,74,105
2012,37189,NC,Watauga County,rural,South,South Atlantic,312.419,51613,39287,75.5,127
2013,37189,NC,Watauga County,rural,South,South Atlantic,312.419,52045,39407,77,132
2014,37189,NC,Watauga County,rural,South,South Atlantic,312.419,52348,39328,77,113
2015,37189,NC,Watauga County,rural,South,South Atlantic,312.419,52429,39107,77,135
2016,37189,NC,Watauga County,rural,South,South Atlantic,312.419,53108,39432,,
1970,37191,NC,Wayne County,small/mid,South,South Atlantic,553.917,85911,53495,52,
1971,37191,NC,Wayne County,small/mid,South,South Atlantic,553.917,87941,55149,51.375,
1972,37191,NC,Wayne County,small/mid,South,South Atlantic,553.917,90144,57081,50.75,
1973,37191,NC,Wayne County,Small/mid,South,South Atlantic,553.917,90332,57706,50.125,
1974,37191,NC,Wayne County,small/mid,South,South Atlantic,553.917,91806,59239,49.5,
1975,37191,NC,Wayne County,small/mid,South,South Atlantic,553.917,92493,60189,48.875,
1976,37191,NC,Wayne County,small/mid,South,South Atlantic,553.917,93350,61269,48.25,
1977,37191,NC,Wayne County,small/mid,South,South Atlantic,553.917,94673,62581,47.625,
1978,37191,NC,Wayne County,small/mid,South,South Atlantic,553.917,96785,64574,47,
1979,37191,NC,Wayne County,small/mid,South,South Atlantic,553.917,97135,64995,48.2,
1980,37191,NC,Wayne County,small/mid,South,South Atlantic,553.917,97248,65255,49.4,
1981,37191,NC,Wayne County,small/mid,South,South Atlantic,553.917,98066,66052,50.6,
1982,37191,NC,Wayne County,small/mid,South,South Atlantic,553.917,98609,66536,51.8,
1983,37191,NC,Wayne County,small/mid,South,South Atlantic,553.917,99395,67191,53,322
1984,37191,NC,Wayne County,small/mid,South,South Atlantic,553.917,100395,68172,57.8,293
1985,37191,NC,Wayne County,small/mid,South,South Atlantic,553.917,101197,68928,62.6,326
1986,37191,NC,Wayne County,small/mid,South,South Atlantic,553.917,100210,68374,67.4,323
1987,37191,NC,Wayne County,small/mid,South,South Atlantic,553.917,101296,69159,72.2,306.4
1988,37191,NC,Wayne County,small/mid,South,South Atlantic,553.917,102271,69703,77,289.8
1989,37191,NC,Wayne County,small/mid,South,South Atlantic,553.917,103940,70641,86.8,273.2
1990,37191,NC,Wayne County,small/mid,South,South Atlantic,553.917,104896,71005,96.6,256.6
1991,37191,NC,Wayne County,small/mid,South,South Atlantic,553.917,106545,72057,106.4,240
1992,37191,NC,Wayne County,small/mid,South,South Atlantic,553.917,107614,72501,116.2,285.375
1993,37191,NC,Wayne County,small/mid,South,South Atlantic,553.917,108374,72703,126,330.75
1994,37191,NC,Wayne County,small/mid,South,South Atlantic,553.917,109459,73239,103,376.125
1995,37191,NC,Wayne County,small/mid,South,South Atlantic,553.917,111578,74818,160,421.5
1995,37191,NC,Wayne County,small/mid,South,South Atlantic,553.917,111578,74818,160,421.5
1996,37191,NC,Wayne County,small/mid,South,South Atlantic,553.917,112898,75727,168,466.875
1997,37191,NC,Wayne County,  SMALL/MID ,South,South Atlantic,553.917,113366,75935,155,512.25
1998,37191,NC,Wayne County,Small/mid,South,South Atlantic,553.917,113429,75923,163,557.625
1999,37191,NC,Wayne County,small/mid,South,South Atlantic,553.917,113176,75526,176,603
2000,37191,NC,Wayne County,small/mid,South,South Atlantic,553.917,113648,75759,683,636
2000,37191,,,,,,,,,182.3333,
2001,37191,NC,Wayne County,small/mid,South,South Atlantic,553.917,113934,76067,188.6667,662
2002,37191,NC,Wayne County,small/mid,South,South Atlantic,553.917,114305,76310,195,647
2003,37191,NC,Wayne County,small/mid,South,South Atlantic,553.917,114595,76326,201.3333,694
2004,37191,NC,Wayne County,small/mid,South,South Atlantic,553.917,116484,77879,207.6667,643
2005,37191,NC,Wayne County,small/mid,South,South Atlantic,553.917,117009,78281,214,653
2006,37191,NC,Wayne County,small/mid,South,South Atlantic,553.917,117534,78357,214,662
2007,37191,NC,Wayne County,small/mid,South,South Atlantic,553.917,118942,79158,214,646
2008,37191,NC,Wayne County,Small/mid,South,South Atlantic,553.917,119910,79682,214,649
2009,37191,NC,Wayne County,small/mid,South,South Atlantic,553.917,121217,80293,214,632
2010,37191,NC,Wayne County,small/mid,South,South Atlantic,553.917,122646,81168,214,597
2011,37191,NC,Wayne County,small/mid,South,South Atlantic,553.917,122864,81313,214,620
2012,37191,NC,Wayne County,small/mid,South,South Atlantic,553.917,124080,82113,214,568
2013,37191,NC,Wayne County,small/mid,South,South Atlantic,553.917,124547,82049,214,574
2014,37191,NC,Wayne County,small/mid,South,South Atlantic,553.917,124715,81758,214,511
2015,37191,NC,Wayne County,small/mid,South,South Atlantic,553.917,124664,81299,214,486
2016,37191,NC,Wayne County,small/mid,South,South Atlantic,553.917,124454,80728,,
1970,37193,NC,Wilkes County,rural,South,South Atlantic,754.54,49939,31466,16,
1971,37193,NC,Wilkes County,rural  ,South,South Atlantic,754.54,51615,32689,16.5,
1972,37193,NC,Wilkes County,rural,South,South Atlantic,754.54,53253,33993,17,
1973,37193,NC,Wilkes County,rural,South,South Atlantic,754.54,53996,34687,17.5,
1974,37193,NC,Wilkes County,RURAL,South,South Atlantic,754.54,54845,35403,18,
1975,37193,NC,Wilkes County,rural,South,South Atlantic,754.54,55465,35933,18.5,
1976,37193,NC,Wilkes County,rural,South,South Atlantic,754.54,56163,36657,19,
1977,37193,NC,Wilkes County,RURAL,South,South Atlantic,754.54,57075,37498,19.5,
1978,37193,NC,Wilkes County,rural,South,South Atlantic,754.54,58160,38422,20,
1979,37193,NC,Wilkes County,rural,South,South Atlantic,754.54,58798,39063,21.2,
1980,37193,NC,Wilkes County,rural,South,South Atlantic,754.54,58771,39098,22.4,
1981,37193,NC,Wilkes County,rural,South,South Atlantic,754.54,58933,39354,23.6,
1982,37193,NC,Wilkes County,rural,South,South Atlantic,754.54,59191,39624,24.8,
1983,37193,NC,Wilkes County,rural,South,South Atlantic,754.54,59396,39849,26,179
1984,37193,NC,Wilkes County,rural,South,South Atlantic,754.54,59780,40299,29,211
1985,37193,NC,Wilkes County,rural,South,South Atlantic,754.54,59853,40507,32,206
1986,37193,NC,Wilkes County,rural,South,South Atlantic,754.54,59570,40407,35,196
1987,37193,NC,Wilkes County,Rural,South,South Atlantic,754.54,59885,40682,38,191.8
1988,37193,NC,Wilkes County,rural,South,South Atlantic,754.54,59876,40644,41,187.6
1989,37193,NC,Wilkes County,rural,South,South Atlantic,754.54,59569,40380,43.4,183.4
1989,37193,NC,Wilkes County,rural,South,South Atlantic,754.54,59569,40380,43.4,183.4
1990,37193,NC,Wilkes County,rural,South,South Atlantic,754.54,59502,40230,45.8,179.2
1990,37193,NC,Wilkes County,rural,South,South Atlantic,754.54,59502,40230,45.8,179.2
1991,37193,NC,Wilkes County,rural,South,South Atlantic,754.54,59845,40399,48.2,175
1992,37193,NC,Wilkes County,  RURAL ,South,South Atlantic,754.54,60352,40527,50.6,184.875
1992,37193,NC,Wilkes County,  RURAL ,South,South Atlantic,754.54,60352,40527,50.6,184.875
1993,37193,NC,Wilkes County,rural,South,South Atlantic,754.54,60676,40664,53,194.75
1994,37193,NC,Wilkes County,RURAL,South,South Atlantic,754.54,61339,41179,54.5,204.625
1995,37193,NC,Wilkes County,rural,South,South Atlantic,754.54,61825,41505,56,214.5
1996,37193,NC,Wilkes County,rural,South,South Atlantic,754.54,62884,42206,57.5,224.375
1997,37193,NC,Wilkes County,rural,South,South Atlantic,754.54,63507,42652,59,234.25
1997,37193,NC,Wilkes County,rural,South,South Atlantic,754.54,63507,42652,59,234.25
1998,37193,NC,Wilkes County,rural,South,South Atlantic,754.54,64132,43051,60.5,244.125
1999,37193,NC,Wilkes County,rural,South,South Atlantic,754.54,65092,43708,62,254
2000,37193,NC,Wilkes County,rural,South,South Atlantic,754.54,65839,44146,67.5,253
2001,37193,NC,Wilkes County,RURAL,South,South Atlantic,754.54,66694,44563,73,269
2002,37193,NC,Wilkes County,rural,South,South Atlantic,754.54,67202,44721,78.5,275
2002,37193,NC,Wilkes County,rural,South,South Atlantic,754.54,67202,44721,78.5,275
2003,37193,NC,Wilkes County,rural,South,South Atlantic,754.54,67617,44821,84,303
2004,37193,NC,Wilkes County,rural,South,South Atlantic,754.54,67668,44757,89.5,321
2005,37193,NC,Wilkes County,rural,South,South Atlantic,754.54,68104,44986,95,321
2006,37193,NC,Wilkes County,rural,South,South Atlantic,754.54,68489,45086,98,344
2007,37193,NC,Wilkes County,rural,South,South Atlantic,754.54,68966,45231,101,356
2008,37193,NC,Wilkes County,rural  ,South,South Atlantic,754.54,69317,45100,104,352
2009,37193,NC,Wilkes County,rural,South,South Atlantic,754.54,69258,44706,107,363
2010,37193,NC,Wilkes County,rural,South,South Atlantic,754.54,69303,44718,110,400
2011,37193,NC,Wilkes County,rural,South,South Atlantic,754.54,69262,44677,113,398
2012,37193,NC,Wilkes County,rural  ,South,South Atlantic,754.54,68942,44331,116,401
2013,37193,NC,Wilkes County,rural,South,South Atlantic,754.54,68927,43906,119,413
2014,37193,NC,Wilkes County,rural,South,South Atlantic,754.54,68642,43523,119,445
2014,37193,NC,Wilkes County,rural,South,South Atlantic,754.54,68642,43523,119,445
2015,37193,NC,Wilkes County,rural,South,South Atlantic,754.54,68455,43237,119,455
2015,37193,NC,Wilkes County,rural,South,South Atlantic,754.54,68455,43237,119,455
2016,37193,NC,Wilkes County,rural,South,South Atlantic,754.54,68320,42944,,
1970,37195,NC,Wilson County,rural,South,South Atlantic,367.573,57654,35835,34,
1971,37195,NC,Wilson County,rural,South,South Atlantic,367.573,58364,36497,32.125,
1972,37195,NC,Wilson County,rural,South,South Atlantic,367.573,58092,36584,30.25,
1973,37195,NC,Wilson County,rural,South,South Atlantic,367.573,58874,37405,28.375,
1973,37195,NC,Wilson County,rural,South,South Atlantic,367.573,58874,37405,28.375,
1974,37195,NC,Wilson County,rural,South,South Atlantic,367.573,59587,38124,26.5,
1975,37195,NC,Wilson County,rural,South,South Atlantic,367.573,60120,38702,24.625,
1976,37195,NC,Wilson County,rural,South,South Atlantic,367.573,60196,39072,22.75,
1977,37195,NC,Wilson County,rural,South,South Atlantic,367.573,61215,40017,20.875,
1978,37195,NC,Wilson County,rural,South,South Atlantic,367.573,61475,40337,19,
1979,37195,NC,Wilson County,rural,South,South Atlantic,367.573,62276,41030,22,
1980,37195,NC,Wilson County,rural,South,South Atlantic,367.573,63178,41750,25,
1980,37195,NC,Wilson County,rural,South,South Atlantic,367.573,63178,41750,25,
1981,37195,NC,Wilson County,rural,South,South Atlantic,367.573,63444,42004,28,
1982,37195,NC,Wilson County,rural,South,South Atlantic,367.573,63815,42260,31,
1983,37195,NC,Wilson County,rural,South,South Atlantic,367.573,64253,42552,34,197
1984,37195,NC,Wilson County,rural,South,South Atlantic,367.573,64544,42865,40.2,198
1985,37195,NC,Wilson County,rural,South,South Atlantic,367.573,64379,42821,46.4,205
1986,37195,NC,Wilson County,rural,South,South Atlantic,367.573,64547,42953,52.6,227
1987,37195,NC,Wilson County,rural,South,South Atlantic,367.573,65202,43370,58.8,223
1988,37195,NC,Wilson County,rural,South,South Atlantic,367.573,65491,43429,65,219
1989,37195,NC,Wilson County, rural,South,South Atlantic,367.573,66020,43616,69.2,215
1990,37195,NC,Wilson County,rural,South,South Atlantic,367.573,66238,43539,73.4,211
1990,37195,NC,Wilson County,rural,South,South Atlantic,367.573,66238,43539,73.4,211
1991,37195,NC,Wilson County,rural,South,South Atlantic,367.573,66925,43878,77.6,207
1992,37195,NC,Wilson County,rural,South,South Atlantic,367.573,67640,44167,81.8,227.875
1993,37195,NC,Wilson County,rural,South,South Atlantic,367.573,67981,44308,86,248.75
1994,37195,NC,Wilson County,rural,South,South Atlantic,367.573,68953,44880,108.3333,269.625
1995,37195,NC,Wilson County,rural,South,South Atlantic,367.573,69546,45376,130.6667,290.5
1996,37195,NC,Wilson County,rural,South,South Atlantic,367.573,70272,45929,153,311.375
1997,37195,NC,Wilson County,rural,South,South Atlantic,367.573,71028,46538,175.3333,332.25
1998,37195,NC,Wilson County,rural  ,South,South Atlantic,367.573,72002,47341,197.6667,353.125
1999,37195,NC,Wilson County,rural,South,South Atlantic,367.573,73166,48213,220,374
2000,37195,NC,Wilson County,rural,South,South Atlantic,367.573,73971,48804,220.1667,406
2001,37195,NC,Wilson County,rural,South,South Atlantic,367.573,74232,48958,220.3333,419
2002,37195,NC,Wilson County,rural,South,South Atlantic,367.573,75213,49486,220.5,403
2003,37195,NC,Wilson County,rural,South,South Atlantic,367.573,75685,49779,220.6667,423
2003,37195,NC,Wilson County,rural,South,South Atlantic,367.573,75685,49779,220.6667,423
2004,37195,NC,Wilson County,rural,South,South Atlantic,367.573,76140,50231,220.8333,437
2005,37195,NC,Wilson County,rural  ,South,South Atlantic,367.573,76775,50628,221,478
2006,37195,NC,Wilson County,rural,South,South Atlantic,367.573,77379,50989,218.375,474
2007,37195,NC,Wilson County,rural,South,South Atlantic,367.573,78474,51706,215.75,437
2008,37195,NC,Wilson County,rural,South,South Atlantic,367.573,79790,52394,213.125,399
2009,37195,NC,Wilson County,rural,South,South Atlantic,367.573,80664,52819,210.5,372
2010,37195,NC,Wilson County,rural,South,South Atlantic,367.573,81230,53145,207.875,362
2011,37195,NC,Wilson County,rural,South,South Atlantic,367.573,81299,53166,205.25,365
2012,37195,NC,Wilson County,rural,South,South Atlantic,367.573,81192,52982,202.625,337
2013,37195,NC,Wilson County,rural,South,South Atlantic,367.573,81451,52780,200,303
2014,37195,NC,Wilson County,rural,South,South Atlantic,367.573,81277,52472,200,313
2015,37195,NC,Wilson County,rural,South,South Atlantic,367.573,81122,52251,200,292
2016,37195,NC,Wilson County,rural,South,South Atlantic,367.573,81393,52194,,
1970,37197,NC,Yadkin County,small/mid,South,South Atlantic,334.941,24748,15775,7,
1970,37197,NC,Yadkin County,small/mid,South,South Atlantic,334.941,24748,15775,7,
1971,37197,NC,Yadkin County,small/mid,South,South Atlantic,334.941,25403,16239,6.625,
1972,37197,NC,Yadkin County,small/mid,South,South Atlantic,334.941,26222,16884,6.25,
1973,37197,NC,Yadkin County,small/mid,South,South Atlantic,334.941,26495,17132,5.875,
1974,37197,NC,Yadkin County,small/mid,South,South Atlantic,334.941,27118,17637,5.5,
1975,37197,NC,Yadkin County,small/mid,South,South Atlantic,334.941,27239,17774,5.125,
1976,37197,NC,Yadkin County,small/mid,South,South Atlantic,334.941,27633,18178,4.75,
1977,37197,NC,Yadkin County,small/mid,South,South Atlantic,334.941,27660,18238,4.375,
1978,37197,NC,Yadkin County,small/mid,South,South Atlantic,334.941,27832,18403,4,
1978,37197,NC,Yadkin County,small/mid,South,South Atlantic,334.941,27832,18403,4,
1979,37197,NC,Yadkin County,small/mid,South,South Atlantic,334.941,28233,18731,9,
1980,37197,NC,Yadkin County,small/mid,South,South Atlantic,334.941,28535,18954,14,
1980,37197,NC,Yadkin County,small/mid,South,South Atlantic,334.941,28535,18954,14,
1981,37197,NC,Yadkin County,small/mid,South,South Atlantic,334.941,28774,19151,19,
1981,37197,NC,Yadkin County,small/mid,South,South Atlantic,334.941,28774,19151,19,
1982,37197,NC,Yadkin County,small/mid,South,South Atlantic,334.941,29071,19368,24,
1983,37197,NC,Yadkin County,small/mid,South,South Atlantic,334.941,29176,19447,29,53
1984,37197,NC,Yadkin County,small/mid,South,South Atlantic,334.941,29320,19619,26,64
1985,37197,NC,Yadkin County,small/mid,South,South Atlantic,334.941,29352,19693,23,68
1986,37197,NC,Yadkin County,small/mid,South,South Atlantic,334.941,29573,19861,20,69
1987,37197,NC,Yadkin County,small/mid,South,South Atlantic,334.941,29946,20113,17,72.4
1988,37197,NC,Yadkin County,small/mid,South,South Atlantic,334.941,30291,20307,14,75.8
1989,37197,NC,Yadkin County,small/mid,South,South Atlantic,334.941,30350,20294,24,79.2
1990,37197,NC,Yadkin County,small/mid,South,South Atlantic,334.941,30576,20383,21,82.6
1991,37197,NC,Yadkin County,small/mid,South,South Atlantic,334.941,31038,20694,25,86
1992,37197,NC,Yadkin County,small/mid,South,South Atlantic,334.941,31537,20993,32,85.25
1992,37197,NC,Yadkin County,small/mid,South,South Atlantic,334.941,31537,20993,32,85.25
1993,37197,NC,Yadkin County,small/mid,South,South Atlantic,334.941,32049,21315,585,84.5
1993,37197,,,,,,,,,32,
1994,37197,NC,Yadkin County,small/mid,South,South Atlantic,334.941,32698,21640,31.66667,83.75
1995,37197,NC,Yadkin County,small/mid,South,South Atlantic,334.941,33555,22083,31.33333,83
1996,37197,NC,Yadkin County,small/mid,South,South Atlantic,334.941,34336,22598,31,82.25
1997,37197,NC,Yadkin County,small/mid,South,South Atlantic,334.941,34891,22939,30.66667,81.5
1998,37197,NC,Yadkin County,small/mid,South,South Atlantic,334.941,35366,23236,30.33333,80.75
1999,37197,NC,Yadkin County,small/mid,South,South Atlantic,334.941,35805,23470,30,80
2000,37197,NC,Yadkin County,small/mid,South,South Atlantic,334.941,36516,23933,29.16667,84
2001,37197,NC,Yadkin County,SMALL/MID,South,South Atlantic,334.941,36837,24111,28.33333,92
2002,37197,NC,Yadkin County,small/mid,South,South Atlantic,334.941,37285,24374,27.5,115
2003,37197,NC,Yadkin County,small/mid,South,South Atlantic,334.941,37301,24360,26.66667,112
2004,37197,NC,Yadkin County,small/mid,South,South Atlantic,334.941,37265,24324,25.83333,130
2005,37197,NC,Yadkin County,small/mid,South,South Atlantic,334.941,37591,24528,25,127
2006,37197,NC,Yadkin County,small/mid,South,South Atlantic,334.941,37881,24627,26,133
2007,37197,NC,Yadkin County,small/mid,South,South Atlantic,334.941,37965,24639,27,147
2008,37197,NC,Yadkin County,small/mid,South,South Atlantic,334.941,38225,24734,28,144
2009,37197,NC,Yadkin County,small/mid,South,South Atlantic,334.941,38293,24769,29,151
2010,37197,NC,Yadkin County,small/mid,South,South Atlantic,334.941,38409,24847,30,155
2011,37197,NC,Yadkin County, small/mid,South,South Atlantic,334.941,38436,24846,31,142
2012,37197,NC,Yadkin County,small/mid,South,South Atlantic,334.941,38353,24800,32,132
2012,37197,NC,Yadkin County,small/mid,South,South Atlantic,334.941,38353,24800,32,132
2013,37197,NC,Yadkin County,small/mid,South,South Atlantic,334.941,38165,24562,33,148
2014,37197,NC,Yadkin County,small/mid,South,South Atlantic,334.941,38079,24390,33,146
2015,37197,NC,Yadkin County,small/mid,South,South Atlantic,334.941,37889,24175,33,156
2016,37197,NC,Yadkin County,small/mid,South,South Atlantic,334.941,37659,23916,,
1970,37199,NC,Yancey County,rural,South,South Atlantic,312.589,12711,7892,5,
1971,37199,NC,Yancey County,rural,South,South Atlantic,312.589,13019,8096,5.25,
1972,37199,NC,Yancey County,rural,South,South Atlantic,312.589,13302,8306,5.5,
1973,37199,NC,Yancey County,rural,South,South Atlantic,312.589,13477,8448,5.75,
1974,37199,NC,Yancey County,rural,South,South Atlantic,312.589,13568,8513,6,
1975,37199,NC,Yancey County,rural,South,South Atlantic,312.589,14086,8881,6.25,
1976,37199,NC,Yancey County,rural,South,South Atlantic,312.589,14450,9166,6.5,
1977,37199,NC,Yancey County,rural,South,South Atlantic,312.589,14603,9288,6.75,
1978,37199,NC,Yancey County,rural,South,South Atlantic,312.589,14754,9387,7,
1979,37199,NC,Yancey County,rural,South,South Atlantic,312.589,14861,9481,6.6,
1980,37199,NC,Yancey County,rural,South,South Atlantic,312.589,14967,9556,6.2,
1981,37199,NC,Yancey County,rural,South,South Atlantic,312.589,15043,9634,5.8,
1982,37199,NC,Yancey County,rural,South,South Atlantic,312.589,15121,9701,5.4,
1983,37199,NC,Yancey County,rural,South,South Atlantic,312.589,15053,9676,5,4
1983,37199,NC,Yancey County,rural,South,South Atlantic,312.589,15053,9676,5,4
1984,37199,NC,Yancey County,Rural,South,South Atlantic,312.589,15217,9826,6.5,6
1985,37199,NC,Yancey County,rural,South,South Atlantic,312.589,15350,9944,8,6
1986,37199,NC,Yancey County,rural,South,South Atlantic,312.589,15468,10037,7,6
1987,37199,NC,Yancey County,rural,South,South Atlantic,312.589,15579,10120,7,8
1988,37199,NC,Yancey County,rural,South,South Atlantic,312.589,15542,10081,5,10
1989,37199,NC,Yancey County,rural,South,South Atlantic,312.589,15501,10039,5.2,12
1990,37199,NC,Yancey County,rural,South,South Atlantic,312.589,15459,9981,5.4,14
1990,37199,NC,Yancey County,rural,South,South Atlantic,312.589,15459,9981,5.4,14
1991,37199,NC,Yancey County,rural,South,South Atlantic,312.589,15758,10145,5.6,16
1992,37199,NC,Yancey County,rural,South,South Atlantic,312.589,15876,10203,5.8,17.75
1993,37199,NC,Yancey County,rural,South,South Atlantic,312.589,16065,10313,6,19.5
1994,37199,NC,Yancey County,rural,South,South Atlantic,312.589,16322,10464,5,21.25
1994,37199,NC,Yancey County,rural,South,South Atlantic,312.589,16322,10464,5,21.25
1995,37199,NC,Yancey County,rural,South,South Atlantic,312.589,16574,10621,6,23
1996,37199,NC,Yancey County,rural,South,South Atlantic,312.589,16761,10761,10,24.75
1997,37199,NC,Yancey County,rural,South,South Atlantic,312.589,17066,10966,11,26.5
1998,37199,NC,Yancey County,rural,South,South Atlantic,312.589,17260,11085,9,28.25
1999,37199,NC,Yancey County,RURAL,South,South Atlantic,312.589,17612,11344,14,30
2000,37199,NC,Yancey County,rural  ,South,South Atlantic,312.589,17768,11419,13.66667,26
2001,37199,NC,Yancey County,rural,South,South Atlantic,312.589,17789,11366,13.33333,32
2002,37199,NC,Yancey County,rural,South,South Atlantic,312.589,17710,11317,13,33
2003,37199,NC,Yancey County,rural,South,South Atlantic,312.589,17664,11243,12.66667,38
2004,37199,NC,Yancey County,rural,South,South Atlantic,312.589,17704,11324,12.33333,43
2005,37199,NC,Yancey County,Rural,South,South Atlantic,312.589,17757,11299,12,52
2006,37199,NC,Yancey County,rural,South,South Atlantic,312.589,17814,11305,14.375,50
2007,37199,NC,Yancey County,rural,South,South Atlantic,312.589,18000,11432,543,56
2007,37199,,,,,,,,,16.75,
2008,37199,NC,Yancey County,rural,South,South Atlantic,312.589,18016,11422,19.125,55
2008,37199,NC,Yancey County,rural,South,South Atlantic,312.589,18016,11422,19.125,55
2009,37199,NC,Yancey County,RURAL,South,South Atlantic,312.589,17931,11357,21.5,55
2010,37199,NC,Yancey County, rural,South,South Atlantic,312.589,17817,11247,23.875,58
2011,37199,NC,Yancey County, rural,South,South Atlantic,312.589,17805,11231,26.25,51
2012,37199,NC,Yancey County,rural,South,South Atlantic,312.589,17692,11109,28.625,55
2013,37199,NC,Yancey County,rural,South,South Atlantic,312.589,17623,10950,31,58
2014,37199,NC,Yancey County,rural,South,South Atlantic,312.589,17552,10780,31,63
2014,37199,NC,Yancey County,rural,South,South Atlantic,312.589,17552,10780,31,63
2015,37199,NC,Yancey County,rural,South,South Atlantic,312.589,17546,10702,31,35
2016,37199,NC,Yancey County,rural,South,South Atlantic,312.589,17559,10678,,
