year,fips,state,county_name,urbanicity,region,division,land_area,total_pop,total_pop_15to64,total_jail_pop,total_prison_pop
1970,31001,NE,Adams County,Rural,Midwest,West North Central,563.273,30579,18267,12,
1971,31001,NE,Adams County,rural,Midwest,West North Central,563.273,30662,18327,11.5,
1972,31001,NE,Adams County,rural,Midwest,West North Central,563.273,31144,18715,11,
1973,31001,NE,Adams County,rural,Midwest,West North Central,563.273,31110,18756,10.5,
1974,31001,NE,Adams County,rural,Midwest,West North Central,563.273,30611,18553,10,
1975,31001,NE,Adams County,rural,Midwest,West North Central,563.273,29979,18245,9.5,
1976,31001,NE,Adams County,rural,Midwest,West North Central,563.273,30253,18638,9,
1977,31001,NE,Adams County,rural,Midwest,West North Central,563.273,30221,18787,8.5,
1978,31001,NE,Adams County,rural,Midwest,West North Central,563.273,30236,18971,8,
1979,31001,NE,Adams County,rural,Midwest,West North Central,563.273,30637,19397,9.4,
1980,31001,NE,Adams County,rural,Midwest,West North Central,563.273,30754,19551,10.8,
1981,31001,NE,Adams County,Rural,Midwest,West North Central,563.273,30989,19686,12.2,
1981,31001,NE,Adams County,Rural,Midwest,West North Central,563.273,30989,19686,12.2,
1982,31001,NE,Adams County,rural,Midwest,West North Central,563.273,31204,19772,13.6,
1983,31001,NE,Adams County,rural,Midwest,West North Central,563.273,30895,19535,15,33
1984,31001,NE,Adams County,rural,Midwest,West North Central,563.273,30847,19481,15.6,31
1985,31001,NE,Adams County,  RURAL ,Midwest,West North Central,563.273,30854,19443,16.2,39
1986,31001,NE,Adams County,rural,Midwest,West North Central,563.273,30500,19166,16.8,38
1987,31001,NE,Adams County,rural,Midwest,West North Central,563.273,30005,18800,17.4,36
1988,31001,NE,Adams County,rural,Midwest,West North Central,563.273,30022,18771,18,32
1989,31001,NE,Adams County,rural,Midwest,West North Central,563.273,29900,18600,18.8,24
1990,31001,NE,Adams County,rural,Midwest,West North Central,563.273,29639,18431,19.6,22
1991,31001,NE,Adams County,rural,Midwest,West North Central,563.273,29918,18567,20.4,39
1992,31001,NE,Adams County,rural,Midwest,West North Central,563.273,30047,18693,21.2,28
1993,31001,NE,Adams County,rural,Midwest,West North Central,563.273,30320,18901,22,18
1994,31001,NE,Adams County,rural,Midwest,West North Central,563.273,30508,19050,23,18
1995,31001,NE,Adams County,Rural,Midwest,West North Central,563.273,30783,19306,24,22
1996,31001,NE,Adams County,rural,Midwest,West North Central,563.273,30890,19428,25,17
1997,31001,NE,Adams County,rural,Midwest,West North Central,563.273,31050,19595,26,25
1998,31001,NE,Adams County, rural,Midwest,West North Central,563.273,31054,19695,27,33
1999,31001,NE,Adams County,rural  ,Midwest,West North Central,563.273,31106,19787,28,38
2000,31001,NE,Adams County,  RURAL ,Midwest,West North Central,563.273,31154,19895,29.16667,41
2001,31001,NE,Adams County,rural,Midwest,West North Central,563.273,31021,19876,30.33333,48
2002,31001,NE,Adams County,rural,Midwest,West North Central,563.273,30716,19704,31.5,52
2003,31001,NE,Adams County,rural,Midwest,West North Central,563.273,30693,19739,32.66667,59
2004,31001,NE,Adams County,rural,Midwest,West North Central,563.273,30740,19857,33.83333,70
2004,31001,NE,Adams County,rural,Midwest,West North Central,563.273,30740,19857,33.83333,70
2005,31001,NE,Adams County,rural,Midwest,West North Central,563.273,30987,20041,35,68
2006,31001,NE,Adams County,rural,Midwest,West North Central,563.273,30910,19997,34.625,53
2007,31001,NE,Adams County,rural,Midwest,West North Central,563.273,30892,19957,34.25,53
2008,31001,NE,Adams County,rural,Midwest,West North Central,563.273,31160,20182,33.875,54
2009,31001,NE,Adams County,rural,Midwest,West North Central,563.273,31280,20231,33.5,55
2010,31001,NE,Adams County,rural,Midwest,West North Central,563.273,31367,20325,33.125,65
2010,31001,NE,Adams County,rural,Midwest,West North Central,563.273,31367,20325,33.125,65
2011,31001,NE,Adams County,rural,Midwest,West North Central,563.273,31324,20292,32.75,58
2012,31001,NE,Adams County, rural,Midwest,West North Central,563.273,31206,20221,32.375,71
2013,31001,NE,Adams County,rural,Midwest,West North Central,563.273,31369,20226,32,73
2014,31001,NE,Adams County,Rural,Midwest,West North Central,563.273,31547,20265,32,93
2015,31001,NE,Adams County,rural,Midwest,West North Central,563.273,31387,20049,32,88
2016,31001,NE,Adams County,  RURAL ,Midwest,West North Central,563.273,31549,20107,,
1970,31003,NE,Antelope County,rural,Midwest,West North Central,857.218,9017,4900,6,
1971,31003,NE,Antelope County,rural,Midwest,West North Central,857.218,8902,4866,5.375,
1972,31003,NE,Antelope County,rural,Midwest,West North Central,857.218,8999,4978,4.75,
1973,31003,NE,Antelope County,rural,Midwest,West North Central,857.218,8911,4975,4.125,
1974,31003,NE,Antelope County,rural,Midwest,West North Central,857.218,8780,4943,3.5,
1975,31003,NE,Antelope County,rural,Midwest,West North Central,857.218,9057,5193,2.875,
1976,31003,NE,Antelope County,rural,Midwest,West North Central,857.218,8974,5176,2.25,
1977,31003,NE,Antelope County,rural,Midwest,West North Central,857.218,8862,5124,1.625,
1977,31003,NE,Antelope County,rural,Midwest,West North Central,857.218,8862,5124,1.625,
1978,31003,NE,Antelope County,rural,Midwest,West North Central,857.218,8715,5038,1,
1979,31003,NE,Antelope County,rural,Midwest,West North Central,857.218,8818,5135,1.2,
1980,31003,NE,Antelope County,rural,Midwest,West North Central,857.218,8669,5044,1.4,
1981,31003,NE,Antelope County,rural,Midwest,West North Central,857.218,8611,4987,1.6,
1982,31003,NE,Antelope County,rural,Midwest,West North Central,857.218,8632,4968,1.8,
1982,31003,NE,Antelope County,rural,Midwest,West North Central,857.218,8632,4968,1.8,
1983,31003,NE,Antelope County,rural,Midwest,West North Central,857.218,8653,4947,529,
1983,31003,,,,,,,,,2,
1984,31003,NE,Antelope County,rural,Midwest,West North Central,857.218,8548,4864,2.6,
1985,31003,NE,Antelope County,rural,Midwest,West North Central,857.218,8445,4781,3.2,4
1986,31003,NE,Antelope County,  RURAL ,Midwest,West North Central,857.218,8250,4640,3.8,
1987,31003,NE,Antelope County,rural,Midwest,West North Central,857.218,8155,4559,4.4,
1988,31003,NE,Antelope County,rural,Midwest,West North Central,857.218,8096,4501,5,4
1988,31003,NE,Antelope County,rural,Midwest,West North Central,857.218,8096,4501,5,4
1989,31003,NE,Antelope County,rural,Midwest,West North Central,857.218,8043,4428,4.4,6
1990,31003,NE,Antelope County,rural,Midwest,West North Central,857.218,7942,4370,3.8,4
1991,31003,NE,Antelope County,rural  ,Midwest,West North Central,857.218,7941,4370,3.2,6
1992,31003,NE,Antelope County,rural,Midwest,West North Central,857.218,7879,4359,2.6,8
1993,31003,NE,Antelope County,RURAL,Midwest,West North Central,857.218,7793,4335,2,4
1994,31003,NE,Antelope County,rural,Midwest,West North Central,857.218,7733,4340,2.666667,
1995,31003,NE,Antelope County, rural,Midwest,West North Central,857.218,7717,4365,3.333333,
1996,31003,NE,Antelope County,rural,Midwest,West North Central,857.218,7639,4352,4,4
1997,31003,NE,Antelope County,rural,Midwest,West North Central,857.218,7645,4409,4.666667,8
1998,31003,NE,Antelope County,rural,Midwest,West North Central,857.218,7604,4380,5.333333,14
1999,31003,NE,Antelope County,rural,Midwest,West North Central,857.218,7493,4344,6,11
2000,31003,NE,Antelope County,rural,Midwest,West North Central,857.218,7435,4355,5.833333,9
2001,31003,NE,Antelope County,rural,Midwest,West North Central,857.218,7242,4270,5.666667,10
2002,31003,NE,Antelope County, rural,Midwest,West North Central,857.218,7229,4296,5.5,11
2003,31003,NE,Antelope County, rural,Midwest,West North Central,857.218,7172,4308,5.333333,11
2004,31003,NE,Antelope County,rural,Midwest,West North Central,857.218,7063,4263,5.166667,12
2005,31003,NE,Antelope County,rural,Midwest,West North Central,857.218,6994,4228,5,13
2005,31003,NE,Antelope County,rural,Midwest,West North Central,857.218,6994,4228,5,13
2006,31003,NE,Antelope County,RURAL,Midwest,West North Central,857.218,6836,4177,5.125,15
2007,31003,NE,Antelope County,rural  ,Midwest,West North Central,857.218,6767,4124,5.25,17
2008,31003,NE,Antelope County,rural,Midwest,West North Central,857.218,6704,4024,5.375,13
2009,31003,NE,Antelope County,rural,Midwest,West North Central,857.218,6739,4003,5.5,11
2010,31003,NE,Antelope County,rural,Midwest,West North Central,857.218,6685,3984,5.625,12
2011,31003,NE,Antelope County,rural,Midwest,West North Central,857.218,6679,3965,5.75,14
2012,31003,NE,Antelope County,rural,Midwest,West North Central,857.218,6620,3941,5.875,17
2013,31003,NE,Antelope County,rural  ,Midwest,West North Central,857.218,6550,3859,6,14
2014,31003,NE,Antelope County,rural,Midwest,West North Central,857.218,6471,3792,6,17
2015,31003,NE,Antelope County,  RURAL ,Midwest,West North Central,857.218,6422,3736,6,15
2016,31003,NE,Antelope County,rural,Midwest,West North Central,857.218,6419,3715,,
1970,31005,NE,Arthur County,rural,Midwest,West North Central,715.355,605,367,0,
1970,31005,NE,Arthur County,rural,Midwest,West North Central,715.355,605,367,0,
1971,31005,NE,Arthur County,rural,Midwest,West North Central,715.355,591,363,0,
1972,31005,NE,Arthur County,rural,Midwest,West North Central,715.355,567,355,0,
1972,31005,NE,Arthur County,rural,Midwest,West North Central,715.355,567,355,0,
1973,31005,NE,Arthur County,rural,Midwest,West North Central,715.355,603,387,0,
1974,31005,NE,Arthur County,rural,Midwest,West North Central,715.355,598,395,0,
1975,31005,NE,Arthur County,rural,Midwest,West North Central,715.355,590,400,0,
1976,31005,NE,Arthur County,rural,Midwest,West North Central,715.355,577,389,0,
1977,31005,NE,Arthur County,rural,Midwest,West North Central,715.355,586,395,0,
1978,31005,NE,Arthur County,rural,Midwest,West North Central,715.355,565,375,0,
1979,31005,NE,Arthur County,rural,Midwest,West North Central,715.355,580,388,0,
1980,31005,NE,Arthur County,rural,Midwest,West North Central,715.355,511,334,0,
1981,31005,NE,Arthur County,rural,Midwest,West North Central,715.355,502,326,0,
1982,31005,NE,Arthur County,rural  ,Midwest,West North Central,715.355,513,331,0,
1983,31005,NE,Arthur County,rural,Midwest,West North Central,715.355,510,329,0,
1984,31005,NE,Arthur County,rural,Midwest,West North Central,715.355,465,293,0,0
1985,31005,NE,Arthur County,rural,Midwest,West North Central,715.355,480,303,0,0
1986,31005,NE,Arthur County,rural,Midwest,West North Central,715.355,484,303,0,0
1987,31005,NE,Arthur County,rural,Midwest,West North Central,715.355,466,290,0,0
1988,31005,NE,Arthur County,rural,Midwest,West North Central,715.355,441,273,0,0
1989,31005,NE,Arthur County,rural,Midwest,West North Central,715.355,442,271,0,0
1990,31005,NE,Arthur County,rural,Midwest,West North Central,715.355,468,287,0,0
1991,31005,NE,Arthur County,rural,Midwest,West North Central,715.355,445,273,0,0
1992,31005,NE,Arthur County,rural,Midwest,West North Central,715.355,462,290,0,0
1992,31005,NE,Arthur County,rural,Midwest,West North Central,715.355,462,290,0,0
1993,31005,NE,Arthur County,rural,Midwest,West North Central,715.355,472,295,0,0
1994,31005,NE,Arthur County,rural,Midwest,West North Central,715.355,441,280,0,0
1995,31005,NE,Arthur County,rural,Midwest,West North Central,715.355,434,281,0,0
1996,31005,NE,Arthur County,rural,Midwest,West North Central,715.355,429,276,0,0
1997,31005,NE,Arthur County,rural,Midwest,West North Central,715.355,440,285,0,0
1998,31005,NE,Arthur County,rural,Midwest,West North Central,715.355,447,294,0,0
1999,31005,NE,Arthur County,rural,Midwest,West North Central,715.355,445,286,0,
2000,31005,NE,Arthur County,rural,Midwest,West North Central,715.355,445,286,0,0
2001,31005,NE,Arthur County, rural,Midwest,West North Central,715.355,423,263,0,0
2002,31005,NE,Arthur County,rural,Midwest,West North Central,715.355,421,275,0,0
2003,31005,NE,Arthur County,rural,Midwest,West North Central,715.355,439,270,0,0
2004,31005,NE,Arthur County,rural,Midwest,West North Central,715.355,433,263,0,0
2005,31005,NE,Arthur County,  RURAL ,Midwest,West North Central,715.355,428,252,0,0
2006,31005,NE,Arthur County,rural,Midwest,West North Central,715.355,450,265,0,0
2007,31005,NE,Arthur County,rural,Midwest,West North Central,715.355,457,265,0,0
2008,31005,NE,Arthur County,rural,Midwest,West North Central,715.355,453,261,0,0
2009,31005,NE,Arthur County,rural,Midwest,West North Central,715.355,442,246,0,0
2010,31005,NE,Arthur County,  RURAL ,Midwest,West North Central,715.355,460,262,0,0
2011,31005,NE,Arthur County,rural,Midwest,West North Central,715.355,465,261,0,0
2012,31005,NE,Arthur County,rural,Midwest,West North Central,715.355,468,255,0,0
2013,31005,NE,Arthur County,rural,Midwest,West North Central,715.355,479,259,0,0
2013,31005,NE,Arthur County,rural,Midwest,West North Central,715.355,479,259,0,0
2014,31005,NE,Arthur County,RURAL,Midwest,West North Central,715.355,454,248,0,0
2015,31005,NE,Arthur County,rural,Midwest,West North Central,715.355,452,252,0,0
2016,31005,NE,Arthur County,rural,Midwest,West North Central,715.355,452,247,,
1970,31007,NE,Banner County,rural,Midwest,West North Central,746.211,1030,633,0.5782582,
1971,31007,NE,Banner County,rural,Midwest,West North Central,746.211,1015,625,0.5646197,
1972,31007,NE,Banner County,rural,Midwest,West North Central,746.211,1033,646,0.61211,
1973,31007,NE,Banner County,rural,Midwest,West North Central,746.211,986,624,0.5732432,
1973,31007,NE,Banner County,rural,Midwest,West North Central,746.211,986,624,0.5732432,
1974,31007,NE,Banner County,rural,Midwest,West North Central,746.211,973,621,0.559132,
1975,31007,NE,Banner County,rural,Midwest,West North Central,746.211,954,617,0.5299996,
1976,31007,NE,Banner County,rural,Midwest,West North Central,746.211,1011,663,0.5444955,
1977,31007,NE,Banner County,rural,Midwest,West North Central,746.211,1046,691,0.5469919,
1978,31007,NE,Banner County,  RURAL ,Midwest,West North Central,746.211,964,634,0.4971728,
1979,31007,NE,Banner County,rural,Midwest,West North Central,746.211,947,625,0.5577159,
1980,31007,NE,Banner County,rural,Midwest,West North Central,746.211,919,604,0.6037055,
1981,31007,NE,Banner County,rural,Midwest,West North Central,746.211,934,614,0.6801811,
1981,31007,NE,Banner County,rural,Midwest,West North Central,746.211,934,614,0.6801811,
1982,31007,NE,Banner County, rural,Midwest,West North Central,746.211,928,600,0.739773,
1983,31007,NE,Banner County, rural,Midwest,West North Central,746.211,939,600,0.8179452,0
1984,31007,NE,Banner County,rural,Midwest,West North Central,746.211,952,607,0.8459754,
1985,31007,NE,Banner County,rural,Midwest,West North Central,746.211,947,600,0.8552992,
1986,31007,NE,Banner County,rural,Midwest,West North Central,746.211,885,559,0.8121756,
1986,31007,NE,Banner County,rural,Midwest,West North Central,746.211,885,559,0.8121756,
1987,31007,NE,Banner County,Rural,Midwest,West North Central,746.211,859,536,0.8020759,
1988,31007,NE,Banner County,rural,Midwest,West North Central,746.211,840,521,0.79936,
1989,31007,NE,Banner County, rural,Midwest,West North Central,746.211,807,499,0.9056181,
1990,31007,NE,Banner County,rural,Midwest,West North Central,746.211,860,522,1.089643,
1991,31007,NE,Banner County,rural,Midwest,West North Central,746.211,822,507,1.18533,
1992,31007,NE,Banner County,rural,Midwest,West North Central,746.211,833,517,1.321217,
1993,31007,NE,Banner County,Rural,Midwest,West North Central,746.211,835,521,1.462392,
1994,31007,NE,Banner County, rural,Midwest,West North Central,746.211,835,519,1.219529,
1995,31007,NE,Banner County,rural,Midwest,West North Central,746.211,823,510,1.389045,
1996,31007,NE,Banner County,rural,Midwest,West North Central,746.211,851,532,1.446526,0
1997,31007,NE,Banner County,rural,Midwest,West North Central,746.211,855,536,1.319171,0
1998,31007,NE,Banner County,rural,Midwest,West North Central,746.211,856,533,1.225766,0
1999,31007,NE,Banner County,rural,Midwest,West North Central,746.211,804,488,1.18022,0
2000,31007,NE,Banner County,rural,Midwest,West North Central,746.211,819,497,1.23159,0
2001,31007,NE,Banner County,rural,Midwest,West North Central,746.211,808,492,1.263285,
2002,31007,NE,Banner County,rural,Midwest,West North Central,746.211,769,483,1.27303,
2003,31007,NE,Banner County,rural,Midwest,West North Central,746.211,763,489,1.322515,
2004,31007,NE,Banner County,rural,Midwest,West North Central,746.211,749,498,1.387287,
2005,31007,NE,Banner County,Rural,Midwest,West North Central,746.211,731,482,1.375416,
2006,31007,NE,Banner County,rural,Midwest,West North Central,746.211,733,465,1.56972,
2006,31007,NE,Banner County,rural,Midwest,West North Central,746.211,733,465,1.56972,
2007,31007,NE,Banner County,RURAL,Midwest,West North Central,746.211,715,443,1.717907,
2008,31007,NE,Banner County,rural  ,Midwest,West North Central,746.211,677,432,1.88964,
2009,31007,NE,Banner County,rural,Midwest,West North Central,746.211,686,414,2.011515,0
2009,31007,NE,Banner County,rural,Midwest,West North Central,746.211,686,414,2.011515,0
2010,31007,NE,Banner County,rural,Midwest,West North Central,746.211,690,429,2.291892,
2011,31007,NE,Banner County,rural,Midwest,West North Central,746.211,692,433,529,0
2011,31007,,,,,,,,,2.445279,
2012,31007,NE,Banner County,rural,Midwest,West North Central,746.211,656,422,2.755093,
2013,31007,NE,Banner County,rural,Midwest,West North Central,746.211,685,435,2.949376,0
2014,31007,NE,Banner County,rural,Midwest,West North Central,746.211,679,427,2.949376,0
2015,31007,NE,Banner County,rural,Midwest,West North Central,746.211,669,420,2.949376,0
2016,31007,NE,Banner County, rural,Midwest,West North Central,746.211,715,419,,
1970,31009,NE,Blaine County,rural,Midwest,West North Central,710.688,845,469,0,
1971,31009,NE,Blaine County,rural,Midwest,West North Central,710.688,841,466,0,
1972,31009,NE,Blaine County, rural,Midwest,West North Central,710.688,805,445,0,
1973,31009,NE,Blaine County,rural  ,Midwest,West North Central,710.688,832,473,0,
1973,31009,NE,Blaine County,rural  ,Midwest,West North Central,710.688,832,473,0,
1974,31009,NE,Blaine County,rural,Midwest,West North Central,710.688,824,468,0,
1975,31009,NE,Blaine County,rural,Midwest,West North Central,710.688,811,470,0,
1976,31009,NE,Blaine County,rural,Midwest,West North Central,710.688,824,481,0,
1977,31009,NE,Blaine County, rural,Midwest,West North Central,710.688,842,493,0,
1978,31009,NE,Blaine County,rural,Midwest,West North Central,710.688,765,444,501,
1978,31009,,,,,,,,,0,
1979,31009,NE,Blaine County,rural,Midwest,West North Central,710.688,758,432,0,
1980,31009,NE,Blaine County,rural,Midwest,West North Central,710.688,861,511,0,
1981,31009,NE,Blaine County,rural,Midwest,West North Central,710.688,826,491,0,
1982,31009,NE,Blaine County,rural,Midwest,West North Central,710.688,811,488,0,
1983,31009,NE,Blaine County,rural,Midwest,West North Central,710.688,793,473,0,0
1984,31009,NE,Blaine County,rural,Midwest,West North Central,710.688,762,457,0,0
1984,31009,NE,Blaine County,rural,Midwest,West North Central,710.688,762,457,0,0
1985,31009,NE,Blaine County,rural,Midwest,West North Central,710.688,724,435,0,0
1986,31009,NE,Blaine County,rural,Midwest,West North Central,710.688,707,431,0,0
1987,31009,NE,Blaine County,  RURAL ,Midwest,West North Central,710.688,702,429,0,0
1988,31009,NE,Blaine County,Rural,Midwest,West North Central,710.688,708,432,0,0
1989,31009,NE,Blaine County,rural,Midwest,West North Central,710.688,720,439,0,0
1990,31009,NE,Blaine County,rural,Midwest,West North Central,710.688,662,402,0,0
1991,31009,NE,Blaine County,RURAL,Midwest,West North Central,710.688,680,416,0,0
1992,31009,NE,Blaine County,rural,Midwest,West North Central,710.688,661,400,0,0
1993,31009,NE,Blaine County,rural,Midwest,West North Central,710.688,656,404,0,0
1994,31009,NE,Blaine County, rural,Midwest,West North Central,710.688,670,426,0,0
1995,31009,NE,Blaine County,rural,Midwest,West North Central,710.688,687,432,0,0
1996,31009,NE,Blaine County,rural,Midwest,West North Central,710.688,641,405,0,
1997,31009,NE,Blaine County,rural,Midwest,West North Central,710.688,625,404,0,0
1998,31009,NE,Blaine County, rural,Midwest,West North Central,710.688,579,366,0,0
1999,31009,NE,Blaine County,rural,Midwest,West North Central,710.688,586,371,0,0
2000,31009,NE,Blaine County,RURAL,Midwest,West North Central,710.688,583,366,0,0
2001,31009,NE,Blaine County,rural,Midwest,West North Central,710.688,564,353,0,0
2002,31009,NE,Blaine County,RURAL,Midwest,West North Central,710.688,551,340,0,0
2003,31009,NE,Blaine County,rural  ,Midwest,West North Central,710.688,545,335,0,0
2004,31009,NE,Blaine County,rural,Midwest,West North Central,710.688,515,320,0,0
2005,31009,NE,Blaine County,rural,Midwest,West North Central,710.688,492,303,0,0
2006,31009,NE,Blaine County,rural,Midwest,West North Central,710.688,493,302,0,0
2007,31009,NE,Blaine County, rural,Midwest,West North Central,710.688,463,288,0,0
2008,31009,NE,Blaine County,rural,Midwest,West North Central,710.688,456,291,0,0
2009,31009,NE,Blaine County,rural,Midwest,West North Central,710.688,477,288,0,0
2009,31009,NE,Blaine County,rural,Midwest,West North Central,710.688,477,288,0,0
2010,31009,NE,Blaine County,rural,Midwest,West North Central,710.688,478,293,0,0
2011,31009,NE,Blaine County,rural,Midwest,West North Central,710.688,478,293,0,
2012,31009,NE,Blaine County,rural,Midwest,West North Central,710.688,475,287,0,0
2013,31009,NE,Blaine County,rural,Midwest,West North Central,710.688,498,309,0,0
2014,31009,NE,Blaine County,rural,Midwest,West North Central,710.688,470,301,0,0
2015,31009,NE,Blaine County, rural,Midwest,West North Central,710.688,490,306,0,0
2016,31009,NE,Blaine County,rural,Midwest,West North Central,710.688,477,299,,
1970,31011,NE,Boone County,rural,Midwest,West North Central,686.554,8175,4502,3,
1971,31011,NE,Boone County,rural,Midwest,West North Central,686.554,8135,4517,3.125,
1972,31011,NE,Boone County,rural,Midwest,West North Central,686.554,8029,4496,3.25,
1972,31011,NE,Boone County,rural,Midwest,West North Central,686.554,8029,4496,3.25,
1973,31011,NE,Boone County,rural,Midwest,West North Central,686.554,7842,4421,3.375,
1974,31011,NE,Boone County,rural,Midwest,West North Central,686.554,7708,4386,3.5,
1975,31011,NE,Boone County,rural,Midwest,West North Central,686.554,8013,4656,3.625,
1976,31011,NE,Boone County,rural,Midwest,West North Central,686.554,7763,4508,3.75,
1977,31011,NE,Boone County,  RURAL ,Midwest,West North Central,686.554,7705,4483,3.875,
1978,31011,NE,Boone County, rural,Midwest,West North Central,686.554,7469,4343,4,
1979,31011,NE,Boone County,rural,Midwest,West North Central,686.554,7556,4440,3.6,
1980,31011,NE,Boone County,rural  ,Midwest,West North Central,686.554,7386,4324,3.2,
1981,31011,NE,Boone County,rural,Midwest,West North Central,686.554,7329,4268,2.8,
1982,31011,NE,Boone County,rural,Midwest,West North Central,686.554,7288,4214,2.4,
1983,31011,NE,Boone County,rural,Midwest,West North Central,686.554,7237,4161,2,
1984,31011,NE,Boone County,rural,Midwest,West North Central,686.554,7225,4131,2,
1985,31011,NE,Boone County,rural,Midwest,West North Central,686.554,7080,4026,2,
1986,31011,NE,Boone County,RURAL,Midwest,West North Central,686.554,6877,3886,2,
1987,31011,NE,Boone County,  RURAL ,Midwest,West North Central,686.554,6753,3789,2,
1988,31011,NE,Boone County,rural,Midwest,West North Central,686.554,6678,3720,2,
1989,31011,NE,Boone County,RURAL,Midwest,West North Central,686.554,6668,3675,2.4,
1990,31011,NE,Boone County,rural,Midwest,West North Central,686.554,6668,3655,2.8,
1991,31011,NE,Boone County,rural,Midwest,West North Central,686.554,6675,3649,3.2,
1992,31011,NE,Boone County, rural,Midwest,West North Central,686.554,6592,3609,3.6,
1993,31011,NE,Boone County,rural,Midwest,West North Central,686.554,6578,3604,4,
1994,31011,NE,Boone County,rural,Midwest,West North Central,686.554,6517,3591,4.166667,5
1995,31011,NE,Boone County,rural,Midwest,West North Central,686.554,6506,3600,4.333333,
1996,31011,NE,Boone County,rural,Midwest,West North Central,686.554,6526,3649,4.5,
1997,31011,NE,Boone County,rural,Midwest,West North Central,686.554,6465,3614,4.666667,
1998,31011,NE,Boone County,rural,Midwest,West North Central,686.554,6400,3583,4.833333,5
1999,31011,NE,Boone County,rural,Midwest,West North Central,686.554,6376,3588,5,
2000,31011,NE,Boone County, rural,Midwest,West North Central,686.554,6214,3502,4.666667,5
2001,31011,NE,Boone County,rural,Midwest,West North Central,686.554,6146,3491,4.333333,5
2002,31011,NE,Boone County,rural,Midwest,West North Central,686.554,6053,3483,4,
2003,31011,NE,Boone County,rural,Midwest,West North Central,686.554,5888,3427,3.666667,
2004,31011,NE,Boone County, rural,Midwest,West North Central,686.554,5813,3431,3.333333,7
2005,31011,NE,Boone County,rural,Midwest,West North Central,686.554,5746,3457,543,
2005,31011,,,,,,,,,3,
2006,31011,NE,Boone County,rural,Midwest,West North Central,686.554,5623,3400,2.75,4
2006,31011,NE,Boone County,rural,Midwest,West North Central,686.554,5623,3400,2.75,4
2007,31011,NE,Boone County,Rural,Midwest,West North Central,686.554,5582,3390,2.5,
2008,31011,NE,Boone County,rural,Midwest,West North Central,686.554,5548,3342,2.25,4
2009,31011,NE,Boone County,rural,Midwest,West North Central,686.554,5514,3303,2,4
2010,31011,NE,Boone County,rural,Midwest,West North Central,686.554,5505,3298,1.75,
2011,31011,NE,Boone County,rural,Midwest,West North Central,686.554,5511,3295,1.5,5
2012,31011,NE,Boone County,rural,Midwest,West North Central,686.554,5408,3254,1.25,5
2013,31011,NE,Boone County,rural,Midwest,West North Central,686.554,5430,3251,1,4
2014,31011,NE,Boone County,rural,Midwest,West North Central,686.554,5399,3229,3,5
2015,31011,NE,Boone County,rural,Midwest,West North Central,686.554,5361,3181,5,4
2016,31011,NE,Boone County,rural,Midwest,West North Central,686.554,5317,3119,,
2016,31011,NE,Boone County,rural,Midwest,West North Central,686.554,5317,3119,,
1970,31013,NE,Box Butte County,rural  ,Midwest,West North Central,1075.293,10074,5743,8,
1971,31013,NE,Box Butte County,rural,Midwest,West North Central,1075.293,9998,5715,9.25,
1972,31013,NE,Box Butte County, rural,Midwest,West North Central,1075.293,9964,5732,10.5,
1973,31013,NE,Box Butte County,rural,Midwest,West North Central,1075.293,9734,5621,11.75,
1973,31013,NE,Box Butte County,rural,Midwest,West North Central,1075.293,9734,5621,11.75,
1974,31013,NE,Box Butte County,rural,Midwest,West North Central,1075.293,9882,5741,13,
1975,31013,NE,Box Butte County,RURAL,Midwest,West North Central,1075.293,10245,6017,14.25,
1976,31013,NE,Box Butte County,rural  ,Midwest,West North Central,1075.293,10615,6305,15.5,
1977,31013,NE,Box Butte County,rural,Midwest,West North Central,1075.293,11105,6672,16.75,
1978,31013,NE,Box Butte County,rural,Midwest,West North Central,1075.293,12105,7392,18,
1979,31013,NE,Box Butte County, rural,Midwest,West North Central,1075.293,12877,7943,16.6,
1980,31013,NE,Box Butte County,rural,Midwest,West North Central,1075.293,13776,8576,15.2,
1981,31013,NE,Box Butte County,rural,Midwest,West North Central,1075.293,14060,8731,13.8,
1982,31013,NE,Box Butte County,rural,Midwest,West North Central,1075.293,13980,8638,12.4,
1983,31013,NE,Box Butte County,rural,Midwest,West North Central,1075.293,13916,8552,11,11
1984,31013,NE,Box Butte County,rural,Midwest,West North Central,1075.293,13962,8543,10.8,9
1985,31013,NE,Box Butte County,Rural,Midwest,West North Central,1075.293,14084,8578,10.6,9
1986,31013,NE,Box Butte County,rural,Midwest,West North Central,1075.293,13952,8456,10.4,10
1986,31013,NE,Box Butte County,rural,Midwest,West North Central,1075.293,13952,8456,10.4,10
1987,31013,NE,Box Butte County,rural  ,Midwest,West North Central,1075.293,13647,8221,10.2,6
1988,31013,NE,Box Butte County,rural,Midwest,West North Central,1075.293,13408,8034,10,7
1989,31013,NE,Box Butte County,rural,Midwest,West North Central,1075.293,13279,7881,10.8,12
1990,31013,NE,Box Butte County,rural,Midwest,West North Central,1075.293,13116,7769,11.6,8
1991,31013,NE,Box Butte County,rural,Midwest,West North Central,1075.293,13021,7740,12.4,16
1992,31013,NE,Box Butte County,rural,Midwest,West North Central,1075.293,12892,7690,13.2,15
1993,31013,NE,Box Butte County,rural,Midwest,West North Central,1075.293,12778,7669,14,31
1994,31013,NE,Box Butte County,rural,Midwest,West North Central,1075.293,12685,7652,15.16667,30
1994,31013,NE,Box Butte County,rural,Midwest,West North Central,1075.293,12685,7652,15.16667,30
1995,31013,NE,Box Butte County,rural,Midwest,West North Central,1075.293,12816,7820,16.33333,24
1996,31013,NE,Box Butte County,rural,Midwest,West North Central,1075.293,12733,7827,17.5,26
1997,31013,NE,Box Butte County,rural,Midwest,West North Central,1075.293,12719,7882,18.66667,23
1998,31013,NE,Box Butte County,rural,Midwest,West North Central,1075.293,12492,7794,19.83333,32
1999,31013,NE,Box Butte County,rural,Midwest,West North Central,1075.293,12374,7778,21,39
2000,31013,NE,Box Butte County,rural,Midwest,West North Central,1075.293,12235,7663,20.5,67
2000,31013,NE,Box Butte County,rural,Midwest,West North Central,1075.293,12235,7663,20.5,67
2001,31013,NE,Box Butte County,rural,Midwest,West North Central,1075.293,11985,7557,20,52
2002,31013,NE,Box Butte County,rural,Midwest,West North Central,1075.293,11951,7540,19.5,41
2003,31013,NE,Box Butte County,RURAL,Midwest,West North Central,1075.293,11719,7409,19,45
2004,31013,NE,Box Butte County,rural,Midwest,West North Central,1075.293,11528,7303,18.5,41
2004,31013,NE,Box Butte County,rural,Midwest,West North Central,1075.293,11528,7303,18.5,41
2005,31013,NE,Box Butte County,rural,Midwest,West North Central,1075.293,11422,7312,18,59
2006,31013,NE,Box Butte County,rural,Midwest,West North Central,1075.293,11338,7278,17.25,52
2007,31013,NE,Box Butte County,rural,Midwest,West North Central,1075.293,11409,7357,16.5,42
2008,31013,NE,Box Butte County,rural,Midwest,West North Central,1075.293,11482,7360,15.75,44
2009,31013,NE,Box Butte County,rural,Midwest,West North Central,1075.293,11347,7275,15,45
2010,31013,NE,Box Butte County,rural,Midwest,West North Central,1075.293,11308,7259,14.25,41
2010,31013,NE,Box Butte County,rural,Midwest,West North Central,1075.293,11308,7259,14.25,41
2011,31013,NE,Box Butte County,rural,Midwest,West North Central,1075.293,11274,7228,13.5,33
2012,31013,NE,Box Butte County,rural,Midwest,West North Central,1075.293,11295,7230,12.75,28
2013,31013,NE,Box Butte County,rural,Midwest,West North Central,1075.293,11265,7188,12,39
2014,31013,NE,Box Butte County,RURAL,Midwest,West North Central,1075.293,11297,7121,12,34
2015,31013,NE,Box Butte County,rural,Midwest,West North Central,1075.293,11300,7060,12,33
2016,31013,NE,Box Butte County,rural,Midwest,West North Central,1075.293,11327,6990,,
1970,31015,NE,Boyd County,rural,Midwest,West North Central,539.935,3755,2030,0,
1971,31015,NE,Boyd County,rural,Midwest,West North Central,539.935,3771,2068,0,
1972,31015,NE,Boyd County,rural,Midwest,West North Central,539.935,3618,1999,0,
1973,31015,NE,Boyd County,rural,Midwest,West North Central,539.935,3644,2053,0,
1974,31015,NE,Boyd County, rural,Midwest,West North Central,539.935,3543,2027,0,
1975,31015,NE,Boyd County,rural,Midwest,West North Central,539.935,3496,2031,0,
1976,31015,NE,Boyd County,rural,Midwest,West North Central,539.935,3544,2083,0,
1977,31015,NE,Boyd County,rural,Midwest,West North Central,539.935,3482,2048,0,
1978,31015,NE,Boyd County,RURAL,Midwest,West North Central,539.935,3398,1993,0,
1979,31015,NE,Boyd County,rural,Midwest,West North Central,539.935,3337,1956,0,
1980,31015,NE,Boyd County,RURAL,Midwest,West North Central,539.935,3322,1951,0,
1981,31015,NE,Boyd County,rural,Midwest,West North Central,539.935,3277,1908,0,
1981,31015,NE,Boyd County,rural,Midwest,West North Central,539.935,3277,1908,0,
1982,31015,NE,Boyd County,rural,Midwest,West North Central,539.935,3227,1854,0,
1983,31015,NE,Boyd County,rural,Midwest,West North Central,539.935,3257,1855,0,0
1984,31015,NE,Boyd County,RURAL,Midwest,West North Central,539.935,3238,1826,0,0
1985,31015,NE,Boyd County,rural,Midwest,West North Central,539.935,3074,1709,0,0
1986,31015,NE,Boyd County,rural,Midwest,West North Central,539.935,2989,1642,0,
1987,31015,NE,Boyd County,rural,Midwest,West North Central,539.935,2958,1602,0,
1988,31015,NE,Boyd County,rural,Midwest,West North Central,539.935,2917,1564,0,
1989,31015,NE,Boyd County,rural,Midwest,West North Central,539.935,2871,1513,0,
1990,31015,NE,Boyd County,rural,Midwest,West North Central,539.935,2830,1482,0,
1991,31015,NE,Boyd County,RURAL,Midwest,West North Central,539.935,2769,1458,0,
1992,31015,NE,Boyd County,rural,Midwest,West North Central,539.935,2732,1446,0,
1993,31015,NE,Boyd County,rural,Midwest,West North Central,539.935,2726,1449,0,0
1994,31015,NE,Boyd County,rural,Midwest,West North Central,539.935,2707,1450,0,0
1995,31015,NE,Boyd County,rural,Midwest,West North Central,539.935,2705,1462,0,0
1996,31015,NE,Boyd County,rural,Midwest,West North Central,539.935,2666,1478,0,0
1997,31015,NE,Boyd County,  RURAL ,Midwest,West North Central,539.935,2608,1444,0,
1998,31015,NE,Boyd County,  RURAL ,Midwest,West North Central,539.935,2508,1387,0,
1999,31015,NE,Boyd County,rural,Midwest,West North Central,539.935,2458,1373,0,
1999,31015,NE,Boyd County,rural,Midwest,West North Central,539.935,2458,1373,0,
2000,31015,NE,Boyd County,rural,Midwest,West North Central,539.935,2431,1372,0,0
2001,31015,NE,Boyd County,rural,Midwest,West North Central,539.935,2390,1344,0,0
2002,31015,NE,Boyd County,RURAL,Midwest,West North Central,539.935,2352,1348,0,0
2003,31015,NE,Boyd County,rural,Midwest,West North Central,539.935,2304,1318,0,0
2004,31015,NE,Boyd County,  RURAL ,Midwest,West North Central,539.935,2246,1281,0,0
2005,31015,NE,Boyd County,rural,Midwest,West North Central,539.935,2219,1289,0,0
2006,31015,NE,Boyd County,rural,Midwest,West North Central,539.935,2143,1226,0,0
2007,31015,NE,Boyd County,rural,Midwest,West North Central,539.935,2109,1215,0,0
2008,31015,NE,Boyd County,rural,Midwest,West North Central,539.935,2102,1211,0,0
2009,31015,NE,Boyd County,rural,Midwest,West North Central,539.935,2075,1158,0,0
2010,31015,NE,Boyd County,rural,Midwest,West North Central,539.935,2099,1188,0,0
2011,31015,NE,Boyd County,  RURAL ,Midwest,West North Central,539.935,2105,1195,0,
2011,31015,NE,Boyd County,  RURAL ,Midwest,West North Central,539.935,2105,1195,0,
2012,31015,NE,Boyd County,rural,Midwest,West North Central,539.935,2078,1171,0,0
2013,31015,NE,Boyd County,rural,Midwest,West North Central,539.935,2060,1154,0,
2014,31015,NE,Boyd County,rural,Midwest,West North Central,539.935,2016,1124,0,
2015,31015,NE,Boyd County,rural,Midwest,West North Central,539.935,2021,1117,501,
2015,31015,,,,,,,,,0,
2016,31015,NE,Boyd County,rural,Midwest,West North Central,539.935,2002,1103,,
1970,31017,NE,Brown County,rural,Midwest,West North Central,1221.356,4012,2228,6.641934,
1971,31017,NE,Brown County,rural,Midwest,West North Central,1221.356,3985,2220,5.526054,
1972,31017,NE,Brown County,rural,Midwest,West North Central,1221.356,4075,2301,5.217687,
1973,31017,NE,Brown County,rural,Midwest,West North Central,1221.356,4128,2360,4.829975,
1973,31017,NE,Brown County,rural,Midwest,West North Central,1221.356,4128,2360,4.829975,
1974,31017,NE,Brown County,rural,Midwest,West North Central,1221.356,4115,2369,4.453008,
1975,31017,NE,Brown County,rural,Midwest,West North Central,1221.356,4059,2345,4.064765,
1976,31017,NE,Brown County,rural,Midwest,West North Central,1221.356,4141,2407,3.722549,
1977,31017,NE,Brown County,rural,Midwest,West North Central,1221.356,4237,2475,3.363787,
1978,31017,NE,Brown County,rural  ,Midwest,West North Central,1221.356,4258,2480,3.020706,
1979,31017,NE,Brown County,rural,Midwest,West North Central,1221.356,4210,2451,3.172327,
1979,31017,NE,Brown County,rural,Midwest,West North Central,1221.356,4210,2451,3.172327,
1980,31017,NE,Brown County,rural  ,Midwest,West North Central,1221.356,4382,2572,3.369098,
1981,31017,NE,Brown County,rural,Midwest,West North Central,1221.356,4379,2561,3.53878,
1982,31017,NE,Brown County,rural,Midwest,West North Central,1221.356,4409,2565,3.73204,
1983,31017,NE,Brown County, rural,Midwest,West North Central,1221.356,4348,2521,3.884438,6
1984,31017,NE,Brown County,rural,Midwest,West North Central,1221.356,4273,2469,3.24665,
1985,31017,NE,Brown County,rural,Midwest,West North Central,1221.356,4146,2387,2.634145,
1986,31017,NE,Brown County,rural,Midwest,West North Central,1221.356,4009,2297,2.00544,
1987,31017,NE,Brown County,rural,Midwest,West North Central,1221.356,3863,2201,1.387185,
1988,31017,NE,Brown County,rural,Midwest,West North Central,1221.356,3799,2158,0.7754222,
1989,31017,NE,Brown County,rural,Midwest,West North Central,1221.356,3709,2088,0.9269701,
1990,31017,NE,Brown County,rural,Midwest,West North Central,1221.356,3656,2056,1.087009,
1991,31017,NE,Brown County,rural,Midwest,West North Central,1221.356,3676,2069,1.246386,
1992,31017,NE,Brown County,rural,Midwest,West North Central,1221.356,3676,2065,1.410091,
1993,31017,NE,Brown County,rural,Midwest,West North Central,1221.356,3673,2068,1.557229,
1994,31017,NE,Brown County,RURAL,Midwest,West North Central,1221.356,3662,2068,1.549644,
1994,31017,NE,Brown County,RURAL,Midwest,West North Central,1221.356,3662,2068,1.549644,
1995,31017,NE,Brown County,rural,Midwest,West North Central,1221.356,3664,2083,1.546399,
1996,31017,NE,Brown County,rural,Midwest,West North Central,1221.356,3642,2080,1.535055,
1997,31017,NE,Brown County,rural,Midwest,West North Central,1221.356,3631,2080,2.317118,
1998,31017,NE,Brown County,rural,Midwest,West North Central,1221.356,3574,2064,2.317365,
1999,31017,NE,Brown County,rural,Midwest,West North Central,1221.356,3559,2057,1.550697,
1999,31017,NE,Brown County,rural,Midwest,West North Central,1221.356,3559,2057,1.550697,
2000,31017,NE,Brown County,rural,Midwest,West North Central,1221.356,3534,2045,1.429343,
2001,31017,NE,Brown County,rural,Midwest,West North Central,1221.356,3510,2028,1.307038,
2002,31017,NE,Brown County,rural,Midwest,West North Central,1221.356,3497,2028,1.172254,
2003,31017,NE,Brown County,rural,Midwest,West North Central,1221.356,3478,2025,1.044892,
2004,31017,NE,Brown County,RURAL,Midwest,West North Central,1221.356,3441,2012,0.9212454,
2004,31017,NE,Brown County,RURAL,Midwest,West North Central,1221.356,3441,2012,0.9212454,
2005,31017,NE,Brown County,RURAL,Midwest,West North Central,1221.356,3329,1928,0.7850163,
2006,31017,NE,Brown County,rural,Midwest,West North Central,1221.356,3319,1917,0.7905155,
2007,31017,NE,Brown County,rural,Midwest,West North Central,1221.356,3225,1866,0.7880068,0
2008,31017,NE,Brown County,rural,Midwest,West North Central,1221.356,3149,1801,0.7844077,
2009,31017,NE,Brown County,rural,Midwest,West North Central,1221.356,3115,1806,501,
2009,31017,,,,,,,,,0.7872711,
2010,31017,NE,Brown County,rural,Midwest,West North Central,1221.356,3143,1833,0.7930142,
2011,31017,NE,Brown County,rural,Midwest,West North Central,1221.356,3154,1837,0.7936786,4
2012,31017,NE,Brown County,rural,Midwest,West North Central,1221.356,3098,1811,0.7938282,
2013,31017,NE,Brown County,rural,Midwest,West North Central,1221.356,3052,1774,0.7940367,4
2014,31017,NE,Brown County,rural,Midwest,West North Central,1221.356,2959,1729,0.7940367,4
2015,31017,NE,Brown County,rural  ,Midwest,West North Central,1221.356,2974,1746,0.7940367,
2016,31017,NE,Brown County,rural,Midwest,West North Central,1221.356,2982,1729,,
1970,31019,NE,Buffalo County,rural,Midwest,West North Central,968.091,31307,19850,14,
1971,31019,NE,Buffalo County,rural,Midwest,West North Central,968.091,31622,20097,14.75,
1972,31019,NE,Buffalo County,rural,Midwest,West North Central,968.091,32100,20499,15.5,
1973,31019,NE,Buffalo County,rural,Midwest,West North Central,968.091,31779,20352,16.25,
1974,31019,NE,Buffalo County,rural,Midwest,West North Central,968.091,31831,20445,17,
1975,31019,NE,Buffalo County,rural,Midwest,West North Central,968.091,32768,21156,17.75,
1976,31019,NE,Buffalo County,rural,Midwest,West North Central,968.091,33376,21810,18.5,
1977,31019,NE,Buffalo County,rural,Midwest,West North Central,968.091,33948,22344,19.25,
1978,31019,NE,Buffalo County,Rural,Midwest,West North Central,968.091,34009,22472,20,
1979,31019,NE,Buffalo County,rural,Midwest,West North Central,968.091,34395,22819,19.4,
1979,31019,NE,Buffalo County,rural,Midwest,West North Central,968.091,34395,22819,19.4,
1980,31019,NE,Buffalo County,rural,Midwest,West North Central,968.091,35017,23303,18.8,
1981,31019,NE,Buffalo County,rural,Midwest,West North Central,968.091,35701,23797,18.2,
1982,31019,NE,Buffalo County,rural,Midwest,West North Central,968.091,36289,24173,17.6,
1983,31019,NE,Buffalo County,rural,Midwest,West North Central,968.091,36853,24537,17,54
1984,31019,NE,Buffalo County,rural,Midwest,West North Central,968.091,37144,24741,592,41
1984,31019,,,,,,,,,26,
1985,31019,NE,Buffalo County,rural,Midwest,West North Central,968.091,37086,24690,35,44
1986,31019,NE,Buffalo County,rural,Midwest,West North Central,968.091,36605,24349,27,56
1987,31019,NE,Buffalo County,rural,Midwest,West North Central,968.091,36638,24350,27,57
1988,31019,NE,Buffalo County,rural  ,Midwest,West North Central,968.091,36923,24525,31,50
1988,31019,NE,Buffalo County,rural  ,Midwest,West North Central,968.091,36923,24525,31,50
1989,31019,NE,Buffalo County,rural,Midwest,West North Central,968.091,37099,24564,34.2,38
1990,31019,NE,Buffalo County,rural,Midwest,West North Central,968.091,37603,24959,37.4,37
1991,31019,NE,Buffalo County,rural,Midwest,West North Central,968.091,38195,25312,40.6,58
1992,31019,NE,Buffalo County,rural,Midwest,West North Central,968.091,38774,25861,43.8,50
1993,31019,NE,Buffalo County,RURAL,Midwest,West North Central,968.091,39515,26415,47,48
1994,31019,NE,Buffalo County,Rural,Midwest,West North Central,968.091,39834,26643,42,46
1995,31019,NE,Buffalo County,rural,Midwest,West North Central,968.091,40381,27183,46,66
1996,31019,NE,Buffalo County,rural,Midwest,West North Central,968.091,41084,27804,48,86
1997,31019,NE,Buffalo County,rural,Midwest,West North Central,968.091,41310,28000,56,75
1997,31019,NE,Buffalo County,rural,Midwest,West North Central,968.091,41310,28000,56,75
1998,31019,NE,Buffalo County,Rural,Midwest,West North Central,968.091,41716,28317,60,96
1999,31019,NE,Buffalo County,rural,Midwest,West North Central,968.091,41904,28492,40,83
2000,31019,NE,Buffalo County,rural,Midwest,West North Central,968.091,42310,28855,43.5,94
2001,31019,NE,Buffalo County,rural,Midwest,West North Central,968.091,42418,29085,47,92
2001,31019,NE,Buffalo County,rural,Midwest,West North Central,968.091,42418,29085,47,92
2002,31019,NE,Buffalo County,rural,Midwest,West North Central,968.091,42949,29606,50.5,91
2003,31019,NE,Buffalo County,rural,Midwest,West North Central,968.091,43251,29865,54,81
2004,31019,NE,Buffalo County,rural,Midwest,West North Central,968.091,43753,30225,57.5,85
2005,31019,NE,Buffalo County,rural,Midwest,West North Central,968.091,44131,30454,61,106
2006,31019,NE,Buffalo County,rural,Midwest,West North Central,968.091,44645,30743,66.625,103
2007,31019,NE,Buffalo County,rural,Midwest,West North Central,968.091,45060,30903,72.25,105
2008,31019,NE,Buffalo County,rural,Midwest,West North Central,968.091,45343,30966,77.875,123
2009,31019,NE,Buffalo County,rural,Midwest,West North Central,968.091,45970,31320,83.5,132
2010,31019,NE,Buffalo County,  RURAL ,Midwest,West North Central,968.091,46102,31295,89.125,155
2011,31019,NE,Buffalo County,rural,Midwest,West North Central,968.091,46180,31356,94.75,160
2012,31019,NE,Buffalo County,rural,Midwest,West North Central,968.091,46843,31890,100.375,160
2013,31019,NE,Buffalo County,rural,Midwest,West North Central,968.091,47668,32313,106,161
2014,31019,NE,Buffalo County, rural,Midwest,West North Central,968.091,48050,32458,113,165
2015,31019,NE,Buffalo County,rural,Midwest,West North Central,968.091,48261,32476,120,166
2016,31019,NE,Buffalo County,rural,Midwest,West North Central,968.091,48743,32649,,
1970,31021,NE,Burt County,rural,Midwest,West North Central,491.586,9226,5176,3.889974,
1971,31021,NE,Burt County,rural,Midwest,West North Central,491.586,9123,5106,2.099353,
1972,31021,NE,Burt County,rural,Midwest,West North Central,491.586,8879,4957,1.897641,
1973,31021,NE,Burt County,rural,Midwest,West North Central,491.586,8975,5043,1.767788,
1974,31021,NE,Burt County,rural,Midwest,West North Central,491.586,9076,5141,1.645061,
1975,31021,NE,Burt County,rural,Midwest,West North Central,491.586,9102,5196,1.504844,
1976,31021,NE,Burt County,small/mid,Midwest,West North Central,491.586,9090,5232,1.357128,
1977,31021,NE,Burt County,rural,Midwest,West North Central,491.586,8886,5123,1.178524,
1978,31021,NE,Burt County,rural,Midwest,West North Central,491.586,8964,5194,1.051488,
1979,31021,NE,Burt County,small/mid,Midwest,West North Central,491.586,8685,5033,1.019032,
1980,31021,NE,Burt County,small/mid,Midwest,West North Central,491.586,8787,5111,1.021996,
1981,31021,NE,Burt County,rural,Midwest,West North Central,491.586,8663,5023,1.005136,
1982,31021,NE,Burt County,small/mid,Midwest,West North Central,491.586,8546,4934,0.9885134,
1982,31021,NE,Burt County,rural,Midwest,West North Central,491.586,8546,4934,0.9885134,
1983,31021,NE,Burt County,rural,Midwest,West North Central,491.586,8551,4912,0.9824655,
1984,31021,NE,Burt County, rural,Midwest,West North Central,491.586,8541,4897,1.176299,
1984,31021,NE,Burt County,small/mid,Midwest,West North Central,491.586,8541,4897,1.176299,
1985,31021,NE,Burt County,small/mid,Midwest,West North Central,491.586,8386,4795,1.34682,
1986,31021,NE,Burt County,rural,Midwest,West North Central,491.586,8158,4641,1.500829,
1986,31021,NE,Burt County,rural,Midwest,West North Central,491.586,8158,4641,1.500829,
1987,31021,NE,Burt County, rural,Midwest,West North Central,491.586,8036,4548,1.65616,
1988,31021,NE,Burt County,rural  ,Midwest,West North Central,491.586,7899,4455,1.7977,
1989,31021,NE,Burt County,rural,Midwest,West North Central,491.586,7871,4409,2.014054,
1990,31021,NE,Burt County,rural,Midwest,West North Central,491.586,7880,4425,529,
1990,31021,,,,,,,,,2.241552,
1991,31021,NE,Burt County,small/mid,Midwest,West North Central,491.586,7817,4380,2.455419,
1992,31021,NE,Burt County,small/mid,Midwest,West North Central,491.586,7818,4398,2.665279,4
1993,31021,NE,Burt County,small/mid,Midwest,West North Central,491.586,7805,4388,2.850091,
1994,31021,NE,Burt County,small/mid,Midwest,West North Central,491.586,7783,4389,3.629688,4
1995,31021,NE,Burt County,rural,Midwest,West North Central,491.586,7831,4438,4.399713,6
1996,31021,NE,Burt County,rural,Midwest,West North Central,491.586,7849,4457,5.137352,7
1996,31021,NE,Burt County,rural,Midwest,West North Central,491.586,7849,4457,5.137352,7
1997,31021,NE,Burt County, rural,Midwest,West North Central,491.586,7803,4419,5.809577,8
1998,31021,NE,Burt County,rural,Midwest,West North Central,491.586,7786,4451,6.529827,15
1999,31021,NE,Burt County,  RURAL ,Midwest,West North Central,491.586,7799,4476,7.268419,13
2000,31021,NE,Burt County,small/mid,Midwest,West North Central,491.586,7786,4503,7.386811,10
2001,31021,NE,Burt County,rural,Midwest,West North Central,491.586,7659,4461,7.393631,7
2002,31021,NE,Burt County,small/mid,Midwest,West North Central,491.586,7486,4381,7.3776,11
2003,31021,NE,Burt County, rural,Midwest,West North Central,491.586,7366,4333,7.381168,14
2004,31021,NE,Burt County,rural,Midwest,West North Central,491.586,7399,4357,7.499796,9
2005,31021,NE,Burt County,rural,Midwest,West North Central,491.586,7225,4261,7.425501,9
2006,31021,NE,Burt County,small/mid,Midwest,West North Central,491.586,7122,4193,7.124559,9
2007,31021,NE,Burt County,small/mid,Midwest,West North Central,491.586,6999,4109,6.814754,10
2008,31021,NE,Burt County,rural,Midwest,West North Central,491.586,6967,4076,6.652208,12
2009,31021,NE,Burt County,small/mid,Midwest,West North Central,491.586,6885,4024,6.435592,10
2010,31021,NE,Burt County,rural,Midwest,West North Central,491.586,6858,4012,6.216124,6
2011,31021,NE,Burt County,rural  ,Midwest,West North Central,491.586,6840,4007,6.085614,4
2012,31021,NE,Burt County,rural,Midwest,West North Central,491.586,6780,4007,5.836822,6
2013,31021,NE,Burt County,rural,Midwest,West North Central,491.586,6679,3893,5.644638,6
2014,31021,NE,Burt County,small/mid,Midwest,West North Central,491.586,6568,3819,4.714768,7
2014,31021,NE,Burt County,small/mid,Midwest,West North Central,491.586,6568,3819,4.714768,7
2015,31021,NE,Burt County,rural,Midwest,West North Central,491.586,6544,3788,3.861518,9
2016,31021,NE,Burt County,rural,Midwest,West North Central,491.586,6535,3804,,
1970,31023,NE,Butler County,rural,Midwest,West North Central,584.9,9440,5198,2,
1971,31023,NE,Butler County,rural,Midwest,West North Central,584.9,9373,5186,2.076923,
1972,31023,NE,Butler County,rural,Midwest,West North Central,584.9,9196,5106,2.153846,
1973,31023,NE,Butler County,rural,Midwest,West North Central,584.9,9197,5154,2.230769,
1974,31023,NE,Butler County,RURAL,Midwest,West North Central,584.9,9205,5208,2.307692,
1975,31023,NE,Butler County,rural,Midwest,West North Central,584.9,9132,5211,2.384615,
1976,31023,NE,Butler County,rural,Midwest,West North Central,584.9,9224,5311,2.461539,
1977,31023,NE,Butler County,Rural,Midwest,West North Central,584.9,9173,5286,2.538461,
1977,31023,NE,Butler County,Rural,Midwest,West North Central,584.9,9173,5286,2.538461,
1978,31023,NE,Butler County,rural,Midwest,West North Central,584.9,9230,5348,2.615385,
1979,31023,NE,Butler County,rural,Midwest,West North Central,584.9,8947,5158,2.692308,
1980,31023,NE,Butler County,rural,Midwest,West North Central,584.9,9334,5445,2.769231,
1981,31023,NE,Butler County,rural,Midwest,West North Central,584.9,9294,5409,2.846154,
1982,31023,NE,Butler County,rural,Midwest,West North Central,584.9,9297,5391,2.923077,
1983,31023,NE,Butler County,rural,Midwest,West North Central,584.9,9239,5332,3,4
1984,31023,NE,Butler County,rural,Midwest,West North Central,584.9,9104,5239,3,
1985,31023,NE,Butler County,rural,Midwest,West North Central,584.9,9033,5182,3,
1986,31023,NE,Butler County,rural,Midwest,West North Central,584.9,8874,5071,3,
1986,31023,NE,Butler County,rural,Midwest,West North Central,584.9,8874,5071,3,
1987,31023,NE,Butler County,rural,Midwest,West North Central,584.9,8772,4995,3,5
1987,31023,NE,Butler County,rural,Midwest,West North Central,584.9,8772,4995,3,5
1988,31023,NE,Butler County,rural,Midwest,West North Central,584.9,8791,4988,3,9
1989,31023,NE,Butler County,rural,Midwest,West North Central,584.9,8740,4921,3.2,11
1990,31023,NE,Butler County,rural,Midwest,West North Central,584.9,8580,4823,3.4,11
1990,31023,NE,Butler County,rural,Midwest,West North Central,584.9,8580,4823,3.4,11
1991,31023,NE,Butler County,rural,Midwest,West North Central,584.9,8618,4848,3.6,10
1992,31023,NE,Butler County,rural,Midwest,West North Central,584.9,8697,4936,3.8,9
1993,31023,NE,Butler County,rural,Midwest,West North Central,584.9,8621,4915,4,6
1994,31023,NE,Butler County,rural,Midwest,West North Central,584.9,8660,4978,6,7
1995,31023,NE,Butler County,rural,Midwest,West North Central,584.9,8678,5035,8,12
1996,31023,NE,Butler County,rural,Midwest,West North Central,584.9,8742,5125,10,20
1997,31023,NE,Butler County,rural,Midwest,West North Central,584.9,8758,5167,12,23
1998,31023,NE,Butler County,rural,Midwest,West North Central,584.9,8817,5234,14,21
1999,31023,NE,Butler County,rural  ,Midwest,West North Central,584.9,8743,5212,16,17
2000,31023,NE,Butler County,rural,Midwest,West North Central,584.9,8826,5338,17.5,25
2001,31023,NE,Butler County,Rural,Midwest,West North Central,584.9,8878,5372,19,19
2002,31023,NE,Butler County,rural  ,Midwest,West North Central,584.9,8817,5341,20.5,18
2003,31023,NE,Butler County,rural,Midwest,West North Central,584.9,8716,5292,22,24
2003,31023,NE,Butler County,rural,Midwest,West North Central,584.9,8716,5292,22,24
2004,31023,NE,Butler County,rural,Midwest,West North Central,584.9,8631,5254,23.5,22
2005,31023,NE,Butler County,rural,Midwest,West North Central,584.9,8479,5202,25,25
2006,31023,NE,Butler County,rural,Midwest,West North Central,584.9,8396,5162,24.75,24
2007,31023,NE,Butler County,rural,Midwest,West North Central,584.9,8375,5155,24.5,23
2008,31023,NE,Butler County,rural,Midwest,West North Central,584.9,8355,5122,24.25,20
2009,31023,NE,Butler County,rural,Midwest,West North Central,584.9,8387,5109,24,21
2010,31023,NE,Butler County,rural,Midwest,West North Central,584.9,8395,5103,23.75,25
2011,31023,NE,Butler County,rural,Midwest,West North Central,584.9,8374,5096,23.5,25
2012,31023,NE,Butler County,rural,Midwest,West North Central,584.9,8254,5041,23.25,23
2013,31023,NE,Butler County,rural,Midwest,West North Central,584.9,8251,5030,23,19
2014,31023,NE,Butler County,rural,Midwest,West North Central,584.9,8230,5023,23,20
2015,31023,NE,Butler County,rural,Midwest,West North Central,584.9,8178,4963,23,19
2016,31023,NE,Butler County,RURAL,Midwest,West North Central,584.9,8057,4896,,
1970,31025,NE,Cass County,small/mid,Midwest,West North Central,557.369,18252,10673,4,
1971,31025,NE,Cass County,small/mid,Midwest,West North Central,557.369,18965,11189,4.375,
1972,31025,NE,Cass County,SMALL/MID,Midwest,West North Central,557.369,19066,11334,4.75,
1973,31025,NE,Cass County,small/mid,Midwest,West North Central,557.369,19932,12004,5.125,
1974,31025,NE,Cass County,small/mid,Midwest,West North Central,557.369,20050,12156,5.5,
1975,31025,NE,Cass County,small/mid,Midwest,West North Central,557.369,19955,12153,5.875,
1975,31025,NE,Cass County,small/mid,Midwest,West North Central,557.369,19955,12153,5.875,
1976,31025,NE,Cass County,small/mid  ,Midwest,West North Central,557.369,20198,12405,6.25,
1977,31025,NE,Cass County,small/mid,Midwest,West North Central,557.369,21000,13048,6.625,
1978,31025,NE,Cass County, small/mid,Midwest,West North Central,557.369,20968,13118,7,
1978,31025,NE,Cass County, small/mid,Midwest,West North Central,557.369,20968,13118,7,
1979,31025,NE,Cass County,small/mid,Midwest,West North Central,557.369,20786,13076,7.4,
1980,31025,NE,Cass County,small/mid,Midwest,West North Central,557.369,20313,12743,508,
1980,31025,,,,,,,,,7.8,
1981,31025,NE,Cass County,small/mid,Midwest,West North Central,557.369,20287,12739,8.2,
1982,31025,NE,Cass County,small/mid,Midwest,West North Central,557.369,20552,12898,8.6,
1982,31025,NE,Cass County,small/mid,Midwest,West North Central,557.369,20552,12898,8.6,
1983,31025,NE,Cass County,small/mid  ,Midwest,West North Central,557.369,20799,13045,536,7
1983,31025,,,,,,,,,9,
1984,31025,NE,Cass County,small/mid,Midwest,West North Central,557.369,20888,13105,9.4,10
1985,31025,NE,Cass County,small/mid,Midwest,West North Central,557.369,21028,13194,9.8,7
1986,31025,NE,Cass County,small/mid,Midwest,West North Central,557.369,21268,13343,10.2,9
1987,31025,NE,Cass County,small/mid,Midwest,West North Central,557.369,21285,13350,10.6,13
1987,31025,NE,Cass County,small/mid,Midwest,West North Central,557.369,21285,13350,10.6,13
1988,31025,NE,Cass County,small/mid,Midwest,West North Central,557.369,21196,13294,11,15
1989,31025,NE,Cass County,small/mid,Midwest,West North Central,557.369,21240,13276,11.4,14
1989,31025,NE,Cass County,small/mid,Midwest,West North Central,557.369,21240,13276,11.4,14
1990,31025,NE,Cass County,small/mid,Midwest,West North Central,557.369,21359,13352,11.8,14
1991,31025,NE,Cass County,small/mid,Midwest,West North Central,557.369,21535,13492,12.2,19
1992,31025,NE,Cass County,small/mid,Midwest,West North Central,557.369,21914,13774,12.6,23
1993,31025,NE,Cass County,small/mid,Midwest,West North Central,557.369,21874,13756,592,18
1993,31025,,,,,,,,,13,
1994,31025,NE,Cass County,small/mid,Midwest,West North Central,557.369,22232,13997,16.25,21
1995,31025,NE,Cass County,small/mid,Midwest,West North Central,557.369,22533,14296,19.5,25
1996,31025,NE,Cass County,small/mid,Midwest,West North Central,557.369,23041,14688,22.75,24
1997,31025,NE,Cass County,small/mid,Midwest,West North Central,557.369,23393,14961,26,30
1998,31025,NE,Cass County,small/mid,Midwest,West North Central,557.369,23859,15342,29.25,27
1999,31025,NE,Cass County, small/mid,Midwest,West North Central,557.369,24184,15607,32.5,28
1999,31025,NE,Cass County, small/mid,Midwest,West North Central,557.369,24184,15607,32.5,28
2000,31025,NE,Cass County,small/mid,Midwest,West North Central,557.369,24365,15756,35.75,31
2001,31025,NE,Cass County,small/mid,Midwest,West North Central,557.369,24460,15901,39,51
2002,31025,NE,Cass County,small/mid,Midwest,West North Central,557.369,24602,16032,543,48
2002,31025,,,,,,,,,42.25,
2003,31025,NE,Cass County,  SMALL/MID ,Midwest,West North Central,557.369,24868,16243,45.5,40
2004,31025,NE,Cass County,small/mid,Midwest,West North Central,557.369,25074,16379,48.75,44
2005,31025,NE,Cass County,small/mid,Midwest,West North Central,557.369,25170,16559,52,42
2006,31025,NE,Cass County,small/mid,Midwest,West North Central,557.369,25240,16570,55.25,40
2007,31025,NE,Cass County,small/mid,Midwest,West North Central,557.369,25256,16642,58.5,38
2008,31025,NE,Cass County,small/mid,Midwest,West North Central,557.369,25322,16629,61.75,38
2009,31025,NE,Cass County,small/mid,Midwest,West North Central,557.369,25122,16431,65,31
2010,31025,NE,Cass County,small/mid,Midwest,West North Central,557.369,25241,16425,68.25,23
2011,31025,NE,Cass County,small/mid,Midwest,West North Central,557.369,25240,16428,71.5,25
2012,31025,NE,Cass County,small/mid,Midwest,West North Central,557.369,25235,16393,74.75,26
2013,31025,NE,Cass County,small/mid,Midwest,West North Central,557.369,25124,16195,78,29
2014,31025,NE,Cass County,small/mid,Midwest,West North Central,557.369,25293,16299,78,36
2015,31025,NE,Cass County,small/mid,Midwest,West North Central,557.369,25393,16261,78,40
2016,31025,NE,Cass County,small/mid,Midwest,West North Central,557.369,25398,16207,,
1970,31027,NE,Cedar County,RURAL,Midwest,West North Central,740.243,12154,6335,3,
1971,31027,NE,Cedar County,rural,Midwest,West North Central,740.243,11991,6292,2.923077,
1972,31027,NE,Cedar County,rural,Midwest,West North Central,740.243,11831,6274,2.846154,
1973,31027,NE,Cedar County,rural,Midwest,West North Central,740.243,11554,6179,2.769231,
1973,31027,NE,Cedar County,rural,Midwest,West North Central,740.243,11554,6179,2.769231,
1974,31027,NE,Cedar County,rural,Midwest,West North Central,740.243,11438,6197,2.692308,
1975,31027,NE,Cedar County,rural,Midwest,West North Central,740.243,11332,6223,2.615385,
1976,31027,NE,Cedar County,rural,Midwest,West North Central,740.243,11219,6208,2.538461,
1977,31027,NE,Cedar County,rural,Midwest,West North Central,740.243,11091,6189,529,
1977,31027,,,,,,,,,2.461539,
1978,31027,NE,Cedar County,rural,Midwest,West North Central,740.243,10779,6013,2.384615,
1979,31027,NE,Cedar County,rural,Midwest,West North Central,740.243,10847,6097,2.307692,
1980,31027,NE,Cedar County,rural,Midwest,West North Central,740.243,11361,6470,2.230769,
1981,31027,NE,Cedar County, rural,Midwest,West North Central,740.243,11245,6389,2.153846,
1981,31027,NE,Cedar County, rural,Midwest,West North Central,740.243,11245,6389,2.153846,
1982,31027,NE,Cedar County,rural,Midwest,West North Central,740.243,11075,6259,2.076923,
1983,31027,NE,Cedar County,rural,Midwest,West North Central,740.243,11095,6249,2,
1984,31027,NE,Cedar County,rural,Midwest,West North Central,740.243,10939,6143,2.2,0
1985,31027,NE,Cedar County,rural,Midwest,West North Central,740.243,10755,6024,2.4,
1986,31027,NE,Cedar County,rural,Midwest,West North Central,740.243,10516,5869,2.6,
1987,31027,NE,Cedar County,RURAL,Midwest,West North Central,740.243,10354,5752,2.8,
1988,31027,NE,Cedar County,rural,Midwest,West North Central,740.243,10334,5723,3,
1989,31027,NE,Cedar County,rural,Midwest,West North Central,740.243,10191,5598,4,4
1989,31027,NE,Cedar County,rural,Midwest,West North Central,740.243,10191,5598,4,4
1990,31027,NE,Cedar County,rural,Midwest,West North Central,740.243,10130,5553,5,
1991,31027,NE,Cedar County,rural  ,Midwest,West North Central,740.243,10116,5538,6,
1992,31027,NE,Cedar County,rural  ,Midwest,West North Central,740.243,10123,5568,7,
1993,31027,NE,Cedar County,rural  ,Midwest,West North Central,740.243,10141,5565,8,10
1994,31027,NE,Cedar County,rural,Midwest,West North Central,740.243,10091,5537,7.333333,11
1995,31027,NE,Cedar County,rural,Midwest,West North Central,740.243,10056,5561,6.666667,8
1996,31027,NE,Cedar County,rural,Midwest,West North Central,740.243,9981,5549,6,13
1997,31027,NE,Cedar County,rural,Midwest,West North Central,740.243,9884,5512,5.333333,9
1998,31027,NE,Cedar County,rural  ,Midwest,West North Central,740.243,9716,5421,4.666667,11
1999,31027,NE,Cedar County,rural,Midwest,West North Central,740.243,9697,5448,4,11
2000,31027,NE,Cedar County,rural,Midwest,West North Central,740.243,9604,5409,3.5,9
2001,31027,NE,Cedar County,rural,Midwest,West North Central,740.243,9470,5398,3,6
2002,31027,NE,Cedar County,rural,Midwest,West North Central,740.243,9391,5354,2.5,
2003,31027,NE,Cedar County,rural,Midwest,West North Central,740.243,9291,5368,2,4
2004,31027,NE,Cedar County,rural,Midwest,West North Central,740.243,9246,5378,1.5,4
2005,31027,NE,Cedar County,rural,Midwest,West North Central,740.243,9240,5419,1,6
2005,31027,NE,Cedar County,rural,Midwest,West North Central,740.243,9240,5419,1,6
2006,31027,NE,Cedar County,rural,Midwest,West North Central,740.243,9060,5336,1.375,12
2007,31027,NE,Cedar County,rural,Midwest,West North Central,740.243,8941,5286,1.75,12
2008,31027,NE,Cedar County,rural,Midwest,West North Central,740.243,8839,5253,2.125,13
2009,31027,NE,Cedar County,rural,Midwest,West North Central,740.243,8854,5238,529,10
2009,31027,,,,,,,,,2.5,
2010,31027,NE,Cedar County,rural,Midwest,West North Central,740.243,8852,5228,2.875,10
2011,31027,NE,Cedar County,rural,Midwest,West North Central,740.243,8818,5219,3.25,7
2012,31027,NE,Cedar County,rural,Midwest,West North Central,740.243,8750,5179,3.625,9
2013,31027,NE,Cedar County,Rural,Midwest,West North Central,740.243,8697,5145,4,11
2014,31027,NE,Cedar County,rural,Midwest,West North Central,740.243,8624,5099,4,9
2015,31027,NE,Cedar County,rural,Midwest,West North Central,740.243,8542,5029,4,6
2016,31027,NE,Cedar County,rural,Midwest,West North Central,740.243,8514,4946,,
1970,31029,NE,Chase County,rural,Midwest,West North Central,894.419,4123,2324,1,
1971,31029,NE,Chase County,rural,Midwest,West North Central,894.419,4108,2314,1,
1972,31029,NE,Chase County,RURAL,Midwest,West North Central,894.419,4129,2346,1,
1973,31029,NE,Chase County,rural,Midwest,West North Central,894.419,4125,2349,1,
1974,31029,NE,Chase County,RURAL,Midwest,West North Central,894.419,4176,2391,1,
1975,31029,NE,Chase County,rural,Midwest,West North Central,894.419,4364,2525,1,
1976,31029,NE,Chase County,rural,Midwest,West North Central,894.419,4570,2675,515,
1976,31029,,,,,,,,,1,
1977,31029,NE,Chase County,RURAL,Midwest,West North Central,894.419,4595,2685,1,
1978,31029,NE,Chase County,rural,Midwest,West North Central,894.419,4645,2701,1,
1979,31029,NE,Chase County,rural,Midwest,West North Central,894.419,4666,2726,1,
1979,31029,NE,Chase County,rural,Midwest,West North Central,894.419,4666,2726,1,
1980,31029,NE,Chase County,  RURAL ,Midwest,West North Central,894.419,4768,2791,1,
1981,31029,NE,Chase County,rural,Midwest,West North Central,894.419,4773,2788,1,
1982,31029,NE,Chase County,rural,Midwest,West North Central,894.419,4837,2813,1,
1983,31029,NE,Chase County,rural,Midwest,West North Central,894.419,4825,2792,1,
1984,31029,NE,Chase County,rural,Midwest,West North Central,894.419,4769,2752,1,0
1985,31029,NE,Chase County,rural,Midwest,West North Central,894.419,4654,2682,1,0
1986,31029,NE,Chase County,rural,Midwest,West North Central,894.419,4542,2610,1,0
1987,31029,NE,Chase County,rural,Midwest,West North Central,894.419,4451,2544,1,0
1988,31029,NE,Chase County,rural,Midwest,West North Central,894.419,4407,2507,1,
1989,31029,NE,Chase County,rural,Midwest,West North Central,894.419,4330,2451,1,4
1990,31029,NE,Chase County,rural,Midwest,West North Central,894.419,4404,2487,1,
1991,31029,NE,Chase County,rural,Midwest,West North Central,894.419,4382,2484,1,0
1992,31029,NE,Chase County, rural,Midwest,West North Central,894.419,4265,2422,1,
1993,31029,NE,Chase County,rural,Midwest,West North Central,894.419,4225,2380,1,
1994,31029,NE,Chase County,rural,Midwest,West North Central,894.419,4148,2356,1.166667,0
1995,31029,NE,Chase County,rural  ,Midwest,West North Central,894.419,4180,2393,1.333333,0
1996,31029,NE,Chase County,rural,Midwest,West North Central,894.419,4145,2399,1.5,
1997,31029,NE,Chase County,rural,Midwest,West North Central,894.419,4163,2426,1.666667,
1998,31029,NE,Chase County,rural,Midwest,West North Central,894.419,4151,2440,1.833333,
1999,31029,NE,Chase County,rural,Midwest,West North Central,894.419,4128,2439,2,
2000,31029,NE,Chase County,rural,Midwest,West North Central,894.419,4053,2399,2,
2001,31029,NE,Chase County,rural,Midwest,West North Central,894.419,4003,2386,2,
2001,31029,NE,Chase County,rural,Midwest,West North Central,894.419,4003,2386,2,
2002,31029,NE,Chase County,rural,Midwest,West North Central,894.419,4045,2436,2,
2003,31029,NE,Chase County,rural,Midwest,West North Central,894.419,4090,2456,2,
2004,31029,NE,Chase County,rural,Midwest,West North Central,894.419,4018,2433,2,
2005,31029,NE,Chase County,rural,Midwest,West North Central,894.419,3983,2412,2,4
2006,31029,NE,Chase County,rural,Midwest,West North Central,894.419,3965,2385,1,4
2007,31029,NE,Chase County,rural,Midwest,West North Central,894.419,3913,2337,1,5
2008,31029,NE,Chase County,rural,Midwest,West North Central,894.419,3865,2310,1,
2009,31029,NE,Chase County,rural,Midwest,West North Central,894.419,3921,2325,2,5
2009,31029,NE,Chase County,rural,Midwest,West North Central,894.419,3921,2325,2,5
2010,31029,NE,Chase County,rural,Midwest,West North Central,894.419,3966,2356,3,4
2011,31029,NE,Chase County,rural,Midwest,West North Central,894.419,3966,2352,2,7
2012,31029,NE,Chase County,rural,Midwest,West North Central,894.419,3986,2375,3,
2012,31029,NE,Chase County,rural,Midwest,West North Central,894.419,3986,2375,3,
2013,31029,NE,Chase County,rural,Midwest,West North Central,894.419,4020,2373,3,4
2013,31029,NE,Chase County,rural,Midwest,West North Central,894.419,4020,2373,3,4
2014,31029,NE,Chase County,rural,Midwest,West North Central,894.419,3978,2345,3,5
2015,31029,NE,Chase County,rural,Midwest,West North Central,894.419,3993,2357,3,4
2016,31029,NE,Chase County,rural,Midwest,West North Central,894.419,3987,2374,,
1970,31031,NE,Cherry County,rural,Midwest,West North Central,5960.142,6843,4056,0,
1971,31031,NE,Cherry County,rural,Midwest,West North Central,5960.142,6805,4041,0,
1972,31031,NE,Cherry County,rural,Midwest,West North Central,5960.142,6797,4061,0,
1973,31031,NE,Cherry County,rural,Midwest,West North Central,5960.142,6763,4065,0,
1974,31031,NE,Cherry County,rural,Midwest,West North Central,5960.142,6926,4210,0,
1975,31031,NE,Cherry County,rural,Midwest,West North Central,5960.142,7016,4308,0,
1976,31031,NE,Cherry County,rural,Midwest,West North Central,5960.142,7002,4335,0,
1976,31031,NE,Cherry County,rural,Midwest,West North Central,5960.142,7002,4335,0,
1977,31031,NE,Cherry County, rural,Midwest,West North Central,5960.142,6827,4213,0,
1978,31031,NE,Cherry County,  RURAL ,Midwest,West North Central,5960.142,6838,4253,2,
1979,31031,NE,Cherry County,  RURAL ,Midwest,West North Central,5960.142,6791,4237,2.6,
1980,31031,NE,Cherry County,rural,Midwest,West North Central,5960.142,6769,4218,3.2,
1980,31031,NE,Cherry County,rural,Midwest,West North Central,5960.142,6769,4218,3.2,
1981,31031,NE,Cherry County,rural,Midwest,West North Central,5960.142,6787,4212,3.8,
1982,31031,NE,Cherry County,rural,Midwest,West North Central,5960.142,6762,4171,4.4,
1983,31031,NE,Cherry County,rural,Midwest,West North Central,5960.142,6845,4198,5,
1984,31031,NE,Cherry County,rural,Midwest,West North Central,5960.142,6889,4204,4.8,
1985,31031,NE,Cherry County,rural,Midwest,West North Central,5960.142,6876,4177,4.6,
1986,31031,NE,Cherry County,rural,Midwest,West North Central,5960.142,6743,4068,4.4,
1987,31031,NE,Cherry County,rural,Midwest,West North Central,5960.142,6494,3897,4.2,
1988,31031,NE,Cherry County,rural,Midwest,West North Central,5960.142,6384,3811,4,
1989,31031,NE,Cherry County,rural,Midwest,West North Central,5960.142,6380,3777,4.2,4
1990,31031,NE,Cherry County,rural,Midwest,West North Central,5960.142,6283,3703,4.4,
1991,31031,NE,Cherry County,rural,Midwest,West North Central,5960.142,6278,3700,4.6,
1992,31031,NE,Cherry County,rural,Midwest,West North Central,5960.142,6338,3760,4.8,
1992,31031,NE,Cherry County,rural,Midwest,West North Central,5960.142,6338,3760,4.8,
1993,31031,NE,Cherry County,rural,Midwest,West North Central,5960.142,6253,3722,5,
1994,31031,NE,Cherry County,rural,Midwest,West North Central,5960.142,6322,3781,5.166667,6
1995,31031,NE,Cherry County,rural  ,Midwest,West North Central,5960.142,6340,3815,5.333333,8
1996,31031,NE,Cherry County,rural,Midwest,West North Central,5960.142,6331,3837,5.5,10
1997,31031,NE,Cherry County,rural,Midwest,West North Central,5960.142,6311,3852,5.666667,13
1998,31031,NE,Cherry County,rural,Midwest,West North Central,5960.142,6152,3762,5.833333,8
1999,31031,NE,Cherry County,rural  ,Midwest,West North Central,5960.142,6185,3793,6,11
2000,31031,NE,Cherry County,  RURAL ,Midwest,West North Central,5960.142,6152,3761,6.333333,10
2001,31031,NE,Cherry County,rural,Midwest,West North Central,5960.142,6060,3714,6.666667,6
2002,31031,NE,Cherry County,rural,Midwest,West North Central,5960.142,6054,3712,7,7
2003,31031,NE,Cherry County,rural,Midwest,West North Central,5960.142,6031,3732,7.333333,6
2004,31031,NE,Cherry County,rural,Midwest,West North Central,5960.142,6064,3726,7.666667,6
2005,31031,NE,Cherry County,rural,Midwest,West North Central,5960.142,6039,3709,8,4
2005,31031,NE,Cherry County,rural,Midwest,West North Central,5960.142,6039,3709,8,4
2006,31031,NE,Cherry County,rural,Midwest,West North Central,5960.142,5927,3651,7.875,6
2007,31031,NE,Cherry County,rural,Midwest,West North Central,5960.142,5834,3579,7.75,6
2008,31031,NE,Cherry County,rural,Midwest,West North Central,5960.142,5752,3515,7.625,5
2009,31031,NE,Cherry County,rural,Midwest,West North Central,5960.142,5683,3488,7.5,
2010,31031,NE,Cherry County,rural,Midwest,West North Central,5960.142,5713,3497,7.375,7
2011,31031,NE,Cherry County,rural,Midwest,West North Central,5960.142,5694,3500,7.25,9
2012,31031,NE,Cherry County,rural,Midwest,West North Central,5960.142,5730,3530,7.125,7
2013,31031,NE,Cherry County,rural,Midwest,West North Central,5960.142,5731,3487,7,12
2014,31031,NE,Cherry County,rural,Midwest,West North Central,5960.142,5754,3477,7,6
2015,31031,NE,Cherry County,rural,Midwest,West North Central,5960.142,5740,3473,7,8
2016,31031,NE,Cherry County,rural,Midwest,West North Central,5960.142,5817,3468,,
2016,31031,NE,Cherry County,rural,Midwest,West North Central,5960.142,5817,3468,,
1970,31033,NE,Cheyenne County,  RURAL ,Midwest,West North Central,1196.287,10783,6283,4,
1971,31033,NE,Cheyenne County,rural,Midwest,West North Central,1196.287,10782,6337,4.625,
1972,31033,NE,Cheyenne County,rural,Midwest,West North Central,1196.287,10585,6280,5.25,
1973,31033,NE,Cheyenne County,rural,Midwest,West North Central,1196.287,10571,6357,5.875,
1974,31033,NE,Cheyenne County,rural  ,Midwest,West North Central,1196.287,10774,6585,6.5,
1974,31033,NE,Cheyenne County,rural  ,Midwest,West North Central,1196.287,10774,6585,6.5,
1975,31033,NE,Cheyenne County,rural,Midwest,West North Central,1196.287,10368,6387,7.125,
1976,31033,NE,Cheyenne County, rural,Midwest,West North Central,1196.287,10286,6351,7.75,
1977,31033,NE,Cheyenne County,rural,Midwest,West North Central,1196.287,10225,6349,8.375,
1978,31033,NE,Cheyenne County,rural,Midwest,West North Central,1196.287,10186,6365,9,
1979,31033,NE,Cheyenne County,rural,Midwest,West North Central,1196.287,10140,6320,8.6,
1980,31033,NE,Cheyenne County,  RURAL ,Midwest,West North Central,1196.287,10053,6269,8.2,
1981,31033,NE,Cheyenne County,rural,Midwest,West North Central,1196.287,9994,6203,7.8,
1981,31033,NE,Cheyenne County,rural,Midwest,West North Central,1196.287,9994,6203,7.8,
1982,31033,NE,Cheyenne County,rural,Midwest,West North Central,1196.287,9925,6118,7.4,
1983,31033,NE,Cheyenne County,rural,Midwest,West North Central,1196.287,9851,6035,7,16
1984,31033,NE,Cheyenne County,rural,Midwest,West North Central,1196.287,9811,5978,6.5,15
1985,31033,NE,Cheyenne County,rural,Midwest,West North Central,1196.287,9827,5960,6,14
1986,31033,NE,Cheyenne County,rural,Midwest,West North Central,1196.287,9744,5871,6,9
1987,31033,NE,Cheyenne County,rural  ,Midwest,West North Central,1196.287,9813,5872,5,10
1988,31033,NE,Cheyenne County,Rural,Midwest,West North Central,1196.287,9674,5758,7,8
1989,31033,NE,Cheyenne County,rural,Midwest,West North Central,1196.287,9656,5684,6.4,11
1990,31033,NE,Cheyenne County, rural,Midwest,West North Central,1196.287,9488,5562,5.8,9
1991,31033,NE,Cheyenne County,rural,Midwest,West North Central,1196.287,9444,5506,5.2,8
1992,31033,NE,Cheyenne County,rural,Midwest,West North Central,1196.287,9611,5654,4.6,15
1993,31033,NE,Cheyenne County,rural,Midwest,West North Central,1196.287,9677,5710,4,12
1994,31033,NE,Cheyenne County,rural,Midwest,West North Central,1196.287,9754,5773,5.333333,16
1995,31033,NE,Cheyenne County,rural,Midwest,West North Central,1196.287,9774,5806,6.666667,20
1996,31033,NE,Cheyenne County,rural,Midwest,West North Central,1196.287,9878,5930,8,24
1997,31033,NE,Cheyenne County,rural,Midwest,West North Central,1196.287,9838,5971,9.333333,17
1998,31033,NE,Cheyenne County,rural,Midwest,West North Central,1196.287,9804,5998,10.66667,21
1999,31033,NE,Cheyenne County, rural,Midwest,West North Central,1196.287,9813,6038,12,21
2000,31033,NE,Cheyenne County,Rural,Midwest,West North Central,1196.287,9832,6094,12,27
2001,31033,NE,Cheyenne County,rural,Midwest,West North Central,1196.287,9943,6211,12,23
2002,31033,NE,Cheyenne County,  RURAL ,Midwest,West North Central,1196.287,9973,6282,12,19
2003,31033,NE,Cheyenne County,rural,Midwest,West North Central,1196.287,9935,6298,12,17
2004,31033,NE,Cheyenne County,rural,Midwest,West North Central,1196.287,9970,6344,12,21
2005,31033,NE,Cheyenne County, rural,Midwest,West North Central,1196.287,10125,6454,12,25
2006,31033,NE,Cheyenne County,rural,Midwest,West North Central,1196.287,9943,6351,12.875,25
2007,31033,NE,Cheyenne County,rural,Midwest,West North Central,1196.287,10139,6438,13.75,21
2008,31033,NE,Cheyenne County,rural,Midwest,West North Central,1196.287,10150,6497,14.625,29
2008,31033,NE,Cheyenne County,rural,Midwest,West North Central,1196.287,10150,6497,14.625,29
2009,31033,NE,Cheyenne County,RURAL,Midwest,West North Central,1196.287,10032,6396,15.5,33
2010,31033,NE,Cheyenne County,rural,Midwest,West North Central,1196.287,9998,6395,16.375,35
2011,31033,NE,Cheyenne County,rural,Midwest,West North Central,1196.287,9968,6368,17.25,33
2012,31033,NE,Cheyenne County,rural,Midwest,West North Central,1196.287,9988,6373,18.125,38
2013,31033,NE,Cheyenne County,rural,Midwest,West North Central,1196.287,10073,6349,19,32
2014,31033,NE,Cheyenne County,rural,Midwest,West North Central,1196.287,10066,6337,19,37
2015,31033,NE,Cheyenne County,  RURAL ,Midwest,West North Central,1196.287,10115,6387,19,41
2016,31033,NE,Cheyenne County,RURAL,Midwest,West North Central,1196.287,10138,6441,,
2016,31033,NE,Cheyenne County,RURAL,Midwest,West North Central,1196.287,10138,6441,,
1970,31035,NE,Clay County,rural,Midwest,West North Central,572.289,8278,4610,5,
1971,31035,NE,Clay County,rural,Midwest,West North Central,572.289,8321,4674,4.875,
1972,31035,NE,Clay County,rural,Midwest,West North Central,572.289,8530,4855,4.75,
1973,31035,NE,Clay County,rural,Midwest,West North Central,572.289,8492,4884,4.625,
1974,31035,NE,Clay County,  RURAL ,Midwest,West North Central,572.289,8357,4830,4.5,
1975,31035,NE,Clay County,rural,Midwest,West North Central,572.289,8447,4931,4.375,
1976,31035,NE,Clay County,rural,Midwest,West North Central,572.289,8293,4856,4.25,
1977,31035,NE,Clay County,rural,Midwest,West North Central,572.289,8392,4943,4.125,
1978,31035,NE,Clay County,rural,Midwest,West North Central,572.289,8120,4771,4,
1979,31035,NE,Clay County,RURAL,Midwest,West North Central,572.289,8134,4783,4,
1980,31035,NE,Clay County,rural,Midwest,West North Central,572.289,8099,4763,4,
1981,31035,NE,Clay County,rural,Midwest,West North Central,572.289,8022,4718,4,
1982,31035,NE,Clay County,  RURAL ,Midwest,West North Central,572.289,7952,4663,4,
1983,31035,NE,Clay County,rural,Midwest,West North Central,572.289,7911,4630,4,
1984,31035,NE,Clay County,rural,Midwest,West North Central,572.289,7850,4592,3.8,
1985,31035,NE,Clay County,rural,Midwest,West North Central,572.289,7720,4509,3.6,
1986,31035,NE,Clay County,rural,Midwest,West North Central,572.289,7539,4391,3.4,
1987,31035,NE,Clay County,rural  ,Midwest,West North Central,572.289,7439,4323,3.2,5
1988,31035,NE,Clay County,rural,Midwest,West North Central,572.289,7316,4247,3,5
1989,31035,NE,Clay County,RURAL,Midwest,West North Central,572.289,7244,4183,3.2,4
1990,31035,NE,Clay County,rural,Midwest,West North Central,572.289,7117,4095,3.4,
1991,31035,NE,Clay County,rural,Midwest,West North Central,572.289,7085,4079,3.6,5
1992,31035,NE,Clay County,rural,Midwest,West North Central,572.289,7199,4165,3.8,4
1993,31035,NE,Clay County,rural,Midwest,West North Central,572.289,7186,4190,4,4
1994,31035,NE,Clay County,rural,Midwest,West North Central,572.289,7266,4286,4.833333,
1995,31035,NE,Clay County,rural,Midwest,West North Central,572.289,7216,4269,5.666667,4
1996,31035,NE,Clay County, rural,Midwest,West North Central,572.289,7236,4308,6.5,
1997,31035,NE,Clay County,rural,Midwest,West North Central,572.289,7175,4291,7.333333,4
1998,31035,NE,Clay County,RURAL,Midwest,West North Central,572.289,7180,4316,8.166667,
1999,31035,NE,Clay County,rural,Midwest,West North Central,572.289,7100,4284,9,7
2000,31035,NE,Clay County,rural,Midwest,West North Central,572.289,7029,4254,8.666667,10
2001,31035,NE,Clay County,rural,Midwest,West North Central,572.289,6944,4231,8.333333,4
2001,31035,NE,Clay County,rural,Midwest,West North Central,572.289,6944,4231,8.333333,4
2002,31035,NE,Clay County,rural,Midwest,West North Central,572.289,6899,4221,8,7
2003,31035,NE,Clay County,rural,Midwest,West North Central,572.289,6859,4217,7.666667,6
2004,31035,NE,Clay County,rural,Midwest,West North Central,572.289,6795,4177,7.333333,7
2005,31035,NE,Clay County,rural,Midwest,West North Central,572.289,6669,4099,7,12
2006,31035,NE,Clay County,rural  ,Midwest,West North Central,572.289,6609,4084,6.75,8
2007,31035,NE,Clay County,rural,Midwest,West North Central,572.289,6564,4068,6.5,4
2008,31035,NE,Clay County,rural,Midwest,West North Central,572.289,6543,4044,6.25,6
2009,31035,NE,Clay County,rural,Midwest,West North Central,572.289,6512,4057,6,8
2010,31035,NE,Clay County,rural,Midwest,West North Central,572.289,6539,4030,5.75,6
2011,31035,NE,Clay County,rural,Midwest,West North Central,572.289,6536,4030,5.5,7
2012,31035,NE,Clay County,rural,Midwest,West North Central,572.289,6454,4000,5.25,9
2013,31035,NE,Clay County,rural,Midwest,West North Central,572.289,6385,3919,5,8
2014,31035,NE,Clay County,Rural,Midwest,West North Central,572.289,6359,3892,5,11
2015,31035,NE,Clay County,rural,Midwest,West North Central,572.289,6314,3820,5,11
2016,31035,NE,Clay County,  RURAL ,Midwest,West North Central,572.289,6291,3779,,
1970,31037,NE,Colfax County,rural,Midwest,West North Central,411.644,9520,5196,2,
1971,31037,NE,Colfax County,rural,Midwest,West North Central,411.644,9611,5260,2.125,
1972,31037,NE,Colfax County,rural,Midwest,West North Central,411.644,9789,5390,2.25,
1973,31037,NE,Colfax County,Rural,Midwest,West North Central,411.644,9653,5310,2.375,
1974,31037,NE,Colfax County,rural,Midwest,West North Central,411.644,9751,5399,2.5,
1975,31037,NE,Colfax County,rural,Midwest,West North Central,411.644,9851,5492,2.625,
1976,31037,NE,Colfax County,rural,Midwest,West North Central,411.644,9812,5485,2.75,
1977,31037,NE,Colfax County,rural,Midwest,West North Central,411.644,9889,5571,2.875,
1978,31037,NE,Colfax County,rural,Midwest,West North Central,411.644,9881,5585,3,
1979,31037,NE,Colfax County,rural,Midwest,West North Central,411.644,9943,5654,3,
1980,31037,NE,Colfax County,rural,Midwest,West North Central,411.644,9898,5636,3,
1981,31037,NE,Colfax County,rural,Midwest,West North Central,411.644,9879,5620,3,
1982,31037,NE,Colfax County,  RURAL ,Midwest,West North Central,411.644,9818,5567,3,
1983,31037,NE,Colfax County,rural,Midwest,West North Central,411.644,9680,5481,3,4
1984,31037,NE,Colfax County,rural,Midwest,West North Central,411.644,9582,5423,4.6,
1985,31037,NE,Colfax County, rural,Midwest,West North Central,411.644,9529,5388,6.2,
1986,31037,NE,Colfax County,RURAL,Midwest,West North Central,411.644,9413,5305,7.8,
1987,31037,NE,Colfax County,rural,Midwest,West North Central,411.644,9273,5212,9.4,9
1988,31037,NE,Colfax County,rural,Midwest,West North Central,411.644,9175,5151,11,7
1989,31037,NE,Colfax County,rural,Midwest,West North Central,411.644,9153,5108,11.2,5
1990,31037,NE,Colfax County,rural,Midwest,West North Central,411.644,9161,5101,11.4,6
1991,31037,NE,Colfax County,rural,Midwest,West North Central,411.644,9219,5173,11.6,8
1992,31037,NE,Colfax County,rural,Midwest,West North Central,411.644,9409,5317,11.8,7
1993,31037,NE,Colfax County,rural,Midwest,West North Central,411.644,9546,5401,12,9
1993,31037,NE,Colfax County,rural,Midwest,West North Central,411.644,9546,5401,12,9
1994,31037,NE,Colfax County,rural,Midwest,West North Central,411.644,9859,5621,12.33333,10
1995,31037,NE,Colfax County,rural,Midwest,West North Central,411.644,10107,5846,12.66667,13
1996,31037,NE,Colfax County,rural,Midwest,West North Central,411.644,10370,6043,13,19
1997,31037,NE,Colfax County,rural,Midwest,West North Central,411.644,10391,6091,13.33333,19
1998,31037,NE,Colfax County,rural,Midwest,West North Central,411.644,10538,6216,13.66667,16
1999,31037,NE,Colfax County,rural,Midwest,West North Central,411.644,10466,6251,14,23
1999,31037,NE,Colfax County,rural,Midwest,West North Central,411.644,10466,6251,14,23
2000,31037,NE,Colfax County,rural,Midwest,West North Central,411.644,10452,6349,12,19
2001,31037,NE,Colfax County,rural,Midwest,West North Central,411.644,10440,6271,10,18
2002,31037,NE,Colfax County,  RURAL ,Midwest,West North Central,411.644,10478,6267,8,18
2003,31037,NE,Colfax County,rural,Midwest,West North Central,411.644,10433,6180,6,14
2004,31037,NE,Colfax County,rural,Midwest,West North Central,411.644,10457,6201,4,18
2005,31037,NE,Colfax County,rural,Midwest,West North Central,411.644,10238,6103,2,10
2006,31037,NE,Colfax County,rural,Midwest,West North Central,411.644,9993,6029,17.49518,16
2007,31037,NE,Colfax County,rural,Midwest,West North Central,411.644,9993,6075,17.58187,14
2008,31037,NE,Colfax County,rural,Midwest,West North Central,411.644,10083,6194,18.01266,23
2009,31037,NE,Colfax County,rural,Midwest,West North Central,411.644,10380,6461,18.57857,23
2010,31037,NE,Colfax County,  RURAL ,Midwest,West North Central,411.644,10515,6499,18.76379,30
2010,31037,NE,Colfax County,  RURAL ,Midwest,West North Central,411.644,10515,6499,18.76379,30
2011,31037,NE,Colfax County,rural,Midwest,West North Central,411.644,10540,6512,18.81724,30
2012,31037,NE,Colfax County,rural,Midwest,West North Central,411.644,10578,6519,18.83744,29
2013,31037,NE,Colfax County,rural,Midwest,West North Central,411.644,10568,6481,18.86233,30
2014,31037,NE,Colfax County,rural,Midwest,West North Central,411.644,10461,6413,18.86233,25
2015,31037,NE,Colfax County,rural,Midwest,West North Central,411.644,10666,6521,18.86233,29
2016,31037,NE,Colfax County,rural,Midwest,West North Central,411.644,10707,6537,,
1970,31039,NE,Cuming County,rural,Midwest,West North Central,570.521,12046,6635,12,
1971,31039,NE,Cuming County, rural,Midwest,West North Central,570.521,12121,6720,10.625,
1972,31039,NE,Cuming County,RURAL,Midwest,West North Central,570.521,11875,6620,9.25,
1973,31039,NE,Cuming County,rural,Midwest,West North Central,570.521,11884,6686,7.875,
1974,31039,NE,Cuming County,rural,Midwest,West North Central,570.521,11675,6602,6.5,
1975,31039,NE,Cuming County,rural,Midwest,West North Central,570.521,11609,6615,5.125,
1976,31039,NE,Cuming County,rural,Midwest,West North Central,570.521,11473,6603,3.75,
1977,31039,NE,Cuming County,rural,Midwest,West North Central,570.521,11509,6659,2.375,
1978,31039,NE,Cuming County,rural,Midwest,West North Central,570.521,11625,6774,1,
1979,31039,NE,Cuming County,rural  ,Midwest,West North Central,570.521,11633,6812,0,
1980,31039,NE,Cuming County,Rural,Midwest,West North Central,570.521,11652,6840,0,
1981,31039,NE,Cuming County,rural,Midwest,West North Central,570.521,11550,6765,0,
1982,31039,NE,Cuming County,rural,Midwest,West North Central,570.521,11495,6704,0,
1983,31039,NE,Cuming County,  RURAL ,Midwest,West North Central,570.521,11279,6553,0,
1984,31039,NE,Cuming County,RURAL,Midwest,West North Central,570.521,11174,6476,0,
1985,31039,NE,Cuming County,rural,Midwest,West North Central,570.521,10926,6315,0,
1986,31039,NE,Cuming County,rural,Midwest,West North Central,570.521,10697,6159,0,
1987,31039,NE,Cuming County,rural,Midwest,West North Central,570.521,10438,5983,0,0
1988,31039,NE,Cuming County,rural,Midwest,West North Central,570.521,10360,5915,0,
1989,31039,NE,Cuming County,rural,Midwest,West North Central,570.521,10261,5821,0,
1989,31039,NE,Cuming County,rural,Midwest,West North Central,570.521,10261,5821,0,
1990,31039,NE,Cuming County,rural,Midwest,West North Central,570.521,10109,5711,0,
1991,31039,NE,Cuming County,rural,Midwest,West North Central,570.521,10051,5672,0,
1992,31039,NE,Cuming County,rural,Midwest,West North Central,570.521,10047,5693,0,6
1993,31039,NE,Cuming County,Rural,Midwest,West North Central,570.521,10124,5750,0,4
1994,31039,NE,Cuming County,rural,Midwest,West North Central,570.521,10203,5814,0,8
1995,31039,NE,Cuming County,rural,Midwest,West North Central,570.521,10275,5881,0,13
1996,31039,NE,Cuming County,rural,Midwest,West North Central,570.521,10225,5876,0,9
1997,31039,NE,Cuming County,rural,Midwest,West North Central,570.521,10191,5873,0,13
1998,31039,NE,Cuming County,rural,Midwest,West North Central,570.521,10191,5890,0,15
1998,31039,NE,Cuming County,rural,Midwest,West North Central,570.521,10191,5890,0,15
1999,31039,NE,Cuming County, rural,Midwest,West North Central,570.521,10253,5929,0,12
1999,31039,NE,Cuming County, rural,Midwest,West North Central,570.521,10253,5929,0,12
2000,31039,NE,Cuming County,rural  ,Midwest,West North Central,570.521,10169,5898,0,12
2001,31039,NE,Cuming County,rural,Midwest,West North Central,570.521,10054,5831,0,15
2002,31039,NE,Cuming County,rural,Midwest,West North Central,570.521,9962,5809,0,11
2003,31039,NE,Cuming County,rural,Midwest,West North Central,570.521,9832,5729,0,11
2004,31039,NE,Cuming County,rural,Midwest,West North Central,570.521,9709,5698,0,17
2004,31039,NE,Cuming County,rural,Midwest,West North Central,570.521,9709,5698,0,17
2005,31039,NE,Cuming County,rural,Midwest,West North Central,570.521,9642,5667,0,17
2005,31039,NE,Cuming County,rural,Midwest,West North Central,570.521,9642,5667,0,17
2006,31039,NE,Cuming County,rural,Midwest,West North Central,570.521,9440,5603,0,13
2007,31039,NE,Cuming County,rural,Midwest,West North Central,570.521,9286,5517,0,15
2008,31039,NE,Cuming County,rural,Midwest,West North Central,570.521,9215,5434,0,16
2009,31039,NE,Cuming County,rural,Midwest,West North Central,570.521,9132,5385,0,13
2010,31039,NE,Cuming County,rural,Midwest,West North Central,570.521,9139,5360,0,9
2010,31039,NE,Cuming County,rural,Midwest,West North Central,570.521,9139,5360,0,9
2011,31039,NE,Cuming County,RURAL,Midwest,West North Central,570.521,9158,5366,0,8
2012,31039,NE,Cuming County,rural,Midwest,West North Central,570.521,9121,5389,0,11
2012,31039,NE,Cuming County,rural,Midwest,West North Central,570.521,9121,5389,0,11
2013,31039,NE,Cuming County,rural,Midwest,West North Central,570.521,9089,5335,0,11
2014,31039,NE,Cuming County,rural,Midwest,West North Central,570.521,9013,5266,0,8
2014,31039,NE,Cuming County,rural,Midwest,West North Central,570.521,9013,5266,0,8
2015,31039,NE,Cuming County,rural,Midwest,West North Central,570.521,9032,5237,0,7
2016,31039,NE,Cuming County,rural,Midwest,West North Central,570.521,9109,5264,,
1970,31041,NE,Custer County,rural,Midwest,West North Central,2575.594,14134,7996,1,
1971,31041,NE,Custer County,rural,Midwest,West North Central,2575.594,14301,8140,1.875,
1972,31041,NE,Custer County,rural,Midwest,West North Central,2575.594,14414,8271,2.75,
1973,31041,NE,Custer County,rural,Midwest,West North Central,2575.594,14391,8317,3.625,
1974,31041,NE,Custer County,rural  ,Midwest,West North Central,2575.594,14123,8162,4.5,
1975,31041,NE,Custer County,rural,Midwest,West North Central,2575.594,14370,8365,5.375,
1976,31041,NE,Custer County, rural,Midwest,West North Central,2575.594,14125,8240,6.25,
1977,31041,NE,Custer County,rural,Midwest,West North Central,2575.594,14285,8360,7.125,
1978,31041,NE,Custer County,rural,Midwest,West North Central,2575.594,14176,8273,8,
1978,31041,NE,Custer County,rural,Midwest,West North Central,2575.594,14176,8273,8,
1979,31041,NE,Custer County,rural,Midwest,West North Central,2575.594,14089,8211,6.8,
1980,31041,NE,Custer County,rural,Midwest,West North Central,2575.594,13888,8068,5.6,
1981,31041,NE,Custer County,rural,Midwest,West North Central,2575.594,13893,8043,557,
1981,31041,,,,,,,,,4.4,
1982,31041,NE,Custer County,rural,Midwest,West North Central,2575.594,13854,7982,3.2,
1983,31041,NE,Custer County,rural,Midwest,West North Central,2575.594,13820,7922,2,4
1984,31041,NE,Custer County,rural,Midwest,West North Central,2575.594,13705,7834,2.8,6
1985,31041,NE,Custer County,  RURAL ,Midwest,West North Central,2575.594,13331,7592,3.6,5
1985,31041,NE,Custer County,  RURAL ,Midwest,West North Central,2575.594,13331,7592,3.6,5
1986,31041,NE,Custer County, rural,Midwest,West North Central,2575.594,12907,7314,4.4,4
1987,31041,NE,Custer County,rural,Midwest,West North Central,2575.594,12612,7109,5.2,4
1988,31041,NE,Custer County,rural,Midwest,West North Central,2575.594,12508,7019,6,
1989,31041,NE,Custer County,rural,Midwest,West North Central,2575.594,12305,6849,5,
1990,31041,NE,Custer County,rural,Midwest,West North Central,2575.594,12277,6829,5,
1991,31041,NE,Custer County,rural,Midwest,West North Central,2575.594,12299,6844,8,
1992,31041,NE,Custer County,rural,Midwest,West North Central,2575.594,12387,6939,8,4
1993,31041,NE,Custer County, rural,Midwest,West North Central,2575.594,12396,6958,5,8
1994,31041,NE,Custer County,rural,Midwest,West North Central,2575.594,12376,6962,5,7
1995,31041,NE,Custer County,RURAL,Midwest,West North Central,2575.594,12333,6978,5,7
1996,31041,NE,Custer County,rural,Midwest,West North Central,2575.594,12211,6938,5,11
1996,31041,NE,Custer County,rural,Midwest,West North Central,2575.594,12211,6938,5,11
1997,31041,NE,Custer County,rural,Midwest,West North Central,2575.594,12158,6907,5,18
1998,31041,NE,Custer County,rural,Midwest,West North Central,2575.594,12000,6838,5,15
1999,31041,NE,Custer County,rural,Midwest,West North Central,2575.594,11803,6747,5,13
1999,31041,NE,Custer County,rural,Midwest,West North Central,2575.594,11803,6747,5,13
2000,31041,NE,Custer County,rural,Midwest,West North Central,2575.594,11784,6801,5.5,17
2001,31041,NE,Custer County,rural,Midwest,West North Central,2575.594,11593,6713,6,14
2002,31041,NE,Custer County,rural,Midwest,West North Central,2575.594,11508,6679,6.5,15
2003,31041,NE,Custer County,rural,Midwest,West North Central,2575.594,11388,6640,7,11
2004,31041,NE,Custer County,rural,Midwest,West North Central,2575.594,11328,6645,7.5,11
2005,31041,NE,Custer County,rural,Midwest,West North Central,2575.594,11248,6659,8,12
2006,31041,NE,Custer County,rural,Midwest,West North Central,2575.594,11090,6602,8.25,11
2007,31041,NE,Custer County,RURAL,Midwest,West North Central,2575.594,11005,6542,8.5,15
2008,31041,NE,Custer County,rural,Midwest,West North Central,2575.594,11001,6555,8.75,18
2008,31041,NE,Custer County,rural,Midwest,West North Central,2575.594,11001,6555,8.75,18
2009,31041,NE,Custer County,rural,Midwest,West North Central,2575.594,10999,6572,9,12
2010,31041,NE,Custer County,rural,Midwest,West North Central,2575.594,10943,6551,9.25,8
2011,31041,NE,Custer County,rural,Midwest,West North Central,2575.594,10910,6537,9.5,11
2012,31041,NE,Custer County,Rural,Midwest,West North Central,2575.594,10906,6569,9.75,8
2013,31041,NE,Custer County,rural,Midwest,West North Central,2575.594,10847,6516,550,9
2013,31041,,,,,,,,,10,
2014,31041,NE,Custer County,rural,Midwest,West North Central,2575.594,10832,6512,10,10
2015,31041,NE,Custer County,  RURAL ,Midwest,West North Central,2575.594,10777,6420,10,12
2016,31041,NE,Custer County,rural,Midwest,West North Central,2575.594,10835,6394,,
1970,31043,NE,Dakota County,small/mid,Midwest,West North Central,264.255,13230,7574,7,
1971,31043,NE,Dakota County,small/mid  ,Midwest,West North Central,264.255,13615,7865,7,
1972,31043,NE,Dakota County,small/mid,Midwest,West North Central,264.255,13700,7994,7,
1973,31043,NE,Dakota County,Small/mid,Midwest,West North Central,264.255,14387,8514,7,
1974,31043,NE,Dakota County,SMALL/MID,Midwest,West North Central,264.255,14543,8671,7,
1975,31043,NE,Dakota County,small/mid,Midwest,West North Central,264.255,15568,9383,7,
1976,31043,NE,Dakota County,small/mid,Midwest,West North Central,264.255,16080,9810,7,
1977,31043,NE,Dakota County,small/mid,Midwest,West North Central,264.255,16607,10238,7,
1978,31043,NE,Dakota County,small/mid,Midwest,West North Central,264.255,15703,9700,7,
1979,31043,NE,Dakota County,small/mid,Midwest,West North Central,264.255,16376,10215,7.4,
1980,31043,NE,Dakota County,small/mid,Midwest,West North Central,264.255,16640,10450,7.8,
1981,31043,NE,Dakota County,small/mid,Midwest,West North Central,264.255,16833,10587,8.2,
1982,31043,NE,Dakota County,small/mid,Midwest,West North Central,264.255,16914,10624,8.6,
1983,31043,NE,Dakota County,SMALL/MID,Midwest,West North Central,264.255,16916,10615,9,9
1984,31043,NE,Dakota County,small/mid,Midwest,West North Central,264.255,17046,10693,12.4,9
1985,31043,NE,Dakota County,small/mid,Midwest,West North Central,264.255,17054,10693,15.8,18
1986,31043,NE,Dakota County,SMALL/MID,Midwest,West North Central,264.255,16933,10611,19.2,31
1986,31043,NE,Dakota County,SMALL/MID,Midwest,West North Central,264.255,16933,10611,19.2,31
1987,31043,NE,Dakota County,small/mid,Midwest,West North Central,264.255,16589,10389,22.6,25
1988,31043,NE,Dakota County,  SMALL/MID ,Midwest,West North Central,264.255,16647,10421,26,22
1989,31043,NE,Dakota County,small/mid,Midwest,West North Central,264.255,16599,10344,32.4,51
1990,31043,NE,Dakota County,small/mid,Midwest,West North Central,264.255,16829,10494,38.8,75
1990,31043,NE,Dakota County,small/mid,Midwest,West North Central,264.255,16829,10494,38.8,75
1991,31043,NE,Dakota County,small/mid,Midwest,West North Central,264.255,17062,10638,45.2,66
1992,31043,NE,Dakota County,small/mid,Midwest,West North Central,264.255,17383,10902,51.6,55
1993,31043,NE,Dakota County,small/mid,Midwest,West North Central,264.255,17937,11286,58,43
1994,31043,NE,Dakota County,small/mid,Midwest,West North Central,264.255,18269,11525,19,38
1995,31043,NE,Dakota County,small/mid,Midwest,West North Central,264.255,18752,11911,29,43
1996,31043,NE,Dakota County,small/mid,Midwest,West North Central,264.255,19060,12170,40,44
1997,31043,NE,Dakota County,small/mid,Midwest,West North Central,264.255,19363,12401,35,55
1997,31043,NE,Dakota County,small/mid,Midwest,West North Central,264.255,19363,12401,35,55
1998,31043,NE,Dakota County,small/mid,Midwest,West North Central,264.255,19634,12587,25,56
1999,31043,NE,Dakota County,SMALL/MID,Midwest,West North Central,264.255,20094,12936,24,60
2000,31043,NE,Dakota County,small/mid,Midwest,West North Central,264.255,20296,13077,29.66667,59
2001,31043,NE,Dakota County,small/mid,Midwest,West North Central,264.255,20331,13109,35.33333,51
2002,31043,NE,Dakota County,small/mid,Midwest,West North Central,264.255,20374,13024,41,58
2003,31043,NE,Dakota County,  SMALL/MID ,Midwest,West North Central,264.255,20488,13079,46.66667,51
2004,31043,NE,Dakota County,small/mid,Midwest,West North Central,264.255,20410,12895,52.33333,58
2004,31043,NE,Dakota County,small/mid,Midwest,West North Central,264.255,20410,12895,52.33333,58
2005,31043,NE,Dakota County,small/mid,Midwest,West North Central,264.255,20191,12731,58,64
2006,31043,NE,Dakota County,small/mid,Midwest,West North Central,264.255,20295,12852,64.25,74
2007,31043,NE,Dakota County,small/mid,Midwest,West North Central,264.255,20564,13022,70.5,86
2007,31043,NE,Dakota County,small/mid,Midwest,West North Central,264.255,20564,13022,70.5,86
2008,31043,NE,Dakota County,small/mid,Midwest,West North Central,264.255,20559,13012,76.75,58
2008,31043,NE,Dakota County,small/mid,Midwest,West North Central,264.255,20559,13012,76.75,58
2009,31043,NE,Dakota County,small/mid  ,Midwest,West North Central,264.255,20924,13323,83,58
2010,31043,NE,Dakota County,small/mid,Midwest,West North Central,264.255,21006,13345,89.25,51
2011,31043,NE,Dakota County,small/mid,Midwest,West North Central,264.255,21032,13343,95.5,46
2012,31043,NE,Dakota County,small/mid  ,Midwest,West North Central,264.255,20823,13254,101.75,48
2013,31043,NE,Dakota County,small/mid,Midwest,West North Central,264.255,20744,13203,108,49
2014,31043,NE,Dakota County,small/mid,Midwest,West North Central,264.255,20802,13134,108,61
2015,31043,NE,Dakota County,small/mid,Midwest,West North Central,264.255,20611,12997,108,50
2016,31043,NE,Dakota County,small/mid,Midwest,West North Central,264.255,20644,12933,,
1970,31045,NE,Dawes County,rural,Midwest,West North Central,1396.464,9786,6315,0,
1970,31045,NE,Dawes County,rural,Midwest,West North Central,1396.464,9786,6315,0,
1971,31045,NE,Dawes County,rural,Midwest,West North Central,1396.464,9857,6371,0,
1972,31045,NE,Dawes County,rural,Midwest,West North Central,1396.464,9954,6450,0,
1973,31045,NE,Dawes County,rural,Midwest,West North Central,1396.464,9428,6088,0,
1974,31045,NE,Dawes County,rural,Midwest,West North Central,1396.464,9620,6243,0,
1975,31045,NE,Dawes County,rural,Midwest,West North Central,1396.464,9623,6257,0,
1976,31045,NE,Dawes County,rural,Midwest,West North Central,1396.464,9593,6266,0,
1977,31045,NE,Dawes County,rural,Midwest,West North Central,1396.464,9397,6111,0,
1977,31045,NE,Dawes County,rural,Midwest,West North Central,1396.464,9397,6111,0,
1978,31045,NE,Dawes County,RURAL,Midwest,West North Central,1396.464,9394,6135,8,
1979,31045,NE,Dawes County,rural,Midwest,West North Central,1396.464,9545,6247,8.6,
1980,31045,NE,Dawes County,rural,Midwest,West North Central,1396.464,9615,6310,9.2,
1981,31045,NE,Dawes County,rural  ,Midwest,West North Central,1396.464,9597,6290,9.8,
1982,31045,NE,Dawes County,rural,Midwest,West North Central,1396.464,9526,6215,10.4,
1983,31045,NE,Dawes County,rural,Midwest,West North Central,1396.464,9520,6191,11,10
1984,31045,NE,Dawes County,rural,Midwest,West North Central,1396.464,9491,6159,550,10
1984,31045,,,,,,,,,10.4,
1985,31045,NE,Dawes County,rural,Midwest,West North Central,1396.464,9466,6119,9.8,13
1986,31045,NE,Dawes County,rural,Midwest,West North Central,1396.464,9390,6050,9.2,9
1987,31045,NE,Dawes County, rural,Midwest,West North Central,1396.464,9422,6044,8.6,11
1987,31045,NE,Dawes County, rural,Midwest,West North Central,1396.464,9422,6044,8.6,11
1988,31045,NE,Dawes County,rural,Midwest,West North Central,1396.464,9429,6028,8,9
1989,31045,NE,Dawes County,rural,Midwest,West North Central,1396.464,9283,5901,9.2,8
1990,31045,NE,Dawes County,rural,Midwest,West North Central,1396.464,8972,5707,10.4,5
1991,31045,NE,Dawes County,rural,Midwest,West North Central,1396.464,8945,5742,11.6,5
1992,31045,NE,Dawes County,rural,Midwest,West North Central,1396.464,8919,5788,12.8,5
1993,31045,NE,Dawes County,RURAL,Midwest,West North Central,1396.464,9214,6094,14,6
1994,31045,NE,Dawes County,rural,Midwest,West North Central,1396.464,9327,6246,13.66667,9
1995,31045,NE,Dawes County,rural  ,Midwest,West North Central,1396.464,9318,6296,13.33333,11
1996,31045,NE,Dawes County,rural,Midwest,West North Central,1396.464,9246,6292,13,11
1997,31045,NE,Dawes County,rural,Midwest,West North Central,1396.464,9190,6288,12.66667,8
1998,31045,NE,Dawes County,rural,Midwest,West North Central,1396.464,9168,6310,12.33333,12
1999,31045,NE,Dawes County,rural,Midwest,West North Central,1396.464,9132,6306,12,12
2000,31045,NE,Dawes County,rural,Midwest,West North Central,1396.464,9054,6263,12,17
2001,31045,NE,Dawes County,rural,Midwest,West North Central,1396.464,9162,6338,12,22
2002,31045,NE,Dawes County,RURAL,Midwest,West North Central,1396.464,9227,6418,578,21
2002,31045,,,,,,,,,12,
2003,31045,NE,Dawes County,rural,Midwest,West North Central,1396.464,9306,6454,12,26
2004,31045,NE,Dawes County,rural,Midwest,West North Central,1396.464,9127,6329,12,28
2005,31045,NE,Dawes County,rural,Midwest,West North Central,1396.464,9087,6273,12,22
2006,31045,NE,Dawes County,rural,Midwest,West North Central,1396.464,9040,6238,11.625,27
2007,31045,NE,Dawes County,rural,Midwest,West North Central,1396.464,9181,6349,11.25,22
2008,31045,NE,Dawes County,rural,Midwest,West North Central,1396.464,9134,6270,10.875,23
2009,31045,NE,Dawes County,rural,Midwest,West North Central,1396.464,9218,6320,10.5,23
2010,31045,NE,Dawes County,rural,Midwest,West North Central,1396.464,9182,6272,10.125,29
2011,31045,NE,Dawes County,rural,Midwest,West North Central,1396.464,9168,6270,9.75,22
2011,31045,NE,Dawes County,rural,Midwest,West North Central,1396.464,9168,6270,9.75,22
2012,31045,NE,Dawes County,rural,Midwest,West North Central,1396.464,9201,6297,9.375,16
2013,31045,NE,Dawes County,rural,Midwest,West North Central,1396.464,9133,6240,9,15
2014,31045,NE,Dawes County,rural,Midwest,West North Central,1396.464,9065,6172,9,15
2015,31045,NE,Dawes County,Rural,Midwest,West North Central,1396.464,9026,6121,9,16
2016,31045,NE,Dawes County,rural,Midwest,West North Central,1396.464,8965,6093,,
1970,31047,NE,Dawson County,rural,Midwest,West North Central,1013.099,19841,11610,9.000698,
1971,31047,NE,Dawson County,RURAL,Midwest,West North Central,1013.099,20108,11834,7.754767,
1972,31047,NE,Dawson County,rural,Midwest,West North Central,1013.099,20320,12069,7.397968,
1973,31047,NE,Dawson County,rural,Midwest,West North Central,1013.099,19935,11888,7.06871,
1974,31047,NE,Dawson County,RURAL,Midwest,West North Central,1013.099,19990,11983,6.762924,
1975,31047,NE,Dawson County,rural  ,Midwest,West North Central,1013.099,20646,12496,6.436813,
1976,31047,NE,Dawson County,RURAL,Midwest,West North Central,1013.099,20996,12778,6.108463,
1977,31047,NE,Dawson County,rural,Midwest,West North Central,1013.099,21417,13058,5.757297,
1978,31047,NE,Dawson County,rural,Midwest,West North Central,1013.099,21563,13145,5.410578,
1979,31047,NE,Dawson County,rural,Midwest,West North Central,1013.099,21854,13326,6.89714,
1979,31047,NE,Dawson County,rural,Midwest,West North Central,1013.099,21854,13326,6.89714,
1980,31047,NE,Dawson County,Rural,Midwest,West North Central,1013.099,22324,13628,8.379735,
1981,31047,NE,Dawson County,rural,Midwest,West North Central,1013.099,22271,13579,536,
1981,31047,,,,,,,,,9.84514,
1982,31047,NE,Dawson County,rural,Midwest,West North Central,1013.099,22138,13456,11.28462,
1983,31047,NE,Dawson County,rural,Midwest,West North Central,1013.099,22131,13403,12.75088,29
1984,31047,NE,Dawson County,rural,Midwest,West North Central,1013.099,22027,13317,17.756,36
1985,31047,NE,Dawson County,rural,Midwest,West North Central,1013.099,21638,13049,22.7382,32
1985,31047,NE,Dawson County,rural,Midwest,West North Central,1013.099,21638,13049,22.7382,32
1986,31047,NE,Dawson County,rural,Midwest,West North Central,1013.099,20700,12445,15.44834,31
1987,31047,NE,Dawson County,rural,Midwest,West North Central,1013.099,20083,12033,14.55898,40
1988,31047,NE,Dawson County,rural,Midwest,West North Central,1013.099,19983,11940,17.31888,43
1989,31047,NE,Dawson County,rural,Midwest,West North Central,1013.099,19737,11720,21.14339,41
1989,31047,NE,Dawson County,rural,Midwest,West North Central,1013.099,19737,11720,21.14339,41
1990,31047,NE,Dawson County,rural,Midwest,West North Central,1013.099,20032,11881,25.02417,33
1991,31047,NE,Dawson County,rural,Midwest,West North Central,1013.099,20879,12444,28.914,31
1992,31047,NE,Dawson County,rural,Midwest,West North Central,1013.099,22116,13278,32.87816,28
1993,31047,NE,Dawson County,rural  ,Midwest,West North Central,1013.099,23090,13937,36.846,34
1994,31047,NE,Dawson County,rural,Midwest,West North Central,1013.099,23259,14044,50.44275,43
1995,31047,NE,Dawson County,rural,Midwest,West North Central,1013.099,23456,14207,63.66872,45
1995,31047,NE,Dawson County,rural,Midwest,West North Central,1013.099,23456,14207,63.66872,45
1996,31047,NE,Dawson County,rural,Midwest,West North Central,1013.099,23701,14415,77.12484,44
1997,31047,NE,Dawson County,rural,Midwest,West North Central,1013.099,23806,14499,90.51936,45
1998,31047,NE,Dawson County,rural,Midwest,West North Central,1013.099,23931,14584,103.7964,60
1999,31047,NE,Dawson County,rural,Midwest,West North Central,1013.099,24159,14740,117.6773,61
2000,31047,NE,Dawson County,rural,Midwest,West North Central,1013.099,24410,14989,113.5182,54
2001,31047,NE,Dawson County,rural,Midwest,West North Central,1013.099,24359,14919,109.4048,52
2002,31047,NE,Dawson County,rural,Midwest,West North Central,1013.099,24149,14760,105.0009,52
2003,31047,NE,Dawson County,rural,Midwest,West North Central,1013.099,24175,14891,100.6605,45
2004,31047,NE,Dawson County,RURAL,Midwest,West North Central,1013.099,24112,14857,96.39429,59
2005,31047,NE,Dawson County,rural,Midwest,West North Central,1013.099,24085,14838,92.09856,61
2006,31047,NE,Dawson County,rural,Midwest,West North Central,1013.099,24291,15034,91.11025,63
2007,31047,NE,Dawson County,rural,Midwest,West North Central,1013.099,24178,15017,89.65579,62
2008,31047,NE,Dawson County,rural,Midwest,West North Central,1013.099,24160,14992,88.55634,51
2009,31047,NE,Dawson County,rural,Midwest,West North Central,1013.099,24212,15069,87.30965,60
2010,31047,NE,Dawson County,rural,Midwest,West North Central,1013.099,24326,15156,86.04057,73
2011,31047,NE,Dawson County,rural,Midwest,West North Central,1013.099,24318,15158,84.91313,79
2012,31047,NE,Dawson County,  RURAL ,Midwest,West North Central,1013.099,24243,15108,83.4911,64
2013,31047,NE,Dawson County,rural,Midwest,West North Central,1013.099,24022,14899,82.45645,65
2014,31047,NE,Dawson County,rural,Midwest,West North Central,1013.099,24073,14904,82.45645,61
2015,31047,NE,Dawson County,rural,Midwest,West North Central,1013.099,24048,14814,82.45645,69
2016,31047,NE,Dawson County,rural,Midwest,West North Central,1013.099,23971,14744,,
1970,31049,NE,Deuel County,rural,Midwest,West North Central,439.851,2706,1556,0,
1971,31049,NE,Deuel County,rural,Midwest,West North Central,439.851,2633,1499,0,
1972,31049,NE,Deuel County,rural,Midwest,West North Central,439.851,2720,1562,0,
1972,31049,NE,Deuel County,rural,Midwest,West North Central,439.851,2720,1562,0,
1973,31049,NE,Deuel County,rural,Midwest,West North Central,439.851,2783,1612,0,
1974,31049,NE,Deuel County,rural,Midwest,West North Central,439.851,2608,1478,0,
1975,31049,NE,Deuel County,RURAL,Midwest,West North Central,439.851,2627,1490,0,
1976,31049,NE,Deuel County,rural,Midwest,West North Central,439.851,2627,1506,0,
1977,31049,NE,Deuel County,rural,Midwest,West North Central,439.851,2635,1527,0,
1978,31049,NE,Deuel County,rural,Midwest,West North Central,439.851,2500,1422,1,
1979,31049,NE,Deuel County,rural,Midwest,West North Central,439.851,2449,1393,1,
1980,31049,NE,Deuel County,rural,Midwest,West North Central,439.851,2455,1399,1,
1981,31049,NE,Deuel County, rural,Midwest,West North Central,439.851,2424,1379,1,
1982,31049,NE,Deuel County,rural,Midwest,West North Central,439.851,2386,1349,1,
1983,31049,NE,Deuel County,rural,Midwest,West North Central,439.851,2364,1333,1,4
1984,31049,NE,Deuel County,rural,Midwest,West North Central,439.851,2365,1333,1,4
1985,31049,NE,Deuel County,rural,Midwest,West North Central,439.851,2323,1301,1,
1985,31049,NE,Deuel County,rural,Midwest,West North Central,439.851,2323,1301,1,
1986,31049,NE,Deuel County,rural,Midwest,West North Central,439.851,2313,1291,1,
1987,31049,NE,Deuel County,rural,Midwest,West North Central,439.851,2269,1261,1,
1988,31049,NE,Deuel County,rural,Midwest,West North Central,439.851,2225,1238,1,
1989,31049,NE,Deuel County,rural,Midwest,West North Central,439.851,2236,1236,1,
1990,31049,NE,Deuel County,rural,Midwest,West North Central,439.851,2244,1228,1,
1991,31049,NE,Deuel County,RURAL,Midwest,West North Central,439.851,2238,1232,1,
1992,31049,NE,Deuel County,rural,Midwest,West North Central,439.851,2208,1221,1,4
1993,31049,NE,Deuel County,rural,Midwest,West North Central,439.851,2207,1230,1,
1994,31049,NE,Deuel County,rural,Midwest,West North Central,439.851,2116,1174,1,4
1994,31049,NE,Deuel County,rural,Midwest,West North Central,439.851,2116,1174,1,4
1995,31049,NE,Deuel County,rural,Midwest,West North Central,439.851,2128,1196,1,
1996,31049,NE,Deuel County,rural,Midwest,West North Central,439.851,2108,1209,1,
1997,31049,NE,Deuel County,RURAL,Midwest,West North Central,439.851,2079,1197,1,
1997,31049,NE,Deuel County,RURAL,Midwest,West North Central,439.851,2079,1197,1,
1998,31049,NE,Deuel County,rural,Midwest,West North Central,439.851,2084,1210,1,4
1999,31049,NE,Deuel County,rural,Midwest,West North Central,439.851,2059,1193,1,5
2000,31049,NE,Deuel County,rural,Midwest,West North Central,439.851,2086,1242,0,6
2001,31049,NE,Deuel County,rural,Midwest,West North Central,439.851,2085,1233,0,6
2002,31049,NE,Deuel County,  RURAL ,Midwest,West North Central,439.851,2029,1207,0,5
2003,31049,NE,Deuel County,rural,Midwest,West North Central,439.851,2027,1213,0,4
2003,31049,NE,Deuel County,rural,Midwest,West North Central,439.851,2027,1213,0,4
2004,31049,NE,Deuel County,rural,Midwest,West North Central,439.851,2025,1204,0,5
2005,31049,NE,Deuel County,rural,Midwest,West North Central,439.851,1999,1198,0,
2006,31049,NE,Deuel County,rural,Midwest,West North Central,439.851,1969,1179,0,
2007,31049,NE,Deuel County,rural,Midwest,West North Central,439.851,1982,1171,0,
2008,31049,NE,Deuel County,rural,Midwest,West North Central,439.851,1986,1143,0,
2009,31049,NE,Deuel County, rural,Midwest,West North Central,439.851,1941,1131,0,
2010,31049,NE,Deuel County,rural,Midwest,West North Central,439.851,1935,1131,0,
2010,31049,NE,Deuel County,rural,Midwest,West North Central,439.851,1935,1131,0,
2011,31049,NE,Deuel County,rural,Midwest,West North Central,439.851,1928,1133,0,
2012,31049,NE,Deuel County,rural,Midwest,West North Central,439.851,1960,1179,0,
2013,31049,NE,Deuel County,rural,Midwest,West North Central,439.851,1961,1170,0,5
2014,31049,NE,Deuel County,rural,Midwest,West North Central,439.851,1923,1134,0,6
2015,31049,NE,Deuel County,rural,Midwest,West North Central,439.851,1928,1133,0,5
2016,31049,NE,Deuel County,RURAL,Midwest,West North Central,439.851,1911,1114,,
1970,31051,NE,Dixon County,small/mid,Midwest,West North Central,476.124,7434,4102,0,
1971,31051,NE,Dixon County,small/mid,Midwest,West North Central,476.124,7395,4098,0,
1972,31051,NE,Dixon County,small/mid,Midwest,West North Central,476.124,7235,4021,0,
1973,31051,NE,Dixon County,small/mid,Midwest,West North Central,476.124,7106,3970,0,
1974,31051,NE,Dixon County,small/mid,Midwest,West North Central,476.124,7128,4021,0,
1975,31051,NE,Dixon County,small/mid,Midwest,West North Central,476.124,7197,4112,0,
1976,31051,NE,Dixon County,small/mid,Midwest,West North Central,476.124,7273,4165,0,
1977,31051,NE,Dixon County,small/mid,Midwest,West North Central,476.124,7318,4206,0,
1978,31051,NE,Dixon County,small/mid,Midwest,West North Central,476.124,7341,4228,0,
1979,31051,NE,Dixon County,small/mid,Midwest,West North Central,476.124,7291,4199,0,
1980,31051,NE,Dixon County,small/mid,Midwest,West North Central,476.124,7142,4089,0,
1981,31051,NE,Dixon County,small/mid,Midwest,West North Central,476.124,7120,4080,0,
1982,31051,NE,Dixon County,Small/mid,Midwest,West North Central,476.124,7020,4015,0,
1983,31051,NE,Dixon County,SMALL/MID,Midwest,West North Central,476.124,7001,3998,0,
1984,31051,NE,Dixon County,small/mid,Midwest,West North Central,476.124,6894,3934,0,
1985,31051,NE,Dixon County,small/mid,Midwest,West North Central,476.124,6704,3824,0,
1986,31051,NE,Dixon County,small/mid,Midwest,West North Central,476.124,6544,3732,0,
1987,31051,NE,Dixon County,small/mid,Midwest,West North Central,476.124,6402,3644,0,
1988,31051,NE,Dixon County,small/mid,Midwest,West North Central,476.124,6325,3596,2,
1989,31051,NE,Dixon County,small/mid,Midwest,West North Central,476.124,6219,3521,3,
1990,31051,NE,Dixon County,small/mid,Midwest,West North Central,476.124,6148,3484,4,
1991,31051,NE,Dixon County,small/mid,Midwest,West North Central,476.124,6199,3516,5,7
1992,31051,NE,Dixon County,small/mid,Midwest,West North Central,476.124,6214,3552,6,5
1993,31051,NE,Dixon County,small/mid,Midwest,West North Central,476.124,6205,3562,7,5
1994,31051,NE,Dixon County,Small/mid,Midwest,West North Central,476.124,6261,3615,3,
1995,31051,NE,Dixon County,small/mid,Midwest,West North Central,476.124,6310,3674,5,4
1996,31051,NE,Dixon County,small/mid,Midwest,West North Central,476.124,6338,3698,6,7
1997,31051,NE,Dixon County,small/mid,Midwest,West North Central,476.124,6337,3727,4,5
1998,31051,NE,Dixon County,small/mid,Midwest,West North Central,476.124,6323,3727,3,7
1999,31051,NE,Dixon County,small/mid,Midwest,West North Central,476.124,6396,3771,3,7
2000,31051,NE,Dixon County,small/mid,Midwest,West North Central,476.124,6246,3728,3.666667,6
2001,31051,NE,Dixon County,Small/mid,Midwest,West North Central,476.124,6156,3744,4.333333,5
2002,31051,NE,Dixon County, small/mid,Midwest,West North Central,476.124,6064,3735,5,5
2003,31051,NE,Dixon County,small/mid,Midwest,West North Central,476.124,5984,3712,5.666667,7
2004,31051,NE,Dixon County,small/mid,Midwest,West North Central,476.124,5908,3720,6.333333,5
2005,31051,NE,Dixon County,small/mid,Midwest,West North Central,476.124,5961,3741,7,5
2006,31051,NE,Dixon County,small/mid,Midwest,West North Central,476.124,5987,3687,6.875,10
2007,31051,NE,Dixon County,small/mid,Midwest,West North Central,476.124,5993,3671,6.75,8
2008,31051,NE,Dixon County,small/mid,Midwest,West North Central,476.124,6004,3665,6.625,
2009,31051,NE,Dixon County,small/mid,Midwest,West North Central,476.124,6013,3654,6.5,7
2010,31051,NE,Dixon County,small/mid,Midwest,West North Central,476.124,6000,3671,6.375,4
2011,31051,NE,Dixon County,small/mid,Midwest,West North Central,476.124,5985,3660,6.25,8
2012,31051,NE,Dixon County,small/mid,Midwest,West North Central,476.124,5995,3639,6.125,4
2013,31051,NE,Dixon County,small/mid,Midwest,West North Central,476.124,5887,3555,6,6
2013,31051,NE,Dixon County,small/mid,Midwest,West North Central,476.124,5887,3555,6,6
2014,31051,NE,Dixon County,small/mid  ,Midwest,West North Central,476.124,5807,3508,6,6
2015,31051,NE,Dixon County,small/mid,Midwest,West North Central,476.124,5755,3460,6,7
2016,31051,NE,Dixon County,small/mid,Midwest,West North Central,476.124,5765,3455,,
1970,31053,NE,Dodge County,rural,Midwest,West North Central,529.116,34818,20280,8,
1971,31053,NE,Dodge County,Rural,Midwest,West North Central,529.116,34933,20470,522,
1971,31053,,,,,,,,,8.875,
1972,31053,NE,Dodge County,rural,Midwest,West North Central,529.116,35236,20842,9.75,
1973,31053,NE,Dodge County,rural,Midwest,West North Central,529.116,35540,21233,10.625,
1974,31053,NE,Dodge County,rural,Midwest,West North Central,529.116,36189,21860,11.5,
1975,31053,NE,Dodge County,rural,Midwest,West North Central,529.116,35975,21877,12.375,
1976,31053,NE,Dodge County,rural,Midwest,West North Central,529.116,35263,21520,13.25,
1977,31053,NE,Dodge County,rural,Midwest,West North Central,529.116,35345,21712,14.125,
1978,31053,NE,Dodge County,rural,Midwest,West North Central,529.116,35214,21714,15,
1979,31053,NE,Dodge County,rural,Midwest,West North Central,529.116,35070,21723,15.2,
1980,31053,NE,Dodge County,rural,Midwest,West North Central,529.116,35900,22364,15.4,
1981,31053,NE,Dodge County,rural,Midwest,West North Central,529.116,35914,22341,15.6,
1982,31053,NE,Dodge County,rural,Midwest,West North Central,529.116,35820,22205,15.8,
1983,31053,NE,Dodge County,rural,Midwest,West North Central,529.116,35560,21982,16,43
1984,31053,NE,Dodge County,RURAL,Midwest,West North Central,529.116,35385,21840,19.4,36
1985,31053,NE,Dodge County, rural,Midwest,West North Central,529.116,35007,21553,22.8,54
1986,31053,NE,Dodge County,rural,Midwest,West North Central,529.116,34731,21316,26.2,51
1987,31053,NE,Dodge County,rural,Midwest,West North Central,529.116,34740,21248,29.6,56
1988,31053,NE,Dodge County,rural,Midwest,West North Central,529.116,34631,21128,33,56
1989,31053,NE,Dodge County,rural,Midwest,West North Central,529.116,34678,21033,33.2,57
1990,31053,NE,Dodge County,rural,Midwest,West North Central,529.116,34499,20885,33.4,55
1991,31053,NE,Dodge County,rural,Midwest,West North Central,529.116,34576,20903,33.6,51
1992,31053,NE,Dodge County,  RURAL ,Midwest,West North Central,529.116,34753,21060,33.8,47
1993,31053,NE,Dodge County,rural,Midwest,West North Central,529.116,34743,21059,34,40
1994,31053,NE,Dodge County,rural,Midwest,West North Central,529.116,34813,21171,35.16667,49
1995,31053,NE,Dodge County,rural,Midwest,West North Central,529.116,35019,21421,36.33333,67
1996,31053,NE,Dodge County,rural,Midwest,West North Central,529.116,35439,21803,37.5,68
1997,31053,NE,Dodge County,rural,Midwest,West North Central,529.116,35658,22049,38.66667,75
1998,31053,NE,Dodge County,rural,Midwest,West North Central,529.116,35926,22301,39.83333,89
1999,31053,NE,Dodge County, rural,Midwest,West North Central,529.116,35904,22344,41,84
2000,31053,NE,Dodge County,rural,Midwest,West North Central,529.116,36231,22653,40.83333,78
2001,31053,NE,Dodge County,  RURAL ,Midwest,West North Central,529.116,36143,22629,40.66667,91
2002,31053,NE,Dodge County,rural,Midwest,West North Central,529.116,36060,22667,40.5,97
2003,31053,NE,Dodge County,rural,Midwest,West North Central,529.116,36184,22753,40.33333,71
2004,31053,NE,Dodge County,rural,Midwest,West North Central,529.116,36267,22819,40.16667,73
2005,31053,NE,Dodge County,rural,Midwest,West North Central,529.116,36442,22925,40,83
2006,31053,NE,Dodge County,rural,Midwest,West North Central,529.116,36597,22945,40,105
2007,31053,NE,Dodge County,rural,Midwest,West North Central,529.116,36647,22851,40,112
2008,31053,NE,Dodge County,rural  ,Midwest,West North Central,529.116,36548,22678,40,102
2009,31053,NE,Dodge County,rural,Midwest,West North Central,529.116,36604,22675,40,110
2010,31053,NE,Dodge County,rural,Midwest,West North Central,529.116,36685,22694,606,114
2010,31053,,,,,,,,,40,
2011,31053,NE,Dodge County,rural,Midwest,West North Central,529.116,36671,22686,40,126
2012,31053,NE,Dodge County,rural,Midwest,West North Central,529.116,36929,22962,40,119
2013,31053,NE,Dodge County,rural,Midwest,West North Central,529.116,36592,22647,40,110
2014,31053,NE,Dodge County,rural,Midwest,West North Central,529.116,36508,22572,40,128
2015,31053,NE,Dodge County,rural,Midwest,West North Central,529.116,36591,22476,40,115
2016,31053,NE,Dodge County,rural,Midwest,West North Central,529.116,36505,22316,,
1970,31055,NE,Douglas County,small/mid,Midwest,West North Central,328.482,390895,236109,337,
1971,31055,NE,Douglas County,small/mid,Midwest,West North Central,328.482,396679,242097,308.75,
1972,31055,NE,Douglas County,small/mid,Midwest,West North Central,328.482,403307,249341,280.5,
1973,31055,NE,Douglas County,small/mid,Midwest,West North Central,328.482,408522,255812,252.25,
1974,31055,NE,Douglas County,  SMALL/MID ,Midwest,West North Central,328.482,411508,260693,224,
1975,31055,NE,Douglas County,small/mid,Midwest,West North Central,328.482,404440,258318,195.75,
1976,31055,NE,Douglas County,small/mid,Midwest,West North Central,328.482,405882,261861,167.5,
1977,31055,NE,Douglas County,small/mid,Midwest,West North Central,328.482,401459,260702,139.25,
1978,31055,NE,Douglas County,small/mid,Midwest,West North Central,328.482,401790,262961,111,
1979,31055,NE,Douglas County,small/mid,Midwest,West North Central,328.482,400550,263913,139.4,
1980,31055,NE,Douglas County,small/mid,Midwest,West North Central,328.482,397613,262884,167.8,
1981,31055,NE,Douglas County,SMALL/MID,Midwest,West North Central,328.482,398585,263913,196.2,
1982,31055,NE,Douglas County,small/mid,Midwest,West North Central,328.482,399778,264475,224.6,
1983,31055,NE,Douglas County,small/mid,Midwest,West North Central,328.482,401939,265772,253,942
1984,31055,NE,Douglas County,small/mid,Midwest,West North Central,328.482,405098,268009,299.5,937
1985,31055,NE,Douglas County,small/mid,Midwest,West North Central,328.482,407459,269471,346,949
1986,31055,NE,Douglas County,  SMALL/MID ,Midwest,West North Central,328.482,408366,269993,402,980
1987,31055,NE,Douglas County,small/mid,Midwest,West North Central,328.482,408256,269745,424,926
1988,31055,NE,Douglas County,small/mid,Midwest,West North Central,328.482,410830,271259,326,972
1989,31055,NE,Douglas County,small/mid,Midwest,West North Central,328.482,413333,271884,601,1067
1990,31055,NE,Douglas County,small/mid,Midwest,West North Central,328.482,417941,274831,667,1047
1991,31055,NE,Douglas County,small/mid  ,Midwest,West North Central,328.482,423457,278018,642,1140
1992,31055,NE,Douglas County,Small/mid,Midwest,West North Central,328.482,428612,282076,661,1147
1993,31055,NE,Douglas County,small/mid,Midwest,West North Central,328.482,432261,284505,605,1088
1994,31055,NE,Douglas County,small/mid,Midwest,West North Central,328.482,435744,287055,655,1181
1994,31055,NE,Douglas County,small/mid,Midwest,West North Central,328.482,435744,287055,655,1181
1995,31055,NE,Douglas County,small/mid,Midwest,West North Central,328.482,440877,291700,718,1283
1996,31055,NE,Douglas County,small/mid,Midwest,West North Central,328.482,447120,297201,708,1343
1997,31055,NE,Douglas County,small/mid  ,Midwest,West North Central,328.482,452075,301036,795,1426
1998,31055,NE,Douglas County,small/mid,Midwest,West North Central,328.482,455921,304029,847,1548
1999,31055,NE,Douglas County,small/mid,Midwest,West North Central,328.482,460798,307794,757,1472
2000,31055,NE,Douglas County,small/mid,Midwest,West North Central,328.482,464701,311288,805,1448
2001,31055,NE,Douglas County, small/mid,Midwest,West North Central,328.482,468125,314160,853,1445
2002,31055,NE,Douglas County,small/mid,Midwest,West North Central,328.482,471866,317267,901,1462
2003,31055,NE,Douglas County,small/mid,Midwest,West North Central,328.482,476701,321128,949,1428
2004,31055,NE,Douglas County,small/mid,Midwest,West North Central,328.482,482075,325069,997,1524
2005,31055,NE,Douglas County,small/mid,Midwest,West North Central,328.482,488114,330047,1045,1644
2006,31055,NE,Douglas County,small/mid,Midwest,West North Central,328.482,493757,333966,1050,1614
2007,31055,NE,Douglas County,small/mid,Midwest,West North Central,328.482,498743,337041,1080,1656
2007,31055,NE,Douglas County,small/mid,Midwest,West North Central,328.482,498743,337041,1080,1656
2008,31055,NE,Douglas County,small/mid,Midwest,West North Central,328.482,504547,340402,1276,1666
2009,31055,NE,Douglas County,small/mid,Midwest,West North Central,328.482,511902,345219,1346,1586
2010,31055,NE,Douglas County,small/mid,Midwest,West North Central,328.482,517116,348488,1193,1659
2011,31055,NE,Douglas County, small/mid,Midwest,West North Central,328.482,518586,349474,1330,1701
2012,31055,NE,Douglas County,small/mid,Midwest,West North Central,328.482,524458,353282,1103,1660
2013,31055,NE,Douglas County,small/mid,Midwest,West North Central,328.482,531298,356185,1203,1735
2014,31055,NE,Douglas County,small/mid,Midwest,West North Central,328.482,537527,359231,1189,1797
2015,31055,NE,Douglas County,small/mid,Midwest,West North Central,328.482,543570,361659,1113,1827
2016,31055,NE,Douglas County,small/mid,Midwest,West North Central,328.482,549919,364315,,
1970,31057,NE,Dundy County,rural,Midwest,West North Central,919.678,2920,1695,0,
1971,31057,NE,Dundy County,rural,Midwest,West North Central,919.678,2903,1687,0,
1972,31057,NE,Dundy County,rural,Midwest,West North Central,919.678,2857,1661,0,
1973,31057,NE,Dundy County,  RURAL ,Midwest,West North Central,919.678,2928,1722,0,
1974,31057,NE,Dundy County,rural,Midwest,West North Central,919.678,2801,1647,0,
1975,31057,NE,Dundy County,rural,Midwest,West North Central,919.678,2808,1673,0,
1976,31057,NE,Dundy County,rural,Midwest,West North Central,919.678,2807,1681,0,
1977,31057,NE,Dundy County,rural,Midwest,West North Central,919.678,2815,1681,0,
1978,31057,NE,Dundy County,  RURAL ,Midwest,West North Central,919.678,2814,1669,3,
1979,31057,NE,Dundy County,rural,Midwest,West North Central,919.678,2799,1647,2.8,
1980,31057,NE,Dundy County,  RURAL ,Midwest,West North Central,919.678,2861,1691,2.6,
1981,31057,NE,Dundy County,rural,Midwest,West North Central,919.678,2857,1686,2.4,
1982,31057,NE,Dundy County,rural,Midwest,West North Central,919.678,2866,1681,2.2,
1983,31057,NE,Dundy County,rural,Midwest,West North Central,919.678,2854,1662,2,
1984,31057,NE,Dundy County,rural,Midwest,West North Central,919.678,2871,1667,1.8,0
1985,31057,NE,Dundy County,rural,Midwest,West North Central,919.678,2828,1635,1.6,
1986,31057,NE,Dundy County,rural,Midwest,West North Central,919.678,2758,1584,1.4,
1987,31057,NE,Dundy County,rural,Midwest,West North Central,919.678,2684,1534,1.2,0
1988,31057,NE,Dundy County,rural,Midwest,West North Central,919.678,2589,1472,1,0
1989,31057,NE,Dundy County,rural,Midwest,West North Central,919.678,2614,1474,1,
1990,31057,NE,Dundy County,rural,Midwest,West North Central,919.678,2583,1440,1,
1991,31057,NE,Dundy County,rural,Midwest,West North Central,919.678,2557,1434,1,
1992,31057,NE,Dundy County,rural,Midwest,West North Central,919.678,2493,1387,1,
1993,31057,NE,Dundy County,rural,Midwest,West North Central,919.678,2508,1402,1,
1994,31057,NE,Dundy County,rural,Midwest,West North Central,919.678,2582,1461,1,
1995,31057,NE,Dundy County,rural,Midwest,West North Central,919.678,2520,1426,1,
1996,31057,NE,Dundy County,  RURAL ,Midwest,West North Central,919.678,2461,1404,1,
1997,31057,NE,Dundy County,rural,Midwest,West North Central,919.678,2402,1373,1,
1998,31057,NE,Dundy County,rural  ,Midwest,West North Central,919.678,2394,1396,1,
1999,31057,NE,Dundy County,rural,Midwest,West North Central,919.678,2304,1351,1,
2000,31057,NE,Dundy County,rural,Midwest,West North Central,919.678,2268,1351,1,5
2001,31057,NE,Dundy County,rural,Midwest,West North Central,919.678,2179,1305,1,4
2002,31057,NE,Dundy County,rural,Midwest,West North Central,919.678,2159,1267,1,4
2003,31057,NE,Dundy County,rural,Midwest,West North Central,919.678,2170,1277,1,
2004,31057,NE,Dundy County,rural,Midwest,West North Central,919.678,2154,1271,1,
2005,31057,NE,Dundy County,rural,Midwest,West North Central,919.678,2091,1229,1,
2006,31057,NE,Dundy County,rural,Midwest,West North Central,919.678,2051,1185,1.125,
2007,31057,NE,Dundy County,rural,Midwest,West North Central,919.678,2010,1175,1.25,
2007,31057,NE,Dundy County,rural,Midwest,West North Central,919.678,2010,1175,1.25,
2008,31057,NE,Dundy County,Rural,Midwest,West North Central,919.678,1973,1168,1.375,
2009,31057,NE,Dundy County,Rural,Midwest,West North Central,919.678,1997,1188,1.5,
2010,31057,NE,Dundy County,rural,Midwest,West North Central,919.678,2008,1183,1.625,0
2011,31057,NE,Dundy County,rural,Midwest,West North Central,919.678,2008,1182,515,0
2011,31057,,,,,,,,,1.75,
2012,31057,NE,Dundy County,rural,Midwest,West North Central,919.678,1976,1158,1.875,0
2013,31057,NE,Dundy County,rural,Midwest,West North Central,919.678,1981,1183,2,0
2014,31057,NE,Dundy County,rural,Midwest,West North Central,919.678,1958,1179,2,0
2015,31057,NE,Dundy County,rural,Midwest,West North Central,919.678,1867,1120,2,0
2016,31057,NE,Dundy County,rural,Midwest,West North Central,919.678,1774,1067,,
1970,31059,NE,Fillmore County, rural,Midwest,West North Central,575.371,8166,4558,1,
1971,31059,NE,Fillmore County,rural,Midwest,West North Central,575.371,8266,4661,1.25,
1972,31059,NE,Fillmore County,rural,Midwest,West North Central,575.371,7952,4497,1.5,
1973,31059,NE,Fillmore County,rural,Midwest,West North Central,575.371,8101,4654,1.75,
1974,31059,NE,Fillmore County,rural,Midwest,West North Central,575.371,8126,4695,2,
1975,31059,NE,Fillmore County,Rural,Midwest,West North Central,575.371,8077,4694,2.25,
1976,31059,NE,Fillmore County,rural,Midwest,West North Central,575.371,8063,4694,2.5,
1977,31059,NE,Fillmore County,rural,Midwest,West North Central,575.371,7992,4663,2.75,
1978,31059,NE,Fillmore County,rural,Midwest,West North Central,575.371,7979,4673,3,
1979,31059,NE,Fillmore County,rural,Midwest,West North Central,575.371,8003,4696,3,
1980,31059,NE,Fillmore County,Rural,Midwest,West North Central,575.371,7912,4637,3,
1981,31059,NE,Fillmore County,rural,Midwest,West North Central,575.371,7849,4590,3,
1982,31059,NE,Fillmore County,rural,Midwest,West North Central,575.371,7820,4554,3,
1983,31059,NE,Fillmore County,rural,Midwest,West North Central,575.371,7767,4507,3,
1984,31059,NE,Fillmore County,rural,Midwest,West North Central,575.371,7689,4453,2.6,8
1984,31059,NE,Fillmore County,rural,Midwest,West North Central,575.371,7689,4453,2.6,8
1985,31059,NE,Fillmore County,rural,Midwest,West North Central,575.371,7509,4337,2.2,4
1986,31059,NE,Fillmore County,rural,Midwest,West North Central,575.371,7308,4201,1.8,
1987,31059,NE,Fillmore County,rural,Midwest,West North Central,575.371,7272,4166,1.4,
1988,31059,NE,Fillmore County,rural,Midwest,West North Central,575.371,7321,4179,1,
1989,31059,NE,Fillmore County,rural,Midwest,West North Central,575.371,7198,4080,1,6
1990,31059,NE,Fillmore County,rural,Midwest,West North Central,575.371,7088,3992,1,5
1991,31059,NE,Fillmore County,rural,Midwest,West North Central,575.371,7074,3994,1,4
1992,31059,NE,Fillmore County,rural,Midwest,West North Central,575.371,6994,3957,1,6
1993,31059,NE,Fillmore County,rural,Midwest,West North Central,575.371,6886,3908,1,4
1994,31059,NE,Fillmore County,rural,Midwest,West North Central,575.371,6831,3877,1,8
1995,31059,NE,Fillmore County,RURAL,Midwest,West North Central,575.371,6839,3942,1,9
1996,31059,NE,Fillmore County,rural,Midwest,West North Central,575.371,6768,3925,1,11
1997,31059,NE,Fillmore County,rural,Midwest,West North Central,575.371,6779,3933,1,11
1998,31059,NE,Fillmore County,rural,Midwest,West North Central,575.371,6783,3952,1,11
1999,31059,NE,Fillmore County, rural,Midwest,West North Central,575.371,6705,3905,1,17
2000,31059,NE,Fillmore County,rural,Midwest,West North Central,575.371,6607,3858,1,14
2001,31059,NE,Fillmore County,rural,Midwest,West North Central,575.371,6493,3811,1,22
2002,31059,NE,Fillmore County,RURAL,Midwest,West North Central,575.371,6376,3761,1,24
2003,31059,NE,Fillmore County,rural,Midwest,West North Central,575.371,6371,3738,1,15
2004,31059,NE,Fillmore County,rural,Midwest,West North Central,575.371,6281,3691,1,17
2005,31059,NE,Fillmore County,rural,Midwest,West North Central,575.371,6126,3605,1,17
2005,31059,NE,Fillmore County,rural,Midwest,West North Central,575.371,6126,3605,1,17
2006,31059,NE,Fillmore County,rural,Midwest,West North Central,575.371,6053,3570,1.375,11
2007,31059,NE,Fillmore County,rural,Midwest,West North Central,575.371,5985,3552,1.75,11
2008,31059,NE,Fillmore County,RURAL,Midwest,West North Central,575.371,5940,3528,2.125,8
2009,31059,NE,Fillmore County,rural,Midwest,West North Central,575.371,5898,3519,2.5,7
2010,31059,NE,Fillmore County,rural,Midwest,West North Central,575.371,5890,3493,2.875,9
2011,31059,NE,Fillmore County,rural,Midwest,West North Central,575.371,5871,3494,3.25,9
2012,31059,NE,Fillmore County,rural,Midwest,West North Central,575.371,5826,3524,3.625,9
2013,31059,NE,Fillmore County,rural,Midwest,West North Central,575.371,5715,3467,4,7
2014,31059,NE,Fillmore County,rural,Midwest,West North Central,575.371,5636,3468,4,8
2015,31059,NE,Fillmore County,rural,Midwest,West North Central,575.371,5604,3452,4,10
2016,31059,NE,Fillmore County,rural,Midwest,West North Central,575.371,5554,3455,,
1970,31061,NE,Franklin County,rural,Midwest,West North Central,575.816,4533,2522,0,
1971,31061,NE,Franklin County,rural,Midwest,West North Central,575.816,4422,2453,0,
1972,31061,NE,Franklin County,rural  ,Midwest,West North Central,575.816,4549,2569,0,
1973,31061,NE,Franklin County,rural,Midwest,West North Central,575.816,4505,2554,0,
1974,31061,NE,Franklin County,  RURAL ,Midwest,West North Central,575.816,4585,2628,0,
1975,31061,NE,Franklin County,rural,Midwest,West North Central,575.816,4629,2680,0,
1976,31061,NE,Franklin County,rural,Midwest,West North Central,575.816,4518,2603,0,
1977,31061,NE,Franklin County,rural,Midwest,West North Central,575.816,4513,2585,0,
1978,31061,NE,Franklin County,rural,Midwest,West North Central,575.816,4522,2581,3,
1979,31061,NE,Franklin County,rural,Midwest,West North Central,575.816,4507,2562,2.8,
1980,31061,NE,Franklin County,rural,Midwest,West North Central,575.816,4370,2466,2.6,
1981,31061,NE,Franklin County, rural,Midwest,West North Central,575.816,4335,2441,2.4,
1982,31061,NE,Franklin County,rural,Midwest,West North Central,575.816,4376,2454,529,
1982,31061,,,,,,,,,2.2,
1983,31061,NE,Franklin County,rural,Midwest,West North Central,575.816,4365,2438,2,0
1984,31061,NE,Franklin County,rural,Midwest,West North Central,575.816,4406,2458,1.8,
1985,31061,NE,Franklin County,rural  ,Midwest,West North Central,575.816,4287,2380,1.6,0
1986,31061,NE,Franklin County,rural,Midwest,West North Central,575.816,4128,2286,1.4,
1987,31061,NE,Franklin County,rural  ,Midwest,West North Central,575.816,4086,2252,1.2,
1988,31061,NE,Franklin County,rural,Midwest,West North Central,575.816,4058,2228,1,
1989,31061,NE,Franklin County,rural,Midwest,West North Central,575.816,4036,2202,1,
1990,31061,NE,Franklin County,rural,Midwest,West North Central,575.816,3932,2133,1,
1991,31061,NE,Franklin County,rural,Midwest,West North Central,575.816,3906,2125,1,
1992,31061,NE,Franklin County,rural,Midwest,West North Central,575.816,3923,2141,1,
1993,31061,NE,Franklin County,rural,Midwest,West North Central,575.816,3849,2121,1,
1994,31061,NE,Franklin County,rural,Midwest,West North Central,575.816,3765,2088,1,
1995,31061,NE,Franklin County,rural,Midwest,West North Central,575.816,3793,2111,1,
1996,31061,NE,Franklin County,rural,Midwest,West North Central,575.816,3835,2160,1,
1997,31061,NE,Franklin County,rural,Midwest,West North Central,575.816,3813,2156,1,0
1998,31061,NE,Franklin County,rural,Midwest,West North Central,575.816,3709,2097,1,0
1999,31061,NE,Franklin County,rural,Midwest,West North Central,575.816,3656,2069,1,0
2000,31061,NE,Franklin County,rural,Midwest,West North Central,575.816,3544,2009,1.666667,
2001,31061,NE,Franklin County,RURAL,Midwest,West North Central,575.816,3467,1989,2.333333,
2001,31061,NE,Franklin County,RURAL,Midwest,West North Central,575.816,3467,1989,2.333333,
2002,31061,NE,Franklin County,RURAL,Midwest,West North Central,575.816,3484,2027,3,
2003,31061,NE,Franklin County,rural,Midwest,West North Central,575.816,3440,1996,3.666667,
2004,31061,NE,Franklin County,  RURAL ,Midwest,West North Central,575.816,3411,1979,4.333333,
2005,31061,NE,Franklin County,rural,Midwest,West North Central,575.816,3425,1977,5,4
2006,31061,NE,Franklin County,rural,Midwest,West North Central,575.816,3352,1965,4.625,5
2007,31061,NE,Franklin County,rural,Midwest,West North Central,575.816,3207,1869,4.25,
2008,31061,NE,Franklin County,rural,Midwest,West North Central,575.816,3167,1844,3.875,
2008,31061,NE,Franklin County,rural,Midwest,West North Central,575.816,3167,1844,3.875,
2009,31061,NE,Franklin County,rural,Midwest,West North Central,575.816,3186,1829,3.5,
2010,31061,NE,Franklin County,rural,Midwest,West North Central,575.816,3225,1887,3.125,0
2011,31061,NE,Franklin County,rural,Midwest,West North Central,575.816,3244,1898,2.75,0
2012,31061,NE,Franklin County,rural,Midwest,West North Central,575.816,3204,1904,2.375,
2013,31061,NE,Franklin County,rural,Midwest,West North Central,575.816,3182,1894,2,5
2014,31061,NE,Franklin County,rural,Midwest,West North Central,575.816,3065,1831,2,5
2015,31061,NE,Franklin County,  RURAL ,Midwest,West North Central,575.816,3049,1804,2,6
2016,31061,NE,Franklin County,rural,Midwest,West North Central,575.816,2979,1746,,
1970,31063,NE,Frontier County,rural,Midwest,West North Central,974.592,4002,2344,0,
1971,31063,NE,Frontier County,rural,Midwest,West North Central,974.592,4111,2440,0,
1972,31063,NE,Frontier County,rural,Midwest,West North Central,974.592,4029,2407,0,
1973,31063,NE,Frontier County,rural,Midwest,West North Central,974.592,3985,2406,0,
1973,31063,NE,Frontier County,rural,Midwest,West North Central,974.592,3985,2406,0,
1974,31063,NE,Frontier County,rural,Midwest,West North Central,974.592,3969,2407,0,
1975,31063,NE,Frontier County,rural,Midwest,West North Central,974.592,3840,2337,0,
1976,31063,NE,Frontier County,rural,Midwest,West North Central,974.592,3899,2397,0,
1977,31063,NE,Frontier County,rural,Midwest,West North Central,974.592,3912,2419,0,
1977,31063,NE,Frontier County,rural,Midwest,West North Central,974.592,3912,2419,0,
1978,31063,NE,Frontier County,rural,Midwest,West North Central,974.592,3901,2406,1,
1979,31063,NE,Frontier County,  RURAL ,Midwest,West North Central,974.592,3777,2318,1,
1980,31063,NE,Frontier County,rural,Midwest,West North Central,974.592,3649,2225,1,
1981,31063,NE,Frontier County,rural,Midwest,West North Central,974.592,3630,2207,1,
1981,31063,NE,Frontier County,rural,Midwest,West North Central,974.592,3630,2207,1,
1982,31063,NE,Frontier County,rural,Midwest,West North Central,974.592,3612,2190,1,
1983,31063,NE,Frontier County,rural,Midwest,West North Central,974.592,3563,2149,1,
1984,31063,NE,Frontier County,rural,Midwest,West North Central,974.592,3514,2115,1,
1985,31063,NE,Frontier County,rural,Midwest,West North Central,974.592,3412,2045,1,
1985,31063,NE,Frontier County,rural,Midwest,West North Central,974.592,3412,2045,1,
1986,31063,NE,Frontier County,Rural,Midwest,West North Central,974.592,3311,1975,1,0
1987,31063,NE,Frontier County,rural,Midwest,West North Central,974.592,3219,1912,1,
1988,31063,NE,Frontier County,rural,Midwest,West North Central,974.592,3167,1876,1,
1989,31063,NE,Frontier County,rural,Midwest,West North Central,974.592,3117,1830,2,
1989,31063,NE,Frontier County,rural,Midwest,West North Central,974.592,3117,1830,2,
1990,31063,NE,Frontier County,rural,Midwest,West North Central,974.592,3094,1815,3,
1991,31063,NE,Frontier County,rural,Midwest,West North Central,974.592,3091,1833,4,
1992,31063,NE,Frontier County,rural,Midwest,West North Central,974.592,3104,1851,5,
1993,31063,NE,Frontier County,rural,Midwest,West North Central,974.592,3106,1859,6,0
1994,31063,NE,Frontier County,rural,Midwest,West North Central,974.592,3128,1888,6.166667,
1995,31063,NE,Frontier County,rural,Midwest,West North Central,974.592,3124,1892,6.333333,
1996,31063,NE,Frontier County,rural,Midwest,West North Central,974.592,3152,1939,6.5,0
1997,31063,NE,Frontier County,rural,Midwest,West North Central,974.592,3119,1939,6.666667,
1998,31063,NE,Frontier County,rural,Midwest,West North Central,974.592,3067,1911,6.833333,4
1998,31063,NE,Frontier County,rural,Midwest,West North Central,974.592,3067,1911,6.833333,4
1999,31063,NE,Frontier County,rural,Midwest,West North Central,974.592,3115,1967,7,10
2000,31063,NE,Frontier County,rural,Midwest,West North Central,974.592,3085,1964,6.666667,8
2001,31063,NE,Frontier County,rural,Midwest,West North Central,974.592,3069,1962,6.333333,11
2002,31063,NE,Frontier County,rural,Midwest,West North Central,974.592,3037,1956,6,6
2003,31063,NE,Frontier County,RURAL,Midwest,West North Central,974.592,2981,1939,5.666667,7
2004,31063,NE,Frontier County,rural,Midwest,West North Central,974.592,2990,1940,5.333333,5
2005,31063,NE,Frontier County,rural,Midwest,West North Central,974.592,2944,1901,5,
2006,31063,NE,Frontier County,Rural,Midwest,West North Central,974.592,2879,1886,4.75,
2007,31063,NE,Frontier County,rural,Midwest,West North Central,974.592,2860,1838,4.5,
2008,31063,NE,Frontier County,rural,Midwest,West North Central,974.592,2786,1787,4.25,4
2009,31063,NE,Frontier County, rural,Midwest,West North Central,974.592,2772,1771,4,
2010,31063,NE,Frontier County, rural,Midwest,West North Central,974.592,2756,1754,3.75,
2011,31063,NE,Frontier County, rural,Midwest,West North Central,974.592,2760,1757,3.5,
2012,31063,NE,Frontier County,rural,Midwest,West North Central,974.592,2714,1724,3.25,
2013,31063,NE,Frontier County,rural,Midwest,West North Central,974.592,2719,1737,3,
2014,31063,NE,Frontier County,rural,Midwest,West North Central,974.592,2716,1709,3,
2015,31063,NE,Frontier County,rural  ,Midwest,West North Central,974.592,2722,1682,3,
2016,31063,NE,Frontier County,rural,Midwest,West North Central,974.592,2631,1634,,
1970,31065,NE,Furnas County,Rural,Midwest,West North Central,719.132,6872,3719,0,
1971,31065,NE,Furnas County,rural,Midwest,West North Central,719.132,6786,3669,0,
1972,31065,NE,Furnas County,rural,Midwest,West North Central,719.132,6795,3697,0,
1973,31065,NE,Furnas County,rural,Midwest,West North Central,719.132,6841,3754,0,
1974,31065,NE,Furnas County,rural,Midwest,West North Central,719.132,6873,3795,0,
1975,31065,NE,Furnas County,rural,Midwest,West North Central,719.132,6976,3893,0,
1976,31065,NE,Furnas County,rural  ,Midwest,West North Central,719.132,6792,3798,0,
1977,31065,NE,Furnas County,rural,Midwest,West North Central,719.132,6713,3726,0,
1978,31065,NE,Furnas County,rural,Midwest,West North Central,719.132,6689,3711,1,
1978,31065,NE,Furnas County,rural,Midwest,West North Central,719.132,6689,3711,1,
1979,31065,NE,Furnas County,rural,Midwest,West North Central,719.132,6528,3599,1.4,
1980,31065,NE,Furnas County,rural,Midwest,West North Central,719.132,6497,3591,1.8,
1981,31065,NE,Furnas County,rural,Midwest,West North Central,719.132,6512,3587,2.2,
1982,31065,NE,Furnas County,rural,Midwest,West North Central,719.132,6441,3534,2.6,
1983,31065,NE,Furnas County,rural,Midwest,West North Central,719.132,6480,3537,3,0
1984,31065,NE,Furnas County,rural,Midwest,West North Central,719.132,6478,3531,2.6,
1985,31065,NE,Furnas County,rural,Midwest,West North Central,719.132,6307,3420,2.2,
1986,31065,NE,Furnas County,rural,Midwest,West North Central,719.132,6115,3298,1.8,5
1987,31065,NE,Furnas County,rural,Midwest,West North Central,719.132,5912,3177,1.4,5
1988,31065,NE,Furnas County,rural,Midwest,West North Central,719.132,5809,3107,1,
1989,31065,NE,Furnas County,rural,Midwest,West North Central,719.132,5663,3006,1.2,
1990,31065,NE,Furnas County,rural,Midwest,West North Central,719.132,5530,2940,1.4,0
1991,31065,NE,Furnas County,rural,Midwest,West North Central,719.132,5620,3018,1.6,
1992,31065,NE,Furnas County,rural,Midwest,West North Central,719.132,5678,3076,1.8,
1993,31065,NE,Furnas County,rural,Midwest,West North Central,719.132,5678,3083,2,
1994,31065,NE,Furnas County,rural,Midwest,West North Central,719.132,5646,3090,2,
1995,31065,NE,Furnas County,rural,Midwest,West North Central,719.132,5618,3099,2,7
1996,31065,NE,Furnas County,rural,Midwest,West North Central,719.132,5533,3067,2,8
1997,31065,NE,Furnas County,rural,Midwest,West North Central,719.132,5449,3034,2,9
1998,31065,NE,Furnas County,rural,Midwest,West North Central,719.132,5437,3055,2,7
1999,31065,NE,Furnas County,rural,Midwest,West North Central,719.132,5386,3053,2,9
2000,31065,NE,Furnas County,Rural,Midwest,West North Central,719.132,5299,3020,2.166667,10
2000,31065,NE,Furnas County,Rural,Midwest,West North Central,719.132,5299,3020,2.166667,10
2001,31065,NE,Furnas County,rural,Midwest,West North Central,719.132,5232,2995,2.333333,8
2002,31065,NE,Furnas County,rural,Midwest,West North Central,719.132,5261,3019,2.5,7
2003,31065,NE,Furnas County,rural,Midwest,West North Central,719.132,5207,2978,2.666667,4
2004,31065,NE,Furnas County,rural,Midwest,West North Central,719.132,5112,2935,2.833333,
2005,31065,NE,Furnas County,rural,Midwest,West North Central,719.132,5051,2918,3,
2006,31065,NE,Furnas County,rural,Midwest,West North Central,719.132,5016,2881,2.75,
2007,31065,NE,Furnas County,rural,Midwest,West North Central,719.132,4929,2864,2.5,0
2008,31065,NE,Furnas County,rural,Midwest,West North Central,719.132,4873,2848,2.25,
2009,31065,NE,Furnas County,rural,Midwest,West North Central,719.132,4934,2871,2,
2010,31065,NE,Furnas County,rural  ,Midwest,West North Central,719.132,4959,2909,1.75,
2011,31065,NE,Furnas County,rural,Midwest,West North Central,719.132,4945,2912,1.5,
2012,31065,NE,Furnas County,rural,Midwest,West North Central,719.132,4917,2911,1.25,
2013,31065,NE,Furnas County,rural,Midwest,West North Central,719.132,4884,2873,1,
2014,31065,NE,Furnas County,rural,Midwest,West North Central,719.132,4832,2860,1,
2015,31065,NE,Furnas County,rural,Midwest,West North Central,719.132,4855,2872,1,
2016,31065,NE,Furnas County,  RURAL ,Midwest,West North Central,719.132,4832,2825,,
1970,31067,NE,Gage County,rural,Midwest,West North Central,851.462,25730,15435,21,
1971,31067,NE,Gage County,rural,Midwest,West North Central,851.462,25735,15478,19.625,
1972,31067,NE,Gage County,rural,Midwest,West North Central,851.462,25500,15385,18.25,
1973,31067,NE,Gage County,rural,Midwest,West North Central,851.462,25188,15241,16.875,
1974,31067,NE,Gage County,rural,Midwest,West North Central,851.462,25378,15441,15.5,
1975,31067,NE,Gage County,RURAL,Midwest,West North Central,851.462,25146,15325,14.125,
1976,31067,NE,Gage County,rural,Midwest,West North Central,851.462,25327,15582,12.75,
1977,31067,NE,Gage County,rural,Midwest,West North Central,851.462,25537,15769,11.375,
1978,31067,NE,Gage County,rural,Midwest,West North Central,851.462,25651,15943,10,
1979,31067,NE,Gage County,rural,Midwest,West North Central,851.462,25848,16157,10,
1980,31067,NE,Gage County,rural,Midwest,West North Central,851.462,24469,15151,10,
1981,31067,NE,Gage County,rural,Midwest,West North Central,851.462,24400,15079,10,
1982,31067,NE,Gage County,rural,Midwest,West North Central,851.462,24171,14877,10,
1983,31067,NE,Gage County,rural,Midwest,West North Central,851.462,24013,14732,10,17
1984,31067,NE,Gage County,rural,Midwest,West North Central,851.462,23988,14684,10,19
1985,31067,NE,Gage County,rural,Midwest,West North Central,851.462,23547,14371,10,20
1985,31067,NE,Gage County,rural,Midwest,West North Central,851.462,23547,14371,10,20
1986,31067,NE,Gage County,rural,Midwest,West North Central,851.462,23171,14082,10,16
1987,31067,NE,Gage County,rural,Midwest,West North Central,851.462,22952,13891,10,13
1988,31067,NE,Gage County,rural,Midwest,West North Central,851.462,22946,13841,10,27
1989,31067,NE,Gage County,rural,Midwest,West North Central,851.462,22782,13650,10.8,20
1990,31067,NE,Gage County,rural,Midwest,West North Central,851.462,22813,13640,11.6,26
1991,31067,NE,Gage County,rural,Midwest,West North Central,851.462,22747,13591,12.4,28
1992,31067,NE,Gage County,rural,Midwest,West North Central,851.462,22796,13672,13.2,29
1993,31067,NE,Gage County, rural,Midwest,West North Central,851.462,22888,13716,14,33
1994,31067,NE,Gage County,rural,Midwest,West North Central,851.462,22895,13726,14.66667,29
1995,31067,NE,Gage County,rural  ,Midwest,West North Central,851.462,22883,13762,15.33333,27
1996,31067,NE,Gage County,rural,Midwest,West North Central,851.462,22918,13869,16,24
1997,31067,NE,Gage County,rural,Midwest,West North Central,851.462,22996,14007,16.66667,22
1998,31067,NE,Gage County,rural,Midwest,West North Central,851.462,22969,14048,17.33333,32
1999,31067,NE,Gage County,rural,Midwest,West North Central,851.462,22939,14059,18,38
2000,31067,NE,Gage County,rural,Midwest,West North Central,851.462,22955,14109,18.33333,43
2001,31067,NE,Gage County,rural  ,Midwest,West North Central,851.462,23039,14190,18.66667,52
2002,31067,NE,Gage County,rural,Midwest,West North Central,851.462,23031,14271,19,59
2003,31067,NE,Gage County,Rural,Midwest,West North Central,851.462,23056,14323,19.33333,61
2004,31067,NE,Gage County,rural,Midwest,West North Central,851.462,23052,14329,19.66667,60
2005,31067,NE,Gage County,rural,Midwest,West North Central,851.462,22866,14210,20,70
2006,31067,NE,Gage County,rural,Midwest,West North Central,851.462,22875,14171,20.5,56
2007,31067,NE,Gage County,rural,Midwest,West North Central,851.462,22843,14155,21,57
2008,31067,NE,Gage County,rural,Midwest,West North Central,851.462,22574,13939,21.5,61
2009,31067,NE,Gage County,rural,Midwest,West North Central,851.462,22364,13784,22,62
2010,31067,NE,Gage County,rural,Midwest,West North Central,851.462,22311,13772,22.5,48
2011,31067,NE,Gage County,rural,Midwest,West North Central,851.462,22269,13762,23,58
2012,31067,NE,Gage County,rural,Midwest,West North Central,851.462,21906,13570,23.5,64
2013,31067,NE,Gage County,rural,Midwest,West North Central,851.462,21653,13399,24,79
2014,31067,NE,Gage County,rural,Midwest,West North Central,851.462,21726,13390,24,85
2015,31067,NE,Gage County,rural,Midwest,West North Central,851.462,21533,13286,24,84
2016,31067,NE,Gage County,RURAL,Midwest,West North Central,851.462,21690,13305,,
1970,31069,NE,Garden County,rural,Midwest,West North Central,1704.282,2935,1692,0,
1970,31069,NE,Garden County,rural,Midwest,West North Central,1704.282,2935,1692,0,
1971,31069,NE,Garden County,rural,Midwest,West North Central,1704.282,2968,1716,0,
1971,31069,NE,Garden County,rural,Midwest,West North Central,1704.282,2968,1716,0,
1972,31069,NE,Garden County,rural,Midwest,West North Central,1704.282,2891,1670,0,
1973,31069,NE,Garden County,  RURAL ,Midwest,West North Central,1704.282,2882,1678,0,
1974,31069,NE,Garden County,rural,Midwest,West North Central,1704.282,2861,1666,0,
1975,31069,NE,Garden County,rural,Midwest,West North Central,1704.282,2820,1652,0,
1975,31069,NE,Garden County,rural,Midwest,West North Central,1704.282,2820,1652,0,
1976,31069,NE,Garden County,rural,Midwest,West North Central,1704.282,2864,1704,0,
1977,31069,NE,Garden County,rural,Midwest,West North Central,1704.282,2887,1734,0,
1978,31069,NE,Garden County,rural,Midwest,West North Central,1704.282,2864,1722,1,
1979,31069,NE,Garden County,Rural,Midwest,West North Central,1704.282,2742,1632,1,
1980,31069,NE,Garden County,rural,Midwest,West North Central,1704.282,2801,1670,1,
1981,31069,NE,Garden County,rural,Midwest,West North Central,1704.282,2769,1642,1,
1982,31069,NE,Garden County,rural,Midwest,West North Central,1704.282,2755,1620,1,
1983,31069,NE,Garden County,rural,Midwest,West North Central,1704.282,2688,1575,1,0
1984,31069,NE,Garden County,rural,Midwest,West North Central,1704.282,2660,1549,1,0
1985,31069,NE,Garden County,rural,Midwest,West North Central,1704.282,2725,1577,1,0
1986,31069,NE,Garden County,RURAL,Midwest,West North Central,1704.282,2666,1529,1,0
1987,31069,NE,Garden County,rural,Midwest,West North Central,1704.282,2612,1488,1,0
1988,31069,NE,Garden County,rural,Midwest,West North Central,1704.282,2583,1464,1,0
1988,31069,NE,Garden County,rural,Midwest,West North Central,1704.282,2583,1464,1,0
1989,31069,NE,Garden County,Rural,Midwest,West North Central,1704.282,2539,1422,1,0
1990,31069,NE,Garden County,Rural,Midwest,West North Central,1704.282,2452,1366,1,
1991,31069,NE,Garden County,rural,Midwest,West North Central,1704.282,2385,1320,1,
1992,31069,NE,Garden County,rural,Midwest,West North Central,1704.282,2382,1334,1,0
1992,31069,NE,Garden County,rural,Midwest,West North Central,1704.282,2382,1334,1,0
1993,31069,NE,Garden County,rural,Midwest,West North Central,1704.282,2342,1320,1,
1994,31069,NE,Garden County,rural,Midwest,West North Central,1704.282,2379,1360,1.166667,4
1995,31069,NE,Garden County,rural,Midwest,West North Central,1704.282,2339,1333,1.333333,
1996,31069,NE,Garden County,rural,Midwest,West North Central,1704.282,2376,1384,1.5,
1997,31069,NE,Garden County,rural,Midwest,West North Central,1704.282,2361,1392,1.666667,
1998,31069,NE,Garden County,rural,Midwest,West North Central,1704.282,2301,1362,1.833333,
1999,31069,NE,Garden County,rural,Midwest,West North Central,1704.282,2288,1350,2,6
2000,31069,NE,Garden County,rural,Midwest,West North Central,1704.282,2289,1350,2.5,7
2000,31069,NE,Garden County,rural,Midwest,West North Central,1704.282,2289,1350,2.5,7
2001,31069,NE,Garden County,rural  ,Midwest,West North Central,1704.282,2306,1354,3,9
2002,31069,NE,Garden County,rural,Midwest,West North Central,1704.282,2284,1379,3.5,6
2003,31069,NE,Garden County,rural,Midwest,West North Central,1704.282,2304,1401,4,7
2004,31069,NE,Garden County,rural,Midwest,West North Central,1704.282,2245,1364,4.5,9
2005,31069,NE,Garden County,rural,Midwest,West North Central,1704.282,2111,1281,5,9
2006,31069,NE,Garden County,rural,Midwest,West North Central,1704.282,2120,1281,5,9
2007,31069,NE,Garden County,rural,Midwest,West North Central,1704.282,2046,1201,5,6
2008,31069,NE,Garden County,rural,Midwest,West North Central,1704.282,2004,1200,5,6
2008,31069,NE,Garden County,rural,Midwest,West North Central,1704.282,2004,1200,5,6
2009,31069,NE,Garden County,  RURAL ,Midwest,West North Central,1704.282,2010,1169,5,5
2010,31069,NE,Garden County,rural,Midwest,West North Central,1704.282,2057,1192,5,6
2011,31069,NE,Garden County,rural,Midwest,West North Central,1704.282,2075,1201,5,4
2012,31069,NE,Garden County,rural,Midwest,West North Central,1704.282,2062,1201,5,6
2013,31069,NE,Garden County,rural,Midwest,West North Central,1704.282,1983,1122,5,6
2014,31069,NE,Garden County,rural,Midwest,West North Central,1704.282,1923,1095,5,5
2015,31069,NE,Garden County,rural,Midwest,West North Central,1704.282,1909,1088,5,6
2016,31069,NE,Garden County,Rural,Midwest,West North Central,1704.282,1916,1085,,
2016,31069,NE,Garden County,Rural,Midwest,West North Central,1704.282,1916,1085,,
1970,31071,NE,Garfield County,rural,Midwest,West North Central,569.33,2416,1349,0.3470989,
1971,31071,NE,Garfield County,rural,Midwest,West North Central,569.33,2476,1386,0,
1972,31071,NE,Garfield County,rural,Midwest,West North Central,569.33,2477,1390,0,
1973,31071,NE,Garfield County,rural,Midwest,West North Central,569.33,2478,1395,0,
1973,31071,NE,Garfield County,rural,Midwest,West North Central,569.33,2478,1395,0,
1974,31071,NE,Garfield County,rural,Midwest,West North Central,569.33,2412,1341,0,
1975,31071,NE,Garfield County,rural,Midwest,West North Central,569.33,2487,1388,0,
1976,31071,NE,Garfield County,rural,Midwest,West North Central,569.33,2423,1355,0,
1977,31071,NE,Garfield County,rural,Midwest,West North Central,569.33,2468,1399,0,
1977,31071,NE,Garfield County,rural,Midwest,West North Central,569.33,2468,1399,0,
1978,31071,NE,Garfield County,rural,Midwest,West North Central,569.33,2413,1365,501,
1978,31071,,,,,,,,,0.3679245,
1979,31071,NE,Garfield County,rural,Midwest,West North Central,569.33,2378,1336,0.3369259,
1980,31071,NE,Garfield County,rural,Midwest,West North Central,569.33,2358,1321,0.3107423,
1981,31071,NE,Garfield County,rural,Midwest,West North Central,569.33,2335,1309,0.2926871,
1982,31071,NE,Garfield County,rural,Midwest,West North Central,569.33,2326,1295,0.2745098,
1983,31071,NE,Garfield County,rural,Midwest,West North Central,569.33,2362,1316,0.2599421,0
1984,31071,NE,Garfield County,rural,Midwest,West North Central,569.33,2370,1320,0.1884945,0
1984,31071,NE,Garfield County,rural,Midwest,West North Central,569.33,2370,1320,0.1884945,0
1985,31071,NE,Garfield County,rural,Midwest,West North Central,569.33,2273,1265,0.1713378,0
1986,31071,NE,Garfield County,rural,Midwest,West North Central,569.33,2218,1231,0.1580231,0
1987,31071,NE,Garfield County,rural,Midwest,West North Central,569.33,2138,1183,0.1434572,0
1988,31071,NE,Garfield County,rural,Midwest,West North Central,569.33,2145,1188,0.1328859,0
1989,31071,NE,Garfield County,rural,Midwest,West North Central,569.33,2115,1166,0.2128708,
1990,31071,NE,Garfield County,rural,Midwest,West North Central,569.33,2148,1188,0.3016272,0
1991,31071,NE,Garfield County,rural,Midwest,West North Central,569.33,2166,1196,0.3907129,0
1991,31071,NE,Garfield County,rural,Midwest,West North Central,569.33,2166,1196,0.3907129,0
1992,31071,NE,Garfield County,Rural,Midwest,West North Central,569.33,2101,1156,0.4614771,0
1993,31071,NE,Garfield County, rural,Midwest,West North Central,569.33,2059,1124,0.532323,0
1994,31071,NE,Garfield County,rural,Midwest,West North Central,569.33,2019,1107,0.3944181,0
1995,31071,NE,Garfield County,rural,Midwest,West North Central,569.33,2008,1101,0.5229162,
1996,31071,NE,Garfield County,rural,Midwest,West North Central,569.33,2001,1110,0.5264406,0
1996,31071,NE,Garfield County,rural,Midwest,West North Central,569.33,2001,1110,0.5264406,0
1997,31071,NE,Garfield County, rural,Midwest,West North Central,569.33,1985,1115,0.5338121,
1998,31071,NE,Garfield County,rural,Midwest,West North Central,569.33,1959,1093,0.5343437,
1999,31071,NE,Garfield County,rural,Midwest,West North Central,569.33,1921,1078,0.7999011,
2000,31071,NE,Garfield County,rural,Midwest,West North Central,569.33,1899,1071,0.8452337,
2001,31071,NE,Garfield County,rural,Midwest,West North Central,569.33,1913,1099,0.9067656,0
2001,31071,NE,Garfield County,rural,Midwest,West North Central,569.33,1913,1099,0.9067656,0
2002,31071,NE,Garfield County,rural,Midwest,West North Central,569.33,1945,1116,0.9727307,
2003,31071,NE,Garfield County,  RURAL ,Midwest,West North Central,569.33,1936,1138,1.03067,0
2004,31071,NE,Garfield County,rural,Midwest,West North Central,569.33,1955,1145,1.089258,0
2005,31071,NE,Garfield County,RURAL,Midwest,West North Central,569.33,1969,1152,1.149127,0
2006,31071,NE,Garfield County,rural,Midwest,West North Central,569.33,1984,1190,515,
2006,31071,,,,,,,,,1.166885,
2007,31071,NE,Garfield County,rural,Midwest,West North Central,569.33,1977,1157,1.129598,0
2008,31071,NE,Garfield County,rural,Midwest,West North Central,569.33,2001,1144,1.110644,0
2008,31071,NE,Garfield County,rural,Midwest,West North Central,569.33,2001,1144,1.110644,0
2009,31071,NE,Garfield County,rural,Midwest,West North Central,569.33,2029,1171,1.13469,0
2010,31071,NE,Garfield County,rural,Midwest,West North Central,569.33,2049,1159,1.086554,0
2011,31071,NE,Garfield County,rural,Midwest,West North Central,569.33,2036,1154,1.081346,0
2012,31071,NE,Garfield County,rural  ,Midwest,West North Central,569.33,2011,1149,1.070586,0
2013,31071,NE,Garfield County,rural,Midwest,West North Central,569.33,1995,1131,1.088457,0
2014,31071,NE,Garfield County,rural,Midwest,West North Central,569.33,2023,1164,1.088457,0
2015,31071,NE,Garfield County,rural,Midwest,West North Central,569.33,2000,1154,1.088457,0
2016,31071,NE,Garfield County,rural,Midwest,West North Central,569.33,2015,1159,,
2016,31071,NE,Garfield County,rural,Midwest,West North Central,569.33,2015,1159,,
1970,31073,NE,Gosper County,rural,Midwest,West North Central,458.155,2187,1289,0.9993023,
1971,31073,NE,Gosper County,rural,Midwest,West North Central,458.155,2230,1328,0.8702325,
1972,31073,NE,Gosper County,rural,Midwest,West North Central,458.155,2300,1390,0.8520321,
1973,31073,NE,Gosper County,rural,Midwest,West North Central,458.155,2226,1356,0.8062896,
1973,31073,NE,Gosper County,urban,Midwest,West North Central,458.155,2226,1356,0.8062896,
1974,31073,NE,Gosper County,urban,Midwest,West North Central,458.155,2124,1306,0.7370758,
1975,31073,NE,Gosper County,rural,Midwest,West North Central,458.155,2133,1336,0.6881868,
1976,31073,NE,Gosper County,rural,Midwest,West North Central,458.155,2143,1342,0.6415368,
1977,31073,NE,Gosper County,urban,Midwest,West North Central,458.155,2215,1401,0.6177035,
1977,31073,NE,Gosper County,rural,Midwest,West North Central,458.155,2215,1401,0.6177035,
1978,31073,NE,Gosper County,rural,Midwest,West North Central,458.155,2264,1432,0.5894217,
1979,31073,NE,Gosper County,urban,Midwest,West North Central,458.155,2168,1358,0.7028602,
1980,31073,NE,Gosper County,rural,Midwest,West North Central,458.155,2135,1334,0.8202646,
1981,31073,NE,Gosper County,RURAL,Midwest,West North Central,458.155,2119,1317,0.9548604,
1982,31073,NE,Gosper County,Rural,Midwest,West North Central,458.155,2154,1330,1.115379,
1982,31073,NE,Gosper County,Rural,Midwest,West North Central,458.155,2154,1330,1.115379,
1983,31073,NE,Gosper County,  RURAL ,Midwest,West North Central,458.155,2138,1313,1.249117,
1983,31073,NE,Gosper County,  RURAL ,Midwest,West North Central,458.155,2138,1313,1.249117,
1984,31073,NE,Gosper County,urban,Midwest,West North Central,458.155,2144,1308,1.744,
1985,31073,NE,Gosper County,rural,Midwest,West North Central,458.155,2137,1298,2.261797,
1986,31073,NE,Gosper County,urban,Midwest,West North Central,458.155,2068,1250,1.551661,
1986,31073,NE,Gosper County,urban,Midwest,West North Central,458.155,2068,1250,1.551661,
1987,31073,NE,Gosper County,urban,Midwest,West North Central,458.155,1986,1191,1.441016,
1988,31073,NE,Gosper County,rural,Midwest,West North Central,458.155,1945,1159,1.681121,
1989,31073,NE,Gosper County,rural,Midwest,West North Central,458.155,1926,1140,2.05661,
1990,31073,NE,Gosper County,rural  ,Midwest,West North Central,458.155,1928,1128,2.375832,5
1991,31073,NE,Gosper County,urban,Midwest,West North Central,458.155,1975,1156,2.686,5
1992,31073,NE,Gosper County,urban,Midwest,West North Central,458.155,1992,1180,2.921843,4
1993,31073,NE,Gosper County,urban,Midwest,West North Central,458.155,2008,1193,3.153999,
1994,31073,NE,Gosper County,rural,Midwest,West North Central,458.155,2002,1176,4.223916,4
1995,31073,NE,Gosper County,urban,Midwest,West North Central,458.155,2115,1264,5.66462,4
1996,31073,NE,Gosper County,rural,Midwest,West North Central,458.155,2140,1285,6.875159,4
1997,31073,NE,Gosper County,rural,Midwest,West North Central,458.155,2163,1305,8.147305,8
1998,31073,NE,Gosper County,rural,Midwest,West North Central,458.155,2212,1340,9.536967,7
1999,31073,NE,Gosper County,rural,Midwest,West North Central,458.155,2142,1293,10.32271,6
2000,31073,NE,Gosper County,rural,Midwest,West North Central,458.155,2146,1296,9.815167,5
2000,31073,NE,Gosper County,rural,Midwest,West North Central,458.155,2146,1296,9.815167,5
2001,31073,NE,Gosper County,urban,Midwest,West North Central,458.155,2096,1263,9.261896,5
2002,31073,NE,Gosper County,urban,Midwest,West North Central,458.155,2100,1265,8.999063,6
2003,31073,NE,Gosper County,rural,Midwest,West North Central,458.155,2136,1283,8.67285,7
2004,31073,NE,Gosper County,rural,Midwest,West North Central,458.155,2112,1275,8.272378,7
2004,31073,NE,Gosper County,rural,Midwest,West North Central,458.155,2112,1275,8.272378,7
2005,31073,NE,Gosper County,rural,Midwest,West North Central,458.155,2110,1273,7.901434,7
2005,31073,NE,Gosper County,urban,Midwest,West North Central,458.155,2110,1273,7.901434,7
2006,31073,NE,Gosper County,Rural,Midwest,West North Central,458.155,2075,1240,7.514748,8
2007,31073,NE,Gosper County,rural,Midwest,West North Central,458.155,2101,1272,7.594205,8
2007,31073,NE,Gosper County,rural,Midwest,West North Central,458.155,2101,1272,7.594205,8
2008,31073,NE,Gosper County,urban,Midwest,West North Central,458.155,2049,1239,7.318657,6
2009,31073,NE,Gosper County,rural,Midwest,West North Central,458.155,2020,1241,7.190343,6
2010,31073,NE,Gosper County,rural,Midwest,West North Central,458.155,2044,1244,7.084425,7
2011,31073,NE,Gosper County,rural,Midwest,West North Central,458.155,2040,1248,6.836869,7
2012,31073,NE,Gosper County,rural,Midwest,West North Central,458.155,1991,1216,6.883902,5
2013,31073,NE,Gosper County,rural,Midwest,West North Central,458.155,2080,1224,6.54355,5
2014,31073,NE,Gosper County,urban,Midwest,West North Central,458.155,2017,1175,6.54355,4
2014,31073,NE,Gosper County,urban,Midwest,West North Central,458.155,2017,1175,6.54355,4
2015,31073,NE,Gosper County,rural,Midwest,West North Central,458.155,2004,1156,6.54355,
2016,31073,NE,Gosper County,urban,Midwest,West North Central,458.155,2025,1154,,
2016,31073,NE,Gosper County,rural,Midwest,West North Central,458.155,2025,1154,,
1970,31075,NE,Grant County,rural,Midwest,West North Central,776.224,1036,598,0,
1970,31075,NE,Grant County,rural,Midwest,West North Central,776.224,1036,598,0,
1971,31075,NE,Grant County,RURAL,Midwest,West North Central,776.224,1097,638,0,
1972,31075,NE,Grant County,Rural,Midwest,West North Central,776.224,1178,703,0,
1973,31075,NE,Grant County,rural,Midwest,West North Central,776.224,1007,593,0,
1974,31075,NE,Grant County,  RURAL ,Midwest,West North Central,776.224,1010,601,0,
1975,31075,NE,Grant County,rural,Midwest,West North Central,776.224,998,600,0,
1976,31075,NE,Grant County,rural,Midwest,West North Central,776.224,953,571,0,
1977,31075,NE,Grant County,  RURAL ,Midwest,West North Central,776.224,964,589,0,
1978,31075,NE,Grant County,rural,Midwest,West North Central,776.224,1098,692,0,
1979,31075,NE,Grant County,rural,Midwest,West North Central,776.224,950,593,0,
1980,31075,NE,Grant County,rural,Midwest,West North Central,776.224,874,541,0,
1981,31075,NE,Grant County,rural,Midwest,West North Central,776.224,856,529,0,
1982,31075,NE,Grant County,rural,Midwest,West North Central,776.224,854,527,0,
1983,31075,NE,Grant County,rural,Midwest,West North Central,776.224,861,529,0,0
1984,31075,NE,Grant County,rural,Midwest,West North Central,776.224,861,530,501,0
1984,31075,,,,,,,,,0,
1985,31075,NE,Grant County,rural,Midwest,West North Central,776.224,845,516,0,0
1986,31075,NE,Grant County,rural,Midwest,West North Central,776.224,824,502,0,0
1987,31075,NE,Grant County,  RURAL ,Midwest,West North Central,776.224,826,505,0,0
1988,31075,NE,Grant County,rural,Midwest,West North Central,776.224,811,494,0,0
1989,31075,NE,Grant County,rural,Midwest,West North Central,776.224,784,475,0,0
1989,31075,NE,Grant County,rural,Midwest,West North Central,776.224,784,475,0,0
1990,31075,NE,Grant County,rural,Midwest,West North Central,776.224,759,453,0,0
1991,31075,NE,Grant County,rural,Midwest,West North Central,776.224,767,465,0,0
1992,31075,NE,Grant County,rural,Midwest,West North Central,776.224,784,482,0,0
1993,31075,NE,Grant County,Rural,Midwest,West North Central,776.224,795,487,0,0
1994,31075,NE,Grant County,rural,Midwest,West North Central,776.224,794,492,0,0
1995,31075,NE,Grant County,rural,Midwest,West North Central,776.224,792,493,0,0
1996,31075,NE,Grant County,rural,Midwest,West North Central,776.224,763,487,0,0
1997,31075,NE,Grant County,  RURAL ,Midwest,West North Central,776.224,767,485,0,0
1998,31075,NE,Grant County,rural,Midwest,West North Central,776.224,770,499,0,0
1999,31075,NE,Grant County,rural,Midwest,West North Central,776.224,748,480,0,0
2000,31075,NE,Grant County,rural,Midwest,West North Central,776.224,736,482,0,0
2000,31075,NE,Grant County,rural,Midwest,West North Central,776.224,736,482,0,0
2001,31075,NE,Grant County,rural,Midwest,West North Central,776.224,743,475,0,0
2002,31075,NE,Grant County,rural,Midwest,West North Central,776.224,726,454,0,
2003,31075,NE,Grant County,rural,Midwest,West North Central,776.224,697,439,0,0
2004,31075,NE,Grant County,rural,Midwest,West North Central,776.224,680,442,0,0
2005,31075,NE,Grant County,rural,Midwest,West North Central,776.224,676,434,0,0
2006,31075,NE,Grant County,rural,Midwest,West North Central,776.224,677,430,0,0
2007,31075,NE,Grant County,rural,Midwest,West North Central,776.224,660,420,0,0
2008,31075,NE,Grant County,RURAL,Midwest,West North Central,776.224,653,414,0,0
2009,31075,NE,Grant County,rural,Midwest,West North Central,776.224,619,397,0,
2010,31075,NE,Grant County,rural,Midwest,West North Central,776.224,614,396,0,
2011,31075,NE,Grant County,  RURAL ,Midwest,West North Central,776.224,613,394,0,
2012,31075,NE,Grant County,rural,Midwest,West North Central,776.224,634,403,0,0
2013,31075,NE,Grant County,rural,Midwest,West North Central,776.224,625,392,0,0
2014,31075,NE,Grant County,rural,Midwest,West North Central,776.224,633,393,0,0
2015,31075,NE,Grant County,rural,Midwest,West North Central,776.224,626,389,0,
2016,31075,NE,Grant County,rural,Midwest,West North Central,776.224,646,398,,
1970,31077,NE,Greeley County,rural,Midwest,West North Central,569.811,3989,2141,0.5508813,
1971,31077,NE,Greeley County,rural,Midwest,West North Central,569.811,3980,2149,0,
1972,31077,NE,Greeley County,rural,Midwest,West North Central,569.811,3779,2045,0,
1973,31077,NE,Greeley County,rural,Midwest,West North Central,569.811,3892,2143,0,
1974,31077,NE,Greeley County,rural,Midwest,West North Central,569.811,3860,2144,0,
1974,31077,NE,Greeley County,rural,Midwest,West North Central,569.811,3860,2144,0,
1975,31077,NE,Greeley County,rural,Midwest,West North Central,569.811,3697,2062,0,
1976,31077,NE,Greeley County,rural,Midwest,West North Central,569.811,3655,2042,0,
1977,31077,NE,Greeley County,rural,Midwest,West North Central,569.811,3610,2011,0,
1978,31077,NE,Greeley County,rural,Midwest,West North Central,569.811,3574,2005,0.5404313,
1979,31077,NE,Greeley County, rural,Midwest,West North Central,569.811,3614,2040,0.5144677,
1980,31077,NE,Greeley County,rural,Midwest,West North Central,569.811,3454,1930,0.453999,
1981,31077,NE,Greeley County,rural,Midwest,West North Central,569.811,3413,1898,0.4243851,
1982,31077,NE,Greeley County,rural,Midwest,West North Central,569.811,3372,1863,0.3949126,
1983,31077,NE,Greeley County,rural,Midwest,West North Central,569.811,3339,1837,0.3628522,0
1984,31077,NE,Greeley County,rural,Midwest,West North Central,569.811,3301,1812,0.2587515,0
1985,31077,NE,Greeley County,rural,Midwest,West North Central,569.811,3261,1779,0.2409564,0
1986,31077,NE,Greeley County,rural,Midwest,West North Central,569.811,3184,1728,501,0
1986,31077,,,,,,,,,0.2218229,
1987,31077,NE,Greeley County,rural,Midwest,West North Central,569.811,3165,1712,0.2076067,0
1988,31077,NE,Greeley County,rural,Midwest,West North Central,569.811,3110,1677,0.1875839,0
1989,31077,NE,Greeley County,rural,Midwest,West North Central,569.811,3047,1625,0.2966682,0
1990,31077,NE,Greeley County,RURAL,Midwest,West North Central,569.811,3000,1592,0.4042008,
1991,31077,NE,Greeley County,rural,Midwest,West North Central,569.811,2992,1588,0.5187726,0
1992,31077,NE,Greeley County,rural,Midwest,West North Central,569.811,2944,1578,0.6299402,0
1993,31077,NE,Greeley County,rural,Midwest,West North Central,569.811,2978,1611,0.7629647,0
1994,31077,NE,Greeley County,rural,Midwest,West North Central,569.811,2952,1598,0.5693586,0
1995,31077,NE,Greeley County,rural,Midwest,West North Central,569.811,2902,1573,0.7470909,0
1996,31077,NE,Greeley County,rural,Midwest,West North Central,569.811,2906,1587,0.7526678,
1997,31077,NE,Greeley County,rural,Midwest,West North Central,569.811,2815,1542,0.7382406,0
1998,31077,NE,Greeley County,rural,Midwest,West North Central,569.811,2776,1526,0.7460279,0
1999,31077,NE,Greeley County,rural,Midwest,West North Central,569.811,2730,1500,1.113035,0
2000,31077,NE,Greeley County,rural,Midwest,West North Central,569.811,2712,1493,1.178276,0
2000,31077,NE,Greeley County,rural,Midwest,West North Central,569.811,2712,1493,1.178276,0
2001,31077,NE,Greeley County,rural,Midwest,West North Central,569.811,2700,1514,1.249175,
2002,31077,NE,Greeley County,rural,Midwest,West North Central,569.811,2696,1496,1.303947,
2003,31077,NE,Greeley County,  RURAL ,Midwest,West North Central,569.811,2662,1491,1.350377,
2004,31077,NE,Greeley County,rural,Midwest,West North Central,569.811,2643,1498,1.425073,4
2005,31077,NE,Greeley County,rural,Midwest,West North Central,569.811,2577,1462,1.458354,4
2006,31077,NE,Greeley County,Rural,Midwest,West North Central,569.811,2578,1464,1.435562,
2007,31077,NE,Greeley County,rural,Midwest,West North Central,569.811,2538,1441,1.406872,
2007,31077,NE,Greeley County,rural,Midwest,West North Central,569.811,2538,1441,1.406872,
2008,31077,NE,Greeley County,RURAL,Midwest,West North Central,569.811,2548,1448,1.40578,
2009,31077,NE,Greeley County,rural,Midwest,West North Central,569.811,2502,1408,1.364341,
2010,31077,NE,Greeley County,rural,Midwest,West North Central,569.811,2538,1456,1.37492,
2011,31077,NE,Greeley County,rural,Midwest,West North Central,569.811,2546,1460,1.367889,
2012,31077,NE,Greeley County,RURAL,Midwest,West North Central,569.811,2535,1456,1.329523,
2013,31077,NE,Greeley County,rural,Midwest,West North Central,569.811,2464,1412,1.312442,0
2014,31077,NE,Greeley County,rural  ,Midwest,West North Central,569.811,2483,1408,1.312442,0
2015,31077,NE,Greeley County,rural,Midwest,West North Central,569.811,2483,1399,1.312442,0
2016,31077,NE,Greeley County,rural,Midwest,West North Central,569.811,2434,1378,,
1970,31079,NE,Hall County,small/mid,Midwest,West North Central,546.264,42823,25262,25,
1971,31079,NE,Hall County,small/mid,Midwest,West North Central,546.264,42722,25262,25.625,
1972,31079,NE,Hall County,small/mid,Midwest,West North Central,546.264,42997,25589,26.25,
1973,31079,NE,Hall County,small/mid,Midwest,West North Central,546.264,43642,26181,26.875,
1974,31079,NE,Hall County,small/mid,Midwest,West North Central,546.264,44325,26802,27.5,
1974,31079,NE,Hall County,small/mid,Midwest,West North Central,546.264,44325,26802,27.5,
1975,31079,NE,Hall County,small/mid,Midwest,West North Central,546.264,45145,27503,28.125,
1976,31079,NE,Hall County,small/mid,Midwest,West North Central,546.264,45107,27675,28.75,
1977,31079,NE,Hall County,small/mid,Midwest,West North Central,546.264,46112,28462,29.375,
1978,31079,NE,Hall County,small/mid,Midwest,West North Central,546.264,46625,28941,30,
1979,31079,NE,Hall County,small/mid  ,Midwest,West North Central,546.264,47550,29714,36.6,
1980,31079,NE,Hall County,small/mid,Midwest,West North Central,546.264,47922,30017,43.2,
1981,31079,NE,Hall County,Small/mid,Midwest,West North Central,546.264,48603,30474,49.8,
1982,31079,NE,Hall County,small/mid,Midwest,West North Central,546.264,49346,30879,56.4,
1983,31079,NE,Hall County,small/mid,Midwest,West North Central,546.264,49354,30848,63,57
1983,31079,NE,Hall County,small/mid,Midwest,West North Central,546.264,49354,30848,63,57
1984,31079,NE,Hall County,Small/mid,Midwest,West North Central,546.264,49567,30977,65,55
1985,31079,NE,Hall County, small/mid,Midwest,West North Central,546.264,49495,30896,67,47
1986,31079,NE,Hall County,small/mid,Midwest,West North Central,546.264,48675,30359,69,54
1987,31079,NE,Hall County,small/mid,Midwest,West North Central,546.264,48541,30235,71,49
1988,31079,NE,Hall County,  SMALL/MID ,Midwest,West North Central,546.264,48489,30164,73,60
1989,31079,NE,Hall County,small/mid,Midwest,West North Central,546.264,48582,30089,71,63
1990,31079,NE,Hall County,small/mid,Midwest,West North Central,546.264,49118,30422,80,89
1990,31079,NE,Hall County,small/mid,Midwest,West North Central,546.264,49118,30422,80,89
1991,31079,NE,Hall County,small/mid,Midwest,West North Central,546.264,49619,30705,71,79
1992,31079,NE,Hall County,small/mid,Midwest,West North Central,546.264,50077,31044,70,67
1993,31079,NE,Hall County,small/mid,Midwest,West North Central,546.264,50930,31623,72,73
1994,31079,NE,Hall County,small/mid,Midwest,West North Central,546.264,51496,32062,83,68
1995,31079,NE,Hall County,small/mid,Midwest,West North Central,546.264,52115,32652,94,90
1996,31079,NE,Hall County,small/mid,Midwest,West North Central,546.264,52547,33021,105,100
1997,31079,NE,Hall County,small/mid,Midwest,West North Central,546.264,52805,33283,116,118
1998,31079,NE,Hall County,small/mid,Midwest,West North Central,546.264,53333,33691,127,160
1999,31079,NE,Hall County,small/mid,Midwest,West North Central,546.264,53553,33906,138,146
1999,31079,NE,Hall County,small/mid,Midwest,West North Central,546.264,53553,33906,138,146
2000,31079,NE,Hall County,small/mid,Midwest,West North Central,546.264,53569,33989,122,153
2001,31079,NE,Hall County,small/mid,Midwest,West North Central,546.264,53508,34029,122,162
2002,31079,NE,Hall County,small/mid,Midwest,West North Central,546.264,53722,34212,135,187
2003,31079,NE,Hall County,small/mid,Midwest,West North Central,546.264,54050,34348,122,193
2004,31079,NE,Hall County,small/mid,Midwest,West North Central,546.264,54413,34581,111,162
2005,31079,NE,Hall County,small/mid,Midwest,West North Central,546.264,54535,34748,115,167
2005,31079,NE,Hall County,small/mid,Midwest,West North Central,546.264,54535,34748,115,167
2006,31079,NE,Hall County,SMALL/MID,Midwest,West North Central,546.264,55190,35155,122.875,172
2007,31079,NE,Hall County,small/mid,Midwest,West North Central,546.264,55742,35571,130.75,211
2008,31079,NE,Hall County,small/mid,Midwest,West North Central,546.264,56795,36270,138.625,232
2009,31079,NE,Hall County,small/mid,Midwest,West North Central,546.264,57955,36971,146.5,224
2010,31079,NE,Hall County,SMALL/MID,Midwest,West North Central,546.264,58607,37311,154.375,251
2011,31079,NE,Hall County,small/mid,Midwest,West North Central,546.264,58808,37462,162.25,275
2012,31079,NE,Hall County,small/mid,Midwest,West North Central,546.264,59549,38018,170.125,244
2013,31079,NE,Hall County,small/mid,Midwest,West North Central,546.264,60187,38269,178,264
2014,31079,NE,Hall County,small/mid,Midwest,West North Central,546.264,60613,38406,178,265
2015,31079,NE,Hall County,small/mid,Midwest,West North Central,546.264,61202,38700,178,262
2016,31079,NE,Hall County,small/mid,Midwest,West North Central,546.264,61300,38529,,
1970,31081,NE,Hamilton County,small/mid  ,Midwest,West North Central,541.898,8842,4987,1,
1971,31081,NE,Hamilton County,small/mid,Midwest,West North Central,541.898,8764,4974,1.875,
1972,31081,NE,Hamilton County,small/mid,Midwest,West North Central,541.898,8816,5055,2.75,
1973,31081,NE,Hamilton County,small/mid,Midwest,West North Central,541.898,8990,5226,3.625,
1974,31081,NE,Hamilton County,  SMALL/MID ,Midwest,West North Central,541.898,8805,5152,4.5,
1975,31081,NE,Hamilton County,small/mid,Midwest,West North Central,541.898,8916,5280,5.375,
1976,31081,NE,Hamilton County,small/mid,Midwest,West North Central,541.898,8998,5383,6.25,
1977,31081,NE,Hamilton County,small/mid,Midwest,West North Central,541.898,9199,5568,7.125,
1978,31081,NE,Hamilton County,small/mid,Midwest,West North Central,541.898,9175,5599,8,
1979,31081,NE,Hamilton County,small/mid,Midwest,West North Central,541.898,9179,5643,7.2,
1980,31081,NE,Hamilton County,small/mid,Midwest,West North Central,541.898,9326,5751,6.4,
1981,31081,NE,Hamilton County,small/mid,Midwest,West North Central,541.898,9379,5770,5.6,
1982,31081,NE,Hamilton County,small/mid,Midwest,West North Central,541.898,9360,5733,4.8,
1982,31081,NE,Hamilton County,small/mid,Midwest,West North Central,541.898,9360,5733,4.8,
1983,31081,NE,Hamilton County,small/mid,Midwest,West North Central,541.898,9228,5630,4,4
1984,31081,NE,Hamilton County,small/mid  ,Midwest,West North Central,541.898,9171,5578,4.2,
1985,31081,NE,Hamilton County,small/mid,Midwest,West North Central,541.898,9113,5521,4.4,7
1985,31081,NE,Hamilton County,small/mid,Midwest,West North Central,541.898,9113,5521,4.4,7
1986,31081,NE,Hamilton County,small/mid,Midwest,West North Central,541.898,8948,5405,4.6,5
1986,31081,NE,Hamilton County,small/mid,Midwest,West North Central,541.898,8948,5405,4.6,5
1987,31081,NE,Hamilton County,small/mid,Midwest,West North Central,541.898,8894,5349,4.8,8
1988,31081,NE,Hamilton County,small/mid,Midwest,West North Central,541.898,8867,5309,5,6
1989,31081,NE,Hamilton County,small/mid,Midwest,West North Central,541.898,8901,5293,6.2,5
1990,31081,NE,Hamilton County,small/mid,Midwest,West North Central,541.898,8853,5249,7.4,5
1991,31081,NE,Hamilton County,small/mid,Midwest,West North Central,541.898,8931,5278,8.6,
1992,31081,NE,Hamilton County,small/mid,Midwest,West North Central,541.898,8957,5315,9.8,8
1993,31081,NE,Hamilton County,small/mid,Midwest,West North Central,541.898,9068,5374,11,12
1994,31081,NE,Hamilton County,small/mid,Midwest,West North Central,541.898,9068,5393,10.16667,11
1995,31081,NE,Hamilton County,small/mid,Midwest,West North Central,541.898,9156,5498,9.333333,12
1996,31081,NE,Hamilton County,small/mid,Midwest,West North Central,541.898,9214,5569,8.5,13
1997,31081,NE,Hamilton County,small/mid,Midwest,West North Central,541.898,9382,5698,7.666667,12
1998,31081,NE,Hamilton County,small/mid,Midwest,West North Central,541.898,9374,5701,6.833333,17
1999,31081,NE,Hamilton County,small/mid,Midwest,West North Central,541.898,9456,5783,6,10
2000,31081,NE,Hamilton County,small/mid,Midwest,West North Central,541.898,9377,5756,8.666667,11
2001,31081,NE,Hamilton County,small/mid,Midwest,West North Central,541.898,9307,5737,11.33333,25
2002,31081,NE,Hamilton County,small/mid,Midwest,West North Central,541.898,9323,5758,14,28
2003,31081,NE,Hamilton County,small/mid,Midwest,West North Central,541.898,9349,5792,16.66667,28
2003,31081,NE,Hamilton County,small/mid,Midwest,West North Central,541.898,9349,5792,16.66667,28
2004,31081,NE,Hamilton County, small/mid,Midwest,West North Central,541.898,9319,5772,19.33333,26
2004,31081,NE,Hamilton County, small/mid,Midwest,West North Central,541.898,9319,5772,19.33333,26
2005,31081,NE,Hamilton County,small/mid,Midwest,West North Central,541.898,9269,5767,22,34
2005,31081,NE,Hamilton County,small/mid,Midwest,West North Central,541.898,9269,5767,22,34
2006,31081,NE,Hamilton County,small/mid,Midwest,West North Central,541.898,9196,5715,13,30
2007,31081,NE,Hamilton County,small/mid,Midwest,West North Central,541.898,9204,5727,4,22
2008,31081,NE,Hamilton County,small/mid,Midwest,West North Central,541.898,9157,5735,6,28
2009,31081,NE,Hamilton County,small/mid  ,Midwest,West North Central,541.898,9113,5736,10,22
2010,31081,NE,Hamilton County,small/mid,Midwest,West North Central,541.898,9114,5744,10,18
2011,31081,NE,Hamilton County,small/mid,Midwest,West North Central,541.898,9126,5757,11,23
2012,31081,NE,Hamilton County,small/mid,Midwest,West North Central,541.898,9076,5749,7,23
2013,31081,NE,Hamilton County,small/mid,Midwest,West North Central,541.898,9040,5680,8,16
2014,31081,NE,Hamilton County,small/mid,Midwest,West North Central,541.898,9123,5704,5,21
2015,31081,NE,Hamilton County,small/mid,Midwest,West North Central,541.898,9103,5691,5,11
2016,31081,NE,Hamilton County,small/mid,Midwest,West North Central,541.898,9142,5682,,
1970,31083,NE,Harlan County,rural,Midwest,West North Central,553.466,4347,2440,3,
1971,31083,NE,Harlan County,rural,Midwest,West North Central,553.466,4348,2444,3,
1972,31083,NE,Harlan County,rural,Midwest,West North Central,553.466,4348,2454,3,
1973,31083,NE,Harlan County,rural,Midwest,West North Central,553.466,4295,2428,3,
1974,31083,NE,Harlan County,rural,Midwest,West North Central,553.466,4133,2324,3,
1975,31083,NE,Harlan County,rural,Midwest,West North Central,553.466,4293,2453,3,
1976,31083,NE,Harlan County,rural,Midwest,West North Central,553.466,4354,2518,3,
1977,31083,NE,Harlan County,rural,Midwest,West North Central,553.466,4254,2461,3,
1978,31083,NE,Harlan County,rural,Midwest,West North Central,553.466,4371,2545,3,
1979,31083,NE,Harlan County,rural,Midwest,West North Central,553.466,4333,2531,3,
1980,31083,NE,Harlan County,rural,Midwest,West North Central,553.466,4301,2515,3,
1981,31083,NE,Harlan County,rural,Midwest,West North Central,553.466,4312,2509,3,
1982,31083,NE,Harlan County,rural,Midwest,West North Central,553.466,4271,2470,3,
1983,31083,NE,Harlan County,rural,Midwest,West North Central,553.466,4282,2461,3,
1984,31083,NE,Harlan County,rural,Midwest,West North Central,553.466,4193,2398,3,
1985,31083,NE,Harlan County,  RURAL ,Midwest,West North Central,553.466,4116,2342,3,
1986,31083,NE,Harlan County,rural,Midwest,West North Central,553.466,3989,2253,543,
1986,31083,,,,,,,,,3,
1987,31083,NE,Harlan County,rural,Midwest,West North Central,553.466,3953,2220,3,0
1987,31083,NE,Harlan County,rural,Midwest,West North Central,553.466,3953,2220,3,0
1988,31083,NE,Harlan County,rural,Midwest,West North Central,553.466,3904,2181,3,
1989,31083,NE,Harlan County,rural,Midwest,West North Central,553.466,3842,2122,2.8,
1990,31083,NE,Harlan County,  RURAL ,Midwest,West North Central,553.466,3806,2090,2.6,0
1990,31083,NE,Harlan County,  RURAL ,Midwest,West North Central,553.466,3806,2090,2.6,0
1991,31083,NE,Harlan County,rural,Midwest,West North Central,553.466,3776,2065,2.4,
1992,31083,NE,Harlan County,rural,Midwest,West North Central,553.466,3764,2064,2.2,
1993,31083,NE,Harlan County,rural,Midwest,West North Central,553.466,3818,2109,2,
1994,31083,NE,Harlan County,rural,Midwest,West North Central,553.466,3806,2106,2,
1995,31083,NE,Harlan County, rural,Midwest,West North Central,553.466,3771,2095,2,0
1996,31083,NE,Harlan County,rural,Midwest,West North Central,553.466,3850,2169,2,0
1997,31083,NE,Harlan County,rural,Midwest,West North Central,553.466,3880,2195,2,0
1998,31083,NE,Harlan County,rural,Midwest,West North Central,553.466,3826,2169,2,0
1999,31083,NE,Harlan County,rural,Midwest,West North Central,553.466,3807,2176,2,0
2000,31083,NE,Harlan County,rural,Midwest,West North Central,553.466,3764,2167,1.833333,0
2001,31083,NE,Harlan County,rural,Midwest,West North Central,553.466,3732,2175,1.666667,
2002,31083,NE,Harlan County,rural,Midwest,West North Central,553.466,3677,2169,1.5,
2003,31083,NE,Harlan County,rural,Midwest,West North Central,553.466,3717,2168,1.333333,
2004,31083,NE,Harlan County,rural,Midwest,West North Central,553.466,3633,2138,1.166667,
2005,31083,NE,Harlan County,rural,Midwest,West North Central,553.466,3558,2092,1,
2006,31083,NE,Harlan County,Rural,Midwest,West North Central,553.466,3522,2062,1,
2007,31083,NE,Harlan County,rural,Midwest,West North Central,553.466,3511,2071,1,
2008,31083,NE,Harlan County,rural,Midwest,West North Central,553.466,3435,2035,1,5
2009,31083,NE,Harlan County,rural,Midwest,West North Central,553.466,3406,2027,1,
2010,31083,NE,Harlan County,rural,Midwest,West North Central,553.466,3423,2037,1,5
2010,31083,NE,Harlan County,rural,Midwest,West North Central,553.466,3423,2037,1,5
2011,31083,NE,Harlan County,rural,Midwest,West North Central,553.466,3428,2041,1,5
2012,31083,NE,Harlan County,rural,Midwest,West North Central,553.466,3441,2047,1,5
2013,31083,NE,Harlan County,rural,Midwest,West North Central,553.466,3418,2022,515,
2013,31083,,,,,,,,,1,
2014,31083,NE,Harlan County,rural,Midwest,West North Central,553.466,3502,2050,1,4
2015,31083,NE,Harlan County,rural,Midwest,West North Central,553.466,3482,2011,1,
2016,31083,NE,Harlan County,rural,Midwest,West North Central,553.466,3454,1979,,
1970,31085,NE,Hayes County,rural,Midwest,West North Central,713.062,1533,900,0,
1971,31085,NE,Hayes County,rural,Midwest,West North Central,713.062,1573,935,0,
1972,31085,NE,Hayes County,rural,Midwest,West North Central,713.062,1606,971,0,
1973,31085,NE,Hayes County,rural,Midwest,West North Central,713.062,1481,894,0,
1974,31085,NE,Hayes County,rural,Midwest,West North Central,713.062,1439,876,0,
1975,31085,NE,Hayes County,rural,Midwest,West North Central,713.062,1435,890,0,
1976,31085,NE,Hayes County,rural,Midwest,West North Central,713.062,1363,848,0,
1977,31085,NE,Hayes County,rural,Midwest,West North Central,713.062,1396,881,0,
1978,31085,NE,Hayes County,rural,Midwest,West North Central,713.062,1395,878,0,
1979,31085,NE,Hayes County,rural,Midwest,West North Central,713.062,1308,823,0,
1979,31085,NE,Hayes County,rural,Midwest,West North Central,713.062,1308,823,0,
1980,31085,NE,Hayes County,rural,Midwest,West North Central,713.062,1351,860,0,
1981,31085,NE,Hayes County,rural,Midwest,West North Central,713.062,1316,833,0,
1982,31085,NE,Hayes County,rural,Midwest,West North Central,713.062,1307,823,0,
1983,31085,NE,Hayes County,rural,Midwest,West North Central,713.062,1317,827,0,0
1984,31085,NE,Hayes County,rural,Midwest,West North Central,713.062,1297,811,0,
1985,31085,NE,Hayes County,rural,Midwest,West North Central,713.062,1273,788,0,
1985,31085,NE,Hayes County,rural,Midwest,West North Central,713.062,1273,788,0,
1986,31085,NE,Hayes County,rural,Midwest,West North Central,713.062,1279,789,0,0
1987,31085,NE,Hayes County,rural,Midwest,West North Central,713.062,1215,746,0,0
1988,31085,NE,Hayes County,rural,Midwest,West North Central,713.062,1218,745,0,0
1989,31085,NE,Hayes County,rural,Midwest,West North Central,713.062,1226,744,501,0
1989,31085,,,,,,,,,0,
1990,31085,NE,Hayes County,Rural,Midwest,West North Central,713.062,1220,728,0,0
1991,31085,NE,Hayes County,rural,Midwest,West North Central,713.062,1197,707,0,0
1991,31085,NE,Hayes County,rural,Midwest,West North Central,713.062,1197,707,0,0
1992,31085,NE,Hayes County,rural,Midwest,West North Central,713.062,1185,715,0,0
1992,31085,NE,Hayes County,rural,Midwest,West North Central,713.062,1185,715,0,0
1993,31085,NE,Hayes County,rural,Midwest,West North Central,713.062,1169,706,0,0
1994,31085,NE,Hayes County,rural,Midwest,West North Central,713.062,1145,683,0,0
1995,31085,NE,Hayes County,rural,Midwest,West North Central,713.062,1152,676,0,0
1995,31085,NE,Hayes County,rural,Midwest,West North Central,713.062,1152,676,0,0
1996,31085,NE,Hayes County,rural,Midwest,West North Central,713.062,1106,648,0,0
1997,31085,NE,Hayes County,rural,Midwest,West North Central,713.062,1093,632,0,0
1998,31085,NE,Hayes County,rural,Midwest,West North Central,713.062,1062,619,0,0
1999,31085,NE,Hayes County,rural,Midwest,West North Central,713.062,1071,631,501,0
1999,31085,,,,,,,,,0,
2000,31085,NE,Hayes County,rural,Midwest,West North Central,713.062,1070,628,0,0
2001,31085,NE,Hayes County,rural,Midwest,West North Central,713.062,1088,649,0,0
2002,31085,NE,Hayes County,rural,Midwest,West North Central,713.062,1098,628,0,0
2003,31085,NE,Hayes County,rural,Midwest,West North Central,713.062,1092,628,501,0
2003,31085,,,,,,,,,0,
2004,31085,NE,Hayes County,rural,Midwest,West North Central,713.062,1063,608,0,0
2005,31085,NE,Hayes County,rural,Midwest,West North Central,713.062,1051,634,0,0
2006,31085,NE,Hayes County, rural,Midwest,West North Central,713.062,994,621,0,0
2007,31085,NE,Hayes County,rural,Midwest,West North Central,713.062,977,610,0,0
2008,31085,NE,Hayes County,rural,Midwest,West North Central,713.062,986,629,0,0
2009,31085,NE,Hayes County,Rural,Midwest,West North Central,713.062,987,627,0,0
2009,31085,NE,Hayes County,Rural,Midwest,West North Central,713.062,987,627,0,0
2010,31085,NE,Hayes County,rural,Midwest,West North Central,713.062,960,603,0,0
2011,31085,NE,Hayes County, rural,Midwest,West North Central,713.062,956,598,0,0
2012,31085,NE,Hayes County,rural,Midwest,West North Central,713.062,952,598,0,0
2013,31085,NE,Hayes County,rural,Midwest,West North Central,713.062,919,585,0,0
2014,31085,NE,Hayes County,rural  ,Midwest,West North Central,713.062,945,584,0,0
2015,31085,NE,Hayes County,rural,Midwest,West North Central,713.062,910,548,0,0
2016,31085,NE,Hayes County,Rural,Midwest,West North Central,713.062,914,546,,
1970,31087,NE,Hitchcock County,rural,Midwest,West North Central,709.943,4047,2295,0,
1971,31087,NE,Hitchcock County,rural,Midwest,West North Central,709.943,4030,2291,0,
1972,31087,NE,Hitchcock County,rural,Midwest,West North Central,709.943,4004,2294,0,
1973,31087,NE,Hitchcock County,rural,Midwest,West North Central,709.943,3946,2274,0,
1973,31087,NE,Hitchcock County,rural,Midwest,West North Central,709.943,3946,2274,0,
1974,31087,NE,Hitchcock County,rural,Midwest,West North Central,709.943,3906,2267,0,
1975,31087,NE,Hitchcock County,rural,Midwest,West North Central,709.943,4200,2503,0,
1976,31087,NE,Hitchcock County,rural,Midwest,West North Central,709.943,4252,2536,0,
1977,31087,NE,Hitchcock County,rural,Midwest,West North Central,709.943,4126,2451,0,
1978,31087,NE,Hitchcock County,rural,Midwest,West North Central,709.943,4103,2431,4,
1979,31087,NE,Hitchcock County,rural,Midwest,West North Central,709.943,4140,2457,4,
1980,31087,NE,Hitchcock County,rural,Midwest,West North Central,709.943,4084,2409,4,
1981,31087,NE,Hitchcock County,rural  ,Midwest,West North Central,709.943,4105,2413,4,
1982,31087,NE,Hitchcock County,rural,Midwest,West North Central,709.943,4126,2406,557,
1982,31087,,,,,,,,,4,
1983,31087,NE,Hitchcock County,rural,Midwest,West North Central,709.943,4081,2362,4,
1984,31087,NE,Hitchcock County,rural,Midwest,West North Central,709.943,4049,2329,4.2,
1985,31087,NE,Hitchcock County,rural,Midwest,West North Central,709.943,3989,2281,4.4,5
1986,31087,NE,Hitchcock County,rural,Midwest,West North Central,709.943,3932,2233,4.6,
1987,31087,NE,Hitchcock County,rural,Midwest,West North Central,709.943,3917,2207,4.8,5
1988,31087,NE,Hitchcock County,rural,Midwest,West North Central,709.943,3868,2163,5,4
1989,31087,NE,Hitchcock County,rural,Midwest,West North Central,709.943,3766,2085,5,
1990,31087,NE,Hitchcock County,rural,Midwest,West North Central,709.943,3744,2064,5,4
1991,31087,NE,Hitchcock County,rural,Midwest,West North Central,709.943,3673,2034,5,6
1992,31087,NE,Hitchcock County,rural,Midwest,West North Central,709.943,3530,1951,5,
1993,31087,NE,Hitchcock County,rural,Midwest,West North Central,709.943,3474,1944,5,
1994,31087,NE,Hitchcock County,rural,Midwest,West North Central,709.943,3380,1904,4.833333,6
1995,31087,NE,Hitchcock County,Rural,Midwest,West North Central,709.943,3305,1890,4.666667,7
1996,31087,NE,Hitchcock County,rural,Midwest,West North Central,709.943,3250,1864,4.5,5
1997,31087,NE,Hitchcock County,rural,Midwest,West North Central,709.943,3242,1887,4.333333,7
1998,31087,NE,Hitchcock County,rural,Midwest,West North Central,709.943,3244,1909,4.166667,5
1999,31087,NE,Hitchcock County,  RURAL ,Midwest,West North Central,709.943,3151,1864,4,4
2000,31087,NE,Hitchcock County,rural,Midwest,West North Central,709.943,3103,1861,3.833333,
2001,31087,NE,Hitchcock County,rural,Midwest,West North Central,709.943,3095,1869,3.666667,
2002,31087,NE,Hitchcock County, rural,Midwest,West North Central,709.943,3056,1839,3.5,5
2003,31087,NE,Hitchcock County,rural,Midwest,West North Central,709.943,3047,1822,3.333333,6
2004,31087,NE,Hitchcock County,rural,Midwest,West North Central,709.943,3055,1815,3.166667,6
2005,31087,NE,Hitchcock County,rural,Midwest,West North Central,709.943,2954,1796,3,5
2006,31087,NE,Hitchcock County,rural,Midwest,West North Central,709.943,2956,1791,3.125,6
2007,31087,NE,Hitchcock County,rural,Midwest,West North Central,709.943,2931,1749,3.25,5
2008,31087,NE,Hitchcock County,rural,Midwest,West North Central,709.943,2927,1767,3.375,
2009,31087,NE,Hitchcock County,rural,Midwest,West North Central,709.943,2906,1737,3.5,
2010,31087,NE,Hitchcock County,rural,Midwest,West North Central,709.943,2908,1745,3.625,5
2011,31087,NE,Hitchcock County,rural,Midwest,West North Central,709.943,2900,1737,3.75,4
2012,31087,NE,Hitchcock County,rural,Midwest,West North Central,709.943,2861,1721,3.875,
2013,31087,NE,Hitchcock County,rural,Midwest,West North Central,709.943,2878,1704,4,
2014,31087,NE,Hitchcock County,rural,Midwest,West North Central,709.943,2855,1665,4,
2015,31087,NE,Hitchcock County,rural,Midwest,West North Central,709.943,2882,1657,4,7
2016,31087,NE,Hitchcock County,rural,Midwest,West North Central,709.943,2886,1642,,
1970,31089,NE,Holt County,rural,Midwest,West North Central,2412.399,12909,7028,1,
1970,31089,NE,Holt County,rural,Midwest,West North Central,2412.399,12909,7028,1,
1971,31089,NE,Holt County,rural,Midwest,West North Central,2412.399,12781,6998,1,
1972,31089,NE,Holt County,rural,Midwest,West North Central,2412.399,12738,7047,1,
1973,31089,NE,Holt County,rural,Midwest,West North Central,2412.399,12889,7228,1,
1974,31089,NE,Holt County,rural,Midwest,West North Central,2412.399,13242,7520,1,
1975,31089,NE,Holt County,rural,Midwest,West North Central,2412.399,13357,7656,1,
1976,31089,NE,Holt County,rural,Midwest,West North Central,2412.399,13249,7657,1,
1977,31089,NE,Holt County,rural,Midwest,West North Central,2412.399,13376,7810,1,
1978,31089,NE,Holt County,rural,Midwest,West North Central,2412.399,13269,7810,1,
1979,31089,NE,Holt County,rural,Midwest,West North Central,2412.399,13359,7939,1.4,
1980,31089,NE,Holt County,rural,Midwest,West North Central,2412.399,13589,8114,1.8,
1981,31089,NE,Holt County,rural,Midwest,West North Central,2412.399,13681,8135,2.2,
1982,31089,NE,Holt County,rural,Midwest,West North Central,2412.399,13701,8102,2.6,
1983,31089,NE,Holt County,rural,Midwest,West North Central,2412.399,13647,8025,3,
1984,31089,NE,Holt County,rural,Midwest,West North Central,2412.399,13668,8005,3.2,6
1985,31089,NE,Holt County,rural,Midwest,West North Central,2412.399,13545,7892,3.4,
1986,31089,NE,Holt County,rural,Midwest,West North Central,2412.399,13086,7585,3.6,4
1987,31089,NE,Holt County,rural,Midwest,West North Central,2412.399,12928,7450,3.8,4
1988,31089,NE,Holt County,rural,Midwest,West North Central,2412.399,12781,7327,4,7
1989,31089,NE,Holt County,rural,Midwest,West North Central,2412.399,12713,7217,4,4
1990,31089,NE,Holt County,rural,Midwest,West North Central,2412.399,12577,7102,4,7
1991,31089,NE,Holt County,rural,Midwest,West North Central,2412.399,12532,7083,4,6
1992,31089,NE,Holt County,rural,Midwest,West North Central,2412.399,12410,7021,4,11
1993,31089,NE,Holt County,rural,Midwest,West North Central,2412.399,12423,7049,4,9
1993,31089,NE,Holt County,rural,Midwest,West North Central,2412.399,12423,7049,4,9
1994,31089,NE,Holt County,rural,Midwest,West North Central,2412.399,12325,7007,4.333333,12
1995,31089,NE,Holt County,rural,Midwest,West North Central,2412.399,12212,7003,4.666667,12
1996,31089,NE,Holt County,rural,Midwest,West North Central,2412.399,12142,6984,5,13
1997,31089,NE,Holt County,rural,Midwest,West North Central,2412.399,12049,6961,5.333333,16
1998,31089,NE,Holt County,rural,Midwest,West North Central,2412.399,11907,6902,5.666667,17
1999,31089,NE,Holt County,rural,Midwest,West North Central,2412.399,11741,6854,6,16
2000,31089,NE,Holt County,rural,Midwest,West North Central,2412.399,11487,6728,5,17
2001,31089,NE,Holt County,rural,Midwest,West North Central,2412.399,11346,6670,4,15
2001,31089,NE,Holt County,rural,Midwest,West North Central,2412.399,11346,6670,4,15
2002,31089,NE,Holt County,  RURAL ,Midwest,West North Central,2412.399,11210,6623,3,15
2003,31089,NE,Holt County,rural,Midwest,West North Central,2412.399,11042,6580,5,18
2004,31089,NE,Holt County,rural,Midwest,West North Central,2412.399,10868,6502,9,13
2005,31089,NE,Holt County,rural,Midwest,West North Central,2412.399,10839,6509,10,15
2006,31089,NE,Holt County,rural,Midwest,West North Central,2412.399,10613,6365,9.875,9
2007,31089,NE,Holt County,rural,Midwest,West North Central,2412.399,10541,6328,9.75,6
2008,31089,NE,Holt County,rural,Midwest,West North Central,2412.399,10399,6278,9.625,8
2009,31089,NE,Holt County,rural,Midwest,West North Central,2412.399,10406,6287,9.5,10
2010,31089,NE,Holt County,rural,Midwest,West North Central,2412.399,10435,6321,9.375,13
2011,31089,NE,Holt County,rural,Midwest,West North Central,2412.399,10434,6330,9.25,9
2012,31089,NE,Holt County,rural,Midwest,West North Central,2412.399,10442,6325,9.125,13
2013,31089,NE,Holt County,rural,Midwest,West North Central,2412.399,10376,6231,9,15
2014,31089,NE,Holt County,rural,Midwest,West North Central,2412.399,10384,6203,9,17
2015,31089,NE,Holt County,rural,Midwest,West North Central,2412.399,10367,6143,9,24
2016,31089,NE,Holt County, rural,Midwest,West North Central,2412.399,10279,6011,,
2016,31089,NE,Holt County, rural,Midwest,West North Central,2412.399,10279,6011,,
1970,31091,NE,Hooker County,rural  ,Midwest,West North Central,721.16,944,543,1,
1971,31091,NE,Hooker County,rural,Midwest,West North Central,721.16,965,557,0,
1972,31091,NE,Hooker County,rural,Midwest,West North Central,721.16,914,523,0,
1973,31091,NE,Hooker County,rural,Midwest,West North Central,721.16,992,586,0,
1974,31091,NE,Hooker County,rural,Midwest,West North Central,721.16,1007,606,0,
1975,31091,NE,Hooker County,rural,Midwest,West North Central,721.16,1017,623,0,
1976,31091,NE,Hooker County,rural,Midwest,West North Central,721.16,988,604,0,
1977,31091,NE,Hooker County,rural,Midwest,West North Central,721.16,973,592,0,
1978,31091,NE,Hooker County,rural,Midwest,West North Central,721.16,1004,614,0,
1979,31091,NE,Hooker County,rural  ,Midwest,West North Central,721.16,1027,631,0,
1980,31091,NE,Hooker County,rural,Midwest,West North Central,721.16,987,599,0,
1981,31091,NE,Hooker County,rural,Midwest,West North Central,721.16,969,579,0,
1982,31091,NE,Hooker County,rural,Midwest,West North Central,721.16,982,582,0,
1983,31091,NE,Hooker County,rural,Midwest,West North Central,721.16,970,565,0,0
1984,31091,NE,Hooker County,rural,Midwest,West North Central,721.16,952,544,0,0
1985,31091,NE,Hooker County,rural,Midwest,West North Central,721.16,913,515,0,0
1986,31091,NE,Hooker County,  RURAL ,Midwest,West North Central,721.16,866,486,0,0
1987,31091,NE,Hooker County,rural,Midwest,West North Central,721.16,820,449,0,0
1988,31091,NE,Hooker County,Rural,Midwest,West North Central,721.16,822,444,0,0
1989,31091,NE,Hooker County,rural,Midwest,West North Central,721.16,780,410,0,0
1990,31091,NE,Hooker County,rural,Midwest,West North Central,721.16,799,409,0,
1991,31091,NE,Hooker County, rural,Midwest,West North Central,721.16,790,410,0,
1992,31091,NE,Hooker County,  RURAL ,Midwest,West North Central,721.16,764,392,0,
1993,31091,NE,Hooker County,rural,Midwest,West North Central,721.16,758,386,0,
1994,31091,NE,Hooker County,rural,Midwest,West North Central,721.16,751,392,0,
1995,31091,NE,Hooker County, rural,Midwest,West North Central,721.16,781,410,0,
1996,31091,NE,Hooker County,RURAL,Midwest,West North Central,721.16,759,397,0,
1997,31091,NE,Hooker County,rural,Midwest,West North Central,721.16,767,408,0,
1997,31091,NE,Hooker County,rural,Midwest,West North Central,721.16,767,408,0,
1998,31091,NE,Hooker County,rural,Midwest,West North Central,721.16,769,408,0,
1999,31091,NE,Hooker County,rural,Midwest,West North Central,721.16,780,416,0,
2000,31091,NE,Hooker County,rural,Midwest,West North Central,721.16,773,423,0,
2001,31091,NE,Hooker County,rural,Midwest,West North Central,721.16,745,409,0,
2002,31091,NE,Hooker County,rural,Midwest,West North Central,721.16,731,416,0,
2003,31091,NE,Hooker County,rural,Midwest,West North Central,721.16,737,410,0,
2004,31091,NE,Hooker County,rural,Midwest,West North Central,721.16,748,423,0,
2005,31091,NE,Hooker County,rural,Midwest,West North Central,721.16,744,405,0,0
2006,31091,NE,Hooker County,rural,Midwest,West North Central,721.16,751,418,0,0
2007,31091,NE,Hooker County,rural,Midwest,West North Central,721.16,732,429,0,0
2008,31091,NE,Hooker County,rural,Midwest,West North Central,721.16,734,418,0,0
2009,31091,NE,Hooker County,rural,Midwest,West North Central,721.16,733,408,0,0
2010,31091,NE,Hooker County, rural,Midwest,West North Central,721.16,736,419,0,0
2011,31091,NE,Hooker County,rural,Midwest,West North Central,721.16,737,419,0,0
2012,31091,NE,Hooker County,rural,Midwest,West North Central,721.16,743,412,0,0
2013,31091,NE,Hooker County,rural,Midwest,West North Central,721.16,718,394,0,0
2014,31091,NE,Hooker County,rural,Midwest,West North Central,721.16,731,405,0,0
2015,31091,NE,Hooker County,rural,Midwest,West North Central,721.16,722,399,0,0
2016,31091,NE,Hooker County,rural,Midwest,West North Central,721.16,714,387,,
1970,31093,NE,Howard County,small/mid,Midwest,West North Central,569.338,6871,3775,0,
1971,31093,NE,Howard County,small/mid,Midwest,West North Central,569.338,7124,3947,0,
1972,31093,NE,Howard County,small/mid,Midwest,West North Central,569.338,7084,3944,0,
1973,31093,NE,Howard County,small/mid,Midwest,West North Central,569.338,7002,3919,0,
1974,31093,NE,Howard County,small/mid,Midwest,West North Central,569.338,6715,3749,0,
1975,31093,NE,Howard County,Small/mid,Midwest,West North Central,569.338,6800,3832,0,
1976,31093,NE,Howard County,small/mid,Midwest,West North Central,569.338,6801,3871,0,
1977,31093,NE,Howard County,small/mid  ,Midwest,West North Central,569.338,6755,3887,0,
1977,31093,NE,Howard County,small/mid  ,Midwest,West North Central,569.338,6755,3887,0,
1978,31093,NE,Howard County,small/mid,Midwest,West North Central,569.338,6713,3890,0,
1979,31093,NE,Howard County,SMALL/MID,Midwest,West North Central,569.338,6774,3964,0,
1980,31093,NE,Howard County,small/mid,Midwest,West North Central,569.338,6769,3975,0,
1981,31093,NE,Howard County,small/mid,Midwest,West North Central,569.338,6728,3947,0,
1982,31093,NE,Howard County, small/mid,Midwest,West North Central,569.338,6664,3900,0,
1982,31093,NE,Howard County, small/mid,Midwest,West North Central,569.338,6664,3900,0,
1983,31093,NE,Howard County,small/mid,Midwest,West North Central,569.338,6590,3848,0,0
1984,31093,NE,Howard County,small/mid,Midwest,West North Central,569.338,6618,3863,0,
1985,31093,NE,Howard County,small/mid,Midwest,West North Central,569.338,6442,3755,0,0
1986,31093,NE,Howard County,small/mid,Midwest,West North Central,569.338,6319,3684,0,0
1987,31093,NE,Howard County,small/mid,Midwest,West North Central,569.338,6228,3622,0,0
1988,31093,NE,Howard County,small/mid,Midwest,West North Central,569.338,6192,3596,0,
1989,31093,NE,Howard County,small/mid,Midwest,West North Central,569.338,6114,3540,0,
1990,31093,NE,Howard County,small/mid,Midwest,West North Central,569.338,6043,3499,501,0
1990,31093,,,,,,,,,0,
1991,31093,NE,Howard County,small/mid,Midwest,West North Central,569.338,6118,3558,0,0
1992,31093,NE,Howard County,small/mid,Midwest,West North Central,569.338,6230,3635,0,0
1993,31093,NE,Howard County,small/mid,Midwest,West North Central,569.338,6236,3650,0,
1994,31093,NE,Howard County,small/mid,Midwest,West North Central,569.338,6280,3669,0,0
1995,31093,NE,Howard County,small/mid,Midwest,West North Central,569.338,6381,3753,0,4
1996,31093,NE,Howard County,SMALL/MID,Midwest,West North Central,569.338,6436,3809,0,
1997,31093,NE,Howard County,small/mid,Midwest,West North Central,569.338,6474,3859,0,4
1997,31093,NE,Howard County,small/mid,Midwest,West North Central,569.338,6474,3859,0,4
1998,31093,NE,Howard County,small/mid,Midwest,West North Central,569.338,6551,3924,0,6
1998,31093,NE,Howard County,small/mid,Midwest,West North Central,569.338,6551,3924,0,6
1999,31093,NE,Howard County,small/mid,Midwest,West North Central,569.338,6587,3970,0,6
2000,31093,NE,Howard County,small/mid,Midwest,West North Central,569.338,6523,3948,0,6
2001,31093,NE,Howard County,small/mid,Midwest,West North Central,569.338,6448,3899,0,6
2001,31093,NE,Howard County,small/mid,Midwest,West North Central,569.338,6448,3899,0,6
2002,31093,NE,Howard County,small/mid,Midwest,West North Central,569.338,6427,3875,0,6
2003,31093,NE,Howard County,small/mid,Midwest,West North Central,569.338,6509,3953,0,6
2004,31093,NE,Howard County,small/mid,Midwest,West North Central,569.338,6465,3948,0,6
2005,31093,NE,Howard County,small/mid,Midwest,West North Central,569.338,6432,3916,0,5
2006,31093,NE,Howard County,small/mid,Midwest,West North Central,569.338,6357,3879,0,4
2007,31093,NE,Howard County,small/mid,Midwest,West North Central,569.338,6333,3866,0,7
2008,31093,NE,Howard County,small/mid,Midwest,West North Central,569.338,6261,3852,0,4
2008,31093,NE,Howard County,small/mid,Midwest,West North Central,569.338,6261,3852,0,4
2009,31093,NE,Howard County,small/mid,Midwest,West North Central,569.338,6288,3861,0,
2010,31093,NE,Howard County,small/mid,Midwest,West North Central,569.338,6274,3859,0,4
2011,31093,NE,Howard County,small/mid,Midwest,West North Central,569.338,6279,3857,0,6
2012,31093,NE,Howard County,small/mid,Midwest,West North Central,569.338,6295,3872,0,4
2013,31093,NE,Howard County,small/mid,Midwest,West North Central,569.338,6298,3841,0,6
2014,31093,NE,Howard County,small/mid,Midwest,West North Central,569.338,6337,3838,0,8
2015,31093,NE,Howard County,small/mid,Midwest,West North Central,569.338,6352,3808,0,7
2016,31093,NE,Howard County,small/mid,Midwest,West North Central,569.338,6382,3777,,
1970,31095,NE,Jefferson County,rural,Midwest,West North Central,570.171,10467,6068,2,
1971,31095,NE,Jefferson County,rural,Midwest,West North Central,570.171,10600,6212,1.875,
1972,31095,NE,Jefferson County,rural,Midwest,West North Central,570.171,10385,6118,1.75,
1973,31095,NE,Jefferson County,RURAL,Midwest,West North Central,570.171,10423,6219,1.625,
1973,31095,NE,Jefferson County,RURAL,Midwest,West North Central,570.171,10423,6219,1.625,
1974,31095,NE,Jefferson County,rural,Midwest,West North Central,570.171,10269,6135,1.5,
1975,31095,NE,Jefferson County,rural,Midwest,West North Central,570.171,10389,6263,1.375,
1976,31095,NE,Jefferson County,rural,Midwest,West North Central,570.171,10014,6011,1.25,
1977,31095,NE,Jefferson County,rural,Midwest,West North Central,570.171,10116,6120,1.125,
1978,31095,NE,Jefferson County,rural,Midwest,West North Central,570.171,9763,5867,1,
1979,31095,NE,Jefferson County,rural  ,Midwest,West North Central,570.171,9702,5829,1.8,
1980,31095,NE,Jefferson County,rural,Midwest,West North Central,570.171,9799,5897,2.6,
1980,31095,NE,Jefferson County,rural,Midwest,West North Central,570.171,9799,5897,2.6,
1981,31095,NE,Jefferson County,rural,Midwest,West North Central,570.171,9682,5792,3.4,
1981,31095,NE,Jefferson County,rural,Midwest,West North Central,570.171,9682,5792,3.4,
1982,31095,NE,Jefferson County,rural,Midwest,West North Central,570.171,9591,5692,4.2,
1982,31095,NE,Jefferson County,rural,Midwest,West North Central,570.171,9591,5692,4.2,
1983,31095,NE,Jefferson County,rural,Midwest,West North Central,570.171,9603,5657,5,10
1984,31095,NE,Jefferson County,rural  ,Midwest,West North Central,570.171,9536,5583,4.8,9
1985,31095,NE,Jefferson County,rural,Midwest,West North Central,570.171,9336,5417,4.6,11
1986,31095,NE,Jefferson County,rural,Midwest,West North Central,570.171,9148,5260,4.4,10
1987,31095,NE,Jefferson County,rural,Midwest,West North Central,570.171,8991,5126,4.2,8
1988,31095,NE,Jefferson County,rural,Midwest,West North Central,570.171,8887,5031,4,9
1989,31095,NE,Jefferson County,rural,Midwest,West North Central,570.171,8821,4936,4,9
1990,31095,NE,Jefferson County,rural,Midwest,West North Central,570.171,8746,4866,4,8
1991,31095,NE,Jefferson County,rural,Midwest,West North Central,570.171,8684,4840,4,9
1992,31095,NE,Jefferson County,Rural,Midwest,West North Central,570.171,8621,4842,4,7
1993,31095,NE,Jefferson County,rural,Midwest,West North Central,570.171,8651,4895,4,6
1994,31095,NE,Jefferson County,rural,Midwest,West North Central,570.171,8573,4863,5,8
1995,31095,NE,Jefferson County,rural,Midwest,West North Central,570.171,8513,4859,6,9
1996,31095,NE,Jefferson County,rural  ,Midwest,West North Central,570.171,8450,4861,7,8
1997,31095,NE,Jefferson County,rural,Midwest,West North Central,570.171,8463,4891,8,15
1998,31095,NE,Jefferson County,rural,Midwest,West North Central,570.171,8389,4875,9,19
1999,31095,NE,Jefferson County,rural  ,Midwest,West North Central,570.171,8337,4865,10,24
2000,31095,NE,Jefferson County,  RURAL ,Midwest,West North Central,570.171,8324,4904,10.16667,21
2001,31095,NE,Jefferson County,rural,Midwest,West North Central,570.171,8288,4865,10.33333,16
2002,31095,NE,Jefferson County,rural  ,Midwest,West North Central,570.171,8253,4879,10.5,16
2002,31095,NE,Jefferson County,rural  ,Midwest,West North Central,570.171,8253,4879,10.5,16
2003,31095,NE,Jefferson County,rural,Midwest,West North Central,570.171,8157,4825,10.66667,15
2004,31095,NE,Jefferson County,RURAL,Midwest,West North Central,570.171,8117,4825,10.83333,23
2005,31095,NE,Jefferson County,rural,Midwest,West North Central,570.171,8025,4778,11,23
2006,31095,NE,Jefferson County,rural,Midwest,West North Central,570.171,7970,4761,11.25,24
2007,31095,NE,Jefferson County,rural,Midwest,West North Central,570.171,7765,4658,11.5,28
2008,31095,NE,Jefferson County,  RURAL ,Midwest,West North Central,570.171,7684,4612,11.75,19
2009,31095,NE,Jefferson County,rural,Midwest,West North Central,570.171,7602,4549,12,28
2010,31095,NE,Jefferson County,rural  ,Midwest,West North Central,570.171,7547,4552,12.25,21
2011,31095,NE,Jefferson County,rural,Midwest,West North Central,570.171,7521,4546,12.5,20
2012,31095,NE,Jefferson County, rural,Midwest,West North Central,570.171,7550,4543,12.75,24
2012,31095,NE,Jefferson County, rural,Midwest,West North Central,570.171,7550,4543,12.75,24
2013,31095,NE,Jefferson County,rural,Midwest,West North Central,570.171,7533,4489,13,26
2014,31095,NE,Jefferson County,rural,Midwest,West North Central,570.171,7511,4444,13,32
2015,31095,NE,Jefferson County,rural,Midwest,West North Central,570.171,7300,4315,13,30
2016,31095,NE,Jefferson County,rural,Midwest,West North Central,570.171,7212,4252,,
1970,31097,NE,Johnson County,rural,Midwest,West North Central,376.051,5745,3215,1,
1971,31097,NE,Johnson County,rural,Midwest,West North Central,376.051,5768,3246,1.5,
1972,31097,NE,Johnson County,rural,Midwest,West North Central,376.051,5649,3183,2,
1973,31097,NE,Johnson County,rural  ,Midwest,West North Central,376.051,5729,3262,2.5,
1974,31097,NE,Johnson County,rural,Midwest,West North Central,376.051,5503,3126,3,
1975,31097,NE,Johnson County,rural,Midwest,West North Central,376.051,5592,3219,3.5,
1976,31097,NE,Johnson County,rural,Midwest,West North Central,376.051,5458,3125,4,
1976,31097,NE,Johnson County,rural,Midwest,West North Central,376.051,5458,3125,4,
1977,31097,NE,Johnson County,RURAL,Midwest,West North Central,376.051,5516,3171,4.5,
1978,31097,NE,Johnson County,rural  ,Midwest,West North Central,376.051,5540,3201,5,
1979,31097,NE,Johnson County,rural,Midwest,West North Central,376.051,5432,3124,2.774834,
1980,31097,NE,Johnson County,rural,Midwest,West North Central,376.051,5267,3024,2.641048,
1981,31097,NE,Johnson County,Rural,Midwest,West North Central,376.051,5199,2977,2.529214,
1982,31097,NE,Johnson County,rural,Midwest,West North Central,376.051,5137,2932,2.440428,
1983,31097,NE,Johnson County,rural,Midwest,West North Central,376.051,5053,2877,2.321565,4
1984,31097,NE,Johnson County,rural,Midwest,West North Central,376.051,5070,2878,2.221942,
1985,31097,NE,Johnson County,rural,Midwest,West North Central,376.051,4936,2796,2.098749,6
1986,31097,NE,Johnson County,rural,Midwest,West North Central,376.051,4836,2733,1.997034,7
1987,31097,NE,Johnson County,rural  ,Midwest,West North Central,376.051,4805,2702,1.898222,6
1988,31097,NE,Johnson County,rural,Midwest,West North Central,376.051,4798,2692,1.791085,8
1989,31097,NE,Johnson County,rural,Midwest,West North Central,376.051,4726,2636,1.739647,6
1990,31097,NE,Johnson County,rural,Midwest,West North Central,376.051,4666,2601,1.692862,
1991,31097,NE,Johnson County,rural,Midwest,West North Central,376.051,4693,2646,1.642322,
1992,31097,NE,Johnson County,rural,Midwest,West North Central,376.051,4636,2613,1.603916,
1993,31097,NE,Johnson County,rural,Midwest,West North Central,376.051,4629,2620,1.531364,
1994,31097,NE,Johnson County,rural,Midwest,West North Central,376.051,4605,2615,1.47963,5
1995,31097,NE,Johnson County,rural,Midwest,West North Central,376.051,4584,2622,1.420457,
1996,31097,NE,Johnson County,rural,Midwest,West North Central,376.051,4557,2626,1.371365,
1997,31097,NE,Johnson County,rural,Midwest,West North Central,376.051,4567,2660,1.32776,4
1998,31097,NE,Johnson County,rural,Midwest,West North Central,376.051,4520,2643,1.277751,5
1999,31097,NE,Johnson County,rural,Midwest,West North Central,376.051,4498,2646,1.223018,5
2000,31097,NE,Johnson County,rural,Midwest,West North Central,376.051,4506,2673,1.430176,
2001,31097,NE,Johnson County,  RURAL ,Midwest,West North Central,376.051,4491,2682,1.649446,
2001,31097,NE,Johnson County,  RURAL ,Midwest,West North Central,376.051,4491,2682,1.649446,
2002,31097,NE,Johnson County,rural,Midwest,West North Central,376.051,4927,3065,1.948919,11
2003,31097,NE,Johnson County,rural,Midwest,West North Central,376.051,5102,3215,2.226609,13
2004,31097,NE,Johnson County,rural,Midwest,West North Central,376.051,5372,3480,2.510329,11
2005,31097,NE,Johnson County,rural,Midwest,West North Central,376.051,5257,3417,2.717837,9
2006,31097,NE,Johnson County,RURAL,Midwest,West North Central,376.051,5257,3447,2.743881,6
2007,31097,NE,Johnson County,rural,Midwest,West North Central,376.051,5163,3400,2.724905,8
2008,31097,NE,Johnson County,Rural,Midwest,West North Central,376.051,5203,3461,2.768246,6
2009,31097,NE,Johnson County,rural,Midwest,West North Central,376.051,5199,3473,2.751436,9
2010,31097,NE,Johnson County,rural,Midwest,West North Central,376.051,5217,3470,2.750544,9
2011,31097,NE,Johnson County,rural,Midwest,West North Central,376.051,5233,3475,2.749354,5
2012,31097,NE,Johnson County,rural,Midwest,West North Central,376.051,5216,3460,2.741609,5
2013,31097,NE,Johnson County,rural,Midwest,West North Central,376.051,5185,3393,529,4
2013,31097,,,,,,,,,2.756801,
2014,31097,NE,Johnson County,rural,Midwest,West North Central,376.051,5163,3399,2.756801,7
2015,31097,NE,Johnson County,rural,Midwest,West North Central,376.051,5220,3460,2.756801,7
2016,31097,NE,Johnson County, rural,Midwest,West North Central,376.051,5224,3453,,
1970,31099,NE,Kearney County,rural,Midwest,West North Central,516.243,6715,3806,3,
1971,31099,NE,Kearney County,rural,Midwest,West North Central,516.243,6729,3839,3.125,
1971,31099,NE,Kearney County,rural,Midwest,West North Central,516.243,6729,3839,3.125,
1972,31099,NE,Kearney County,rural,Midwest,West North Central,516.243,6787,3921,3.25,
1973,31099,NE,Kearney County,rural,Midwest,West North Central,516.243,6860,4013,3.375,
1974,31099,NE,Kearney County,rural,Midwest,West North Central,516.243,6819,4012,3.5,
1975,31099,NE,Kearney County,  RURAL ,Midwest,West North Central,516.243,6887,4099,3.625,
1976,31099,NE,Kearney County,rural,Midwest,West North Central,516.243,6787,4055,3.75,
1977,31099,NE,Kearney County,RURAL,Midwest,West North Central,516.243,6725,4040,3.875,
1978,31099,NE,Kearney County,rural,Midwest,West North Central,516.243,6757,4084,4,
1979,31099,NE,Kearney County,rural,Midwest,West North Central,516.243,6842,4165,3.4,
1980,31099,NE,Kearney County,rural,Midwest,West North Central,516.243,7049,4338,2.8,
1981,31099,NE,Kearney County,rural,Midwest,West North Central,516.243,7008,4306,2.2,
1981,31099,NE,Kearney County,rural,Midwest,West North Central,516.243,7008,4306,2.2,
1982,31099,NE,Kearney County,rural,Midwest,West North Central,516.243,7107,4353,1.6,
1983,31099,NE,Kearney County,RURAL,Midwest,West North Central,516.243,7039,4298,1,5
1984,31099,NE,Kearney County,rural,Midwest,West North Central,516.243,6885,4200,1,5
1985,31099,NE,Kearney County,rural,Midwest,West North Central,516.243,6755,4111,1,5
1986,31099,NE,Kearney County,rural,Midwest,West North Central,516.243,6636,4024,1,5
1987,31099,NE,Kearney County,rural,Midwest,West North Central,516.243,6617,4004,1,5
1988,31099,NE,Kearney County,rural,Midwest,West North Central,516.243,6692,4038,1,
1989,31099,NE,Kearney County,rural,Midwest,West North Central,516.243,6658,3994,1,4
1990,31099,NE,Kearney County,rural,Midwest,West North Central,516.243,6622,3968,2,
1991,31099,NE,Kearney County,rural,Midwest,West North Central,516.243,6536,3915,4,
1992,31099,NE,Kearney County,rural,Midwest,West North Central,516.243,6576,3954,2,
1993,31099,NE,Kearney County,rural,Midwest,West North Central,516.243,6572,3954,2.428571,
1994,31099,NE,Kearney County,rural,Midwest,West North Central,516.243,6572,3972,2.857143,4
1995,31099,NE,Kearney County,rural,Midwest,West North Central,516.243,6600,4016,3.285714,4
1996,31099,NE,Kearney County,Rural,Midwest,West North Central,516.243,6687,4095,3.714286,4
1997,31099,NE,Kearney County,rural,Midwest,West North Central,516.243,6751,4138,4.142857,4
1998,31099,NE,Kearney County,rural,Midwest,West North Central,516.243,6888,4250,4.571429,
1999,31099,NE,Kearney County,rural,Midwest,West North Central,516.243,6897,4271,5,5
2000,31099,NE,Kearney County,rural,Midwest,West North Central,516.243,6889,4267,5,
2001,31099,NE,Kearney County,rural,Midwest,West North Central,516.243,6842,4278,5,
2002,31099,NE,Kearney County,rural  ,Midwest,West North Central,516.243,6785,4265,5,6
2002,31099,NE,Kearney County,rural  ,Midwest,West North Central,516.243,6785,4265,5,6
2003,31099,NE,Kearney County, rural,Midwest,West North Central,516.243,6800,4266,5,
2004,31099,NE,Kearney County,rural,Midwest,West North Central,516.243,6776,4254,5,8
2005,31099,NE,Kearney County,rural  ,Midwest,West North Central,516.243,6698,4231,5,8
2006,31099,NE,Kearney County,rural,Midwest,West North Central,516.243,6614,4160,4.75,6
2007,31099,NE,Kearney County,  RURAL ,Midwest,West North Central,516.243,6624,4194,4.5,4
2008,31099,NE,Kearney County,rural,Midwest,West North Central,516.243,6554,4114,4.25,
2009,31099,NE,Kearney County,rural,Midwest,West North Central,516.243,6476,4017,4,
2010,31099,NE,Kearney County,rural,Midwest,West North Central,516.243,6489,4024,3.75,
2011,31099,NE,Kearney County,rural,Midwest,West North Central,516.243,6477,4023,3.5,5
2012,31099,NE,Kearney County,rural,Midwest,West North Central,516.243,6546,4042,3.25,6
2013,31099,NE,Kearney County,rural,Midwest,West North Central,516.243,6508,3980,3,7
2014,31099,NE,Kearney County,rural,Midwest,West North Central,516.243,6486,3950,3,5
2015,31099,NE,Kearney County,rural  ,Midwest,West North Central,516.243,6590,4010,3,9
2016,31099,NE,Kearney County,rural,Midwest,West North Central,516.243,6559,3965,,
1970,31101,NE,Keith County,rural,Midwest,West North Central,1061.6,8512,4938,4,
1971,31101,NE,Keith County,rural,Midwest,West North Central,1061.6,8607,5028,4,
1972,31101,NE,Keith County,rural,Midwest,West North Central,1061.6,8407,4944,4,
1973,31101,NE,Keith County,rural  ,Midwest,West North Central,1061.6,8520,5065,4,
1974,31101,NE,Keith County,rural,Midwest,West North Central,1061.6,8684,5216,4,
1975,31101,NE,Keith County,  RURAL ,Midwest,West North Central,1061.6,8855,5368,4,
1975,31101,NE,Keith County,  RURAL ,Midwest,West North Central,1061.6,8855,5368,4,
1976,31101,NE,Keith County,rural,Midwest,West North Central,1061.6,9012,5536,4,
1977,31101,NE,Keith County,rural,Midwest,West North Central,1061.6,8973,5538,4,
1977,31101,NE,Keith County,rural,Midwest,West North Central,1061.6,8973,5538,4,
1978,31101,NE,Keith County,rural,Midwest,West North Central,1061.6,9339,5814,4,
1979,31101,NE,Keith County,Rural,Midwest,West North Central,1061.6,9324,5822,3.8,
1979,31101,NE,Keith County,Rural,Midwest,West North Central,1061.6,9324,5822,3.8,
1980,31101,NE,Keith County,rural,Midwest,West North Central,1061.6,9363,5879,3.6,
1981,31101,NE,Keith County,rural,Midwest,West North Central,1061.6,9321,5832,3.4,
1982,31101,NE,Keith County,rural,Midwest,West North Central,1061.6,9311,5792,3.2,
1983,31101,NE,Keith County,rural,Midwest,West North Central,1061.6,9191,5686,3,9
1984,31101,NE,Keith County,RURAL,Midwest,West North Central,1061.6,9258,5703,2.629794,7
1985,31101,NE,Keith County,rural,Midwest,West North Central,1061.6,9073,5562,3.057244,13
1986,31101,NE,Keith County,rural,Midwest,West North Central,1061.6,8908,5432,3.509233,17
1987,31101,NE,Keith County,rural  ,Midwest,West North Central,1061.6,8785,5329,3.968639,13
1988,31101,NE,Keith County,rural,Midwest,West North Central,1061.6,8730,5266,4.410385,11
1989,31101,NE,Keith County,rural,Midwest,West North Central,1061.6,8622,5154,5.29445,15
1990,31101,NE,Keith County,rural,Midwest,West North Central,1061.6,8578,5105,6.175403,14
1991,31101,NE,Keith County,rural  ,Midwest,West North Central,1061.6,8445,5000,7.06922,16
1992,31101,NE,Keith County,rural  ,Midwest,West North Central,1061.6,8409,4999,7.938421,14
1993,31101,NE,Keith County,rural,Midwest,West North Central,1061.6,8432,5018,8.785526,13
1994,31101,NE,Keith County,rural,Midwest,West North Central,1061.6,8580,5111,8.075409,11
1995,31101,NE,Keith County,rural,Midwest,West North Central,1061.6,8743,5262,7.341984,9
1996,31101,NE,Keith County,rural,Midwest,West North Central,1061.6,8678,5229,7.316357,12
1996,31101,NE,Keith County,rural,Midwest,West North Central,1061.6,8678,5229,7.316357,12
1997,31101,NE,Keith County,rural,Midwest,West North Central,1061.6,8740,5304,7.316871,11
1998,31101,NE,Keith County,rural,Midwest,West North Central,1061.6,8814,5347,7.351849,11
1999,31101,NE,Keith County,  RURAL ,Midwest,West North Central,1061.6,8953,5495,8.846257,9
2000,31101,NE,Keith County,rural,Midwest,West North Central,1061.6,8839,5448,8.517129,14
2000,31101,NE,Keith County,rural,Midwest,West North Central,1061.6,8839,5448,8.517129,14
2001,31101,NE,Keith County,RURAL,Midwest,West North Central,1061.6,8767,5450,8.188772,12
2002,31101,NE,Keith County,rural,Midwest,West North Central,1061.6,8757,5434,7.807471,7
2003,31101,NE,Keith County,rural,Midwest,West North Central,1061.6,8514,5289,7.401343,10
2004,31101,NE,Keith County,rural,Midwest,West North Central,1061.6,8444,5257,6.98092,5
2005,31101,NE,Keith County,Rural,Midwest,West North Central,1061.6,8418,5258,6.622166,12
2006,31101,NE,Keith County,rural,Midwest,West North Central,1061.6,8381,5189,6.851999,12
2007,31101,NE,Keith County,rural,Midwest,West North Central,1061.6,8423,5246,7.081131,8
2008,31101,NE,Keith County,rural  ,Midwest,West North Central,1061.6,8290,5107,7.273335,4
2008,31101,NE,Keith County,rural  ,Midwest,West North Central,1061.6,8290,5107,7.273335,4
2009,31101,NE,Keith County,rural  ,Midwest,West North Central,1061.6,8320,5113,7.45444,4
2010,31101,NE,Keith County,rural,Midwest,West North Central,1061.6,8368,5093,7.608987,10
2011,31101,NE,Keith County,rural,Midwest,West North Central,1061.6,8354,5090,7.784723,10
2012,31101,NE,Keith County,rural,Midwest,West North Central,1061.6,8239,5021,7.955799,11
2013,31101,NE,Keith County,rural,Midwest,West North Central,1061.6,8222,4963,8.148087,11
2014,31101,NE,Keith County,rural  ,Midwest,West North Central,1061.6,8159,4872,8.148087,15
2015,31101,NE,Keith County, rural,Midwest,West North Central,1061.6,8174,4834,8.148087,17
2016,31101,NE,Keith County,rural,Midwest,West North Central,1061.6,8136,4788,,
1970,31103,NE,Keya Paha County,rural,Midwest,West North Central,773.076,1338,791,2.358066,
1971,31103,NE,Keya Paha County,rural,Midwest,West North Central,773.076,1346,793,1.973946,
1972,31103,NE,Keya Paha County,rural,Midwest,West North Central,773.076,1328,786,1.782313,
1973,31103,NE,Keya Paha County,rural,Midwest,West North Central,773.076,1364,816,1.670025,
1974,31103,NE,Keya Paha County,rural,Midwest,West North Central,773.076,1371,823,1.546993,
1975,31103,NE,Keya Paha County,  RURAL ,Midwest,West North Central,773.076,1371,828,1.435235,
1976,31103,NE,Keya Paha County,rural,Midwest,West North Central,773.076,1367,826,1.277451,
1977,31103,NE,Keya Paha County,rural,Midwest,West North Central,773.076,1377,836,1.136213,
1977,31103,NE,Keya Paha County,rural,Midwest,West North Central,773.076,1377,836,1.136213,
1978,31103,NE,Keya Paha County,rural,Midwest,West North Central,773.076,1331,804,0.9792935,
1979,31103,NE,Keya Paha County,rural,Midwest,West North Central,773.076,1309,794,1.027673,
1980,31103,NE,Keya Paha County,rural,Midwest,West North Central,773.076,1295,787,1.030902,
1981,31103,NE,Keya Paha County,rural,Midwest,West North Central,773.076,1268,768,1.06122,
1981,31103,NE,Keya Paha County,rural,Midwest,West North Central,773.076,1268,768,1.06122,
1982,31103,NE,Keya Paha County,rural,Midwest,West North Central,773.076,1218,734,1.06796,
1983,31103,NE,Keya Paha County,rural,Midwest,West North Central,773.076,1207,724,1.115562,0
1984,31103,NE,Keya Paha County,rural,Midwest,West North Central,773.076,1211,725,0.95335,0
1985,31103,NE,Keya Paha County,rural,Midwest,West North Central,773.076,1172,694,0.7658553,0
1985,31103,NE,Keya Paha County,rural,Midwest,West North Central,773.076,1172,694,0.7658553,0
1986,31103,NE,Keya Paha County,Rural,Midwest,West North Central,773.076,1150,681,0.5945601,0
1987,31103,NE,Keya Paha County,rural,Midwest,West North Central,773.076,1110,655,0.4128151,0
1988,31103,NE,Keya Paha County,rural,Midwest,West North Central,773.076,1065,625,0.2245778,0
1989,31103,NE,Keya Paha County,rural,Midwest,West North Central,773.076,1054,615,0.27303,
1989,31103,NE,Keya Paha County,rural,Midwest,West North Central,773.076,1054,615,0.27303,
1990,31103,NE,Keya Paha County,Rural,Midwest,West North Central,773.076,1025,592,0.3129909,
1991,31103,NE,Keya Paha County,RURAL,Midwest,West North Central,773.076,1019,587,0.3536144,
1992,31103,NE,Keya Paha County,rural,Midwest,West North Central,773.076,978,571,0.3899089,0
1993,31103,NE,Keya Paha County,rural,Midwest,West North Central,773.076,996,588,0.4427711,0
1994,31103,NE,Keya Paha County,rural,Midwest,West North Central,773.076,1020,601,0.4503559,0
1995,31103,NE,Keya Paha County,rural,Midwest,West North Central,773.076,1032,611,0.4536006,0
1995,31103,NE,Keya Paha County,rural,Midwest,West North Central,773.076,1032,611,0.4536006,0
1996,31103,NE,Keya Paha County,rural,Midwest,West North Central,773.076,1053,630,0.4649447,0
1997,31103,NE,Keya Paha County,  RURAL ,Midwest,West North Central,773.076,1021,613,0.6828815,0
1998,31103,NE,Keya Paha County,RURAL,Midwest,West North Central,773.076,1019,608,0.6826347,0
1999,31103,NE,Keya Paha County,rural,Midwest,West North Central,773.076,994,596,0.4493027,0
2000,31103,NE,Keya Paha County,rural,Midwest,West North Central,773.076,981,578,0.4039904,
2001,31103,NE,Keya Paha County,rural,Midwest,West North Central,773.076,966,558,0.3596288,
2002,31103,NE,Keya Paha County,rural,Midwest,West North Central,773.076,957,567,0.3277457,
2003,31103,NE,Keya Paha County,rural,Midwest,West North Central,773.076,964,559,0.2884417,
2004,31103,NE,Keya Paha County,Rural,Midwest,West North Central,773.076,942,536,0.2454212,0
2005,31103,NE,Keya Paha County,rural,Midwest,West North Central,773.076,904,528,0.2149837,0
2006,31103,NE,Keya Paha County,rural,Midwest,West North Central,773.076,892,508,0.2094845,0
2007,31103,NE,Keya Paha County,RURAL,Midwest,West North Central,773.076,857,502,0.2119932,0
2008,31103,NE,Keya Paha County,rural,Midwest,West North Central,773.076,836,495,0.2155923,0
2009,31103,NE,Keya Paha County,rural,Midwest,West North Central,773.076,820,488,0.2127289,0
2010,31103,NE,Keya Paha County,rural,Midwest,West North Central,773.076,824,479,0.2069858,0
2011,31103,NE,Keya Paha County,rural,Midwest,West North Central,773.076,825,479,0.2063213,0
2012,31103,NE,Keya Paha County,rural,Midwest,West North Central,773.076,820,470,0.2061717,0
2013,31103,NE,Keya Paha County,rural,Midwest,West North Central,773.076,798,462,0.2059633,0
2014,31103,NE,Keya Paha County,rural,Midwest,West North Central,773.076,791,452,0.2059633,0
2015,31103,NE,Keya Paha County,rural,Midwest,West North Central,773.076,796,446,0.2059633,0
2016,31103,NE,Keya Paha County,rural,Midwest,West North Central,773.076,798,443,,
1970,31105,NE,Kimball County,rural,Midwest,West North Central,951.846,5911,3497,5,
1971,31105,NE,Kimball County,rural  ,Midwest,West North Central,951.846,5523,3272,4.769231,
1972,31105,NE,Kimball County,rural,Midwest,West North Central,951.846,5464,3274,4.538462,
1973,31105,NE,Kimball County,rural,Midwest,West North Central,951.846,5407,3273,4.307693,
1974,31105,NE,Kimball County,rural,Midwest,West North Central,951.846,6398,3986,4.076923,
1975,31105,NE,Kimball County,rural,Midwest,West North Central,951.846,5507,3423,3.846154,
1976,31105,NE,Kimball County,rural  ,Midwest,West North Central,951.846,5155,3203,3.615385,
1977,31105,NE,Kimball County,rural,Midwest,West North Central,951.846,4859,3015,3.384615,
1978,31105,NE,Kimball County,rural,Midwest,West North Central,951.846,4947,3091,3.153846,
1979,31105,NE,Kimball County,rural,Midwest,West North Central,951.846,4729,2947,2.923077,
1980,31105,NE,Kimball County,rural,Midwest,West North Central,951.846,4911,3088,2.692308,
1981,31105,NE,Kimball County,rural,Midwest,West North Central,951.846,5014,3138,2.461539,
1982,31105,NE,Kimball County,rural,Midwest,West North Central,951.846,5121,3181,2.230769,
1983,31105,NE,Kimball County,rural,Midwest,West North Central,951.846,5052,3114,2,
1984,31105,NE,Kimball County,rural,Midwest,West North Central,951.846,4896,3004,2.5,
1985,31105,NE,Kimball County,rural,Midwest,West North Central,951.846,4783,2914,3,
1986,31105,NE,Kimball County,rural,Midwest,West North Central,951.846,4660,2816,3,4
1987,31105,NE,Kimball County,rural,Midwest,West North Central,951.846,4424,2652,1,4
1988,31105,NE,Kimball County,rural,Midwest,West North Central,951.846,4336,2578,3,4
1989,31105,NE,Kimball County,rural,Midwest,West North Central,951.846,4277,2519,3.6,
1990,31105,NE,Kimball County,rural,Midwest,West North Central,951.846,4071,2379,4.2,
1991,31105,NE,Kimball County,rural,Midwest,West North Central,951.846,4088,2399,4.8,
1992,31105,NE,Kimball County,rural,Midwest,West North Central,951.846,4062,2386,5.4,
1993,31105,NE,Kimball County,rural,Midwest,West North Central,951.846,4203,2498,6,
1994,31105,NE,Kimball County,rural,Midwest,West North Central,951.846,4120,2439,6,9
1995,31105,NE,Kimball County,rural,Midwest,West North Central,951.846,4194,2493,6,6
1996,31105,NE,Kimball County,rural,Midwest,West North Central,951.846,4094,2416,6,11
1997,31105,NE,Kimball County,rural,Midwest,West North Central,951.846,4082,2406,6,8
1997,31105,NE,Kimball County,rural,Midwest,West North Central,951.846,4082,2406,6,8
1998,31105,NE,Kimball County,rural,Midwest,West North Central,951.846,4152,2458,6,7
1999,31105,NE,Kimball County,rural,Midwest,West North Central,951.846,4148,2453,6,10
2000,31105,NE,Kimball County,rural,Midwest,West North Central,951.846,4060,2392,5.666667,8
2001,31105,NE,Kimball County,rural,Midwest,West North Central,951.846,4055,2394,5.333333,7
2002,31105,NE,Kimball County,rural,Midwest,West North Central,951.846,4046,2407,5,5
2003,31105,NE,Kimball County,rural,Midwest,West North Central,951.846,3960,2372,4.666667,4
2004,31105,NE,Kimball County,rural,Midwest,West North Central,951.846,3921,2351,4.333333,6
2005,31105,NE,Kimball County,rural,Midwest,West North Central,951.846,3925,2376,4,7
2006,31105,NE,Kimball County,rural,Midwest,West North Central,951.846,3879,2339,557,11
2006,31105,,,,,,,,,4.75,
2007,31105,NE,Kimball County,rural,Midwest,West North Central,951.846,3809,2285,5.5,9
2008,31105,NE,Kimball County,rural,Midwest,West North Central,951.846,3761,2227,585,9
2008,31105,,,,,,,,,6.25,
2009,31105,NE,Kimball County,rural,Midwest,West North Central,951.846,3799,2240,7,8
2010,31105,NE,Kimball County,rural,Midwest,West North Central,951.846,3821,2283,7.75,10
2011,31105,NE,Kimball County,rural,Midwest,West North Central,951.846,3833,2289,8.5,10
2012,31105,NE,Kimball County,rural,Midwest,West North Central,951.846,3807,2255,9.25,10
2013,31105,NE,Kimball County,rural,Midwest,West North Central,951.846,3803,2232,10,11
2014,31105,NE,Kimball County,rural,Midwest,West North Central,951.846,3695,2200,10,11
2015,31105,NE,Kimball County,rural,Midwest,West North Central,951.846,3725,2197,10,11
2016,31105,NE,Kimball County, rural,Midwest,West North Central,951.846,3715,2195,,
1970,31107,NE,Knox County,rural,Midwest,West North Central,1108.422,11666,6400,2,
1970,31107,NE,Knox County,rural,Midwest,West North Central,1108.422,11666,6400,2,
1971,31107,NE,Knox County,rural,Midwest,West North Central,1108.422,11457,6296,2.625,
1972,31107,NE,Knox County,rural,Midwest,West North Central,1108.422,11389,6304,3.25,
1973,31107,NE,Knox County,rural,Midwest,West North Central,1108.422,11349,6333,3.875,
1974,31107,NE,Knox County,rural,Midwest,West North Central,1108.422,11306,6377,4.5,
1975,31107,NE,Knox County,rural  ,Midwest,West North Central,1108.422,11367,6491,5.125,
1975,31107,NE,Knox County,rural  ,Midwest,West North Central,1108.422,11367,6491,5.125,
1976,31107,NE,Knox County,rural,Midwest,West North Central,1108.422,11473,6608,5.75,
1977,31107,NE,Knox County,rural,Midwest,West North Central,1108.422,11520,6656,6.375,
1978,31107,NE,Knox County,rural,Midwest,West North Central,1108.422,11398,6594,7,
1979,31107,NE,Knox County,rural,Midwest,West North Central,1108.422,11332,6586,6.2,
1980,31107,NE,Knox County, rural,Midwest,West North Central,1108.422,11442,6656,5.4,
1981,31107,NE,Knox County,rural,Midwest,West North Central,1108.422,11336,6559,4.6,
1982,31107,NE,Knox County,rural,Midwest,West North Central,1108.422,11196,6433,3.8,
1983,31107,NE,Knox County,rural,Midwest,West North Central,1108.422,11078,6322,3,7
1983,31107,NE,Knox County,rural,Midwest,West North Central,1108.422,11078,6322,3,7
1984,31107,NE,Knox County,rural,Midwest,West North Central,1108.422,10925,6201,3.6,5
1985,31107,NE,Knox County,rural,Midwest,West North Central,1108.422,10631,5999,4.2,5
1986,31107,NE,Knox County,rural,Midwest,West North Central,1108.422,10339,5787,4.8,7
1987,31107,NE,Knox County,rural,Midwest,West North Central,1108.422,10080,5610,5.4,10
1988,31107,NE,Knox County,rural,Midwest,West North Central,1108.422,9898,5468,6,14
1989,31107,NE,Knox County,rural,Midwest,West North Central,1108.422,9734,5320,6.4,19
1990,31107,NE,Knox County,RURAL,Midwest,West North Central,1108.422,9546,5180,6.8,9
1991,31107,NE,Knox County,rural,Midwest,West North Central,1108.422,9441,5108,7.2,15
1991,31107,NE,Knox County,rural,Midwest,West North Central,1108.422,9441,5108,7.2,15
1992,31107,NE,Knox County,rural,Midwest,West North Central,1108.422,9536,5182,7.6,8
1993,31107,NE,Knox County,rural,Midwest,West North Central,1108.422,9533,5174,8,11
1994,31107,NE,Knox County,Rural,Midwest,West North Central,1108.422,9598,5261,7.833333,9
1995,31107,NE,Knox County,rural,Midwest,West North Central,1108.422,9620,5300,7.666667,11
1995,31107,NE,Knox County,rural,Midwest,West North Central,1108.422,9620,5300,7.666667,11
1996,31107,NE,Knox County,rural,Midwest,West North Central,1108.422,9659,5356,7.5,15
1996,31107,NE,Knox County,rural,Midwest,West North Central,1108.422,9659,5356,7.5,15
1997,31107,NE,Knox County,rural,Midwest,West North Central,1108.422,9626,5383,7.333333,19
1998,31107,NE,Knox County,rural,Midwest,West North Central,1108.422,9489,5323,7.166667,20
1999,31107,NE,Knox County,rural,Midwest,West North Central,1108.422,9404,5290,7,24
2000,31107,NE,Knox County, rural,Midwest,West North Central,1108.422,9336,5274,6.833333,29
2001,31107,NE,Knox County,rural,Midwest,West North Central,1108.422,9177,5229,6.666667,24
2002,31107,NE,Knox County,rural,Midwest,West North Central,1108.422,9108,5201,6.5,18
2002,31107,NE,Knox County,rural,Midwest,West North Central,1108.422,9108,5201,6.5,18
2003,31107,NE,Knox County,rural,Midwest,West North Central,1108.422,9065,5236,6.333333,19
2004,31107,NE,Knox County,rural,Midwest,West North Central,1108.422,9025,5207,6.166667,16
2004,31107,NE,Knox County,rural,Midwest,West North Central,1108.422,9025,5207,6.166667,16
2005,31107,NE,Knox County,rural  ,Midwest,West North Central,1108.422,8897,5148,6,14
2006,31107,NE,Knox County,rural,Midwest,West North Central,1108.422,8846,5120,5,6
2007,31107,NE,Knox County,rural,Midwest,West North Central,1108.422,8862,5150,6,7
2008,31107,NE,Knox County,rural,Midwest,West North Central,1108.422,8708,5085,6,7
2009,31107,NE,Knox County,rural,Midwest,West North Central,1108.422,8700,5008,5,9
2010,31107,NE,Knox County,rural,Midwest,West North Central,1108.422,8701,4981,7,8
2011,31107,NE,Knox County,rural,Midwest,West North Central,1108.422,8676,4971,3,6
2012,31107,NE,Knox County,Rural,Midwest,West North Central,1108.422,8574,4925,7,10
2013,31107,NE,Knox County,rural,Midwest,West North Central,1108.422,8573,4889,6,20
2014,31107,NE,Knox County,rural,Midwest,West North Central,1108.422,8556,4844,4,15
2015,31107,NE,Knox County,rural,Midwest,West North Central,1108.422,8476,4774,4,15
2016,31107,NE,Knox County,  RURAL ,Midwest,West North Central,1108.422,8473,4752,,
1970,31109,NE,Lancaster County,small/mid,Midwest,West North Central,837.553,168972,109633,96,
1971,31109,NE,Lancaster County,suburban,Midwest,West North Central,837.553,172981,113256,98.875,
1972,31109,NE,Lancaster County,suburban,Midwest,West North Central,837.553,179801,119105,101.75,
1973,31109,NE,Lancaster County,small/mid,Midwest,West North Central,837.553,180507,120707,104.625,
1974,31109,NE,Lancaster County,small/mid,Midwest,West North Central,837.553,183836,123791,107.5,
1975,31109,NE,Lancaster County,small/mid,Midwest,West North Central,837.553,183449,124110,110.375,
1976,31109,NE,Lancaster County,suburban,Midwest,West North Central,837.553,183708,125510,113.25,
1977,31109,NE,Lancaster County,small/mid,Midwest,West North Central,837.553,185391,127602,116.125,
1978,31109,NE,Lancaster County,small/mid,Midwest,West North Central,837.553,187330,129820,119,
1979,31109,NE,Lancaster County,suburban,Midwest,West North Central,837.553,188631,131363,119.8,
1980,31109,NE,Lancaster County,small/mid,Midwest,West North Central,837.553,193696,135511,120.6,
1981,31109,NE,Lancaster County,small/mid,Midwest,West North Central,837.553,196008,137158,121.4,
1982,31109,NE,Lancaster County,small/mid,Midwest,West North Central,837.553,197467,137896,122.2,
1983,31109,NE,Lancaster County,suburban,Midwest,West North Central,837.553,198692,138484,123,268
1983,31109,NE,Lancaster County,small/mid,Midwest,West North Central,837.553,198692,138484,123,268
1984,31109,NE,Lancaster County,small/mid,Midwest,West North Central,837.553,200729,139782,129.5,255
1985,31109,NE,Lancaster County,small/mid,Midwest,West North Central,837.553,202279,140579,136,254
1986,31109,NE,Lancaster County,small/mid,Midwest,West North Central,837.553,203790,141312,123,266
1987,31109,NE,Lancaster County,suburban,Midwest,West North Central,837.553,205177,141935,172,295
1988,31109,NE,Lancaster County,small/mid,Midwest,West North Central,837.553,207789,143428,175,278
1989,31109,NE,Lancaster County,small/mid,Midwest,West North Central,837.553,211030,144990,191,299
1990,31109,NE,Lancaster County,suburban,Midwest,West North Central,837.553,214655,147436,215,302
1991,31109,NE,Lancaster County,small/mid,Midwest,West North Central,837.553,217855,149416,213,297
1992,31109,NE,Lancaster County,suburban,Midwest,West North Central,837.553,222120,152837,258,349
1993,31109,NE,Lancaster County,suburban,Midwest,West North Central,837.553,226868,156242,258,314
1994,31109,NE,Lancaster County,small/mid,Midwest,West North Central,837.553,229962,158566,266,339
1995,31109,NE,Lancaster County,suburban,Midwest,West North Central,837.553,234282,162346,298,401
1996,31109,NE,Lancaster County,small/mid,Midwest,West North Central,837.553,237609,165176,816,431
1996,31109,,,,,,,,,276,
1997,31109,NE,Lancaster County,small/mid,Midwest,West North Central,837.553,241146,167835,291,456
1998,31109,NE,Lancaster County,small/mid,Midwest,West North Central,837.553,244592,170648,293,451
1999,31109,NE,Lancaster County,small/mid,Midwest,West North Central,837.553,247442,172918,322,478
2000,31109,NE,Lancaster County,suburban,Midwest,West North Central,837.553,251523,176400,341,553
2001,31109,NE,Lancaster County,small/mid,Midwest,West North Central,837.553,254630,179141,369,576
2001,31109,NE,Lancaster County,suburban,Midwest,West North Central,837.553,254630,179141,369,576
2002,31109,NE,Lancaster County,suburban,Midwest,West North Central,837.553,258398,182126,374,626
2003,31109,NE,Lancaster County,small/mid,Midwest,West North Central,837.553,262667,185319,379,681
2003,31109,NE,Lancaster County,small/mid,Midwest,West North Central,837.553,262667,185319,379,681
2004,31109,NE,Lancaster County,small/mid,Midwest,West North Central,837.553,265087,186747,396,683
2005,31109,NE,Lancaster County,small/mid,Midwest,West North Central,837.553,268868,189290,949,689
2005,31109,,,,,,,,,383,
2006,31109,NE,Lancaster County,small/mid  ,Midwest,West North Central,837.553,272286,191563,407,693
2007,31109,NE,Lancaster County,small/mid,Midwest,West North Central,837.553,276012,193433,410,706
2008,31109,NE,Lancaster County,suburban,Midwest,West North Central,837.553,279605,195391,402,775
2009,31109,NE,Lancaster County,small/mid,Midwest,West North Central,837.553,283097,197358,421,843
2010,31109,NE,Lancaster County,small/mid,Midwest,West North Central,837.553,285407,198509,431,861
2011,31109,NE,Lancaster County,suburban,Midwest,West North Central,837.553,286182,198885,442,914
2012,31109,NE,Lancaster County,small/mid,Midwest,West North Central,837.553,290043,201019,441,928
2013,31109,NE,Lancaster County,small/mid,Midwest,West North Central,837.553,293667,202255,568,975
2014,31109,NE,Lancaster County,small/mid,Midwest,West North Central,837.553,297528,203674,581,1048
2015,31109,NE,Lancaster County,suburban,Midwest,West North Central,837.553,302852,206556,581,1028
2016,31109,NE,Lancaster County,small/mid,Midwest,West North Central,837.553,306500,207954,,
1970,31111,NE,Lincoln County,rural,Midwest,West North Central,2564.086,29693,17619,21.29418,
1971,31111,NE,Lincoln County,rural,Midwest,West North Central,2564.086,30338,18118,23.09612,
1972,31111,NE,Lincoln County,rural,Midwest,West North Central,2564.086,31730,19177,24.96248,
1973,31111,NE,Lincoln County,rural,Midwest,West North Central,2564.086,32544,19861,26.79397,
1974,31111,NE,Lincoln County,rural,Midwest,West North Central,2564.086,33462,20577,28.62769,
1975,31111,NE,Lincoln County,rural,Midwest,West North Central,2564.086,33908,20952,30.45067,
1976,31111,NE,Lincoln County,rural,Midwest,West North Central,2564.086,34273,21266,32.26679,
1976,31111,NE,Lincoln County,rural,Midwest,West North Central,2564.086,34273,21266,32.26679,
1977,31111,NE,Lincoln County, rural,Midwest,West North Central,2564.086,36239,22689,34.16432,
1978,31111,NE,Lincoln County,rural,Midwest,West North Central,2564.086,36613,23015,36.05229,
1979,31111,NE,Lincoln County,rural,Midwest,West North Central,2564.086,36380,22889,34.89742,
1980,31111,NE,Lincoln County,rural,Midwest,West North Central,2564.086,36365,22852,33.745,
1981,31111,NE,Lincoln County,rural  ,Midwest,West North Central,2564.086,35800,22464,32.5749,
1982,31111,NE,Lincoln County,rural,Midwest,West North Central,2564.086,34848,21781,31.38023,
1983,31111,NE,Lincoln County,rural,Midwest,West North Central,2564.086,34675,21586,30.20247,47
1984,31111,NE,Lincoln County,rural,Midwest,West North Central,2564.086,34449,21387,28.24974,47
1985,31111,NE,Lincoln County,rural,Midwest,West North Central,2564.086,34029,21055,26.30901,60
1986,31111,NE,Lincoln County,rural,Midwest,West North Central,2564.086,33608,20724,24.36971,50
1987,31111,NE,Lincoln County,rural,Midwest,West North Central,2564.086,33243,20412,22.41792,52
1988,31111,NE,Lincoln County,rural,Midwest,West North Central,2564.086,32888,20120,20.45705,58
1989,31111,NE,Lincoln County,rural,Midwest,West North Central,2564.086,32662,19841,24.36751,42
1990,31111,NE,Lincoln County,rural,Midwest,West North Central,2564.086,32511,19724,28.28163,39
1991,31111,NE,Lincoln County,rural,Midwest,West North Central,2564.086,32870,19971,32.19398,49
1992,31111,NE,Lincoln County,rural,Midwest,West North Central,2564.086,33233,20326,36.12383,52
1992,31111,NE,Lincoln County,rural,Midwest,West North Central,2564.086,33233,20326,36.12383,52
1993,31111,NE,Lincoln County,rural,Midwest,West North Central,2564.086,33237,20378,40.00278,45
1994,31111,NE,Lincoln County,rural,Midwest,West North Central,2564.086,33631,20658,43.10867,54
1995,31111,NE,Lincoln County,rural,Midwest,West North Central,2564.086,33858,20959,46.2477,52
1996,31111,NE,Lincoln County,rural,Midwest,West North Central,2564.086,33998,21194,49.32926,78
1997,31111,NE,Lincoln County,rural,Midwest,West North Central,2564.086,34048,21314,52.42696,76
1998,31111,NE,Lincoln County,rural,Midwest,West North Central,2564.086,34123,21436,55.55816,94
1999,31111,NE,Lincoln County,rural,Midwest,West North Central,2564.086,34562,21867,58.67186,91
2000,31111,NE,Lincoln County,rural,Midwest,West North Central,2564.086,34660,22031,56.74311,83
2001,31111,NE,Lincoln County,rural,Midwest,West North Central,2564.086,34669,22060,54.76858,91
2002,31111,NE,Lincoln County,rural,Midwest,West North Central,2564.086,34525,22053,52.83327,107
2003,31111,NE,Lincoln County,rural,Midwest,West North Central,2564.086,34776,22269,50.90505,109
2004,31111,NE,Lincoln County,rural,Midwest,West North Central,2564.086,35177,22538,48.98288,101
2005,31111,NE,Lincoln County,rural,Midwest,West North Central,2564.086,35577,22916,47.03532,94
2006,31111,NE,Lincoln County,rural,Midwest,West North Central,2564.086,35973,23133,54.41559,83
2007,31111,NE,Lincoln County,rural,Midwest,West North Central,2564.086,36011,23122,61.75538,81
2008,31111,NE,Lincoln County,rural,Midwest,West North Central,2564.086,36301,23163,69.14474,86
2009,31111,NE,Lincoln County,rural,Midwest,West North Central,2564.086,36280,23110,76.45502,76
2010,31111,NE,Lincoln County,rural,Midwest,West North Central,2564.086,36288,23039,83.80333,92
2011,31111,NE,Lincoln County,rural,Midwest,West North Central,2564.086,36251,23013,91.16145,101
2011,31111,NE,Lincoln County,rural,Midwest,West North Central,2564.086,36251,23013,91.16145,101
2012,31111,NE,Lincoln County,Rural,Midwest,West North Central,2564.086,36035,22930,98.47668,86
2013,31111,NE,Lincoln County,rural,Midwest,West North Central,2564.086,35983,22738,105.7927,88
2014,31111,NE,Lincoln County,rural,Midwest,West North Central,2564.086,35950,22556,105.7927,99
2015,31111,NE,Lincoln County,rural,Midwest,West North Central,2564.086,35641,22257,105.7927,96
2016,31111,NE,Lincoln County,rural,Midwest,West North Central,2564.086,35499,22025,,
1970,31113,NE,Logan County,rural,Midwest,West North Central,570.661,993,584,0.7058177,
1971,31113,NE,Logan County,rural,Midwest,West North Central,570.661,1029,611,0.778879,
1972,31113,NE,Logan County,  RURAL ,Midwest,West North Central,570.661,1010,605,0.7875215,
1973,31113,NE,Logan County,rural,Midwest,West North Central,570.661,1015,616,0.83103,
1974,31113,NE,Logan County,rural,Midwest,West North Central,570.661,1024,627,0.8723118,
1975,31113,NE,Logan County,rural,Midwest,West North Central,570.661,1024,636,0.924333,
1976,31113,NE,Logan County,rural,Midwest,West North Central,570.661,1042,648,0.9832071,
1976,31113,NE,Logan County,rural,Midwest,West North Central,570.661,1042,648,0.9832071,
1977,31113,NE,Logan County,rural,Midwest,West North Central,570.661,1040,638,0.9606786,
1978,31113,NE,Logan County,rural,Midwest,West North Central,570.661,1005,605,501,
1978,31113,,,,,,,,,0.9477138,
1979,31113,NE,Logan County,rural,Midwest,West North Central,570.661,996,592,0.902585,
1980,31113,NE,Logan County,rural,Midwest,West North Central,570.661,980,579,0.8549955,
1980,31113,NE,Logan County,rural,Midwest,West North Central,570.661,980,579,0.8549955,
1981,31113,NE,Logan County,rural,Midwest,West North Central,570.661,964,569,0.8251032,
1982,31113,NE,Logan County,rural,Midwest,West North Central,570.661,970,569,0.8197674,
1983,31113,NE,Logan County,rural,Midwest,West North Central,570.661,972,570,0.7975267,
1984,31113,NE,Logan County,rural,Midwest,West North Central,570.661,969,568,0.7502619,
1985,31113,NE,Logan County, rural,Midwest,West North Central,570.661,949,553,0.6909941,
1986,31113,NE,Logan County,rural,Midwest,West North Central,570.661,919,536,0.6302916,0
1987,31113,NE,Logan County,rural,Midwest,West North Central,570.661,911,530,0.5820838,0
1988,31113,NE,Logan County,rural,Midwest,West North Central,570.661,916,534,0.5429457,0
1989,31113,NE,Logan County,rural,Midwest,West North Central,570.661,896,515,0.6324916,0
1990,31113,NE,Logan County,rural,Midwest,West North Central,570.661,872,501,0.7183684,0
1991,31113,NE,Logan County,rural,Midwest,West North Central,570.661,854,500,0.8060183,0
1992,31113,NE,Logan County,rural,Midwest,West North Central,570.661,835,493,0.8761708,0
1993,31113,NE,Logan County,rural,Midwest,West North Central,570.661,853,508,0.997223,0
1994,31113,NE,Logan County,rural,Midwest,West North Central,570.661,841,507,1.057997,0
1995,31113,NE,Logan County,rural,Midwest,West North Central,570.661,805,492,1.085637,0
1996,31113,NE,Logan County,  RURAL ,Midwest,West North Central,570.661,816,503,1.170738,0
1997,31113,NE,Logan County,rural,Midwest,West North Central,570.661,809,504,1.23971,
1998,31113,NE,Logan County,rural,Midwest,West North Central,570.661,783,492,1.275173,
1999,31113,NE,Logan County,rural,Midwest,West North Central,570.661,782,495,1.328146,
2000,31113,NE,Logan County,rural,Midwest,West North Central,570.661,773,488,1.256894,
2001,31113,NE,Logan County,rural,Midwest,West North Central,570.661,780,496,1.231424,
2002,31113,NE,Logan County, rural,Midwest,West North Central,570.661,764,487,1.166726,0
2003,31113,NE,Logan County,rural,Midwest,West North Central,570.661,737,479,1.094953,0
2004,31113,NE,Logan County,rural,Midwest,West North Central,570.661,738,468,1.017126,
2005,31113,NE,Logan County, rural,Midwest,West North Central,570.661,747,470,0.9646797,
2006,31113,NE,Logan County,Rural,Midwest,West North Central,570.661,756,461,1.084407,
2007,31113,NE,Logan County,rural,Midwest,West North Central,570.661,751,466,1.244616,0
2008,31113,NE,Logan County,rural,Midwest,West North Central,570.661,730,454,1.355253,0
2009,31113,NE,Logan County, rural,Midwest,West North Central,570.661,738,467,1.54498,0
2010,31113,NE,Logan County,rural,Midwest,West North Central,570.661,763,466,1.696674,0
2011,31113,NE,Logan County,rural,Midwest,West North Central,570.661,772,466,1.838557,0
2012,31113,NE,Logan County,rural,Midwest,West North Central,570.661,779,465,2.023316,0
2013,31113,NE,Logan County,rural,Midwest,West North Central,570.661,785,467,2.207327,0
2014,31113,NE,Logan County,rural,Midwest,West North Central,570.661,777,470,2.207327,0
2015,31113,NE,Logan County,rural,Midwest,West North Central,570.661,767,452,2.207327,0
2016,31113,NE,Logan County,rural,Midwest,West North Central,570.661,791,466,,
1970,31115,NE,Loup County,  RURAL ,Midwest,West North Central,563.521,850,511,0.1314808,
1971,31115,NE,Loup County,rural,Midwest,West North Central,563.521,814,484,0,
1972,31115,NE,Loup County,rural,Midwest,West North Central,563.521,788,469,0,
1973,31115,NE,Loup County,rural,Midwest,West North Central,563.521,842,510,0,
1974,31115,NE,Loup County,rural,Midwest,West North Central,563.521,835,509,0,
1975,31115,NE,Loup County,rural,Midwest,West North Central,563.521,820,505,0,
1976,31115,NE,Loup County,rural,Midwest,West North Central,563.521,837,507,0,
1977,31115,NE,Loup County,rural,Midwest,West North Central,563.521,778,461,0,
1978,31115,NE,Loup County,rural,Midwest,West North Central,563.521,769,456,0.1229111,
1979,31115,NE,Loup County,rural  ,Midwest,West North Central,563.521,828,498,501,
1979,31115,,,,,,,,,0.1255907,
1980,31115,NE,Loup County,rural  ,Midwest,West North Central,563.521,854,517,0.1216153,
1981,31115,NE,Loup County,Rural,Midwest,West North Central,563.521,824,496,0.1109036,
1982,31115,NE,Loup County,rural,Midwest,West North Central,563.521,812,487,0.1032326,
1982,31115,NE,Loup County,rural,Midwest,West North Central,563.521,812,487,0.1032326,
1983,31115,NE,Loup County,rural,Midwest,West North Central,563.521,834,500,0.0987622,0
1984,31115,NE,Loup County,rural,Midwest,West North Central,563.521,831,492,0.070257,0
1985,31115,NE,Loup County,rural,Midwest,West North Central,563.521,829,490,0.066368,0
1986,31115,NE,Loup County,rural,Midwest,West North Central,563.521,752,447,0.0573813,0
1987,31115,NE,Loup County,rural,Midwest,West North Central,563.521,733,434,0.0526293,0
1988,31115,NE,Loup County,RURAL,Midwest,West North Central,563.521,712,419,0.046868,0
1989,31115,NE,Loup County,rural,Midwest,West North Central,563.521,702,409,0.0746691,0
1990,31115,NE,Loup County,rural,Midwest,West North Central,563.521,680,396,0.1005424,0
1990,31115,NE,Loup County,rural,Midwest,West North Central,563.521,680,396,0.1005424,0
1991,31115,NE,Loup County,rural,Midwest,West North Central,563.521,689,401,0.1309999,0
1992,31115,NE,Loup County,rural,Midwest,West North Central,563.521,708,410,0.1636727,0
1993,31115,NE,Loup County,rural,Midwest,West North Central,563.521,713,409,0.1937012,0
1994,31115,NE,Loup County,rural,Midwest,West North Central,563.521,689,395,0.1407363,0
1995,31115,NE,Loup County,rural,Midwest,West North Central,563.521,708,408,0.1937782,0
1996,31115,NE,Loup County,Rural,Midwest,West North Central,563.521,739,425,0.2015651,0
1997,31115,NE,Loup County,rural,Midwest,West North Central,563.521,716,423,501,0
1997,31115,,,,,,,,,0.2025135,
1998,31115,NE,Loup County,rural,Midwest,West North Central,563.521,724,423,0.2067954,0
1999,31115,NE,Loup County,rural,Midwest,West North Central,563.521,712,416,0.3086817,0
2000,31115,NE,Loup County,rural,Midwest,West North Central,563.521,709,418,0.3298858,0
2001,31115,NE,Loup County,rural,Midwest,West North Central,563.521,715,414,0.3415841,0
2002,31115,NE,Loup County,rural,Midwest,West North Central,563.521,736,431,0.3756693,0
2003,31115,NE,Loup County,rural,Midwest,West North Central,563.521,722,446,0.4039356,0
2004,31115,NE,Loup County,rural,Midwest,West North Central,563.521,669,415,0.3947967,0
2005,31115,NE,Loup County,rural,Midwest,West North Central,563.521,652,410,0.4089776,0
2006,31115,NE,Loup County,rural,Midwest,West North Central,563.521,635,401,0.3932107,0
2007,31115,NE,Loup County,rural,Midwest,West North Central,563.521,649,413,0.4032187,0
2008,31115,NE,Loup County,rural,Midwest,West North Central,563.521,630,394,0.3825121,0
2009,31115,NE,Loup County,rural,Midwest,West North Central,563.521,629,387,0.375,0
2010,31115,NE,Loup County,rural,Midwest,West North Central,563.521,628,378,0.3571588,0
2011,31115,NE,Loup County,rural,Midwest,West North Central,563.521,628,379,0.3466697,0
2012,31115,NE,Loup County,rural,Midwest,West North Central,563.521,616,366,0.3342639,0
2013,31115,NE,Loup County,rural,Midwest,West North Central,563.521,605,352,0.3202433,0
2014,31115,NE,Loup County,rural,Midwest,West North Central,563.521,587,343,0.3202433,0
2015,31115,NE,Loup County,rural,Midwest,West North Central,563.521,596,344,0.3202433,0
2016,31115,NE,Loup County,rural,Midwest,West North Central,563.521,606,333,,
1970,31117,NE,McPherson County,rural,Midwest,West North Central,858.974,622,389,0,
1971,31117,NE,McPherson County,rural,Midwest,West North Central,858.974,621,390,0,
1972,31117,NE,McPherson County,rural,Midwest,West North Central,858.974,623,390,0,
1973,31117,NE,McPherson County,rural,Midwest,West North Central,858.974,619,391,0,
1974,31117,NE,McPherson County,rural,Midwest,West North Central,858.974,625,395,0,
1974,31117,NE,McPherson County,rural,Midwest,West North Central,858.974,625,395,0,
1975,31117,NE,McPherson County,rural,Midwest,West North Central,858.974,624,394,0,
1976,31117,NE,McPherson County,rural,Midwest,West North Central,858.974,598,376,0,
1977,31117,NE,McPherson County,rural,Midwest,West North Central,858.974,644,408,0,
1978,31117,NE,McPherson County,rural,Midwest,West North Central,858.974,639,405,0,
1979,31117,NE,McPherson County,rural,Midwest,West North Central,858.974,594,369,0,
1979,31117,NE,McPherson County,rural,Midwest,West North Central,858.974,594,369,0,
1980,31117,NE,McPherson County,rural,Midwest,West North Central,858.974,592,366,0,
1980,31117,NE,McPherson County,rural,Midwest,West North Central,858.974,592,366,0,
1981,31117,NE,McPherson County,rural,Midwest,West North Central,858.974,576,353,0,
1982,31117,NE,McPherson County,rural,Midwest,West North Central,858.974,605,371,0,
1983,31117,NE,McPherson County,rural,Midwest,West North Central,858.974,607,369,0,26
1984,31117,NE,McPherson County,rural,Midwest,West North Central,858.974,593,359,0,27
1985,31117,NE,McPherson County,rural,Midwest,West North Central,858.974,566,336,0,34
1986,31117,NE,McPherson County,rural,Midwest,West North Central,858.974,567,334,0,31
1987,31117,NE,McPherson County,rural,Midwest,West North Central,858.974,545,322,0,28
1988,31117,NE,McPherson County,rural,Midwest,West North Central,858.974,557,327,0,30
1989,31117,NE,McPherson County,rural,Midwest,West North Central,858.974,529,301,0,35
1990,31117,NE,McPherson County,rural,Midwest,West North Central,858.974,551,314,0,46
1991,31117,NE,McPherson County,rural,Midwest,West North Central,858.974,546,315,0,61
1992,31117,NE,McPherson County,rural,Midwest,West North Central,858.974,527,304,0,71
1993,31117,NE,McPherson County,rural,Midwest,West North Central,858.974,538,317,0,69
1993,31117,NE,McPherson County,rural,Midwest,West North Central,858.974,538,317,0,69
1994,31117,NE,McPherson County,rural,Midwest,West North Central,858.974,553,338,0,67
1995,31117,NE,McPherson County,rural,Midwest,West North Central,858.974,553,335,0,82
1995,31117,NE,McPherson County,rural,Midwest,West North Central,858.974,553,335,0,82
1996,31117,NE,McPherson County,rural,Midwest,West North Central,858.974,563,342,0,84
1997,31117,NE,McPherson County,rural,Midwest,West North Central,858.974,551,336,0,88
1998,31117,NE,McPherson County,rural,Midwest,West North Central,858.974,542,335,0,98
1999,31117,NE,McPherson County,rural,Midwest,West North Central,858.974,536,324,0,107
2000,31117,NE,McPherson County,rural  ,Midwest,West North Central,858.974,532,321,0,116
2001,31117,NE,McPherson County,rural,Midwest,West North Central,858.974,534,323,0,111
2002,31117,NE,McPherson County,rural,Midwest,West North Central,858.974,549,331,0,126
2003,31117,NE,McPherson County,rural,Midwest,West North Central,858.974,538,320,0,125
2004,31117,NE,McPherson County,rural,Midwest,West North Central,858.974,531,303,0,117
2005,31117,NE,McPherson County, rural,Midwest,West North Central,858.974,522,312,0,96
2006,31117,NE,McPherson County,rural,Midwest,West North Central,858.974,518,310,0,177
2007,31117,NE,McPherson County,rural,Midwest,West North Central,858.974,545,325,0,147
2008,31117,NE,McPherson County,rural,Midwest,West North Central,858.974,558,320,0,115
2009,31117,NE,McPherson County,rural,Midwest,West North Central,858.974,537,315,0,110
2010,31117,NE,McPherson County,rural,Midwest,West North Central,858.974,539,313,0,94
2011,31117,NE,McPherson County,rural,Midwest,West North Central,858.974,540,312,0,32
2012,31117,NE,McPherson County,rural,Midwest,West North Central,858.974,552,315,0,32
2012,31117,NE,McPherson County,rural,Midwest,West North Central,858.974,552,315,0,32
2013,31117,NE,McPherson County,rural,Midwest,West North Central,858.974,510,297,0,32
2014,31117,NE,McPherson County,  RURAL ,Midwest,West North Central,858.974,529,313,0,32
2015,31117,NE,McPherson County,  RURAL ,Midwest,West North Central,858.974,511,303,0,32
2016,31117,NE,McPherson County,rural,Midwest,West North Central,858.974,490,294,,
1970,31119,NE,Madison County,rural,Midwest,West North Central,572.749,27443,16001,13,
1971,31119,NE,Madison County,rural,Midwest,West North Central,572.749,27613,16208,12.75,
1972,31119,NE,Madison County,rural,Midwest,West North Central,572.749,27321,16137,12.5,
1973,31119,NE,Madison County,rural,Midwest,West North Central,572.749,28115,16823,12.25,
1974,31119,NE,Madison County,rural,Midwest,West North Central,572.749,28377,17145,12,
1975,31119,NE,Madison County,rural,Midwest,West North Central,572.749,29052,17765,564,
1975,31119,,,,,,,,,11.75,
1976,31119,NE,Madison County,rural,Midwest,West North Central,572.749,29364,18072,11.5,
1977,31119,NE,Madison County,rural,Midwest,West North Central,572.749,29743,18436,11.25,
1978,31119,NE,Madison County,rural,Midwest,West North Central,572.749,30121,18768,11,
1979,31119,NE,Madison County,rural,Midwest,West North Central,572.749,30730,19277,13,
1980,31119,NE,Madison County,rural,Midwest,West North Central,572.749,31416,19766,15,
1981,31119,NE,Madison County,rural,Midwest,West North Central,572.749,31409,19725,17,
1982,31119,NE,Madison County,rural,Midwest,West North Central,572.749,31353,19608,19,
1983,31119,NE,Madison County,  RURAL ,Midwest,West North Central,572.749,31523,19635,21,0
1983,31119,NE,Madison County,  RURAL ,Midwest,West North Central,572.749,31523,19635,21,0
1984,31119,NE,Madison County,rural,Midwest,West North Central,572.749,31913,19831,22.4,0
1985,31119,NE,Madison County,rural,Midwest,West North Central,572.749,32110,19882,23.8,0
1986,31119,NE,Madison County,rural,Midwest,West North Central,572.749,32160,19839,25.2,0
1987,31119,NE,Madison County,rural,Midwest,West North Central,572.749,31920,19609,26.6,0
1988,31119,NE,Madison County,rural,Midwest,West North Central,572.749,32140,19672,28,0
1989,31119,NE,Madison County,rural,Midwest,West North Central,572.749,32723,19895,33.4,0
1990,31119,NE,Madison County,rural,Midwest,West North Central,572.749,32709,19853,38.8,0
1991,31119,NE,Madison County,rural,Midwest,West North Central,572.749,32930,20010,44.2,0
1992,31119,NE,Madison County,rural,Midwest,West North Central,572.749,33437,20465,49.6,0
1993,31119,NE,Madison County,rural,Midwest,West North Central,572.749,33910,20832,55,0
1994,31119,NE,Madison County,rural,Midwest,West North Central,572.749,34415,21281,63.16667,
1994,31119,NE,Madison County,rural,Midwest,West North Central,572.749,34415,21281,63.16667,
1995,31119,NE,Madison County,rural,Midwest,West North Central,572.749,35092,21876,71.33334,
1996,31119,NE,Madison County,rural,Midwest,West North Central,572.749,35479,22296,79.5,5
1997,31119,NE,Madison County,rural,Midwest,West North Central,572.749,35827,22646,87.66666,6
1998,31119,NE,Madison County,rural,Midwest,West North Central,572.749,35739,22665,95.83334,6
1999,31119,NE,Madison County,rural,Midwest,West North Central,572.749,35347,22475,104,7
2000,31119,NE,Madison County,rural,Midwest,West North Central,572.749,35230,22461,104,9
2001,31119,NE,Madison County,rural,Midwest,West North Central,572.749,35601,22728,104,9
2002,31119,NE,Madison County,rural,Midwest,West North Central,572.749,35862,23009,104,12
2003,31119,NE,Madison County,rural,Midwest,West North Central,572.749,35858,23067,104,19
2004,31119,NE,Madison County,rural,Midwest,West North Central,572.749,35722,22982,104,32
2005,31119,NE,Madison County,rural,Midwest,West North Central,572.749,35631,22973,104,88
2006,31119,NE,Madison County,rural,Midwest,West North Central,572.749,35415,22924,93,12
2006,31119,NE,Madison County,rural,Midwest,West North Central,572.749,35415,22924,93,12
2007,31119,NE,Madison County,rural,Midwest,West North Central,572.749,34298,22238,87,12
2008,31119,NE,Madison County,rural,Midwest,West North Central,572.749,34319,22185,73,15
2009,31119,NE,Madison County,rural,Midwest,West North Central,572.749,34609,22319,67,23
2009,31119,NE,Madison County,rural,Midwest,West North Central,572.749,34609,22319,67,23
2010,31119,NE,Madison County,RURAL,Midwest,West North Central,572.749,34876,22500,66,46
2011,31119,NE,Madison County,rural,Midwest,West North Central,572.749,34960,22552,79,123
2012,31119,NE,Madison County,rural,Midwest,West North Central,572.749,35014,22530,100,123
2013,31119,NE,Madison County,rural,Midwest,West North Central,572.749,35103,22517,81,116
2014,31119,NE,Madison County,rural,Midwest,West North Central,572.749,35178,22558,94,127
2015,31119,NE,Madison County,rural,Midwest,West North Central,572.749,35079,22452,94,93
2016,31119,NE,Madison County,rural,Midwest,West North Central,572.749,34975,22312,,
1970,31121,NE,Merrick County,small/mid,Midwest,West North Central,485.852,8764,4869,3.213437,
1971,31121,NE,Merrick County,small/mid,Midwest,West North Central,485.852,8807,4942,3.162127,
1972,31121,NE,Merrick County,small/mid,Midwest,West North Central,485.852,8983,5103,3.126435,
1973,31121,NE,Merrick County,small/mid,Midwest,West North Central,485.852,9037,5196,3.038885,
1974,31121,NE,Merrick County,small/mid,Midwest,West North Central,485.852,8874,5127,2.938296,
1975,31121,NE,Merrick County,small/mid,Midwest,West North Central,485.852,9080,5305,2.879575,
1976,31121,NE,Merrick County,small/mid,Midwest,West North Central,485.852,9133,5362,2.834038,
1977,31121,NE,Merrick County,small/mid,Midwest,West North Central,485.852,9178,5421,2.750169,
1978,31121,NE,Merrick County,small/mid,Midwest,West North Central,485.852,8963,5313,2.649545,
1979,31121,NE,Merrick County,small/mid,Midwest,West North Central,485.852,8913,5300,2.762815,
1980,31121,NE,Merrick County,small/mid,Midwest,West North Central,485.852,8978,5364,2.903026,
1981,31121,NE,Merrick County,small/mid,Midwest,West North Central,485.852,9058,5410,3.056497,
1982,31121,NE,Merrick County,small/mid,Midwest,West North Central,485.852,8946,5329,3.191416,
1983,31121,NE,Merrick County,small/mid,Midwest,West North Central,485.852,8891,5289,3.324324,
1984,31121,NE,Merrick County,small/mid,Midwest,West North Central,485.852,8802,5235,3.195321,
1985,31121,NE,Merrick County,small/mid,Midwest,West North Central,485.852,8629,5128,3.055544,
1986,31121,NE,Merrick County,small/mid,Midwest,West North Central,485.852,8471,5030,529,
1986,31121,,,,,,,,,2.939958,
1987,31121,NE,Merrick County,  SMALL/MID ,Midwest,West North Central,485.852,8295,4918,2.79962,
1988,31121,NE,Merrick County,small/mid,Midwest,West North Central,485.852,8281,4906,2.670659,0
1989,31121,NE,Merrick County,small/mid,Midwest,West North Central,485.852,8141,4801,2.528593,
1990,31121,NE,Merrick County,small/mid,Midwest,West North Central,485.852,8057,4751,2.398485,5
1991,31121,NE,Merrick County,small/mid,Midwest,West North Central,485.852,8084,4748,2.26222,4
1992,31121,NE,Merrick County,small/mid,Midwest,West North Central,485.852,8215,4846,2.146325,
1992,31121,NE,Merrick County,small/mid,Midwest,West North Central,485.852,8215,4846,2.146325,
1993,31121,NE,Merrick County,small/mid,Midwest,West North Central,485.852,8243,4868,2.017406,4
1994,31121,NE,Merrick County,small/mid,Midwest,West North Central,485.852,8244,4889,2.456672,4
1995,31121,NE,Merrick County,small/mid,Midwest,West North Central,485.852,8318,4966,2.927402,9
1996,31121,NE,Merrick County,small/mid,Midwest,West North Central,485.852,8337,4986,3.371197,7
1997,31121,NE,Merrick County,small/mid,Midwest,West North Central,485.852,8379,5030,3.830578,10
1998,31121,NE,Merrick County,small/mid,Midwest,West North Central,485.852,8287,4969,4.302165,16
1999,31121,NE,Merrick County,small/mid,Midwest,West North Central,485.852,8290,4983,4.761911,16
2000,31121,NE,Merrick County,small/mid,Midwest,West North Central,485.852,8152,4905,4.273628,14
2001,31121,NE,Merrick County,small/mid,Midwest,West North Central,485.852,8045,4886,3.813682,23
2002,31121,NE,Merrick County,small/mid,Midwest,West North Central,485.852,8054,4926,3.38976,13
2003,31121,NE,Merrick County, small/mid,Midwest,West North Central,485.852,8033,4925,2.954682,18
2004,31121,NE,Merrick County,small/mid,Midwest,West North Central,485.852,8018,4910,2.507079,23
2005,31121,NE,Merrick County,small/mid,Midwest,West North Central,485.852,7904,4856,2.026711,21
2006,31121,NE,Merrick County,small/mid,Midwest,West North Central,485.852,7813,4833,2.615625,16
2007,31121,NE,Merrick County,small/mid,Midwest,West North Central,485.852,7709,4770,3.1966,16
2008,31121,NE,Merrick County,small/mid,Midwest,West North Central,485.852,7734,4767,3.796457,7
2009,31121,NE,Merrick County,small/mid,Midwest,West North Central,485.852,7813,4791,4.393552,11
2009,31121,NE,Merrick County,small/mid,Midwest,West North Central,485.852,7813,4791,4.393552,11
2010,31121,NE,Merrick County,small/mid,Midwest,West North Central,485.852,7855,4877,5.016644,9
2011,31121,NE,Merrick County,small/mid,Midwest,West North Central,485.852,7848,4884,5.579346,11
2012,31121,NE,Merrick County,small/mid,Midwest,West North Central,485.852,7755,4808,6.213696,17
2013,31121,NE,Merrick County,small/mid,Midwest,West North Central,485.852,7840,4825,6.871166,13
2014,31121,NE,Merrick County,small/mid,Midwest,West North Central,485.852,7826,4795,6.871166,22
2015,31121,NE,Merrick County,small/mid,Midwest,West North Central,485.852,7785,4809,6.871166,18
2016,31121,NE,Merrick County,small/mid,Midwest,West North Central,485.852,7802,4834,,
1970,31123,NE,Morrill County,rural,Midwest,West North Central,1423.838,5788,3406,5,
1971,31123,NE,Morrill County,rural,Midwest,West North Central,1423.838,5724,3360,5,
1972,31123,NE,Morrill County,rural,Midwest,West North Central,1423.838,5757,3399,5,
1973,31123,NE,Morrill County,rural,Midwest,West North Central,1423.838,5898,3509,5,
1974,31123,NE,Morrill County,rural,Midwest,West North Central,1423.838,5744,3399,5,
1975,31123,NE,Morrill County,rural,Midwest,West North Central,1423.838,5904,3510,5,
1976,31123,NE,Morrill County,rural,Midwest,West North Central,1423.838,5966,3558,5,
1977,31123,NE,Morrill County,rural,Midwest,West North Central,1423.838,6092,3630,5,
1978,31123,NE,Morrill County, rural,Midwest,West North Central,1423.838,6000,3562,5,
1979,31123,NE,Morrill County,rural,Midwest,West North Central,1423.838,5929,3505,5,
1979,31123,NE,Morrill County,rural,Midwest,West North Central,1423.838,5929,3505,5,
1980,31123,NE,Morrill County,rural,Midwest,West North Central,1423.838,6092,3618,5,
1981,31123,NE,Morrill County,rural,Midwest,West North Central,1423.838,6093,3619,5,
1982,31123,NE,Morrill County,rural,Midwest,West North Central,1423.838,6038,3577,5,
1983,31123,NE,Morrill County,rural,Midwest,West North Central,1423.838,5983,3538,5,
1983,31123,NE,Morrill County,rural,Midwest,West North Central,1423.838,5983,3538,5,
1984,31123,NE,Morrill County,rural,Midwest,West North Central,1423.838,5868,3466,4.5,
1984,31123,NE,Morrill County,rural,Midwest,West North Central,1423.838,5868,3466,4.5,
1985,31123,NE,Morrill County,rural,Midwest,West North Central,1423.838,5698,3366,4,5
1985,31123,NE,Morrill County,rural,Midwest,West North Central,1423.838,5698,3366,4,5
1986,31123,NE,Morrill County,rural,Midwest,West North Central,1423.838,5583,3286,7,
1986,31123,NE,Morrill County,rural,Midwest,West North Central,1423.838,5583,3286,7,
1987,31123,NE,Morrill County,rural,Midwest,West North Central,1423.838,5543,3258,4,0
1988,31123,NE,Morrill County,rural,Midwest,West North Central,1423.838,5482,3217,1,0
1989,31123,NE,Morrill County,rural,Midwest,West North Central,1423.838,5442,3185,1.2,
1989,31123,NE,Morrill County,rural,Midwest,West North Central,1423.838,5442,3185,1.2,
1990,31123,NE,Morrill County,rural,Midwest,West North Central,1423.838,5428,3173,1.4,
1991,31123,NE,Morrill County,rural  ,Midwest,West North Central,1423.838,5339,3126,1.6,
1992,31123,NE,Morrill County,rural,Midwest,West North Central,1423.838,5335,3140,1.8,
1993,31123,NE,Morrill County,rural,Midwest,West North Central,1423.838,5396,3208,2,
1994,31123,NE,Morrill County,rural,Midwest,West North Central,1423.838,5383,3230,2.5,4
1995,31123,NE,Morrill County,rural,Midwest,West North Central,1423.838,5446,3274,3,
1996,31123,NE,Morrill County,rural,Midwest,West North Central,1423.838,5446,3294,3.5,8
1997,31123,NE,Morrill County,rural,Midwest,West North Central,1423.838,5467,3312,4,6
1998,31123,NE,Morrill County,rural,Midwest,West North Central,1423.838,5514,3369,4.5,
1999,31123,NE,Morrill County,  RURAL ,Midwest,West North Central,1423.838,5410,3292,5,6
2000,31123,NE,Morrill County,rural,Midwest,West North Central,1423.838,5420,3323,5.166667,11
2001,31123,NE,Morrill County,rural,Midwest,West North Central,1423.838,5344,3299,5.333333,9
2002,31123,NE,Morrill County,rural,Midwest,West North Central,1423.838,5225,3258,5.5,12
2003,31123,NE,Morrill County,rural,Midwest,West North Central,1423.838,5202,3247,5.666667,10
2004,31123,NE,Morrill County,rural,Midwest,West North Central,1423.838,5147,3217,5.833333,9
2004,31123,NE,Morrill County,rural,Midwest,West North Central,1423.838,5147,3217,5.833333,9
2005,31123,NE,Morrill County,RURAL,Midwest,West North Central,1423.838,5110,3203,6,16
2006,31123,NE,Morrill County, rural,Midwest,West North Central,1423.838,5090,3163,5.875,11
2007,31123,NE,Morrill County,rural,Midwest,West North Central,1423.838,5122,3136,5.75,11
2008,31123,NE,Morrill County,rural,Midwest,West North Central,1423.838,5079,3084,5.625,7
2009,31123,NE,Morrill County,rural,Midwest,West North Central,1423.838,5019,3038,5.5,13
2010,31123,NE,Morrill County,rural,Midwest,West North Central,1423.838,5042,3047,5.375,9
2011,31123,NE,Morrill County,rural,Midwest,West North Central,1423.838,5038,3046,5.25,11
2012,31123,NE,Morrill County,rural,Midwest,West North Central,1423.838,4985,3030,5.125,11
2013,31123,NE,Morrill County,rural,Midwest,West North Central,1423.838,4935,3004,5,10
2014,31123,NE,Morrill County,rural,Midwest,West North Central,1423.838,4926,2994,5,10
2015,31123,NE,Morrill County,rural,Midwest,West North Central,1423.838,4924,2989,5,9
2016,31123,NE,Morrill County,rural,Midwest,West North Central,1423.838,4935,2979,,
1970,31125,NE,Nance County,RURAL,Midwest,West North Central,441.634,5117,2707,1.786563,
1971,31125,NE,Nance County,rural,Midwest,West North Central,441.634,5023,2677,1.712872,
1972,31125,NE,Nance County,rural,Midwest,West North Central,441.634,4921,2650,1.623565,
1973,31125,NE,Nance County,rural,Midwest,West North Central,441.634,4946,2712,1.586115,
1974,31125,NE,Nance County,rural,Midwest,West North Central,441.634,4902,2725,1.561704,
1975,31125,NE,Nance County,rural,Midwest,West North Central,441.634,4887,2755,1.495425,
1976,31125,NE,Nance County,rural  ,Midwest,West North Central,441.634,4731,2679,1.415962,
1977,31125,NE,Nance County,rural,Midwest,West North Central,441.634,4733,2710,1.374831,
1978,31125,NE,Nance County,rural,Midwest,West North Central,441.634,4687,2708,1.350455,
1979,31125,NE,Nance County,rural,Midwest,West North Central,441.634,4740,2757,1.437185,
1980,31125,NE,Nance County,rural  ,Midwest,West North Central,441.634,4736,2766,1.496974,
1981,31125,NE,Nance County,rural,Midwest,West North Central,441.634,4701,2732,1.543503,
1981,31125,NE,Nance County,rural,Midwest,West North Central,441.634,4701,2732,1.543503,
1982,31125,NE,Nance County,rural  ,Midwest,West North Central,441.634,4639,2686,1.608584,
1983,31125,NE,Nance County,rural,Midwest,West North Central,441.634,4625,2666,1.675676,
1983,31125,NE,Nance County,rural,Midwest,West North Central,441.634,4625,2666,1.675676,
1984,31125,NE,Nance County,rural,Midwest,West North Central,441.634,4584,2629,1.60468,
1985,31125,NE,Nance County,rural,Midwest,West North Central,441.634,4521,2592,1.544456,
1986,31125,NE,Nance County,rural,Midwest,West North Central,441.634,4391,2498,1.460043,
1987,31125,NE,Nance County,rural,Midwest,West North Central,441.634,4336,2460,1.400379,
1988,31125,NE,Nance County,rural,Midwest,West North Central,441.634,4332,2442,1.329341,
1989,31125,NE,Nance County,rural,Midwest,West North Central,441.634,4311,2414,1.271407,
1990,31125,NE,Nance County, rural,Midwest,West North Central,441.634,4259,2380,1.201514,0
1991,31125,NE,Nance County,Rural,Midwest,West North Central,441.634,4264,2388,1.13778,0
1992,31125,NE,Nance County,rural,Midwest,West North Central,441.634,4240,2379,1.053675,
1993,31125,NE,Nance County,rural,Midwest,West North Central,441.634,4218,2371,0.9825943,
1994,31125,NE,Nance County,rural,Midwest,West North Central,441.634,4261,2408,1.209995,0
1995,31125,NE,Nance County,rural,Midwest,West North Central,441.634,4202,2385,1.405931,0
1996,31125,NE,Nance County,rural,Midwest,West North Central,441.634,4206,2409,1.628803,
1997,31125,NE,Nance County,rural,Midwest,West North Central,441.634,4185,2411,1.836088,
1998,31125,NE,Nance County,rural,Midwest,West North Central,441.634,4065,2346,2.031169,
1998,31125,NE,Nance County,rural,Midwest,West North Central,441.634,4065,2346,2.031169,
1999,31125,NE,Nance County,Rural,Midwest,West North Central,441.634,4036,2342,2.238089,
2000,31125,NE,Nance County,rural,Midwest,West North Central,441.634,4054,2364,2.059706,0
2000,31125,NE,Nance County,rural,Midwest,West North Central,441.634,4054,2364,2.059706,0
2001,31125,NE,Nance County,rural,Midwest,West North Central,441.634,4039,2374,1.852984,4
2002,31125,NE,Nance County,rural,Midwest,West North Central,441.634,3948,2340,1.61024,6
2003,31125,NE,Nance County,rural,Midwest,West North Central,441.634,3842,2298,1.378652,9
2004,31125,NE,Nance County,rural,Midwest,West North Central,441.634,3787,2271,1.159588,11
2005,31125,NE,Nance County,rural,Midwest,West North Central,441.634,3831,2332,0.9732888,7
2006,31125,NE,Nance County,Rural,Midwest,West North Central,441.634,3807,2327,1.259375,4
2007,31125,NE,Nance County,rural,Midwest,West North Central,441.634,3766,2318,1.5534,5
2008,31125,NE,Nance County,rural,Midwest,West North Central,441.634,3745,2296,1.828543,7
2009,31125,NE,Nance County,rural,Midwest,West North Central,441.634,3729,2297,2.106447,6
2010,31125,NE,Nance County,rural,Midwest,West North Central,441.634,3735,2292,2.358356,
2011,31125,NE,Nance County,rural,Midwest,West North Central,441.634,3740,2296,2.670655,6
2012,31125,NE,Nance County,rural,Midwest,West North Central,441.634,3731,2299,2.911303,5
2013,31125,NE,Nance County,rural,Midwest,West North Central,441.634,3673,2264,3.128834,9
2014,31125,NE,Nance County,rural,Midwest,West North Central,441.634,3559,2194,3.128834,13
2015,31125,NE,Nance County,rural,Midwest,West North Central,441.634,3528,2173,3.128834,10
2016,31125,NE,Nance County,rural,Midwest,West North Central,441.634,3575,2200,,
1970,31127,NE,Nemaha County,rural,Midwest,West North Central,407.377,8983,5512,0,
1971,31127,NE,Nemaha County,rural,Midwest,West North Central,407.377,9014,5517,0,
1972,31127,NE,Nemaha County,rural,Midwest,West North Central,407.377,9001,5511,0,
1973,31127,NE,Nemaha County,rural,Midwest,West North Central,407.377,8838,5396,0,
1974,31127,NE,Nemaha County,rural,Midwest,West North Central,407.377,8425,5105,0,
1975,31127,NE,Nemaha County,rural,Midwest,West North Central,407.377,8439,5115,0,
1976,31127,NE,Nemaha County,rural,Midwest,West North Central,407.377,8587,5232,0,
1977,31127,NE,Nemaha County,rural,Midwest,West North Central,407.377,8441,5139,0,
1978,31127,NE,Nemaha County,rural,Midwest,West North Central,407.377,8475,5172,4,
1979,31127,NE,Nemaha County,rural,Midwest,West North Central,407.377,8450,5150,5.6,
1980,31127,NE,Nemaha County,rural,Midwest,West North Central,407.377,8366,5119,7.2,
1981,31127,NE,Nemaha County,rural,Midwest,West North Central,407.377,8337,5110,8.8,
1981,31127,NE,Nemaha County,rural,Midwest,West North Central,407.377,8337,5110,8.8,
1982,31127,NE,Nemaha County,rural,Midwest,West North Central,407.377,8263,5057,10.4,
1983,31127,NE,Nemaha County,rural,Midwest,West North Central,407.377,8479,5181,12,4
1984,31127,NE,Nemaha County,rural,Midwest,West North Central,407.377,8545,5226,11.2,
1984,31127,NE,Nemaha County,rural,Midwest,West North Central,407.377,8545,5226,11.2,
1985,31127,NE,Nemaha County,rural,Midwest,West North Central,407.377,8450,5164,10.4,
1986,31127,NE,Nemaha County,rural,Midwest,West North Central,407.377,8294,5064,9.6,
1986,31127,NE,Nemaha County,rural,Midwest,West North Central,407.377,8294,5064,9.6,
1987,31127,NE,Nemaha County,rural,Midwest,West North Central,407.377,8277,5050,8.8,
1988,31127,NE,Nemaha County,rural,Midwest,West North Central,407.377,8178,4983,8,
1989,31127,NE,Nemaha County,rural,Midwest,West North Central,407.377,8031,4878,7.6,
1989,31127,NE,Nemaha County,rural,Midwest,West North Central,407.377,8031,4878,7.6,
1990,31127,NE,Nemaha County,rural,Midwest,West North Central,407.377,7972,4858,7.2,
1991,31127,NE,Nemaha County,rural,Midwest,West North Central,407.377,7941,4848,6.8,
1992,31127,NE,Nemaha County,rural,Midwest,West North Central,407.377,7780,4704,6.4,0
1993,31127,NE,Nemaha County,rural,Midwest,West North Central,407.377,7821,4748,6,0
1994,31127,NE,Nemaha County,rural,Midwest,West North Central,407.377,7808,4764,5.666667,0
1995,31127,NE,Nemaha County,rural,Midwest,West North Central,407.377,7931,4862,5.333333,
1996,31127,NE,Nemaha County,  RURAL ,Midwest,West North Central,407.377,7939,4920,5,
1997,31127,NE,Nemaha County,rural  ,Midwest,West North Central,407.377,7871,4919,4.666667,
1998,31127,NE,Nemaha County,rural,Midwest,West North Central,407.377,7739,4836,4.333333,
1999,31127,NE,Nemaha County,rural,Midwest,West North Central,407.377,7629,4792,4,
2000,31127,NE,Nemaha County,rural,Midwest,West North Central,407.377,7578,4793,5.333333,8
2001,31127,NE,Nemaha County,Rural,Midwest,West North Central,407.377,7446,4781,585,7
2001,31127,,,,,,,,,6.666667,
2002,31127,NE,Nemaha County,rural,Midwest,West North Central,407.377,7330,4736,8,14
2003,31127,NE,Nemaha County,rural,Midwest,West North Central,407.377,7215,4686,9.333333,12
2004,31127,NE,Nemaha County,RURAL,Midwest,West North Central,407.377,7182,4667,10.66667,13
2005,31127,NE,Nemaha County,rural,Midwest,West North Central,407.377,7252,4738,12,14
2006,31127,NE,Nemaha County,rural,Midwest,West North Central,407.377,7311,4798,11.375,14
2007,31127,NE,Nemaha County,rural,Midwest,West North Central,407.377,7220,4727,10.75,14
2008,31127,NE,Nemaha County,rural,Midwest,West North Central,407.377,7280,4746,10.125,18
2009,31127,NE,Nemaha County,rural,Midwest,West North Central,407.377,7178,4638,9.5,18
2009,31127,NE,Nemaha County,rural,Midwest,West North Central,407.377,7178,4638,9.5,18
2010,31127,NE,Nemaha County,rural,Midwest,West North Central,407.377,7248,4674,8.875,18
2011,31127,NE,Nemaha County,rural,Midwest,West North Central,407.377,7238,4675,8.25,21
2012,31127,NE,Nemaha County,rural,Midwest,West North Central,407.377,7237,4701,7.625,18
2013,31127,NE,Nemaha County, rural,Midwest,West North Central,407.377,7150,4626,7,20
2014,31127,NE,Nemaha County,rural,Midwest,West North Central,407.377,7149,4643,7,19
2015,31127,NE,Nemaha County,rural,Midwest,West North Central,407.377,7126,4566,7,19
2016,31127,NE,Nemaha County,rural,Midwest,West North Central,407.377,6999,4438,,
1970,31129,NE,Nuckolls County,rural,Midwest,West North Central,575.155,7390,4049,0,
1971,31129,NE,Nuckolls County,rural,Midwest,West North Central,575.155,7304,4024,501,
1971,31129,,,,,,,,,0,
1972,31129,NE,Nuckolls County,rural,Midwest,West North Central,575.155,7186,4000,0,
1973,31129,NE,Nuckolls County,RURAL,Midwest,West North Central,575.155,7314,4134,0,
1974,31129,NE,Nuckolls County,rural,Midwest,West North Central,575.155,7300,4169,0,
1975,31129,NE,Nuckolls County,  RURAL ,Midwest,West North Central,575.155,7117,4090,0,
1976,31129,NE,Nuckolls County,rural  ,Midwest,West North Central,575.155,7162,4148,0,
1977,31129,NE,Nuckolls County,rural,Midwest,West North Central,575.155,7119,4151,0,
1978,31129,NE,Nuckolls County,rural,Midwest,West North Central,575.155,6983,4084,0,
1979,31129,NE,Nuckolls County,rural,Midwest,West North Central,575.155,6877,4050,0,
1980,31129,NE,Nuckolls County,  RURAL ,Midwest,West North Central,575.155,6714,3946,0,
1981,31129,NE,Nuckolls County,rural,Midwest,West North Central,575.155,6646,3886,0,
1982,31129,NE,Nuckolls County,rural,Midwest,West North Central,575.155,6646,3858,0,
1983,31129,NE,Nuckolls County,rural,Midwest,West North Central,575.155,6639,3828,0,
1984,31129,NE,Nuckolls County,rural,Midwest,West North Central,575.155,6622,3797,0,
1985,31129,NE,Nuckolls County,rural,Midwest,West North Central,575.155,6513,3712,501,
1985,31129,,,,,,,,,0,
1986,31129,NE,Nuckolls County,rural,Midwest,West North Central,575.155,6358,3591,0,4
1987,31129,NE,Nuckolls County,RURAL,Midwest,West North Central,575.155,6239,3500,0,
1988,31129,NE,Nuckolls County,rural,Midwest,West North Central,575.155,6066,3376,0,
1989,31129,NE,Nuckolls County,rural,Midwest,West North Central,575.155,5933,3265,0,
1990,31129,NE,Nuckolls County,rural,Midwest,West North Central,575.155,5762,3147,0,
1991,31129,NE,Nuckolls County,rural,Midwest,West North Central,575.155,5715,3134,0,
1992,31129,NE,Nuckolls County,rural,Midwest,West North Central,575.155,5626,3111,501,
1992,31129,,,,,,,,,0,
1993,31129,NE,Nuckolls County,rural,Midwest,West North Central,575.155,5595,3091,0,
1994,31129,NE,Nuckolls County,rural,Midwest,West North Central,575.155,5517,3067,0,
1995,31129,NE,Nuckolls County,rural,Midwest,West North Central,575.155,5463,3064,0,
1995,31129,NE,Nuckolls County,rural,Midwest,West North Central,575.155,5463,3064,0,
1996,31129,NE,Nuckolls County,rural,Midwest,West North Central,575.155,5384,3030,0,
1997,31129,NE,Nuckolls County,rural,Midwest,West North Central,575.155,5317,3017,0,
1998,31129,NE,Nuckolls County,rural,Midwest,West North Central,575.155,5200,2966,0,
1999,31129,NE,Nuckolls County,rural,Midwest,West North Central,575.155,5138,2946,0,
2000,31129,NE,Nuckolls County,rural  ,Midwest,West North Central,575.155,5032,2898,0,
2001,31129,NE,Nuckolls County,RURAL,Midwest,West North Central,575.155,4947,2878,0,
2002,31129,NE,Nuckolls County,Rural,Midwest,West North Central,575.155,4844,2826,0,
2003,31129,NE,Nuckolls County,rural,Midwest,West North Central,575.155,4873,2852,0,
2004,31129,NE,Nuckolls County,rural,Midwest,West North Central,575.155,4872,2839,0,7
2005,31129,NE,Nuckolls County,rural,Midwest,West North Central,575.155,4796,2761,501,9
2005,31129,,,,,,,,,0,
2006,31129,NE,Nuckolls County,rural,Midwest,West North Central,575.155,4709,2716,0,
2007,31129,NE,Nuckolls County,rural,Midwest,West North Central,575.155,4642,2655,0,4
2008,31129,NE,Nuckolls County,rural,Midwest,West North Central,575.155,4571,2627,0,
2009,31129,NE,Nuckolls County,rural,Midwest,West North Central,575.155,4495,2579,0,7
2010,31129,NE,Nuckolls County,rural,Midwest,West North Central,575.155,4500,2551,0,4
2011,31129,NE,Nuckolls County,rural,Midwest,West North Central,575.155,4514,2551,0,
2012,31129,NE,Nuckolls County,rural,Midwest,West North Central,575.155,4447,2534,0,
2013,31129,NE,Nuckolls County,rural,Midwest,West North Central,575.155,4430,2507,0,6
2014,31129,NE,Nuckolls County,rural,Midwest,West North Central,575.155,4384,2479,0,10
2015,31129,NE,Nuckolls County,rural,Midwest,West North Central,575.155,4347,2468,0,6
2016,31129,NE,Nuckolls County,rural,Midwest,West North Central,575.155,4316,2440,,
1970,31131,NE,Otoe County,rural,Midwest,West North Central,615.683,15599,8864,3,
1971,31131,NE,Otoe County,rural,Midwest,West North Central,615.683,15712,8985,2.875,
1972,31131,NE,Otoe County,rural,Midwest,West North Central,615.683,15455,8873,2.75,
1973,31131,NE,Otoe County,rural,Midwest,West North Central,615.683,15631,9065,2.625,
1974,31131,NE,Otoe County,  RURAL ,Midwest,West North Central,615.683,15441,9003,2.5,
1975,31131,NE,Otoe County,rural,Midwest,West North Central,615.683,15399,9045,2.375,
1976,31131,NE,Otoe County,rural,Midwest,West North Central,615.683,15317,9046,529,
1976,31131,,,,,,,,,2.25,
1977,31131,NE,Otoe County,rural,Midwest,West North Central,615.683,15449,9150,2.125,
1978,31131,NE,Otoe County,rural,Midwest,West North Central,615.683,15444,9196,2,
1979,31131,NE,Otoe County,rural,Midwest,West North Central,615.683,15251,9030,1.8,
1980,31131,NE,Otoe County,rural,Midwest,West North Central,615.683,15181,8981,1.6,
1981,31131,NE,Otoe County,rural,Midwest,West North Central,615.683,15118,8926,1.4,
1982,31131,NE,Otoe County,rural,Midwest,West North Central,615.683,15009,8829,1.2,
1983,31131,NE,Otoe County,rural,Midwest,West North Central,615.683,14871,8718,1,17
1984,31131,NE,Otoe County, rural,Midwest,West North Central,615.683,14980,8766,1.8,15
1985,31131,NE,Otoe County,rural  ,Midwest,West North Central,615.683,14776,8619,2.6,18
1985,31131,NE,Otoe County,rural  ,Midwest,West North Central,615.683,14776,8619,2.6,18
1986,31131,NE,Otoe County,rural,Midwest,West North Central,615.683,14617,8497,3.4,17
1987,31131,NE,Otoe County,rural,Midwest,West North Central,615.683,14475,8384,4.2,20
1988,31131,NE,Otoe County,rural,Midwest,West North Central,615.683,14435,8340,5,23
1989,31131,NE,Otoe County,Rural,Midwest,West North Central,615.683,14401,8268,6.4,19
1990,31131,NE,Otoe County,rural,Midwest,West North Central,615.683,14216,8144,7.8,21
1991,31131,NE,Otoe County,rural,Midwest,West North Central,615.683,14321,8210,9.2,28
1992,31131,NE,Otoe County,rural,Midwest,West North Central,615.683,14493,8363,10.6,13
1993,31131,NE,Otoe County,rural,Midwest,West North Central,615.683,14541,8415,12,14
1994,31131,NE,Otoe County,rural,Midwest,West North Central,615.683,14534,8431,11.33333,14
1995,31131,NE,Otoe County,rural,Midwest,West North Central,615.683,14572,8507,10.66667,12
1996,31131,NE,Otoe County,rural,Midwest,West North Central,615.683,14761,8668,10,14
1997,31131,NE,Otoe County,rural,Midwest,West North Central,615.683,14831,8754,9.333333,21
1998,31131,NE,Otoe County,rural,Midwest,West North Central,615.683,15085,8978,8.666667,16
1999,31131,NE,Otoe County,rural,Midwest,West North Central,615.683,15277,9142,8,22
2000,31131,NE,Otoe County,rural,Midwest,West North Central,615.683,15494,9301,8.333333,27
2001,31131,NE,Otoe County,rural,Midwest,West North Central,615.683,15554,9442,8.666667,25
2002,31131,NE,Otoe County,rural,Midwest,West North Central,615.683,15524,9438,536,27
2002,31131,,,,,,,,,9,
2003,31131,NE,Otoe County,rural  ,Midwest,West North Central,615.683,15478,9492,9.333333,32
2004,31131,NE,Otoe County,rural,Midwest,West North Central,615.683,15525,9522,9.666667,29
2005,31131,NE,Otoe County,rural,Midwest,West North Central,615.683,15607,9614,10,30
2006,31131,NE,Otoe County,rural,Midwest,West North Central,615.683,15753,9709,11,27
2007,31131,NE,Otoe County,rural,Midwest,West North Central,615.683,15841,9761,12,23
2008,31131,NE,Otoe County,rural,Midwest,West North Central,615.683,15728,9619,13,22
2009,31131,NE,Otoe County,rural,Midwest,West North Central,615.683,15608,9553,14,25
2010,31131,NE,Otoe County,rural,Midwest,West North Central,615.683,15740,9666,15,24
2011,31131,NE,Otoe County,rural,Midwest,West North Central,615.683,15748,9678,16,27
2012,31131,NE,Otoe County,rural  ,Midwest,West North Central,615.683,15745,9756,17,32
2013,31131,NE,Otoe County,rural,Midwest,West North Central,615.683,15697,9691,18,31
2014,31131,NE,Otoe County,rural,Midwest,West North Central,615.683,15700,9667,18,31
2015,31131,NE,Otoe County,rural,Midwest,West North Central,615.683,15793,9673,18,34
2016,31131,NE,Otoe County,rural,Midwest,West North Central,615.683,15872,9683,,
1970,31133,NE,Pawnee County,rural,Midwest,West North Central,431.075,4478,2425,0,
1971,31133,NE,Pawnee County,rural,Midwest,West North Central,431.075,4512,2473,0,
1972,31133,NE,Pawnee County,rural,Midwest,West North Central,431.075,4425,2438,0,
1973,31133,NE,Pawnee County,rural,Midwest,West North Central,431.075,4345,2411,0,
1974,31133,NE,Pawnee County,rural,Midwest,West North Central,431.075,4249,2367,0,
1975,31133,NE,Pawnee County,rural,Midwest,West North Central,431.075,4256,2401,0,
1976,31133,NE,Pawnee County,rural,Midwest,West North Central,431.075,4077,2300,0,
1977,31133,NE,Pawnee County,rural,Midwest,West North Central,431.075,4010,2257,0,
1978,31133,NE,Pawnee County,RURAL,Midwest,West North Central,431.075,3926,2210,2,
1979,31133,NE,Pawnee County,rural,Midwest,West North Central,431.075,3992,2280,2.025167,
1980,31133,NE,Pawnee County,rural,Midwest,West North Central,431.075,3929,2243,1.958952,
1981,31133,NE,Pawnee County,rural,Midwest,West North Central,431.075,3885,2202,1.870786,
1982,31133,NE,Pawnee County,rural,Midwest,West North Central,431.075,3767,2114,1.759572,
1983,31133,NE,Pawnee County,rural  ,Midwest,West North Central,431.075,3731,2080,1.678434,
1984,31133,NE,Pawnee County, rural,Midwest,West North Central,431.075,3692,2044,1.578058,
1985,31133,NE,Pawnee County,rural,Midwest,West North Central,431.075,3648,2000,1.501251,
1986,31133,NE,Pawnee County,rural,Midwest,West North Central,431.075,3542,1920,1.402966,
1987,31133,NE,Pawnee County,Rural,Midwest,West North Central,431.075,3456,1853,1.301778,
1987,31133,NE,Pawnee County,Rural,Midwest,West North Central,431.075,3456,1853,1.301778,
1988,31133,NE,Pawnee County,rural,Midwest,West North Central,431.075,3412,1817,1.208915,
1989,31133,NE,Pawnee County,rural,Midwest,West North Central,431.075,3370,1772,1.169444,
1990,31133,NE,Pawnee County,rural,Midwest,West North Central,431.075,3306,1729,1.12532,
1991,31133,NE,Pawnee County,rural,Midwest,West North Central,431.075,3335,1748,1.084951,
1992,31133,NE,Pawnee County,RURAL,Midwest,West North Central,431.075,3238,1682,1.032448,
1993,31133,NE,Pawnee County,Rural,Midwest,West North Central,431.075,3298,1735,1.01409,
1994,31133,NE,Pawnee County,rural,Midwest,West North Central,431.075,3276,1723,0.9749151,
1995,31133,NE,Pawnee County,rural,Midwest,West North Central,431.075,3266,1741,0.9431792,0
1996,31133,NE,Pawnee County,rural,Midwest,West North Central,431.075,3219,1726,0.9013619,0
1997,31133,NE,Pawnee County,rural,Midwest,West North Central,431.075,3169,1711,0.8540588,0
1998,31133,NE,Pawnee County,rural,Midwest,West North Central,431.075,3127,1682,0.8131582,0
1999,31133,NE,Pawnee County,RURAL,Midwest,West North Central,431.075,3103,1681,0.7769818,
2000,31133,NE,Pawnee County,RURAL,Midwest,West North Central,431.075,3088,1688,0.9031568,
2001,31133,NE,Pawnee County,  RURAL ,Midwest,West North Central,431.075,3020,1654,1.01722,
2002,31133,NE,Pawnee County,rural,Midwest,West North Central,431.075,3020,1653,1.051081,
2003,31133,NE,Pawnee County,rural,Midwest,West North Central,431.075,2907,1598,1.106725,4
2003,31133,NE,Pawnee County,rural,Midwest,West North Central,431.075,2907,1598,1.106725,4
2004,31133,NE,Pawnee County, rural,Midwest,West North Central,431.075,2907,1603,1.156338,4
2005,31133,NE,Pawnee County,rural,Midwest,West North Central,431.075,2884,1612,1.282164,
2006,31133,NE,Pawnee County,rural,Midwest,West North Central,431.075,2802,1578,1.256119,
2007,31133,NE,Pawnee County,rural,Midwest,West North Central,431.075,2791,1591,1.275095,
2008,31133,NE,Pawnee County,rural,Midwest,West North Central,431.075,2711,1540,1.231754,4
2009,31133,NE,Pawnee County,rural,Midwest,West North Central,431.075,2752,1576,1.248564,4
2010,31133,NE,Pawnee County,rural,Midwest,West North Central,431.075,2773,1574,1.249456,5
2011,31133,NE,Pawnee County,rural,Midwest,West North Central,431.075,2781,1578,1.250646,4
2012,31133,NE,Pawnee County,rural,Midwest,West North Central,431.075,2791,1572,1.258391,4
2013,31133,NE,Pawnee County,rural,Midwest,West North Central,431.075,2791,1556,515,4
2013,31133,,,,,,,,,1.243199,
2014,31133,NE,Pawnee County,rural,Midwest,West North Central,431.075,2750,1531,1.243199,5
2015,31133,NE,Pawnee County,rural,Midwest,West North Central,431.075,2726,1519,1.243199,6
2016,31133,NE,Pawnee County,rural,Midwest,West North Central,431.075,2690,1497,,
1970,31135,NE,Perkins County,rural,Midwest,West North Central,883.335,3391,1990,0,
1971,31135,NE,Perkins County,rural,Midwest,West North Central,883.335,3296,1927,0,
1972,31135,NE,Perkins County,rural,Midwest,West North Central,883.335,3240,1904,0,
1973,31135,NE,Perkins County,rural,Midwest,West North Central,883.335,3320,1975,0,
1973,31135,NE,Perkins County,rural,Midwest,West North Central,883.335,3320,1975,0,
1974,31135,NE,Perkins County,rural,Midwest,West North Central,883.335,3279,1947,0,
1975,31135,NE,Perkins County,rural  ,Midwest,West North Central,883.335,3407,2046,0,
1976,31135,NE,Perkins County,rural,Midwest,West North Central,883.335,3551,2153,0,
1977,31135,NE,Perkins County,rural,Midwest,West North Central,883.335,3570,2155,0,
1978,31135,NE,Perkins County,rural,Midwest,West North Central,883.335,3612,2178,0,
1979,31135,NE,Perkins County,rural,Midwest,West North Central,883.335,3644,2170,0,
1980,31135,NE,Perkins County,RURAL,Midwest,West North Central,883.335,3639,2157,0,
1981,31135,NE,Perkins County,  RURAL ,Midwest,West North Central,883.335,3639,2145,0,
1982,31135,NE,Perkins County,rural,Midwest,West North Central,883.335,3639,2126,0,
1983,31135,NE,Perkins County,rural,Midwest,West North Central,883.335,3668,2124,0,0
1984,31135,NE,Perkins County,rural,Midwest,West North Central,883.335,3663,2104,0.9702062,
1985,31135,NE,Perkins County,rural,Midwest,West North Central,883.335,3650,2079,1.142756,
1986,31135,NE,Perkins County,  RURAL ,Midwest,West North Central,883.335,3540,1998,1.290767,0
1987,31135,NE,Perkins County,rural,Midwest,West North Central,883.335,3437,1922,1.431361,
1988,31135,NE,Perkins County,rural,Midwest,West North Central,883.335,3417,1898,1.589615,
1989,31135,NE,Perkins County,Rural,Midwest,West North Central,883.335,3382,1855,1.90555,
1990,31135,NE,Perkins County,rural,Midwest,West North Central,883.335,3366,1839,2.224597,
1991,31135,NE,Perkins County,rural,Midwest,West North Central,883.335,3266,1790,2.530781,
1992,31135,NE,Perkins County,rural,Midwest,West North Central,883.335,3245,1802,2.861579,
1993,31135,NE,Perkins County,rural,Midwest,West North Central,883.335,3265,1836,3.214473,
1994,31135,NE,Perkins County,rural,Midwest,West North Central,883.335,3275,1851,2.924591,
1995,31135,NE,Perkins County,rural,Midwest,West North Central,883.335,3314,1905,2.658016,
1996,31135,NE,Perkins County,rural,Midwest,West North Central,883.335,3334,1918,2.683644,
1997,31135,NE,Perkins County,rural,Midwest,West North Central,883.335,3333,1945,2.683129,
1998,31135,NE,Perkins County,rural,Midwest,West North Central,883.335,3287,1926,2.648151,
1999,31135,NE,Perkins County,rural,Midwest,West North Central,883.335,3281,1959,543,
1999,31135,,,,,,,,,3.153743,
2000,31135,NE,Perkins County,rural,Midwest,West North Central,883.335,3181,1908,2.982871,
2001,31135,NE,Perkins County,rural,Midwest,West North Central,883.335,3125,1871,2.811228,
2002,31135,NE,Perkins County,rural,Midwest,West North Central,883.335,3119,1874,2.692529,0
2003,31135,NE,Perkins County,rural,Midwest,West North Central,883.335,3082,1857,2.598657,
2004,31135,NE,Perkins County,Rural,Midwest,West North Central,883.335,3134,1897,2.51908,0
2005,31135,NE,Perkins County,rural,Midwest,West North Central,883.335,3145,1888,2.377834,
2006,31135,NE,Perkins County,rural  ,Midwest,West North Central,883.335,3041,1816,2.398001,
2007,31135,NE,Perkins County,Rural,Midwest,West North Central,883.335,3013,1792,2.418869,
2008,31135,NE,Perkins County,rural,Midwest,West North Central,883.335,2949,1739,2.476665,0
2009,31135,NE,Perkins County,rural,Midwest,West North Central,883.335,2937,1746,2.545561,0
2010,31135,NE,Perkins County,rural,Midwest,West North Central,883.335,2970,1754,2.641012,0
2010,31135,NE,Perkins County,rural,Midwest,West North Central,883.335,2970,1754,2.641012,0
2011,31135,NE,Perkins County,rural,Midwest,West North Central,883.335,2981,1768,2.715277,0
2012,31135,NE,Perkins County,Rural,Midwest,West North Central,883.335,2947,1752,2.794201,
2013,31135,NE,Perkins County,rural,Midwest,West North Central,883.335,2932,1744,2.851913,
2014,31135,NE,Perkins County,rural,Midwest,West North Central,883.335,2893,1714,2.851913,
2015,31135,NE,Perkins County,rural,Midwest,West North Central,883.335,2879,1666,2.851913,
2016,31135,NE,Perkins County,rural,Midwest,West North Central,883.335,2938,1699,,
1970,31137,NE,Phelps County,rural,Midwest,West North Central,539.79,9543,5418,2,
1971,31137,NE,Phelps County,rural,Midwest,West North Central,539.79,9544,5439,2.25,
1971,31137,NE,Phelps County,rural,Midwest,West North Central,539.79,9544,5439,2.25,
1972,31137,NE,Phelps County,rural,Midwest,West North Central,539.79,9539,5477,2.5,
1973,31137,NE,Phelps County,rural,Midwest,West North Central,539.79,9674,5610,2.75,
1974,31137,NE,Phelps County,rural,Midwest,West North Central,539.79,9611,5582,3,
1975,31137,NE,Phelps County,rural,Midwest,West North Central,539.79,9893,5800,3.25,
1976,31137,NE,Phelps County,rural,Midwest,West North Central,539.79,9864,5843,3.5,
1977,31137,NE,Phelps County,rural,Midwest,West North Central,539.79,10047,6019,3.75,
1978,31137,NE,Phelps County,rural,Midwest,West North Central,539.79,9870,5914,4,
1979,31137,NE,Phelps County,rural,Midwest,West North Central,539.79,9871,5949,4.6,
1980,31137,NE,Phelps County,rural,Midwest,West North Central,539.79,9817,5922,5.2,
1981,31137,NE,Phelps County,rural,Midwest,West North Central,539.79,9960,5999,5.8,
1981,31137,NE,Phelps County,rural,Midwest,West North Central,539.79,9960,5999,5.8,
1982,31137,NE,Phelps County,rural,Midwest,West North Central,539.79,10120,6080,6.4,
1983,31137,NE,Phelps County,rural,Midwest,West North Central,539.79,10074,6037,7,
1984,31137,NE,Phelps County,rural,Midwest,West North Central,539.79,10029,6001,6.4,4
1985,31137,NE,Phelps County,rural,Midwest,West North Central,539.79,10111,6040,5.8,7
1986,31137,NE,Phelps County,rural,Midwest,West North Central,539.79,9952,5936,5.2,7
1987,31137,NE,Phelps County,rural,Midwest,West North Central,539.79,9844,5855,4.6,8
1988,31137,NE,Phelps County,rural,Midwest,West North Central,539.79,9775,5804,4,5
1989,31137,NE,Phelps County,RURAL,Midwest,West North Central,539.79,9750,5757,4,7
1990,31137,NE,Phelps County,rural,Midwest,West North Central,539.79,9701,5724,4,9
1991,31137,NE,Phelps County,rural,Midwest,West North Central,539.79,9802,5768,4,6
1992,31137,NE,Phelps County,rural,Midwest,West North Central,539.79,9779,5758,4,5
1993,31137,NE,Phelps County,rural,Midwest,West North Central,539.79,9826,5811,4,5
1994,31137,NE,Phelps County,rural,Midwest,West North Central,539.79,9861,5827,4.666667,5
1995,31137,NE,Phelps County,rural,Midwest,West North Central,539.79,9910,5922,5.333333,5
1996,31137,NE,Phelps County,rural,Midwest,West North Central,539.79,9941,5983,6,7
1997,31137,NE,Phelps County,rural  ,Midwest,West North Central,539.79,9901,5958,6.666667,6
1998,31137,NE,Phelps County,rural,Midwest,West North Central,539.79,9843,5925,7.333333,9
1999,31137,NE,Phelps County,rural,Midwest,West North Central,539.79,9755,5884,8,8
1999,31137,NE,Phelps County,rural,Midwest,West North Central,539.79,9755,5884,8,8
2000,31137,NE,Phelps County,rural,Midwest,West North Central,539.79,9733,5886,15,15
2001,31137,NE,Phelps County,rural,Midwest,West North Central,539.79,9704,5864,22,17
2002,31137,NE,Phelps County,rural,Midwest,West North Central,539.79,9684,5850,29,21
2003,31137,NE,Phelps County,rural,Midwest,West North Central,539.79,9576,5797,36,15
2004,31137,NE,Phelps County,rural,Midwest,West North Central,539.79,9535,5763,43,14
2005,31137,NE,Phelps County,rural,Midwest,West North Central,539.79,9402,5741,50,16
2006,31137,NE,Phelps County,rural,Midwest,West North Central,539.79,9405,5728,47.75,18
2007,31137,NE,Phelps County,rural,Midwest,West North Central,539.79,9222,5670,45.5,22
2007,31137,NE,Phelps County,rural,Midwest,West North Central,539.79,9222,5670,45.5,22
2008,31137,NE,Phelps County,rural,Midwest,West North Central,539.79,9195,5633,43.25,16
2009,31137,NE,Phelps County,rural,Midwest,West North Central,539.79,9148,5567,41,16
2010,31137,NE,Phelps County,rural,Midwest,West North Central,539.79,9188,5574,38.75,20
2011,31137,NE,Phelps County,rural,Midwest,West North Central,539.79,9182,5576,36.5,13
2012,31137,NE,Phelps County,rural,Midwest,West North Central,539.79,9143,5555,34.25,13
2013,31137,NE,Phelps County,rural,Midwest,West North Central,539.79,9213,5552,32,17
2014,31137,NE,Phelps County,rural,Midwest,West North Central,539.79,9182,5512,32,18
2015,31137,NE,Phelps County,rural,Midwest,West North Central,539.79,9167,5513,32,14
2016,31137,NE,Phelps County,rural,Midwest,West North Central,539.79,9222,5546,,
1970,31139,NE,Pierce County,rural,Midwest,West North Central,573.249,8499,4745,4.17169,
1971,31139,NE,Pierce County,rural,Midwest,West North Central,573.249,8542,4817,1.242183,
1972,31139,NE,Pierce County,rural,Midwest,West North Central,573.249,8378,4764,1.275283,
1973,31139,NE,Pierce County,rural,Midwest,West North Central,573.249,8517,4922,1.318267,
1974,31139,NE,Pierce County,rural,Midwest,West North Central,573.249,8367,4873,1.318334,
1975,31139,NE,Pierce County,rural,Midwest,West North Central,573.249,8544,5057,1.354335,
1975,31139,NE,Pierce County,rural,Midwest,West North Central,573.249,8544,5057,1.354335,
1976,31139,NE,Pierce County,rural,Midwest,West North Central,573.249,8439,5013,1.413967,
1977,31139,NE,Pierce County,rural,Midwest,West North Central,573.249,8404,4982,1.452132,
1978,31139,NE,Pierce County,rural,Midwest,West North Central,573.249,8404,5005,1.50876,
1979,31139,NE,Pierce County,  RURAL ,Midwest,West North Central,573.249,8330,4974,1.513852,
1980,31139,NE,Pierce County,  RURAL ,Midwest,West North Central,573.249,8478,5060,1.558655,
1980,31139,NE,Pierce County,  RURAL ,Midwest,West North Central,573.249,8478,5060,1.558655,
1981,31139,NE,Pierce County,rural,Midwest,West North Central,573.249,8415,4992,1.593182,
1982,31139,NE,Pierce County, rural,Midwest,West North Central,573.249,8413,4955,1.637518,
1983,31139,NE,Pierce County,rural,Midwest,West North Central,573.249,8349,4878,1.670167,5
1984,31139,NE,Pierce County,rural,Midwest,West North Central,573.249,8283,4816,2.007596,
1985,31139,NE,Pierce County,rural,Midwest,West North Central,573.249,8161,4711,2.318514,
1986,31139,NE,Pierce County,rural,Midwest,West North Central,573.249,8126,4654,2.655004,
1987,31139,NE,Pierce County,rural,Midwest,West North Central,573.249,7990,4540,2.968758,7
1988,31139,NE,Pierce County,rural,Midwest,West North Central,573.249,7978,4501,3.284602,9
1989,31139,NE,Pierce County,rural,Midwest,West North Central,573.249,7890,4401,3.926056,7
1990,31139,NE,Pierce County,rural,Midwest,West North Central,573.249,7815,4335,4.501112,7
1991,31139,NE,Pierce County,rural,Midwest,West North Central,573.249,7849,4363,5.146185,10
1992,31139,NE,Pierce County,rural,Midwest,West North Central,573.249,7801,4366,5.802708,6
1993,31139,NE,Pierce County,rural,Midwest,West North Central,573.249,7845,4437,6.490796,11
1994,31139,NE,Pierce County,rural,Midwest,West North Central,573.249,7871,4487,6.120927,17
1995,31139,NE,Pierce County,rural,Midwest,West North Central,573.249,7876,4521,5.698216,13
1996,31139,NE,Pierce County,rural,Midwest,West North Central,573.249,7884,4585,5.367595,6
1997,31139,NE,Pierce County,rural,Midwest,West North Central,573.249,7910,4648,5.015763,12
1998,31139,NE,Pierce County,rural,Midwest,West North Central,573.249,7950,4724,4.636618,11
1999,31139,NE,Pierce County,rural,Midwest,West North Central,573.249,7914,4727,4.301672,20
1999,31139,NE,Pierce County,rural,Midwest,West North Central,573.249,7914,4727,4.301672,20
2000,31139,NE,Pierce County,  RURAL ,Midwest,West North Central,573.249,7824,4705,7.551301,16
2001,31139,NE,Pierce County,rural,Midwest,West North Central,573.249,7731,4640,7.495961,21
2001,31139,NE,Pierce County,rural,Midwest,West North Central,573.249,7731,4640,7.495961,21
2002,31139,NE,Pierce County,rural  ,Midwest,West North Central,573.249,7627,4597,7.409394,11
2003,31139,NE,Pierce County,rural,Midwest,West North Central,573.249,7615,4613,7.395168,13
2003,31139,NE,Pierce County,rural,Midwest,West North Central,573.249,7615,4613,7.395168,13
2004,31139,NE,Pierce County,rural,Midwest,West North Central,573.249,7477,4572,7.377594,17
2004,31139,NE,Pierce County,rural,Midwest,West North Central,573.249,7477,4572,7.377594,17
2005,31139,NE,Pierce County,RURAL,Midwest,West North Central,573.249,7508,4638,6.385498,18
2006,31139,NE,Pierce County,rural,Midwest,West North Central,573.249,7416,4600,5.828822,18
2007,31139,NE,Pierce County,rural,Midwest,West North Central,573.249,7314,4538,4.800423,15
2008,31139,NE,Pierce County, rural,Midwest,West North Central,573.249,7286,4518,3.748933,12
2009,31139,NE,Pierce County,rural,Midwest,West North Central,573.249,7260,4467,13.32478,10
2010,31139,NE,Pierce County,rural,Midwest,West North Central,573.249,7266,4446,3.207456,9
2011,31139,NE,Pierce County,rural,Midwest,West North Central,573.249,7259,4445,5.862077,9
2012,31139,NE,Pierce County,rural,Midwest,West North Central,573.249,7192,4428,5.895277,18
2013,31139,NE,Pierce County,Rural,Midwest,West North Central,573.249,7187,4426,5.345829,19
2014,31139,NE,Pierce County,rural,Midwest,West North Central,573.249,7180,4416,4.804975,16
2015,31139,NE,Pierce County,rural,Midwest,West North Central,573.249,7206,4439,4.804975,11
2016,31139,NE,Pierce County,rural,Midwest,West North Central,573.249,7195,4451,,
1970,31141,NE,Platte County,rural,Midwest,West North Central,674.1,26630,15464,12,
1971,31141,NE,Platte County,rural,Midwest,West North Central,674.1,26981,15794,11.75,
1972,31141,NE,Platte County,rural,Midwest,West North Central,674.1,27138,16030,11.5,
1973,31141,NE,Platte County,rural,Midwest,West North Central,674.1,27327,16308,11.25,
1974,31141,NE,Platte County,rural,Midwest,West North Central,674.1,27687,16694,11,
1975,31141,NE,Platte County,rural  ,Midwest,West North Central,674.1,28301,17251,10.75,
1976,31141,NE,Platte County,rural,Midwest,West North Central,674.1,28068,17211,10.5,
1977,31141,NE,Platte County,rural,Midwest,West North Central,674.1,28424,17510,10.25,
1977,31141,NE,Platte County,rural,Midwest,West North Central,674.1,28424,17510,10.25,
1978,31141,NE,Platte County,rural,Midwest,West North Central,674.1,28597,17711,550,
1978,31141,,,,,,,,,10,
1979,31141,NE,Platte County,rural,Midwest,West North Central,674.1,29096,18118,9.6,
1980,31141,NE,Platte County,  RURAL ,Midwest,West North Central,674.1,28944,18008,9.2,
1981,31141,NE,Platte County,rural,Midwest,West North Central,674.1,29169,18111,8.8,
1982,31141,NE,Platte County,rural,Midwest,West North Central,674.1,29129,18014,8.4,
1982,31141,NE,Platte County,rural,Midwest,West North Central,674.1,29129,18014,8.4,
1983,31141,NE,Platte County,rural,Midwest,West North Central,674.1,29276,18042,8,10
1984,31141,NE,Platte County,rural,Midwest,West North Central,674.1,29402,18077,9,14
1985,31141,NE,Platte County,rural,Midwest,West North Central,674.1,29426,18041,10,9
1986,31141,NE,Platte County,rural,Midwest,West North Central,674.1,28900,17668,11,8
1987,31141,NE,Platte County,rural,Midwest,West North Central,674.1,28960,17641,12,12
1988,31141,NE,Platte County,rural,Midwest,West North Central,674.1,29680,18021,13,23
1989,31141,NE,Platte County,rural,Midwest,West North Central,674.1,29816,17974,15.2,30
1990,31141,NE,Platte County,rural,Midwest,West North Central,674.1,29864,17978,17.4,30
1991,31141,NE,Platte County,rural,Midwest,West North Central,674.1,30059,18086,19.6,24
1992,31141,NE,Platte County,rural,Midwest,West North Central,674.1,30316,18308,21.8,26
1993,31141,NE,Platte County,rural,Midwest,West North Central,674.1,30750,18650,24,20
1994,31141,NE,Platte County,rural,Midwest,West North Central,674.1,31069,18976,23.5,30
1995,31141,NE,Platte County,rural,Midwest,West North Central,674.1,31129,19176,23,41
1996,31141,NE,Platte County,rural,Midwest,West North Central,674.1,31250,19457,22.5,43
1997,31141,NE,Platte County,rural,Midwest,West North Central,674.1,31450,19633,22,52
1998,31141,NE,Platte County,rural,Midwest,West North Central,674.1,31639,19850,21.5,74
1999,31141,NE,Platte County,rural,Midwest,West North Central,674.1,31558,19754,21,78
2000,31141,NE,Platte County,Rural,Midwest,West North Central,674.1,31500,19745,30,82
2001,31141,NE,Platte County,rural,Midwest,West North Central,674.1,31319,19943,39,75
2002,31141,NE,Platte County,rural,Midwest,West North Central,674.1,30939,19856,48,74
2002,31141,NE,Platte County,rural,Midwest,West North Central,674.1,30939,19856,48,74
2003,31141,NE,Platte County,rural,Midwest,West North Central,674.1,30756,19824,57,57
2004,31141,NE,Platte County,rural,Midwest,West North Central,674.1,30658,19911,66,57
2005,31141,NE,Platte County,rural,Midwest,West North Central,674.1,30865,19935,75,54
2006,31141,NE,Platte County, rural,Midwest,West North Central,674.1,31100,19989,58.00482,67
2007,31141,NE,Platte County,  RURAL ,Midwest,West North Central,674.1,31408,20185,58.41813,74
2008,31141,NE,Platte County,rural,Midwest,West North Central,674.1,31527,20112,58.48734,80
2009,31141,NE,Platte County,rural,Midwest,West North Central,674.1,32017,20317,58.42143,74
2010,31141,NE,Platte County,rural,Midwest,West North Central,674.1,32237,20367,58.73621,80
2011,31141,NE,Platte County,rural,Midwest,West North Central,674.1,32305,20398,59.18275,88
2012,31141,NE,Platte County,rural,Midwest,West North Central,674.1,32522,20533,59.66256,79
2013,31141,NE,Platte County,rural,Midwest,West North Central,674.1,32693,20568,60.13767,77
2014,31141,NE,Platte County,rural,Midwest,West North Central,674.1,32630,20412,60.13767,89
2015,31141,NE,Platte County,rural,Midwest,West North Central,674.1,32759,20440,60.13767,94
2016,31141,NE,Platte County,RURAL,Midwest,West North Central,674.1,32864,20360,,
1970,31143,NE,Polk County,rural,Midwest,West North Central,438.346,6479,3610,5,
1971,31143,NE,Polk County, rural,Midwest,West North Central,438.346,6517,3642,4.625,
1972,31143,NE,Polk County,rural,Midwest,West North Central,438.346,6304,3513,4.25,
1973,31143,NE,Polk County,rural,Midwest,West North Central,438.346,6278,3520,3.875,
1974,31143,NE,Polk County,rural,Midwest,West North Central,438.346,6251,3508,543,
1974,31143,,,,,,,,,3.5,
1975,31143,NE,Polk County,rural,Midwest,West North Central,438.346,6225,3499,3.125,
1976,31143,NE,Polk County,rural,Midwest,West North Central,438.346,6192,3485,2.75,
1977,31143,NE,Polk County,Rural,Midwest,West North Central,438.346,6146,3472,2.375,
1978,31143,NE,Polk County,rural,Midwest,West North Central,438.346,6132,3473,2,
1979,31143,NE,Polk County,rural,Midwest,West North Central,438.346,6078,3430,2,
1980,31143,NE,Polk County,rural,Midwest,West North Central,438.346,6309,3592,2,
1981,31143,NE,Polk County,rural,Midwest,West North Central,438.346,6222,3536,2,
1982,31143,NE,Polk County,rural,Midwest,West North Central,438.346,6131,3467,2,
1983,31143,NE,Polk County,rural,Midwest,West North Central,438.346,6070,3423,2,4
1983,31143,NE,Polk County,rural,Midwest,West North Central,438.346,6070,3423,2,4
1984,31143,NE,Polk County,rural,Midwest,West North Central,438.346,5963,3353,2,5
1985,31143,NE,Polk County,rural,Midwest,West North Central,438.346,5883,3301,2,
1986,31143,NE,Polk County,rural,Midwest,West North Central,438.346,5780,3227,2,
1987,31143,NE,Polk County,rural,Midwest,West North Central,438.346,5721,3186,2,
1988,31143,NE,Polk County,rural,Midwest,West North Central,438.346,5787,3208,2,4
1989,31143,NE,Polk County,rural,Midwest,West North Central,438.346,5759,3173,2,4
1990,31143,NE,Polk County,rural,Midwest,West North Central,438.346,5653,3106,2,
1991,31143,NE,Polk County,rural,Midwest,West North Central,438.346,5559,3055,2,
1992,31143,NE,Polk County,rural,Midwest,West North Central,438.346,5560,3067,2,
1993,31143,NE,Polk County,rural,Midwest,West North Central,438.346,5530,3078,2,5
1994,31143,NE,Polk County,rural,Midwest,West North Central,438.346,5631,3176,2,5
1995,31143,NE,Polk County,  RURAL ,Midwest,West North Central,438.346,5742,3285,2,9
1996,31143,NE,Polk County,Rural,Midwest,West North Central,438.346,5681,3264,2,10
1997,31143,NE,Polk County,rural,Midwest,West North Central,438.346,5766,3350,2,7
1998,31143,NE,Polk County,rural,Midwest,West North Central,438.346,5780,3384,2,8
1999,31143,NE,Polk County,  RURAL ,Midwest,West North Central,438.346,5705,3346,2,8
2000,31143,NE,Polk County,rural,Midwest,West North Central,438.346,5610,3296,2,7
2001,31143,NE,Polk County,rural,Midwest,West North Central,438.346,5533,3234,2,12
2002,31143,NE,Polk County,rural,Midwest,West North Central,438.346,5556,3270,2,12
2002,31143,NE,Polk County,rural,Midwest,West North Central,438.346,5556,3270,2,12
2003,31143,NE,Polk County,rural,Midwest,West North Central,438.346,5529,3270,2,12
2003,31143,NE,Polk County,rural,Midwest,West North Central,438.346,5529,3270,2,12
2004,31143,NE,Polk County,RURAL,Midwest,West North Central,438.346,5466,3251,2,12
2005,31143,NE,Polk County,rural,Midwest,West North Central,438.346,5473,3265,2,10
2006,31143,NE,Polk County,rural,Midwest,West North Central,438.346,5409,3242,1.875,7
2007,31143,NE,Polk County,rural,Midwest,West North Central,438.346,5447,3282,1.75,
2008,31143,NE,Polk County,rural,Midwest,West North Central,438.346,5402,3263,1.625,
2009,31143,NE,Polk County,rural,Midwest,West North Central,438.346,5409,3275,1.5,
2010,31143,NE,Polk County,rural,Midwest,West North Central,438.346,5406,3260,1.375,0
2010,31143,NE,Polk County,rural,Midwest,West North Central,438.346,5406,3260,1.375,0
2011,31143,NE,Polk County,rural  ,Midwest,West North Central,438.346,5398,3263,1.25,
2012,31143,NE,Polk County,rural,Midwest,West North Central,438.346,5340,3249,1.125,5
2013,31143,NE,Polk County,RURAL,Midwest,West North Central,438.346,5269,3198,1,6
2014,31143,NE,Polk County,Rural,Midwest,West North Central,438.346,5247,3205,1.5,10
2015,31143,NE,Polk County,rural,Midwest,West North Central,438.346,5268,3215,2,10
2016,31143,NE,Polk County,rural,Midwest,West North Central,438.346,5174,3146,,
2016,31143,NE,Polk County,rural,Midwest,West North Central,438.346,5174,3146,,
1970,31145,NE,Red Willow County,rural,Midwest,West North Central,716.986,12176,7059,4,
1971,31145,NE,Red Willow County,rural,Midwest,West North Central,716.986,12156,7086,3.75,
1972,31145,NE,Red Willow County, rural,Midwest,West North Central,716.986,12426,7337,3.5,
1973,31145,NE,Red Willow County,rural,Midwest,West North Central,716.986,12305,7320,3.25,
1974,31145,NE,Red Willow County,rural,Midwest,West North Central,716.986,12376,7420,543,
1974,31145,,,,,,,,,3,
1975,31145,NE,Red Willow County,rural,Midwest,West North Central,716.986,12571,7606,2.75,
1976,31145,NE,Red Willow County,rural,Midwest,West North Central,716.986,12475,7578,2.5,
1977,31145,NE,Red Willow County,rural,Midwest,West North Central,716.986,12507,7656,2.25,
1978,31145,NE,Red Willow County,rural,Midwest,West North Central,716.986,12602,7780,2,
1979,31145,NE,Red Willow County,rural,Midwest,West North Central,716.986,12469,7758,0,
1980,31145,NE,Red Willow County,rural,Midwest,West North Central,716.986,12653,7882,0,
1981,31145,NE,Red Willow County,rural,Midwest,West North Central,716.986,12743,7919,0,
1982,31145,NE,Red Willow County,rural,Midwest,West North Central,716.986,12762,7896,0,
1983,31145,NE,Red Willow County,rural,Midwest,West North Central,716.986,12733,7845,0,16
1984,31145,NE,Red Willow County,rural,Midwest,West North Central,716.986,12717,7809,0,18
1985,31145,NE,Red Willow County,rural,Midwest,West North Central,716.986,12607,7715,0,13
1986,31145,NE,Red Willow County,rural,Midwest,West North Central,716.986,12529,7635,0,14
1987,31145,NE,Red Willow County,rural,Midwest,West North Central,716.986,12283,7453,0,23
1988,31145,NE,Red Willow County,rural,Midwest,West North Central,716.986,12128,7335,0,12
1989,31145,NE,Red Willow County,rural,Midwest,West North Central,716.986,11924,7153,0,17
1990,31145,NE,Red Willow County,rural,Midwest,West North Central,716.986,11672,6971,0,19
1991,31145,NE,Red Willow County,rural,Midwest,West North Central,716.986,11534,6898,0,19
1992,31145,NE,Red Willow County,rural,Midwest,West North Central,716.986,11437,6849,0,15
1993,31145,NE,Red Willow County,rural,Midwest,West North Central,716.986,11468,6873,0,12
1994,31145,NE,Red Willow County,rural,Midwest,West North Central,716.986,11375,6813,0,15
1995,31145,NE,Red Willow County,rural  ,Midwest,West North Central,716.986,11451,6888,0,21
1996,31145,NE,Red Willow County,Rural,Midwest,West North Central,716.986,11563,6978,0,32
1997,31145,NE,Red Willow County,rural,Midwest,West North Central,716.986,11479,6938,0,45
1998,31145,NE,Red Willow County,rural,Midwest,West North Central,716.986,11381,6892,0,54
1999,31145,NE,Red Willow County,rural,Midwest,West North Central,716.986,11440,6958,0,51
2000,31145,NE,Red Willow County,rural,Midwest,West North Central,716.986,11487,6985,0,53
2001,31145,NE,Red Willow County,rural,Midwest,West North Central,716.986,11483,7021,0,60
2002,31145,NE,Red Willow County,rural,Midwest,West North Central,716.986,11436,6979,501,45
2002,31145,,,,,,,,,0,
2003,31145,NE,Red Willow County,rural,Midwest,West North Central,716.986,11336,6984,0,50
2004,31145,NE,Red Willow County,rural,Midwest,West North Central,716.986,11351,6967,0,44
2005,31145,NE,Red Willow County,rural,Midwest,West North Central,716.986,11219,6910,0,38
2006,31145,NE,Red Willow County,rural,Midwest,West North Central,716.986,11194,6922,0,35
2007,31145,NE,Red Willow County,rural,Midwest,West North Central,716.986,11053,6901,0,27
2008,31145,NE,Red Willow County,rural,Midwest,West North Central,716.986,11034,6873,0,24
2009,31145,NE,Red Willow County,rural,Midwest,West North Central,716.986,11018,6864,0,17
2010,31145,NE,Red Willow County,rural,Midwest,West North Central,716.986,11055,6891,0,18
2011,31145,NE,Red Willow County,rural,Midwest,West North Central,716.986,11058,6902,0,14
2012,31145,NE,Red Willow County,rural,Midwest,West North Central,716.986,11048,6886,0,17
2013,31145,NE,Red Willow County,rural,Midwest,West North Central,716.986,11044,6868,0,19
2014,31145,NE,Red Willow County,rural,Midwest,West North Central,716.986,11056,6878,0,29
2015,31145,NE,Red Willow County, rural,Midwest,West North Central,716.986,10898,6787,0,28
2016,31145,NE,Red Willow County,rural  ,Midwest,West North Central,716.986,10884,6775,,
2016,31145,NE,Red Willow County,rural  ,Midwest,West North Central,716.986,10884,6775,,
1970,31147,NE,Richardson County,rural,Midwest,West North Central,551.841,12294,6805,557,
1970,31147,,,,,,,,,4,
1971,31147,NE,Richardson County,rural,Midwest,West North Central,551.841,12378,6884,4.125,
1972,31147,NE,Richardson County,rural,Midwest,West North Central,551.841,12115,6741,4.25,
1973,31147,NE,Richardson County,rural,Midwest,West North Central,551.841,12421,6996,4.375,
1974,31147,NE,Richardson County,rural,Midwest,West North Central,551.841,12030,6772,4.5,
1975,31147,NE,Richardson County,rural,Midwest,West North Central,551.841,11781,6641,4.625,
1976,31147,NE,Richardson County,rural,Midwest,West North Central,551.841,11817,6725,4.75,
1977,31147,NE,Richardson County,rural,Midwest,West North Central,551.841,11761,6748,4.875,
1978,31147,NE,Richardson County,rural,Midwest,West North Central,551.841,11610,6701,5,
1979,31147,NE,Richardson County,rural,Midwest,West North Central,551.841,11277,6518,5.6,
1980,31147,NE,Richardson County,rural,Midwest,West North Central,551.841,11309,6553,6.2,
1981,31147,NE,Richardson County,rural,Midwest,West North Central,551.841,11234,6487,6.8,
1982,31147,NE,Richardson County,rural,Midwest,West North Central,551.841,11212,6440,7.4,
1982,31147,NE,Richardson County,rural,Midwest,West North Central,551.841,11212,6440,7.4,
1983,31147,NE,Richardson County,rural,Midwest,West North Central,551.841,11098,6342,8,11
1984,31147,NE,Richardson County, rural,Midwest,West North Central,551.841,10898,6207,8,8
1984,31147,NE,Richardson County, rural,Midwest,West North Central,551.841,10898,6207,8,8
1985,31147,NE,Richardson County,rural,Midwest,West North Central,551.841,10548,5976,8,9
1986,31147,NE,Richardson County,rural  ,Midwest,West North Central,551.841,10207,5750,10,15
1987,31147,NE,Richardson County,rural,Midwest,West North Central,551.841,10065,5637,12,15
1988,31147,NE,Richardson County,rural,Midwest,West North Central,551.841,10029,5592,7,16
1989,31147,NE,Richardson County,rural,Midwest,West North Central,551.841,9956,5505,7,14
1989,31147,NE,Richardson County,rural,Midwest,West North Central,551.841,9956,5505,7,14
1990,31147,NE,Richardson County,rural  ,Midwest,West North Central,551.841,9963,5505,10,23
1990,31147,NE,Richardson County,rural  ,Midwest,West North Central,551.841,9963,5505,10,23
1991,31147,NE,Richardson County,rural,Midwest,West North Central,551.841,9916,5487,10,25
1992,31147,NE,Richardson County,rural,Midwest,West North Central,551.841,9893,5508,7,14
1993,31147,NE,Richardson County,rural  ,Midwest,West North Central,551.841,9817,5462,6,13
1994,31147,NE,Richardson County,rural  ,Midwest,West North Central,551.841,9818,5475,6.166667,13
1995,31147,NE,Richardson County,rural,Midwest,West North Central,551.841,9801,5510,6.333333,10
1995,31147,NE,Richardson County,rural,Midwest,West North Central,551.841,9801,5510,6.333333,10
1996,31147,NE,Richardson County,rural,Midwest,West North Central,551.841,9746,5515,6.5,21
1997,31147,NE,Richardson County,rural,Midwest,West North Central,551.841,9591,5495,6.666667,22
1998,31147,NE,Richardson County,RURAL,Midwest,West North Central,551.841,9591,5559,6.833333,24
1998,31147,NE,Richardson County,RURAL,Midwest,West North Central,551.841,9591,5559,6.833333,24
1999,31147,NE,Richardson County,rural,Midwest,West North Central,551.841,9555,5554,7,22
1999,31147,NE,Richardson County,rural,Midwest,West North Central,551.841,9555,5554,7,22
2000,31147,NE,Richardson County,rural,Midwest,West North Central,551.841,9507,5545,7.166667,23
2001,31147,NE,Richardson County,rural,Midwest,West North Central,551.841,9260,5480,7.333333,21
2001,31147,NE,Richardson County,rural,Midwest,West North Central,551.841,9260,5480,7.333333,21
2002,31147,NE,Richardson County,rural,Midwest,West North Central,551.841,9125,5424,7.5,33
2003,31147,NE,Richardson County,rural,Midwest,West North Central,551.841,8949,5358,7.666667,29
2004,31147,NE,Richardson County,rural,Midwest,West North Central,551.841,8879,5334,7.833333,26
2005,31147,NE,Richardson County,rural,Midwest,West North Central,551.841,8799,5262,8,25
2006,31147,NE,Richardson County,rural,Midwest,West North Central,551.841,8642,5223,8,24
2007,31147,NE,Richardson County,rural,Midwest,West North Central,551.841,8480,5136,8,22
2008,31147,NE,Richardson County,rural,Midwest,West North Central,551.841,8413,5090,8,19
2009,31147,NE,Richardson County,rural,Midwest,West North Central,551.841,8383,5050,8,19
2010,31147,NE,Richardson County,rural,Midwest,West North Central,551.841,8363,5015,8,16
2011,31147,NE,Richardson County,rural,Midwest,West North Central,551.841,8372,5008,8,16
2012,31147,NE,Richardson County,rural,Midwest,West North Central,551.841,8341,4974,8,15
2013,31147,NE,Richardson County,rural,Midwest,West North Central,551.841,8283,4959,8,20
2014,31147,NE,Richardson County,rural,Midwest,West North Central,551.841,8132,4884,8,22
2015,31147,NE,Richardson County,rural,Midwest,West North Central,551.841,8108,4814,8,20
2016,31147,NE,Richardson County,rural,Midwest,West North Central,551.841,8020,4739,,
1970,31149,NE,Rock County,rural,Midwest,West North Central,1008.293,2228,1252,0,
1971,31149,NE,Rock County,rural,Midwest,West North Central,1008.293,2225,1248,0,
1972,31149,NE,Rock County,rural,Midwest,West North Central,1008.293,2254,1266,0,
1973,31149,NE,Rock County,rural,Midwest,West North Central,1008.293,2230,1249,0,
1974,31149,NE,Rock County,rural,Midwest,West North Central,1008.293,2247,1268,0,
1975,31149,NE,Rock County,rural,Midwest,West North Central,1008.293,2222,1243,0,
1976,31149,NE,Rock County,rural,Midwest,West North Central,1008.293,2243,1280,0,
1977,31149,NE,Rock County,rural,Midwest,West North Central,1008.293,2322,1342,0,
1978,31149,NE,Rock County,rural,Midwest,West North Central,1008.293,2380,1393,1,
1979,31149,NE,Rock County,rural,Midwest,West North Central,1008.293,2382,1404,1,
1980,31149,NE,Rock County,rural,Midwest,West North Central,1008.293,2386,1408,1,
1981,31149,NE,Rock County,rural,Midwest,West North Central,1008.293,2416,1424,1,
1982,31149,NE,Rock County,rural,Midwest,West North Central,1008.293,2437,1432,1,
1983,31149,NE,Rock County,rural,Midwest,West North Central,1008.293,2419,1419,1,0
1983,31149,NE,Rock County,rural,Midwest,West North Central,1008.293,2419,1419,1,0
1984,31149,NE,Rock County,rural,Midwest,West North Central,1008.293,2372,1392,1,0
1985,31149,NE,Rock County,rural,Midwest,West North Central,1008.293,2264,1327,1,0
1986,31149,NE,Rock County,rural,Midwest,West North Central,1008.293,2191,1279,1,
1987,31149,NE,Rock County,Rural,Midwest,West North Central,1008.293,2137,1243,1,0
1988,31149,NE,Rock County,rural,Midwest,West North Central,1008.293,2098,1221,1,0
1989,31149,NE,Rock County,rural,Midwest,West North Central,1008.293,2059,1194,1,
1990,31149,NE,Rock County,rural,Midwest,West North Central,1008.293,2009,1157,515,
1990,31149,,,,,,,,,1,
1991,31149,NE,Rock County,rural,Midwest,West North Central,1008.293,2014,1168,1,
1992,31149,NE,Rock County,rural,Midwest,West North Central,1008.293,1991,1154,1,
1993,31149,NE,Rock County,rural,Midwest,West North Central,1008.293,1970,1142,1,0
1994,31149,NE,Rock County,rural,Midwest,West North Central,1008.293,1936,1135,1,0
1995,31149,NE,Rock County,rural,Midwest,West North Central,1008.293,1862,1099,1,4
1995,31149,NE,Rock County,rural,Midwest,West North Central,1008.293,1862,1099,1,4
1996,31149,NE,Rock County,rural,Midwest,West North Central,1008.293,1831,1096,1,4
1997,31149,NE,Rock County,rural,Midwest,West North Central,1008.293,1793,1072,1,
1998,31149,NE,Rock County,rural,Midwest,West North Central,1008.293,1769,1056,1,
1999,31149,NE,Rock County,rural,Midwest,West North Central,1008.293,1745,1043,1,
2000,31149,NE,Rock County,rural,Midwest,West North Central,1008.293,1743,1046,1,
2001,31149,NE,Rock County,rural,Midwest,West North Central,1008.293,1709,1044,1,
2002,31149,NE,Rock County,rural,Midwest,West North Central,1008.293,1674,1019,1,0
2002,31149,NE,Rock County,rural,Midwest,West North Central,1008.293,1674,1019,1,0
2003,31149,NE,Rock County,rural,Midwest,West North Central,1008.293,1600,980,1,0
2004,31149,NE,Rock County,rural,Midwest,West North Central,1008.293,1597,966,1,0
2005,31149,NE,Rock County,Rural,Midwest,West North Central,1008.293,1557,946,1,0
2006,31149,NE,Rock County,rural,Midwest,West North Central,1008.293,1552,953,1.375,
2007,31149,NE,Rock County,rural,Midwest,West North Central,1008.293,1551,930,1.75,
2007,31149,NE,Rock County,rural,Midwest,West North Central,1008.293,1551,930,1.75,
2008,31149,NE,Rock County,  RURAL ,Midwest,West North Central,1008.293,1554,924,2.125,
2008,31149,NE,Rock County,  RURAL ,Midwest,West North Central,1008.293,1554,924,2.125,
2009,31149,NE,Rock County,rural,Midwest,West North Central,1008.293,1550,940,2.5,
2010,31149,NE,Rock County,rural,Midwest,West North Central,1008.293,1528,907,2.875,
2010,31149,NE,Rock County,rural,Midwest,West North Central,1008.293,1528,907,2.875,
2011,31149,NE,Rock County,rural,Midwest,West North Central,1008.293,1524,910,3.25,
2012,31149,NE,Rock County,rural,Midwest,West North Central,1008.293,1480,898,3.625,
2013,31149,NE,Rock County,rural,Midwest,West North Central,1008.293,1426,862,4,
2014,31149,NE,Rock County,rural,Midwest,West North Central,1008.293,1441,872,4,
2014,31149,NE,Rock County,rural,Midwest,West North Central,1008.293,1441,872,4,
2015,31149,NE,Rock County,rural,Midwest,West North Central,1008.293,1449,861,4,
2016,31149,NE,Rock County,rural,Midwest,West North Central,1008.293,1417,831,,
1970,31151,NE,Saline County,rural,Midwest,West North Central,574.018,12773,7478,4,
1971,31151,NE,Saline County,rural,Midwest,West North Central,574.018,12615,7369,3.75,
1972,31151,NE,Saline County,rural,Midwest,West North Central,574.018,12695,7443,3.5,
1972,31151,NE,Saline County,rural,Midwest,West North Central,574.018,12695,7443,3.5,
1973,31151,NE,Saline County,rural,Midwest,West North Central,574.018,12433,7276,3.25,
1974,31151,NE,Saline County,  RURAL ,Midwest,West North Central,574.018,12418,7285,3,
1975,31151,NE,Saline County,rural,Midwest,West North Central,574.018,12548,7399,2.75,
1976,31151,NE,Saline County,  RURAL ,Midwest,West North Central,574.018,12801,7611,2.5,
1977,31151,NE,Saline County,rural,Midwest,West North Central,574.018,12849,7677,2.25,
1978,31151,NE,Saline County,rural,Midwest,West North Central,574.018,12793,7650,529,
1978,31151,,,,,,,,,2,
1979,31151,NE,Saline County,rural,Midwest,West North Central,574.018,12864,7702,2.2,
1980,31151,NE,Saline County,rural,Midwest,West North Central,574.018,13153,7899,2.4,
1981,31151,NE,Saline County,rural,Midwest,West North Central,574.018,13207,7924,2.6,
1982,31151,NE,Saline County,RURAL,Midwest,West North Central,574.018,13331,7978,2.8,
1983,31151,NE,Saline County,rural,Midwest,West North Central,574.018,13253,7909,3,9
1984,31151,NE,Saline County,rural,Midwest,West North Central,574.018,13072,7793,3.2,5
1985,31151,NE,Saline County,rural  ,Midwest,West North Central,574.018,12996,7728,3.4,6
1986,31151,NE,Saline County,rural,Midwest,West North Central,574.018,12919,7655,3.6,6
1987,31151,NE,Saline County,rural,Midwest,West North Central,574.018,12847,7590,3.8,12
1988,31151,NE,Saline County,rural,Midwest,West North Central,574.018,12841,7571,4,7
1989,31151,NE,Saline County,rural,Midwest,West North Central,574.018,12842,7532,3.8,10
1990,31151,NE,Saline County,rural,Midwest,West North Central,574.018,12711,7449,3.6,14
1991,31151,NE,Saline County,rural,Midwest,West North Central,574.018,12701,7439,3.4,12
1992,31151,NE,Saline County,rural,Midwest,West North Central,574.018,12874,7606,3.2,14
1993,31151,NE,Saline County,rural,Midwest,West North Central,574.018,13070,7767,3,10
1994,31151,NE,Saline County,rural,Midwest,West North Central,574.018,13174,7882,3.5,14
1995,31151,NE,Saline County,rural,Midwest,West North Central,574.018,13352,8076,4,18
1996,31151,NE,Saline County,rural,Midwest,West North Central,574.018,13471,8199,4.5,19
1997,31151,NE,Saline County,rural,Midwest,West North Central,574.018,13584,8320,5,25
1998,31151,NE,Saline County,rural,Midwest,West North Central,574.018,13603,8371,5.5,28
1999,31151,NE,Saline County,rural,Midwest,West North Central,574.018,13821,8574,6,25
2000,31151,NE,Saline County,rural,Midwest,West North Central,574.018,13880,8670,13.66667,24
2001,31151,NE,Saline County,rural  ,Midwest,West North Central,574.018,14004,8816,21.33333,26
2002,31151,NE,Saline County,rural,Midwest,West North Central,574.018,14110,8904,29,32
2003,31151,NE,Saline County,rural,Midwest,West North Central,574.018,14232,9093,36.66667,29
2004,31151,NE,Saline County,rural,Midwest,West North Central,574.018,14206,9137,44.33333,22
2005,31151,NE,Saline County,RURAL,Midwest,West North Central,574.018,14136,9132,52,25
2005,31151,NE,Saline County,RURAL,Midwest,West North Central,574.018,14136,9132,52,25
2006,31151,NE,Saline County,rural,Midwest,West North Central,574.018,13987,9083,55.125,25
2007,31151,NE,Saline County,rural,Midwest,West North Central,574.018,14069,9170,58.25,18
2008,31151,NE,Saline County,rural,Midwest,West North Central,574.018,14048,9181,61.375,16
2009,31151,NE,Saline County,rural,Midwest,West North Central,574.018,14166,9256,64.5,24
2010,31151,NE,Saline County,rural,Midwest,West North Central,574.018,14200,9270,67.625,22
2011,31151,NE,Saline County,rural,Midwest,West North Central,574.018,14221,9292,70.75,25
2012,31151,NE,Saline County,rural,Midwest,West North Central,574.018,14336,9345,73.875,26
2013,31151,NE,Saline County,rural,Midwest,West North Central,574.018,14435,9403,77,24
2014,31151,NE,Saline County,rural,Midwest,West North Central,574.018,14332,9328,77,20
2015,31151,NE,Saline County,rural,Midwest,West North Central,574.018,14310,9300,77,26
2015,31151,NE,Saline County,rural,Midwest,West North Central,574.018,14310,9300,77,26
2016,31151,NE,Saline County,rural,Midwest,West North Central,574.018,14249,9235,,
1970,31153,NE,Sarpy County,small/mid,Midwest,West North Central,238.948,66852,39326,10,
1971,31153,NE,Sarpy County,small/mid,Midwest,West North Central,238.948,69479,41464,12.375,
1972,31153,NE,Sarpy County,small/mid,Midwest,West North Central,238.948,71026,43155,14.75,
1973,31153,NE,Sarpy County,small/mid,Midwest,West North Central,238.948,71288,44118,17.125,
1974,31153,NE,Sarpy County,small/mid,Midwest,West North Central,238.948,72862,45761,19.5,
1975,31153,NE,Sarpy County,small/mid,Midwest,West North Central,238.948,76341,48529,21.875,
1976,31153,NE,Sarpy County,small/mid,Midwest,West North Central,238.948,80652,52117,24.25,
1977,31153,NE,Sarpy County,small/mid,Midwest,West North Central,238.948,81355,53411,26.625,
1978,31153,NE,Sarpy County,  SMALL/MID ,Midwest,West North Central,238.948,85192,56640,29,
1979,31153,NE,Sarpy County,small/mid,Midwest,West North Central,238.948,86249,57837,30.6,
1980,31153,NE,Sarpy County,small/mid,Midwest,West North Central,238.948,86548,58428,32.2,
1981,31153,NE,Sarpy County,small/mid,Midwest,West North Central,238.948,88378,59803,33.8,
1982,31153,NE,Sarpy County,small/mid,Midwest,West North Central,238.948,90725,61392,35.4,
1983,31153,NE,Sarpy County,small/mid,Midwest,West North Central,238.948,91777,62125,37,51
1984,31153,NE,Sarpy County,small/mid,Midwest,West North Central,238.948,93774,63563,40.5,64
1985,31153,NE,Sarpy County,small/mid,Midwest,West North Central,238.948,94813,64310,44,72
1986,31153,NE,Sarpy County,small/mid,Midwest,West North Central,238.948,95643,64982,57,108
1987,31153,NE,Sarpy County,small/mid,Midwest,West North Central,238.948,96418,65564,71,104
1988,31153,NE,Sarpy County,small/mid,Midwest,West North Central,238.948,98646,67076,71,116
1989,31153,NE,Sarpy County,small/mid,Midwest,West North Central,238.948,100846,68349,83.4,98
1989,31153,NE,Sarpy County,small/mid,Midwest,West North Central,238.948,100846,68349,83.4,98
1990,31153,NE,Sarpy County,small/mid,Midwest,West North Central,238.948,103024,69863,95.8,104
1991,31153,NE,Sarpy County,small/mid,Midwest,West North Central,238.948,105555,71463,108.2,106
1992,31153,NE,Sarpy County,small/mid,Midwest,West North Central,238.948,106719,72407,120.6,98
1993,31153,NE,Sarpy County,small/mid,Midwest,West North Central,238.948,106081,71829,133,108
1994,31153,NE,Sarpy County,small/mid,Midwest,West North Central,238.948,108833,73657,133.6667,114
1995,31153,NE,Sarpy County,small/mid,Midwest,West North Central,238.948,111590,75717,134.3333,135
1996,31153,NE,Sarpy County, small/mid,Midwest,West North Central,238.948,115100,78311,135,148
1996,31153,NE,Sarpy County, small/mid,Midwest,West North Central,238.948,115100,78311,135,148
1997,31153,NE,Sarpy County,small/mid,Midwest,West North Central,238.948,117725,80048,135.6667,134
1998,31153,NE,Sarpy County,small/mid,Midwest,West North Central,238.948,119373,80913,136.3333,172
1999,31153,NE,Sarpy County,small/mid,Midwest,West North Central,238.948,121025,81966,137,148
2000,31153,NE,Sarpy County,small/mid,Midwest,West North Central,238.948,123309,83542,139.6667,164
2001,31153,NE,Sarpy County,small/mid,Midwest,West North Central,238.948,126442,85742,142.3333,167
2002,31153,NE,Sarpy County,small/mid,Midwest,West North Central,238.948,129496,87649,145,172
2003,31153,NE,Sarpy County,small/mid,Midwest,West North Central,238.948,132017,89288,147.6667,172
2004,31153,NE,Sarpy County,small/mid,Midwest,West North Central,238.948,136339,92401,150.3333,195
2005,31153,NE,Sarpy County,small/mid,Midwest,West North Central,238.948,140239,95253,153,218
2006,31153,NE,Sarpy County,small/mid,Midwest,West North Central,238.948,144070,97950,154,215
2007,31153,NE,Sarpy County,Small/mid,Midwest,West North Central,238.948,148214,100803,159,228
2008,31153,NE,Sarpy County,small/mid,Midwest,West North Central,238.948,152762,103375,155,225
2009,31153,NE,Sarpy County,small/mid,Midwest,West North Central,238.948,156147,105162,150,245
2010,31153,NE,Sarpy County,small/mid,Midwest,West North Central,238.948,158840,106671,150,233
2011,31153,NE,Sarpy County,small/mid,Midwest,West North Central,238.948,159737,107293,144,259
2012,31153,NE,Sarpy County,small/mid,Midwest,West North Central,238.948,162595,108907,145,223
2013,31153,NE,Sarpy County,small/mid,Midwest,West North Central,238.948,165720,110264,133,220
2014,31153,NE,Sarpy County,SMALL/MID,Midwest,West North Central,238.948,169095,112051,139,222
2015,31153,NE,Sarpy County,small/mid,Midwest,West North Central,238.948,171889,113417,139,239
2016,31153,NE,Sarpy County,small/mid,Midwest,West North Central,238.948,175190,115297,,
1970,31155,NE,Saunders County,small/mid,Midwest,West North Central,750.234,17087,9833,6,
1970,31155,NE,Saunders County,small/mid,Midwest,West North Central,750.234,17087,9833,6,
1971,31155,NE,Saunders County,SMALL/MID,Midwest,West North Central,750.234,17333,10045,6,
1972,31155,NE,Saunders County,small/mid,Midwest,West North Central,750.234,17432,10186,6,
1973,31155,NE,Saunders County,small/mid,Midwest,West North Central,750.234,17537,10342,6,
1974,31155,NE,Saunders County,small/mid,Midwest,West North Central,750.234,17929,10663,6,
1975,31155,NE,Saunders County,SMALL/MID,Midwest,West North Central,750.234,17942,10720,6,
1976,31155,NE,Saunders County,Small/mid,Midwest,West North Central,750.234,17982,10778,6,
1977,31155,NE,Saunders County,small/mid,Midwest,West North Central,750.234,18217,10983,6,
1978,31155,NE,Saunders County,small/mid,Midwest,West North Central,750.234,18284,11065,6,
1979,31155,NE,Saunders County, small/mid,Midwest,West North Central,750.234,17971,10827,6,
1980,31155,NE,Saunders County,small/mid,Midwest,West North Central,750.234,18733,11349,6,
1981,31155,NE,Saunders County,small/mid,Midwest,West North Central,750.234,18675,11309,6,
1982,31155,NE,Saunders County,small/mid,Midwest,West North Central,750.234,18554,11213,6,
1983,31155,NE,Saunders County,small/mid,Midwest,West North Central,750.234,18584,11221,6,15
1984,31155,NE,Saunders County,small/mid,Midwest,West North Central,750.234,18459,11146,6.4,19
1985,31155,NE,Saunders County,  SMALL/MID ,Midwest,West North Central,750.234,18428,11113,6.8,18
1986,31155,NE,Saunders County,small/mid  ,Midwest,West North Central,750.234,18366,11073,7.2,18
1987,31155,NE,Saunders County,small/mid,Midwest,West North Central,750.234,18236,10983,7.6,13
1988,31155,NE,Saunders County,small/mid,Midwest,West North Central,750.234,18270,10996,8,11
1989,31155,NE,Saunders County,small/mid,Midwest,West North Central,750.234,18157,10879,8,11
1990,31155,NE,Saunders County,small/mid,Midwest,West North Central,750.234,18352,11009,8,8
1991,31155,NE,Saunders County,small/mid,Midwest,West North Central,750.234,18385,10971,8,11
1992,31155,NE,Saunders County,small/mid,Midwest,West North Central,750.234,18629,11161,8,9
1993,31155,NE,Saunders County,SMALL/MID,Midwest,West North Central,750.234,18825,11339,8,6
1994,31155,NE,Saunders County,small/mid,Midwest,West North Central,750.234,18941,11438,8.666667,8
1995,31155,NE,Saunders County,small/mid,Midwest,West North Central,750.234,19334,11779,9.333333,15
1996,31155,NE,Saunders County,small/mid,Midwest,West North Central,750.234,19451,11900,10,23
1997,31155,NE,Saunders County,small/mid,Midwest,West North Central,750.234,19606,12019,10.66667,23
1998,31155,NE,Saunders County,small/mid,Midwest,West North Central,750.234,19696,12109,11.33333,24
1999,31155,NE,Saunders County,SMALL/MID,Midwest,West North Central,750.234,19751,12171,12,23
2000,31155,NE,Saunders County,small/mid,Midwest,West North Central,750.234,19852,12294,14,36
2001,31155,NE,Saunders County,small/mid,Midwest,West North Central,750.234,19962,12406,16,35
2001,31155,NE,Saunders County,small/mid,Midwest,West North Central,750.234,19962,12406,16,35
2002,31155,NE,Saunders County,small/mid,Midwest,West North Central,750.234,19925,12404,18,39
2003,31155,NE,Saunders County,small/mid,Midwest,West North Central,750.234,20104,12575,20,35
2004,31155,NE,Saunders County,small/mid  ,Midwest,West North Central,750.234,20248,12779,22,39
2005,31155,NE,Saunders County,small/mid,Midwest,West North Central,750.234,20460,12996,24,48
2006,31155,NE,Saunders County,small/mid,Midwest,West North Central,750.234,20411,12935,35.875,43
2007,31155,NE,Saunders County,Small/mid,Midwest,West North Central,750.234,20483,12995,47.75,51
2008,31155,NE,Saunders County,small/mid,Midwest,West North Central,750.234,20446,13010,59.625,50
2009,31155,NE,Saunders County,small/mid,Midwest,West North Central,750.234,20515,13015,71.5,53
2010,31155,NE,Saunders County,small/mid,Midwest,West North Central,750.234,20780,13176,83.375,56
2011,31155,NE,Saunders County,small/mid,Midwest,West North Central,750.234,20870,13231,95.25,53
2012,31155,NE,Saunders County,small/mid,Midwest,West North Central,750.234,20842,13184,107.125,53
2013,31155,NE,Saunders County,small/mid,Midwest,West North Central,750.234,20799,13061,119,48
2014,31155,NE,Saunders County,small/mid,Midwest,West North Central,750.234,20880,13072,119,44
2015,31155,NE,Saunders County,small/mid,Midwest,West North Central,750.234,20869,13001,119,44
2015,31155,NE,Saunders County,small/mid,Midwest,West North Central,750.234,20869,13001,119,44
2016,31155,NE,Saunders County,small/mid,Midwest,West North Central,750.234,20963,13021,,
1970,31157,NE,Scotts Bluff County,rural,Midwest,West North Central,739.416,36474,22355,20.42174,
1971,31157,NE,Scotts Bluff County,rural,Midwest,West North Central,739.416,36631,22344,20.18538,
1972,31157,NE,Scotts Bluff County,rural,Midwest,West North Central,739.416,34716,20989,19.88789,
1973,31157,NE,Scotts Bluff County,rural,Midwest,West North Central,739.416,35411,21419,19.67676,
1974,31157,NE,Scotts Bluff County,RURAL,Midwest,West North Central,739.416,35486,21592,19.44087,
1975,31157,NE,Scotts Bluff County,rural,Midwest,West North Central,739.416,36430,22375,19.22,
1976,31157,NE,Scotts Bluff County,rural,Midwest,West North Central,739.416,37250,23081,18.95551,
1977,31157,NE,Scotts Bluff County,rural,Midwest,West North Central,739.416,37933,23627,571,
1977,31157,,,,,,,,,18.70301,
1978,31157,NE,Scotts Bluff County,rural,Midwest,West North Central,739.416,37864,23595,18.50283,
1979,31157,NE,Scotts Bluff County, rural,Midwest,West North Central,739.416,38112,23805,21.24228,
1980,31157,NE,Scotts Bluff County,rural,Midwest,West North Central,739.416,38444,24008,23.99629,
1981,31157,NE,Scotts Bluff County,rural,Midwest,West North Central,739.416,38681,24120,26.71982,
1982,31157,NE,Scotts Bluff County,rural,Midwest,West North Central,739.416,38473,23894,29.46023,
1983,31157,NE,Scotts Bluff County,rural,Midwest,West North Central,739.416,38145,23607,32.18206,42
1984,31157,NE,Scotts Bluff County,rural,Midwest,West North Central,739.416,37827,23358,585,40
1984,31157,,,,,,,,,32.55403,
1985,31157,NE,Scotts Bluff County,rural,Midwest,West North Central,739.416,37543,23111,32.9447,48
1986,31157,NE,Scotts Bluff County,rural,Midwest,West North Central,739.416,37435,22980,33.38783,52
1987,31157,NE,Scotts Bluff County,rural,Midwest,West North Central,739.416,36918,22586,33.79792,68
1988,31157,NE,Scotts Bluff County,rural,Midwest,West North Central,739.416,36561,22291,34.20064,70
1989,31157,NE,Scotts Bluff County,rural,Midwest,West North Central,739.416,36281,21982,39.89438,76
1990,31157,NE,Scotts Bluff County, rural,Midwest,West North Central,739.416,35992,21802,45.51036,66
1991,31157,NE,Scotts Bluff County,Rural,Midwest,West North Central,739.416,36296,21906,51.21467,71
1992,31157,NE,Scotts Bluff County,rural,Midwest,West North Central,739.416,36696,22257,56.87878,87
1993,31157,NE,Scotts Bluff County,rural,Midwest,West North Central,739.416,36858,22280,62.53761,70
1994,31157,NE,Scotts Bluff County,rural,Midwest,West North Central,739.416,37009,22462,52.78047,76
1995,31157,NE,Scotts Bluff County,  RURAL ,Midwest,West North Central,739.416,37107,22621,61.61095,80
1995,31157,NE,Scotts Bluff County,  RURAL ,Midwest,West North Central,739.416,37107,22621,61.61095,80
1996,31157,NE,Scotts Bluff County, rural,Midwest,West North Central,739.416,36970,22638,61.55347,75
1997,31157,NE,Scotts Bluff County,rural,Midwest,West North Central,739.416,36901,22624,55.68083,73
1998,31157,NE,Scotts Bluff County, rural,Midwest,West North Central,739.416,36683,22513,51.77423,89
1999,31157,NE,Scotts Bluff County,rural,Midwest,West North Central,739.416,36849,22667,54.81978,99
2000,31157,NE,Scotts Bluff County,  RURAL ,Midwest,West North Central,739.416,37012,22774,56.43508,94
2001,31157,NE,Scotts Bluff County,rural,Midwest,West North Central,739.416,36561,22616,58.07005,104
2002,31157,NE,Scotts Bluff County,rural,Midwest,West North Central,739.416,36572,22661,59.72697,100
2002,31157,NE,Scotts Bluff County,rural,Midwest,West North Central,739.416,36572,22661,59.72697,100
2003,31157,NE,Scotts Bluff County,rural,Midwest,West North Central,739.416,36468,22682,61.34415,114
2004,31157,NE,Scotts Bluff County,rural,Midwest,West North Central,739.416,36278,22596,62.94605,106
2005,31157,NE,Scotts Bluff County,rural,Midwest,West North Central,739.416,36277,22647,64.62458,123
2006,31157,NE,Scotts Bluff County,rural,Midwest,West North Central,739.416,36223,22604,76.30528,125
2007,31157,NE,Scotts Bluff County,rural,Midwest,West North Central,739.416,36338,22701,88.03209,123
2007,31157,NE,Scotts Bluff County,rural,Midwest,West North Central,739.416,36338,22701,88.03209,123
2008,31157,NE,Scotts Bluff County,rural,Midwest,West North Central,739.416,36536,22801,99.73536,101
2009,31157,NE,Scotts Bluff County,rural,Midwest,West North Central,739.416,36677,22946,111.4885,103
2009,31157,NE,Scotts Bluff County,rural,Midwest,West North Central,739.416,36677,22946,111.4885,103
2010,31157,NE,Scotts Bluff County,rural,Midwest,West North Central,739.416,36970,23157,123.0831,93
2011,31157,NE,Scotts Bluff County,rural,Midwest,West North Central,739.416,37056,23199,134.8047,91
2012,31157,NE,Scotts Bluff County,rural,Midwest,West North Central,739.416,36958,23125,146.3699,110
2013,31157,NE,Scotts Bluff County,rural,Midwest,West North Central,739.416,36911,22975,158.0506,121
2014,31157,NE,Scotts Bluff County,rural,Midwest,West North Central,739.416,36855,22825,158.0506,127
2015,31157,NE,Scotts Bluff County,rural,Midwest,West North Central,739.416,36468,22411,158.0506,144
2016,31157,NE,Scotts Bluff County,rural,Midwest,West North Central,739.416,36305,22218,,
1970,31159,NE,Seward County,small/mid,Midwest,West North Central,571.428,14518,9107,1,
1971,31159,NE,Seward County,small/mid,Midwest,West North Central,571.428,14759,9302,1.375,
1972,31159,NE,Seward County,small/mid,Midwest,West North Central,571.428,15333,9746,1.75,
1973,31159,NE,Seward County,small/mid,Midwest,West North Central,571.428,15626,10000,529,
1973,31159,,,,,,,,,2.125,
1974,31159,NE,Seward County,small/mid,Midwest,West North Central,571.428,15770,10115,2.5,
1975,31159,NE,Seward County,small/mid,Midwest,West North Central,571.428,15453,9889,2.875,
1976,31159,NE,Seward County,small/mid,Midwest,West North Central,571.428,15314,9795,3.25,
1977,31159,NE,Seward County,  SMALL/MID ,Midwest,West North Central,571.428,15324,9812,3.625,
1978,31159,NE,Seward County,small/mid,Midwest,West North Central,571.428,15678,10082,4,
1979,31159,NE,Seward County, small/mid,Midwest,West North Central,571.428,15751,10151,4.4,
1980,31159,NE,Seward County,small/mid,Midwest,West North Central,571.428,15784,10151,4.8,
1981,31159,NE,Seward County,small/mid,Midwest,West North Central,571.428,15704,10066,5.2,
1982,31159,NE,Seward County,small/mid,Midwest,West North Central,571.428,15372,9806,5.6,
1983,31159,NE,Seward County,small/mid,Midwest,West North Central,571.428,15521,9856,6,4
1984,31159,NE,Seward County,small/mid,Midwest,West North Central,571.428,15504,9810,5.6,7
1985,31159,NE,Seward County,small/mid,Midwest,West North Central,571.428,15370,9680,5.2,9
1985,31159,NE,Seward County,small/mid,Midwest,West North Central,571.428,15370,9680,5.2,9
1986,31159,NE,Seward County,small/mid,Midwest,West North Central,571.428,15152,9501,4.8,19
1986,31159,NE,Seward County,small/mid,Midwest,West North Central,571.428,15152,9501,4.8,19
1987,31159,NE,Seward County,small/mid,Midwest,West North Central,571.428,15233,9504,4.4,15
1988,31159,NE,Seward County,small/mid,Midwest,West North Central,571.428,15336,9524,4,15
1989,31159,NE,Seward County,small/mid,Midwest,West North Central,571.428,15397,9491,5.6,16
1990,31159,NE,Seward County,small/mid,Midwest,West North Central,571.428,15489,9544,7.2,14
1991,31159,NE,Seward County,small/mid,Midwest,West North Central,571.428,15564,9619,8.8,20
1991,31159,NE,Seward County,small/mid,Midwest,West North Central,571.428,15564,9619,8.8,20
1992,31159,NE,Seward County,small/mid,Midwest,West North Central,571.428,15707,9764,10.4,24
1993,31159,NE,Seward County,small/mid,Midwest,West North Central,571.428,15911,9935,12,23
1994,31159,NE,Seward County,small/mid,Midwest,West North Central,571.428,15971,10029,13.66667,21
1995,31159,NE,Seward County,small/mid,Midwest,West North Central,571.428,16216,10277,15.33333,29
1996,31159,NE,Seward County,small/mid,Midwest,West North Central,571.428,16295,10384,17,29
1997,31159,NE,Seward County,Small/mid,Midwest,West North Central,571.428,16258,10407,18.66667,38
1998,31159,NE,Seward County,small/mid,Midwest,West North Central,571.428,16429,10583,20.33333,44
1999,31159,NE,Seward County,  SMALL/MID ,Midwest,West North Central,571.428,16438,10644,22,43
2000,31159,NE,Seward County,small/mid,Midwest,West North Central,571.428,16519,10750,22.33333,35
2001,31159,NE,Seward County,small/mid,Midwest,West North Central,571.428,16607,10836,22.66667,38
2002,31159,NE,Seward County,SMALL/MID,Midwest,West North Central,571.428,16574,10785,23,39
2003,31159,NE,Seward County,small/mid,Midwest,West North Central,571.428,16527,10762,23.33333,38
2004,31159,NE,Seward County,small/mid,Midwest,West North Central,571.428,16681,10915,23.66667,35
2005,31159,NE,Seward County,small/mid,Midwest,West North Central,571.428,16601,10945,24,43
2006,31159,NE,Seward County,small/mid,Midwest,West North Central,571.428,16654,10995,23.375,47
2007,31159,NE,Seward County,small/mid,Midwest,West North Central,571.428,16490,10838,22.75,42
2008,31159,NE,Seward County,  SMALL/MID ,Midwest,West North Central,571.428,16653,10921,22.125,39
2009,31159,NE,Seward County,small/mid,Midwest,West North Central,571.428,16536,10794,21.5,35
2010,31159,NE,Seward County,small/mid,Midwest,West North Central,571.428,16750,10962,20.875,42
2011,31159,NE,Seward County,small/mid,Midwest,West North Central,571.428,16798,10991,20.25,37
2012,31159,NE,Seward County,small/mid,Midwest,West North Central,571.428,16703,10924,19.625,38
2013,31159,NE,Seward County,small/mid,Midwest,West North Central,571.428,16897,10973,19,35
2014,31159,NE,Seward County,small/mid,Midwest,West North Central,571.428,16994,10981,19,24
2015,31159,NE,Seward County,small/mid,Midwest,West North Central,571.428,17006,10946,19,31
2016,31159,NE,Seward County,small/mid,Midwest,West North Central,571.428,16981,10894,,
1970,31161,NE,Sheridan County,rural,Midwest,West North Central,2440.874,7260,4059,20,
1971,31161,NE,Sheridan County,rural,Midwest,West North Central,2440.874,7184,4039,19.75,
1972,31161,NE,Sheridan County,rural,Midwest,West North Central,2440.874,7397,4223,19.5,
1973,31161,NE,Sheridan County,rural,Midwest,West North Central,2440.874,7614,4411,19.25,
1974,31161,NE,Sheridan County,rural,Midwest,West North Central,2440.874,7339,4264,19,
1975,31161,NE,Sheridan County,rural,Midwest,West North Central,2440.874,7425,4369,18.75,
1976,31161,NE,Sheridan County,rural,Midwest,West North Central,2440.874,7625,4534,18.5,
1977,31161,NE,Sheridan County,RURAL,Midwest,West North Central,2440.874,7672,4575,18.25,
1978,31161,NE,Sheridan County,rural,Midwest,West North Central,2440.874,7657,4560,18,
1979,31161,NE,Sheridan County,rural,Midwest,West North Central,2440.874,7539,4492,17.4,
1980,31161,NE,Sheridan County,rural,Midwest,West North Central,2440.874,7557,4507,16.8,
1981,31161,NE,Sheridan County,rural,Midwest,West North Central,2440.874,7575,4496,16.2,
1982,31161,NE,Sheridan County,rural,Midwest,West North Central,2440.874,7637,4498,15.6,
1983,31161,NE,Sheridan County, rural,Midwest,West North Central,2440.874,7680,4497,15,26
1984,31161,NE,Sheridan County,rural,Midwest,West North Central,2440.874,7642,4454,15,25
1985,31161,NE,Sheridan County,rural,Midwest,West North Central,2440.874,7445,4314,15,20
1986,31161,NE,Sheridan County,rural,Midwest,West North Central,2440.874,7296,4199,13,12
1987,31161,NE,Sheridan County,rural,Midwest,West North Central,2440.874,7259,4148,17,12
1988,31161,NE,Sheridan County,rural,Midwest,West North Central,2440.874,7215,4096,20,16
1989,31161,NE,Sheridan County,rural,Midwest,West North Central,2440.874,7010,3938,18.8,16
1990,31161,NE,Sheridan County,RURAL,Midwest,West North Central,2440.874,6690,3719,17.6,14
1991,31161,NE,Sheridan County,rural,Midwest,West North Central,2440.874,6584,3664,16.4,9
1992,31161,NE,Sheridan County,rural,Midwest,West North Central,2440.874,6563,3684,15.2,6
1992,31161,NE,Sheridan County,rural,Midwest,West North Central,2440.874,6563,3684,15.2,6
1993,31161,NE,Sheridan County,rural,Midwest,West North Central,2440.874,6542,3680,14,7
1993,31161,NE,Sheridan County,rural,Midwest,West North Central,2440.874,6542,3680,14,7
1994,31161,NE,Sheridan County,rural,Midwest,West North Central,2440.874,6550,3709,14.5,15
1995,31161,NE,Sheridan County,  RURAL ,Midwest,West North Central,2440.874,6555,3749,15,15
1996,31161,NE,Sheridan County,rural,Midwest,West North Central,2440.874,6566,3788,15.5,16
1997,31161,NE,Sheridan County,rural,Midwest,West North Central,2440.874,6516,3781,16,21
1998,31161,NE,Sheridan County,rural,Midwest,West North Central,2440.874,6345,3685,16.5,33
1999,31161,NE,Sheridan County,rural,Midwest,West North Central,2440.874,6286,3668,17,22
2000,31161,NE,Sheridan County,rural,Midwest,West North Central,2440.874,6165,3603,16.66667,23
2001,31161,NE,Sheridan County, rural,Midwest,West North Central,2440.874,5995,3491,16.33333,38
2002,31161,NE,Sheridan County,rural,Midwest,West North Central,2440.874,5995,3544,16,34
2003,31161,NE,Sheridan County,rural,Midwest,West North Central,2440.874,5842,3444,15.66667,43
2004,31161,NE,Sheridan County,rural,Midwest,West North Central,2440.874,5851,3455,15.33333,35
2005,31161,NE,Sheridan County,rural,Midwest,West North Central,2440.874,5726,3409,15,29
2006,31161,NE,Sheridan County,rural,Midwest,West North Central,2440.874,5649,3317,15,34
2007,31161,NE,Sheridan County,rural,Midwest,West North Central,2440.874,5592,3284,15,32
2008,31161,NE,Sheridan County,rural,Midwest,West North Central,2440.874,5500,3207,15,37
2008,31161,NE,Sheridan County,rural,Midwest,West North Central,2440.874,5500,3207,15,37
2009,31161,NE,Sheridan County,rural,Midwest,West North Central,2440.874,5498,3215,15,34
2010,31161,NE,Sheridan County,rural,Midwest,West North Central,2440.874,5469,3201,15,34
2011,31161,NE,Sheridan County,rural,Midwest,West North Central,2440.874,5444,3193,15,34
2012,31161,NE,Sheridan County,rural,Midwest,West North Central,2440.874,5360,3184,15,25
2013,31161,NE,Sheridan County,rural,Midwest,West North Central,2440.874,5329,3142,15,20
2014,31161,NE,Sheridan County,rural,Midwest,West North Central,2440.874,5209,3038,15,22
2015,31161,NE,Sheridan County,rural,Midwest,West North Central,2440.874,5253,3036,15,19
2015,31161,NE,Sheridan County,rural,Midwest,West North Central,2440.874,5253,3036,15,19
2016,31161,NE,Sheridan County,rural,Midwest,West North Central,2440.874,5215,3020,,
1970,31163,NE,Sherman County,rural,Midwest,West North Central,565.829,4678,2582,2,
1971,31163,NE,Sherman County,rural,Midwest,West North Central,565.829,4509,2467,1.875,
1972,31163,NE,Sherman County,  RURAL ,Midwest,West North Central,565.829,4383,2390,1.75,
1973,31163,NE,Sherman County,rural,Midwest,West North Central,565.829,4439,2434,1.625,
1974,31163,NE,Sherman County,rural,Midwest,West North Central,565.829,4386,2411,1.5,
1975,31163,NE,Sherman County,rural,Midwest,West North Central,565.829,4232,2320,515,
1975,31163,,,,,,,,,1.375,
1976,31163,NE,Sherman County,rural,Midwest,West North Central,565.829,4138,2261,1.25,
1977,31163,NE,Sherman County, rural,Midwest,West North Central,565.829,4036,2204,1.125,
1977,31163,NE,Sherman County, rural,Midwest,West North Central,565.829,4036,2204,1.125,
1978,31163,NE,Sherman County,rural,Midwest,West North Central,565.829,3951,2141,1,
1979,31163,NE,Sherman County,rural,Midwest,West North Central,565.829,4046,2220,0,
1980,31163,NE,Sherman County,rural,Midwest,West North Central,565.829,4215,2345,0,
1981,31163,NE,Sherman County, rural,Midwest,West North Central,565.829,4165,2318,0,
1982,31163,NE,Sherman County,rural  ,Midwest,West North Central,565.829,4117,2293,0,
1983,31163,NE,Sherman County,rural,Midwest,West North Central,565.829,4098,2282,0,
1984,31163,NE,Sherman County,rural,Midwest,West North Central,565.829,4070,2268,0.3238678,0
1985,31163,NE,Sherman County,rural,Midwest,West North Central,565.829,3984,2224,0.3012294,0
1986,31163,NE,Sherman County,rural  ,Midwest,West North Central,565.829,3902,2176,0.2793325,0
1987,31163,NE,Sherman County,rural,Midwest,West North Central,565.829,3844,2147,0.2603572,
1988,31163,NE,Sherman County,rural,Midwest,West North Central,565.829,3793,2116,0.236689,0
1989,31163,NE,Sherman County,rural,Midwest,West North Central,565.829,3781,2104,0.3841169,0
1990,31163,NE,Sherman County,rural,Midwest,West North Central,565.829,3702,2067,0.524801,0
1991,31163,NE,Sherman County,rural,Midwest,West North Central,565.829,3669,2049,0.6693735,
1992,31163,NE,Sherman County,rural,Midwest,West North Central,565.829,3656,2045,0.8163673,
1993,31163,NE,Sherman County,rural,Midwest,West North Central,565.829,3598,2019,0.9561923,
1994,31163,NE,Sherman County,rural,Midwest,West North Central,565.829,3548,2001,0.7129453,
1995,31163,NE,Sherman County,rural,Midwest,West North Central,565.829,3526,1997,0.9484683,
1996,31163,NE,Sherman County,rural,Midwest,West North Central,565.829,3530,2008,0.9523358,
1997,31163,NE,Sherman County,rural,Midwest,West North Central,565.829,3453,1982,0.9488929,
1998,31163,NE,Sherman County,rural,Midwest,West North Central,565.829,3359,1928,0.9425569,0
1999,31163,NE,Sherman County,rural,Midwest,West North Central,565.829,3384,1948,1.445461,0
2000,31163,NE,Sherman County,rural,Midwest,West North Central,565.829,3298,1892,1.493167,
2001,31163,NE,Sherman County,  RURAL ,Midwest,West North Central,565.829,3289,1908,1.574257,
2002,31163,NE,Sherman County, rural,Midwest,West North Central,565.829,3228,1878,1.636907,
2002,31163,NE,Sherman County, rural,Midwest,West North Central,565.829,3228,1878,1.636907,
2003,31163,NE,Sherman County,rural,Midwest,West North Central,565.829,3222,1883,1.705405,4
2003,31163,NE,Sherman County,rural,Midwest,West North Central,565.829,3222,1883,1.705405,4
2004,31163,NE,Sherman County,rural,Midwest,West North Central,565.829,3255,1917,1.823675,6
2005,31163,NE,Sherman County,rural,Midwest,West North Central,565.829,3239,1915,1.910224,7
2006,31163,NE,Sherman County,rural,Midwest,West North Central,565.829,3148,1884,1.847404,
2007,31163,NE,Sherman County,RURAL,Midwest,West North Central,565.829,3145,1873,1.828641,
2008,31163,NE,Sherman County,rural,Midwest,West North Central,565.829,3147,1882,1.827126,
2009,31163,NE,Sherman County,rural,Midwest,West North Central,565.829,3129,1843,1.785853,6
2010,31163,NE,Sherman County,rural,Midwest,West North Central,565.829,3152,1844,1.74056,5
2011,31163,NE,Sherman County,rural,Midwest,West North Central,565.829,3164,1846,1.691072,4
2012,31163,NE,Sherman County,RURAL,Midwest,West North Central,565.829,3101,1800,1.649663,
2013,31163,NE,Sherman County,rural,Midwest,West North Central,565.829,3078,1753,1.607695,
2014,31163,NE,Sherman County,rural,Midwest,West North Central,565.829,3061,1738,1.607695,4
2015,31163,NE,Sherman County,rural,Midwest,West North Central,565.829,3034,1735,1.607695,4
2015,31163,NE,Sherman County,rural,Midwest,West North Central,565.829,3034,1735,1.607695,4
2016,31163,NE,Sherman County,rural,Midwest,West North Central,565.829,3036,1737,,
1970,31165,NE,Sioux County,rural,Midwest,West North Central,2066.627,2045,1261,0,
1971,31165,NE,Sioux County,rural,Midwest,West North Central,2066.627,2119,1322,0,
1972,31165,NE,Sioux County,rural,Midwest,West North Central,2066.627,2084,1303,0,
1973,31165,NE,Sioux County,rural,Midwest,West North Central,2066.627,2172,1379,0,
1974,31165,NE,Sioux County, rural,Midwest,West North Central,2066.627,1983,1252,0,
1975,31165,NE,Sioux County,rural,Midwest,West North Central,2066.627,2129,1369,0,
1976,31165,NE,Sioux County,rural  ,Midwest,West North Central,2066.627,2072,1335,0,
1977,31165,NE,Sioux County,rural,Midwest,West North Central,2066.627,2070,1339,0,
1978,31165,NE,Sioux County,rural  ,Midwest,West North Central,2066.627,2116,1380,0,
1979,31165,NE,Sioux County,rural,Midwest,West North Central,2066.627,2114,1391,0,
1979,31165,NE,Sioux County,rural,Midwest,West North Central,2066.627,2114,1391,0,
1980,31165,NE,Sioux County,rural,Midwest,West North Central,2066.627,1842,1191,0,
1981,31165,NE,Sioux County,rural,Midwest,West North Central,2066.627,1839,1185,0,
1982,31165,NE,Sioux County,rural,Midwest,West North Central,2066.627,1879,1202,0,
1982,31165,NE,Sioux County,rural,Midwest,West North Central,2066.627,1879,1202,0,
1983,31165,NE,Sioux County,rural,Midwest,West North Central,2066.627,1875,1195,0,0
1984,31165,NE,Sioux County,rural,Midwest,West North Central,2066.627,1791,1136,0,0
1985,31165,NE,Sioux County,rural,Midwest,West North Central,2066.627,1728,1093,0,0
1986,31165,NE,Sioux County,rural,Midwest,West North Central,2066.627,1674,1058,0,0
1987,31165,NE,Sioux County,rural,Midwest,West North Central,2066.627,1635,1027,0,
1988,31165,NE,Sioux County,rural,Midwest,West North Central,2066.627,1632,1023,0,0
1989,31165,NE,Sioux County,  RURAL ,Midwest,West North Central,2066.627,1583,985,0,0
1990,31165,NE,Sioux County,rural,Midwest,West North Central,2066.627,1539,954,0,0
1991,31165,NE,Sioux County,rural,Midwest,West North Central,2066.627,1537,954,0,0
1992,31165,NE,Sioux County,rural,Midwest,West North Central,2066.627,1553,970,0,0
1993,31165,NE,Sioux County,RURAL,Midwest,West North Central,2066.627,1580,988,0,0
1994,31165,NE,Sioux County,rural,Midwest,West North Central,2066.627,1572,990,0,0
1995,31165,NE,Sioux County,rural,Midwest,West North Central,2066.627,1618,1032,0,0
1996,31165,NE,Sioux County,Rural,Midwest,West North Central,2066.627,1534,964,0,
1997,31165,NE,Sioux County,rural,Midwest,West North Central,2066.627,1560,1005,0,
1998,31165,NE,Sioux County,rural,Midwest,West North Central,2066.627,1536,987,0,
1998,31165,NE,Sioux County,rural,Midwest,West North Central,2066.627,1536,987,0,
1999,31165,NE,Sioux County,rural,Midwest,West North Central,2066.627,1475,944,0,
2000,31165,NE,Sioux County,rural,Midwest,West North Central,2066.627,1471,947,0,
2001,31165,NE,Sioux County,rural,Midwest,West North Central,2066.627,1406,914,0,
2002,31165,NE,Sioux County, rural,Midwest,West North Central,2066.627,1443,909,0,
2003,31165,NE,Sioux County,rural,Midwest,West North Central,2066.627,1489,943,0,
2004,31165,NE,Sioux County, rural,Midwest,West North Central,2066.627,1438,907,0,
2005,31165,NE,Sioux County,rural,Midwest,West North Central,2066.627,1437,888,0,
2006,31165,NE,Sioux County,rural,Midwest,West North Central,2066.627,1409,853,501,
2006,31165,,,,,,,,,0,
2007,31165,NE,Sioux County,rural,Midwest,West North Central,2066.627,1404,839,0,
2008,31165,NE,Sioux County,rural,Midwest,West North Central,2066.627,1360,822,0,
2009,31165,NE,Sioux County,rural,Midwest,West North Central,2066.627,1324,805,0,
2010,31165,NE,Sioux County,rural,Midwest,West North Central,2066.627,1311,790,0,
2011,31165,NE,Sioux County,rural  ,Midwest,West North Central,2066.627,1311,792,0,
2012,31165,NE,Sioux County,rural,Midwest,West North Central,2066.627,1319,801,0,
2013,31165,NE,Sioux County,rural,Midwest,West North Central,2066.627,1323,796,0,
2014,31165,NE,Sioux County,rural,Midwest,West North Central,2066.627,1330,799,0,
2015,31165,NE,Sioux County,rural,Midwest,West North Central,2066.627,1321,799,501,0
2015,31165,,,,,,,,,0,
2016,31165,NE,Sioux County, rural,Midwest,West North Central,2066.627,1276,765,,
1970,31167,NE,Stanton County,rural,Midwest,West North Central,427.607,5759,3217,2.82831,
1971,31167,NE,Stanton County,rural,Midwest,West North Central,427.607,5758,3237,0.8347405,
1972,31167,NE,Stanton County,rural,Midwest,West North Central,427.607,5780,3282,0.8785637,
1973,31167,NE,Stanton County,rural,Midwest,West North Central,427.607,5921,3407,0.9125022,
1974,31167,NE,Stanton County,rural,Midwest,West North Central,427.607,6254,3657,0.9893588,
1975,31167,NE,Stanton County,rural,Midwest,West North Central,427.607,6495,3847,1.03028,
1976,31167,NE,Stanton County,rural,Midwest,West North Central,427.607,6281,3714,1.047571,
1977,31167,NE,Stanton County,rural,Midwest,West North Central,427.607,6297,3727,1.08633,
1978,31167,NE,Stanton County, rural,Midwest,West North Central,427.607,6202,3671,1.106625,
1979,31167,NE,Stanton County,rural,Midwest,West North Central,427.607,6468,3872,1.178455,
1980,31167,NE,Stanton County,rural,Midwest,West North Central,427.607,6556,3930,1.210576,
1981,31167,NE,Stanton County,rural,Midwest,West North Central,427.607,6545,3926,1.252971,
1982,31167,NE,Stanton County,rural,Midwest,West North Central,427.607,6489,3890,1.285559,
1983,31167,NE,Stanton County,rural,Midwest,West North Central,427.607,6481,3884,1.329833,
1984,31167,NE,Stanton County,rural,Midwest,West North Central,427.607,6379,3820,1.592404,
1985,31167,NE,Stanton County,rural,Midwest,West North Central,427.607,6374,3823,1.881486,
1986,31167,NE,Stanton County,rural,Midwest,West North Central,427.607,6267,3760,2.144996,
1987,31167,NE,Stanton County,rural,Midwest,West North Central,427.607,6204,3718,2.431242,5
1988,31167,NE,Stanton County, rural,Midwest,West North Central,427.607,6217,3721,2.715398,5
1989,31167,NE,Stanton County,rural,Midwest,West North Central,427.607,6154,3670,3.273944,7
1990,31167,NE,Stanton County,rural,Midwest,West North Central,427.607,6282,3755,3.898887,6
1991,31167,NE,Stanton County,rural,Midwest,West North Central,427.607,6298,3776,4.453815,4
1992,31167,NE,Stanton County,rural,Midwest,West North Central,427.607,6257,3760,4.997293,5
1993,31167,NE,Stanton County,rural,Midwest,West North Central,427.607,6239,3766,5.509204,6
1994,31167,NE,Stanton County,rural,Midwest,West North Central,427.607,6297,3821,5.212406,
1995,31167,NE,Stanton County,rural,Midwest,West North Central,427.607,6396,3942,4.968451,5
1996,31167,NE,Stanton County,rural,Midwest,West North Central,427.607,6396,3957,4.632405,9
1997,31167,NE,Stanton County,rural,Midwest,West North Central,427.607,6430,4001,4.31757,10
1998,31167,NE,Stanton County,rural,Midwest,West North Central,427.607,6537,4106,4.030049,10
1999,31167,NE,Stanton County,rural,Midwest,West North Central,427.607,6483,4064,3.698328,8
2000,31167,NE,Stanton County,rural,Midwest,West North Central,427.607,6416,4018,6.448699,9
2001,31167,NE,Stanton County,rural,Midwest,West North Central,427.607,6374,4026,6.504039,8
2002,31167,NE,Stanton County,rural,Midwest,West North Central,427.607,6453,4089,6.590606,11
2003,31167,NE,Stanton County,rural,Midwest,West North Central,427.607,6437,4120,6.604832,15
2004,31167,NE,Stanton County,rural,Midwest,West North Central,427.607,6426,4104,6.622406,15
2005,31167,NE,Stanton County,rural,Midwest,West North Central,427.607,6376,4078,5.614502,11
2006,31167,NE,Stanton County,rural,Midwest,West North Central,427.607,6363,4081,5.171178,9
2007,31167,NE,Stanton County,rural,Midwest,West North Central,427.607,6248,3970,4.199577,7
2008,31167,NE,Stanton County,rural,Midwest,West North Central,427.607,6145,3918,3.251067,7
2009,31167,NE,Stanton County,rural  ,Midwest,West North Central,427.607,6157,3914,11.67522,9
2010,31167,NE,Stanton County,rural,Midwest,West North Central,427.607,6128,3872,2.792544,10
2011,31167,NE,Stanton County,Rural,Midwest,West North Central,427.607,6142,3867,5.137923,7
2012,31167,NE,Stanton County,rural  ,Midwest,West North Central,427.607,6175,3878,5.104723,7
2013,31167,NE,Stanton County,  RURAL ,Midwest,West North Central,427.607,6090,3837,4.654171,8
2014,31167,NE,Stanton County,rural,Midwest,West North Central,427.607,6088,3832,4.195025,4
2015,31167,NE,Stanton County,rural,Midwest,West North Central,427.607,6096,3838,4.195025,6
2016,31167,NE,Stanton County,rural,Midwest,West North Central,427.607,5943,3712,,
1970,31169,NE,Thayer County,rural,Midwest,West North Central,573.807,7760,4299,3,
1971,31169,NE,Thayer County,rural,Midwest,West North Central,573.807,7654,4230,2.875,
1972,31169,NE,Thayer County,rural,Midwest,West North Central,573.807,7683,4275,2.75,
1973,31169,NE,Thayer County,rural,Midwest,West North Central,573.807,7547,4199,2.625,
1974,31169,NE,Thayer County,rural,Midwest,West North Central,573.807,7540,4228,2.5,
1975,31169,NE,Thayer County,rural,Midwest,West North Central,573.807,7489,4236,2.375,
1976,31169,NE,Thayer County,rural  ,Midwest,West North Central,573.807,7412,4197,2.25,
1977,31169,NE,Thayer County,Rural,Midwest,West North Central,573.807,7420,4220,2.125,
1978,31169,NE,Thayer County,rural,Midwest,West North Central,573.807,7635,4390,2,
1979,31169,NE,Thayer County,rural,Midwest,West North Central,573.807,7406,4238,2,
1980,31169,NE,Thayer County,rural,Midwest,West North Central,573.807,7598,4364,2,
1981,31169,NE,Thayer County,RURAL,Midwest,West North Central,573.807,7614,4354,2,
1981,31169,NE,Thayer County,RURAL,Midwest,West North Central,573.807,7614,4354,2,
1982,31169,NE,Thayer County,rural,Midwest,West North Central,573.807,7590,4312,2,
1983,31169,NE,Thayer County,rural,Midwest,West North Central,573.807,7464,4214,2,
1984,31169,NE,Thayer County,rural,Midwest,West North Central,573.807,7420,4167,1.8,0
1985,31169,NE,Thayer County,RURAL,Midwest,West North Central,573.807,7248,4044,1.6,
1986,31169,NE,Thayer County,rural  ,Midwest,West North Central,573.807,7070,3911,1.4,4
1986,31169,NE,Thayer County,rural  ,Midwest,West North Central,573.807,7070,3911,1.4,4
1987,31169,NE,Thayer County,rural,Midwest,West North Central,573.807,6899,3791,1.2,
1988,31169,NE,Thayer County,rural,Midwest,West North Central,573.807,6854,3742,1,
1989,31169,NE,Thayer County,rural,Midwest,West North Central,573.807,6732,3640,1.4,
1990,31169,NE,Thayer County,rural,Midwest,West North Central,573.807,6610,3561,1.8,0
1991,31169,NE,Thayer County,rural,Midwest,West North Central,573.807,6610,3569,2.2,4
1992,31169,NE,Thayer County,rural,Midwest,West North Central,573.807,6580,3583,2.6,
1993,31169,NE,Thayer County,rural,Midwest,West North Central,573.807,6532,3576,3,0
1993,31169,NE,Thayer County,rural,Midwest,West North Central,573.807,6532,3576,3,0
1994,31169,NE,Thayer County,rural,Midwest,West North Central,573.807,6508,3574,3,
1995,31169,NE,Thayer County,rural,Midwest,West North Central,573.807,6396,3518,3,7
1996,31169,NE,Thayer County,Rural,Midwest,West North Central,573.807,6359,3511,3,7
1997,31169,NE,Thayer County,rural,Midwest,West North Central,573.807,6233,3448,3,13
1998,31169,NE,Thayer County,rural,Midwest,West North Central,573.807,6211,3453,4,9
1999,31169,NE,Thayer County,rural,Midwest,West North Central,573.807,6096,3421,2,11
2000,31169,NE,Thayer County,rural,Midwest,West North Central,573.807,6030,3410,2.166667,11
2001,31169,NE,Thayer County,rural,Midwest,West North Central,573.807,5884,3308,2.333333,7
2002,31169,NE,Thayer County,Rural,Midwest,West North Central,573.807,5723,3217,2.5,10
2003,31169,NE,Thayer County,rural,Midwest,West North Central,573.807,5625,3180,2.666667,7
2004,31169,NE,Thayer County,rural,Midwest,West North Central,573.807,5495,3127,2.833333,8
2005,31169,NE,Thayer County,rural,Midwest,West North Central,573.807,5454,3111,3,11
2006,31169,NE,Thayer County,rural,Midwest,West North Central,573.807,5312,3053,5,12
2007,31169,NE,Thayer County,rural,Midwest,West North Central,573.807,5308,3080,5,13
2008,31169,NE,Thayer County,rural,Midwest,West North Central,573.807,5253,3023,3,13
2008,31169,NE,Thayer County,rural,Midwest,West North Central,573.807,5253,3023,3,13
2009,31169,NE,Thayer County,rural,Midwest,West North Central,573.807,5210,2973,3,10
2010,31169,NE,Thayer County,RURAL,Midwest,West North Central,573.807,5228,2976,3,8
2011,31169,NE,Thayer County,rural,Midwest,West North Central,573.807,5234,2979,4,12
2011,31169,NE,Thayer County,rural,Midwest,West North Central,573.807,5234,2979,4,12
2012,31169,NE,Thayer County,rural,Midwest,West North Central,573.807,5168,2954,2,16
2013,31169,NE,Thayer County,RURAL,Midwest,West North Central,573.807,5144,2946,5,10
2014,31169,NE,Thayer County,rural,Midwest,West North Central,573.807,5179,2971,4,14
2015,31169,NE,Thayer County,rural,Midwest,West North Central,573.807,5213,2985,4,14
2016,31169,NE,Thayer County,rural,Midwest,West North Central,573.807,5130,2911,,
1970,31171,NE,Thomas County,rural,Midwest,West North Central,712.9,970,581,0,
1971,31171,NE,Thomas County,rural,Midwest,West North Central,712.9,1022,619,0,
1972,31171,NE,Thomas County,rural,Midwest,West North Central,712.9,985,601,0,
1973,31171,NE,Thomas County,rural,Midwest,West North Central,712.9,919,562,0,
1974,31171,NE,Thomas County,rural,Midwest,West North Central,712.9,915,559,0,
1975,31171,NE,Thomas County,rural,Midwest,West North Central,712.9,901,556,0,
1976,31171,NE,Thomas County,rural,Midwest,West North Central,712.9,834,502,0,
1977,31171,NE,Thomas County,rural,Midwest,West North Central,712.9,824,496,0,
1978,31171,NE,Thomas County,rural,Midwest,West North Central,712.9,995,617,0,
1979,31171,NE,Thomas County,RURAL,Midwest,West North Central,712.9,992,621,0,
1980,31171,NE,Thomas County,RURAL,Midwest,West North Central,712.9,973,604,0,
1981,31171,NE,Thomas County,rural,Midwest,West North Central,712.9,966,597,0,
1982,31171,NE,Thomas County,rural,Midwest,West North Central,712.9,961,592,0,
1983,31171,NE,Thomas County,rural,Midwest,West North Central,712.9,959,591,0,0
1984,31171,NE,Thomas County,Rural,Midwest,West North Central,712.9,956,585,0,0
1985,31171,NE,Thomas County,rural,Midwest,West North Central,712.9,946,578,0,0
1986,31171,NE,Thomas County,rural,Midwest,West North Central,712.9,925,566,0,
1987,31171,NE,Thomas County,rural,Midwest,West North Central,712.9,907,552,0,
1988,31171,NE,Thomas County,rural,Midwest,West North Central,712.9,901,548,501,0
1988,31171,,,,,,,,,0,
1989,31171,NE,Thomas County,rural,Midwest,West North Central,712.9,861,522,0,0
1990,31171,NE,Thomas County,rural  ,Midwest,West North Central,712.9,850,515,0,0
1991,31171,NE,Thomas County,rural,Midwest,West North Central,712.9,815,495,0,
1992,31171,NE,Thomas County,rural,Midwest,West North Central,712.9,791,479,0,0
1993,31171,NE,Thomas County,rural,Midwest,West North Central,712.9,864,531,0,0
1994,31171,NE,Thomas County,rural,Midwest,West North Central,712.9,781,486,0,0
1995,31171,NE,Thomas County,rural,Midwest,West North Central,712.9,771,487,0,0
1996,31171,NE,Thomas County,rural,Midwest,West North Central,712.9,758,483,0,0
1997,31171,NE,Thomas County,rural,Midwest,West North Central,712.9,733,457,0,0
1998,31171,NE,Thomas County,RURAL,Midwest,West North Central,712.9,708,454,0,0
1999,31171,NE,Thomas County,rural,Midwest,West North Central,712.9,721,456,0,0
2000,31171,NE,Thomas County,rural,Midwest,West North Central,712.9,733,466,0,0
2001,31171,NE,Thomas County,rural,Midwest,West North Central,712.9,717,451,0,0
2002,31171,NE,Thomas County,rural,Midwest,West North Central,712.9,691,437,0,0
2003,31171,NE,Thomas County,rural,Midwest,West North Central,712.9,689,451,0,0
2004,31171,NE,Thomas County,rural,Midwest,West North Central,712.9,664,436,0,0
2004,31171,NE,Thomas County,rural,Midwest,West North Central,712.9,664,436,0,0
2005,31171,NE,Thomas County,rural,Midwest,West North Central,712.9,661,430,0,0
2006,31171,NE,Thomas County,rural,Midwest,West North Central,712.9,659,420,0,0
2007,31171,NE,Thomas County,rural,Midwest,West North Central,712.9,667,417,0,0
2008,31171,NE,Thomas County,rural,Midwest,West North Central,712.9,661,408,0,0
2009,31171,NE,Thomas County,Rural,Midwest,West North Central,712.9,655,403,0,0
2010,31171,NE,Thomas County,Rural,Midwest,West North Central,712.9,647,393,0,0
2011,31171,NE,Thomas County,rural,Midwest,West North Central,712.9,647,388,0,0
2012,31171,NE,Thomas County,rural,Midwest,West North Central,712.9,698,411,0,0
2013,31171,NE,Thomas County,rural,Midwest,West North Central,712.9,701,407,0,0
2013,31171,NE,Thomas County,rural,Midwest,West North Central,712.9,701,407,0,0
2014,31171,NE,Thomas County,  RURAL ,Midwest,West North Central,712.9,705,423,0,0
2015,31171,NE,Thomas County, rural,Midwest,West North Central,712.9,701,417,0,0
2016,31171,NE,Thomas County,rural,Midwest,West North Central,712.9,693,404,,
1970,31173,NE,Thurston County,rural,Midwest,West North Central,393.584,6957,3880,3,
1971,31173,NE,Thurston County,rural,Midwest,West North Central,393.584,6990,3929,5.125,
1972,31173,NE,Thurston County,rural,Midwest,West North Central,393.584,6883,3902,7.25,
1973,31173,NE,Thurston County, rural,Midwest,West North Central,393.584,7135,4102,9.375,
1974,31173,NE,Thurston County,rural,Midwest,West North Central,393.584,7353,4286,11.5,
1975,31173,NE,Thurston County,rural,Midwest,West North Central,393.584,7449,4384,13.625,
1976,31173,NE,Thurston County,rural,Midwest,West North Central,393.584,7465,4394,15.75,
1977,31173,NE,Thurston County,rural,Midwest,West North Central,393.584,7464,4427,17.875,
1978,31173,NE,Thurston County,rural,Midwest,West North Central,393.584,7410,4403,20,
1979,31173,NE,Thurston County,rural,Midwest,West North Central,393.584,7234,4285,17.4,
1979,31173,NE,Thurston County,rural,Midwest,West North Central,393.584,7234,4285,17.4,
1980,31173,NE,Thurston County,RURAL,Midwest,West North Central,393.584,7186,4239,14.8,
1981,31173,NE,Thurston County,rural,Midwest,West North Central,393.584,7300,4276,12.2,
1982,31173,NE,Thurston County,rural,Midwest,West North Central,393.584,7187,4165,9.6,
1983,31173,NE,Thurston County,Rural,Midwest,West North Central,393.584,7104,4099,7,8
1984,31173,NE,Thurston County,rural,Midwest,West North Central,393.584,7072,4054,7.5,9
1985,31173,NE,Thurston County,RURAL,Midwest,West North Central,393.584,6978,3978,8,6
1986,31173,NE,Thurston County,rural,Midwest,West North Central,393.584,6933,3921,7,7
1987,31173,NE,Thurston County,rural,Midwest,West North Central,393.584,6845,3854,1,6
1988,31173,NE,Thurston County,rural,Midwest,West North Central,393.584,6941,3888,6,
1989,31173,NE,Thurston County,rural,Midwest,West North Central,393.584,6959,3873,6.2,
1990,31173,NE,Thurston County,  RURAL ,Midwest,West North Central,393.584,6934,3841,6.4,
1991,31173,NE,Thurston County,rural,Midwest,West North Central,393.584,6984,3899,6.6,5
1992,31173,NE,Thurston County,rural,Midwest,West North Central,393.584,6967,3849,6.8,
1993,31173,NE,Thurston County,rural,Midwest,West North Central,393.584,7118,3932,7,
1994,31173,NE,Thurston County,rural,Midwest,West North Central,393.584,7241,4001,7.5,
1995,31173,NE,Thurston County,rural,Midwest,West North Central,393.584,7203,3982,8,
1996,31173,NE,Thurston County,rural,Midwest,West North Central,393.584,7306,4108,8.5,
1997,31173,NE,Thurston County,rural,Midwest,West North Central,393.584,7263,4081,9,
1998,31173,NE,Thurston County,rural,Midwest,West North Central,393.584,7235,4063,9.5,
1999,31173,NE,Thurston County,rural,Midwest,West North Central,393.584,7138,3988,10,
2000,31173,NE,Thurston County,RURAL,Midwest,West North Central,393.584,7139,4017,11.66667,
2001,31173,NE,Thurston County,rural,Midwest,West North Central,393.584,7085,4001,13.33333,
2002,31173,NE,Thurston County,rural,Midwest,West North Central,393.584,6989,3998,15,
2003,31173,NE,Thurston County,rural,Midwest,West North Central,393.584,6987,3996,16.66667,4
2004,31173,NE,Thurston County,rural,Midwest,West North Central,393.584,6943,4000,18.33333,4
2005,31173,NE,Thurston County,rural,Midwest,West North Central,393.584,7009,4037,20,6
2006,31173,NE,Thurston County,rural,Midwest,West North Central,393.584,6947,4077,19.125,4
2006,31173,NE,Thurston County,rural,Midwest,West North Central,393.584,6947,4077,19.125,4
2007,31173,NE,Thurston County,rural,Midwest,West North Central,393.584,6925,3989,18.25,8
2008,31173,NE,Thurston County,rural,Midwest,West North Central,393.584,6821,3984,17.375,10
2009,31173,NE,Thurston County,rural,Midwest,West North Central,393.584,6866,4008,16.5,9
2010,31173,NE,Thurston County,rural,Midwest,West North Central,393.584,6940,4010,15.625,8
2011,31173,NE,Thurston County,rural,Midwest,West North Central,393.584,6970,4022,14.75,8
2012,31173,NE,Thurston County,rural,Midwest,West North Central,393.584,6904,4009,13.875,7
2013,31173,NE,Thurston County,rural,Midwest,West North Central,393.584,6926,4000,13,8
2014,31173,NE,Thurston County,rural,Midwest,West North Central,393.584,6875,3980,13,7
2015,31173,NE,Thurston County,rural,Midwest,West North Central,393.584,6963,4008,13,7
2016,31173,NE,Thurston County,rural,Midwest,West North Central,393.584,7073,4096,,
1970,31175,NE,Valley County,rural,Midwest,West North Central,568.112,5740,3164,0.8141001,
1971,31175,NE,Valley County,rural,Midwest,West North Central,568.112,5558,3042,0,
1972,31175,NE,Valley County,rural,Midwest,West North Central,568.112,5604,3088,0,
1973,31175,NE,Valley County,rural,Midwest,West North Central,568.112,5412,2966,0,
1974,31175,NE,Valley County,rural,Midwest,West North Central,568.112,5302,2909,0,
1975,31175,NE,Valley County,rural  ,Midwest,West North Central,568.112,5292,2916,0,
1976,31175,NE,Valley County,rural,Midwest,West North Central,568.112,5213,2887,0,
1977,31175,NE,Valley County,rural,Midwest,West North Central,568.112,5255,2930,0,
1978,31175,NE,Valley County,RURAL,Midwest,West North Central,568.112,5293,2977,0.8024259,
1979,31175,NE,Valley County,rural,Midwest,West North Central,568.112,5366,3038,0.7661535,
1980,31175,NE,Valley County,rural,Midwest,West North Central,568.112,5638,3236,0.7612127,
1981,31175,NE,Valley County,rural,Midwest,West North Central,568.112,5643,3236,0.7235565,
1982,31175,NE,Valley County,  RURAL ,Midwest,West North Central,568.112,5687,3246,0.6880763,
1983,31175,NE,Valley County,rural,Midwest,West North Central,568.112,5753,3281,0.6480774,
1984,31175,NE,Valley County,rural,Midwest,West North Central,568.112,5783,3290,0.4698082,
1985,31175,NE,Valley County,rural,Midwest,West North Central,568.112,5727,3249,0.4400604,0
1986,31175,NE,Valley County,RURAL,Midwest,West North Central,568.112,5644,3187,0.4091143,0
1987,31175,NE,Valley County,rural,Midwest,West North Central,568.112,5440,3060,0.3710726,0
1988,31175,NE,Valley County,RURAL,Midwest,West North Central,568.112,5329,2993,0.3347875,0
1989,31175,NE,Valley County,RURAL,Midwest,West North Central,568.112,5211,2914,0.5319945,
1990,31175,NE,Valley County,rural,Midwest,West North Central,568.112,5169,2884,0.7322332,
1991,31175,NE,Valley County,rural,Midwest,West North Central,568.112,5071,2799,0.9143857,
1992,31175,NE,Valley County,rural,Midwest,West North Central,568.112,5046,2793,1.11497,
1993,31175,NE,Valley County,rural,Midwest,West North Central,568.112,4965,2742,1.298603,0
1994,31175,NE,Valley County,rural,Midwest,West North Central,568.112,4974,2759,0.9830166,0
1995,31175,NE,Valley County,rural,Midwest,West North Central,568.112,4998,2795,1.327476,0
1996,31175,NE,Valley County,rural,Midwest,West North Central,568.112,4907,2751,1.304719,0
1997,31175,NE,Valley County,rural,Midwest,West North Central,568.112,4862,2741,1.312268,
1998,31175,NE,Valley County,rural,Midwest,West North Central,568.112,4763,2669,1.304815,
1999,31175,NE,Valley County,rural,Midwest,West North Central,568.112,4655,2602,1.930745,
2000,31175,NE,Valley County,rural,Midwest,West North Central,568.112,4649,2619,2.066916,
2001,31175,NE,Valley County,rural,Midwest,West North Central,568.112,4623,2626,2.166667,
2002,31175,NE,Valley County,  RURAL ,Midwest,West North Central,568.112,4541,2607,2.27232,0
2003,31175,NE,Valley County,rural,Midwest,West North Central,568.112,4581,2635,2.386481,0
2004,31175,NE,Valley County,rural,Midwest,West North Central,568.112,4482,2591,2.464863,0
2005,31175,NE,Valley County,rural,Midwest,West North Central,568.112,4395,2562,2.555611,0
2006,31175,NE,Valley County,rural,Midwest,West North Central,568.112,4367,2568,2.518117,
2007,31175,NE,Valley County,rural,Midwest,West North Central,568.112,4327,2524,2.464223,
2008,31175,NE,Valley County,rural,Midwest,West North Central,568.112,4228,2457,2.385361,
2009,31175,NE,Valley County,rural  ,Midwest,West North Central,568.112,4228,2426,2.350775,4
2010,31175,NE,Valley County,rural,Midwest,West North Central,568.112,4260,2477,2.335197,6
2011,31175,NE,Valley County,rural,Midwest,West North Central,568.112,4265,2478,2.290463,4
2012,31175,NE,Valley County,rural,Midwest,West North Central,568.112,4228,2439,2.277703,
2013,31175,NE,Valley County,rural,Midwest,West North Central,568.112,4216,2411,2.221341,
2014,31175,NE,Valley County,rural,Midwest,West North Central,568.112,4182,2388,2.221341,
2015,31175,NE,Valley County,rural,Midwest,West North Central,568.112,4207,2401,2.221341,6
2016,31175,NE,Valley County,rural,Midwest,West North Central,568.112,4152,2346,,
1970,31177,NE,Washington County,small/mid,Midwest,West North Central,389.957,13464,8130,6.110025,
1971,31177,NE,Washington County,  SMALL/MID ,Midwest,West North Central,389.957,14097,8575,3.525647,
1972,31177,NE,Washington County,small/mid,Midwest,West North Central,389.957,14323,8757,3.352359,
1973,31177,NE,Washington County,small/mid,Midwest,West North Central,389.957,14410,8864,3.107212,
1974,31177,NE,Washington County,small/mid,Midwest,West North Central,389.957,14457,8922,2.854939,
1975,31177,NE,Washington County,small/mid,Midwest,West North Central,389.957,14614,9047,2.620156,
1976,31177,NE,Washington County,small/mid,Midwest,West North Central,389.957,14789,9225,2.392872,
1977,31177,NE,Washington County,small/mid,Midwest,West North Central,389.957,15207,9548,2.196476,
1978,31177,NE,Washington County,small/mid,Midwest,West North Central,389.957,15266,9625,1.948512,
1979,31177,NE,Washington County,  SMALL/MID ,Midwest,West North Central,389.957,15431,9784,1.980968,
1979,31177,NE,Washington County,  SMALL/MID ,Midwest,West North Central,389.957,15431,9784,1.980968,
1980,31177,NE,Washington County,small/mid,Midwest,West North Central,389.957,15549,9892,1.978004,
1981,31177,NE,Washington County,small/mid,Midwest,West North Central,389.957,15649,9969,1.994864,
1982,31177,NE,Washington County,small/mid,Midwest,West North Central,389.957,15769,10040,2.011487,
1983,31177,NE,Washington County,small/mid,Midwest,West North Central,389.957,15852,10087,2.017534,6
1984,31177,NE,Washington County,small/mid,Midwest,West North Central,389.957,15834,10090,2.423701,7
1985,31177,NE,Washington County,small/mid,Midwest,West North Central,389.957,15935,10158,2.85318,8
1986,31177,NE,Washington County,small/mid  ,Midwest,West North Central,389.957,16002,10202,3.299171,8
1987,31177,NE,Washington County, small/mid,Midwest,West North Central,389.957,16122,10281,3.74384,6
1988,31177,NE,Washington County,small/mid,Midwest,West North Central,389.957,16334,10414,4.2023,4
1989,31177,NE,Washington County,small/mid,Midwest,West North Central,389.957,16470,10477,4.785947,5
1990,31177,NE,Washington County,small/mid  ,Midwest,West North Central,389.957,16638,10578,5.358448,8
1991,31177,NE,Washington County,small/mid,Midwest,West North Central,389.957,16708,10604,5.944581,14
1992,31177,NE,Washington County,small/mid,Midwest,West North Central,389.957,16923,10784,6.534721,14
1993,31177,NE,Washington County,small/mid,Midwest,West North Central,389.957,17223,11008,7.149909,13
1994,31177,NE,Washington County,small/mid,Midwest,West North Central,389.957,17391,11129,9.203645,11
1995,31177,NE,Washington County,small/mid,Midwest,West North Central,389.957,17695,11366,11.26695,14
1996,31177,NE,Washington County,small/mid,Midwest,West North Central,389.957,18014,11593,13.36265,15
1997,31177,NE,Washington County,small/mid,Midwest,West North Central,389.957,18237,11808,15.52376,18
1998,31177,NE,Washington County,small/mid,Midwest,West North Central,389.957,18553,12022,17.63684,15
1999,31177,NE,Washington County,small/mid,Midwest,West North Central,389.957,18704,12151,19.73158,18
1999,31177,NE,Washington County,small/mid,Midwest,West North Central,389.957,18704,12151,19.73158,18
2000,31177,NE,Washington County,small/mid,Midwest,West North Central,389.957,18803,12261,20.11319,20
2001,31177,NE,Washington County,small/mid,Midwest,West North Central,389.957,19134,12433,20.60637,18
2002,31177,NE,Washington County,small/mid,Midwest,West North Central,389.957,19264,12543,21.1224,16
2003,31177,NE,Washington County,  SMALL/MID ,Midwest,West North Central,389.957,19510,12691,21.61883,22
2004,31177,NE,Washington County,small/mid,Midwest,West North Central,389.957,19589,12781,22.0002,23
2004,31177,NE,Washington County,small/mid,Midwest,West North Central,389.957,19589,12781,22.0002,23
2005,31177,NE,Washington County,small/mid,Midwest,West North Central,389.957,19861,12954,22.5745,19
2006,31177,NE,Washington County,small/mid,Midwest,West North Central,389.957,20056,13095,22.25044,24
2006,31177,NE,Washington County,small/mid,Midwest,West North Central,389.957,20056,13095,22.25044,24
2007,31177,NE,Washington County,small/mid,Midwest,West North Central,389.957,20203,13226,21.93525,33
2008,31177,NE,Washington County,small/mid,Midwest,West North Central,389.957,20101,13157,21.47279,36
2009,31177,NE,Washington County,small/mid,Midwest,West North Central,389.957,20124,13171,21.06441,35
2009,31177,NE,Washington County,small/mid,Midwest,West North Central,389.957,20124,13171,21.06441,35
2010,31177,NE,Washington County,small/mid,Midwest,West North Central,389.957,20234,13295,20.65888,32
2011,31177,NE,Washington County,SMALL/MID,Midwest,West North Central,389.957,20280,13318,20.16439,39
2012,31177,NE,Washington County,small/mid,Midwest,West North Central,389.957,20274,13268,19.78818,29
2013,31177,NE,Washington County,small/mid,Midwest,West North Central,389.957,20305,13177,19.35536,28
2014,31177,NE,Washington County,small/mid,Midwest,West North Central,389.957,20213,13108,16.28523,24
2015,31177,NE,Washington County,small/mid,Midwest,West North Central,389.957,20289,13082,13.13848,25
2016,31177,NE,Washington County, small/mid,Midwest,West North Central,389.957,20277,12961,,
1970,31179,NE,Wayne County, rural,Midwest,West North Central,442.915,10385,6775,2,
1971,31179,NE,Wayne County,rural,Midwest,West North Central,442.915,10291,6696,2.230769,
1972,31179,NE,Wayne County,rural,Midwest,West North Central,442.915,10013,6488,2.461539,
1973,31179,NE,Wayne County, rural,Midwest,West North Central,442.915,9267,5963,2.692308,
1974,31179,NE,Wayne County,rural,Midwest,West North Central,442.915,9008,5783,2.923077,
1975,31179,NE,Wayne County,  RURAL ,Midwest,West North Central,442.915,9314,6019,3.153846,
1976,31179,NE,Wayne County,rural,Midwest,West North Central,442.915,9481,6189,3.384615,
1976,31179,NE,Wayne County,rural,Midwest,West North Central,442.915,9481,6189,3.384615,
1977,31179,NE,Wayne County,rural,Midwest,West North Central,442.915,9499,6247,3.615385,
1977,31179,NE,Wayne County,rural,Midwest,West North Central,442.915,9499,6247,3.615385,
1978,31179,NE,Wayne County,rural,Midwest,West North Central,442.915,9369,6194,3.846154,
1979,31179,NE,Wayne County,rural,Midwest,West North Central,442.915,9643,6428,4.076923,
1980,31179,NE,Wayne County,rural,Midwest,West North Central,442.915,9848,6605,4.307693,
1981,31179,NE,Wayne County,rural,Midwest,West North Central,442.915,9771,6545,4.538462,
1982,31179,NE,Wayne County,rural,Midwest,West North Central,442.915,9754,6522,4.769231,
1983,31179,NE,Wayne County,rural,Midwest,West North Central,442.915,9750,6505,5,5
1984,31179,NE,Wayne County,rural,Midwest,West North Central,442.915,9811,6541,5,6
1985,31179,NE,Wayne County,Rural,Midwest,West North Central,442.915,9634,6405,5,6
1986,31179,NE,Wayne County,rural,Midwest,West North Central,442.915,9512,6305,5,4
1987,31179,NE,Wayne County,rural,Midwest,West North Central,442.915,9464,6256,5,
1988,31179,NE,Wayne County,rural  ,Midwest,West North Central,442.915,9592,6332,5,4
1989,31179,NE,Wayne County,rural,Midwest,West North Central,442.915,9425,6193,0,
1990,31179,NE,Wayne County,rural,Midwest,West North Central,442.915,9375,6159,0,
1991,31179,NE,Wayne County,rural,Midwest,West North Central,442.915,9615,6355,501,
1991,31179,,,,,,,,,0,
1992,31179,NE,Wayne County,rural,Midwest,West North Central,442.915,9647,6421,0,5
1993,31179,NE,Wayne County,rural,Midwest,West North Central,442.915,9812,6593,0,
1994,31179,NE,Wayne County,Rural,Midwest,West North Central,442.915,9984,6771,0,6
1995,31179,NE,Wayne County,rural,Midwest,West North Central,442.915,9948,6779,0,8
1996,31179,NE,Wayne County,Rural,Midwest,West North Central,442.915,9972,6800,0,15
1997,31179,NE,Wayne County,rural,Midwest,West North Central,442.915,10094,6950,0,9
1997,31179,NE,Wayne County,rural,Midwest,West North Central,442.915,10094,6950,0,9
1998,31179,NE,Wayne County,RURAL,Midwest,West North Central,442.915,10051,6919,0,7
1999,31179,NE,Wayne County,Rural,Midwest,West North Central,442.915,9909,6812,0,9
2000,31179,NE,Wayne County,rural,Midwest,West North Central,442.915,9854,6795,0,9
2000,31179,NE,Wayne County,rural,Midwest,West North Central,442.915,9854,6795,0,9
2001,31179,NE,Wayne County,rural,Midwest,West North Central,442.915,9788,6810,0,7
2002,31179,NE,Wayne County,rural,Midwest,West North Central,442.915,9664,6747,0,4
2003,31179,NE,Wayne County,rural,Midwest,West North Central,442.915,9689,6814,0,9
2003,31179,NE,Wayne County,rural,Midwest,West North Central,442.915,9689,6814,0,9
2004,31179,NE,Wayne County,rural,Midwest,West North Central,442.915,9612,6743,0,11
2005,31179,NE,Wayne County,rural,Midwest,West North Central,442.915,9654,6777,0,6
2006,31179,NE,Wayne County,rural,Midwest,West North Central,442.915,9720,6838,0,11
2007,31179,NE,Wayne County,rural,Midwest,West North Central,442.915,9506,6648,0,9
2008,31179,NE,Wayne County,rural,Midwest,West North Central,442.915,9481,6613,0,14
2009,31179,NE,Wayne County,rural,Midwest,West North Central,442.915,9552,6677,0,9
2010,31179,NE,Wayne County,rural,Midwest,West North Central,442.915,9595,6759,0,9
2011,31179,NE,Wayne County,rural,Midwest,West North Central,442.915,9609,6769,0,9
2012,31179,NE,Wayne County,rural,Midwest,West North Central,442.915,9453,6619,0,8
2013,31179,NE,Wayne County,rural,Midwest,West North Central,442.915,9506,6641,0,6
2013,31179,NE,Wayne County,rural,Midwest,West North Central,442.915,9506,6641,0,6
2014,31179,NE,Wayne County,rural,Midwest,West North Central,442.915,9445,6561,0,12
2015,31179,NE,Wayne County,rural,Midwest,West North Central,442.915,9424,6487,0,19
2016,31179,NE,Wayne County,rural,Midwest,West North Central,442.915,9403,6463,,
1970,31181,NE,Webster County,Rural,Midwest,West North Central,574.913,5359,2871,1,
1970,31181,NE,Webster County,Rural,Midwest,West North Central,574.913,5359,2871,1,
1971,31181,NE,Webster County,RURAL,Midwest,West North Central,574.913,5246,2809,1.230769,
1972,31181,NE,Webster County,rural,Midwest,West North Central,574.913,5046,2699,1.461538,
1973,31181,NE,Webster County,rural,Midwest,West North Central,574.913,5225,2849,1.692308,
1974,31181,NE,Webster County,rural,Midwest,West North Central,574.913,5202,2867,1.923077,
1975,31181,NE,Webster County,rural,Midwest,West North Central,574.913,5097,2826,2.153846,
1976,31181,NE,Webster County,rural,Midwest,West North Central,574.913,5044,2813,2.384615,
1977,31181,NE,Webster County,rural,Midwest,West North Central,574.913,5015,2823,2.615385,
1978,31181,NE,Webster County,rural,Midwest,West North Central,574.913,4867,2733,2.846154,
1979,31181,NE,Webster County,rural,Midwest,West North Central,574.913,4783,2690,3.076923,
1979,31181,NE,Webster County,rural,Midwest,West North Central,574.913,4783,2690,3.076923,
1980,31181,NE,Webster County,rural,Midwest,West North Central,574.913,4856,2753,3.307692,
1981,31181,NE,Webster County,rural,Midwest,West North Central,574.913,4821,2723,3.538461,
1982,31181,NE,Webster County,rural,Midwest,West North Central,574.913,4808,2697,3.769231,
1983,31181,NE,Webster County,rural,Midwest,West North Central,574.913,4817,2685,4,0
1984,31181,NE,Webster County,rural,Midwest,West North Central,574.913,4735,2628,3.6,0
1985,31181,NE,Webster County,rural,Midwest,West North Central,574.913,4609,2543,3.2,0
1986,31181,NE,Webster County,rural,Midwest,West North Central,574.913,4498,2466,2.8,
1987,31181,NE,Webster County,rural,Midwest,West North Central,574.913,4385,2389,2.4,0
1988,31181,NE,Webster County,rural,Midwest,West North Central,574.913,4368,2364,2,0
1989,31181,NE,Webster County,rural,Midwest,West North Central,574.913,4314,2317,2,
1990,31181,NE,Webster County,rural,Midwest,West North Central,574.913,4276,2280,2,
1990,31181,NE,Webster County,rural,Midwest,West North Central,574.913,4276,2280,2,
1991,31181,NE,Webster County,rural,Midwest,West North Central,574.913,4245,2265,2,0
1992,31181,NE,Webster County,rural,Midwest,West North Central,574.913,4251,2300,2,
1993,31181,NE,Webster County,rural,Midwest,West North Central,574.913,4234,2290,2,0
1994,31181,NE,Webster County,Rural,Midwest,West North Central,574.913,4264,2327,2,0
1995,31181,NE,Webster County,rural,Midwest,West North Central,574.913,4221,2321,2,
1996,31181,NE,Webster County,rural,Midwest,West North Central,574.913,4140,2280,2,
1997,31181,NE,Webster County,rural,Midwest,West North Central,574.913,4134,2303,2,
1998,31181,NE,Webster County,rural,Midwest,West North Central,574.913,4153,2344,2,0
1999,31181,NE,Webster County,rural  ,Midwest,West North Central,574.913,4106,2314,2,
2000,31181,NE,Webster County,rural,Midwest,West North Central,574.913,4045,2291,2.5,
2001,31181,NE,Webster County,rural,Midwest,West North Central,574.913,4017,2271,3,
2002,31181,NE,Webster County,rural,Midwest,West North Central,574.913,3970,2240,3.5,
2003,31181,NE,Webster County,rural,Midwest,West North Central,574.913,3952,2247,4,
2004,31181,NE,Webster County,rural,Midwest,West North Central,574.913,3949,2251,4.5,0
2005,31181,NE,Webster County,rural,Midwest,West North Central,574.913,3902,2252,5,
2006,31181,NE,Webster County, rural,Midwest,West North Central,574.913,3846,2231,3,
2007,31181,NE,Webster County,rural,Midwest,West North Central,574.913,3859,2218,3,
2008,31181,NE,Webster County,rural,Midwest,West North Central,574.913,3771,2166,1,
2009,31181,NE,Webster County,RURAL,Midwest,West North Central,574.913,3788,2169,3,4
2010,31181,NE,Webster County,rural,Midwest,West North Central,574.913,3812,2218,4,4
2011,31181,NE,Webster County,rural,Midwest,West North Central,574.913,3809,2222,4,
2012,31181,NE,Webster County,rural,Midwest,West North Central,574.913,3757,2220,3,
2013,31181,NE,Webster County,rural,Midwest,West North Central,574.913,3734,2212,5,
2014,31181,NE,Webster County,rural  ,Midwest,West North Central,574.913,3643,2167,5,
2015,31181,NE,Webster County,rural,Midwest,West North Central,574.913,3645,2183,5,7
2016,31181,NE,Webster County, rural,Midwest,West North Central,574.913,3591,2151,,
1970,31183,NE,Wheeler County,rural,Midwest,West North Central,575.183,1051,608,0.156439,
1971,31183,NE,Wheeler County,rural,Midwest,West North Central,575.183,1078,627,0,
1972,31183,NE,Wheeler County,rural,Midwest,West North Central,575.183,1089,641,0,
1973,31183,NE,Wheeler County, rural,Midwest,West North Central,575.183,1061,631,0,
1974,31183,NE,Wheeler County,rural,Midwest,West North Central,575.183,1052,613,0,
1975,31183,NE,Wheeler County,rural,Midwest,West North Central,575.183,1049,610,0,
1976,31183,NE,Wheeler County,  RURAL ,Midwest,West North Central,575.183,1022,593,0,
1977,31183,NE,Wheeler County,rural,Midwest,West North Central,575.183,995,578,0,
1978,31183,NE,Wheeler County,rural,Midwest,West North Central,575.183,1038,617,0.1663073,
1979,31183,NE,Wheeler County,rural,Midwest,West North Central,575.183,1038,622,0.1568622,
1980,31183,NE,Wheeler County,rural,Midwest,West North Central,575.183,1066,648,0.1524307,
1981,31183,NE,Wheeler County,  RURAL ,Midwest,West North Central,575.183,1096,664,0.1484677,
1982,31183,NE,Wheeler County,rural,Midwest,West North Central,575.183,1094,657,0.1392687,
1983,31183,NE,Wheeler County,rural,Midwest,West North Central,575.183,1111,660,0.1303661,0
1983,31183,NE,Wheeler County,rural,Midwest,West North Central,575.183,1111,660,0.1303661,0
1984,31183,NE,Wheeler County,rural,Midwest,West North Central,575.183,1045,622,0.0888209,0
1985,31183,NE,Wheeler County,rural,Midwest,West North Central,575.183,1011,591,0.0800479,0
1986,31183,NE,Wheeler County,rural,Midwest,West North Central,575.183,987,579,0.0743261,0
1987,31183,NE,Wheeler County,rural,Midwest,West North Central,575.183,916,535,0.0648771,
1988,31183,NE,Wheeler County,rural,Midwest,West North Central,575.183,945,547,0.0611857,
1988,31183,NE,Wheeler County,rural,Midwest,West North Central,575.183,945,547,0.0611857,
1989,31183,NE,Wheeler County,rural,Midwest,West North Central,575.183,951,546,0.0996805,
1990,31183,NE,Wheeler County,rural,Midwest,West North Central,575.183,947,538,0.1365955,
1991,31183,NE,Wheeler County,rural,Midwest,West North Central,575.183,931,538,0.1757555,
1992,31183,NE,Wheeler County,rural,Midwest,West North Central,575.183,925,535,501,
1992,31183,,,,,,,,,0.2135729,
1993,31183,NE,Wheeler County,rural,Midwest,West North Central,575.183,928,541,0.256216,
1993,31183,NE,Wheeler County,rural,Midwest,West North Central,575.183,928,541,0.256216,
1994,31183,NE,Wheeler County,rural,Midwest,West North Central,575.183,954,560,0.1995249,
1995,31183,NE,Wheeler County,rural,Midwest,West North Central,575.183,934,548,0.2602707,
1996,31183,NE,Wheeler County,rural,Midwest,West North Central,575.183,934,553,0.2622718,0
1997,31183,NE,Wheeler County,rural,Midwest,West North Central,575.183,923,552,0.2642729,0
1998,31183,NE,Wheeler County,rural  ,Midwest,West North Central,575.183,904,543,0.2654608,0
1998,31183,NE,Wheeler County,rural  ,Midwest,West North Central,575.183,904,543,0.2654608,0
1999,31183,NE,Wheeler County,rural,Midwest,West North Central,575.183,898,542,0.4021766,0
2000,31183,NE,Wheeler County,rural,Midwest,West North Central,575.183,885,532,0.4198546,
2001,31183,NE,Wheeler County,rural,Midwest,West North Central,575.183,858,519,0.4282178,0
2002,31183,NE,Wheeler County,rural,Midwest,West North Central,575.183,837,503,0.4384261,0
2003,31183,NE,Wheeler County,rural,Midwest,West North Central,575.183,815,504,0.4564654,0
2004,31183,NE,Wheeler County,rural,Midwest,West North Central,575.183,811,493,0.4689994,0
2005,31183,NE,Wheeler County,rural,Midwest,West North Central,575.183,832,519,0.5177057,0
2006,31183,NE,Wheeler County,rural,Midwest,West North Central,575.183,826,524,0.5138214,0
2007,31183,NE,Wheeler County,rural,Midwest,West North Central,575.183,837,530,0.5174477,
2008,31183,NE,Wheeler County, rural,Midwest,West North Central,575.183,831,529,0.5135759,
2009,31183,NE,Wheeler County,rural,Midwest,West North Central,575.183,809,505,0.4893411,0
2010,31183,NE,Wheeler County,rural,Midwest,West North Central,575.183,818,508,0.4806095,0
2011,31183,NE,Wheeler County,rural,Midwest,West North Central,575.183,825,511,0.4725606,0
2012,31183,NE,Wheeler County,Rural,Midwest,West North Central,575.183,815,502,0.4632615,0
2013,31183,NE,Wheeler County,rural,Midwest,West North Central,575.183,797,491,0.4498215,0
2014,31183,NE,Wheeler County,rural,Midwest,West North Central,575.183,778,488,0.4498215,0
2015,31183,NE,Wheeler County,rural,Midwest,West North Central,575.183,786,476,0.4498215,0
2016,31183,NE,Wheeler County,rural,Midwest,West North Central,575.183,778,467,,
1970,31185,NE,York County,rural,Midwest,West North Central,572.51,13636,7993,3,
1971,31185,NE,York County,rural,Midwest,West North Central,572.51,13417,7877,3.25,
1972,31185,NE,York County,rural,Midwest,West North Central,572.51,13369,7911,3.5,
1973,31185,NE,York County,rural,Midwest,West North Central,572.51,13730,8230,3.75,
1974,31185,NE,York County,rural,Midwest,West North Central,572.51,13784,8326,4,
1975,31185,NE,York County,rural,Midwest,West North Central,572.51,14214,8682,4.25,
1976,31185,NE,York County,rural,Midwest,West North Central,572.51,14403,8870,4.5,
1977,31185,NE,York County,rural,Midwest,West North Central,572.51,14302,8816,4.75,
1978,31185,NE,York County,rural,Midwest,West North Central,572.51,14462,8969,5,
1978,31185,NE,York County,rural,Midwest,West North Central,572.51,14462,8969,5,
1979,31185,NE,York County,rural,Midwest,West North Central,572.51,14640,9081,5.4,
1979,31185,NE,York County,rural,Midwest,West North Central,572.51,14640,9081,5.4,
1980,31185,NE,York County,rural,Midwest,West North Central,572.51,14831,9216,5.8,
1981,31185,NE,York County,rural,Midwest,West North Central,572.51,14900,9238,6.2,
1982,31185,NE,York County,rural,Midwest,West North Central,572.51,14953,9234,6.6,
1983,31185,NE,York County,  RURAL ,Midwest,West North Central,572.51,15014,9236,7,16
1984,31185,NE,York County,rural,Midwest,West North Central,572.51,14968,9183,8.6,18
1985,31185,NE,York County,rural,Midwest,West North Central,572.51,14904,9112,10.2,22
1986,31185,NE,York County,rural,Midwest,West North Central,572.51,14641,8917,11.8,22
1987,31185,NE,York County,rural,Midwest,West North Central,572.51,14456,8768,13.4,22
1988,31185,NE,York County,rural,Midwest,West North Central,572.51,14633,8842,15,17
1989,31185,NE,York County,rural,Midwest,West North Central,572.51,14536,8728,15.4,25
1990,31185,NE,York County,rural,Midwest,West North Central,572.51,14421,8636,15.8,23
1991,31185,NE,York County,rural,Midwest,West North Central,572.51,14445,8625,16.2,28
1992,31185,NE,York County,rural,Midwest,West North Central,572.51,14608,8770,16.6,43
1993,31185,NE,York County,rural,Midwest,West North Central,572.51,14668,8835,17,44
1994,31185,NE,York County,rural,Midwest,West North Central,572.51,14713,8898,16.83333,49
1995,31185,NE,York County,rural,Midwest,West North Central,572.51,14762,8999,16.66667,58
1996,31185,NE,York County,  RURAL ,Midwest,West North Central,572.51,14854,9120,16.5,59
1997,31185,NE,York County,rural,Midwest,West North Central,572.51,14855,9176,16.33333,66
1998,31185,NE,York County,rural,Midwest,West North Central,572.51,14794,9193,16.16667,69
1999,31185,NE,York County,rural,Midwest,West North Central,572.51,14680,9150,16,67
2000,31185,NE,York County,rural,Midwest,West North Central,572.51,14553,9075,16.83333,68
2001,31185,NE,York County,rural,Midwest,West North Central,572.51,14438,9055,17.66667,64
2002,31185,NE,York County,  RURAL ,Midwest,West North Central,572.51,14230,8955,18.5,59
2003,31185,NE,York County,rural,Midwest,West North Central,572.51,14175,8943,19.33333,70
2004,31185,NE,York County,rural,Midwest,West North Central,572.51,13952,8847,20.16667,68
2005,31185,NE,York County,rural,Midwest,West North Central,572.51,14021,8916,21,71
2006,31185,NE,York County,rural,Midwest,West North Central,572.51,14130,8990,21.25,60
2007,31185,NE,York County,rural,Midwest,West North Central,572.51,14078,8959,21.5,56
2008,31185,NE,York County,Rural,Midwest,West North Central,572.51,13881,8790,21.75,63
2009,31185,NE,York County,rural,Midwest,West North Central,572.51,13689,8628,22,56
2010,31185,NE,York County,RURAL,Midwest,West North Central,572.51,13665,8690,22.25,57
2011,31185,NE,York County,rural,Midwest,West North Central,572.51,13667,8678,22.5,52
2012,31185,NE,York County,rural,Midwest,West North Central,572.51,13787,8749,22.75,44
2013,31185,NE,York County,Rural,Midwest,West North Central,572.51,13841,8742,23,52
2014,31185,NE,York County,Rural,Midwest,West North Central,572.51,13858,8694,23,52
2015,31185,NE,York County,rural,Midwest,West North Central,572.51,13924,8664,23,50
2016,31185,NE,York County,rural,Midwest,West North Central,572.51,13810,8484,,
2016,31185,NE,York County,rural,Midwest,West North Central,572.51,13810,8484,,
