year,fips,state,county_name,urbanicity,region,division,land_area,total_pop,total_pop_15to64,total_jail_pop,total_prison_pop
1970,36001,NY,Albany County,small/mid,Northeast,Middle Atlantic,522.815,287114,179934,267,
1971,36001,NY,Albany County,small/mid,Northeast,Middle Atlantic,522.815,288615,182058,263.875,
1971,36001,NY,Albany County,small/mid,Northeast,Middle Atlantic,522.815,288615,182058,263.875,
1972,36001,NY,Albany County,small/mid,Northeast,Middle Atlantic,522.815,290302,184755,260.75,
1973,36001,NY,Albany County,small/mid,Northeast,Middle Atlantic,522.815,289754,185949,257.625,
1974,36001,NY,Albany County,small/mid,Northeast,Middle Atlantic,522.815,289148,187077,254.5,
1975,36001,NY,Albany County,small/mid,Northeast,Middle Atlantic,522.815,287864,187571,251.375,
1976,36001,NY,Albany County,small/mid,Northeast,Middle Atlantic,522.815,286519,189174,248.25,
1977,36001,NY,Albany County,small/mid,Northeast,Middle Atlantic,522.815,286155,190222,245.125,
1978,36001,NY,Albany County,small/mid,Northeast,Middle Atlantic,522.815,286918,191608,242,
1979,36001,NY,Albany County,small/mid,Northeast,Middle Atlantic,522.815,286968,192806,267.2,
1979,36001,NY,Albany County,small/mid,Northeast,Middle Atlantic,522.815,286968,192806,267.2,
1980,36001,NY,Albany County,small/mid,Northeast,Middle Atlantic,522.815,286290,193240,292.4,
1981,36001,NY,Albany County,small/mid,Northeast,Middle Atlantic,522.815,286689,194296,317.6,
1982,36001,NY,Albany County,small/mid,Northeast,Middle Atlantic,522.815,287158,194962,342.8,
1983,36001,NY,Albany County,small/mid,Northeast,Middle Atlantic,522.815,287776,195633,368,
1984,36001,NY,Albany County,small/mid  ,Northeast,Middle Atlantic,522.815,288455,196428,376.5,
1985,36001,NY,Albany County,small/mid,Northeast,Middle Atlantic,522.815,289766,197473,385,
1986,36001,NY,Albany County,small/mid,Northeast,Middle Atlantic,522.815,291010,198439,373,
1987,36001,NY,Albany County,small/mid,Northeast,Middle Atlantic,522.815,290849,197773,418,852
1987,36001,NY,Albany County,small/mid,Northeast,Middle Atlantic,522.815,290849,197773,418,852
1988,36001,NY,Albany County,small/mid,Northeast,Middle Atlantic,522.815,291099,197471,477,866
1989,36001,NY,Albany County,small/mid,Northeast,Middle Atlantic,522.815,292208,197399,597,798
1990,36001,NY,Albany County,small/mid,Northeast,Middle Atlantic,522.815,292956,197371,577,843.666666667
1991,36001,NY,Albany County,small/mid,Northeast,Middle Atlantic,522.815,295530,197921,590,889.333333333
1992,36001,NY,Albany County,small/mid,Northeast,Middle Atlantic,522.815,296913,197837,618,935
1993,36001,NY,Albany County,small/mid,Northeast,Middle Atlantic,522.815,298592,198196,614,964
1994,36001,NY,Albany County,small/mid,Northeast,Middle Atlantic,522.815,300262,198628,661,1035
1995,36001,NY,Albany County,small/mid,Northeast,Middle Atlantic,522.815,299725,198043,751,1027
1996,36001,NY,Albany County,small/mid  ,Northeast,Middle Atlantic,522.815,297680,196684,727,1066
1997,36001,NY,Albany County,small/mid,Northeast,Middle Atlantic,522.815,296187,196242,738,1071
1998,36001,NY,Albany County,small/mid,Northeast,Middle Atlantic,522.815,295097,196387,734,1078
1999,36001,NY,Albany County,small/mid,Northeast,Middle Atlantic,522.815,294692,196691,733,1204
2000,36001,NY,Albany County,small/mid,Northeast,Middle Atlantic,522.815,295106,197566,744,1253
2001,36001,NY,Albany County,small/mid,Northeast,Middle Atlantic,522.815,296232,199611,733,1422
2002,36001,NY,Albany County,small/mid,Northeast,Middle Atlantic,522.815,298283,202202,793,1520
2003,36001,NY,Albany County,small/mid,Northeast,Middle Atlantic,522.815,301085,205331,884,1673
2004,36001,NY,Albany County,small/mid,Northeast,Middle Atlantic,522.815,302173,207405,887,1754
2005,36001,NY,Albany County,small/mid,Northeast,Middle Atlantic,522.815,302791,209152,828,1768
2006,36001,NY,Albany County,small/mid,Northeast,Middle Atlantic,522.815,303997,211125,835,1840
2007,36001,NY,Albany County,small/mid,Northeast,Middle Atlantic,522.815,303858,211727,775,1837
2008,36001,NY,Albany County,  SMALL/MID ,Northeast,Middle Atlantic,522.815,303739,211849,713,1777
2009,36001,NY,Albany County,small/mid,Northeast,Middle Atlantic,522.815,304733,213029,632,1798
2010,36001,NY,Albany County,Small/mid,Northeast,Middle Atlantic,522.815,304196,212827,673,1814
2011,36001,NY,Albany County,small/mid,Northeast,Middle Atlantic,522.815,304107,212789,702,1799
2012,36001,NY,Albany County,small/mid,Northeast,Middle Atlantic,522.815,304836,213593,645,1781
2013,36001,NY,Albany County,  SMALL/MID ,Northeast,Middle Atlantic,522.815,306206,213804,774,1770
2014,36001,NY,Albany County,small/mid,Northeast,Middle Atlantic,522.815,307414,213982,802,1716
2015,36001,NY,Albany County,small/mid,Northeast,Middle Atlantic,522.815,308195,213463,665,1756
2016,36001,NY,Albany County,small/mid,Northeast,Middle Atlantic,522.815,308598,213035,,
2016,36001,NY,Albany County,small/mid,Northeast,Middle Atlantic,522.815,308598,213035,,
1970,36003,NY,Allegany County,rural,Northeast,Middle Atlantic,1029.3,46782,28661,11,
1970,36003,NY,Allegany County,rural,Northeast,Middle Atlantic,1029.3,46782,28661,11,
1971,36003,NY,Allegany County,rural,Northeast,Middle Atlantic,1029.3,48062,29725,10.875,
1972,36003,NY,Allegany County,rural,Northeast,Middle Atlantic,1029.3,49963,31281,10.75,
1973,36003,NY,Allegany County,rural,Northeast,Middle Atlantic,1029.3,50255,31791,10.625,
1974,36003,NY,Allegany County,rural,Northeast,Middle Atlantic,1029.3,50539,32139,10.5,
1974,36003,NY,Allegany County,rural,Northeast,Middle Atlantic,1029.3,50539,32139,10.5,
1975,36003,NY,Allegany County,rural,Northeast,Middle Atlantic,1029.3,51452,32897,10.375,
1976,36003,NY,Allegany County,RURAL,Northeast,Middle Atlantic,1029.3,51859,33436,10.25,
1977,36003,NY,Allegany County,rural,Northeast,Middle Atlantic,1029.3,52153,33839,10.125,
1977,36003,NY,Allegany County,rural,Northeast,Middle Atlantic,1029.3,52153,33839,10.125,
1978,36003,NY,Allegany County,rural,Northeast,Middle Atlantic,1029.3,52207,34077,10,
1979,36003,NY,Allegany County,rural,Northeast,Middle Atlantic,1029.3,52348,34345,13.8,
1980,36003,NY,Allegany County,RURAL,Northeast,Middle Atlantic,1029.3,51830,34096,17.6,
1981,36003,NY,Allegany County,rural,Northeast,Middle Atlantic,1029.3,51860,34251,21.4,
1982,36003,NY,Allegany County,rural,Northeast,Middle Atlantic,1029.3,51644,34162,25.2,
1983,36003,NY,Allegany County,rural,Northeast,Middle Atlantic,1029.3,51357,33990,29,
1984,36003,NY,Allegany County,rural,Northeast,Middle Atlantic,1029.3,51077,33832,28,
1984,36003,NY,Allegany County,rural,Northeast,Middle Atlantic,1029.3,51077,33832,28,
1985,36003,NY,Allegany County,rural,Northeast,Middle Atlantic,1029.3,50726,33616,606,
1985,36003,,,,,,,,,27,
1986,36003,NY,Allegany County,rural,Northeast,Middle Atlantic,1029.3,50067,33186,26,
1987,36003,NY,Allegany County,rural,Northeast,Middle Atlantic,1029.3,49771,32867,30,12
1988,36003,NY,Allegany County,rural,Northeast,Middle Atlantic,1029.3,49835,32783,31,16
1988,36003,NY,Allegany County,rural,Northeast,Middle Atlantic,1029.3,49835,32783,31,16
1989,36003,NY,Allegany County,rural,Northeast,Middle Atlantic,1029.3,50166,32815,32.8,21
1990,36003,NY,Allegany County,rural,Northeast,Middle Atlantic,1029.3,50522,32942,34.6,28
1991,36003,NY,Allegany County,rural,Northeast,Middle Atlantic,1029.3,50935,33067,36.4,35
1992,36003,NY,Allegany County,rural,Northeast,Middle Atlantic,1029.3,50967,33019,38.2,42
1993,36003,NY,Allegany County,Rural,Northeast,Middle Atlantic,1029.3,50807,32876,40,43
1993,36003,NY,Allegany County,Rural,Northeast,Middle Atlantic,1029.3,50807,32876,40,43
1994,36003,NY,Allegany County,rural,Northeast,Middle Atlantic,1029.3,51012,33076,41.33333,44
1995,36003,NY,Allegany County,rural,Northeast,Middle Atlantic,1029.3,51251,33390,42.66667,60
1996,36003,NY,Allegany County,rural,Northeast,Middle Atlantic,1029.3,50869,33175,44,59
1997,36003,NY,Allegany County,Rural,Northeast,Middle Atlantic,1029.3,50325,32779,45.33333,46
1998,36003,NY,Allegany County,rural,Northeast,Middle Atlantic,1029.3,49991,32759,46.66667,53
1999,36003,NY,Allegany County,rural,Northeast,Middle Atlantic,1029.3,49997,32952,48,62
2000,36003,NY,Allegany County,rural,Northeast,Middle Atlantic,1029.3,49819,32934,52,63
2001,36003,NY,Allegany County, rural,Northeast,Middle Atlantic,1029.3,50079,33277,42,50
2002,36003,NY,Allegany County,rural,Northeast,Middle Atlantic,1029.3,50014,33343,32,41
2003,36003,NY,Allegany County,rural,Northeast,Middle Atlantic,1029.3,50165,33551,37,51
2004,36003,NY,Allegany County,rural,Northeast,Middle Atlantic,1029.3,50311,33798,41,46
2005,36003,NY,Allegany County,rural,Northeast,Middle Atlantic,1029.3,49768,33425,40,51
2006,36003,NY,Allegany County,rural,Northeast,Middle Atlantic,1029.3,49359,33277,51.125,50
2007,36003,NY,Allegany County,rural,Northeast,Middle Atlantic,1029.3,49079,33126,62.25,46
2008,36003,NY,Allegany County,rural,Northeast,Middle Atlantic,1029.3,49177,33218,73.375,47
2009,36003,NY,Allegany County,rural,Northeast,Middle Atlantic,1029.3,48969,33006,84.5,63
2010,36003,NY,Allegany County,rural,Northeast,Middle Atlantic,1029.3,48919,32874,95.625,75
2011,36003,NY,Allegany County,rural,Northeast,Middle Atlantic,1029.3,48968,32918,106.75,71
2012,36003,NY,Allegany County,rural,Northeast,Middle Atlantic,1029.3,48803,32826,117.875,61
2013,36003,NY,Allegany County,rural,Northeast,Middle Atlantic,1029.3,48226,32156,129,73
2014,36003,NY,Allegany County,rural,Northeast,Middle Atlantic,1029.3,47932,31841,129,72
2015,36003,NY,Allegany County,rural,Northeast,Middle Atlantic,1029.3,47694,31572,129,75
2016,36003,NY,Allegany County,rural,Northeast,Middle Atlantic,1029.3,47372,31191,,
1970,36007,NY,Broome County,small/mid,Northeast,Middle Atlantic,705.79,222065,136175,66,
1971,36007,NY,Broome County,  SMALL/MID ,Northeast,Middle Atlantic,705.79,223050,137952,62.5,
1972,36007,NY,Broome County,small/mid,Northeast,Middle Atlantic,705.79,219760,137183,59,
1973,36007,NY,Broome County,small/mid,Northeast,Middle Atlantic,705.79,219717,138727,55.5,
1974,36007,NY,Broome County, small/mid,Northeast,Middle Atlantic,705.79,218031,138908,52,
1975,36007,NY,Broome County,small/mid,Northeast,Middle Atlantic,705.79,220043,141631,48.5,
1976,36007,NY,Broome County,small/mid,Northeast,Middle Atlantic,705.79,219805,143013,45,
1977,36007,NY,Broome County,small/mid,Northeast,Middle Atlantic,705.79,219102,143634,41.5,
1978,36007,NY,Broome County,small/mid,Northeast,Middle Atlantic,705.79,217855,143929,38,
1979,36007,NY,Broome County,small/mid,Northeast,Middle Atlantic,705.79,217087,144420,57.4,
1980,36007,NY,Broome County,small/mid,Northeast,Middle Atlantic,705.79,213850,142668,76.8,
1981,36007,NY,Broome County,Small/mid,Northeast,Middle Atlantic,705.79,213553,142825,96.2,
1982,36007,NY,Broome County,small/mid,Northeast,Middle Atlantic,705.79,213907,143117,115.6,
1983,36007,NY,Broome County,small/mid,Northeast,Middle Atlantic,705.79,213412,142748,135,
1984,36007,NY,Broome County,small/mid,Northeast,Middle Atlantic,705.79,213063,142538,155,
1985,36007,NY,Broome County,small/mid,Northeast,Middle Atlantic,705.79,213846,142955,175,
1986,36007,NY,Broome County,small/mid,Northeast,Middle Atlantic,705.79,212797,142128,162,
1987,36007,NY,Broome County,small/mid,Northeast,Middle Atlantic,705.79,211285,140495,141,331
1988,36007,NY,Broome County,  SMALL/MID ,Northeast,Middle Atlantic,705.79,211977,140399,184,311
1989,36007,NY,Broome County,small/mid,Northeast,Middle Atlantic,705.79,212419,139890,232,337
1990,36007,NY,Broome County,small/mid,Northeast,Middle Atlantic,705.79,212252,139194,240,400.666666667
1991,36007,NY,Broome County,small/mid,Northeast,Middle Atlantic,705.79,212820,138642,234,464.333333333
1991,36007,NY,Broome County,small/mid,Northeast,Middle Atlantic,705.79,212820,138642,234,464.333333333
1992,36007,NY,Broome County,small/mid,Northeast,Middle Atlantic,705.79,213460,138347,254,528
1993,36007,NY,Broome County,small/mid,Northeast,Middle Atlantic,705.79,212756,137254,248,505
1994,36007,NY,Broome County,small/mid,Northeast,Middle Atlantic,705.79,210823,135365,276,543
1995,36007,NY,Broome County,small/mid,Northeast,Middle Atlantic,705.79,207478,132662,304,591
1996,36007,NY,Broome County,small/mid,Northeast,Middle Atlantic,705.79,204415,130519,332,595
1997,36007,NY,Broome County,small/mid,Northeast,Middle Atlantic,705.79,202053,129286,360,610
1998,36007,NY,Broome County,small/mid,Northeast,Middle Atlantic,705.79,201072,129284,388,632
1999,36007,NY,Broome County,small/mid,Northeast,Middle Atlantic,705.79,200881,129597,416,689
2000,36007,NY,Broome County,small/mid,Northeast,Middle Atlantic,705.79,200351,129445,376,708
2001,36007,NY,Broome County,small/mid,Northeast,Middle Atlantic,705.79,200868,130508,405,662
2002,36007,NY,Broome County,  SMALL/MID ,Northeast,Middle Atlantic,705.79,201438,131751,401,649
2003,36007,NY,Broome County,  SMALL/MID ,Northeast,Middle Atlantic,705.79,201037,132132,414,676
2004,36007,NY,Broome County,small/mid,Northeast,Middle Atlantic,705.79,200974,132728,400,662
2005,36007,NY,Broome County,small/mid,Northeast,Middle Atlantic,705.79,200477,133114,412,664
2006,36007,NY,Broome County,small/mid,Northeast,Middle Atlantic,705.79,200905,134325,423.75,745
2007,36007,NY,Broome County,small/mid,Northeast,Middle Atlantic,705.79,200877,134776,435.5,795
2008,36007,NY,Broome County,small/mid,Northeast,Middle Atlantic,705.79,201029,134878,447.25,795
2009,36007,NY,Broome County,small/mid,Northeast,Middle Atlantic,705.79,200935,134922,459,775
2010,36007,NY,Broome County,small/mid  ,Northeast,Middle Atlantic,705.79,200689,134863,470.75,758
2010,36007,NY,Broome County,small/mid  ,Northeast,Middle Atlantic,705.79,200689,134863,470.75,758
2011,36007,NY,Broome County,small/mid,Northeast,Middle Atlantic,705.79,200509,134757,482.5,730
2012,36007,NY,Broome County,small/mid,Northeast,Middle Atlantic,705.79,199449,134157,494.25,686
2013,36007,NY,Broome County,small/mid  ,Northeast,Middle Atlantic,705.79,198783,132825,506,697
2014,36007,NY,Broome County,  SMALL/MID ,Northeast,Middle Atlantic,705.79,198212,131984,493.5,690
2015,36007,NY,Broome County,small/mid,Northeast,Middle Atlantic,705.79,197649,130959,481,722
2016,36007,NY,Broome County,small/mid,Northeast,Middle Atlantic,705.79,196292,129666,,
1970,36009,NY,Cattaraugus County,rural,Northeast,Middle Atlantic,1308.359,82176,48458,24,
1971,36009,NY,Cattaraugus County,rural,Northeast,Middle Atlantic,1308.359,84217,50063,25.5,
1972,36009,NY,Cattaraugus County,rural,Northeast,Middle Atlantic,1308.359,86193,51775,27,
1973,36009,NY,Cattaraugus County,rural,Northeast,Middle Atlantic,1308.359,84385,50973,28.5,
1974,36009,NY,Cattaraugus County,rural,Northeast,Middle Atlantic,1308.359,83950,51040,30,
1975,36009,NY,Cattaraugus County,rural,Northeast,Middle Atlantic,1308.359,84963,52054,31.5,
1976,36009,NY,Cattaraugus County,rural,Northeast,Middle Atlantic,1308.359,85555,52844,33,
1977,36009,NY,Cattaraugus County,rural,Northeast,Middle Atlantic,1308.359,85605,53222,34.5,
1978,36009,NY,Cattaraugus County,rural,Northeast,Middle Atlantic,1308.359,85883,53806,36,
1979,36009,NY,Cattaraugus County,rural,Northeast,Middle Atlantic,1308.359,85511,53837,36.8,
1980,36009,NY,Cattaraugus County,Rural,Northeast,Middle Atlantic,1308.359,85852,54266,37.6,
1981,36009,NY,Cattaraugus County,rural  ,Northeast,Middle Atlantic,1308.359,86080,54638,38.4,
1982,36009,NY,Cattaraugus County,rural  ,Northeast,Middle Atlantic,1308.359,85878,54611,39.2,
1983,36009,NY,Cattaraugus County,rural,Northeast,Middle Atlantic,1308.359,85734,54560,40,
1984,36009,NY,Cattaraugus County,rural,Northeast,Middle Atlantic,1308.359,85296,54355,49.5,
1985,36009,NY,Cattaraugus County,rural,Northeast,Middle Atlantic,1308.359,85546,54549,59,
1986,36009,NY,Cattaraugus County,rural,Northeast,Middle Atlantic,1308.359,84879,54146,54,
1987,36009,NY,Cattaraugus County,rural,Northeast,Middle Atlantic,1308.359,83881,53320,599,35
1987,36009,,,,,,,,,72,
1988,36009,NY,Cattaraugus County,rural,Northeast,Middle Atlantic,1308.359,83510,52903,75,37
1989,36009,NY,Cattaraugus County,rural,Northeast,Middle Atlantic,1308.359,83571,52653,77,42
1989,36009,NY,Cattaraugus County,rural,Northeast,Middle Atlantic,1308.359,83571,52653,77,42
1990,36009,NY,Cattaraugus County,rural,Northeast,Middle Atlantic,1308.359,84455,53084,87,42.6666666667
1991,36009,NY,Cattaraugus County, rural,Northeast,Middle Atlantic,1308.359,84961,53251,74,43.3333333333
1992,36009,NY,Cattaraugus County,rural,Northeast,Middle Atlantic,1308.359,85326,53366,76,44
1993,36009,NY,Cattaraugus County,rural,Northeast,Middle Atlantic,1308.359,85523,53483,92,77
1994,36009,NY,Cattaraugus County,rural  ,Northeast,Middle Atlantic,1308.359,85097,53153,90,70
1994,36009,NY,Cattaraugus County,rural  ,Northeast,Middle Atlantic,1308.359,85097,53153,90,70
1995,36009,NY,Cattaraugus County,rural,Northeast,Middle Atlantic,1308.359,85040,53212,112,89
1996,36009,NY,Cattaraugus County,rural,Northeast,Middle Atlantic,1308.359,85284,53610,111,86
1997,36009,NY,Cattaraugus County,rural,Northeast,Middle Atlantic,1308.359,84718,53587,120,82
1998,36009,NY,Cattaraugus County,rural,Northeast,Middle Atlantic,1308.359,84519,53909,125,94
1999,36009,NY,Cattaraugus County,rural,Northeast,Middle Atlantic,1308.359,84051,53845,131,115
2000,36009,NY,Cattaraugus County,RURAL,Northeast,Middle Atlantic,1308.359,83927,53940,127,155
2001,36009,NY,Cattaraugus County,rural,Northeast,Middle Atlantic,1308.359,83346,53918,123,160
2002,36009,NY,Cattaraugus County,rural,Northeast,Middle Atlantic,1308.359,83301,54223,119,168
2003,36009,NY,Cattaraugus County,RURAL,Northeast,Middle Atlantic,1308.359,83335,54411,115,192
2004,36009,NY,Cattaraugus County,rural,Northeast,Middle Atlantic,1308.359,82864,54331,111,213
2005,36009,NY,Cattaraugus County,rural,Northeast,Middle Atlantic,1308.359,82039,53930,107,216
2005,36009,NY,Cattaraugus County,rural,Northeast,Middle Atlantic,1308.359,82039,53930,107,216
2006,36009,NY,Cattaraugus County,RURAL,Northeast,Middle Atlantic,1308.359,81342,53600,109.75,227
2007,36009,NY,Cattaraugus County,rural,Northeast,Middle Atlantic,1308.359,81056,53288,112.5,228
2008,36009,NY,Cattaraugus County,rural,Northeast,Middle Atlantic,1308.359,80761,52944,115.25,219
2009,36009,NY,Cattaraugus County,rural,Northeast,Middle Atlantic,1308.359,80491,52656,118,214
2010,36009,NY,Cattaraugus County,rural,Northeast,Middle Atlantic,1308.359,80343,52549,120.75,201
2011,36009,NY,Cattaraugus County,rural,Northeast,Middle Atlantic,1308.359,80232,52479,123.5,199
2012,36009,NY,Cattaraugus County,rural,Northeast,Middle Atlantic,1308.359,79829,52157,126.25,196
2013,36009,NY,Cattaraugus County,  RURAL ,Northeast,Middle Atlantic,1308.359,79375,51532,129,169
2014,36009,NY,Cattaraugus County,rural,Northeast,Middle Atlantic,1308.359,79033,51045,129,175
2015,36009,NY,Cattaraugus County,rural,Northeast,Middle Atlantic,1308.359,78726,50539,129,190
2016,36009,NY,Cattaraugus County,rural,Northeast,Middle Atlantic,1308.359,78006,49835,,
1970,36011,NY,Cayuga County,rural,Northeast,Middle Atlantic,691.583,77728,46448,23,
1971,36011,NY,Cayuga County,rural,Northeast,Middle Atlantic,691.583,78881,47489,24.5,
1972,36011,NY,Cayuga County,rural,Northeast,Middle Atlantic,691.583,79364,48213,592,
1972,36011,,,,,,,,,26,
1973,36011,NY,Cayuga County,RURAL,Northeast,Middle Atlantic,691.583,79099,48458,27.5,
1973,36011,NY,Cayuga County,RURAL,Northeast,Middle Atlantic,691.583,79099,48458,27.5,
1974,36011,NY,Cayuga County,rural,Northeast,Middle Atlantic,691.583,79327,48951,29,
1975,36011,NY,Cayuga County,rural,Northeast,Middle Atlantic,691.583,79282,49219,30.5,
1976,36011,NY,Cayuga County,rural,Northeast,Middle Atlantic,691.583,80351,50318,32,
1977,36011,NY,Cayuga County,rural,Northeast,Middle Atlantic,691.583,80834,50923,33.5,
1978,36011,NY,Cayuga County,rural,Northeast,Middle Atlantic,691.583,80966,51323,35,
1978,36011,NY,Cayuga County,rural,Northeast,Middle Atlantic,691.583,80966,51323,35,
1979,36011,NY,Cayuga County,rural,Northeast,Middle Atlantic,691.583,80831,51359,35.2,
1980,36011,NY,Cayuga County,rural,Northeast,Middle Atlantic,691.583,80002,50872,35.4,
1981,36011,NY,Cayuga County,rural,Northeast,Middle Atlantic,691.583,80033,51145,35.6,
1982,36011,NY,Cayuga County,rural,Northeast,Middle Atlantic,691.583,80022,51275,35.8,
1982,36011,NY,Cayuga County,rural,Northeast,Middle Atlantic,691.583,80022,51275,35.8,
1983,36011,NY,Cayuga County,rural,Northeast,Middle Atlantic,691.583,80005,51359,36,
1984,36011,NY,Cayuga County,rural,Northeast,Middle Atlantic,691.583,79888,51393,38.5,
1985,36011,NY,Cayuga County,rural,Northeast,Middle Atlantic,691.583,79924,51487,41,
1986,36011,NY,Cayuga County,rural,Northeast,Middle Atlantic,691.583,80274,51782,56,
1987,36011,NY,Cayuga County,rural,Northeast,Middle Atlantic,691.583,80171,51581,51,113
1988,36011,NY,Cayuga County,rural,Northeast,Middle Atlantic,691.583,80663,51764,51,110
1989,36011,NY,Cayuga County,rural,Northeast,Middle Atlantic,691.583,82045,52431,56.8,135
1990,36011,NY,Cayuga County,rural,Northeast,Middle Atlantic,691.583,82446,52579,62.6,130
1991,36011,NY,Cayuga County,rural,Northeast,Middle Atlantic,691.583,82880,52703,68.4,125
1991,36011,NY,Cayuga County,rural,Northeast,Middle Atlantic,691.583,82880,52703,68.4,125
1992,36011,NY,Cayuga County,rural,Northeast,Middle Atlantic,691.583,82889,52515,74.2,120
1993,36011,NY,Cayuga County,rural,Northeast,Middle Atlantic,691.583,82959,52512,80,122
1994,36011,NY,Cayuga County,RURAL,Northeast,Middle Atlantic,691.583,82933,52510,85.33334,149
1995,36011,NY,Cayuga County,rural,Northeast,Middle Atlantic,691.583,82964,52635,90.66666,189
1996,36011,NY,Cayuga County,Rural,Northeast,Middle Atlantic,691.583,82846,52901,96,218
1997,36011,NY,Cayuga County,rural,Northeast,Middle Atlantic,691.583,82693,53107,101.3333,203
1998,36011,NY,Cayuga County,rural,Northeast,Middle Atlantic,691.583,82497,53444,106.6667,210
1999,36011,NY,Cayuga County,rural,Northeast,Middle Atlantic,691.583,82034,53369,112,254
2000,36011,NY,Cayuga County,rural,Northeast,Middle Atlantic,691.583,81871,53416,105,246
2001,36011,NY,Cayuga County,rural,Northeast,Middle Atlantic,691.583,81313,53352,85,237
2002,36011,NY,Cayuga County,rural,Northeast,Middle Atlantic,691.583,81401,53535,134,246
2003,36011,NY,Cayuga County,rural,Northeast,Middle Atlantic,691.583,81395,53833,144,238
2004,36011,NY,Cayuga County,rural,Northeast,Middle Atlantic,691.583,81284,54036,177,248
2005,36011,NY,Cayuga County,rural,Northeast,Middle Atlantic,691.583,81104,54120,158,241
2006,36011,NY,Cayuga County,rural,Northeast,Middle Atlantic,691.583,80892,54250,162.125,231
2006,36011,NY,Cayuga County,rural,Northeast,Middle Atlantic,691.583,80892,54250,162.125,231
2007,36011,NY,Cayuga County,rural,Northeast,Middle Atlantic,691.583,80629,54224,166.25,244
2008,36011,NY,Cayuga County,rural,Northeast,Middle Atlantic,691.583,80482,54178,170.375,264
2009,36011,NY,Cayuga County,rural,Northeast,Middle Atlantic,691.583,80172,53838,174.5,273
2009,36011,NY,Cayuga County,rural,Northeast,Middle Atlantic,691.583,80172,53838,174.5,273
2010,36011,NY,Cayuga County,rural,Northeast,Middle Atlantic,691.583,80003,53828,178.625,316
2011,36011,NY,Cayuga County,rural,Northeast,Middle Atlantic,691.583,79889,53757,182.75,320
2012,36011,NY,Cayuga County,rural,Northeast,Middle Atlantic,691.583,79689,53651,186.875,340
2013,36011,NY,Cayuga County,rural,Northeast,Middle Atlantic,691.583,79516,53321,191,349
2014,36011,NY,Cayuga County,rural,Northeast,Middle Atlantic,691.583,79115,52799,191,356
2015,36011,NY,Cayuga County,rural,Northeast,Middle Atlantic,691.583,78800,52410,191,320
2016,36011,NY,Cayuga County,rural,Northeast,Middle Atlantic,691.583,78319,51877,,
1970,36013,NY,Chautauqua County, rural,Northeast,Middle Atlantic,1060.224,147854,88872,55,
1971,36013,NY,Chautauqua County,rural,Northeast,Middle Atlantic,1060.224,150083,90879,56.5,
1972,36013,NY,Chautauqua County,rural,Northeast,Middle Atlantic,1060.224,151627,92684,58,
1973,36013,NY,Chautauqua County,rural,Northeast,Middle Atlantic,1060.224,149778,92188,59.5,
1974,36013,NY,Chautauqua County,rural,Northeast,Middle Atlantic,1060.224,148714,92004,61,
1975,36013,NY,Chautauqua County,rural,Northeast,Middle Atlantic,1060.224,149047,92732,62.5,
1976,36013,NY,Chautauqua County,rural,Northeast,Middle Atlantic,1060.224,148911,93398,64,
1977,36013,NY,Chautauqua County,rural,Northeast,Middle Atlantic,1060.224,148902,94020,65.5,
1978,36013,NY,Chautauqua County,rural,Northeast,Middle Atlantic,1060.224,147845,93777,67,
1979,36013,NY,Chautauqua County,rural,Northeast,Middle Atlantic,1060.224,146939,93652,73.6,
1980,36013,NY,Chautauqua County,rural,Northeast,Middle Atlantic,1060.224,147061,94057,80.2,
1981,36013,NY,Chautauqua County,rural,Northeast,Middle Atlantic,1060.224,146831,94201,86.8,
1982,36013,NY,Chautauqua County, rural,Northeast,Middle Atlantic,1060.224,146337,93978,93.4,
1982,36013,NY,Chautauqua County, rural,Northeast,Middle Atlantic,1060.224,146337,93978,93.4,
1983,36013,NY,Chautauqua County,rural,Northeast,Middle Atlantic,1060.224,145594,93502,100,
1983,36013,NY,Chautauqua County,rural,Northeast,Middle Atlantic,1060.224,145594,93502,100,
1984,36013,NY,Chautauqua County,rural,Northeast,Middle Atlantic,1060.224,144863,93087,100.4,
1985,36013,NY,Chautauqua County,rural,Northeast,Middle Atlantic,1060.224,144059,92548,100.8,
1986,36013,NY,Chautauqua County,rural,Northeast,Middle Atlantic,1060.224,142862,91736,101.2,
1987,36013,NY,Chautauqua County,rural,Northeast,Middle Atlantic,1060.224,141676,90578,101.6,65
1988,36013,NY,Chautauqua County,rural,Northeast,Middle Atlantic,1060.224,141419,90059,102,77
1989,36013,NY,Chautauqua County,rural,Northeast,Middle Atlantic,1060.224,141770,89735,120,80
1990,36013,NY,Chautauqua County,rural,Northeast,Middle Atlantic,1060.224,142054,89641,119,93.3333333333
1991,36013,NY,Chautauqua County,Rural,Northeast,Middle Atlantic,1060.224,142680,89773,114,106.666666667
1992,36013,NY,Chautauqua County,rural,Northeast,Middle Atlantic,1060.224,142603,89450,129,120
1993,36013,NY,Chautauqua County,rural,Northeast,Middle Atlantic,1060.224,143131,89704,125,102
1994,36013,NY,Chautauqua County,Rural,Northeast,Middle Atlantic,1060.224,143041,89548,140.8333,110
1995,36013,NY,Chautauqua County,rural,Northeast,Middle Atlantic,1060.224,142542,89271,156.6667,118
1996,36013,NY,Chautauqua County,rural,Northeast,Middle Atlantic,1060.224,142476,89524,172.5,95
1997,36013,NY,Chautauqua County,rural,Northeast,Middle Atlantic,1060.224,141531,89360,188.3333,122
1998,36013,NY,Chautauqua County,rural,Northeast,Middle Atlantic,1060.224,140784,89537,204.1667,121
1998,36013,NY,Chautauqua County,rural,Northeast,Middle Atlantic,1060.224,140784,89537,204.1667,121
1999,36013,NY,Chautauqua County, rural,Northeast,Middle Atlantic,1060.224,140087,89496,220,164
2000,36013,NY,Chautauqua County,rural,Northeast,Middle Atlantic,1060.224,139593,89465,232,176
2001,36013,NY,Chautauqua County,rural,Northeast,Middle Atlantic,1060.224,138730,89385,240,175
2001,36013,NY,Chautauqua County,rural,Northeast,Middle Atlantic,1060.224,138730,89385,240,175
2002,36013,NY,Chautauqua County,Rural,Northeast,Middle Atlantic,1060.224,138346,89592,238,194
2003,36013,NY,Chautauqua County,rural,Northeast,Middle Atlantic,1060.224,137587,89419,245,197
2004,36013,NY,Chautauqua County,rural  ,Northeast,Middle Atlantic,1060.224,137174,89443,244,202
2005,36013,NY,Chautauqua County,rural,Northeast,Middle Atlantic,1060.224,136139,89217,259,258
2006,36013,NY,Chautauqua County,rural,Northeast,Middle Atlantic,1060.224,135640,89185,261.5,300
2007,36013,NY,Chautauqua County,rural,Northeast,Middle Atlantic,1060.224,135481,89237,264,308
2008,36013,NY,Chautauqua County,  RURAL ,Northeast,Middle Atlantic,1060.224,135229,88863,266.5,277
2009,36013,NY,Chautauqua County,rural,Northeast,Middle Atlantic,1060.224,135197,88804,269,271
2010,36013,NY,Chautauqua County,rural,Northeast,Middle Atlantic,1060.224,134904,88542,271.5,238
2011,36013,NY,Chautauqua County,rural,Northeast,Middle Atlantic,1060.224,134727,88555,274,242
2012,36013,NY,Chautauqua County,rural,Northeast,Middle Atlantic,1060.224,134220,88382,276.5,250
2013,36013,NY,Chautauqua County,rural  ,Northeast,Middle Atlantic,1060.224,133333,87288,279,259
2014,36013,NY,Chautauqua County,rural,Northeast,Middle Atlantic,1060.224,132896,86711,273,234
2015,36013,NY,Chautauqua County,rural,Northeast,Middle Atlantic,1060.224,131892,85558,267,254
2016,36013,NY,Chautauqua County,rural,Northeast,Middle Atlantic,1060.224,130756,84497,,
1970,36015,NY,Chemung County,  SMALL/MID ,Northeast,Middle Atlantic,407.353,101449,61059,30,
1971,36015,NY,Chemung County,small/mid,Northeast,Middle Atlantic,407.353,101087,61287,33.25,
1972,36015,NY,Chemung County,small/mid,Northeast,Middle Atlantic,407.353,101673,62336,36.5,
1972,36015,NY,Chemung County,small/mid,Northeast,Middle Atlantic,407.353,101673,62336,36.5,
1973,36015,NY,Chemung County,small/mid,Northeast,Middle Atlantic,407.353,100457,62182,39.75,
1974,36015,NY,Chemung County,small/mid,Northeast,Middle Atlantic,407.353,99940,62382,43,
1974,36015,NY,Chemung County,small/mid,Northeast,Middle Atlantic,407.353,99940,62382,43,
1975,36015,NY,Chemung County,small/mid,Northeast,Middle Atlantic,407.353,100501,63302,46.25,
1976,36015,NY,Chemung County,small/mid,Northeast,Middle Atlantic,407.353,100016,63569,49.5,
1977,36015,NY,Chemung County,small/mid,Northeast,Middle Atlantic,407.353,99340,63545,52.75,
1978,36015,NY,Chemung County,small/mid,Northeast,Middle Atlantic,407.353,98694,63579,56,
1979,36015,NY,Chemung County,small/mid,Northeast,Middle Atlantic,407.353,99347,64448,60,
1980,36015,NY,Chemung County,small/mid,Northeast,Middle Atlantic,407.353,97500,63359,64,
1981,36015,NY,Chemung County,small/mid,Northeast,Middle Atlantic,407.353,96409,62798,68,
1981,36015,NY,Chemung County,small/mid,Northeast,Middle Atlantic,407.353,96409,62798,68,
1982,36015,NY,Chemung County,small/mid,Northeast,Middle Atlantic,407.353,96030,62556,72,
1983,36015,NY,Chemung County,small/mid,Northeast,Middle Atlantic,407.353,94658,61621,76,
1984,36015,NY,Chemung County,small/mid,Northeast,Middle Atlantic,407.353,93190,60645,85.8,
1985,36015,NY,Chemung County,small/mid,Northeast,Middle Atlantic,407.353,92201,59936,95.6,
1986,36015,NY,Chemung County,small/mid,Northeast,Middle Atlantic,407.353,91182,59202,105.4,
1987,36015,NY,Chemung County,small/mid,Northeast,Middle Atlantic,407.353,91821,59314,115.2,232
1988,36015,NY,Chemung County,small/mid,Northeast,Middle Atlantic,407.353,93144,59887,125,236
1988,36015,NY,Chemung County,small/mid,Northeast,Middle Atlantic,407.353,93144,59887,125,236
1989,36015,NY,Chemung County, small/mid,Northeast,Middle Atlantic,407.353,94700,60478,132,255
1990,36015,NY,Chemung County,small/mid,Northeast,Middle Atlantic,407.353,95292,60625,133,252.666666667
1991,36015,NY,Chemung County,small/mid,Northeast,Middle Atlantic,407.353,95001,60059,130,250.333333333
1992,36015,NY,Chemung County,small/mid,Northeast,Middle Atlantic,407.353,94954,59850,158,248
1993,36015,NY,Chemung County,SMALL/MID,Northeast,Middle Atlantic,407.353,94712,59659,153,242
1994,36015,NY,Chemung County,small/mid,Northeast,Middle Atlantic,407.353,94132,59238,179,258
1994,36015,NY,Chemung County,small/mid,Northeast,Middle Atlantic,407.353,94132,59238,179,258
1995,36015,NY,Chemung County,small/mid,Northeast,Middle Atlantic,407.353,93675,58975,175,276
1996,36015,NY,Chemung County,small/mid,Northeast,Middle Atlantic,407.353,92972,58721,183,274
1997,36015,NY,Chemung County,Small/mid,Northeast,Middle Atlantic,407.353,92162,58521,189,251
1998,36015,NY,Chemung County,small/mid,Northeast,Middle Atlantic,407.353,91791,58705,200,288
1999,36015,NY,Chemung County,small/mid,Northeast,Middle Atlantic,407.353,91284,58609,197,283
2000,36015,NY,Chemung County,small/mid  ,Northeast,Middle Atlantic,407.353,91094,58692,202,345
2000,36015,NY,Chemung County,small/mid  ,Northeast,Middle Atlantic,407.353,91094,58692,202,345
2001,36015,NY,Chemung County,small/mid,Northeast,Middle Atlantic,407.353,90780,58681,725,341
2001,36015,,,,,,,,,159,
2002,36015,NY,Chemung County,Small/mid,Northeast,Middle Atlantic,407.353,90613,58829,181,315
2002,36015,NY,Chemung County,Small/mid,Northeast,Middle Atlantic,407.353,90613,58829,181,315
2003,36015,NY,Chemung County,small/mid,Northeast,Middle Atlantic,407.353,90154,58697,186,287
2004,36015,NY,Chemung County,small/mid,Northeast,Middle Atlantic,407.353,89777,58596,210,306
2005,36015,NY,Chemung County,small/mid,Northeast,Middle Atlantic,407.353,88860,58384,211,315
2005,36015,NY,Chemung County,small/mid,Northeast,Middle Atlantic,407.353,88860,58384,211,315
2006,36015,NY,Chemung County,small/mid,Northeast,Middle Atlantic,407.353,88732,58530,211,347
2007,36015,NY,Chemung County,small/mid,Northeast,Middle Atlantic,407.353,88634,58465,211,344
2008,36015,NY,Chemung County,small/mid,Northeast,Middle Atlantic,407.353,88503,58338,211,345
2009,36015,NY,Chemung County,small/mid,Northeast,Middle Atlantic,407.353,88849,58589,211,367
2010,36015,NY,Chemung County,small/mid,Northeast,Middle Atlantic,407.353,88841,58599,211,360
2011,36015,NY,Chemung County,SMALL/MID,Northeast,Middle Atlantic,407.353,88985,58736,211,331
2012,36015,NY,Chemung County,small/mid,Northeast,Middle Atlantic,407.353,88983,58773,211,338
2013,36015,NY,Chemung County,  SMALL/MID ,Northeast,Middle Atlantic,407.353,89197,58490,211,334
2014,36015,NY,Chemung County,small/mid,Northeast,Middle Atlantic,407.353,88374,57580,211,323
2014,36015,NY,Chemung County,small/mid,Northeast,Middle Atlantic,407.353,88374,57580,211,323
2015,36015,NY,Chemung County,small/mid,Northeast,Middle Atlantic,407.353,87414,56648,211,330
2016,36015,NY,Chemung County,small/mid,Northeast,Middle Atlantic,407.353,87030,56275,,
1970,36017,NY,Chenango County,rural,Northeast,Middle Atlantic,893.587,46426,26695,10,
1971,36017,NY,Chenango County,rural,Northeast,Middle Atlantic,893.587,46622,26983,10.75,
1972,36017,NY,Chenango County,rural,Northeast,Middle Atlantic,893.587,47665,27926,11.5,
1972,36017,NY,Chenango County,rural,Northeast,Middle Atlantic,893.587,47665,27926,11.5,
1973,36017,NY,Chenango County,RURAL,Northeast,Middle Atlantic,893.587,47421,28034,12.25,
1974,36017,NY,Chenango County,rural,Northeast,Middle Atlantic,893.587,47397,28260,13,
1975,36017,NY,Chenango County,rural,Northeast,Middle Atlantic,893.587,47988,28892,13.75,
1976,36017,NY,Chenango County,rural,Northeast,Middle Atlantic,893.587,48650,29661,14.5,
1977,36017,NY,Chenango County,RURAL,Northeast,Middle Atlantic,893.587,49150,30256,15.25,
1978,36017,NY,Chenango County,rural,Northeast,Middle Atlantic,893.587,49292,30605,16,
1979,36017,NY,Chenango County,rural,Northeast,Middle Atlantic,893.587,49370,30886,17,
1980,36017,NY,Chenango County,rural,Northeast,Middle Atlantic,893.587,49424,31060,18,
1981,36017,NY,Chenango County,rural,Northeast,Middle Atlantic,893.587,49486,31237,19,
1981,36017,NY,Chenango County,rural,Northeast,Middle Atlantic,893.587,49486,31237,19,
1982,36017,NY,Chenango County,Rural,Northeast,Middle Atlantic,893.587,49739,31465,20,
1983,36017,NY,Chenango County,rural,Northeast,Middle Atlantic,893.587,49869,31580,21,
1983,36017,NY,Chenango County,rural,Northeast,Middle Atlantic,893.587,49869,31580,21,
1984,36017,NY,Chenango County,rural,Northeast,Middle Atlantic,893.587,49505,31405,22.8,
1985,36017,NY,Chenango County, rural,Northeast,Middle Atlantic,893.587,49671,31532,564,
1985,36017,,,,,,,,,24.6,
1986,36017,NY,Chenango County,Rural,Northeast,Middle Atlantic,893.587,50036,31795,26.4,
1987,36017,NY,Chenango County,rural,Northeast,Middle Atlantic,893.587,50626,32072,28.2,12
1988,36017,NY,Chenango County,rural,Northeast,Middle Atlantic,893.587,51331,32423,30,11
1989,36017,NY,Chenango County,rural,Northeast,Middle Atlantic,893.587,51611,32441,29.4,18
1990,36017,NY,Chenango County,rural,Northeast,Middle Atlantic,893.587,51813,32506,28.8,24.3333333333
1991,36017,NY,Chenango County,  RURAL ,Northeast,Middle Atlantic,893.587,52160,32614,28.2,30.6666666667
1992,36017,NY,Chenango County,rural,Northeast,Middle Atlantic,893.587,52341,32645,27.6,37
1993,36017,NY,Chenango County,rural,Northeast,Middle Atlantic,893.587,52552,32752,27,36
1994,36017,NY,Chenango County,rural,Northeast,Middle Atlantic,893.587,52479,32721,30.33333,35
1995,36017,NY,Chenango County,rural,Northeast,Middle Atlantic,893.587,52127,32529,33.66667,38
1996,36017,NY,Chenango County,rural,Northeast,Middle Atlantic,893.587,52297,32720,37,40
1997,36017,NY,Chenango County,rural,Northeast,Middle Atlantic,893.587,52017,32714,40.33333,45
1998,36017,NY,Chenango County,rural,Northeast,Middle Atlantic,893.587,51432,32594,43.66667,45
1999,36017,NY,Chenango County,rural,Northeast,Middle Atlantic,893.587,51286,32631,47,55
2000,36017,NY,Chenango County,rural,Northeast,Middle Atlantic,893.587,51325,32763,48.16667,64
2001,36017,NY,Chenango County,rural,Northeast,Middle Atlantic,893.587,51109,32683,49.33333,63
2002,36017,NY,Chenango County,rural,Northeast,Middle Atlantic,893.587,51205,32823,50.5,65
2003,36017,NY,Chenango County,rural,Northeast,Middle Atlantic,893.587,51393,33069,51.66667,77
2004,36017,NY,Chenango County,rural,Northeast,Middle Atlantic,893.587,51297,33260,52.83333,89
2005,36017,NY,Chenango County,rural,Northeast,Middle Atlantic,893.587,51154,33274,54,108
2006,36017,NY,Chenango County,rural,Northeast,Middle Atlantic,893.587,51391,33496,62,102
2007,36017,NY,Chenango County,rural,Northeast,Middle Atlantic,893.587,51463,33537,70,91
2008,36017,NY,Chenango County,rural,Northeast,Middle Atlantic,893.587,51326,33324,78,93
2009,36017,NY,Chenango County,rural,Northeast,Middle Atlantic,893.587,50639,32917,613,79
2009,36017,,,,,,,,,86,
2010,36017,NY,Chenango County,rural,Northeast,Middle Atlantic,893.587,50507,32892,94,88
2011,36017,NY,Chenango County,rural,Northeast,Middle Atlantic,893.587,50397,32857,102,97
2011,36017,NY,Chenango County,rural,Northeast,Middle Atlantic,893.587,50397,32857,102,97
2012,36017,NY,Chenango County,rural,Northeast,Middle Atlantic,893.587,50184,32588,110,105
2013,36017,NY,Chenango County,rural,Northeast,Middle Atlantic,893.587,49888,32173,118,113
2014,36017,NY,Chenango County,rural,Northeast,Middle Atlantic,893.587,49492,31832,118,125
2015,36017,NY,Chenango County, rural,Northeast,Middle Atlantic,893.587,49340,31543,118,141
2016,36017,NY,Chenango County,rural,Northeast,Middle Atlantic,893.587,48799,31046,,
1970,36019,NY,Clinton County,rural,Northeast,Middle Atlantic,1037.754,73656,45053,28,
1970,36019,NY,Clinton County,rural,Northeast,Middle Atlantic,1037.754,73656,45053,28,
1971,36019,NY,Clinton County,rural,Northeast,Middle Atlantic,1037.754,76539,47594,27.875,
1972,36019,NY,Clinton County,rural,Northeast,Middle Atlantic,1037.754,80628,51070,27.75,
1973,36019,NY,Clinton County,rural,Northeast,Middle Atlantic,1037.754,79143,50879,27.625,
1974,36019,NY,Clinton County,rural,Northeast,Middle Atlantic,1037.754,79864,52094,27.5,
1975,36019,NY,Clinton County,rural,Northeast,Middle Atlantic,1037.754,80982,53543,27.375,
1976,36019,NY,Clinton County,rural,Northeast,Middle Atlantic,1037.754,81041,54287,27.25,
1977,36019,NY,Clinton County,rural,Northeast,Middle Atlantic,1037.754,81237,54917,27.125,
1978,36019,NY,Clinton County, rural,Northeast,Middle Atlantic,1037.754,80821,55158,27,
1979,36019,NY,Clinton County,rural,Northeast,Middle Atlantic,1037.754,80952,55701,25.8,
1980,36019,NY,Clinton County,rural  ,Northeast,Middle Atlantic,1037.754,80746,55909,24.6,
1981,36019,NY,Clinton County, rural,Northeast,Middle Atlantic,1037.754,80309,55863,550,
1981,36019,,,,,,,,,23.4,
1982,36019,NY,Clinton County,rural,Northeast,Middle Atlantic,1037.754,81204,56624,22.2,
1983,36019,NY,Clinton County,rural,Northeast,Middle Atlantic,1037.754,81193,56690,21,
1984,36019,NY,Clinton County,rural,Northeast,Middle Atlantic,1037.754,81776,57200,32,
1985,36019,NY,Clinton County,rural,Northeast,Middle Atlantic,1037.754,82680,57894,43,
1986,36019,NY,Clinton County,rural,Northeast,Middle Atlantic,1037.754,83148,58269,38,
1987,36019,NY,Clinton County,rural,Northeast,Middle Atlantic,1037.754,83534,58373,46,33
1988,36019,NY,Clinton County,RURAL,Northeast,Middle Atlantic,1037.754,84211,58677,47,31
1989,36019,NY,Clinton County,rural,Northeast,Middle Atlantic,1037.754,85213,59107,54.2,32
1990,36019,NY,Clinton County,rural,Northeast,Middle Atlantic,1037.754,86160,59626,61.4,45.3333333333
1991,36019,NY,Clinton County,Rural,Northeast,Middle Atlantic,1037.754,86086,59291,68.6,58.6666666667
1991,36019,NY,Clinton County,Rural,Northeast,Middle Atlantic,1037.754,86086,59291,68.6,58.6666666667
1992,36019,NY,Clinton County,rural,Northeast,Middle Atlantic,1037.754,85555,58742,75.8,72
1993,36019,NY,Clinton County,rural,Northeast,Middle Atlantic,1037.754,86420,59369,83,91
1994,36019,NY,Clinton County,rural,Northeast,Middle Atlantic,1037.754,86445,59271,88.33334,86
1995,36019,NY,Clinton County,rural,Northeast,Middle Atlantic,1037.754,82914,56634,93.66666,96
1996,36019,NY,Clinton County,rural,Northeast,Middle Atlantic,1037.754,80440,54944,99,116
1997,36019,NY,Clinton County,rural,Northeast,Middle Atlantic,1037.754,80191,54974,104.3333,112
1998,36019,NY,Clinton County,rural,Northeast,Middle Atlantic,1037.754,79926,55087,109.6667,129
1999,36019,NY,Clinton County,rural,Northeast,Middle Atlantic,1037.754,79875,55308,115,129
1999,36019,NY,Clinton County,rural,Northeast,Middle Atlantic,1037.754,79875,55308,115,129
2000,36019,NY,Clinton County,rural,Northeast,Middle Atlantic,1037.754,79891,55481,118,150
2001,36019,NY,Clinton County,rural,Northeast,Middle Atlantic,1037.754,80320,56043,115,151
2002,36019,NY,Clinton County,rural,Northeast,Middle Atlantic,1037.754,80707,56581,111,137
2003,36019,NY,Clinton County,rural,Northeast,Middle Atlantic,1037.754,81396,57180,115,122
2004,36019,NY,Clinton County,rural,Northeast,Middle Atlantic,1037.754,81803,57630,120,121
2005,36019,NY,Clinton County,rural,Northeast,Middle Atlantic,1037.754,82233,58302,122,135
2006,36019,NY,Clinton County,rural,Northeast,Middle Atlantic,1037.754,82547,58741,132.375,161
2007,36019,NY,Clinton County,rural,Northeast,Middle Atlantic,1037.754,82556,58861,142.75,148
2008,36019,NY,Clinton County,rural,Northeast,Middle Atlantic,1037.754,82401,58657,153.125,207
2009,36019,NY,Clinton County,rural,Northeast,Middle Atlantic,1037.754,82280,58571,163.5,233
2010,36019,NY,Clinton County,rural,Northeast,Middle Atlantic,1037.754,82131,58416,173.875,243
2011,36019,NY,Clinton County,rural,Northeast,Middle Atlantic,1037.754,82096,58366,184.25,268
2012,36019,NY,Clinton County,rural,Northeast,Middle Atlantic,1037.754,81731,57990,194.625,316
2013,36019,NY,Clinton County,rural,Northeast,Middle Atlantic,1037.754,81744,57799,732,366
2013,36019,,,,,,,,,205,
2014,36019,NY,Clinton County,rural,Northeast,Middle Atlantic,1037.754,81585,57371,205,385
2015,36019,NY,Clinton County,rural,Northeast,Middle Atlantic,1037.754,81549,56928,205,412
2016,36019,NY,Clinton County,rural,Northeast,Middle Atlantic,1037.754,81032,56270,,
1970,36021,NY,Columbia County,rural,Northeast,Middle Atlantic,634.666,52050,30539,18,
1971,36021,NY,Columbia County,rural,Northeast,Middle Atlantic,634.666,54189,32084,17.875,
1972,36021,NY,Columbia County,rural,Northeast,Middle Atlantic,634.666,56158,33617,17.75,
1973,36021,NY,Columbia County,rural,Northeast,Middle Atlantic,634.666,56478,34020,17.625,
1974,36021,NY,Columbia County,RURAL,Northeast,Middle Atlantic,634.666,56574,34235,17.5,
1975,36021,NY,Columbia County,rural,Northeast,Middle Atlantic,634.666,56906,34579,17.375,
1976,36021,NY,Columbia County,rural,Northeast,Middle Atlantic,634.666,57146,35001,17.25,
1977,36021,NY,Columbia County,rural,Northeast,Middle Atlantic,634.666,58418,36115,17.125,
1978,36021,NY,Columbia County,rural  ,Northeast,Middle Atlantic,634.666,58799,36632,17,
1978,36021,NY,Columbia County,rural  ,Northeast,Middle Atlantic,634.666,58799,36632,17,
1979,36021,NY,Columbia County,rural,Northeast,Middle Atlantic,634.666,59193,37123,23.4,
1980,36021,NY,Columbia County,RURAL,Northeast,Middle Atlantic,634.666,59620,37586,29.8,
1981,36021,NY,Columbia County,rural,Northeast,Middle Atlantic,634.666,59850,37911,36.2,
1982,36021,NY,Columbia County,rural  ,Northeast,Middle Atlantic,634.666,60343,38320,42.6,
1983,36021,NY,Columbia County,rural,Northeast,Middle Atlantic,634.666,61239,38958,49,
1983,36021,NY,Columbia County,rural,Northeast,Middle Atlantic,634.666,61239,38958,49,
1984,36021,NY,Columbia County,rural,Northeast,Middle Atlantic,634.666,61202,39022,52.5,
1985,36021,NY,Columbia County,rural,Northeast,Middle Atlantic,634.666,61293,39133,56,
1986,36021,NY,Columbia County,Rural,Northeast,Middle Atlantic,634.666,61823,39521,47,
1987,36021,NY,Columbia County,rural,Northeast,Middle Atlantic,634.666,62027,39566,46,76
1988,36021,NY,Columbia County,rural,Northeast,Middle Atlantic,634.666,62624,39877,564,75
1988,36021,,,,,,,,,50,
1989,36021,NY,Columbia County,rural,Northeast,Middle Atlantic,634.666,62862,39885,105,69
1990,36021,NY,Columbia County,rural,Northeast,Middle Atlantic,634.666,63048,39944,102,94
1991,36021,NY,Columbia County,  RURAL ,Northeast,Middle Atlantic,634.666,62967,39755,100,119
1992,36021,NY,Columbia County,rural  ,Northeast,Middle Atlantic,634.666,63228,39844,99,144
1993,36021,NY,Columbia County,rural,Northeast,Middle Atlantic,634.666,63428,39942,83,144
1994,36021,NY,Columbia County,RURAL,Northeast,Middle Atlantic,634.666,63549,39978,90.5,147
1995,36021,NY,Columbia County,rural,Northeast,Middle Atlantic,634.666,63790,40187,98,167
1996,36021,NY,Columbia County,rural,Northeast,Middle Atlantic,634.666,63625,40166,105.5,178
1997,36021,NY,Columbia County,rural,Northeast,Middle Atlantic,634.666,63505,40254,113,172
1998,36021,NY,Columbia County,rural,Northeast,Middle Atlantic,634.666,63356,40454,120.5,183
1999,36021,NY,Columbia County,rural,Northeast,Middle Atlantic,634.666,63217,40508,128,211
2000,36021,NY,Columbia County,rural,Northeast,Middle Atlantic,634.666,63046,40485,124,206
2001,36021,NY,Columbia County,rural,Northeast,Middle Atlantic,634.666,62953,40612,108,203
2002,36021,NY,Columbia County,rural,Northeast,Middle Atlantic,634.666,63182,41115,128,204
2003,36021,NY,Columbia County,rural,Northeast,Middle Atlantic,634.666,63304,41421,118,172
2004,36021,NY,Columbia County,rural,Northeast,Middle Atlantic,634.666,63646,41971,116,165
2005,36021,NY,Columbia County,rural,Northeast,Middle Atlantic,634.666,63717,42256,120,147
2006,36021,NY,Columbia County,rural,Northeast,Middle Atlantic,634.666,63427,42227,118.125,153
2007,36021,NY,Columbia County,rural,Northeast,Middle Atlantic,634.666,63430,42168,116.25,146
2008,36021,NY,Columbia County,rural,Northeast,Middle Atlantic,634.666,63253,41970,114.375,143
2008,36021,NY,Columbia County,rural,Northeast,Middle Atlantic,634.666,63253,41970,114.375,143
2009,36021,NY,Columbia County,rural,Northeast,Middle Atlantic,634.666,63023,41625,112.5,161
2009,36021,NY,Columbia County,rural,Northeast,Middle Atlantic,634.666,63023,41625,112.5,161
2010,36021,NY,Columbia County,rural,Northeast,Middle Atlantic,634.666,63066,41518,110.625,135
2011,36021,NY,Columbia County,rural,Northeast,Middle Atlantic,634.666,63039,41492,108.75,122
2012,36021,NY,Columbia County,rural,Northeast,Middle Atlantic,634.666,62538,41114,106.875,127
2013,36021,NY,Columbia County,rural,Northeast,Middle Atlantic,634.666,62473,40687,105,124
2014,36021,NY,Columbia County,rural,Northeast,Middle Atlantic,634.666,62225,40219,105,146
2015,36021,NY,Columbia County,rural  ,Northeast,Middle Atlantic,634.666,62018,39909,105,144
2015,36021,NY,Columbia County,rural  ,Northeast,Middle Atlantic,634.666,62018,39909,105,144
2016,36021,NY,Columbia County,rural  ,Northeast,Middle Atlantic,634.666,61549,39385,,
1970,36023,NY,Cortland County,rural,Northeast,Middle Atlantic,498.773,45877,28406,12,
1971,36023,NY,Cortland County,rural,Northeast,Middle Atlantic,498.773,45794,28514,13,
1971,36023,NY,Cortland County,rural,Northeast,Middle Atlantic,498.773,45794,28514,13,
1972,36023,NY,Cortland County,rural,Northeast,Middle Atlantic,498.773,46513,29237,14,
1973,36023,NY,Cortland County,rural,Northeast,Middle Atlantic,498.773,46853,29721,15,
1974,36023,NY,Cortland County,RURAL,Northeast,Middle Atlantic,498.773,47674,30566,16,
1975,36023,NY,Cortland County,rural,Northeast,Middle Atlantic,498.773,48189,31190,17,
1976,36023,NY,Cortland County,rural,Northeast,Middle Atlantic,498.773,48297,31557,18,
1977,36023,NY,Cortland County,RURAL,Northeast,Middle Atlantic,498.773,47834,31399,19,
1978,36023,NY,Cortland County,rural,Northeast,Middle Atlantic,498.773,48171,31804,20,
1979,36023,NY,Cortland County,rural,Northeast,Middle Atlantic,498.773,47881,31785,21.4,
1980,36023,NY,Cortland County,rural,Northeast,Middle Atlantic,498.773,48883,32701,22.8,
1981,36023,NY,Cortland County,rural,Northeast,Middle Atlantic,498.773,48857,32850,24.2,
1982,36023,NY,Cortland County,rural,Northeast,Middle Atlantic,498.773,48446,32659,25.6,
1983,36023,NY,Cortland County,rural,Northeast,Middle Atlantic,498.773,48126,32501,27,
1984,36023,NY,Cortland County,rural,Northeast,Middle Atlantic,498.773,47633,32238,28.4,
1985,36023,NY,Cortland County,rural,Northeast,Middle Atlantic,498.773,47663,32296,29.8,
1986,36023,NY,Cortland County,rural,Northeast,Middle Atlantic,498.773,47947,32526,31.2,
1987,36023,NY,Cortland County,rural,Northeast,Middle Atlantic,498.773,48262,32655,32.6,27
1988,36023,NY,Cortland County,rural,Northeast,Middle Atlantic,498.773,48112,32468,34,27
1989,36023,NY,Cortland County,rural,Northeast,Middle Atlantic,498.773,48490,32579,34.2,40
1990,36023,NY,Cortland County,rural,Northeast,Middle Atlantic,498.773,49127,32947,34.4,40
1991,36023,NY,Cortland County,rural,Northeast,Middle Atlantic,498.773,49280,32922,34.6,40
1992,36023,NY,Cortland County, rural,Northeast,Middle Atlantic,498.773,49500,32920,34.8,40
1993,36023,NY,Cortland County,rural,Northeast,Middle Atlantic,498.773,49584,32934,35,40
1994,36023,NY,Cortland County,rural,Northeast,Middle Atlantic,498.773,49502,32845,40.33333,60
1995,36023,NY,Cortland County,rural,Northeast,Middle Atlantic,498.773,49123,32564,45.66667,67
1996,36023,NY,Cortland County,rural,Northeast,Middle Atlantic,498.773,48726,32347,51,62
1997,36023,NY,Cortland County,rural,Northeast,Middle Atlantic,498.773,48619,32440,56.33333,63
1998,36023,NY,Cortland County,rural,Northeast,Middle Atlantic,498.773,48755,32819,61.66667,78
1999,36023,NY,Cortland County,rural  ,Northeast,Middle Atlantic,498.773,48734,33046,67,95
2000,36023,NY,Cortland County,rural,Northeast,Middle Atlantic,498.773,48693,33144,65.5,118
2001,36023,NY,Cortland County,rural,Northeast,Middle Atlantic,498.773,48903,33472,64,104
2002,36023,NY,Cortland County, rural,Northeast,Middle Atlantic,498.773,48891,33566,62.5,93
2003,36023,NY,Cortland County,rural,Northeast,Middle Atlantic,498.773,49475,34007,61,86
2004,36023,NY,Cortland County,rural,Northeast,Middle Atlantic,498.773,49628,34273,59.5,107
2005,36023,NY,Cortland County,rural  ,Northeast,Middle Atlantic,498.773,49330,34219,58,131
2006,36023,NY,Cortland County,rural,Northeast,Middle Atlantic,498.773,49449,34396,59.875,153
2007,36023,NY,Cortland County,rural,Northeast,Middle Atlantic,498.773,49624,34556,61.75,152
2008,36023,NY,Cortland County,RURAL,Northeast,Middle Atlantic,498.773,49537,34444,63.625,152
2009,36023,NY,Cortland County,rural,Northeast,Middle Atlantic,498.773,49358,34368,65.5,147
2010,36023,NY,Cortland County,rural,Northeast,Middle Atlantic,498.773,49285,34369,67.375,132
2011,36023,NY,Cortland County,rural,Northeast,Middle Atlantic,498.773,49277,34361,69.25,133
2012,36023,NY,Cortland County,rural,Northeast,Middle Atlantic,498.773,49373,34483,71.125,146
2013,36023,NY,Cortland County,rural,Northeast,Middle Atlantic,498.773,49024,34095,73,161
2014,36023,NY,Cortland County,rural,Northeast,Middle Atlantic,498.773,48912,33927,73,144
2015,36023,NY,Cortland County,rural,Northeast,Middle Atlantic,498.773,48742,33671,73,155
2015,36023,NY,Cortland County,rural,Northeast,Middle Atlantic,498.773,48742,33671,73,155
2016,36023,NY,Cortland County,rural,Northeast,Middle Atlantic,498.773,48294,33250,,
1970,36025,NY,Delaware County,rural,Northeast,Middle Atlantic,1442.46,45009,26917,10,
1971,36025,NY,Delaware County,rural,Northeast,Middle Atlantic,1442.46,46168,27840,550,
1971,36025,,,,,,,,,10.625,
1972,36025,NY,Delaware County,rural,Northeast,Middle Atlantic,1442.46,46922,28565,11.25,
1973,36025,NY,Delaware County,rural,Northeast,Middle Atlantic,1442.46,46694,28630,11.875,
1974,36025,NY,Delaware County,Rural,Northeast,Middle Atlantic,1442.46,46772,28852,12.5,
1975,36025,NY,Delaware County,rural,Northeast,Middle Atlantic,1442.46,47192,29306,13.125,
1976,36025,NY,Delaware County,rural,Northeast,Middle Atlantic,1442.46,47607,29906,13.75,
1977,36025,NY,Delaware County,rural,Northeast,Middle Atlantic,1442.46,47763,30158,14.375,
1978,36025,NY,Delaware County,rural,Northeast,Middle Atlantic,1442.46,47453,30115,15,
1979,36025,NY,Delaware County,rural,Northeast,Middle Atlantic,1442.46,47376,30237,14.6,
1980,36025,NY,Delaware County,rural,Northeast,Middle Atlantic,1442.46,46849,29953,14.2,
1981,36025,NY,Delaware County,rural,Northeast,Middle Atlantic,1442.46,46705,29931,13.8,
1982,36025,NY,Delaware County,rural,Northeast,Middle Atlantic,1442.46,46493,29796,13.4,
1983,36025,NY,Delaware County,rural,Northeast,Middle Atlantic,1442.46,46259,29625,13,
1984,36025,NY,Delaware County,rural,Northeast,Middle Atlantic,1442.46,46236,29602,15.4,
1985,36025,NY,Delaware County,rural,Northeast,Middle Atlantic,1442.46,46331,29638,17.8,
1986,36025,NY,Delaware County,rural,Northeast,Middle Atlantic,1442.46,46072,29444,20.2,
1987,36025,NY,Delaware County,rural,Northeast,Middle Atlantic,1442.46,46550,29600,22.6,10
1988,36025,NY,Delaware County,rural,Northeast,Middle Atlantic,1442.46,46945,29724,25,8
1989,36025,NY,Delaware County,rural,Northeast,Middle Atlantic,1442.46,47148,29663,25,13
1990,36025,NY,Delaware County,rural,Northeast,Middle Atlantic,1442.46,47464,29729,25,14
1991,36025,NY,Delaware County,rural,Northeast,Middle Atlantic,1442.46,47733,29756,25,15
1992,36025,NY,Delaware County,rural,Northeast,Middle Atlantic,1442.46,48021,29828,25,16
1993,36025,NY,Delaware County,rural,Northeast,Middle Atlantic,1442.46,48387,29952,578,19
1993,36025,,,,,,,,,25,
1994,36025,NY,Delaware County,rural  ,Northeast,Middle Atlantic,1442.46,48526,29949,606,16
1994,36025,,,,,,,,,27.16667,
1995,36025,NY,Delaware County,rural,Northeast,Middle Atlantic,1442.46,48638,30000,29.33333,18
1996,36025,NY,Delaware County,rural,Northeast,Middle Atlantic,1442.46,48342,29768,31.5,25
1997,36025,NY,Delaware County,rural,Northeast,Middle Atlantic,1442.46,47878,29601,33.66667,33
1998,36025,NY,Delaware County, rural,Northeast,Middle Atlantic,1442.46,47999,30021,35.83333,49
1999,36025,NY,Delaware County,rural,Northeast,Middle Atlantic,1442.46,48069,30179,38,41
2000,36025,NY,Delaware County,rural,Northeast,Middle Atlantic,1442.46,47864,30148,43.66667,67
2001,36025,NY,Delaware County,rural,Northeast,Middle Atlantic,1442.46,47771,30261,49.33333,61
2002,36025,NY,Delaware County,rural,Northeast,Middle Atlantic,1442.46,47666,30402,55,66
2003,36025,NY,Delaware County,rural,Northeast,Middle Atlantic,1442.46,47930,30703,60.66667,68
2004,36025,NY,Delaware County,rural,Northeast,Middle Atlantic,1442.46,48283,31169,66.33334,71
2005,36025,NY,Delaware County,rural,Northeast,Middle Atlantic,1442.46,48377,31465,72,77
2006,36025,NY,Delaware County,rural,Northeast,Middle Atlantic,1442.46,48271,31493,73,78
2007,36025,NY,Delaware County,rural,Northeast,Middle Atlantic,1442.46,48450,31635,74,83
2008,36025,NY,Delaware County,rural,Northeast,Middle Atlantic,1442.46,48363,31537,75,87
2009,36025,NY,Delaware County,rural,Northeast,Middle Atlantic,1442.46,48182,31411,76,85
2010,36025,NY,Delaware County,  RURAL ,Northeast,Middle Atlantic,1442.46,47960,31190,77,77
2011,36025,NY,Delaware County,rural,Northeast,Middle Atlantic,1442.46,47888,31114,78,87
2012,36025,NY,Delaware County,rural,Northeast,Middle Atlantic,1442.46,47581,30819,79,97
2013,36025,NY,Delaware County,rural,Northeast,Middle Atlantic,1442.46,47219,30312,80,92
2014,36025,NY,Delaware County,rural,Northeast,Middle Atlantic,1442.46,46818,29943,80,108
2015,36025,NY,Delaware County,rural,Northeast,Middle Atlantic,1442.46,46560,29679,80,128
2016,36025,NY,Delaware County,rural,Northeast,Middle Atlantic,1442.46,45948,29078,,
1970,36027,NY,Dutchess County,suburban,Northeast,Middle Atlantic,795.632,223602,136712,121,
1971,36027,NY,Dutchess County,suburban,Northeast,Middle Atlantic,795.632,228868,141194,115,
1972,36027,NY,Dutchess County,suburban,Northeast,Middle Atlantic,795.632,227507,141638,109,
1972,36027,NY,Dutchess County,suburban,Northeast,Middle Atlantic,795.632,227507,141638,109,
1973,36027,NY,Dutchess County,suburban,Northeast,Middle Atlantic,795.632,232531,146529,103,
1974,36027,NY,Dutchess County,suburban,Northeast,Middle Atlantic,795.632,234742,149281,97,
1975,36027,NY,Dutchess County,suburban,Northeast,Middle Atlantic,795.632,238022,152671,91,
1976,36027,NY,Dutchess County,suburban,Northeast,Middle Atlantic,795.632,237795,154063,85,
1977,36027,NY,Dutchess County,suburban,Northeast,Middle Atlantic,795.632,238892,156176,79,
1978,36027,NY,Dutchess County,suburban,Northeast,Middle Atlantic,795.632,240407,158586,73,
1979,36027,NY,Dutchess County,suburban,Northeast,Middle Atlantic,795.632,242178,161080,79.2,
1980,36027,NY,Dutchess County,suburban,Northeast,Middle Atlantic,795.632,245415,164595,85.4,
1981,36027,NY,Dutchess County,suburban,Northeast,Middle Atlantic,795.632,246004,166017,91.6,
1982,36027,NY,Dutchess County,Suburban,Northeast,Middle Atlantic,795.632,246680,167209,97.8,
1983,36027,NY,Dutchess County,suburban,Northeast,Middle Atlantic,795.632,248681,169148,104,
1984,36027,NY,Dutchess County,suburban,Northeast,Middle Atlantic,795.632,250647,171133,120,
1985,36027,NY,Dutchess County,suburban,Northeast,Middle Atlantic,795.632,252445,172887,136,
1986,36027,NY,Dutchess County,SUBURBAN,Northeast,Middle Atlantic,795.632,253214,173947,156,
1987,36027,NY,Dutchess County,suburban,Northeast,Middle Atlantic,795.632,255938,175742,162,254
1987,36027,NY,Dutchess County,suburban,Northeast,Middle Atlantic,795.632,255938,175742,162,254
1988,36027,NY,Dutchess County,suburban,Northeast,Middle Atlantic,795.632,259265,177970,183,262
1989,36027,NY,Dutchess County,suburban,Northeast,Middle Atlantic,795.632,258635,177181,246,254
1990,36027,NY,Dutchess County,SUBURBAN,Northeast,Middle Atlantic,795.632,260238,178139,254,271.666666667
1991,36027,NY,Dutchess County,suburban,Northeast,Middle Atlantic,795.632,261952,177928,243,289.333333333
1992,36027,NY,Dutchess County,suburban,Northeast,Middle Atlantic,795.632,264450,178673,223,307
1993,36027,NY,Dutchess County,suburban,Northeast,Middle Atlantic,795.632,265585,178605,227,325
1994,36027,NY,Dutchess County,suburban,Northeast,Middle Atlantic,795.632,264860,177116,249,369
1994,36027,NY,Dutchess County,suburban,Northeast,Middle Atlantic,795.632,264860,177116,249,369
1995,36027,NY,Dutchess County,suburban,Northeast,Middle Atlantic,795.632,266538,177702,274,421
1996,36027,NY,Dutchess County,suburban,Northeast,Middle Atlantic,795.632,268986,179178,277,463
1997,36027,NY,Dutchess County,suburban,Northeast,Middle Atlantic,795.632,270935,180697,282,444
1998,36027,NY,Dutchess County,Suburban,Northeast,Middle Atlantic,795.632,273784,183182,289,458
1999,36027,NY,Dutchess County,suburban,Northeast,Middle Atlantic,795.632,277586,185933,334,487
2000,36027,NY,Dutchess County,suburban,Northeast,Middle Atlantic,795.632,280914,188390,313,532
2001,36027,NY,Dutchess County,suburban,Northeast,Middle Atlantic,795.632,284712,191407,325,507
2002,36027,NY,Dutchess County,suburban,Northeast,Middle Atlantic,795.632,287700,194034,330,521
2003,36027,NY,Dutchess County,suburban,Northeast,Middle Atlantic,795.632,290781,196756,318,484
2004,36027,NY,Dutchess County,suburban,Northeast,Middle Atlantic,795.632,292859,198932,320,499
2004,36027,NY,Dutchess County,suburban,Northeast,Middle Atlantic,795.632,292859,198932,320,499
2005,36027,NY,Dutchess County,suburban,Northeast,Middle Atlantic,795.632,294362,200915,327,533
2006,36027,NY,Dutchess County,suburban,Northeast,Middle Atlantic,795.632,294712,201686,320.875,543
2007,36027,NY,Dutchess County,suburban,Northeast,Middle Atlantic,795.632,295319,202517,314.75,530
2007,36027,NY,Dutchess County,suburban,Northeast,Middle Atlantic,795.632,295319,202517,314.75,530
2008,36027,NY,Dutchess County,Suburban,Northeast,Middle Atlantic,795.632,296267,203093,308.625,513
2009,36027,NY,Dutchess County,suburban,Northeast,Middle Atlantic,795.632,296887,203738,302.5,544
2010,36027,NY,Dutchess County,suburban,Northeast,Middle Atlantic,795.632,297448,204579,296.375,562
2011,36027,NY,Dutchess County, suburban,Northeast,Middle Atlantic,795.632,297751,204896,290.25,571
2012,36027,NY,Dutchess County,Suburban,Northeast,Middle Atlantic,795.632,298361,205590,284.125,618
2013,36027,NY,Dutchess County,suburban,Northeast,Middle Atlantic,795.632,297423,204227,278,627
2013,36027,NY,Dutchess County,suburban,Northeast,Middle Atlantic,795.632,297423,204227,278,627
2014,36027,NY,Dutchess County,suburban,Northeast,Middle Atlantic,795.632,296922,203502,319,699
2015,36027,NY,Dutchess County,suburban,Northeast,Middle Atlantic,795.632,296058,202412,360,692
2016,36027,NY,Dutchess County,suburban,Northeast,Middle Atlantic,795.632,295309,201409,,
1970,36029,NY,Erie County,urban,Northeast,Middle Atlantic,1042.704,1114792,687162,570,
1971,36029,NY,Erie County,Urban,Northeast,Middle Atlantic,1042.704,1119999,696493,555.875,
1972,36029,NY,Erie County,urban,Northeast,Middle Atlantic,1042.704,1112776,699100,541.75,
1973,36029,NY,Erie County,urban,Northeast,Middle Atlantic,1042.704,1099433,697744,527.625,
1973,36029,NY,Erie County,urban,Northeast,Middle Atlantic,1042.704,1099433,697744,527.625,
1974,36029,NY,Erie County,  URBAN ,Northeast,Middle Atlantic,1042.704,1085518,695170,513.5,
1975,36029,NY,Erie County,urban,Northeast,Middle Atlantic,1042.704,1079180,697419,499.375,
1976,36029,NY,Erie County, urban,Northeast,Middle Atlantic,1042.704,1069554,697128,485.25,
1977,36029,NY,Erie County,urban,Northeast,Middle Atlantic,1042.704,1057904,694793,471.125,
1978,36029,NY,Erie County,urban,Northeast,Middle Atlantic,1042.704,1043736,690071,457,
1979,36029,NY,Erie County,urban,Northeast,Middle Atlantic,1042.704,1033073,686841,499,
1980,36029,NY,Erie County,URBAN,Northeast,Middle Atlantic,1042.704,1014484,675975,541,
1981,36029,NY,Erie County,urban,Northeast,Middle Atlantic,1042.704,1007258,672628,583,
1982,36029,NY,Erie County,urban,Northeast,Middle Atlantic,1042.704,1000858,668414,625,
1983,36029,NY,Erie County, urban,Northeast,Middle Atlantic,1042.704,989903,660689,667,
1984,36029,NY,Erie County,urban,Northeast,Middle Atlantic,1042.704,979212,653391,808.5,
1985,36029,NY,Erie County,URBAN,Northeast,Middle Atlantic,1042.704,973610,648872,950,
1986,36029,NY,Erie County,urban,Northeast,Middle Atlantic,1042.704,966917,643559,771,
1987,36029,NY,Erie County,urban,Northeast,Middle Atlantic,1042.704,962908,637749,827,1275
1988,36029,NY,Erie County,  URBAN ,Northeast,Middle Atlantic,1042.704,963082,635034,880,1339
1989,36029,NY,Erie County,urban,Northeast,Middle Atlantic,1042.704,966521,633220,932,1321
1990,36029,NY,Erie County,urban,Northeast,Middle Atlantic,1042.704,969780,632338,921,1403.66666667
1991,36029,NY,Erie County,urban,Northeast,Middle Atlantic,1042.704,973280,629447,968,1486.33333333
1992,36029,NY,Erie County,urban,Northeast,Middle Atlantic,1042.704,976538,627690,1004,1569
1993,36029,NY,Erie County,urban,Northeast,Middle Atlantic,1042.704,977751,625475,1081,1587
1994,36029,NY,Erie County,urban,Northeast,Middle Atlantic,1042.704,977079,622487,1080,1733
1994,36029,NY,Erie County,urban,Northeast,Middle Atlantic,1042.704,977079,622487,1080,1733
1995,36029,NY,Erie County,urban,Northeast,Middle Atlantic,1042.704,973927,618561,1212,1761
1996,36029,NY,Erie County,urban,Northeast,Middle Atlantic,1042.704,970375,615986,1392,1878
1997,36029,NY,Erie County,urban,Northeast,Middle Atlantic,1042.704,963040,612342,1442,1880
1998,36029,NY,Erie County,URBAN,Northeast,Middle Atlantic,1042.704,956578,610499,1414,1989
1999,36029,NY,Erie County,urban,Northeast,Middle Atlantic,1042.704,952546,608662,1631,2221
2000,36029,NY,Erie County,urban,Northeast,Middle Atlantic,1042.704,949440,607278,1538,2256
2001,36029,NY,Erie County,urban,Northeast,Middle Atlantic,1042.704,946515,607658,1580,2168
2002,36029,NY,Erie County,urban,Northeast,Middle Atlantic,1042.704,943551,609163,1770,2190
2003,36029,NY,Erie County,urban,Northeast,Middle Atlantic,1042.704,941846,611624,1699,2237
2004,36029,NY,Erie County,urban,Northeast,Middle Atlantic,1042.704,938333,613094,1424,2316
2005,36029,NY,Erie County,urban,Northeast,Middle Atlantic,1042.704,931745,613051,1531,2431
2006,36029,NY,Erie County,urban,Northeast,Middle Atlantic,1042.704,925564,612336,1524,2584
2007,36029,NY,Erie County,urban,Northeast,Middle Atlantic,1042.704,921887,611951,2027,2749
2007,36029,,,,,,,,,1500,
2008,36029,NY,Erie County,urban,Northeast,Middle Atlantic,1042.704,920571,611895,1442,2736
2009,36029,NY,Erie County,urban,Northeast,Middle Atlantic,1042.704,919334,612784,1306,2790
2010,36029,NY,Erie County,urban,Northeast,Middle Atlantic,1042.704,919130,613995,1370,2809
2011,36029,NY,Erie County,urban,Northeast,Middle Atlantic,1042.704,919224,614418,1363,2745
2012,36029,NY,Erie County,urban,Northeast,Middle Atlantic,1042.704,920312,616867,1313,2694
2013,36029,NY,Erie County,urban,Northeast,Middle Atlantic,1042.704,920935,615275,1309,2612
2014,36029,NY,Erie County,urban,Northeast,Middle Atlantic,1042.704,922758,615480,1305,2623
2015,36029,NY,Erie County,urban,Northeast,Middle Atlantic,1042.704,924449,614878,1301,2567
2016,36029,NY,Erie County,urban,Northeast,Middle Atlantic,1042.704,924122,613205,,
2016,36029,NY,Erie County,urban,Northeast,Middle Atlantic,1042.704,924122,613205,,
1970,36031,NY,Essex County,rural,Northeast,Middle Atlantic,1794.114,34601,20025,10,
1971,36031,NY,Essex County,rural,Northeast,Middle Atlantic,1794.114,34476,20048,9.875,
1972,36031,NY,Essex County,rural,Northeast,Middle Atlantic,1794.114,35523,20915,9.75,
1972,36031,NY,Essex County,rural,Northeast,Middle Atlantic,1794.114,35523,20915,9.75,
1973,36031,NY,Essex County,rural,Northeast,Middle Atlantic,1794.114,35513,21093,9.625,
1973,36031,NY,Essex County,rural,Northeast,Middle Atlantic,1794.114,35513,21093,9.625,
1974,36031,NY,Essex County,rural,Northeast,Middle Atlantic,1794.114,35225,21070,9.5,
1975,36031,NY,Essex County,rural,Northeast,Middle Atlantic,1794.114,35514,21435,9.375,
1976,36031,NY,Essex County,rural,Northeast,Middle Atlantic,1794.114,35724,21841,9.25,
1977,36031,NY,Essex County,Rural,Northeast,Middle Atlantic,1794.114,35817,22090,9.125,
1978,36031,NY,Essex County,Rural,Northeast,Middle Atlantic,1794.114,35798,22304,9,
1979,36031,NY,Essex County,RURAL,Northeast,Middle Atlantic,1794.114,35997,22637,10.8,
1980,36031,NY,Essex County,rural,Northeast,Middle Atlantic,1794.114,36202,22897,12.6,
1981,36031,NY,Essex County,rural,Northeast,Middle Atlantic,1794.114,36120,23011,14.4,
1982,36031,NY,Essex County,rural,Northeast,Middle Atlantic,1794.114,36492,23365,16.2,
1983,36031,NY,Essex County,rural,Northeast,Middle Atlantic,1794.114,36591,23526,18,
1984,36031,NY,Essex County,rural,Northeast,Middle Atlantic,1794.114,36487,23571,17.6,
1985,36031,NY,Essex County,rural,Northeast,Middle Atlantic,1794.114,36438,23623,17.2,
1986,36031,NY,Essex County,rural,Northeast,Middle Atlantic,1794.114,36619,23826,16.8,
1987,36031,NY,Essex County,rural,Northeast,Middle Atlantic,1794.114,36380,23668,16.4,23
1988,36031,NY,Essex County,rural,Northeast,Middle Atlantic,1794.114,36438,23717,16,18
1989,36031,NY,Essex County,rural,Northeast,Middle Atlantic,1794.114,36830,23934,14,17
1990,36031,NY,Essex County,  RURAL ,Northeast,Middle Atlantic,1794.114,37286,24227,18,20
1991,36031,NY,Essex County,rural,Northeast,Middle Atlantic,1794.114,37593,24304,17,23
1992,36031,NY,Essex County,rural,Northeast,Middle Atlantic,1794.114,37619,24226,24,26
1993,36031,NY,Essex County,rural,Northeast,Middle Atlantic,1794.114,38060,24468,15,19
1994,36031,NY,Essex County,rural,Northeast,Middle Atlantic,1794.114,38243,24571,15.83333,27
1995,36031,NY,Essex County,rural,Northeast,Middle Atlantic,1794.114,38262,24558,16.66667,40
1996,36031,NY,Essex County,rural,Northeast,Middle Atlantic,1794.114,38595,24872,17.5,40
1997,36031,NY,Essex County,rural,Northeast,Middle Atlantic,1794.114,38646,24935,18.33333,48
1998,36031,NY,Essex County,Rural,Northeast,Middle Atlantic,1794.114,38506,25006,19.16667,47
1999,36031,NY,Essex County,rural,Northeast,Middle Atlantic,1794.114,38664,25240,20,48
1999,36031,NY,Essex County,rural,Northeast,Middle Atlantic,1794.114,38664,25240,20,48
2000,36031,NY,Essex County,rural,Northeast,Middle Atlantic,1794.114,38911,25482,19.83333,54
2001,36031,NY,Essex County,rural,Northeast,Middle Atlantic,1794.114,38893,25654,19.66667,56
2002,36031,NY,Essex County,rural,Northeast,Middle Atlantic,1794.114,39195,26037,19.5,57
2003,36031,NY,Essex County, rural,Northeast,Middle Atlantic,1794.114,39334,26298,19.33333,49
2004,36031,NY,Essex County,rural,Northeast,Middle Atlantic,1794.114,39295,26363,19.16667,52
2004,36031,NY,Essex County,rural,Northeast,Middle Atlantic,1794.114,39295,26363,19.16667,52
2005,36031,NY,Essex County,rural,Northeast,Middle Atlantic,1794.114,39321,26436,19,58
2006,36031,NY,Essex County,rural,Northeast,Middle Atlantic,1794.114,39490,26568,27.25,55
2007,36031,NY,Essex County,rural  ,Northeast,Middle Atlantic,1794.114,39373,26451,35.5,71
2008,36031,NY,Essex County,rural,Northeast,Middle Atlantic,1794.114,39435,26419,43.75,73
2009,36031,NY,Essex County,rural,Northeast,Middle Atlantic,1794.114,39478,26358,52,56
2010,36031,NY,Essex County,rural,Northeast,Middle Atlantic,1794.114,39361,26259,60.25,64
2011,36031,NY,Essex County,rural,Northeast,Middle Atlantic,1794.114,39353,26246,68.5,73
2012,36031,NY,Essex County,rural,Northeast,Middle Atlantic,1794.114,39269,26235,76.75,72
2013,36031,NY,Essex County,rural,Northeast,Middle Atlantic,1794.114,38884,25817,85,75
2014,36031,NY,Essex County,rural,Northeast,Middle Atlantic,1794.114,38621,25515,85,107
2015,36031,NY,Essex County,rural,Northeast,Middle Atlantic,1794.114,38380,25226,85,97
2016,36031,NY,Essex County,rural  ,Northeast,Middle Atlantic,1794.114,38196,25014,,
1970,36033,NY,Franklin County,rural,Northeast,Middle Atlantic,1629.209,44140,25133,17,
1971,36033,NY,Franklin County,rural,Northeast,Middle Atlantic,1629.209,44970,25916,17.625,
1972,36033,NY,Franklin County,rural,Northeast,Middle Atlantic,1629.209,45301,26465,18.25,
1973,36033,NY,Franklin County,  RURAL ,Northeast,Middle Atlantic,1629.209,44596,26347,18.875,
1974,36033,NY,Franklin County,rural,Northeast,Middle Atlantic,1629.209,44283,26460,19.5,
1975,36033,NY,Franklin County,rural,Northeast,Middle Atlantic,1629.209,44598,26968,20.125,
1976,36033,NY,Franklin County,rural,Northeast,Middle Atlantic,1629.209,44768,27431,20.75,
1977,36033,NY,Franklin County,rural,Northeast,Middle Atlantic,1629.209,44829,27778,21.375,
1978,36033,NY,Franklin County,rural,Northeast,Middle Atlantic,1629.209,44870,28051,22,
1979,36033,NY,Franklin County,rural,Northeast,Middle Atlantic,1629.209,44582,28084,22.8,
1980,36033,NY,Franklin County,rural,Northeast,Middle Atlantic,1629.209,44923,28512,23.6,
1981,36033,NY,Franklin County,rural,Northeast,Middle Atlantic,1629.209,44772,28650,24.4,
1981,36033,NY,Franklin County,rural,Northeast,Middle Atlantic,1629.209,44772,28650,24.4,
1982,36033,NY,Franklin County,  RURAL ,Northeast,Middle Atlantic,1629.209,44038,28350,25.2,
1983,36033,NY,Franklin County,rural,Northeast,Middle Atlantic,1629.209,43415,28079,26,
1984,36033,NY,Franklin County,rural,Northeast,Middle Atlantic,1629.209,43704,28425,31,
1985,36033,NY,Franklin County, rural,Northeast,Middle Atlantic,1629.209,43780,28604,36,
1986,36033,NY,Franklin County,rural,Northeast,Middle Atlantic,1629.209,43379,28470,39,
1987,36033,NY,Franklin County,Rural,Northeast,Middle Atlantic,1629.209,44144,28994,39,43
1988,36033,NY,Franklin County,rural,Northeast,Middle Atlantic,1629.209,44647,29349,37,53
1989,36033,NY,Franklin County, rural,Northeast,Middle Atlantic,1629.209,45991,30200,39.6,48
1990,36033,NY,Franklin County,rural,Northeast,Middle Atlantic,1629.209,46668,30684,42.2,54.3333333333
1991,36033,NY,Franklin County,rural,Northeast,Middle Atlantic,1629.209,47886,31677,44.8,60.6666666667
1992,36033,NY,Franklin County,rural,Northeast,Middle Atlantic,1629.209,48702,32292,47.4,67
1993,36033,NY,Franklin County,rural,Northeast,Middle Atlantic,1629.209,49350,32733,50,66
1994,36033,NY,Franklin County,rural,Northeast,Middle Atlantic,1629.209,49712,32994,54.16667,52
1995,36033,NY,Franklin County,rural,Northeast,Middle Atlantic,1629.209,49965,33273,58.33333,54
1996,36033,NY,Franklin County,rural,Northeast,Middle Atlantic,1629.209,50179,33568,62.5,64
1997,36033,NY,Franklin County,rural,Northeast,Middle Atlantic,1629.209,49919,33531,66.66666,60
1998,36033,NY,Franklin County,rural,Northeast,Middle Atlantic,1629.209,49620,33541,70.83334,66
1999,36033,NY,Franklin County,rural,Northeast,Middle Atlantic,1629.209,51061,35051,75,70
2000,36033,NY,Franklin County,rural,Northeast,Middle Atlantic,1629.209,51044,35073,80,69
2001,36033,NY,Franklin County,rural,Northeast,Middle Atlantic,1629.209,50925,35188,73,74
2002,36033,NY,Franklin County,rural,Northeast,Middle Atlantic,1629.209,50924,35219,88,80
2002,36033,NY,Franklin County,rural,Northeast,Middle Atlantic,1629.209,50924,35219,88,80
2003,36033,NY,Franklin County,rural,Northeast,Middle Atlantic,1629.209,51228,35603,100,97
2003,36033,NY,Franklin County,rural,Northeast,Middle Atlantic,1629.209,51228,35603,100,97
2004,36033,NY,Franklin County,rural,Northeast,Middle Atlantic,1629.209,51197,35764,103,99
2005,36033,NY,Franklin County,rural,Northeast,Middle Atlantic,1629.209,51257,35924,93,90
2006,36033,NY,Franklin County,rural,Northeast,Middle Atlantic,1629.209,51511,36133,96.5,107
2006,36033,NY,Franklin County,rural,Northeast,Middle Atlantic,1629.209,51511,36133,96.5,107
2007,36033,NY,Franklin County,rural,Northeast,Middle Atlantic,1629.209,51782,36316,100,117
2008,36033,NY,Franklin County,rural,Northeast,Middle Atlantic,1629.209,51907,36364,103.5,113
2009,36033,NY,Franklin County,rural,Northeast,Middle Atlantic,1629.209,51706,36211,107,102
2010,36033,NY,Franklin County,rural,Northeast,Middle Atlantic,1629.209,51606,36097,110.5,107
2011,36033,NY,Franklin County,rural,Northeast,Middle Atlantic,1629.209,51653,36145,114,132
2012,36033,NY,Franklin County,rural,Northeast,Middle Atlantic,1629.209,51554,36006,117.5,150
2013,36033,NY,Franklin County,RURAL,Northeast,Middle Atlantic,1629.209,51811,36057,121,168
2014,36033,NY,Franklin County,rural,Northeast,Middle Atlantic,1629.209,51246,35317,121,164
2015,36033,NY,Franklin County,RURAL,Northeast,Middle Atlantic,1629.209,51158,35060,121,167
2016,36033,NY,Franklin County,rural,Northeast,Middle Atlantic,1629.209,50609,34455,,
1970,36035,NY,Fulton County,rural,Northeast,Middle Atlantic,495.46,53084,31721,14,
1971,36035,NY,Fulton County,rural,Northeast,Middle Atlantic,495.46,54881,33046,14,
1972,36035,NY,Fulton County, rural,Northeast,Middle Atlantic,495.46,56388,34265,14,
1973,36035,NY,Fulton County,  RURAL ,Northeast,Middle Atlantic,495.46,55451,33799,14,
1974,36035,NY,Fulton County,rural,Northeast,Middle Atlantic,495.46,55288,33783,14,
1975,36035,NY,Fulton County,rural,Northeast,Middle Atlantic,495.46,55523,34012,14,
1976,36035,NY,Fulton County,rural,Northeast,Middle Atlantic,495.46,55783,34363,14,
1977,36035,NY,Fulton County,rural,Northeast,Middle Atlantic,495.46,55715,34462,14,
1978,36035,NY,Fulton County,rural,Northeast,Middle Atlantic,495.46,56277,34957,14,
1979,36035,NY,Fulton County,rural,Northeast,Middle Atlantic,495.46,56196,34982,16.86667,
1980,36035,NY,Fulton County,rural,Northeast,Middle Atlantic,495.46,55171,34281,19.73333,
1981,36035,NY,Fulton County,rural,Northeast,Middle Atlantic,495.46,54940,34298,22.6,
1982,36035,NY,Fulton County,rural,Northeast,Middle Atlantic,495.46,54991,34400,25.46667,
1983,36035,NY,Fulton County,rural,Northeast,Middle Atlantic,495.46,55253,34611,28.33333,
1984,36035,NY,Fulton County,rural,Northeast,Middle Atlantic,495.46,55262,34685,31.2,
1985,36035,NY,Fulton County,rural,Northeast,Middle Atlantic,495.46,54481,34226,34.06667,
1986,36035,NY,Fulton County,rural,Northeast,Middle Atlantic,495.46,53792,33821,36.93333,
1987,36035,NY,Fulton County,rural,Northeast,Middle Atlantic,495.46,53464,33510,39.8,54
1988,36035,NY,Fulton County,rural,Northeast,Middle Atlantic,495.46,54102,33822,42.66667,65
1989,36035,NY,Fulton County, rural,Northeast,Middle Atlantic,495.46,54104,33666,45.53333,61
1990,36035,NY,Fulton County,rural,Northeast,Middle Atlantic,495.46,54336,33738,48.4,61.3333333333
1991,36035,NY,Fulton County,rural,Northeast,Middle Atlantic,495.46,54744,34013,51.26667,61.6666666667
1992,36035,NY,Fulton County,rural,Northeast,Middle Atlantic,495.46,54815,33976,54.13334,62
1993,36035,NY,Fulton County,rural,Northeast,Middle Atlantic,495.46,55122,34198,571,70
1993,36035,,,,,,,,,57,
1994,36035,NY,Fulton County,rural,Northeast,Middle Atlantic,495.46,55233,34338,68.16666,67
1995,36035,NY,Fulton County,rural,Northeast,Middle Atlantic,495.46,55217,34324,79.33334,74
1996,36035,NY,Fulton County,rural,Northeast,Middle Atlantic,495.46,55388,34707,90.5,75
1997,36035,NY,Fulton County,rural,Northeast,Middle Atlantic,495.46,55102,34714,101.6667,104
1998,36035,NY,Fulton County,rural,Northeast,Middle Atlantic,495.46,54971,34926,112.8333,106
1999,36035,NY,Fulton County,rural,Northeast,Middle Atlantic,495.46,55011,35065,124,117
2000,36035,NY,Fulton County,rural,Northeast,Middle Atlantic,495.46,54976,35120,119.3333,125
2001,36035,NY,Fulton County,  RURAL ,Northeast,Middle Atlantic,495.46,54904,35216,114.6667,129
2002,36035,NY,Fulton County,rural,Northeast,Middle Atlantic,495.46,54988,35446,110,124
2003,36035,NY,Fulton County,rural,Northeast,Middle Atlantic,495.46,55081,35694,105.3333,122
2004,36035,NY,Fulton County,rural,Northeast,Middle Atlantic,495.46,55233,36060,100.6667,119
2005,36035,NY,Fulton County,rural,Northeast,Middle Atlantic,495.46,55301,36408,96,119
2006,36035,NY,Fulton County,rural,Northeast,Middle Atlantic,495.46,55328,36565,97.875,135
2006,36035,NY,Fulton County,rural,Northeast,Middle Atlantic,495.46,55328,36565,97.875,135
2007,36035,NY,Fulton County,rural,Northeast,Middle Atlantic,495.46,55489,36714,99.75,131
2008,36035,NY,Fulton County,rural,Northeast,Middle Atlantic,495.46,55584,36803,101.625,132
2009,36035,NY,Fulton County,rural,Northeast,Middle Atlantic,495.46,55558,36782,103.5,163
2009,36035,NY,Fulton County,rural,Northeast,Middle Atlantic,495.46,55558,36782,103.5,163
2010,36035,NY,Fulton County,rural,Northeast,Middle Atlantic,495.46,55523,36718,105.375,135
2011,36035,NY,Fulton County,rural,Northeast,Middle Atlantic,495.46,55467,36717,107.25,124
2012,36035,NY,Fulton County,rural,Northeast,Middle Atlantic,495.46,55122,36465,109.125,137
2013,36035,NY,Fulton County,rural,Northeast,Middle Atlantic,495.46,54869,36122,111,164
2014,36035,NY,Fulton County,rural  ,Northeast,Middle Atlantic,495.46,54376,35758,111,162
2015,36035,NY,Fulton County,rural,Northeast,Middle Atlantic,495.46,53975,35213,111,159
2016,36035,NY,Fulton County,rural,Northeast,Middle Atlantic,495.46,53853,35024,,
1970,36037,NY,Genesee County,rural,Northeast,Middle Atlantic,492.936,58934,35013,16,
1971,36037,NY,Genesee County,rural,Northeast,Middle Atlantic,492.936,59804,35824,15.625,
1971,36037,NY,Genesee County,rural,Northeast,Middle Atlantic,492.936,59804,35824,15.625,
1972,36037,NY,Genesee County,rural,Northeast,Middle Atlantic,492.936,60391,36572,15.25,
1973,36037,NY,Genesee County,rural,Northeast,Middle Atlantic,492.936,59807,36546,14.875,
1974,36037,NY,Genesee County,rural  ,Northeast,Middle Atlantic,492.936,59455,36638,14.5,
1975,36037,NY,Genesee County,rural,Northeast,Middle Atlantic,492.936,60396,37598,14.125,
1976,36037,NY,Genesee County,rural,Northeast,Middle Atlantic,492.936,60685,38146,13.75,
1977,36037,NY,Genesee County,rural,Northeast,Middle Atlantic,492.936,60334,38142,13.375,
1978,36037,NY,Genesee County,rural,Northeast,Middle Atlantic,492.936,59797,38058,592,
1978,36037,,,,,,,,,13,
1979,36037,NY,Genesee County,rural,Northeast,Middle Atlantic,492.936,59323,37939,17.8,
1980,36037,NY,Genesee County,rural,Northeast,Middle Atlantic,492.936,59533,38217,22.6,
1981,36037,NY,Genesee County,rural,Northeast,Middle Atlantic,492.936,59771,38527,27.4,
1982,36037,NY,Genesee County,rural,Northeast,Middle Atlantic,492.936,59740,38588,32.2,
1982,36037,NY,Genesee County,rural,Northeast,Middle Atlantic,492.936,59740,38588,32.2,
1983,36037,NY,Genesee County,  RURAL ,Northeast,Middle Atlantic,492.936,59815,38679,37,
1983,36037,NY,Genesee County,  RURAL ,Northeast,Middle Atlantic,492.936,59815,38679,37,
1984,36037,NY,Genesee County,rural,Northeast,Middle Atlantic,492.936,59441,38489,39,
1985,36037,NY,Genesee County,rural,Northeast,Middle Atlantic,492.936,59152,38332,41,
1985,36037,NY,Genesee County,rural,Northeast,Middle Atlantic,492.936,59152,38332,41,
1986,36037,NY,Genesee County, rural,Northeast,Middle Atlantic,492.936,59146,38355,43,
1987,36037,NY,Genesee County,rural,Northeast,Middle Atlantic,492.936,59032,38153,45,30
1987,36037,NY,Genesee County,rural,Northeast,Middle Atlantic,492.936,59032,38153,45,30
1988,36037,NY,Genesee County,RURAL,Northeast,Middle Atlantic,492.936,59558,38374,47,38
1989,36037,NY,Genesee County,rural,Northeast,Middle Atlantic,492.936,59822,38356,50.8,37
1990,36037,NY,Genesee County,rural  ,Northeast,Middle Atlantic,492.936,60167,38469,54.6,52.3333333333
1991,36037,NY,Genesee County,rural,Northeast,Middle Atlantic,492.936,60529,38508,58.4,67.6666666667
1992,36037,NY,Genesee County,rural,Northeast,Middle Atlantic,492.936,60856,38579,62.2,83
1993,36037,NY,Genesee County,rural,Northeast,Middle Atlantic,492.936,61164,38669,66,78
1994,36037,NY,Genesee County,rural,Northeast,Middle Atlantic,492.936,61282,38664,67.83334,109
1995,36037,NY,Genesee County, rural,Northeast,Middle Atlantic,492.936,61105,38567,69.66666,109
1996,36037,NY,Genesee County,rural,Northeast,Middle Atlantic,492.936,61288,38748,71.5,105
1996,36037,NY,Genesee County,rural,Northeast,Middle Atlantic,492.936,61288,38748,71.5,105
1997,36037,NY,Genesee County,rural,Northeast,Middle Atlantic,492.936,61216,38880,73.33334,102
1998,36037,NY,Genesee County,rural,Northeast,Middle Atlantic,492.936,60877,38905,75.16666,118
1999,36037,NY,Genesee County,rural,Northeast,Middle Atlantic,492.936,60554,38842,77,159
1999,36037,NY,Genesee County,rural,Northeast,Middle Atlantic,492.936,60554,38842,77,159
2000,36037,NY,Genesee County,rural,Northeast,Middle Atlantic,492.936,60539,38957,76.33334,171
2001,36037,NY,Genesee County,rural,Northeast,Middle Atlantic,492.936,60321,39094,75.66666,198
2002,36037,NY,Genesee County,RURAL,Northeast,Middle Atlantic,492.936,60289,39310,75,192
2003,36037,NY,Genesee County,rural,Northeast,Middle Atlantic,492.936,60412,39565,74.33334,182
2004,36037,NY,Genesee County,rural,Northeast,Middle Atlantic,492.936,60224,39627,73.66666,213
2005,36037,NY,Genesee County,rural,Northeast,Middle Atlantic,492.936,60068,39819,73,229
2006,36037,NY,Genesee County,rural,Northeast,Middle Atlantic,492.936,59919,39860,72.625,248
2007,36037,NY,Genesee County,rural,Northeast,Middle Atlantic,492.936,59930,39962,72.25,219
2008,36037,NY,Genesee County,rural,Northeast,Middle Atlantic,492.936,59895,39824,71.875,220
2009,36037,NY,Genesee County,rural,Northeast,Middle Atlantic,492.936,59932,39973,71.5,239
2010,36037,NY,Genesee County,rural,Northeast,Middle Atlantic,492.936,59944,39938,71.125,236
2011,36037,NY,Genesee County,rural,Northeast,Middle Atlantic,492.936,59944,39929,70.75,238
2012,36037,NY,Genesee County,rural,Northeast,Middle Atlantic,492.936,59903,39888,571,267
2012,36037,,,,,,,,,70.375,
2013,36037,NY,Genesee County,rural,Northeast,Middle Atlantic,492.936,59716,39582,70,260
2014,36037,NY,Genesee County,rural,Northeast,Middle Atlantic,492.936,59169,39174,70,273
2015,36037,NY,Genesee County,rural,Northeast,Middle Atlantic,492.936,58807,38811,70,277
2016,36037,NY,Genesee County,rural,Northeast,Middle Atlantic,492.936,58591,38415,,
1970,36039,NY,Greene County, rural,Northeast,Middle Atlantic,647.161,33475,19869,11,
1971,36039,NY,Greene County,rural,Northeast,Middle Atlantic,647.161,34815,20803,12.125,
1972,36039,NY,Greene County,rural,Northeast,Middle Atlantic,647.161,36725,22199,13.25,
1973,36039,NY,Greene County,rural,Northeast,Middle Atlantic,647.161,37974,23143,14.375,
1974,36039,NY,Greene County,rural,Northeast,Middle Atlantic,647.161,38506,23504,15.5,
1975,36039,NY,Greene County,rural,Northeast,Middle Atlantic,647.161,39623,24280,16.625,
1976,36039,NY,Greene County,rural,Northeast,Middle Atlantic,647.161,40356,24868,17.75,
1977,36039,NY,Greene County,rural,Northeast,Middle Atlantic,647.161,41055,25444,18.875,
1977,36039,NY,Greene County,rural,Northeast,Middle Atlantic,647.161,41055,25444,18.875,
1978,36039,NY,Greene County,rural,Northeast,Middle Atlantic,647.161,41479,25868,20,
1979,36039,NY,Greene County,rural,Northeast,Middle Atlantic,647.161,40976,25558,18,
1980,36039,NY,Greene County,rural,Northeast,Middle Atlantic,647.161,40897,25572,16,
1981,36039,NY,Greene County,rural,Northeast,Middle Atlantic,647.161,40850,25754,14,
1982,36039,NY,Greene County,rural,Northeast,Middle Atlantic,647.161,40991,25999,12,
1983,36039,NY,Greene County,rural,Northeast,Middle Atlantic,647.161,41127,26216,10,
1984,36039,NY,Greene County,RURAL,Northeast,Middle Atlantic,647.161,41522,26617,16.4,
1985,36039,NY,Greene County,rural,Northeast,Middle Atlantic,647.161,42487,27360,22.8,
1986,36039,NY,Greene County,rural,Northeast,Middle Atlantic,647.161,42714,27636,29.2,
1987,36039,NY,Greene County,Rural,Northeast,Middle Atlantic,647.161,42935,27797,35.6,43
1988,36039,NY,Greene County,rural  ,Northeast,Middle Atlantic,647.161,43789,28388,42,45
1989,36039,NY,Greene County,rural,Northeast,Middle Atlantic,647.161,44214,28641,41.8,42
1990,36039,NY,Greene County,rural,Northeast,Middle Atlantic,647.161,44847,29061,41.6,46.3333333333
1991,36039,NY,Greene County,RURAL,Northeast,Middle Atlantic,647.161,45298,29216,41.4,50.6666666667
1992,36039,NY,Greene County,rural,Northeast,Middle Atlantic,647.161,46243,29836,41.2,55
1993,36039,NY,Greene County,rural,Northeast,Middle Atlantic,647.161,46716,30069,41,50
1994,36039,NY,Greene County,rural,Northeast,Middle Atlantic,647.161,47000,30157,41.33333,52
1994,36039,NY,Greene County,rural,Northeast,Middle Atlantic,647.161,47000,30157,41.33333,52
1995,36039,NY,Greene County, rural,Northeast,Middle Atlantic,647.161,47187,30275,41.66667,71
1996,36039,NY,Greene County,rural,Northeast,Middle Atlantic,647.161,47170,30282,42,64
1997,36039,NY,Greene County,rural,Northeast,Middle Atlantic,647.161,47346,30515,42.33333,74
1998,36039,NY,Greene County,rural,Northeast,Middle Atlantic,647.161,47771,31054,42.66667,82
1999,36039,NY,Greene County,rural,Northeast,Middle Atlantic,647.161,47975,31252,43,84
2000,36039,NY,Greene County,rural,Northeast,Middle Atlantic,647.161,47986,31336,43,105
2001,36039,NY,Greene County,rural,Northeast,Middle Atlantic,647.161,47976,31493,43,117
2002,36039,NY,Greene County,rural,Northeast,Middle Atlantic,647.161,48177,31774,43,114
2003,36039,NY,Greene County,rural,Northeast,Middle Atlantic,647.161,48416,32146,43,125
2004,36039,NY,Greene County,rural,Northeast,Middle Atlantic,647.161,48755,32559,43,124
2005,36039,NY,Greene County,rural,Northeast,Middle Atlantic,647.161,49142,33050,43,133
2006,36039,NY,Greene County,Rural,Northeast,Middle Atlantic,647.161,49513,33330,43.375,134
2007,36039,NY,Greene County,rural,Northeast,Middle Atlantic,647.161,49537,33348,43.75,129
2008,36039,NY,Greene County,rural,Northeast,Middle Atlantic,647.161,49467,33338,44.125,120
2009,36039,NY,Greene County,rural,Northeast,Middle Atlantic,647.161,49372,33300,44.5,137
2010,36039,NY,Greene County,rural,Northeast,Middle Atlantic,647.161,49218,33165,44.875,129
2011,36039,NY,Greene County,rural,Northeast,Middle Atlantic,647.161,49140,33125,45.25,135
2012,36039,NY,Greene County,rural,Northeast,Middle Atlantic,647.161,48857,32898,45.625,147
2013,36039,NY,Greene County,Rural,Northeast,Middle Atlantic,647.161,48601,32633,46,133
2014,36039,NY,Greene County,rural,Northeast,Middle Atlantic,647.161,48338,32177,46,135
2015,36039,NY,Greene County,rural,Northeast,Middle Atlantic,647.161,47984,31738,46,135
2016,36039,NY,Greene County,rural,Northeast,Middle Atlantic,647.161,47649,31329,,
1970,36041,NY,Hamilton County,rural,Northeast,Middle Atlantic,1717.378,4725,2749,0,
1971,36041,NY,Hamilton County, rural,Northeast,Middle Atlantic,1717.378,4794,2814,0,
1972,36041,NY,Hamilton County,rural,Northeast,Middle Atlantic,1717.378,4891,2908,0,
1973,36041,NY,Hamilton County,rural,Northeast,Middle Atlantic,1717.378,5173,3135,0,
1974,36041,NY,Hamilton County,rural,Northeast,Middle Atlantic,1717.378,5130,3127,0,
1975,36041,NY,Hamilton County,RURAL,Northeast,Middle Atlantic,1717.378,5038,3090,0,
1976,36041,NY,Hamilton County,rural,Northeast,Middle Atlantic,1717.378,5042,3112,0,
1977,36041,NY,Hamilton County,rural,Northeast,Middle Atlantic,1717.378,5076,3146,0,
1978,36041,NY,Hamilton County,rural,Northeast,Middle Atlantic,1717.378,5201,3269,0,
1979,36041,NY,Hamilton County,rural,Northeast,Middle Atlantic,1717.378,5261,3338,0,
1980,36041,NY,Hamilton County,rural,Northeast,Middle Atlantic,1717.378,5027,3171,0,
1981,36041,NY,Hamilton County,rural,Northeast,Middle Atlantic,1717.378,4990,3173,0,
1982,36041,NY,Hamilton County,rural,Northeast,Middle Atlantic,1717.378,4983,3186,501,
1982,36041,,,,,,,,,0,
1983,36041,NY,Hamilton County,rural,Northeast,Middle Atlantic,1717.378,4865,3125,3,
1984,36041,NY,Hamilton County,rural,Northeast,Middle Atlantic,1717.378,4869,3142,2.8,
1985,36041,NY,Hamilton County,rural,Northeast,Middle Atlantic,1717.378,4965,3224,2.6,
1986,36041,NY,Hamilton County,RURAL,Northeast,Middle Atlantic,1717.378,4926,3211,2.4,
1987,36041,NY,Hamilton County,rural,Northeast,Middle Atlantic,1717.378,4969,3239,2.2,7
1988,36041,NY,Hamilton County,rural,Northeast,Middle Atlantic,1717.378,5047,3296,2,7
1989,36041,NY,Hamilton County,rural,Northeast,Middle Atlantic,1717.378,5183,3384,2.6,7
1990,36041,NY,Hamilton County,rural,Northeast,Middle Atlantic,1717.378,5292,3458,3.2,6.33333333333
1991,36041,NY,Hamilton County,rural,Northeast,Middle Atlantic,1717.378,5362,3489,3.8,5.66666666667
1992,36041,NY,Hamilton County,rural,Northeast,Middle Atlantic,1717.378,5366,3470,4.4,5
1993,36041,NY,Hamilton County,rural,Northeast,Middle Atlantic,1717.378,5318,3416,5,8
1994,36041,NY,Hamilton County,rural,Northeast,Middle Atlantic,1717.378,5279,3385,4.666667,11
1995,36041,NY,Hamilton County,rural,Northeast,Middle Atlantic,1717.378,5245,3355,4.333333,9
1996,36041,NY,Hamilton County, rural,Northeast,Middle Atlantic,1717.378,5354,3436,4,10
1997,36041,NY,Hamilton County,rural,Northeast,Middle Atlantic,1717.378,5274,3392,3.666667,9
1998,36041,NY,Hamilton County,rural,Northeast,Middle Atlantic,1717.378,5296,3432,3.333333,7
1999,36041,NY,Hamilton County, rural,Northeast,Middle Atlantic,1717.378,5325,3461,3,9
2000,36041,NY,Hamilton County,rural,Northeast,Middle Atlantic,1717.378,5377,3491,3,9
2001,36041,NY,Hamilton County,rural,Northeast,Middle Atlantic,1717.378,5312,3420,3,9
2002,36041,NY,Hamilton County,  RURAL ,Northeast,Middle Atlantic,1717.378,5232,3372,3,8
2003,36041,NY,Hamilton County,rural,Northeast,Middle Atlantic,1717.378,5181,3349,3,9
2004,36041,NY,Hamilton County,rural,Northeast,Middle Atlantic,1717.378,5158,3323,3,9
2005,36041,NY,Hamilton County,Rural,Northeast,Middle Atlantic,1717.378,5093,3285,3,8
2006,36041,NY,Hamilton County,Rural,Northeast,Middle Atlantic,1717.378,4987,3227,3.125,11
2007,36041,NY,Hamilton County,rural,Northeast,Middle Atlantic,1717.378,4969,3183,3.25,13
2008,36041,NY,Hamilton County,rural,Northeast,Middle Atlantic,1717.378,4893,3142,3.375,14
2009,36041,NY,Hamilton County,rural,Northeast,Middle Atlantic,1717.378,4858,3081,3.5,14
2010,36041,NY,Hamilton County,rural,Northeast,Middle Atlantic,1717.378,4843,3066,3.625,12
2011,36041,NY,Hamilton County,rural,Northeast,Middle Atlantic,1717.378,4853,3065,3.75,12
2012,36041,NY,Hamilton County,rural,Northeast,Middle Atlantic,1717.378,4828,3030,3.875,9
2013,36041,NY,Hamilton County,rural,Northeast,Middle Atlantic,1717.378,4804,2988,4,10
2014,36041,NY,Hamilton County,rural,Northeast,Middle Atlantic,1717.378,4768,2941,4,15
2015,36041,NY,Hamilton County,rural,Northeast,Middle Atlantic,1717.378,4703,2865,4,11
2016,36041,NY,Hamilton County,rural,Northeast,Middle Atlantic,1717.378,4704,2841,,
1970,36043,NY,Herkimer County,small/mid,Northeast,Middle Atlantic,1411.514,67739,40360,12,
1970,36043,NY,Herkimer County,small/mid,Northeast,Middle Atlantic,1411.514,67739,40360,12,
1971,36043,NY,Herkimer County,small/mid,Northeast,Middle Atlantic,1411.514,69032,41452,12,
1972,36043,NY,Herkimer County,small/mid,Northeast,Middle Atlantic,1411.514,69293,41955,12,
1973,36043,NY,Herkimer County,  SMALL/MID ,Northeast,Middle Atlantic,1411.514,68285,41610,12,
1974,36043,NY,Herkimer County,small/mid  ,Northeast,Middle Atlantic,1411.514,67803,41563,12,
1974,36043,NY,Herkimer County,small/mid  ,Northeast,Middle Atlantic,1411.514,67803,41563,12,
1975,36043,NY,Herkimer County,small/mid,Northeast,Middle Atlantic,1411.514,68062,42009,12,
1976,36043,NY,Herkimer County,small/mid,Northeast,Middle Atlantic,1411.514,67537,42001,12,
1977,36043,NY,Herkimer County,small/mid,Northeast,Middle Atlantic,1411.514,66926,41910,12,
1978,36043,NY,Herkimer County,small/mid,Northeast,Middle Atlantic,1411.514,67159,42351,12,
1979,36043,NY,Herkimer County,small/mid,Northeast,Middle Atlantic,1411.514,66993,42449,15.8,
1980,36043,NY,Herkimer County,small/mid  ,Northeast,Middle Atlantic,1411.514,66718,42330,19.6,
1981,36043,NY,Herkimer County,small/mid,Northeast,Middle Atlantic,1411.514,66341,42188,23.4,
1982,36043,NY,Herkimer County,Small/mid,Northeast,Middle Atlantic,1411.514,66436,42245,27.2,
1983,36043,NY,Herkimer County,small/mid,Northeast,Middle Atlantic,1411.514,66480,42223,31,
1984,36043,NY,Herkimer County,small/mid,Northeast,Middle Atlantic,1411.514,66131,41971,31.2,
1985,36043,NY,Herkimer County,small/mid,Northeast,Middle Atlantic,1411.514,66539,42169,31.4,
1986,36043,NY,Herkimer County,small/mid,Northeast,Middle Atlantic,1411.514,66401,42011,31.6,
1987,36043,NY,Herkimer County,small/mid,Northeast,Middle Atlantic,1411.514,65904,41469,31.8,15
1988,36043,NY,Herkimer County,small/mid,Northeast,Middle Atlantic,1411.514,65704,41143,32,19
1989,36043,NY,Herkimer County,small/mid,Northeast,Middle Atlantic,1411.514,65729,40876,33.4,19
1990,36043,NY,Herkimer County,small/mid,Northeast,Middle Atlantic,1411.514,65883,40811,34.8,30
1991,36043,NY,Herkimer County,small/mid,Northeast,Middle Atlantic,1411.514,66344,40925,36.2,41
1992,36043,NY,Herkimer County,small/mid,Northeast,Middle Atlantic,1411.514,66602,41017,37.6,52
1993,36043,NY,Herkimer County,small/mid,Northeast,Middle Atlantic,1411.514,66926,41240,39,55
1994,36043,NY,Herkimer County,  SMALL/MID ,Northeast,Middle Atlantic,1411.514,67038,41364,42,66
1995,36043,NY,Herkimer County,small/mid,Northeast,Middle Atlantic,1411.514,66711,41240,38,81
1996,36043,NY,Herkimer County,small/mid,Northeast,Middle Atlantic,1411.514,66454,41276,39,64
1997,36043,NY,Herkimer County,small/mid,Northeast,Middle Atlantic,1411.514,65818,41166,48,71
1998,36043,NY,Herkimer County,small/mid,Northeast,Middle Atlantic,1411.514,64909,40894,49,87
1998,36043,NY,Herkimer County,small/mid,Northeast,Middle Atlantic,1411.514,64909,40894,49,87
1999,36043,NY,Herkimer County,small/mid,Northeast,Middle Atlantic,1411.514,64462,40770,52,97
2000,36043,NY,Herkimer County,small/mid,Northeast,Middle Atlantic,1411.514,64451,40944,49.83333,105
2001,36043,NY,Herkimer County,small/mid,Northeast,Middle Atlantic,1411.514,64274,40966,47.66667,120
2001,36043,NY,Herkimer County,small/mid,Northeast,Middle Atlantic,1411.514,64274,40966,47.66667,120
2002,36043,NY,Herkimer County,small/mid,Northeast,Middle Atlantic,1411.514,63971,41018,45.5,124
2003,36043,NY,Herkimer County,small/mid,Northeast,Middle Atlantic,1411.514,64080,41170,43.33333,126
2004,36043,NY,Herkimer County,small/mid,Northeast,Middle Atlantic,1411.514,64332,41439,620,137
2004,36043,,,,,,,,,41.16667,
2005,36043,NY,Herkimer County,small/mid,Northeast,Middle Atlantic,1411.514,64292,41663,39,170
2006,36043,NY,Herkimer County,small/mid,Northeast,Middle Atlantic,1411.514,64029,41621,37.375,185
2007,36043,NY,Herkimer County,small/mid,Northeast,Middle Atlantic,1411.514,64343,41899,35.75,170
2008,36043,NY,Herkimer County,small/mid,Northeast,Middle Atlantic,1411.514,64404,41834,34.125,159
2008,36043,NY,Herkimer County,small/mid,Northeast,Middle Atlantic,1411.514,64404,41834,34.125,159
2009,36043,NY,Herkimer County,small/mid,Northeast,Middle Atlantic,1411.514,64381,42030,32.5,157
2010,36043,NY,Herkimer County,small/mid,Northeast,Middle Atlantic,1411.514,64463,42069,30.875,130
2011,36043,NY,Herkimer County,small/mid,Northeast,Middle Atlantic,1411.514,64463,42068,29.25,142
2012,36043,NY,Herkimer County,small/mid,Northeast,Middle Atlantic,1411.514,64383,42034,27.625,138
2013,36043,NY,Herkimer County,small/mid,Northeast,Middle Atlantic,1411.514,64232,41688,26,174
2014,36043,NY,Herkimer County,small/mid,Northeast,Middle Atlantic,1411.514,63901,41232,26,194
2015,36043,NY,Herkimer County,small/mid,Northeast,Middle Atlantic,1411.514,63407,40613,26,200
2016,36043,NY,Herkimer County,small/mid,Northeast,Middle Atlantic,1411.514,62688,40006,,
2016,36043,NY,Herkimer County,small/mid,Northeast,Middle Atlantic,1411.514,62688,40006,,
1970,36045,NY,Jefferson County, small/mid,Northeast,Middle Atlantic,1268.691,88755,51070,606,
1970,36045,,,,,,,,,40,
1971,36045,NY,Jefferson County,small/mid,Northeast,Middle Atlantic,1268.691,89720,52078,39.375,
1971,36045,NY,Jefferson County,small/mid,Northeast,Middle Atlantic,1268.691,89720,52078,39.375,
1972,36045,NY,Jefferson County,small/mid,Northeast,Middle Atlantic,1268.691,90776,53298,38.75,
1973,36045,NY,Jefferson County, small/mid,Northeast,Middle Atlantic,1268.691,90312,53546,38.125,
1973,36045,NY,Jefferson County, small/mid,Northeast,Middle Atlantic,1268.691,90312,53546,38.125,
1974,36045,NY,Jefferson County,small/mid,Northeast,Middle Atlantic,1268.691,89487,53456,37.5,
1975,36045,NY,Jefferson County,small/mid,Northeast,Middle Atlantic,1268.691,90234,54381,36.875,
1976,36045,NY,Jefferson County,small/mid,Northeast,Middle Atlantic,1268.691,90491,55076,36.25,
1977,36045,NY,Jefferson County,small/mid,Northeast,Middle Atlantic,1268.691,90090,55287,35.625,
1978,36045,NY,Jefferson County,small/mid,Northeast,Middle Atlantic,1268.691,89652,55493,35,
1979,36045,NY,Jefferson County,small/mid,Northeast,Middle Atlantic,1268.691,89161,55499,39.6,
1980,36045,NY,Jefferson County,small/mid,Northeast,Middle Atlantic,1268.691,88145,55134,44.2,
1981,36045,NY,Jefferson County,small/mid,Northeast,Middle Atlantic,1268.691,87584,55378,48.8,
1982,36045,NY,Jefferson County,small/mid,Northeast,Middle Atlantic,1268.691,87302,55646,53.4,
1983,36045,NY,Jefferson County,small/mid,Northeast,Middle Atlantic,1268.691,87463,56128,58,
1984,36045,NY,Jefferson County, small/mid,Northeast,Middle Atlantic,1268.691,88089,56928,63.4,
1985,36045,NY,Jefferson County,small/mid,Northeast,Middle Atlantic,1268.691,88952,57837,68.8,
1986,36045,NY,Jefferson County,small/mid,Northeast,Middle Atlantic,1268.691,91029,59514,74.2,
1987,36045,NY,Jefferson County,small/mid  ,Northeast,Middle Atlantic,1268.691,96364,63086,79.6,70
1988,36045,NY,Jefferson County,small/mid,Northeast,Middle Atlantic,1268.691,103756,67993,85,59
1989,36045,NY,Jefferson County,Small/mid,Northeast,Middle Atlantic,1268.691,109537,71696,90.6,69
1990,36045,NY,Jefferson County,small/mid,Northeast,Middle Atlantic,1268.691,111549,73043,96.2,74.6666666667
1991,36045,NY,Jefferson County,small/mid,Northeast,Middle Atlantic,1268.691,112911,73557,101.8,80.3333333333
1992,36045,NY,Jefferson County,small/mid,Northeast,Middle Atlantic,1268.691,114463,74475,107.4,86
1993,36045,NY,Jefferson County,small/mid,Northeast,Middle Atlantic,1268.691,114874,74767,113,93
1994,36045,NY,Jefferson County,small/mid,Northeast,Middle Atlantic,1268.691,116932,76279,119.6667,106
1995,36045,NY,Jefferson County,small/mid,Northeast,Middle Atlantic,1268.691,115361,75187,126.3333,108
1996,36045,NY,Jefferson County,small/mid,Northeast,Middle Atlantic,1268.691,114585,74906,133,105
1997,36045,NY,Jefferson County,small/mid,Northeast,Middle Atlantic,1268.691,113055,74230,139.6667,129
1998,36045,NY,Jefferson County,small/mid,Northeast,Middle Atlantic,1268.691,112546,74501,146.3333,133
1999,36045,NY,Jefferson County,small/mid  ,Northeast,Middle Atlantic,1268.691,112081,74428,153,131
2000,36045,NY,Jefferson County,small/mid,Northeast,Middle Atlantic,1268.691,111790,74402,149.1667,135
2001,36045,NY,Jefferson County,SMALL/MID,Northeast,Middle Atlantic,1268.691,111422,74694,145.3333,137
2002,36045,NY,Jefferson County,small/mid,Northeast,Middle Atlantic,1268.691,111112,74989,141.5,154
2003,36045,NY,Jefferson County,small/mid,Northeast,Middle Atlantic,1268.691,110246,74190,137.6667,158
2004,36045,NY,Jefferson County,small/mid,Northeast,Middle Atlantic,1268.691,109924,74331,133.8333,168
2005,36045,NY,Jefferson County,small/mid,Northeast,Middle Atlantic,1268.691,113486,77491,130,195
2006,36045,NY,Jefferson County,small/mid,Northeast,Middle Atlantic,1268.691,113650,77683,683,220
2006,36045,,,,,,,,,130.625,
2007,36045,NY,Jefferson County,SMALL/MID,Northeast,Middle Atlantic,1268.691,115059,78770,131.25,243
2008,36045,NY,Jefferson County,small/mid,Northeast,Middle Atlantic,1268.691,115033,78405,131.875,218
2009,36045,NY,Jefferson County,small/mid,Northeast,Middle Atlantic,1268.691,115023,77673,132.5,213
2009,36045,NY,Jefferson County,small/mid,Northeast,Middle Atlantic,1268.691,115023,77673,132.5,213
2010,36045,NY,Jefferson County,small/mid,Northeast,Middle Atlantic,1268.691,116232,78203,133.125,206
2011,36045,NY,Jefferson County,small/mid  ,Northeast,Middle Atlantic,1268.691,116601,78423,133.75,216
2012,36045,NY,Jefferson County,small/mid,Northeast,Middle Atlantic,1268.691,117806,79016,134.375,255
2013,36045,NY,Jefferson County,small/mid,Northeast,Middle Atlantic,1268.691,121449,81747,135,240
2013,36045,NY,Jefferson County,small/mid,Northeast,Middle Atlantic,1268.691,121449,81747,135,240
2014,36045,NY,Jefferson County,small/mid,Northeast,Middle Atlantic,1268.691,119219,80022,135,250
2015,36045,NY,Jefferson County,small/mid,Northeast,Middle Atlantic,1268.691,119044,79708,135,270
2016,36045,NY,Jefferson County,small/mid,Northeast,Middle Atlantic,1268.691,116301,77514,,
1970,36049,NY,Lewis County,rural,Northeast,Middle Atlantic,1274.642,23756,13263,2,
1971,36049,NY,Lewis County,rural,Northeast,Middle Atlantic,1274.642,24199,13697,2.5,
1972,36049,NY,Lewis County,rural,Northeast,Middle Atlantic,1274.642,24918,14354,3,
1973,36049,NY,Lewis County,rural,Northeast,Middle Atlantic,1274.642,24806,14487,3.5,
1974,36049,NY,Lewis County,rural,Northeast,Middle Atlantic,1274.642,24874,14710,4,
1975,36049,NY,Lewis County,rural,Northeast,Middle Atlantic,1274.642,25187,15099,4.5,
1976,36049,NY,Lewis County,rural,Northeast,Middle Atlantic,1274.642,25154,15222,5,
1977,36049,NY,Lewis County,rural,Northeast,Middle Atlantic,1274.642,25403,15499,5.5,
1978,36049,NY,Lewis County,rural,Northeast,Middle Atlantic,1274.642,25728,15817,6,
1979,36049,NY,Lewis County,rural,Northeast,Middle Atlantic,1274.642,25847,16014,8,
1979,36049,NY,Lewis County,rural,Northeast,Middle Atlantic,1274.642,25847,16014,8,
1980,36049,NY,Lewis County,rural,Northeast,Middle Atlantic,1274.642,25007,15492,10,
1981,36049,NY,Lewis County,Rural,Northeast,Middle Atlantic,1274.642,24789,15441,12,
1982,36049,NY,Lewis County,rural,Northeast,Middle Atlantic,1274.642,24746,15467,14,
1983,36049,NY,Lewis County,Rural,Northeast,Middle Atlantic,1274.642,24618,15425,16,
1984,36049,NY,Lewis County,rural,Northeast,Middle Atlantic,1274.642,24778,15571,16,
1984,36049,NY,Lewis County,rural,Northeast,Middle Atlantic,1274.642,24778,15571,16,
1985,36049,NY,Lewis County,Rural,Northeast,Middle Atlantic,1274.642,24835,15632,16,
1986,36049,NY,Lewis County,rural,Northeast,Middle Atlantic,1274.642,24838,15663,16,
1986,36049,NY,Lewis County,rural,Northeast,Middle Atlantic,1274.642,24838,15663,16,
1987,36049,NY,Lewis County,rural,Northeast,Middle Atlantic,1274.642,25345,15947,16,4
1988,36049,NY,Lewis County,rural,Northeast,Middle Atlantic,1274.642,26111,16390,16,4
1989,36049,NY,Lewis County,rural,Northeast,Middle Atlantic,1274.642,26561,16599,571,5
1989,36049,,,,,,,,,18,
1990,36049,NY,Lewis County,rural,Northeast,Middle Atlantic,1274.642,26872,16765,20,8.66666666667
1991,36049,NY,Lewis County,rural,Northeast,Middle Atlantic,1274.642,27043,16829,22,12.3333333333
1992,36049,NY,Lewis County,rural,Northeast,Middle Atlantic,1274.642,27165,16845,24,16
1993,36049,NY,Lewis County,rural,Northeast,Middle Atlantic,1274.642,27158,16824,26,17
1994,36049,NY,Lewis County,rural,Northeast,Middle Atlantic,1274.642,27319,16916,27,14
1995,36049,NY,Lewis County,rural,Northeast,Middle Atlantic,1274.642,27364,16974,28,12
1996,36049,NY,Lewis County,rural,Northeast,Middle Atlantic,1274.642,27357,17087,29,13
1997,36049,NY,Lewis County,rural,Northeast,Middle Atlantic,1274.642,27251,17106,30,16
1998,36049,NY,Lewis County,rural,Northeast,Middle Atlantic,1274.642,27072,17138,31,19
1998,36049,NY,Lewis County,rural,Northeast,Middle Atlantic,1274.642,27072,17138,31,19
1999,36049,NY,Lewis County,rural,Northeast,Middle Atlantic,1274.642,26914,17142,32,22
2000,36049,NY,Lewis County,rural,Northeast,Middle Atlantic,1274.642,26989,17251,32.16667,23
2001,36049,NY,Lewis County,rural,Northeast,Middle Atlantic,1274.642,26951,17281,32.33333,26
2001,36049,NY,Lewis County,rural,Northeast,Middle Atlantic,1274.642,26951,17281,32.33333,26
2002,36049,NY,Lewis County,rural,Northeast,Middle Atlantic,1274.642,26618,17110,32.5,26
2003,36049,NY,Lewis County,  RURAL ,Northeast,Middle Atlantic,1274.642,26692,17272,32.66667,21
2004,36049,NY,Lewis County,rural,Northeast,Middle Atlantic,1274.642,26661,17318,32.83333,19
2005,36049,NY,Lewis County,rural,Northeast,Middle Atlantic,1274.642,26773,17382,33,19
2006,36049,NY,Lewis County,rural,Northeast,Middle Atlantic,1274.642,27001,17547,599,34
2006,36049,,,,,,,,,33.125,
2007,36049,NY,Lewis County,Rural,Northeast,Middle Atlantic,1274.642,27086,17571,33.25,44
2008,36049,NY,Lewis County,rural,Northeast,Middle Atlantic,1274.642,26878,17416,33.375,36
2009,36049,NY,Lewis County,rural  ,Northeast,Middle Atlantic,1274.642,27047,17502,33.5,44
2010,36049,NY,Lewis County,rural,Northeast,Middle Atlantic,1274.642,27074,17543,33.625,50
2011,36049,NY,Lewis County,rural,Northeast,Middle Atlantic,1274.642,27063,17535,33.75,55
2012,36049,NY,Lewis County,rural,Northeast,Middle Atlantic,1274.642,27008,17609,33.875,64
2013,36049,NY,Lewis County,rural,Northeast,Middle Atlantic,1274.642,27184,17608,34,69
2014,36049,NY,Lewis County,rural,Northeast,Middle Atlantic,1274.642,27096,17464,34,57
2015,36049,NY,Lewis County,rural,Northeast,Middle Atlantic,1274.642,27096,17431,34,61
2016,36049,NY,Lewis County, rural,Northeast,Middle Atlantic,1274.642,26836,17201,,
1970,36051,NY,Livingston County, suburban,Northeast,Middle Atlantic,631.762,54303,33537,25,
1971,36051,NY,Livingston County,suburban,Northeast,Middle Atlantic,631.762,55393,34548,24.625,
1971,36051,NY,Livingston County,suburban,Northeast,Middle Atlantic,631.762,55393,34548,24.625,
1972,36051,NY,Livingston County,suburban,Northeast,Middle Atlantic,631.762,56280,35527,24.25,
1972,36051,NY,Livingston County,suburban,Northeast,Middle Atlantic,631.762,56280,35527,24.25,
1973,36051,NY,Livingston County,SUBURBAN,Northeast,Middle Atlantic,631.762,56698,36206,23.875,
1974,36051,NY,Livingston County,suburban,Northeast,Middle Atlantic,631.762,56620,36492,23.5,
1975,36051,NY,Livingston County,suburban,Northeast,Middle Atlantic,631.762,57724,37576,23.125,
1976,36051,NY,Livingston County,suburban,Northeast,Middle Atlantic,631.762,57831,38035,22.75,
1977,36051,NY,Livingston County,suburban,Northeast,Middle Atlantic,631.762,58015,38424,22.375,
1978,36051,NY,Livingston County, suburban,Northeast,Middle Atlantic,631.762,57308,38104,22,
1979,36051,NY,Livingston County,suburban,Northeast,Middle Atlantic,631.762,58086,38928,24.6,
1980,36051,NY,Livingston County,suburban,Northeast,Middle Atlantic,631.762,57131,38432,27.2,
1981,36051,NY,Livingston County,suburban,Northeast,Middle Atlantic,631.762,57298,38783,29.8,
1982,36051,NY,Livingston County,suburban,Northeast,Middle Atlantic,631.762,57828,39309,32.4,
1983,36051,NY,Livingston County,suburban,Northeast,Middle Atlantic,631.762,58171,39656,35,
1984,36051,NY,Livingston County,suburban,Northeast,Middle Atlantic,631.762,58707,40159,41.8,
1985,36051,NY,Livingston County,suburban,Northeast,Middle Atlantic,631.762,59071,40517,48.6,
1986,36051,NY,Livingston County,suburban,Northeast,Middle Atlantic,631.762,59823,41134,55.4,
1987,36051,NY,Livingston County,suburban,Northeast,Middle Atlantic,631.762,60436,41494,62.2,48
1988,36051,NY,Livingston County,suburban  ,Northeast,Middle Atlantic,631.762,60945,41796,69,46
1989,36051,NY,Livingston County,suburban,Northeast,Middle Atlantic,631.762,61723,42199,67,47
1990,36051,NY,Livingston County,suburban,Northeast,Middle Atlantic,631.762,62477,42680,70,53.6666666667
1991,36051,NY,Livingston County,suburban  ,Northeast,Middle Atlantic,631.762,62631,42584,67,60.3333333333
1992,36051,NY,Livingston County,suburban,Northeast,Middle Atlantic,631.762,63512,43286,71,67
1993,36051,NY,Livingston County,suburban,Northeast,Middle Atlantic,631.762,63773,43403,68,76
1993,36051,NY,Livingston County,suburban,Northeast,Middle Atlantic,631.762,63773,43403,68,76
1994,36051,NY,Livingston County,suburban,Northeast,Middle Atlantic,631.762,64015,43592,69.66666,80
1995,36051,NY,Livingston County,suburban,Northeast,Middle Atlantic,631.762,64146,43661,71.33334,75
1996,36051,NY,Livingston County,suburban,Northeast,Middle Atlantic,631.762,64146,43859,73,79
1996,36051,NY,Livingston County,suburban,Northeast,Middle Atlantic,631.762,64146,43859,73,79
1997,36051,NY,Livingston County,suburban,Northeast,Middle Atlantic,631.762,64217,44120,74.66666,71
1998,36051,NY,Livingston County,suburban,Northeast,Middle Atlantic,631.762,63948,44206,76.33334,85
1998,36051,NY,Livingston County,suburban,Northeast,Middle Atlantic,631.762,63948,44206,76.33334,85
1999,36051,NY,Livingston County,suburban,Northeast,Middle Atlantic,631.762,64243,44634,78,93
2000,36051,NY,Livingston County,suburban,Northeast,Middle Atlantic,631.762,64705,45053,76,115
2001,36051,NY,Livingston County,suburban,Northeast,Middle Atlantic,631.762,65088,45481,73,126
2002,36051,NY,Livingston County,suburban,Northeast,Middle Atlantic,631.762,65118,45565,83,129
2003,36051,NY,Livingston County,suburban,Northeast,Middle Atlantic,631.762,65130,45737,87,124
2003,36051,NY,Livingston County,suburban,Northeast,Middle Atlantic,631.762,65130,45737,87,124
2004,36051,NY,Livingston County,suburban,Northeast,Middle Atlantic,631.762,65484,45991,92,155
2005,36051,NY,Livingston County,suburban,Northeast,Middle Atlantic,631.762,65322,45988,86,165
2006,36051,NY,Livingston County,suburban,Northeast,Middle Atlantic,631.762,65357,45970,91.375,170
2007,36051,NY,Livingston County,suburban,Northeast,Middle Atlantic,631.762,65460,46016,96.75,187
2007,36051,NY,Livingston County,suburban,Northeast,Middle Atlantic,631.762,65460,46016,96.75,187
2008,36051,NY,Livingston County,suburban,Northeast,Middle Atlantic,631.762,65637,46107,102.125,196
2009,36051,NY,Livingston County,suburban,Northeast,Middle Atlantic,631.762,65420,45906,107.5,215
2010,36051,NY,Livingston County,suburban,Northeast,Middle Atlantic,631.762,65214,45623,112.875,203
2011,36051,NY,Livingston County,suburban,Northeast,Middle Atlantic,631.762,65248,45659,118.25,181
2012,36051,NY,Livingston County,suburban,Northeast,Middle Atlantic,631.762,64863,45391,123.625,175
2013,36051,NY,Livingston County,suburban,Northeast,Middle Atlantic,631.762,64835,45216,129,169
2014,36051,NY,Livingston County,suburban,Northeast,Middle Atlantic,631.762,64684,44983,129,180
2015,36051,NY,Livingston County,Suburban,Northeast,Middle Atlantic,631.762,64666,44752,129,177
2016,36051,NY,Livingston County,suburban,Northeast,Middle Atlantic,631.762,64514,44487,,
1970,36053,NY,Madison County,small/mid,Northeast,Middle Atlantic,654.865,63001,38191,22,
1971,36053,NY,Madison County,small/mid,Northeast,Middle Atlantic,654.865,63546,38939,24.75,
1971,36053,NY,Madison County,small/mid,Northeast,Middle Atlantic,654.865,63546,38939,24.75,
1972,36053,NY,Madison County,small/mid,Northeast,Middle Atlantic,654.865,64363,39979,27.5,
1973,36053,NY,Madison County,small/mid,Northeast,Middle Atlantic,654.865,64973,40905,30.25,
1974,36053,NY,Madison County,Small/mid,Northeast,Middle Atlantic,654.865,65169,41442,33,
1975,36053,NY,Madison County,small/mid,Northeast,Middle Atlantic,654.865,65718,42181,35.75,
1976,36053,NY,Madison County, small/mid,Northeast,Middle Atlantic,654.865,65836,42706,38.5,
1977,36053,NY,Madison County,small/mid,Northeast,Middle Atlantic,654.865,66075,43163,41.25,
1978,36053,NY,Madison County,small/mid,Northeast,Middle Atlantic,654.865,66144,43558,44,
1979,36053,NY,Madison County,small/mid,Northeast,Middle Atlantic,654.865,66179,43920,45,
1980,36053,NY,Madison County,small/mid,Northeast,Middle Atlantic,654.865,65310,43475,46,
1981,36053,NY,Madison County,small/mid,Northeast,Middle Atlantic,654.865,65567,43900,47,
1982,36053,NY,Madison County,small/mid,Northeast,Middle Atlantic,654.865,65265,43859,48,
1983,36053,NY,Madison County,small/mid,Northeast,Middle Atlantic,654.865,65705,44256,49,
1984,36053,NY,Madison County,small/mid,Northeast,Middle Atlantic,654.865,66220,44736,49.5,
1985,36053,NY,Madison County,small/mid,Northeast,Middle Atlantic,654.865,66510,45032,50,
1986,36053,NY,Madison County,small/mid,Northeast,Middle Atlantic,654.865,66725,45277,48,
1987,36053,NY,Madison County,small/mid,Northeast,Middle Atlantic,654.865,66980,45364,53,38
1988,36053,NY,Madison County,small/mid,Northeast,Middle Atlantic,654.865,67589,45702,571,43
1988,36053,,,,,,,,,57,
1989,36053,NY,Madison County,small/mid,Northeast,Middle Atlantic,654.865,68337,46048,55.8,53
1989,36053,NY,Madison County,small/mid,Northeast,Middle Atlantic,654.865,68337,46048,55.8,53
1990,36053,NY,Madison County,small/mid,Northeast,Middle Atlantic,654.865,69300,46647,54.6,51.3333333333
1991,36053,NY,Madison County,small/mid,Northeast,Middle Atlantic,654.865,70021,46860,53.4,49.6666666667
1992,36053,NY,Madison County,small/mid,Northeast,Middle Atlantic,654.865,70660,47200,52.2,48
1993,36053,NY,Madison County,small/mid,Northeast,Middle Atlantic,654.865,70585,47011,51,49
1994,36053,NY,Madison County,Small/mid,Northeast,Middle Atlantic,654.865,70488,46839,62.5,50
1994,36053,NY,Madison County,Small/mid,Northeast,Middle Atlantic,654.865,70488,46839,62.5,50
1995,36053,NY,Madison County,small/mid,Northeast,Middle Atlantic,654.865,70182,46601,74,60
1996,36053,NY,Madison County,small/mid,Northeast,Middle Atlantic,654.865,70151,46550,85.5,58
1997,36053,NY,Madison County,small/mid,Northeast,Middle Atlantic,654.865,69554,46295,97,50
1998,36053,NY,Madison County,small/mid,Northeast,Middle Atlantic,654.865,69464,46533,108.5,54
1999,36053,NY,Madison County,SMALL/MID,Northeast,Middle Atlantic,654.865,69523,46703,120,64
2000,36053,NY,Madison County,small/mid,Northeast,Middle Atlantic,654.865,69450,46727,119.1667,69
2001,36053,NY,Madison County,SMALL/MID,Northeast,Middle Atlantic,654.865,69852,47149,118.3333,68
2002,36053,NY,Madison County,small/mid,Northeast,Middle Atlantic,654.865,70261,47625,117.5,65
2003,36053,NY,Madison County,small/mid,Northeast,Middle Atlantic,654.865,71010,48224,669,71
2003,36053,,,,,,,,,116.6667,
2004,36053,NY,Madison County,small/mid,Northeast,Middle Atlantic,654.865,71397,48685,115.8333,79
2005,36053,NY,Madison County,small/mid,Northeast,Middle Atlantic,654.865,71471,48906,115,91
2006,36053,NY,Madison County,small/mid,Northeast,Middle Atlantic,654.865,72042,49422,99,95
2007,36053,NY,Madison County,small/mid,Northeast,Middle Atlantic,654.865,72709,49849,95,90
2008,36053,NY,Madison County,  SMALL/MID ,Northeast,Middle Atlantic,654.865,73075,50008,93,89
2008,36053,NY,Madison County,  SMALL/MID ,Northeast,Middle Atlantic,654.865,73075,50008,93,89
2009,36053,NY,Madison County,SMALL/MID,Northeast,Middle Atlantic,654.865,73169,50094,110,90
2010,36053,NY,Madison County,small/mid,Northeast,Middle Atlantic,654.865,73452,50338,109,95
2011,36053,NY,Madison County,small/mid,Northeast,Middle Atlantic,654.865,73440,50353,110,106
2012,36053,NY,Madison County,small/mid,Northeast,Middle Atlantic,654.865,72890,49999,98.5,116
2013,36053,NY,Madison County,Small/mid,Northeast,Middle Atlantic,654.865,72429,49443,87,97
2014,36053,NY,Madison County,small/mid,Northeast,Middle Atlantic,654.865,72485,49329,95,117
2015,36053,NY,Madison County,SMALL/MID,Northeast,Middle Atlantic,654.865,72241,48991,95,119
2016,36053,NY,Madison County,small/mid,Northeast,Middle Atlantic,654.865,71718,48546,,
1970,36055,NY,Monroe County,urban,Northeast,Middle Atlantic,657.204,712056,438356,243,
1971,36055,NY,Monroe County,urban  ,Northeast,Middle Atlantic,657.204,712634,442390,251,
1972,36055,NY,Monroe County,urban,Northeast,Middle Atlantic,657.204,711838,446809,259,
1973,36055,NY,Monroe County,urban  ,Northeast,Middle Atlantic,657.204,709660,450483,267,
1974,36055,NY,Monroe County,urban  ,Northeast,Middle Atlantic,657.204,705883,451967,275,
1974,36055,NY,Monroe County,urban  ,Northeast,Middle Atlantic,657.204,705883,451967,275,
1975,36055,NY,Monroe County,urban,Northeast,Middle Atlantic,657.204,709235,458090,283,
1976,36055,NY,Monroe County,urban,Northeast,Middle Atlantic,657.204,709062,463363,291,
1977,36055,NY,Monroe County,urban,Northeast,Middle Atlantic,657.204,709212,467737,299,
1978,36055,NY,Monroe County,urban,Northeast,Middle Atlantic,657.204,704925,468716,307,
1979,36055,NY,Monroe County,urban,Northeast,Middle Atlantic,657.204,701858,470010,304.2,
1980,36055,NY,Monroe County,urban,Northeast,Middle Atlantic,657.204,703490,473752,301.4,
1981,36055,NY,Monroe County,urban,Northeast,Middle Atlantic,657.204,706221,477156,298.6,
1982,36055,NY,Monroe County,urban,Northeast,Middle Atlantic,657.204,710134,480347,295.8,
1983,36055,NY,Monroe County,urban,Northeast,Middle Atlantic,657.204,711872,481673,293,
1984,36055,NY,Monroe County,urban,Northeast,Middle Atlantic,657.204,705823,477901,394,
1985,36055,NY,Monroe County,  URBAN ,Northeast,Middle Atlantic,657.204,704680,477010,495,
1986,36055,NY,Monroe County,urban,Northeast,Middle Atlantic,657.204,703719,476270,536,
1987,36055,NY,Monroe County,urban,Northeast,Middle Atlantic,657.204,701216,472803,605,1267
1988,36055,NY,Monroe County,urban,Northeast,Middle Atlantic,657.204,705037,473724,706,1395
1989,36055,NY,Monroe County,urban,Northeast,Middle Atlantic,657.204,711317,475360,840,1521
1990,36055,NY,Monroe County,urban,Northeast,Middle Atlantic,657.204,715825,476624,867,1612.66666667
1991,36055,NY,Monroe County,urban,Northeast,Middle Atlantic,657.204,721362,476734,897,1704.33333333
1992,36055,NY,Monroe County,urban,Northeast,Middle Atlantic,657.204,729060,479601,1026,1796
1993,36055,NY,Monroe County,urban,Northeast,Middle Atlantic,657.204,733968,481181,1108,1927
1994,36055,NY,Monroe County,urban,Northeast,Middle Atlantic,657.204,734382,479692,1130,2054
1995,36055,NY,Monroe County,urban,Northeast,Middle Atlantic,657.204,733643,477855,1253,2280
1996,36055,NY,Monroe County,urban,Northeast,Middle Atlantic,657.204,734257,478021,1266,2230
1997,36055,NY,Monroe County,urban,Northeast,Middle Atlantic,657.204,734394,479058,1348,2336
1998,36055,NY,Monroe County,URBAN,Northeast,Middle Atlantic,657.204,734076,480523,1365,2450
1999,36055,NY,Monroe County,urban,Northeast,Middle Atlantic,657.204,733679,480717,1454,2582
2000,36055,NY,Monroe County,urban,Northeast,Middle Atlantic,657.204,738979,484249,1410,2652
2001,36055,NY,Monroe County,urban,Northeast,Middle Atlantic,657.204,739891,487165,1297,2618
2001,36055,NY,Monroe County,urban,Northeast,Middle Atlantic,657.204,739891,487165,1297,2618
2002,36055,NY,Monroe County, urban,Northeast,Middle Atlantic,657.204,741391,490585,1337,2622
2003,36055,NY,Monroe County,urban,Northeast,Middle Atlantic,657.204,741671,493044,1317,2541
2004,36055,NY,Monroe County,urban,Northeast,Middle Atlantic,657.204,741075,495374,1407,2597
2005,36055,NY,Monroe County,urban,Northeast,Middle Atlantic,657.204,738506,496543,1367,2754
2006,36055,NY,Monroe County,urban,Northeast,Middle Atlantic,657.204,738329,498721,1405,2877
2007,36055,NY,Monroe County,urban,Northeast,Middle Atlantic,657.204,739249,500362,1484,2991
2008,36055,NY,Monroe County,urban,Northeast,Middle Atlantic,657.204,741018,501381,1442,3013
2009,36055,NY,Monroe County,urban  ,Northeast,Middle Atlantic,657.204,743386,503381,1429,3027
2010,36055,NY,Monroe County,urban,Northeast,Middle Atlantic,657.204,744402,504132,1460,2973
2011,36055,NY,Monroe County,urban,Northeast,Middle Atlantic,657.204,744906,504566,1409,2956
2012,36055,NY,Monroe County,urban,Northeast,Middle Atlantic,657.204,747461,506350,1362,2981
2012,36055,NY,Monroe County,urban,Northeast,Middle Atlantic,657.204,747461,506350,1362,2981
2013,36055,NY,Monroe County,urban,Northeast,Middle Atlantic,657.204,748524,504883,1369,3075
2014,36055,NY,Monroe County,urban,Northeast,Middle Atlantic,657.204,750126,504148,1407,3113
2015,36055,NY,Monroe County,urban,Northeast,Middle Atlantic,657.204,749803,502126,952,3189
2015,36055,NY,Monroe County,urban,Northeast,Middle Atlantic,657.204,749803,502126,952,3189
2016,36055,NY,Monroe County,URBAN,Northeast,Middle Atlantic,657.204,748504,499258,,
1970,36057,NY,Montgomery County,rural,Northeast,Middle Atlantic,403.117,56133,34070,20,
1971,36057,NY,Montgomery County,rural,Northeast,Middle Atlantic,403.117,57123,34855,522,
1971,36057,,,,,,,,,21.125,
1972,36057,NY,Montgomery County,rural  ,Northeast,Middle Atlantic,403.117,57472,35272,22.25,
1973,36057,NY,Montgomery County,RURAL,Northeast,Middle Atlantic,403.117,56743,34929,23.375,
1974,36057,NY,Montgomery County,rural,Northeast,Middle Atlantic,403.117,55841,34410,24.5,
1975,36057,NY,Montgomery County,rural,Northeast,Middle Atlantic,403.117,54802,33762,25.625,
1976,36057,NY,Montgomery County,rural,Northeast,Middle Atlantic,403.117,54455,33686,26.75,
1977,36057,NY,Montgomery County,rural,Northeast,Middle Atlantic,403.117,54862,34049,27.875,
1978,36057,NY,Montgomery County,  RURAL ,Northeast,Middle Atlantic,403.117,54800,34105,29,
1979,36057,NY,Montgomery County,rural,Northeast,Middle Atlantic,403.117,53552,33214,35.8,
1980,36057,NY,Montgomery County,Rural,Northeast,Middle Atlantic,403.117,53431,33128,42.6,
1981,36057,NY,Montgomery County,rural,Northeast,Middle Atlantic,403.117,53120,32977,49.4,
1982,36057,NY,Montgomery County,rural,Northeast,Middle Atlantic,403.117,53066,32903,56.2,
1983,36057,NY,Montgomery County,rural,Northeast,Middle Atlantic,403.117,52808,32676,63,
1984,36057,NY,Montgomery County,rural,Northeast,Middle Atlantic,403.117,52870,32666,73.6,
1985,36057,NY,Montgomery County,rural,Northeast,Middle Atlantic,403.117,52227,32190,84.2,
1986,36057,NY,Montgomery County,rural,Northeast,Middle Atlantic,403.117,51714,31787,94.8,
1987,36057,NY,Montgomery County,rural,Northeast,Middle Atlantic,403.117,51321,31338,105.4,31
1988,36057,NY,Montgomery County,rural,Northeast,Middle Atlantic,403.117,51642,31350,116,40
1989,36057,NY,Montgomery County,rural,Northeast,Middle Atlantic,403.117,51872,31242,121,58
1989,36057,NY,Montgomery County,rural,Northeast,Middle Atlantic,403.117,51872,31242,121,58
1990,36057,NY,Montgomery County,rural,Northeast,Middle Atlantic,403.117,52036,31200,128,88.6666666667
1991,36057,NY,Montgomery County,rural,Northeast,Middle Atlantic,403.117,51896,30972,118,119.333333333
1992,36057,NY,Montgomery County,rural,Northeast,Middle Atlantic,403.117,51928,30878,123,150
1993,36057,NY,Montgomery County,rural,Northeast,Middle Atlantic,403.117,51807,30780,109,149
1994,36057,NY,Montgomery County,rural,Northeast,Middle Atlantic,403.117,51752,30744,106,151
1995,36057,NY,Montgomery County,rural,Northeast,Middle Atlantic,403.117,51649,30705,112,142
1996,36057,NY,Montgomery County,rural,Northeast,Middle Atlantic,403.117,51305,30559,125,135
1997,36057,NY,Montgomery County,rural,Northeast,Middle Atlantic,403.117,50798,30427,118,131
1998,36057,NY,Montgomery County,rural,Northeast,Middle Atlantic,403.117,50321,30359,128,114
1999,36057,NY,Montgomery County,rural,Northeast,Middle Atlantic,403.117,49918,30247,148,135
2000,36057,NY,Montgomery County,Rural,Northeast,Middle Atlantic,403.117,49605,30192,143.8333,126
2001,36057,NY,Montgomery County,rural,Northeast,Middle Atlantic,403.117,49472,30260,139.6667,142
2002,36057,NY,Montgomery County,rural,Northeast,Middle Atlantic,403.117,49298,30344,135.5,144
2003,36057,NY,Montgomery County,rural  ,Northeast,Middle Atlantic,403.117,49449,30669,697,139
2003,36057,,,,,,,,,131.3333,
2004,36057,NY,Montgomery County,RURAL,Northeast,Middle Atlantic,403.117,49460,30944,127.1667,138
2005,36057,NY,Montgomery County,Rural,Northeast,Middle Atlantic,403.117,49505,31239,123,137
2006,36057,NY,Montgomery County,rural,Northeast,Middle Atlantic,403.117,49724,31578,130.25,136
2007,36057,NY,Montgomery County,rural,Northeast,Middle Atlantic,403.117,49798,31794,137.5,160
2008,36057,NY,Montgomery County,rural,Northeast,Middle Atlantic,403.117,49951,31956,144.75,177
2009,36057,NY,Montgomery County,rural,Northeast,Middle Atlantic,403.117,50001,31993,152,153
2010,36057,NY,Montgomery County,rural,Northeast,Middle Atlantic,403.117,50256,32327,159.25,153
2011,36057,NY,Montgomery County,rural,Northeast,Middle Atlantic,403.117,50299,32366,166.5,159
2012,36057,NY,Montgomery County,rural,Northeast,Middle Atlantic,403.117,49906,32218,173.75,159
2013,36057,NY,Montgomery County,rural,Northeast,Middle Atlantic,403.117,49828,31970,181,164
2014,36057,NY,Montgomery County,rural,Northeast,Middle Atlantic,403.117,49755,31797,155.5,172
2015,36057,NY,Montgomery County,rural,Northeast,Middle Atlantic,403.117,49667,31687,130,161
2016,36057,NY,Montgomery County,rural,Northeast,Middle Atlantic,403.117,49556,31427,,
1970,36059,NY,Nassau County,suburban,Northeast,Middle Atlantic,284.631,1426744,918796,686,
1971,36059,NY,Nassau County,suburban,Northeast,Middle Atlantic,284.631,1418389,920879,670.75,
1972,36059,NY,Nassau County,suburban,Northeast,Middle Atlantic,284.631,1407215,923171,655.5,
1972,36059,NY,Nassau County,suburban,Northeast,Middle Atlantic,284.631,1407215,923171,655.5,
1973,36059,NY,Nassau County,suburban,Northeast,Middle Atlantic,284.631,1386266,919085,640.25,
1973,36059,NY,Nassau County,suburban,Northeast,Middle Atlantic,284.631,1386266,919085,640.25,
1974,36059,NY,Nassau County,suburban,Northeast,Middle Atlantic,284.631,1354613,906521,625,
1975,36059,NY,Nassau County,suburban,Northeast,Middle Atlantic,284.631,1351369,914254,609.75,
1976,36059,NY,Nassau County,suburban,Northeast,Middle Atlantic,284.631,1342310,915602,594.5,
1977,36059,NY,Nassau County,suburban,Northeast,Middle Atlantic,284.631,1330504,913606,579.25,
1978,36059,NY,Nassau County,suburban,Northeast,Middle Atlantic,284.631,1320672,912883,564,
1979,36059,NY,Nassau County,suburban,Northeast,Middle Atlantic,284.631,1314333,913823,668,
1980,36059,NY,Nassau County, suburban,Northeast,Middle Atlantic,284.631,1321080,922266,772,
1981,36059,NY,Nassau County,suburban  ,Northeast,Middle Atlantic,284.631,1314361,918065,876,
1982,36059,NY,Nassau County,suburban,Northeast,Middle Atlantic,284.631,1314836,917430,980,
1983,36059,NY,Nassau County,Suburban,Northeast,Middle Atlantic,284.631,1322687,921372,1084,
1984,36059,NY,Nassau County,suburban,Northeast,Middle Atlantic,284.631,1319992,918342,1037.5,
1985,36059,NY,Nassau County,suburban,Northeast,Middle Atlantic,284.631,1314656,912702,991,
1985,36059,NY,Nassau County,suburban,Northeast,Middle Atlantic,284.631,1314656,912702,991,
1986,36059,NY,Nassau County,suburban  ,Northeast,Middle Atlantic,284.631,1309414,907064,1096,
1987,36059,NY,Nassau County,suburban,Northeast,Middle Atlantic,284.631,1304805,898943,1147,1624
1988,36059,NY,Nassau County,suburban,Northeast,Middle Atlantic,284.631,1303267,893426,1386,1722
1989,36059,NY,Nassau County,SUBURBAN,Northeast,Middle Atlantic,284.631,1296334,882649,1536,1833
1990,36059,NY,Nassau County,suburban,Northeast,Middle Atlantic,284.631,1286905,870767,1843,2101
1991,36059,NY,Nassau County,suburban,Northeast,Middle Atlantic,284.631,1293072,865118,1958,2369
1991,36059,NY,Nassau County,suburban,Northeast,Middle Atlantic,284.631,1293072,865118,1958,2369
1992,36059,NY,Nassau County,suburban,Northeast,Middle Atlantic,284.631,1299575,860923,1954,2637
1993,36059,NY,Nassau County,suburban,Northeast,Middle Atlantic,284.631,1304543,857124,1866,2537
1994,36059,NY,Nassau County,suburban,Northeast,Middle Atlantic,284.631,1308489,853314,1710,2466
1995,36059,NY,Nassau County,suburban,Northeast,Middle Atlantic,284.631,1312950,851039,1802,2375
1996,36059,NY,Nassau County,suburban,Northeast,Middle Atlantic,284.631,1315799,849775,1720,2326
1997,36059,NY,Nassau County,suburban,Northeast,Middle Atlantic,284.631,1318211,850327,1693,2187
1998,36059,NY,Nassau County,suburban,Northeast,Middle Atlantic,284.631,1322950,854191,2307,2112
1998,36059,,,,,,,,,1806,
1999,36059,NY,Nassau County,suburban,Northeast,Middle Atlantic,284.631,1330815,857048,1792,2135
1999,36059,NY,Nassau County,suburban,Northeast,Middle Atlantic,284.631,1330815,857048,1792,2135
2000,36059,NY,Nassau County,suburban,Northeast,Middle Atlantic,284.631,1336713,859445,1530,2073
2001,36059,NY,Nassau County,suburban,Northeast,Middle Atlantic,284.631,1337086,860250,1525,1964
2002,36059,NY,Nassau County,suburban,Northeast,Middle Atlantic,284.631,1339572,863890,1579,1966
2003,36059,NY,Nassau County,suburban,Northeast,Middle Atlantic,284.631,1339761,866782,1726,1995
2003,36059,NY,Nassau County,suburban,Northeast,Middle Atlantic,284.631,1339761,866782,1726,1995
2004,36059,NY,Nassau County,suburban,Northeast,Middle Atlantic,284.631,1337964,869244,1656,1943
2004,36059,NY,Nassau County,suburban,Northeast,Middle Atlantic,284.631,1337964,869244,1656,1943
2005,36059,NY,Nassau County,suburban,Northeast,Middle Atlantic,284.631,1332318,870139,1674,1995
2006,36059,NY,Nassau County,  SUBURBAN ,Northeast,Middle Atlantic,284.631,1324905,869259,1650,1995
2007,36059,NY,Nassau County,suburban  ,Northeast,Middle Atlantic,284.631,1322048,869283,1690,1958
2008,36059,NY,Nassau County,suburban,Northeast,Middle Atlantic,284.631,1325129,871372,1609,1968
2009,36059,NY,Nassau County,suburban  ,Northeast,Middle Atlantic,284.631,1332088,877796,1564,1902
2010,36059,NY,Nassau County,suburban,Northeast,Middle Atlantic,284.631,1339866,884185,1647,1870
2011,36059,NY,Nassau County,suburban,Northeast,Middle Atlantic,284.631,1341903,885946,1583,1780
2011,36059,NY,Nassau County,suburban,Northeast,Middle Atlantic,284.631,1341903,885946,1583,1780
2012,36059,NY,Nassau County,suburban,Northeast,Middle Atlantic,284.631,1347483,891552,1418.5,1746
2013,36059,NY,Nassau County,suburban,Northeast,Middle Atlantic,284.631,1352131,891881,1254,1689
2014,36059,NY,Nassau County,suburban,Northeast,Middle Atlantic,284.631,1356414,893100,1216,1658
2015,36059,NY,Nassau County,suburban,Northeast,Middle Atlantic,284.631,1360703,893716,1178,1648
2016,36059,NY,Nassau County,suburban,Northeast,Middle Atlantic,284.631,1362858,893052,,
1970,36061,NY,New York County,suburban,Northeast,Middle Atlantic,22.657,7897048,5082290,13017,
1971,36061,NY,New York County,suburban,Northeast,Middle Atlantic,22.657,7903051,5098366,12188.25,
1972,36061,NY,New York County,urban,Northeast,Middle Atlantic,22.657,7835426,5075391,11359.5,
1973,36061,NY,New York County,urban,Northeast,Middle Atlantic,22.657,7681795,4992245,10530.75,
1974,36061,NY,New York County,urban,Northeast,Middle Atlantic,22.657,7597798,4956379,9702,
1975,36061,NY,New York County,  URBAN ,Northeast,Middle Atlantic,22.657,7492258,4898692,8873.25,
1976,36061,NY,New York County,suburban,Northeast,Middle Atlantic,22.657,7427740,4882191,8044.5,
1977,36061,NY,New York County,urban,Northeast,Middle Atlantic,22.657,7300717,4812201,7215.75,
1978,36061,NY,New York County,urban,Northeast,Middle Atlantic,22.657,7178942,4744158,6387,
1979,36061,NY,New York County,suburban,Northeast,Middle Atlantic,22.657,7102132,4705660,6953.6,
1980,36061,NY,New York County,urban,Northeast,Middle Atlantic,22.657,7073039,4703004,7520.2,
1981,36061,NY,New York County,urban,Northeast,Middle Atlantic,22.657,7089230,4741167,8086.8,
1982,36061,NY,New York County,urban,Northeast,Middle Atlantic,22.657,7109096,4771152,8653.4,
1983,36061,NY,New York County,suburban,Northeast,Middle Atlantic,22.657,7181203,4834464,9220,
1983,36061,NY,New York County,urban,Northeast,Middle Atlantic,22.657,7181203,4834464,9220,
1984,36061,NY,New York County,Urban,Northeast,Middle Atlantic,22.657,7234497,4887857,8890,
1985,36061,NY,New York County,suburban,Northeast,Middle Atlantic,22.657,7274059,4926166,8560,
1986,36061,NY,New York County,urban,Northeast,Middle Atlantic,22.657,7319259,4970003,9847,
1987,36061,NY,New York County,Urban,Northeast,Middle Atlantic,22.657,7342474,4983122,10792,30154
1988,36061,NY,New York County,suburban,Northeast,Middle Atlantic,22.657,7353729,4989695,15401,30751
1989,36061,NY,New York County, urban,Northeast,Middle Atlantic,22.657,7344179,4972371,16500,31109
1990,36061,NY,New York County,suburban,Northeast,Middle Atlantic,22.657,7335650,4967537,17538,35395
1991,36061,NY,New York County, urban,Northeast,Middle Atlantic,22.657,7374501,4975407,20419,39681
1992,36061,NY,New York County,suburban,Northeast,Middle Atlantic,22.657,7428944,4999688,18673,43967
1993,36061,NY,New York County,suburban,Northeast,Middle Atlantic,22.657,7506166,5049178,17488,44651
1994,36061,NY,New York County,urban,Northeast,Middle Atlantic,22.657,7570458,5089612,18091,45850
1995,36061,NY,New York County,suburban,Northeast,Middle Atlantic,22.657,7633040,5130248,18200,46444
1996,36061,NY,New York County,urban,Northeast,Middle Atlantic,22.657,7697812,5187268,18382,47405
1997,36061,NY,New York County,suburban,Northeast,Middle Atlantic,22.657,7773443,5256390,19205,46801
1998,36061,NY,New York County,  URBAN ,Northeast,Middle Atlantic,22.657,7858259,5338388,17524,47016
1999,36061,NY,New York County,urban,Northeast,Middle Atlantic,22.657,7947660,5398807,17562,46488
2000,36061,NY,New York County,  URBAN ,Northeast,Middle Atlantic,22.657,8017608,5448535,15530,44237
2001,36061,NY,New York County,urban,Northeast,Middle Atlantic,22.657,8059813,5496123,14490,41555
2001,36061,NY,New York County,suburban,Northeast,Middle Atlantic,22.657,8059813,5496123,14490,41555
2002,36061,NY,New York County,suburban,Northeast,Middle Atlantic,22.657,8072000,5517468,13952,40618
2003,36061,NY,New York County,urban,Northeast,Middle Atlantic,22.657,8068073,5534678,14533,38797
2004,36061,NY,New York County,suburban,Northeast,Middle Atlantic,22.657,8043366,5536598,13751,36441
2005,36061,NY,New York County,urban,Northeast,Middle Atlantic,22.657,8013368,5541316,13576,34376
2006,36061,NY,New York County,urban,Northeast,Middle Atlantic,22.657,7993906,5558210,13494,33520
2007,36061,NY,New York County,suburban,Northeast,Middle Atlantic,22.657,8013775,5588346,14004,32190
2007,36061,NY,New York County,urban,Northeast,Middle Atlantic,22.657,8013775,5588346,14004,32190
2008,36061,NY,New York County,urban,Northeast,Middle Atlantic,22.657,8068195,5637391,13849,29921
2009,36061,NY,New York County,urban  ,Northeast,Middle Atlantic,22.657,8131574,5688167,13365,28473
2010,36061,NY,New York County,urban,Northeast,Middle Atlantic,22.657,8174959,5722820,13049,26988
2011,36061,NY,New York County,urban,Northeast,Middle Atlantic,22.657,8193703,5731876,12805,25880
2012,36061,NY,New York County,URBAN,Northeast,Middle Atlantic,22.657,8292688,5788434,12286,24890
2013,36061,NY,New York County,urban,Northeast,Middle Atlantic,22.657,8383504,5826086,11688,24125
2014,36061,NY,New York County,urban,Northeast,Middle Atlantic,22.657,8458642,5854024,11408,23289
2015,36061,NY,New York County,urban,Northeast,Middle Atlantic,22.657,8521135,5874468,9757,22301
2016,36061,NY,New York County,urban,Northeast,Middle Atlantic,22.657,8582459,5891547,,
1970,36063,NY,Niagara County,suburban,Northeast,Middle Atlantic,522.353,235525,144263,123,
1971,36063,NY,Niagara County,suburban,Northeast,Middle Atlantic,522.353,234743,144868,120,
1972,36063,NY,Niagara County,suburban,Northeast,Middle Atlantic,522.353,234822,146449,117,
1973,36063,NY,Niagara County,suburban,Northeast,Middle Atlantic,522.353,234421,147790,114,
1974,36063,NY,Niagara County,suburban,Northeast,Middle Atlantic,522.353,233165,148409,111,
1975,36063,NY,Niagara County,suburban,Northeast,Middle Atlantic,522.353,233802,150271,108,
1976,36063,NY,Niagara County,suburban,Northeast,Middle Atlantic,522.353,233540,151348,105,
1976,36063,NY,Niagara County,suburban,Northeast,Middle Atlantic,522.353,233540,151348,105,
1977,36063,NY,Niagara County,suburban,Northeast,Middle Atlantic,522.353,231891,151126,102,
1977,36063,NY,Niagara County,suburban,Northeast,Middle Atlantic,522.353,231891,151126,102,
1978,36063,NY,Niagara County,suburban,Northeast,Middle Atlantic,522.353,232360,152411,99,
1979,36063,NY,Niagara County,suburban,Northeast,Middle Atlantic,522.353,230500,151796,109.2,
1980,36063,NY,Niagara County,suburban,Northeast,Middle Atlantic,522.353,227168,149721,119.4,
1981,36063,NY,Niagara County,Suburban,Northeast,Middle Atlantic,522.353,225464,148806,129.6,
1982,36063,NY,Niagara County,suburban,Northeast,Middle Atlantic,522.353,222715,146858,139.8,
1983,36063,NY,Niagara County,suburban,Northeast,Middle Atlantic,522.353,220537,145173,150,
1984,36063,NY,Niagara County,suburban,Northeast,Middle Atlantic,522.353,218328,143525,172,
1985,36063,NY,Niagara County,suburban,Northeast,Middle Atlantic,522.353,218244,143160,194,
1986,36063,NY,Niagara County,suburban,Northeast,Middle Atlantic,522.353,217637,142430,165,
1987,36063,NY,Niagara County,suburban,Northeast,Middle Atlantic,522.353,216845,141049,182,247
1988,36063,NY,Niagara County,suburban,Northeast,Middle Atlantic,522.353,218094,141052,224,266
1989,36063,NY,Niagara County,suburban,Northeast,Middle Atlantic,522.353,219432,140827,178,306
1990,36063,NY,Niagara County,suburban,Northeast,Middle Atlantic,522.353,221163,141287,209,327.333333333
1991,36063,NY,Niagara County,suburban,Northeast,Middle Atlantic,522.353,221712,140641,192,348.666666667
1992,36063,NY,Niagara County,suburban,Northeast,Middle Atlantic,522.353,221952,140288,245,370
1993,36063,NY,Niagara County,suburban,Northeast,Middle Atlantic,522.353,222993,140742,280,379
1994,36063,NY,Niagara County,  SUBURBAN ,Northeast,Middle Atlantic,522.353,223400,140782,300,442
1995,36063,NY,Niagara County,suburban,Northeast,Middle Atlantic,522.353,223958,141124,320,548
1996,36063,NY,Niagara County,suburban,Northeast,Middle Atlantic,522.353,223792,141356,340,556
1997,36063,NY,Niagara County,suburban,Northeast,Middle Atlantic,522.353,223135,141576,360,555
1998,36063,NY,Niagara County,suburban,Northeast,Middle Atlantic,522.353,221884,141646,380,536
1999,36063,NY,Niagara County,suburban,Northeast,Middle Atlantic,522.353,220556,141346,400,591
2000,36063,NY,Niagara County,suburban,Northeast,Middle Atlantic,522.353,219620,141167,391,564
2001,36063,NY,Niagara County,suburban,Northeast,Middle Atlantic,522.353,218552,141156,314,544
2002,36063,NY,Niagara County,  SUBURBAN ,Northeast,Middle Atlantic,522.353,218127,141551,441,496
2003,36063,NY,Niagara County,suburban  ,Northeast,Middle Atlantic,522.353,218072,142277,404,501
2004,36063,NY,Niagara County,suburban,Northeast,Middle Atlantic,522.353,217737,142800,432,512
2005,36063,NY,Niagara County,suburban,Northeast,Middle Atlantic,522.353,216818,143134,472,544
2006,36063,NY,Niagara County,suburban,Northeast,Middle Atlantic,522.353,216148,143396,519,564
2007,36063,NY,Niagara County,suburban,Northeast,Middle Atlantic,522.353,215791,143572,505,613
2008,36063,NY,Niagara County,suburban,Northeast,Middle Atlantic,522.353,215793,143621,472,610
2009,36063,NY,Niagara County,suburban,Northeast,Middle Atlantic,522.353,216043,144035,463,634
2010,36063,NY,Niagara County,SUBURBAN,Northeast,Middle Atlantic,522.353,216487,144467,472,629
2011,36063,NY,Niagara County,suburban,Northeast,Middle Atlantic,522.353,216486,144504,441,641
2011,36063,NY,Niagara County,suburban,Northeast,Middle Atlantic,522.353,216486,144504,441,641
2012,36063,NY,Niagara County,suburban,Northeast,Middle Atlantic,522.353,215747,144206,457,606
2013,36063,NY,Niagara County,suburban,Northeast,Middle Atlantic,522.353,214782,142903,440,609
2014,36063,NY,Niagara County,Suburban,Northeast,Middle Atlantic,522.353,214235,141964,435,610
2015,36063,NY,Niagara County,suburban,Northeast,Middle Atlantic,522.353,213475,140950,416,649
2016,36063,NY,Niagara County,suburban,Northeast,Middle Atlantic,522.353,212540,139772,,
1970,36065,NY,Oneida County,small/mid  ,Northeast,Middle Atlantic,1212.331,273442,165336,85,
1971,36065,NY,Oneida County,small/mid,Northeast,Middle Atlantic,1212.331,274939,167580,87.25,
1972,36065,NY,Oneida County,small/mid,Northeast,Middle Atlantic,1212.331,274974,169286,89.5,
1973,36065,NY,Oneida County,SMALL/MID,Northeast,Middle Atlantic,1212.331,270543,168025,91.75,
1974,36065,NY,Oneida County,small/mid,Northeast,Middle Atlantic,1212.331,267041,167095,94,
1975,36065,NY,Oneida County,small/mid,Northeast,Middle Atlantic,1212.331,265060,167090,96.25,
1976,36065,NY,Oneida County,small/mid,Northeast,Middle Atlantic,1212.331,262360,166509,98.5,
1977,36065,NY,Oneida County,small/mid  ,Northeast,Middle Atlantic,1212.331,260019,165996,100.75,
1978,36065,NY,Oneida County,small/mid,Northeast,Middle Atlantic,1212.331,258380,165916,103,
1979,36065,NY,Oneida County, small/mid,Northeast,Middle Atlantic,1212.331,256695,165530,113.2,
1980,36065,NY,Oneida County,small/mid,Northeast,Middle Atlantic,1212.331,253717,163893,123.4,
1981,36065,NY,Oneida County,small/mid,Northeast,Middle Atlantic,1212.331,253457,164351,133.6,
1982,36065,NY,Oneida County,small/mid,Northeast,Middle Atlantic,1212.331,253354,164563,143.8,
1983,36065,NY,Oneida County,small/mid,Northeast,Middle Atlantic,1212.331,253882,165060,154,
1984,36065,NY,Oneida County,small/mid,Northeast,Middle Atlantic,1212.331,253968,165324,160.5,
1985,36065,NY,Oneida County,small/mid,Northeast,Middle Atlantic,1212.331,252839,164660,167,
1986,36065,NY,Oneida County,small/mid,Northeast,Middle Atlantic,1212.331,250553,163210,208,
1987,36065,NY,Oneida County,small/mid,Northeast,Middle Atlantic,1212.331,250313,162482,774,280
1987,36065,,,,,,,,,208,
1988,36065,NY,Oneida County,small/mid,Northeast,Middle Atlantic,1212.331,249632,161551,265,293
1989,36065,NY,Oneida County,small/mid,Northeast,Middle Atlantic,1212.331,250361,161206,276,381
1990,36065,NY,Oneida County,small/mid,Northeast,Middle Atlantic,1212.331,251191,161268,285,446.333333333
1991,36065,NY,Oneida County,small/mid,Northeast,Middle Atlantic,1212.331,253064,161880,325,511.666666667
1992,36065,NY,Oneida County,small/mid,Northeast,Middle Atlantic,1212.331,253819,161745,344,577
1993,36065,NY,Oneida County,small/mid,Northeast,Middle Atlantic,1212.331,252682,160491,319,602
1994,36065,NY,Oneida County,small/mid,Northeast,Middle Atlantic,1212.331,250964,158841,347,619
1995,36065,NY,Oneida County,small/mid,Northeast,Middle Atlantic,1212.331,244736,154343,370,642
1996,36065,NY,Oneida County,small/mid,Northeast,Middle Atlantic,1212.331,239246,150645,312,603
1997,36065,NY,Oneida County,small/mid,Northeast,Middle Atlantic,1212.331,236863,149604,359,629
1998,36065,NY,Oneida County,small/mid,Northeast,Middle Atlantic,1212.331,235710,149922,357,626
1999,36065,NY,Oneida County,  SMALL/MID ,Northeast,Middle Atlantic,1212.331,235412,150240,529,729
2000,36065,NY,Oneida County,small/mid,Northeast,Middle Atlantic,1212.331,235146,150587,475,791
2001,36065,NY,Oneida County,small/mid,Northeast,Middle Atlantic,1212.331,234247,150837,942,819
2001,36065,,,,,,,,,402,
2002,36065,NY,Oneida County,small/mid,Northeast,Middle Atlantic,1212.331,234078,151534,419,883
2002,36065,NY,Oneida County,small/mid,Northeast,Middle Atlantic,1212.331,234078,151534,419,883
2003,36065,NY,Oneida County,small/mid,Northeast,Middle Atlantic,1212.331,234243,152456,433,866
2004,36065,NY,Oneida County,small/mid,Northeast,Middle Atlantic,1212.331,234654,153635,443,924
2005,36065,NY,Oneida County,small/mid,Northeast,Middle Atlantic,1212.331,234282,154127,450,985
2006,36065,NY,Oneida County,small/mid,Northeast,Middle Atlantic,1212.331,234229,154530,446.25,962
2007,36065,NY,Oneida County,small/mid,Northeast,Middle Atlantic,1212.331,234488,155073,442.5,988
2008,36065,NY,Oneida County,  SMALL/MID ,Northeast,Middle Atlantic,1212.331,234482,154958,438.75,1048
2009,36065,NY,Oneida County,small/mid,Northeast,Middle Atlantic,1212.331,234619,154986,435,1096
2010,36065,NY,Oneida County,small/mid,Northeast,Middle Atlantic,1212.331,234885,155145,431.25,1100
2011,36065,NY,Oneida County,small/mid,Northeast,Middle Atlantic,1212.331,234794,155063,427.5,1075
2011,36065,NY,Oneida County,small/mid,Northeast,Middle Atlantic,1212.331,234794,155063,427.5,1075
2012,36065,NY,Oneida County,small/mid,Northeast,Middle Atlantic,1212.331,234341,154703,423.75,1061
2013,36065,NY,Oneida County,small/mid,Northeast,Middle Atlantic,1212.331,233975,153592,420,1067
2014,36065,NY,Oneida County,small/mid,Northeast,Middle Atlantic,1212.331,233771,152794,420,1031
2015,36065,NY,Oneida County,small/mid,Northeast,Middle Atlantic,1212.331,233229,151678,420,1015
2016,36065,NY,Oneida County,small/mid  ,Northeast,Middle Atlantic,1212.331,232014,150095,,
1970,36067,NY,Onondaga County,small/mid,Northeast,Middle Atlantic,778.387,472762,290157,280,
1971,36067,NY,Onondaga County,small/mid,Northeast,Middle Atlantic,778.387,472476,292317,269.875,
1972,36067,NY,Onondaga County,small/mid,Northeast,Middle Atlantic,778.387,469869,293725,259.75,
1973,36067,NY,Onondaga County,small/mid,Northeast,Middle Atlantic,778.387,469756,296988,249.625,
1974,36067,NY,Onondaga County,small/mid,Northeast,Middle Atlantic,778.387,468613,299405,239.5,
1975,36067,NY,Onondaga County,  SMALL/MID ,Northeast,Middle Atlantic,778.387,468581,302362,229.375,
1976,36067,NY,Onondaga County,SMALL/MID,Northeast,Middle Atlantic,778.387,468648,305751,219.25,
1977,36067,NY,Onondaga County,small/mid,Northeast,Middle Atlantic,778.387,466731,307174,209.125,
1978,36067,NY,Onondaga County,small/mid,Northeast,Middle Atlantic,778.387,465564,308998,199,
1979,36067,NY,Onondaga County,small/mid,Northeast,Middle Atlantic,778.387,463396,309889,795,
1979,36067,,,,,,,,,229.6,
1980,36067,NY,Onondaga County, small/mid,Northeast,Middle Atlantic,778.387,463908,311854,260.2,
1981,36067,NY,Onondaga County,small/mid,Northeast,Middle Atlantic,778.387,462102,311524,290.8,
1982,36067,NY,Onondaga County,small/mid,Northeast,Middle Atlantic,778.387,461694,311478,321.4,
1983,36067,NY,Onondaga County,small/mid,Northeast,Middle Atlantic,778.387,462106,311737,352,
1984,36067,NY,Onondaga County,small/mid,Northeast,Middle Atlantic,778.387,464187,313240,401.5,
1985,36067,NY,Onondaga County,small/mid,Northeast,Middle Atlantic,778.387,467053,315002,451,
1986,36067,NY,Onondaga County,small/mid,Northeast,Middle Atlantic,778.387,464707,313234,445,
1986,36067,NY,Onondaga County,small/mid,Northeast,Middle Atlantic,778.387,464707,313234,445,
1987,36067,NY,Onondaga County,small/mid,Northeast,Middle Atlantic,778.387,462518,310436,436,878
1987,36067,NY,Onondaga County,small/mid,Northeast,Middle Atlantic,778.387,462518,310436,436,878
1988,36067,NY,Onondaga County,small/mid,Northeast,Middle Atlantic,778.387,463304,309718,438,905
1989,36067,NY,Onondaga County, small/mid,Northeast,Middle Atlantic,778.387,466288,309875,571,912
1990,36067,NY,Onondaga County,Small/mid,Northeast,Middle Atlantic,778.387,469903,310978,506,1019.66666667
1991,36067,NY,Onondaga County,small/mid,Northeast,Middle Atlantic,778.387,472463,310238,596,1127.33333333
1992,36067,NY,Onondaga County,  SMALL/MID ,Northeast,Middle Atlantic,778.387,473971,309257,561,1235
1993,36067,NY,Onondaga County,SMALL/MID,Northeast,Middle Atlantic,778.387,474922,308319,699,1118
1994,36067,NY,Onondaga County,small/mid,Northeast,Middle Atlantic,778.387,472692,305490,612,1198
1994,36067,NY,Onondaga County,small/mid,Northeast,Middle Atlantic,778.387,472692,305490,612,1198
1995,36067,NY,Onondaga County,small/mid,Northeast,Middle Atlantic,778.387,470235,302834,887,1239
1995,36067,NY,Onondaga County,small/mid,Northeast,Middle Atlantic,778.387,470235,302834,887,1239
1996,36067,NY,Onondaga County,small/mid,Northeast,Middle Atlantic,778.387,466614,300220,811,1218
1996,36067,NY,Onondaga County,small/mid,Northeast,Middle Atlantic,778.387,466614,300220,811,1218
1997,36067,NY,Onondaga County,small/mid,Northeast,Middle Atlantic,778.387,462438,297892,957,1207
1998,36067,NY,Onondaga County,small/mid,Northeast,Middle Atlantic,778.387,459882,297366,927,1254
1999,36067,NY,Onondaga County,small/mid,Northeast,Middle Atlantic,778.387,458575,296708,926,1314
2000,36067,NY,Onondaga County,small/mid,Northeast,Middle Atlantic,778.387,458034,296727,875,1335
2001,36067,NY,Onondaga County,small/mid,Northeast,Middle Atlantic,778.387,458576,298465,813,1300
2002,36067,NY,Onondaga County,small/mid,Northeast,Middle Atlantic,778.387,459484,301033,909,1327
2003,36067,NY,Onondaga County,small/mid,Northeast,Middle Atlantic,778.387,460961,303576,850,1403
2004,36067,NY,Onondaga County,small/mid,Northeast,Middle Atlantic,778.387,461412,305368,979,1584
2004,36067,NY,Onondaga County,small/mid,Northeast,Middle Atlantic,778.387,461412,305368,979,1584
2005,36067,NY,Onondaga County,small/mid,Northeast,Middle Atlantic,778.387,460910,307104,986,1692
2006,36067,NY,Onondaga County,small/mid,Northeast,Middle Atlantic,778.387,460925,308625,1039,1785
2006,36067,NY,Onondaga County,small/mid,Northeast,Middle Atlantic,778.387,460925,308625,1039,1785
2007,36067,NY,Onondaga County,small/mid,Northeast,Middle Atlantic,778.387,461287,309788,1140,1877
2008,36067,NY,Onondaga County,small/mid,Northeast,Middle Atlantic,778.387,463472,311327,1047,1865
2009,36067,NY,Onondaga County,small/mid,Northeast,Middle Atlantic,778.387,465633,312973,994,1816
2010,36067,NY,Onondaga County,SMALL/MID,Northeast,Middle Atlantic,778.387,467069,314375,998,1874
2011,36067,NY,Onondaga County,small/mid,Northeast,Middle Atlantic,778.387,467571,314787,1042,1896
2012,36067,NY,Onondaga County,small/mid,Northeast,Middle Atlantic,778.387,467905,315317,1155,1829
2013,36067,NY,Onondaga County,small/mid,Northeast,Middle Atlantic,778.387,467646,314060,1162,1892
2013,36067,NY,Onondaga County,small/mid,Northeast,Middle Atlantic,778.387,467646,314060,1162,1892
2014,36067,NY,Onondaga County,  SMALL/MID ,Northeast,Middle Atlantic,778.387,469251,314209,1167,1874
2015,36067,NY,Onondaga County,small/mid,Northeast,Middle Atlantic,778.387,468827,312950,1045,1885
2016,36067,NY,Onondaga County,small/mid,Northeast,Middle Atlantic,778.387,468233,311608,,
1970,36069,NY,Ontario County,suburban,Northeast,Middle Atlantic,644.063,79338,47220,37,
1971,36069,NY,Ontario County,suburban,Northeast,Middle Atlantic,644.063,81305,48895,38.625,
1972,36069,NY,Ontario County,suburban  ,Northeast,Middle Atlantic,644.063,82306,50085,40.25,
1973,36069,NY,Ontario County,suburban,Northeast,Middle Atlantic,644.063,83660,51539,41.875,
1974,36069,NY,Ontario County,suburban,Northeast,Middle Atlantic,644.063,84873,52911,43.5,
1975,36069,NY,Ontario County,suburban,Northeast,Middle Atlantic,644.063,86021,54199,45.125,
1976,36069,NY,Ontario County,suburban,Northeast,Middle Atlantic,644.063,86775,55221,46.75,
1977,36069,NY,Ontario County,suburban,Northeast,Middle Atlantic,644.063,87682,56401,48.375,
1978,36069,NY,Ontario County,suburban,Northeast,Middle Atlantic,644.063,89178,58061,50,
1979,36069,NY,Ontario County,suburban,Northeast,Middle Atlantic,644.063,89557,58841,52.6,
1980,36069,NY,Ontario County,suburban,Northeast,Middle Atlantic,644.063,89106,58809,55.2,
1981,36069,NY,Ontario County,suburban,Northeast,Middle Atlantic,644.063,89409,59239,57.8,
1982,36069,NY,Ontario County,suburban,Northeast,Middle Atlantic,644.063,90009,59736,60.4,
1983,36069,NY,Ontario County,  SUBURBAN ,Northeast,Middle Atlantic,644.063,90786,60310,63,
1984,36069,NY,Ontario County,suburban,Northeast,Middle Atlantic,644.063,91660,60968,74.5,
1985,36069,NY,Ontario County,suburban,Northeast,Middle Atlantic,644.063,92201,61356,86,
1986,36069,NY,Ontario County,suburban,Northeast,Middle Atlantic,644.063,92119,61332,77,
1987,36069,NY,Ontario County,suburban,Northeast,Middle Atlantic,644.063,92351,61279,89,107
1987,36069,NY,Ontario County,suburban,Northeast,Middle Atlantic,644.063,92351,61279,89,107
1988,36069,NY,Ontario County,suburban,Northeast,Middle Atlantic,644.063,93007,61532,99,120
1989,36069,NY,Ontario County,suburban,Northeast,Middle Atlantic,644.063,94299,62091,102.4,156
1990,36069,NY,Ontario County,suburban,Northeast,Middle Atlantic,644.063,95352,62590,105.8,199.666666667
1991,36069,NY,Ontario County,suburban,Northeast,Middle Atlantic,644.063,96514,62993,109.2,243.333333333
1992,36069,NY,Ontario County,suburban,Northeast,Middle Atlantic,644.063,97623,63375,112.6,287
1993,36069,NY,Ontario County,suburban,Northeast,Middle Atlantic,644.063,98327,63723,116,293
1994,36069,NY,Ontario County,suburban,Northeast,Middle Atlantic,644.063,98509,63734,124.6667,310
1995,36069,NY,Ontario County,suburban,Northeast,Middle Atlantic,644.063,98816,63851,133.3333,344
1996,36069,NY,Ontario County,suburban,Northeast,Middle Atlantic,644.063,99509,64385,142,346
1997,36069,NY,Ontario County,suburban,Northeast,Middle Atlantic,644.063,99693,64793,150.6667,351
1998,36069,NY,Ontario County,suburban,Northeast,Middle Atlantic,644.063,99603,65164,159.3333,336
1999,36069,NY,Ontario County,suburban,Northeast,Middle Atlantic,644.063,99802,65536,168,365
2000,36069,NY,Ontario County,suburban,Northeast,Middle Atlantic,644.063,100106,65899,176.3333,399
2001,36069,NY,Ontario County,  SUBURBAN ,Northeast,Middle Atlantic,644.063,100819,66561,184.6667,415
2002,36069,NY,Ontario County, suburban,Northeast,Middle Atlantic,644.063,101763,67362,193,453
2003,36069,NY,Ontario County,suburban,Northeast,Middle Atlantic,644.063,102625,68061,201.3333,450
2004,36069,NY,Ontario County,suburban,Northeast,Middle Atlantic,644.063,103385,68693,209.6667,437
2005,36069,NY,Ontario County,suburban,Northeast,Middle Atlantic,644.063,104259,69716,218,447
2005,36069,NY,Ontario County,suburban,Northeast,Middle Atlantic,644.063,104259,69716,218,447
2006,36069,NY,Ontario County,suburban,Northeast,Middle Atlantic,644.063,104644,70026,218.5,496
2007,36069,NY,Ontario County,suburban,Northeast,Middle Atlantic,644.063,105216,70368,219,522
2008,36069,NY,Ontario County,suburban,Northeast,Middle Atlantic,644.063,106302,70950,219.5,523
2009,36069,NY,Ontario County,suburban,Northeast,Middle Atlantic,644.063,107214,71455,220,509
2010,36069,NY,Ontario County,suburban,Northeast,Middle Atlantic,644.063,108085,71881,220.5,488
2011,36069,NY,Ontario County,suburban,Northeast,Middle Atlantic,644.063,108165,71969,221,518
2012,36069,NY,Ontario County,suburban,Northeast,Middle Atlantic,644.063,108598,72150,221.5,479
2013,36069,NY,Ontario County,suburban,Northeast,Middle Atlantic,644.063,108631,71665,222,495
2014,36069,NY,Ontario County,suburban,Northeast,Middle Atlantic,644.063,109117,71680,222,538
2015,36069,NY,Ontario County,suburban,Northeast,Middle Atlantic,644.063,109420,71462,222,534
2016,36069,NY,Ontario County,suburban,Northeast,Middle Atlantic,644.063,109431,71071,,
1970,36071,NY,Orange County,suburban,Northeast,Middle Atlantic,812.321,222938,134328,108,
1971,36071,NY,Orange County,suburban  ,Northeast,Middle Atlantic,812.321,228097,138299,112.875,
1972,36071,NY,Orange County,suburban,Northeast,Middle Atlantic,812.321,232026,141886,117.75,
1973,36071,NY,Orange County,suburban,Northeast,Middle Atlantic,812.321,236189,145722,122.625,
1974,36071,NY,Orange County,suburban,Northeast,Middle Atlantic,812.321,240615,149315,127.5,
1975,36071,NY,Orange County,suburban,Northeast,Middle Atlantic,812.321,245270,152957,132.375,
1976,36071,NY,Orange County,suburban,Northeast,Middle Atlantic,812.321,245806,154540,137.25,
1977,36071,NY,Orange County,SUBURBAN,Northeast,Middle Atlantic,812.321,250952,159132,142.125,
1978,36071,NY,Orange County,suburban,Northeast,Middle Atlantic,812.321,255591,163420,147,
1978,36071,NY,Orange County,suburban,Northeast,Middle Atlantic,812.321,255591,163420,147,
1979,36071,NY,Orange County,suburban,Northeast,Middle Atlantic,812.321,259886,167265,160.2,
1979,36071,NY,Orange County,suburban,Northeast,Middle Atlantic,812.321,259886,167265,160.2,
1980,36071,NY,Orange County,suburban,Northeast,Middle Atlantic,812.321,260631,168420,173.4,
1981,36071,NY,Orange County,suburban,Northeast,Middle Atlantic,812.321,263667,171633,186.6,
1982,36071,NY,Orange County,suburban,Northeast,Middle Atlantic,812.321,267076,174712,199.8,
1982,36071,NY,Orange County,suburban,Northeast,Middle Atlantic,812.321,267076,174712,199.8,
1983,36071,NY,Orange County,suburban,Northeast,Middle Atlantic,812.321,270560,177647,213,
1984,36071,NY,Orange County,suburban,Northeast,Middle Atlantic,812.321,275471,181595,190.5,
1985,36071,NY,Orange County,suburban,Northeast,Middle Atlantic,812.321,279428,184800,168,
1986,36071,NY,Orange County,suburban,Northeast,Middle Atlantic,812.321,285095,189165,221,
1987,36071,NY,Orange County, suburban,Northeast,Middle Atlantic,812.321,291925,193571,248,391
1988,36071,NY,Orange County,suburban,Northeast,Middle Atlantic,812.321,298401,197718,858,367
1988,36071,,,,,,,,,331,
1989,36071,NY,Orange County, suburban,Northeast,Middle Atlantic,812.321,303684,200677,389,435
1990,36071,NY,Orange County,suburban,Northeast,Middle Atlantic,812.321,308803,203866,942,507.666666667
1990,36071,,,,,,,,,415,
1991,36071,NY,Orange County,suburban,Northeast,Middle Atlantic,812.321,312038,204369,404,580.333333333
1992,36071,NY,Orange County,suburban,Northeast,Middle Atlantic,812.321,315957,205895,411,653
1993,36071,NY,Orange County,suburban,Northeast,Middle Atlantic,812.321,318999,207090,398,689
1994,36071,NY,Orange County,suburban,Northeast,Middle Atlantic,812.321,320744,207504,436,747
1995,36071,NY,Orange County,suburban,Northeast,Middle Atlantic,812.321,323451,208824,487,787
1996,36071,NY,Orange County,suburban,Northeast,Middle Atlantic,812.321,326000,210552,454,837
1997,36071,NY,Orange County,suburban,Northeast,Middle Atlantic,812.321,328860,213049,543,813
1998,36071,NY,Orange County,suburban,Northeast,Middle Atlantic,812.321,332199,216027,582,864
1999,36071,NY,Orange County,suburban,Northeast,Middle Atlantic,812.321,336630,219412,625,971
2000,36071,NY,Orange County,suburban,Northeast,Middle Atlantic,812.321,342892,223948,561,1052
2001,36071,NY,Orange County,suburban,Northeast,Middle Atlantic,812.321,347674,227795,435,1064
2002,36071,NY,Orange County,suburban,Northeast,Middle Atlantic,812.321,352975,231965,476,1128
2003,36071,NY,Orange County,suburban,Northeast,Middle Atlantic,812.321,358727,236516,508,1170
2004,36071,NY,Orange County,suburban  ,Northeast,Middle Atlantic,812.321,362934,240539,580,1211
2005,36071,NY,Orange County,suburban  ,Northeast,Middle Atlantic,812.321,364522,242880,578,1314
2006,36071,NY,Orange County,suburban,Northeast,Middle Atlantic,812.321,366908,244909,595,1348
2007,36071,NY,Orange County,suburban,Northeast,Middle Atlantic,812.321,368464,246088,584,1312
2008,36071,NY,Orange County,suburban,Northeast,Middle Atlantic,812.321,370201,246625,533,1293
2008,36071,NY,Orange County,suburban,Northeast,Middle Atlantic,812.321,370201,246625,533,1293
2009,36071,NY,Orange County,suburban,Northeast,Middle Atlantic,812.321,372079,247789,536,1159
2010,36071,NY,Orange County,suburban,Northeast,Middle Atlantic,812.321,372827,248351,622,1121
2011,36071,NY,Orange County,suburban,Northeast,Middle Atlantic,812.321,373490,248795,591,1053
2012,36071,NY,Orange County,suburban,Northeast,Middle Atlantic,812.321,374341,249494,592,1010
2013,36071,NY,Orange County,suburban,Northeast,Middle Atlantic,812.321,374183,248434,590,1035
2014,36071,NY,Orange County,suburban,Northeast,Middle Atlantic,812.321,375151,248563,642,1022
2015,36071,NY,Orange County,suburban,Northeast,Middle Atlantic,812.321,376034,248387,577,1006
2016,36071,NY,Orange County,suburban,Northeast,Middle Atlantic,812.321,377544,248690,,
1970,36073,NY,Orleans County,suburban,Northeast,Middle Atlantic,391.263,37363,21828,14,
1971,36073,NY,Orleans County,suburban,Northeast,Middle Atlantic,391.263,37579,22140,16.125,
1972,36073,NY,Orleans County,suburban,Northeast,Middle Atlantic,391.263,37925,22617,18.25,
1973,36073,NY,Orleans County,suburban,Northeast,Middle Atlantic,391.263,38457,23230,20.375,
1974,36073,NY,Orleans County,suburban,Northeast,Middle Atlantic,391.263,38270,23325,22.5,
1975,36073,NY,Orleans County,suburban,Northeast,Middle Atlantic,391.263,38582,23748,564,
1975,36073,,,,,,,,,24.625,
1976,36073,NY,Orleans County,suburban,Northeast,Middle Atlantic,391.263,38764,24078,26.75,
1977,36073,NY,Orleans County,suburban,Northeast,Middle Atlantic,391.263,38840,24347,28.875,
1978,36073,NY,Orleans County,suburban,Northeast,Middle Atlantic,391.263,39095,24748,31,
1979,36073,NY,Orleans County,  SUBURBAN ,Northeast,Middle Atlantic,391.263,38670,24603,30,
1980,36073,NY,Orleans County,suburban,Northeast,Middle Atlantic,391.263,38547,24634,29,
1981,36073,NY,Orleans County,suburban,Northeast,Middle Atlantic,391.263,38571,24800,28,
1982,36073,NY,Orleans County,suburban,Northeast,Middle Atlantic,391.263,38774,25023,27,
1983,36073,NY,Orleans County,suburban,Northeast,Middle Atlantic,391.263,38745,25074,26,
1984,36073,NY,Orleans County,suburban,Northeast,Middle Atlantic,391.263,38704,25127,35.4,
1984,36073,NY,Orleans County,suburban,Northeast,Middle Atlantic,391.263,38704,25127,35.4,
1985,36073,NY,Orleans County,suburban,Northeast,Middle Atlantic,391.263,38882,25305,44.8,
1986,36073,NY,Orleans County,suburban,Northeast,Middle Atlantic,391.263,39206,25579,54.2,
1987,36073,NY,Orleans County,suburban,Northeast,Middle Atlantic,391.263,40280,26236,63.6,59
1987,36073,NY,Orleans County,suburban,Northeast,Middle Atlantic,391.263,40280,26236,63.6,59
1988,36073,NY,Orleans County,suburban,Northeast,Middle Atlantic,391.263,40957,26643,73,56
1989,36073,NY,Orleans County,suburban,Northeast,Middle Atlantic,391.263,41457,26878,613,59
1989,36073,,,,,,,,,73.8,
1990,36073,NY,Orleans County,suburban,Northeast,Middle Atlantic,391.263,41970,27180,74.6,59.3333333333
1991,36073,NY,Orleans County,SUBURBAN,Northeast,Middle Atlantic,391.263,42432,27435,75.4,59.6666666667
1992,36073,NY,Orleans County,suburban,Northeast,Middle Atlantic,391.263,43674,28420,76.2,60
1993,36073,NY,Orleans County,suburban,Northeast,Middle Atlantic,391.263,43850,28425,77,76
1994,36073,NY,Orleans County,suburban,Northeast,Middle Atlantic,391.263,44345,28840,78.83334,79
1995,36073,NY,Orleans County,suburban,Northeast,Middle Atlantic,391.263,44524,28987,80.66666,77
1996,36073,NY,Orleans County,suburban,Northeast,Middle Atlantic,391.263,44435,29012,82.5,86
1997,36073,NY,Orleans County,suburban,Northeast,Middle Atlantic,391.263,44172,28974,84.33334,86
1998,36073,NY,Orleans County,suburban,Northeast,Middle Atlantic,391.263,44167,29187,86.16666,96
1999,36073,NY,Orleans County,suburban,Northeast,Middle Atlantic,391.263,44183,29254,88,104
2000,36073,NY,Orleans County,suburban,Northeast,Middle Atlantic,391.263,44178,29289,85.83334,115
2001,36073,NY,Orleans County,suburban,Northeast,Middle Atlantic,391.263,43898,29161,83.66666,107
2002,36073,NY,Orleans County,SUBURBAN,Northeast,Middle Atlantic,391.263,43660,29159,81.5,111
2003,36073,NY,Orleans County,suburban,Northeast,Middle Atlantic,391.263,43593,29190,79.33334,108
2004,36073,NY,Orleans County,suburban,Northeast,Middle Atlantic,391.263,43682,29333,77.16666,107
2005,36073,NY,Orleans County,suburban,Northeast,Middle Atlantic,391.263,43475,29346,75,118
2006,36073,NY,Orleans County,suburban,Northeast,Middle Atlantic,391.263,43420,29459,71,142
2007,36073,NY,Orleans County, suburban,Northeast,Middle Atlantic,391.263,43342,29513,78,138
2007,36073,NY,Orleans County, suburban,Northeast,Middle Atlantic,391.263,43342,29513,78,138
2008,36073,NY,Orleans County,SUBURBAN,Northeast,Middle Atlantic,391.263,43254,29326,74,140
2009,36073,NY,Orleans County,suburban,Northeast,Middle Atlantic,391.263,42975,29222,73,137
2010,36073,NY,Orleans County,suburban,Northeast,Middle Atlantic,391.263,42876,29106,76,147
2011,36073,NY,Orleans County,suburban,Northeast,Middle Atlantic,391.263,42837,29102,76,165
2012,36073,NY,Orleans County,Suburban,Northeast,Middle Atlantic,391.263,42639,29043,81,162
2013,36073,NY,Orleans County,suburban,Northeast,Middle Atlantic,391.263,42392,28757,68,162
2014,36073,NY,Orleans County,suburban,Northeast,Middle Atlantic,391.263,42241,28624,65,152
2015,36073,NY,Orleans County,suburban,Northeast,Middle Atlantic,391.263,41890,28217,61,147
2016,36073,NY,Orleans County,suburban,Northeast,Middle Atlantic,391.263,41512,27893,,
1970,36075,NY,Oswego County,small/mid,Northeast,Middle Atlantic,951.644,101522,60585,29,
1971,36075,NY,Oswego County,Small/mid,Northeast,Middle Atlantic,951.644,104001,62708,30.125,
1972,36075,NY,Oswego County,small/mid,Northeast,Middle Atlantic,951.644,107594,65750,31.25,
1972,36075,NY,Oswego County,small/mid,Northeast,Middle Atlantic,951.644,107594,65750,31.25,
1973,36075,NY,Oswego County,small/mid,Northeast,Middle Atlantic,951.644,107682,66540,32.375,
1974,36075,NY,Oswego County,small/mid,Northeast,Middle Atlantic,951.644,109216,68141,33.5,
1975,36075,NY,Oswego County,small/mid,Northeast,Middle Atlantic,951.644,111810,70402,34.625,
1976,36075,NY,Oswego County,small/mid,Northeast,Middle Atlantic,951.644,113060,72073,35.75,
1977,36075,NY,Oswego County,small/mid,Northeast,Middle Atlantic,951.644,114394,73435,36.875,
1978,36075,NY,Oswego County,SMALL/MID,Northeast,Middle Atlantic,951.644,115095,74399,38,
1979,36075,NY,Oswego County,SMALL/MID,Northeast,Middle Atlantic,951.644,115072,74854,42,
1980,36075,NY,Oswego County,small/mid,Northeast,Middle Atlantic,951.644,113862,74410,46,
1981,36075,NY,Oswego County,small/mid,Northeast,Middle Atlantic,951.644,113055,74303,50,
1981,36075,NY,Oswego County,small/mid,Northeast,Middle Atlantic,951.644,113055,74303,50,
1982,36075,NY,Oswego County,SMALL/MID,Northeast,Middle Atlantic,951.644,113485,74835,620,
1982,36075,,,,,,,,,54,
1983,36075,NY,Oswego County,small/mid,Northeast,Middle Atlantic,951.644,115162,76100,58,
1984,36075,NY,Oswego County,small/mid,Northeast,Middle Atlantic,951.644,116057,76884,71.5,
1985,36075,NY,Oswego County,small/mid,Northeast,Middle Atlantic,951.644,116818,77529,85,
1986,36075,NY,Oswego County,small/mid,Northeast,Middle Atlantic,951.644,117201,77915,79,
1987,36075,NY,Oswego County,small/mid,Northeast,Middle Atlantic,951.644,117221,77745,80,82
1987,36075,NY,Oswego County,small/mid,Northeast,Middle Atlantic,951.644,117221,77745,80,82
1988,36075,NY,Oswego County,small/mid,Northeast,Middle Atlantic,951.644,118462,78372,84,75
1989,36075,NY,Oswego County,small/mid,Northeast,Middle Atlantic,951.644,120213,79179,90,78
1990,36075,NY,Oswego County,small/mid,Northeast,Middle Atlantic,951.644,122302,80425,87,90
1991,36075,NY,Oswego County,small/mid,Northeast,Middle Atlantic,951.644,123134,80601,89,102
1992,36075,NY,Oswego County, small/mid,Northeast,Middle Atlantic,951.644,123857,80823,81,114
1993,36075,NY,Oswego County,small/mid,Northeast,Middle Atlantic,951.644,124802,81511,88,104
1993,36075,NY,Oswego County,small/mid,Northeast,Middle Atlantic,951.644,124802,81511,88,104
1994,36075,NY,Oswego County,small/mid,Northeast,Middle Atlantic,951.644,124319,81085,92.16666,88
1995,36075,NY,Oswego County,small/mid,Northeast,Middle Atlantic,951.644,123972,80832,96.33334,88
1996,36075,NY,Oswego County,Small/mid,Northeast,Middle Atlantic,951.644,123619,80795,100.5,85
1997,36075,NY,Oswego County,small/mid,Northeast,Middle Atlantic,951.644,123237,80932,104.6667,94
1998,36075,NY,Oswego County,small/mid,Northeast,Middle Atlantic,951.644,122153,80831,108.8333,123
1999,36075,NY,Oswego County,small/mid  ,Northeast,Middle Atlantic,951.644,122199,81227,113,157
2000,36075,NY,Oswego County,small/mid,Northeast,Middle Atlantic,951.644,122477,81652,118,177
2001,36075,NY,Oswego County,  SMALL/MID ,Northeast,Middle Atlantic,951.644,122269,81797,123,215
2002,36075,NY,Oswego County, small/mid,Northeast,Middle Atlantic,951.644,122496,82269,128,238
2003,36075,NY,Oswego County,small/mid,Northeast,Middle Atlantic,951.644,123120,83098,133,235
2004,36075,NY,Oswego County,small/mid,Northeast,Middle Atlantic,951.644,123340,83649,138,261
2005,36075,NY,Oswego County,small/mid,Northeast,Middle Atlantic,951.644,122640,83703,143,247
2006,36075,NY,Oswego County,small/mid,Northeast,Middle Atlantic,951.644,122354,83811,144.25,268
2007,36075,NY,Oswego County,small/mid,Northeast,Middle Atlantic,951.644,122213,84013,145.5,299
2008,36075,NY,Oswego County,small/mid  ,Northeast,Middle Atlantic,951.644,122366,84088,146.75,291
2009,36075,NY,Oswego County,small/mid,Northeast,Middle Atlantic,951.644,122055,83954,148,295
2010,36075,NY,Oswego County,small/mid,Northeast,Middle Atlantic,951.644,122104,84084,149.25,279
2011,36075,NY,Oswego County,small/mid,Northeast,Middle Atlantic,951.644,122143,84136,150.5,321
2012,36075,NY,Oswego County,small/mid,Northeast,Middle Atlantic,951.644,121975,84163,151.75,347
2013,36075,NY,Oswego County,small/mid,Northeast,Middle Atlantic,951.644,121473,83167,153,370
2014,36075,NY,Oswego County,small/mid,Northeast,Middle Atlantic,951.644,121222,82695,153,366
2015,36075,NY,Oswego County,small/mid,Northeast,Middle Atlantic,951.644,120657,81908,153,368
2016,36075,NY,Oswego County,small/mid,Northeast,Middle Atlantic,951.644,119899,81079,,
1970,36077,NY,Otsego County, rural,Northeast,Middle Atlantic,1001.727,56350,35330,18,
1971,36077,NY,Otsego County,rural,Northeast,Middle Atlantic,1001.727,57017,35910,17.375,
1972,36077,NY,Otsego County,rural,Northeast,Middle Atlantic,1001.727,58360,37047,16.75,
1973,36077,NY,Otsego County,rural,Northeast,Middle Atlantic,1001.727,58630,37445,16.125,
1974,36077,NY,Otsego County,rural,Northeast,Middle Atlantic,1001.727,58466,37643,15.5,
1975,36077,NY,Otsego County,rural,Northeast,Middle Atlantic,1001.727,59598,38730,14.875,
1976,36077,NY,Otsego County,rural,Northeast,Middle Atlantic,1001.727,59650,38843,515,
1976,36077,,,,,,,,,14.25,
1977,36077,NY,Otsego County,rural,Northeast,Middle Atlantic,1001.727,59563,39020,13.625,
1978,36077,NY,Otsego County,rural,Northeast,Middle Atlantic,1001.727,59801,39485,13,
1979,36077,NY,Otsego County,rural,Northeast,Middle Atlantic,1001.727,59710,39533,15,
1980,36077,NY,Otsego County,rural,Northeast,Middle Atlantic,1001.727,59125,39201,17,
1981,36077,NY,Otsego County,rural,Northeast,Middle Atlantic,1001.727,58981,39229,19,
1982,36077,NY,Otsego County,rural,Northeast,Middle Atlantic,1001.727,58872,39189,21,
1983,36077,NY,Otsego County,rural,Northeast,Middle Atlantic,1001.727,59085,39344,23,
1984,36077,NY,Otsego County,rural,Northeast,Middle Atlantic,1001.727,58918,39260,24.2,
1985,36077,NY,Otsego County, rural,Northeast,Middle Atlantic,1001.727,58624,39062,25.4,
1986,36077,NY,Otsego County,rural,Northeast,Middle Atlantic,1001.727,58715,39106,26.6,
1987,36077,NY,Otsego County,rural,Northeast,Middle Atlantic,1001.727,59180,39250,27.8,31
1988,36077,NY,Otsego County,rural,Northeast,Middle Atlantic,1001.727,59871,39562,29,40
1989,36077,NY,Otsego County,rural,Northeast,Middle Atlantic,1001.727,60380,39673,42,47
1990,36077,NY,Otsego County,rural,Northeast,Middle Atlantic,1001.727,60518,39657,33,47
1991,36077,NY,Otsego County,rural,Northeast,Middle Atlantic,1001.727,60729,39625,42,47
1992,36077,NY,Otsego County,rural,Northeast,Middle Atlantic,1001.727,61195,39892,44,47
1993,36077,NY,Otsego County,rural,Northeast,Middle Atlantic,1001.727,61537,40118,42,51
1993,36077,NY,Otsego County,rural,Northeast,Middle Atlantic,1001.727,61537,40118,42,51
1994,36077,NY,Otsego County,rural,Northeast,Middle Atlantic,1001.727,61916,40399,585,50
1994,36077,,,,,,,,,45.83333,
1995,36077,NY,Otsego County,rural,Northeast,Middle Atlantic,1001.727,61671,40228,49.66667,44
1996,36077,NY,Otsego County,rural  ,Northeast,Middle Atlantic,1001.727,61584,40280,53.5,52
1997,36077,NY,Otsego County,rural,Northeast,Middle Atlantic,1001.727,61371,40379,57.33333,61
1997,36077,NY,Otsego County,rural,Northeast,Middle Atlantic,1001.727,61371,40379,57.33333,61
1998,36077,NY,Otsego County,rural,Northeast,Middle Atlantic,1001.727,61379,40687,61.16667,58
1999,36077,NY,Otsego County,rural,Northeast,Middle Atlantic,1001.727,61629,41116,65,65
2000,36077,NY,Otsego County,rural,Northeast,Middle Atlantic,1001.727,61860,41423,61,61
2001,36077,NY,Otsego County,rural,Northeast,Middle Atlantic,1001.727,61924,41791,65,62
2002,36077,NY,Otsego County,rural,Northeast,Middle Atlantic,1001.727,62093,42132,59,67
2003,36077,NY,Otsego County,rural,Northeast,Middle Atlantic,1001.727,62567,42810,66,87
2004,36077,NY,Otsego County,rural,Northeast,Middle Atlantic,1001.727,62934,43172,69,102
2005,36077,NY,Otsego County, rural,Northeast,Middle Atlantic,1001.727,63069,43439,67,111
2006,36077,NY,Otsego County,rural,Northeast,Middle Atlantic,1001.727,63032,43519,67.375,117
2006,36077,NY,Otsego County,rural,Northeast,Middle Atlantic,1001.727,63032,43519,67.375,117
2007,36077,NY,Otsego County,rural,Northeast,Middle Atlantic,1001.727,62914,43473,67.75,112
2008,36077,NY,Otsego County,rural,Northeast,Middle Atlantic,1001.727,62561,43128,68.125,124
2008,36077,NY,Otsego County,rural,Northeast,Middle Atlantic,1001.727,62561,43128,68.125,124
2009,36077,NY,Otsego County,rural,Northeast,Middle Atlantic,1001.727,62280,42883,68.5,124
2010,36077,NY,Otsego County,rural,Northeast,Middle Atlantic,1001.727,62272,42842,68.875,121
2011,36077,NY,Otsego County,Rural,Northeast,Middle Atlantic,1001.727,62256,42834,69.25,126
2012,36077,NY,Otsego County,rural,Northeast,Middle Atlantic,1001.727,61972,42689,69.625,137
2012,36077,NY,Otsego County,rural,Northeast,Middle Atlantic,1001.727,61972,42689,69.625,137
2013,36077,NY,Otsego County,rural,Northeast,Middle Atlantic,1001.727,61761,42329,70,132
2014,36077,NY,Otsego County,rural,Northeast,Middle Atlantic,1001.727,61641,42083,70,105
2015,36077,NY,Otsego County,rural,Northeast,Middle Atlantic,1001.727,60994,41308,70,119
2016,36077,NY,Otsego County,rural,Northeast,Middle Atlantic,1001.727,60676,40900,,
1970,36079,NY,Putnam County,Suburban,Northeast,Middle Atlantic,230.312,57074,32813,7,
1971,36079,NY,Putnam County,suburban,Northeast,Middle Atlantic,230.312,58619,34025,6.375,
1972,36079,NY,Putnam County,suburban,Northeast,Middle Atlantic,230.312,61784,36424,5.75,
1973,36079,NY,Putnam County,suburban,Northeast,Middle Atlantic,230.312,65391,39153,5.125,
1974,36079,NY,Putnam County,SUBURBAN,Northeast,Middle Atlantic,230.312,68041,41222,4.5,
1975,36079,NY,Putnam County,suburban  ,Northeast,Middle Atlantic,230.312,70770,43314,3.875,
1976,36079,NY,Putnam County,suburban,Northeast,Middle Atlantic,230.312,71807,44564,3.25,
1977,36079,NY,Putnam County,suburban,Northeast,Middle Atlantic,230.312,73615,46333,2.625,
1977,36079,NY,Putnam County,suburban,Northeast,Middle Atlantic,230.312,73615,46333,2.625,
1978,36079,NY,Putnam County,suburban,Northeast,Middle Atlantic,230.312,74019,47161,2,
1979,36079,NY,Putnam County,suburban,Northeast,Middle Atlantic,230.312,76662,49581,6,
1980,36079,NY,Putnam County,suburban,Northeast,Middle Atlantic,230.312,77458,50610,10,
1981,36079,NY,Putnam County,suburban,Northeast,Middle Atlantic,230.312,78109,51605,14,
1982,36079,NY,Putnam County,suburban,Northeast,Middle Atlantic,230.312,78445,52309,18,
1983,36079,NY,Putnam County,Suburban,Northeast,Middle Atlantic,230.312,79008,53091,22,
1983,36079,NY,Putnam County,Suburban,Northeast,Middle Atlantic,230.312,79008,53091,22,
1984,36079,NY,Putnam County,  SUBURBAN ,Northeast,Middle Atlantic,230.312,79437,53803,28,
1985,36079,NY,Putnam County,suburban,Northeast,Middle Atlantic,230.312,79985,54560,34,
1986,36079,NY,Putnam County,suburban,Northeast,Middle Atlantic,230.312,80400,55238,40,
1987,36079,NY,Putnam County,suburban,Northeast,Middle Atlantic,230.312,81243,56001,46,63
1988,36079,NY,Putnam County,suburban,Northeast,Middle Atlantic,230.312,82811,57268,52,48
1989,36079,NY,Putnam County,suburban,Northeast,Middle Atlantic,230.312,83315,57714,51.8,45
1990,36079,NY,Putnam County,suburban,Northeast,Middle Atlantic,230.312,84222,58442,51.6,58
1991,36079,NY,Putnam County,suburban,Northeast,Middle Atlantic,230.312,85488,58828,51.4,71
1992,36079,NY,Putnam County,suburban,Northeast,Middle Atlantic,230.312,86828,59420,51.2,84
1993,36079,NY,Putnam County,suburban,Northeast,Middle Atlantic,230.312,87948,59993,51,74
1994,36079,NY,Putnam County,suburban,Northeast,Middle Atlantic,230.312,88964,60369,60,65
1995,36079,NY,Putnam County,suburban,Northeast,Middle Atlantic,230.312,89969,60846,69,58
1996,36079,NY,Putnam County,suburban,Northeast,Middle Atlantic,230.312,90768,61352,78,55
1997,36079,NY,Putnam County,suburban,Northeast,Middle Atlantic,230.312,92139,62328,87,59
1998,36079,NY,Putnam County,suburban,Northeast,Middle Atlantic,230.312,93301,63361,96,59
1999,36079,NY,Putnam County,suburban,Northeast,Middle Atlantic,230.312,94647,64406,105,61
2000,36079,NY,Putnam County,suburban,Northeast,Middle Atlantic,230.312,96049,65473,84,64
2001,36079,NY,Putnam County,suburban,Northeast,Middle Atlantic,230.312,97055,66052,70,62
2002,36079,NY,Putnam County,suburban,Northeast,Middle Atlantic,230.312,98263,66960,110,53
2003,36079,NY,Putnam County,suburban,Northeast,Middle Atlantic,230.312,98964,67484,104,54
2004,36079,NY,Putnam County,suburban,Northeast,Middle Atlantic,230.312,99468,68027,105,60
2004,36079,NY,Putnam County,suburban,Northeast,Middle Atlantic,230.312,99468,68027,105,60
2005,36079,NY,Putnam County,suburban,Northeast,Middle Atlantic,230.312,99575,68174,97,68
2006,36079,NY,Putnam County,suburban,Northeast,Middle Atlantic,230.312,99357,68262,99.375,83
2007,36079,NY,Putnam County,SUBURBAN,Northeast,Middle Atlantic,230.312,99454,68332,101.75,86
2008,36079,NY,Putnam County,suburban,Northeast,Middle Atlantic,230.312,99537,68264,104.125,81
2009,36079,NY,Putnam County,suburban,Northeast,Middle Atlantic,230.312,99666,68389,106.5,86
2010,36079,NY,Putnam County,suburban,Northeast,Middle Atlantic,230.312,99648,68295,108.875,97
2011,36079,NY,Putnam County,suburban  ,Northeast,Middle Atlantic,230.312,99670,68337,111.25,101
2012,36079,NY,Putnam County,suburban,Northeast,Middle Atlantic,230.312,99859,68571,113.625,87
2013,36079,NY,Putnam County, suburban,Northeast,Middle Atlantic,230.312,99723,68171,116,91
2014,36079,NY,Putnam County,suburban,Northeast,Middle Atlantic,230.312,99751,68066,116,91
2015,36079,NY,Putnam County,suburban,Northeast,Middle Atlantic,230.312,99667,67886,116,91
2016,36079,NY,Putnam County,suburban,Northeast,Middle Atlantic,230.312,99473,67692,,
1970,36083,NY,Rensselaer County,small/mid,Northeast,Middle Atlantic,652.442,152890,92931,72,
1971,36083,NY,Rensselaer County,small/mid,Northeast,Middle Atlantic,652.442,154432,94483,68.625,
1972,36083,NY,Rensselaer County,small/mid,Northeast,Middle Atlantic,652.442,156285,96500,65.25,
1972,36083,NY,Rensselaer County,small/mid,Northeast,Middle Atlantic,652.442,156285,96500,65.25,
1973,36083,NY,Rensselaer County,small/mid,Northeast,Middle Atlantic,652.442,156005,97122,61.875,
1974,36083,NY,Rensselaer County,small/mid,Northeast,Middle Atlantic,652.442,154069,96521,58.5,
1975,36083,NY,Rensselaer County,small/mid,Northeast,Middle Atlantic,652.442,154031,97160,55.125,
1976,36083,NY,Rensselaer County,Small/mid,Northeast,Middle Atlantic,652.442,152768,97368,51.75,
1977,36083,NY,Rensselaer County,small/mid,Northeast,Middle Atlantic,652.442,153237,98777,48.375,
1978,36083,NY,Rensselaer County,small/mid,Northeast,Middle Atlantic,652.442,153110,99512,45,
1979,36083,NY,Rensselaer County,small/mid,Northeast,Middle Atlantic,652.442,152792,99963,49.4,
1980,36083,NY,Rensselaer County,small/mid,Northeast,Middle Atlantic,652.442,152086,99837,53.8,
1981,36083,NY,Rensselaer County,small/mid,Northeast,Middle Atlantic,652.442,151837,100298,58.2,
1982,36083,NY,Rensselaer County,  SMALL/MID ,Northeast,Middle Atlantic,652.442,151805,100676,62.6,
1983,36083,NY,Rensselaer County,small/mid,Northeast,Middle Atlantic,652.442,151976,101103,67,
1984,36083,NY,Rensselaer County,small/mid,Northeast,Middle Atlantic,652.442,152131,101562,78.5,
1985,36083,NY,Rensselaer County,small/mid,Northeast,Middle Atlantic,652.442,152640,102182,90,
1986,36083,NY,Rensselaer County,small/mid,Northeast,Middle Atlantic,652.442,152610,102420,70,
1987,36083,NY,Rensselaer County,small/mid,Northeast,Middle Atlantic,652.442,152704,102376,112,116
1988,36083,NY,Rensselaer County,small/mid,Northeast,Middle Atlantic,652.442,153008,102486,102,123
1989,36083,NY,Rensselaer County,small/mid,Northeast,Middle Atlantic,652.442,153477,102528,126,136
1990,36083,NY,Rensselaer County,small/mid,Northeast,Middle Atlantic,652.442,154680,103207,107,166.333333333
1991,36083,NY,Rensselaer County,small/mid,Northeast,Middle Atlantic,652.442,155039,102557,126,196.666666667
1992,36083,NY,Rensselaer County,small/mid,Northeast,Middle Atlantic,652.442,156266,103223,115,227
1993,36083,NY,Rensselaer County,small/mid,Northeast,Middle Atlantic,652.442,156232,102720,140,221
1994,36083,NY,Rensselaer County,small/mid,Northeast,Middle Atlantic,652.442,155520,101964,205,293
1994,36083,NY,Rensselaer County,small/mid,Northeast,Middle Atlantic,652.442,155520,101964,205,293
1995,36083,NY,Rensselaer County,small/mid,Northeast,Middle Atlantic,652.442,154969,101450,216,312
1996,36083,NY,Rensselaer County,small/mid,Northeast,Middle Atlantic,652.442,154928,101477,247,378
1997,36083,NY,Rensselaer County,small/mid,Northeast,Middle Atlantic,652.442,153653,100924,259,428
1998,36083,NY,Rensselaer County,small/mid,Northeast,Middle Atlantic,652.442,153085,101137,276,467
1999,36083,NY,Rensselaer County,small/mid,Northeast,Middle Atlantic,652.442,152392,100933,277,521
2000,36083,NY,Rensselaer County,small/mid,Northeast,Middle Atlantic,652.442,152684,101329,288,586
2001,36083,NY,Rensselaer County,small/mid,Northeast,Middle Atlantic,652.442,152700,102051,261,559
2002,36083,NY,Rensselaer County,SMALL/MID,Northeast,Middle Atlantic,652.442,153040,102961,263,560
2002,36083,NY,Rensselaer County,SMALL/MID,Northeast,Middle Atlantic,652.442,153040,102961,263,560
2003,36083,NY,Rensselaer County,Small/mid,Northeast,Middle Atlantic,652.442,154201,104397,291,528
2004,36083,NY,Rensselaer County,small/mid,Northeast,Middle Atlantic,652.442,155523,105644,324,602
2005,36083,NY,Rensselaer County,small/mid,Northeast,Middle Atlantic,652.442,156104,106695,303,597
2006,36083,NY,Rensselaer County,small/mid,Northeast,Middle Atlantic,652.442,157312,107994,300.25,559
2007,36083,NY,Rensselaer County,small/mid,Northeast,Middle Atlantic,652.442,158243,108853,297.5,514
2008,36083,NY,Rensselaer County,small/mid,Northeast,Middle Atlantic,652.442,159011,109516,294.75,455
2009,36083,NY,Rensselaer County,small/mid,Northeast,Middle Atlantic,652.442,159150,109795,292,414
2010,36083,NY,Rensselaer County,small/mid,Northeast,Middle Atlantic,652.442,159443,110240,289.25,381
2011,36083,NY,Rensselaer County,small/mid,Northeast,Middle Atlantic,652.442,159365,110271,286.5,375
2012,36083,NY,Rensselaer County,small/mid  ,Northeast,Middle Atlantic,652.442,159645,110704,283.75,379
2013,36083,NY,Rensselaer County,small/mid,Northeast,Middle Atlantic,652.442,159564,109968,281,410
2014,36083,NY,Rensselaer County,small/mid,Northeast,Middle Atlantic,652.442,159752,109446,281,422
2015,36083,NY,Rensselaer County,small/mid,Northeast,Middle Atlantic,652.442,159938,108955,281,433
2016,36083,NY,Rensselaer County,small/mid,Northeast,Middle Atlantic,652.442,159850,108462,,
1970,36087,NY,Rockland County,suburban,Northeast,Middle Atlantic,173.437,231105,137672,71,
1970,36087,NY,Rockland County,suburban,Northeast,Middle Atlantic,173.437,231105,137672,71,
1971,36087,NY,Rockland County,suburban,Northeast,Middle Atlantic,173.437,235945,142176,73.125,
1972,36087,NY,Rockland County,suburban,Northeast,Middle Atlantic,173.437,235819,143975,75.25,
1973,36087,NY,Rockland County,suburban,Northeast,Middle Atlantic,173.437,240854,149291,77.375,
1974,36087,NY,Rockland County,suburban,Northeast,Middle Atlantic,173.437,242094,151936,79.5,
1975,36087,NY,Rockland County,suburban,Northeast,Middle Atlantic,173.437,247957,157614,81.625,
1976,36087,NY,Rockland County,suburban,Northeast,Middle Atlantic,173.437,249013,160437,83.75,
1977,36087,NY,Rockland County,suburban,Northeast,Middle Atlantic,173.437,252124,164426,85.875,
1978,36087,NY,Rockland County,suburban,Northeast,Middle Atlantic,173.437,254853,168283,88,
1979,36087,NY,Rockland County,suburban,Northeast,Middle Atlantic,173.437,257088,171626,87.6,
1980,36087,NY,Rockland County,Suburban,Northeast,Middle Atlantic,173.437,259596,174753,87.2,
1981,36087,NY,Rockland County,suburban,Northeast,Middle Atlantic,173.437,259067,175332,613,
1981,36087,,,,,,,,,86.8,
1982,36087,NY,Rockland County,suburban,Northeast,Middle Atlantic,173.437,260233,176820,86.4,
1983,36087,NY,Rockland County,suburban,Northeast,Middle Atlantic,173.437,261578,178246,86,
1984,36087,NY,Rockland County, suburban,Northeast,Middle Atlantic,173.437,262934,179759,91.6,
1985,36087,NY,Rockland County,Suburban,Northeast,Middle Atlantic,173.437,264374,181226,97.2,
1985,36087,NY,Rockland County,Suburban,Northeast,Middle Atlantic,173.437,264374,181226,97.2,
1986,36087,NY,Rockland County,suburban,Northeast,Middle Atlantic,173.437,265494,182501,102.8,
1987,36087,NY,Rockland County,  SUBURBAN ,Northeast,Middle Atlantic,173.437,264627,181790,108.4,250
1988,36087,NY,Rockland County,suburban,Northeast,Middle Atlantic,173.437,264575,181623,114,266
1989,36087,NY,Rockland County,  SUBURBAN ,Northeast,Middle Atlantic,173.437,264825,181331,146,283
1990,36087,NY,Rockland County,suburban,Northeast,Middle Atlantic,173.437,265981,181721,746,335
1990,36087,,,,,,,,,193,
1991,36087,NY,Rockland County,suburban,Northeast,Middle Atlantic,173.437,267800,180843,191,387
1992,36087,NY,Rockland County,suburban,Northeast,Middle Atlantic,173.437,269753,180442,161,439
1993,36087,NY,Rockland County,Suburban,Northeast,Middle Atlantic,173.437,272523,180724,156,387
1994,36087,NY,Rockland County,suburban,Northeast,Middle Atlantic,173.437,274855,180767,167.5,358
1995,36087,NY,Rockland County,suburban,Northeast,Middle Atlantic,173.437,276649,180653,179,399
1996,36087,NY,Rockland County,suburban,Northeast,Middle Atlantic,173.437,277714,180565,190.5,461
1997,36087,NY,Rockland County,suburban,Northeast,Middle Atlantic,173.437,279082,181041,202,469
1998,36087,NY,Rockland County,Suburban,Northeast,Middle Atlantic,173.437,282044,183003,213.5,490
1999,36087,NY,Rockland County,suburban,Northeast,Middle Atlantic,173.437,285265,184847,225,560
2000,36087,NY,Rockland County,suburban,Northeast,Middle Atlantic,173.437,287720,186252,230.3333,541
2001,36087,NY,Rockland County,suburban,Northeast,Middle Atlantic,173.437,290613,187696,235.6667,537
2002,36087,NY,Rockland County,suburban,Northeast,Middle Atlantic,173.437,293728,189424,241,483
2003,36087,NY,Rockland County,suburban,Northeast,Middle Atlantic,173.437,296224,190861,246.3333,538
2004,36087,NY,Rockland County,suburban,Northeast,Middle Atlantic,173.437,297562,191538,251.6667,543
2005,36087,NY,Rockland County,suburban,Northeast,Middle Atlantic,173.437,298737,192152,257,559
2006,36087,NY,Rockland County,suburban,Northeast,Middle Atlantic,173.437,299390,192279,255,615
2007,36087,NY,Rockland County,suburban,Northeast,Middle Atlantic,173.437,301668,193204,253,595
2008,36087,NY,Rockland County,suburban,Northeast,Middle Atlantic,173.437,305413,194394,251,544
2009,36087,NY,Rockland County,suburban,Northeast,Middle Atlantic,173.437,308652,195722,249,487
2010,36087,NY,Rockland County,suburban,Northeast,Middle Atlantic,173.437,311690,197298,247,430
2011,36087,NY,Rockland County,suburban,Northeast,Middle Atlantic,173.437,312552,197824,245,424
2012,36087,NY,Rockland County, suburban,Northeast,Middle Atlantic,173.437,315904,199616,243,410
2013,36087,NY,Rockland County,suburban,Northeast,Middle Atlantic,173.437,318065,199648,241,425
2014,36087,NY,Rockland County,suburban,Northeast,Middle Atlantic,173.437,320664,200508,241,404
2015,36087,NY,Rockland County,suburban,Northeast,Middle Atlantic,173.437,323072,200989,241,375
2016,36087,NY,Rockland County,suburban,Northeast,Middle Atlantic,173.437,325655,201624,,
1970,36089,NY,St. Lawrence County,rural,Northeast,Middle Atlantic,2679.263,112615,68425,34,
1971,36089,NY,St. Lawrence County,rural,Northeast,Middle Atlantic,2679.263,113824,69787,32.75,
1972,36089,NY,St. Lawrence County,rural,Northeast,Middle Atlantic,2679.263,116649,72400,31.5,
1973,36089,NY,St. Lawrence County,rural,Northeast,Middle Atlantic,2679.263,115621,72500,30.25,
1974,36089,NY,St. Lawrence County,rural,Northeast,Middle Atlantic,2679.263,115158,72852,29,
1975,36089,NY,St. Lawrence County,rural,Northeast,Middle Atlantic,2679.263,116753,74563,27.75,
1976,36089,NY,St. Lawrence County,rural,Northeast,Middle Atlantic,2679.263,117346,75815,26.5,
1976,36089,NY,St. Lawrence County,rural,Northeast,Middle Atlantic,2679.263,117346,75815,26.5,
1977,36089,NY,St. Lawrence County,rural,Northeast,Middle Atlantic,2679.263,117074,76187,25.25,
1978,36089,NY,St. Lawrence County,rural,Northeast,Middle Atlantic,2679.263,116161,76064,24,
1979,36089,NY,St. Lawrence County,rural,Northeast,Middle Atlantic,2679.263,115471,76063,31.6,
1980,36089,NY,St. Lawrence County,rural,Northeast,Middle Atlantic,2679.263,114321,75705,39.2,
1981,36089,NY,St. Lawrence County,rural,Northeast,Middle Atlantic,2679.263,113532,75623,46.8,
1982,36089,NY,St. Lawrence County,rural,Northeast,Middle Atlantic,2679.263,112662,75317,54.4,
1983,36089,NY,St. Lawrence County,Rural,Northeast,Middle Atlantic,2679.263,112694,75536,62,
1984,36089,NY,St. Lawrence County,rural,Northeast,Middle Atlantic,2679.263,113009,75974,63,
1985,36089,NY,St. Lawrence County,rural,Northeast,Middle Atlantic,2679.263,113037,76170,64,
1986,36089,NY,St. Lawrence County,rural,Northeast,Middle Atlantic,2679.263,111782,75494,65,
1987,36089,NY,St. Lawrence County,rural,Northeast,Middle Atlantic,2679.263,110519,74494,66,51
1988,36089,NY,St. Lawrence County,rural,Northeast,Middle Atlantic,2679.263,110812,74565,67,55
1989,36089,NY,St. Lawrence County,rural,Northeast,Middle Atlantic,2679.263,111477,74739,66.6,51
1990,36089,NY,St. Lawrence County,rural,Northeast,Middle Atlantic,2679.263,112158,75089,66.2,58.6666666667
1991,36089,NY,St. Lawrence County,rural,Northeast,Middle Atlantic,2679.263,113052,75505,65.8,66.3333333333
1992,36089,NY,St. Lawrence County,rural,Northeast,Middle Atlantic,2679.263,114054,76094,65.4,74
1993,36089,NY,St. Lawrence County,rural,Northeast,Middle Atlantic,2679.263,114867,76753,65,82
1994,36089,NY,St. Lawrence County,rural,Northeast,Middle Atlantic,2679.263,114495,76397,68.83334,102
1995,36089,NY,St. Lawrence County,rural,Northeast,Middle Atlantic,2679.263,114317,76378,72.66666,103
1996,36089,NY,St. Lawrence County,rural,Northeast,Middle Atlantic,2679.263,113888,76197,76.5,111
1997,36089,NY,St. Lawrence County,rural,Northeast,Middle Atlantic,2679.263,112867,75790,80.33334,98
1998,36089,NY,St. Lawrence County,rural,Northeast,Middle Atlantic,2679.263,112261,75896,84.16666,120
1998,36089,NY,St. Lawrence County,rural,Northeast,Middle Atlantic,2679.263,112261,75896,84.16666,120
1999,36089,NY,St. Lawrence County,rural,Northeast,Middle Atlantic,2679.263,112202,76166,88,131
2000,36089,NY,St. Lawrence County,rural,Northeast,Middle Atlantic,2679.263,111864,76081,86.5,160
2001,36089,NY,St. Lawrence County,rural,Northeast,Middle Atlantic,2679.263,111497,75929,85,165
2002,36089,NY,St. Lawrence County,rural,Northeast,Middle Atlantic,2679.263,111292,75851,83.5,146
2003,36089,NY,St. Lawrence County,rural,Northeast,Middle Atlantic,2679.263,111329,76023,82,157
2004,36089,NY,St. Lawrence County,rural,Northeast,Middle Atlantic,2679.263,111468,76202,80.5,179
2005,36089,NY,St. Lawrence County,rural,Northeast,Middle Atlantic,2679.263,111606,76587,79,164
2006,36089,NY,St. Lawrence County,rural,Northeast,Middle Atlantic,2679.263,111556,76749,89.375,162
2007,36089,NY,St. Lawrence County,rural,Northeast,Middle Atlantic,2679.263,111586,76903,99.75,192
2008,36089,NY,St. Lawrence County,rural,Northeast,Middle Atlantic,2679.263,111684,76867,110.125,186
2009,36089,NY,St. Lawrence County, rural,Northeast,Middle Atlantic,2679.263,112169,77051,120.5,186
2010,36089,NY,St. Lawrence County,rural,Northeast,Middle Atlantic,2679.263,111941,76762,130.875,193
2011,36089,NY,St. Lawrence County,rural,Northeast,Middle Atlantic,2679.263,111825,76666,141.25,218
2012,36089,NY,St. Lawrence County,rural,Northeast,Middle Atlantic,2679.263,112316,77082,151.625,245
2012,36089,NY,St. Lawrence County,rural,Northeast,Middle Atlantic,2679.263,112316,77082,151.625,245
2013,36089,NY,St. Lawrence County,rural,Northeast,Middle Atlantic,2679.263,112444,76742,162,257
2014,36089,NY,St. Lawrence County,rural,Northeast,Middle Atlantic,2679.263,112067,75953,162,288
2015,36089,NY,St. Lawrence County,rural,Northeast,Middle Atlantic,2679.263,111601,75337,162,306
2016,36089,NY,St. Lawrence County,Rural,Northeast,Middle Atlantic,2679.263,110803,74453,,
1970,36091,NY,Saratoga County,small/mid,Northeast,Middle Atlantic,809.996,123251,73659,31,
1970,36091,NY,Saratoga County,small/mid,Northeast,Middle Atlantic,809.996,123251,73659,31,
1971,36091,NY,Saratoga County,small/mid,Northeast,Middle Atlantic,809.996,129237,78072,34.125,
1972,36091,NY,Saratoga County,small/mid,Northeast,Middle Atlantic,809.996,135114,82711,37.25,
1973,36091,NY,Saratoga County,small/mid,Northeast,Middle Atlantic,809.996,140159,86854,40.375,
1974,36091,NY,Saratoga County,small/mid,Northeast,Middle Atlantic,809.996,143132,89538,43.5,
1975,36091,NY,Saratoga County,small/mid,Northeast,Middle Atlantic,809.996,147019,92758,46.625,
1976,36091,NY,Saratoga County,small/mid,Northeast,Middle Atlantic,809.996,149661,95589,49.75,
1977,36091,NY,Saratoga County,small/mid,Northeast,Middle Atlantic,809.996,151690,98007,52.875,
1977,36091,NY,Saratoga County,small/mid,Northeast,Middle Atlantic,809.996,151690,98007,52.875,
1978,36091,NY,Saratoga County,small/mid,Northeast,Middle Atlantic,809.996,153900,100317,56,
1979,36091,NY,Saratoga County,small/mid,Northeast,Middle Atlantic,809.996,155314,102063,61,
1980,36091,NY,Saratoga County,small/mid,Northeast,Middle Atlantic,809.996,154154,101912,66,
1981,36091,NY,Saratoga County,small/mid,Northeast,Middle Atlantic,809.996,154868,103237,71,
1982,36091,NY,Saratoga County,Small/mid,Northeast,Middle Atlantic,809.996,155575,104339,76,
1983,36091,NY,Saratoga County,small/mid,Northeast,Middle Atlantic,809.996,157432,106076,81,
1983,36091,NY,Saratoga County,small/mid,Northeast,Middle Atlantic,809.996,157432,106076,81,
1984,36091,NY,Saratoga County,  SMALL/MID ,Northeast,Middle Atlantic,809.996,159224,107814,87.8,
1985,36091,NY,Saratoga County,small/mid,Northeast,Middle Atlantic,809.996,161665,109916,94.6,
1986,36091,NY,Saratoga County,small/mid,Northeast,Middle Atlantic,809.996,165249,112810,101.4,
1987,36091,NY,Saratoga County,small/mid,Northeast,Middle Atlantic,809.996,168553,115102,108.2,82
1987,36091,NY,Saratoga County,small/mid,Northeast,Middle Atlantic,809.996,168553,115102,108.2,82
1988,36091,NY,Saratoga County,small/mid,Northeast,Middle Atlantic,809.996,173395,118431,115,94
1989,36091,NY,Saratoga County,small/mid,Northeast,Middle Atlantic,809.996,177671,121170,131,97
1989,36091,NY,Saratoga County,small/mid,Northeast,Middle Atlantic,809.996,177671,121170,131,97
1990,36091,NY,Saratoga County,small/mid,Northeast,Middle Atlantic,809.996,182259,124216,150,103
1990,36091,NY,Saratoga County,small/mid,Northeast,Middle Atlantic,809.996,182259,124216,150,103
1991,36091,NY,Saratoga County,small/mid,Northeast,Middle Atlantic,809.996,184633,125035,157,109
1992,36091,NY,Saratoga County,small/mid,Northeast,Middle Atlantic,809.996,187445,126481,157,115
1992,36091,NY,Saratoga County,small/mid,Northeast,Middle Atlantic,809.996,187445,126481,157,115
1993,36091,NY,Saratoga County,small/mid,Northeast,Middle Atlantic,809.996,189404,127355,124,109
1994,36091,NY,Saratoga County, small/mid,Northeast,Middle Atlantic,809.996,191966,128782,135,118
1995,36091,NY,Saratoga County,small/mid,Northeast,Middle Atlantic,809.996,193253,129392,135,145
1996,36091,NY,Saratoga County,  SMALL/MID ,Northeast,Middle Atlantic,809.996,193937,129767,130,142
1997,36091,NY,Saratoga County,small/mid,Northeast,Middle Atlantic,809.996,194757,130672,163,137
1998,36091,NY,Saratoga County,small/mid,Northeast,Middle Atlantic,809.996,196513,132374,188,172
1999,36091,NY,Saratoga County,small/mid,Northeast,Middle Atlantic,809.996,198641,134153,151,193
2000,36091,NY,Saratoga County,  SMALL/MID ,Northeast,Middle Atlantic,809.996,201514,136316,159,189
2000,36091,NY,Saratoga County,  SMALL/MID ,Northeast,Middle Atlantic,809.996,201514,136316,159,189
2001,36091,NY,Saratoga County,small/mid,Northeast,Middle Atlantic,809.996,203974,138073,150,202
2002,36091,NY,Saratoga County,small/mid,Northeast,Middle Atlantic,809.996,206446,139937,171,220
2003,36091,NY,Saratoga County,SMALL/MID,Northeast,Middle Atlantic,809.996,209410,142039,180,229
2004,36091,NY,Saratoga County,small/mid,Northeast,Middle Atlantic,809.996,211478,143482,164,247
2005,36091,NY,Saratoga County,small/mid,Northeast,Middle Atlantic,809.996,212975,145033,165,221
2006,36091,NY,Saratoga County,small/mid,Northeast,Middle Atlantic,809.996,214627,146214,167.75,215
2007,36091,NY,Saratoga County,small/mid,Northeast,Middle Atlantic,809.996,215798,146803,170.5,212
2008,36091,NY,Saratoga County,small/mid,Northeast,Middle Atlantic,809.996,217282,147472,173.25,238
2009,36091,NY,Saratoga County,small/mid,Northeast,Middle Atlantic,809.996,218652,148350,176,228
2010,36091,NY,Saratoga County,small/mid,Northeast,Middle Atlantic,809.996,219591,148854,178.75,236
2011,36091,NY,Saratoga County,small/mid,Northeast,Middle Atlantic,809.996,220109,149120,181.5,268
2012,36091,NY,Saratoga County,small/mid,Northeast,Middle Atlantic,809.996,221151,149750,184.25,249
2013,36091,NY,Saratoga County,small/mid,Northeast,Middle Atlantic,809.996,222586,149783,187,281
2014,36091,NY,Saratoga County,small/mid,Northeast,Middle Atlantic,809.996,224308,150652,187,288
2015,36091,NY,Saratoga County,small/mid,Northeast,Middle Atlantic,809.996,224872,150109,187,303
2016,36091,NY,Saratoga County,small/mid,Northeast,Middle Atlantic,809.996,226551,150778,,
1970,36093,NY,Schenectady County,small/mid,Northeast,Middle Atlantic,204.579,161374,99501,39,
1971,36093,NY,Schenectady County,small/mid,Northeast,Middle Atlantic,204.579,162593,101037,40.125,
1972,36093,NY,Schenectady County,  SMALL/MID ,Northeast,Middle Atlantic,204.579,162477,101930,620,
1972,36093,,,,,,,,,41.25,
1973,36093,NY,Schenectady County,small/mid,Northeast,Middle Atlantic,204.579,159627,100903,42.375,
1974,36093,NY,Schenectady County,small/mid  ,Northeast,Middle Atlantic,204.579,157423,100220,43.5,
1974,36093,NY,Schenectady County,small/mid  ,Northeast,Middle Atlantic,204.579,157423,100220,43.5,
1975,36093,NY,Schenectady County,small/mid,Northeast,Middle Atlantic,204.579,156151,100141,44.625,
1975,36093,NY,Schenectady County,small/mid,Northeast,Middle Atlantic,204.579,156151,100141,44.625,
1976,36093,NY,Schenectady County,small/mid,Northeast,Middle Atlantic,204.579,154713,99820,45.75,
1977,36093,NY,Schenectady County,small/mid,Northeast,Middle Atlantic,204.579,154136,99958,46.875,
1978,36093,NY,Schenectady County,small/mid,Northeast,Middle Atlantic,204.579,153186,99816,48,
1979,36093,NY,Schenectady County,small/mid,Northeast,Middle Atlantic,204.579,151413,98928,54.4,
1980,36093,NY,Schenectady County,  SMALL/MID ,Northeast,Middle Atlantic,204.579,149985,98057,60.8,
1981,36093,NY,Schenectady County,small/mid,Northeast,Middle Atlantic,204.579,149475,97932,67.2,
1982,36093,NY,Schenectady County,Small/mid,Northeast,Middle Atlantic,204.579,149418,97901,73.6,
1983,36093,NY,Schenectady County,small/mid,Northeast,Middle Atlantic,204.579,150026,98238,80,
1984,36093,NY,Schenectady County,small/mid,Northeast,Middle Atlantic,204.579,149795,98085,88.5,
1985,36093,NY,Schenectady County,  SMALL/MID ,Northeast,Middle Atlantic,204.579,149610,97861,97,
1986,36093,NY,Schenectady County,small/mid,Northeast,Middle Atlantic,204.579,149723,97821,90,
1987,36093,NY,Schenectady County,small/mid,Northeast,Middle Atlantic,204.579,148649,96656,110,119
1987,36093,NY,Schenectady County,small/mid,Northeast,Middle Atlantic,204.579,148649,96656,110,119
1988,36093,NY,Schenectady County,small/mid,Northeast,Middle Atlantic,204.579,149168,96600,134,122
1989,36093,NY,Schenectady County,small/mid,Northeast,Middle Atlantic,204.579,149166,96011,220,145
1990,36093,NY,Schenectady County,small/mid,Northeast,Middle Atlantic,204.579,149519,95856,207,193.333333333
1991,36093,NY,Schenectady County,small/mid,Northeast,Middle Atlantic,204.579,150616,95917,207,241.666666667
1992,36093,NY,Schenectady County,small/mid,Northeast,Middle Atlantic,204.579,151002,95560,235,290
1993,36093,NY,Schenectady County, small/mid,Northeast,Middle Atlantic,204.579,150979,95155,227,337
1994,36093,NY,Schenectady County,small/mid,Northeast,Middle Atlantic,204.579,150713,94652,248,483
1995,36093,NY,Schenectady County,small/mid  ,Northeast,Middle Atlantic,204.579,150355,94180,269,521
1995,36093,NY,Schenectady County,small/mid  ,Northeast,Middle Atlantic,204.579,150355,94180,269,521
1996,36093,NY,Schenectady County,small/mid,Northeast,Middle Atlantic,204.579,149351,93458,290,538
1996,36093,NY,Schenectady County,small/mid,Northeast,Middle Atlantic,204.579,149351,93458,290,538
1997,36093,NY,Schenectady County,Small/mid,Northeast,Middle Atlantic,204.579,148557,93086,311,544
1998,36093,NY,Schenectady County,small/mid,Northeast,Middle Atlantic,204.579,147738,92937,332,605
1999,36093,NY,Schenectady County,  SMALL/MID ,Northeast,Middle Atlantic,204.579,146857,92467,353,621
2000,36093,NY,Schenectady County,small/mid,Northeast,Middle Atlantic,204.579,146581,92471,340,641
2001,36093,NY,Schenectady County,small/mid,Northeast,Middle Atlantic,204.579,146334,93007,307,671
2002,36093,NY,Schenectady County,SMALL/MID,Northeast,Middle Atlantic,204.579,147199,94294,321,717
2003,36093,NY,Schenectady County,  SMALL/MID ,Northeast,Middle Atlantic,204.579,147891,95306,330,783
2004,36093,NY,Schenectady County,small/mid  ,Northeast,Middle Atlantic,204.579,148900,96619,327,789
2005,36093,NY,Schenectady County,small/mid,Northeast,Middle Atlantic,204.579,150200,98103,327,785
2006,36093,NY,Schenectady County,small/mid,Northeast,Middle Atlantic,204.579,151768,99849,327.375,885
2007,36093,NY,Schenectady County,small/mid,Northeast,Middle Atlantic,204.579,152275,100414,327.75,852
2008,36093,NY,Schenectady County,small/mid,Northeast,Middle Atlantic,204.579,153360,101428,328.125,860
2009,36093,NY,Schenectady County,small/mid,Northeast,Middle Atlantic,204.579,154050,102188,328.5,865
2010,36093,NY,Schenectady County,small/mid,Northeast,Middle Atlantic,204.579,154751,102826,328.875,806
2011,36093,NY,Schenectady County,small/mid,Northeast,Middle Atlantic,204.579,154876,102992,329.25,768
2012,36093,NY,Schenectady County,small/mid,Northeast,Middle Atlantic,204.579,154940,103384,329.625,758
2013,36093,NY,Schenectady County,small/mid  ,Northeast,Middle Atlantic,204.579,155168,103233,330,741
2014,36093,NY,Schenectady County,small/mid,Northeast,Middle Atlantic,204.579,155228,103021,330,721
2015,36093,NY,Schenectady County,small/mid,Northeast,Middle Atlantic,204.579,155340,102690,330,765
2016,36093,NY,Schenectady County,small/mid,Northeast,Middle Atlantic,204.579,155089,102231,,
1970,36095,NY,Schoharie County,small/mid,Northeast,Middle Atlantic,621.819,25093,15012,11,
1971,36095,NY,Schoharie County,small/mid,Northeast,Middle Atlantic,621.819,26439,16024,11.125,
1972,36095,NY,Schoharie County,small/mid,Northeast,Middle Atlantic,621.819,28295,17422,11.25,
1972,36095,NY,Schoharie County,small/mid,Northeast,Middle Atlantic,621.819,28295,17422,11.25,
1973,36095,NY,Schoharie County,small/mid,Northeast,Middle Atlantic,621.819,28953,18028,11.375,
1974,36095,NY,Schoharie County,small/mid,Northeast,Middle Atlantic,621.819,28932,18122,11.5,
1975,36095,NY,Schoharie County,small/mid,Northeast,Middle Atlantic,621.819,29294,18461,11.625,
1976,36095,NY,Schoharie County,small/mid  ,Northeast,Middle Atlantic,621.819,29295,18646,11.75,
1977,36095,NY,Schoharie County,small/mid,Northeast,Middle Atlantic,621.819,29431,18898,564,
1977,36095,,,,,,,,,11.875,
1978,36095,NY,Schoharie County,small/mid,Northeast,Middle Atlantic,621.819,29546,19214,12,
1979,36095,NY,Schoharie County,small/mid,Northeast,Middle Atlantic,621.819,29725,19475,13.2,
1979,36095,NY,Schoharie County,small/mid,Northeast,Middle Atlantic,621.819,29725,19475,13.2,
1980,36095,NY,Schoharie County,small/mid,Northeast,Middle Atlantic,621.819,29727,19576,14.4,
1980,36095,NY,Schoharie County,small/mid,Northeast,Middle Atlantic,621.819,29727,19576,14.4,
1981,36095,NY,Schoharie County,small/mid,Northeast,Middle Atlantic,621.819,29638,19597,15.6,
1982,36095,NY,Schoharie County,small/mid,Northeast,Middle Atlantic,621.819,29730,19703,16.8,
1983,36095,NY,Schoharie County,small/mid,Northeast,Middle Atlantic,621.819,30445,20207,18,
1984,36095,NY,Schoharie County,small/mid,Northeast,Middle Atlantic,621.819,30213,20083,19.8,
1985,36095,NY,Schoharie County,small/mid,Northeast,Middle Atlantic,621.819,30065,20007,21.6,
1986,36095,NY,Schoharie County,small/mid,Northeast,Middle Atlantic,621.819,30170,20098,23.4,
1987,36095,NY,Schoharie County,small/mid,Northeast,Middle Atlantic,621.819,30722,20406,25.2,13
1988,36095,NY,Schoharie County,small/mid,Northeast,Middle Atlantic,621.819,31462,20843,27,20
1989,36095,NY,Schoharie County,  SMALL/MID ,Northeast,Middle Atlantic,621.819,31406,20718,25,21
1990,36095,NY,Schoharie County,small/mid,Northeast,Middle Atlantic,621.819,31938,21022,20,23
1991,36095,NY,Schoharie County,small/mid,Northeast,Middle Atlantic,621.819,32454,21304,20,25
1992,36095,NY,Schoharie County,small/mid  ,Northeast,Middle Atlantic,621.819,32659,21383,20,27
1993,36095,NY,Schoharie County,small/mid,Northeast,Middle Atlantic,621.819,32605,21270,52,29
1994,36095,NY,Schoharie County,small/mid,Northeast,Middle Atlantic,621.819,32356,21019,56.33333,33
1995,36095,NY,Schoharie County,small/mid,Northeast,Middle Atlantic,621.819,32137,20847,60.66667,37
1996,36095,NY,Schoharie County, small/mid,Northeast,Middle Atlantic,621.819,32111,20840,65,41
1997,36095,NY,Schoharie County,small/mid,Northeast,Middle Atlantic,621.819,31557,20544,69.33334,36
1998,36095,NY,Schoharie County,  SMALL/MID ,Northeast,Middle Atlantic,621.819,31279,20437,73.66666,38
1999,36095,NY,Schoharie County,Small/mid,Northeast,Middle Atlantic,621.819,31537,20740,78,43
2000,36095,NY,Schoharie County,small/mid,Northeast,Middle Atlantic,621.819,31514,20751,72.66666,49
2001,36095,NY,Schoharie County,small/mid,Northeast,Middle Atlantic,621.819,31794,21142,67.33334,44
2002,36095,NY,Schoharie County,small/mid,Northeast,Middle Atlantic,621.819,31785,21116,62,48
2003,36095,NY,Schoharie County,small/mid,Northeast,Middle Atlantic,621.819,32032,21455,56.66667,51
2004,36095,NY,Schoharie County,  SMALL/MID ,Northeast,Middle Atlantic,621.819,32310,21738,51.33333,53
2005,36095,NY,Schoharie County,small/mid,Northeast,Middle Atlantic,621.819,32534,21974,46,44
2006,36095,NY,Schoharie County,small/mid,Northeast,Middle Atlantic,621.819,32661,22163,46,50
2007,36095,NY,Schoharie County,small/mid,Northeast,Middle Atlantic,621.819,32894,22364,46,55
2008,36095,NY,Schoharie County,small/mid,Northeast,Middle Atlantic,621.819,32890,22395,46,49
2009,36095,NY,Schoharie County,small/mid,Northeast,Middle Atlantic,621.819,32776,22299,46,47
2010,36095,NY,Schoharie County,small/mid,Northeast,Middle Atlantic,621.819,32739,22292,46,45
2011,36095,NY,Schoharie County,small/mid,Northeast,Middle Atlantic,621.819,32702,22262,46,41
2012,36095,NY,Schoharie County,small/mid,Northeast,Middle Atlantic,621.819,32634,22111,46,49
2013,36095,NY,Schoharie County,small/mid,Northeast,Middle Atlantic,621.819,32062,21495,46,52
2014,36095,NY,Schoharie County,small/mid,Northeast,Middle Atlantic,621.819,31926,21172,46,51
2015,36095,NY,Schoharie County,SMALL/MID,Northeast,Middle Atlantic,621.819,31795,20971,46,41
2016,36095,NY,Schoharie County,small/mid,Northeast,Middle Atlantic,621.819,31463,20655,,
1970,36097,NY,Schuyler County, rural,Northeast,Middle Atlantic,328.333,16754,9770,6,
1971,36097,NY,Schuyler County,rural,Northeast,Middle Atlantic,328.333,16828,9905,7,
1972,36097,NY,Schuyler County,rural,Northeast,Middle Atlantic,328.333,17329,10364,8,
1973,36097,NY,Schuyler County,rural,Northeast,Middle Atlantic,328.333,17426,10547,9,
1974,36097,NY,Schuyler County,Rural,Northeast,Middle Atlantic,328.333,17583,10758,10,
1975,36097,NY,Schuyler County,rural,Northeast,Middle Atlantic,328.333,17858,11046,11,
1976,36097,NY,Schuyler County,rural,Northeast,Middle Atlantic,328.333,17875,11145,12,
1977,36097,NY,Schuyler County,rural,Northeast,Middle Atlantic,328.333,17793,11155,13,
1978,36097,NY,Schuyler County,rural,Northeast,Middle Atlantic,328.333,17865,11296,14,
1979,36097,NY,Schuyler County,rural,Northeast,Middle Atlantic,328.333,18059,11498,14,
1980,36097,NY,Schuyler County,rural,Northeast,Middle Atlantic,328.333,17720,11280,14,
1981,36097,NY,Schuyler County,rural,Northeast,Middle Atlantic,328.333,17786,11360,14,
1982,36097,NY,Schuyler County,rural,Northeast,Middle Atlantic,328.333,17867,11430,14,
1983,36097,NY,Schuyler County,rural,Northeast,Middle Atlantic,328.333,17890,11447,14,
1984,36097,NY,Schuyler County,rural,Northeast,Middle Atlantic,328.333,18033,11550,14.4,
1985,36097,NY,Schuyler County,Rural,Northeast,Middle Atlantic,328.333,17987,11525,14.8,
1986,36097,NY,Schuyler County,rural,Northeast,Middle Atlantic,328.333,17938,11496,15.2,
1987,36097,NY,Schuyler County,rural,Northeast,Middle Atlantic,328.333,18179,11605,15.6,10
1988,36097,NY,Schuyler County,rural,Northeast,Middle Atlantic,328.333,18224,11593,16,9
1989,36097,NY,Schuyler County,rural,Northeast,Middle Atlantic,328.333,18478,11694,16.2,8
1990,36097,NY,Schuyler County,rural,Northeast,Middle Atlantic,328.333,18705,11799,16.4,7.66666666667
1991,36097,NY,Schuyler County,rural,Northeast,Middle Atlantic,328.333,18820,11812,16.6,7.33333333333
1992,36097,NY,Schuyler County,rural,Northeast,Middle Atlantic,328.333,18907,11837,16.8,7
1993,36097,NY,Schuyler County,RURAL,Northeast,Middle Atlantic,328.333,18965,11890,17,7
1994,36097,NY,Schuyler County,rural  ,Northeast,Middle Atlantic,328.333,18973,11910,17,10
1995,36097,NY,Schuyler County,rural,Northeast,Middle Atlantic,328.333,19128,12064,17,13
1996,36097,NY,Schuyler County,rural,Northeast,Middle Atlantic,328.333,19089,12060,17,8
1997,36097,NY,Schuyler County,rural,Northeast,Middle Atlantic,328.333,19023,12100,17,13
1998,36097,NY,Schuyler County,rural,Northeast,Middle Atlantic,328.333,19143,12291,17,12
1999,36097,NY,Schuyler County,rural,Northeast,Middle Atlantic,328.333,19117,12345,17,18
2000,36097,NY,Schuyler County,rural,Northeast,Middle Atlantic,328.333,19232,12487,18.33333,18
2001,36097,NY,Schuyler County,rural,Northeast,Middle Atlantic,328.333,19175,12444,19.66667,24
2002,36097,NY,Schuyler County,rural,Northeast,Middle Atlantic,328.333,19179,12460,21,23
2003,36097,NY,Schuyler County,rural,Northeast,Middle Atlantic,328.333,19151,12447,22.33333,27
2004,36097,NY,Schuyler County,rural,Northeast,Middle Atlantic,328.333,19034,12472,23.66667,30
2005,36097,NY,Schuyler County,rural,Northeast,Middle Atlantic,328.333,18880,12470,25,29
2006,36097,NY,Schuyler County,rural  ,Northeast,Middle Atlantic,328.333,18752,12526,25,26
2007,36097,NY,Schuyler County,rural,Northeast,Middle Atlantic,328.333,18707,12485,25,39
2007,36097,NY,Schuyler County,rural,Northeast,Middle Atlantic,328.333,18707,12485,25,39
2008,36097,NY,Schuyler County,rural,Northeast,Middle Atlantic,328.333,18644,12396,25,34
2009,36097,NY,Schuyler County,rural,Northeast,Middle Atlantic,328.333,18398,12215,25,39
2010,36097,NY,Schuyler County,rural,Northeast,Middle Atlantic,328.333,18350,12175,25,37
2011,36097,NY,Schuyler County,rural,Northeast,Middle Atlantic,328.333,18323,12171,25,38
2012,36097,NY,Schuyler County,rural,Northeast,Middle Atlantic,328.333,18399,12292,25,38
2013,36097,NY,Schuyler County,rural,Northeast,Middle Atlantic,328.333,18483,12249,25,40
2014,36097,NY,Schuyler County,rural  ,Northeast,Middle Atlantic,328.333,18374,12127,25,42
2015,36097,NY,Schuyler County,rural,Northeast,Middle Atlantic,328.333,18170,11858,25,44
2016,36097,NY,Schuyler County,RURAL,Northeast,Middle Atlantic,328.333,18020,11713,,
1970,36099,NY,Seneca County,rural,Northeast,Middle Atlantic,323.709,35133,21185,9,
1971,36099,NY,Seneca County,rural,Northeast,Middle Atlantic,323.709,35363,21522,10.25,
1972,36099,NY,Seneca County,rural,Northeast,Middle Atlantic,323.709,34423,21107,11.5,
1973,36099,NY,Seneca County,Rural,Northeast,Middle Atlantic,323.709,34027,21077,12.75,
1974,36099,NY,Seneca County,rural,Northeast,Middle Atlantic,323.709,33936,21231,14,
1975,36099,NY,Seneca County,rural,Northeast,Middle Atlantic,323.709,34177,21618,15.25,
1976,36099,NY,Seneca County,Rural,Northeast,Middle Atlantic,323.709,34240,21827,16.5,
1976,36099,NY,Seneca County,Rural,Northeast,Middle Atlantic,323.709,34240,21827,16.5,
1977,36099,NY,Seneca County,rural,Northeast,Middle Atlantic,323.709,34216,21922,17.75,
1977,36099,NY,Seneca County,rural,Northeast,Middle Atlantic,323.709,34216,21922,17.75,
1978,36099,NY,Seneca County, rural,Northeast,Middle Atlantic,323.709,34492,22268,19,
1979,36099,NY,Seneca County,rural,Northeast,Middle Atlantic,323.709,34798,22612,19.6,
1980,36099,NY,Seneca County,rural,Northeast,Middle Atlantic,323.709,33781,21911,20.2,
1981,36099,NY,Seneca County,rural,Northeast,Middle Atlantic,323.709,33814,21988,20.8,
1982,36099,NY,Seneca County,rural,Northeast,Middle Atlantic,323.709,33266,21647,21.4,
1983,36099,NY,Seneca County,rural,Northeast,Middle Atlantic,323.709,33179,21584,22,
1984,36099,NY,Seneca County,rural,Northeast,Middle Atlantic,323.709,33317,21671,23,
1985,36099,NY,Seneca County,rural,Northeast,Middle Atlantic,323.709,33352,21680,24,
1986,36099,NY,Seneca County,  RURAL ,Northeast,Middle Atlantic,323.709,33350,21659,578,
1986,36099,,,,,,,,,25,
1987,36099,NY,Seneca County,rural,Northeast,Middle Atlantic,323.709,33189,21451,26,11
1988,36099,NY,Seneca County,rural,Northeast,Middle Atlantic,323.709,33285,21428,27,8
1989,36099,NY,Seneca County,rural,Northeast,Middle Atlantic,323.709,33525,21451,28.8,10
1990,36099,NY,Seneca County,rural,Northeast,Middle Atlantic,323.709,33710,21505,30.6,13.3333333333
1991,36099,NY,Seneca County,rural,Northeast,Middle Atlantic,323.709,33768,21459,32.4,16.6666666667
1992,36099,NY,Seneca County,rural,Northeast,Middle Atlantic,323.709,33518,21222,34.2,20
1993,36099,NY,Seneca County,rural,Northeast,Middle Atlantic,323.709,32871,20716,36,24
1993,36099,NY,Seneca County,rural,Northeast,Middle Atlantic,323.709,32871,20716,36,24
1994,36099,NY,Seneca County,rural,Northeast,Middle Atlantic,323.709,32702,20547,39,23
1994,36099,NY,Seneca County,rural,Northeast,Middle Atlantic,323.709,32702,20547,39,23
1995,36099,NY,Seneca County, rural,Northeast,Middle Atlantic,323.709,32698,20569,42,30
1995,36099,NY,Seneca County, rural,Northeast,Middle Atlantic,323.709,32698,20569,42,30
1996,36099,NY,Seneca County,rural,Northeast,Middle Atlantic,323.709,33500,21405,45,32
1997,36099,NY,Seneca County,rural,Northeast,Middle Atlantic,323.709,33362,21361,48,39
1998,36099,NY,Seneca County,rural,Northeast,Middle Atlantic,323.709,33184,21351,51,43
1999,36099,NY,Seneca County,rural,Northeast,Middle Atlantic,323.709,33231,21423,54,51
2000,36099,NY,Seneca County,rural,Northeast,Middle Atlantic,323.709,33343,21537,52.16667,62
2001,36099,NY,Seneca County,rural,Northeast,Middle Atlantic,323.709,34764,22744,50.33333,69
2002,36099,NY,Seneca County,rural,Northeast,Middle Atlantic,323.709,35046,23141,48.5,71
2003,36099,NY,Seneca County,rural,Northeast,Middle Atlantic,323.709,35212,23350,46.66667,71
2004,36099,NY,Seneca County,rural,Northeast,Middle Atlantic,323.709,35312,23495,44.83333,69
2005,36099,NY,Seneca County,rural,Northeast,Middle Atlantic,323.709,35177,23646,43,64
2006,36099,NY,Seneca County,  RURAL ,Northeast,Middle Atlantic,323.709,35223,23749,43,62
2007,36099,NY,Seneca County,rural,Northeast,Middle Atlantic,323.709,35469,23926,58,65
2008,36099,NY,Seneca County,rural,Northeast,Middle Atlantic,323.709,35370,23817,65,62
2009,36099,NY,Seneca County,Rural,Northeast,Middle Atlantic,323.709,35286,23708,70,59
2010,36099,NY,Seneca County,rural,Northeast,Middle Atlantic,323.709,35244,23780,85,59
2011,36099,NY,Seneca County,rural,Northeast,Middle Atlantic,323.709,35264,23785,74,65
2012,36099,NY,Seneca County,rural,Northeast,Middle Atlantic,323.709,35318,23773,80,70
2013,36099,NY,Seneca County,rural,Northeast,Middle Atlantic,323.709,35347,23647,79,78
2014,36099,NY,Seneca County,rural,Northeast,Middle Atlantic,323.709,35236,23388,84,82
2015,36099,NY,Seneca County,rural,Northeast,Middle Atlantic,323.709,34890,23028,84,73
2016,36099,NY,Seneca County,rural,Northeast,Middle Atlantic,323.709,34811,22904,,
1970,36101,NY,Steuben County,rural,Northeast,Middle Atlantic,1390.549,99756,58872,41,
1970,36101,NY,Steuben County,rural,Northeast,Middle Atlantic,1390.549,99756,58872,41,
1971,36101,NY,Steuben County,rural,Northeast,Middle Atlantic,1390.549,100585,59826,40.625,
1972,36101,NY,Steuben County,rural,Northeast,Middle Atlantic,1390.549,101656,61142,40.25,
1973,36101,NY,Steuben County, rural,Northeast,Middle Atlantic,1390.549,100285,60824,39.875,
1974,36101,NY,Steuben County,rural,Northeast,Middle Atlantic,1390.549,99795,61046,39.5,
1975,36101,NY,Steuben County,rural,Northeast,Middle Atlantic,1390.549,100529,62068,39.125,
1976,36101,NY,Steuben County,rural,Northeast,Middle Atlantic,1390.549,100289,62331,38.75,
1977,36101,NY,Steuben County,rural,Northeast,Middle Atlantic,1390.549,100027,62590,38.375,
1978,36101,NY,Steuben County,rural,Northeast,Middle Atlantic,1390.549,100474,63346,38,
1979,36101,NY,Steuben County,rural,Northeast,Middle Atlantic,1390.549,99998,63331,42.4,
1980,36101,NY,Steuben County,rural,Northeast,Middle Atlantic,1390.549,99272,63017,46.8,
1981,36101,NY,Steuben County,rural,Northeast,Middle Atlantic,1390.549,98958,63018,51.2,
1982,36101,NY,Steuben County,rural,Northeast,Middle Atlantic,1390.549,98119,62545,55.6,
1983,36101,NY,Steuben County,rural,Northeast,Middle Atlantic,1390.549,97551,62191,60,
1984,36101,NY,Steuben County,rural,Northeast,Middle Atlantic,1390.549,98142,62600,63.2,
1985,36101,NY,Steuben County,rural,Northeast,Middle Atlantic,1390.549,96794,61721,66.4,
1986,36101,NY,Steuben County,rural,Northeast,Middle Atlantic,1390.549,96595,61572,69.6,
1987,36101,NY,Steuben County,rural,Northeast,Middle Atlantic,1390.549,96983,61561,599,53
1987,36101,,,,,,,,,72.8,
1988,36101,NY,Steuben County,rural,Northeast,Middle Atlantic,1390.549,97328,61536,76,52
1989,36101,NY,Steuben County,rural,Northeast,Middle Atlantic,1390.549,98468,61890,79,57
1990,36101,NY,Steuben County,rural,Northeast,Middle Atlantic,1390.549,99286,62205,82,83.6666666667
1991,36101,NY,Steuben County,rural,Northeast,Middle Atlantic,1390.549,99835,62246,85,110.333333333
1992,36101,NY,Steuben County,rural,Northeast,Middle Atlantic,1390.549,100232,62268,88,137
1993,36101,NY,Steuben County,rural,Northeast,Middle Atlantic,1390.549,100550,62333,91,120
1993,36101,NY,Steuben County,rural,Northeast,Middle Atlantic,1390.549,100550,62333,91,120
1994,36101,NY,Steuben County,rural,Northeast,Middle Atlantic,1390.549,100634,62342,97.5,108
1995,36101,NY,Steuben County,rural,Northeast,Middle Atlantic,1390.549,99950,61908,104,115
1996,36101,NY,Steuben County,rural,Northeast,Middle Atlantic,1390.549,99212,61732,110.5,107
1997,36101,NY,Steuben County,rural,Northeast,Middle Atlantic,1390.549,98907,61877,117,107
1998,36101,NY,Steuben County,rural,Northeast,Middle Atlantic,1390.549,98657,62174,123.5,118
1999,36101,NY,Steuben County,rural,Northeast,Middle Atlantic,1390.549,98458,62319,130,148
2000,36101,NY,Steuben County,rural,Northeast,Middle Atlantic,1390.549,98764,62733,115,189
2001,36101,NY,Steuben County,rural,Northeast,Middle Atlantic,1390.549,99216,63372,114,194
2002,36101,NY,Steuben County,rural,Northeast,Middle Atlantic,1390.549,99583,63802,131,205
2003,36101,NY,Steuben County,rural,Northeast,Middle Atlantic,1390.549,99191,63691,141,201
2004,36101,NY,Steuben County,rural,Northeast,Middle Atlantic,1390.549,98983,63750,150,233
2005,36101,NY,Steuben County,rural,Northeast,Middle Atlantic,1390.549,98868,64017,158,266
2006,36101,NY,Steuben County,rural,Northeast,Middle Atlantic,1390.549,98473,64066,158,282
2007,36101,NY,Steuben County,rural,Northeast,Middle Atlantic,1390.549,98541,64251,141,303
2008,36101,NY,Steuben County,rural,Northeast,Middle Atlantic,1390.549,98726,64270,161,312
2009,36101,NY,Steuben County,rural,Northeast,Middle Atlantic,1390.549,98949,64461,184,341
2010,36101,NY,Steuben County,rural,Northeast,Middle Atlantic,1390.549,98986,64493,168,293
2011,36101,NY,Steuben County,rural,Northeast,Middle Atlantic,1390.549,99011,64524,168,275
2012,36101,NY,Steuben County,rural,Northeast,Middle Atlantic,1390.549,99156,64642,183,266
2012,36101,NY,Steuben County,rural,Northeast,Middle Atlantic,1390.549,99156,64642,183,266
2013,36101,NY,Steuben County,rural,Northeast,Middle Atlantic,1390.549,98948,64124,189,285
2014,36101,NY,Steuben County,rural,Northeast,Middle Atlantic,1390.549,98881,63808,180,293
2015,36101,NY,Steuben County,rural,Northeast,Middle Atlantic,1390.549,98208,63041,180,285
2016,36101,NY,Steuben County,rural,Northeast,Middle Atlantic,1390.549,97495,62304,,
1970,36103,NY,Suffolk County,suburban,Northeast,Middle Atlantic,911.528,1132780,664145,321,
1971,36103,NY,Suffolk County,suburban,Northeast,Middle Atlantic,911.528,1155810,685196,335,
1971,36103,NY,Suffolk County,suburban,Northeast,Middle Atlantic,911.528,1155810,685196,335,
1972,36103,NY,Suffolk County,rural,Northeast,Middle Atlantic,911.528,1174858,706361,349,
1973,36103,NY,Suffolk County,suburban,Northeast,Middle Atlantic,911.528,1198823,731266,363,
1974,36103,NY,Suffolk County,rural,Northeast,Middle Atlantic,911.528,1215793,750871,377,
1974,36103,NY,Suffolk County,suburban,Northeast,Middle Atlantic,911.528,1215793,750871,377,
1975,36103,NY,Suffolk County,suburban,Northeast,Middle Atlantic,911.528,1242709,776519,391,
1976,36103,NY,Suffolk County,rural,Northeast,Middle Atlantic,911.528,1257888,797365,405,
1977,36103,NY,Suffolk County,suburban,Northeast,Middle Atlantic,911.528,1272824,817334,419,
1977,36103,NY,Suffolk County,suburban,Northeast,Middle Atlantic,911.528,1272824,817334,419,
1978,36103,NY,Suffolk County,rural,Northeast,Middle Atlantic,911.528,1280738,832251,433,
1979,36103,NY,Suffolk County,suburban,Northeast,Middle Atlantic,911.528,1286679,844754,489.8,
1980,36103,NY,Suffolk County,rural,Northeast,Middle Atlantic,911.528,1285719,850774,546.6,
1981,36103,NY,Suffolk County,rural,Northeast,Middle Atlantic,911.528,1286406,858599,603.4,
1982,36103,NY,Suffolk County,rural,Northeast,Middle Atlantic,911.528,1288817,865956,660.2,
1983,36103,NY,Suffolk County,rural,Northeast,Middle Atlantic,911.528,1298363,877162,717,
1984,36103,NY,Suffolk County,rural,Northeast,Middle Atlantic,911.528,1303503,885797,699.5,
1985,36103,NY,Suffolk County,suburban,Northeast,Middle Atlantic,911.528,1306899,892652,682,
1986,36103,NY,Suffolk County,suburban,Northeast,Middle Atlantic,911.528,1309195,898877,850,
1987,36103,NY,Suffolk County,suburban,Northeast,Middle Atlantic,911.528,1310590,901214,875,1600
1988,36103,NY,Suffolk County,suburban,Northeast,Middle Atlantic,911.528,1319884,909007,1001,1663
1989,36103,NY,Suffolk County,suburban,Northeast,Middle Atlantic,911.528,1322289,910514,1173,1693
1990,36103,NY,Suffolk County,rural,Northeast,Middle Atlantic,911.528,1322686,910587,1261,1973
1991,36103,NY,Suffolk County,suburban,Northeast,Middle Atlantic,911.528,1326777,904121,1133,2253
1992,36103,NY,Suffolk County,SUBURBAN,Northeast,Middle Atlantic,911.528,1336663,903081,1220,2533
1993,36103,NY,Suffolk County,suburban,Northeast,Middle Atlantic,911.528,1346667,903820,1178,2456
1993,36103,NY,Suffolk County,suburban,Northeast,Middle Atlantic,911.528,1346667,903820,1178,2456
1994,36103,NY,Suffolk County,suburban,Northeast,Middle Atlantic,911.528,1354011,902901,1232,2484
1995,36103,NY,Suffolk County,rural,Northeast,Middle Atlantic,911.528,1361391,903015,1414,2572
1996,36103,NY,Suffolk County,suburban,Northeast,Middle Atlantic,911.528,1368366,904962,1300,2558
1997,36103,NY,Suffolk County,suburban,Northeast,Middle Atlantic,911.528,1377203,910316,1390,2442
1998,36103,NY,Suffolk County,suburban,Northeast,Middle Atlantic,911.528,1390729,920597,1564,2350
1999,36103,NY,Suffolk County,SUBURBAN,Northeast,Middle Atlantic,911.528,1406161,929964,1675,2561
2000,36103,NY,Suffolk County,SUBURBAN,Northeast,Middle Atlantic,911.528,1424081,941631,1429,2602
2001,36103,NY,Suffolk County,suburban,Northeast,Middle Atlantic,911.528,1442488,953685,1379,2482
2002,36103,NY,Suffolk County,rural,Northeast,Middle Atlantic,911.528,1456745,964373,1411,2490
2003,36103,NY,Suffolk County,suburban,Northeast,Middle Atlantic,911.528,1470849,976063,1458,2437
2004,36103,NY,Suffolk County,suburban,Northeast,Middle Atlantic,911.528,1478215,983452,1499,2374
2005,36103,NY,Suffolk County,suburban,Northeast,Middle Atlantic,911.528,1477687,986719,1447,2518
2006,36103,NY,Suffolk County,suburban,Northeast,Middle Atlantic,911.528,1475626,988866,1492,2682
2007,36103,NY,Suffolk County,rural,Northeast,Middle Atlantic,911.528,1475255,990078,1562,2848
2008,36103,NY,Suffolk County,suburban,Northeast,Middle Atlantic,911.528,1480218,992459,1761,2843
2009,36103,NY,Suffolk County,suburban,Northeast,Middle Atlantic,911.528,1487206,996929,1605,2780
2010,36103,NY,Suffolk County,suburban,Northeast,Middle Atlantic,911.528,1493200,1001279,1705,2631
2011,36103,NY,Suffolk County,suburban,Northeast,Middle Atlantic,911.528,1494689,1002633,1589,2562
2012,36103,NY,Suffolk County,rural,Northeast,Middle Atlantic,911.528,1500074,1007589,1792,2363
2013,36103,NY,Suffolk County,suburban,Northeast,Middle Atlantic,911.528,1499272,1002843,1565,2310
2014,36103,NY,Suffolk County,rural,Northeast,Middle Atlantic,911.528,1501103,1002970,1411,2138
2014,36103,NY,Suffolk County,rural,Northeast,Middle Atlantic,911.528,1501103,1002970,1411,2138
2015,36103,NY,Suffolk County,rural,Northeast,Middle Atlantic,911.528,1500638,1000957,1565,2117
2016,36103,NY,Suffolk County,suburban,Northeast,Middle Atlantic,911.528,1498947,998279,,
1970,36105,NY,Sullivan County,rural,Northeast,Middle Atlantic,968.137,53161,32578,15,
1971,36105,NY,Sullivan County,rural,Northeast,Middle Atlantic,968.137,55537,34310,22.125,
1971,36105,NY,Sullivan County,rural,Northeast,Middle Atlantic,968.137,55537,34310,22.125,
1972,36105,NY,Sullivan County,rural,Northeast,Middle Atlantic,968.137,57287,35689,29.25,
1973,36105,NY,Sullivan County,rural,Northeast,Middle Atlantic,968.137,59991,37771,36.375,
1974,36105,NY,Sullivan County,rural,Northeast,Middle Atlantic,968.137,61446,38874,43.5,
1975,36105,NY,Sullivan County,rural,Northeast,Middle Atlantic,968.137,62346,39541,50.625,
1976,36105,NY,Sullivan County,rural,Northeast,Middle Atlantic,968.137,64212,41065,57.75,
1977,36105,NY,Sullivan County,rural,Northeast,Middle Atlantic,968.137,65635,42247,64.875,
1978,36105,NY,Sullivan County,rural,Northeast,Middle Atlantic,968.137,66076,42696,72,
1979,36105,NY,Sullivan County,rural,Northeast,Middle Atlantic,968.137,66290,42956,79.2,
1980,36105,NY,Sullivan County,rural,Northeast,Middle Atlantic,968.137,65046,42085,86.4,
1981,36105,NY,Sullivan County,rural,Northeast,Middle Atlantic,968.137,64357,41788,93.6,
1982,36105,NY,Sullivan County,rural,Northeast,Middle Atlantic,968.137,63694,41420,100.8,
1983,36105,NY,Sullivan County,rural,Northeast,Middle Atlantic,968.137,64937,42259,108,
1984,36105,NY,Sullivan County,rural,Northeast,Middle Atlantic,968.137,64824,42249,116.5,
1985,36105,NY,Sullivan County,rural,Northeast,Middle Atlantic,968.137,65132,42473,125,
1986,36105,NY,Sullivan County,rural,Northeast,Middle Atlantic,968.137,66160,43158,127,
1987,36105,NY,Sullivan County,rural,Northeast,Middle Atlantic,968.137,66904,43510,158,133
1988,36105,NY,Sullivan County,rural,Northeast,Middle Atlantic,968.137,68235,44259,184,164
1989,36105,NY,Sullivan County,rural,Northeast,Middle Atlantic,968.137,69042,44576,203,203
1990,36105,NY,Sullivan County,RURAL,Northeast,Middle Atlantic,968.137,69545,44811,145,216.333333333
1991,36105,NY,Sullivan County,rural,Northeast,Middle Atlantic,968.137,70347,45025,171,229.666666667
1992,36105,NY,Sullivan County,rural,Northeast,Middle Atlantic,968.137,71416,45530,172,243
1993,36105,NY,Sullivan County,rural,Northeast,Middle Atlantic,968.137,72145,45982,161,243
1994,36105,NY,Sullivan County,rural,Northeast,Middle Atlantic,968.137,72152,46023,152,262
1995,36105,NY,Sullivan County, rural,Northeast,Middle Atlantic,968.137,72379,46203,157,277
1996,36105,NY,Sullivan County,rural,Northeast,Middle Atlantic,968.137,72758,46677,123,250
1997,36105,NY,Sullivan County,rural,Northeast,Middle Atlantic,968.137,72712,46905,156,272
1998,36105,NY,Sullivan County,rural,Northeast,Middle Atlantic,968.137,72974,47406,145,269
1999,36105,NY,Sullivan County, rural,Northeast,Middle Atlantic,968.137,73341,47793,161,275
2000,36105,NY,Sullivan County,rural,Northeast,Middle Atlantic,968.137,74134,48448,165.8333,305
2001,36105,NY,Sullivan County,rural,Northeast,Middle Atlantic,968.137,74143,48691,170.6667,313
2002,36105,NY,Sullivan County,rural,Northeast,Middle Atlantic,968.137,74452,49218,175.5,333
2002,36105,NY,Sullivan County,rural,Northeast,Middle Atlantic,968.137,74452,49218,175.5,333
2003,36105,NY,Sullivan County,Rural,Northeast,Middle Atlantic,968.137,75447,50053,180.3333,336
2003,36105,NY,Sullivan County,Rural,Northeast,Middle Atlantic,968.137,75447,50053,180.3333,336
2004,36105,NY,Sullivan County,rural,Northeast,Middle Atlantic,968.137,76265,50830,185.1667,363
2005,36105,NY,Sullivan County,rural,Northeast,Middle Atlantic,968.137,76780,51557,190,404
2006,36105,NY,Sullivan County,rural,Northeast,Middle Atlantic,968.137,77231,52002,184,444
2007,36105,NY,Sullivan County,rural,Northeast,Middle Atlantic,968.137,77991,52586,182,434
2008,36105,NY,Sullivan County,RURAL,Northeast,Middle Atlantic,968.137,77755,52301,180,460
2009,36105,NY,Sullivan County,Rural,Northeast,Middle Atlantic,968.137,77647,52053,166,400
2010,36105,NY,Sullivan County,rural,Northeast,Middle Atlantic,968.137,77520,51842,163,376
2011,36105,NY,Sullivan County,rural,Northeast,Middle Atlantic,968.137,77501,51803,165,355
2012,36105,NY,Sullivan County,  RURAL ,Northeast,Middle Atlantic,968.137,77109,51472,148,351
2013,36105,NY,Sullivan County,rural,Northeast,Middle Atlantic,968.137,77015,50932,170,372
2014,36105,NY,Sullivan County,rural,Northeast,Middle Atlantic,968.137,77073,50556,178,409
2015,36105,NY,Sullivan County,rural,Northeast,Middle Atlantic,968.137,75852,49617,178,388
2016,36105,NY,Sullivan County,rural,Northeast,Middle Atlantic,968.137,75136,48790,,
1970,36107,NY,Tioga County,small/mid,Northeast,Middle Atlantic,518.61,46744,26803,12,
1971,36107,NY,Tioga County,  SMALL/MID ,Northeast,Middle Atlantic,518.61,47705,27689,12.625,
1972,36107,NY,Tioga County,small/mid,Northeast,Middle Atlantic,518.61,47756,28129,13.25,
1973,36107,NY,Tioga County,small/mid,Northeast,Middle Atlantic,518.61,47804,28574,13.875,
1974,36107,NY,Tioga County,small/mid,Northeast,Middle Atlantic,518.61,47605,28813,14.5,
1975,36107,NY,Tioga County,small/mid,Northeast,Middle Atlantic,518.61,48619,29836,15.125,
1976,36107,NY,Tioga County,small/mid,Northeast,Middle Atlantic,518.61,49271,30663,15.75,
1977,36107,NY,Tioga County,small/mid,Northeast,Middle Atlantic,518.61,49572,31248,16.375,
1978,36107,NY,Tioga County,small/mid,Northeast,Middle Atlantic,518.61,49856,31832,17,
1979,36107,NY,Tioga County,small/mid,Northeast,Middle Atlantic,518.61,49909,32193,21.6,
1980,36107,NY,Tioga County,small/mid,Northeast,Middle Atlantic,518.61,49960,32468,26.2,
1981,36107,NY,Tioga County,small/mid,Northeast,Middle Atlantic,518.61,50314,32849,30.8,
1982,36107,NY,Tioga County,small/mid,Northeast,Middle Atlantic,518.61,50107,32809,35.4,
1983,36107,NY,Tioga County,small/mid,Northeast,Middle Atlantic,518.61,50066,32835,40,
1984,36107,NY,Tioga County,small/mid,Northeast,Middle Atlantic,518.61,50130,32948,36,
1984,36107,NY,Tioga County,small/mid,Northeast,Middle Atlantic,518.61,50130,32948,36,
1985,36107,NY,Tioga County,small/mid,Northeast,Middle Atlantic,518.61,50883,33491,32,
1986,36107,NY,Tioga County,small/mid,Northeast,Middle Atlantic,518.61,50866,33530,46,
1987,36107,NY,Tioga County,small/mid,Northeast,Middle Atlantic,518.61,50983,33529,47,35
1987,36107,NY,Tioga County,small/mid,Northeast,Middle Atlantic,518.61,50983,33529,47,35
1988,36107,NY,Tioga County, small/mid,Northeast,Middle Atlantic,518.61,51814,33987,45,41
1989,36107,NY,Tioga County,small/mid,Northeast,Middle Atlantic,518.61,51984,33953,48,53
1990,36107,NY,Tioga County,  SMALL/MID ,Northeast,Middle Atlantic,518.61,52479,34197,51,64
1991,36107,NY,Tioga County,small/mid,Northeast,Middle Atlantic,518.61,52812,34299,620,75
1991,36107,,,,,,,,,54,
1992,36107,NY,Tioga County,small/mid,Northeast,Middle Atlantic,518.61,53111,34393,57,86
1992,36107,NY,Tioga County,small/mid,Northeast,Middle Atlantic,518.61,53111,34393,57,86
1993,36107,NY,Tioga County,small/mid,Northeast,Middle Atlantic,518.61,53237,34392,60,77
1994,36107,NY,Tioga County,small/mid,Northeast,Middle Atlantic,518.61,53259,34303,64.5,80
1995,36107,NY,Tioga County,small/mid  ,Northeast,Middle Atlantic,518.61,52601,33782,69,73
1996,36107,NY,Tioga County,small/mid,Northeast,Middle Atlantic,518.61,52287,33551,73.5,71
1997,36107,NY,Tioga County,small/mid,Northeast,Middle Atlantic,518.61,52160,33576,78,68
1998,36107,NY,Tioga County,small/mid,Northeast,Middle Atlantic,518.61,52163,33766,82.5,57
1999,36107,NY,Tioga County,small/mid,Northeast,Middle Atlantic,518.61,51892,33659,87,79
2000,36107,NY,Tioga County, small/mid,Northeast,Middle Atlantic,518.61,51838,33599,86.83334,83
2001,36107,NY,Tioga County,small/mid,Northeast,Middle Atlantic,518.61,51712,33583,86.66666,90
2002,36107,NY,Tioga County,small/mid,Northeast,Middle Atlantic,518.61,51992,33798,86.5,102
2002,36107,NY,Tioga County,small/mid,Northeast,Middle Atlantic,518.61,51992,33798,86.5,102
2003,36107,NY,Tioga County, small/mid,Northeast,Middle Atlantic,518.61,51895,33838,86.33334,87
2004,36107,NY,Tioga County, small/mid,Northeast,Middle Atlantic,518.61,51631,33718,86.16666,90
2005,36107,NY,Tioga County,small/mid,Northeast,Middle Atlantic,518.61,51611,33881,86,91
2006,36107,NY,Tioga County,small/mid,Northeast,Middle Atlantic,518.61,51536,33914,86,96
2007,36107,NY,Tioga County, small/mid,Northeast,Middle Atlantic,518.61,51565,33900,86,106
2008,36107,NY,Tioga County,small/mid,Northeast,Middle Atlantic,518.61,51498,33650,86,96
2009,36107,NY,Tioga County,small/mid,Northeast,Middle Atlantic,518.61,51236,33443,86,111
2009,36107,NY,Tioga County,small/mid,Northeast,Middle Atlantic,518.61,51236,33443,86,111
2010,36107,NY,Tioga County,small/mid,Northeast,Middle Atlantic,518.61,51048,33245,86,98
2011,36107,NY,Tioga County,small/mid,Northeast,Middle Atlantic,518.61,51010,33228,86,108
2012,36107,NY,Tioga County,small/mid,Northeast,Middle Atlantic,518.61,50872,33196,86,102
2013,36107,NY,Tioga County, small/mid,Northeast,Middle Atlantic,518.61,50281,32584,86,90
2014,36107,NY,Tioga County,small/mid,Northeast,Middle Atlantic,518.61,50111,32259,78,84
2015,36107,NY,Tioga County,small/mid,Northeast,Middle Atlantic,518.61,49820,31965,70,78
2016,36107,NY,Tioga County,small/mid,Northeast,Middle Atlantic,518.61,49323,31472,,
1970,36109,NY,Tompkins County,Small/mid,Northeast,Middle Atlantic,474.649,77106,53384,30,
1970,36109,NY,Tompkins County,Small/mid,Northeast,Middle Atlantic,474.649,77106,53384,30,
1971,36109,NY,Tompkins County, small/mid,Northeast,Middle Atlantic,474.649,77286,54021,29.125,
1971,36109,NY,Tompkins County, small/mid,Northeast,Middle Atlantic,474.649,77286,54021,29.125,
1972,36109,NY,Tompkins County,small/mid,Northeast,Middle Atlantic,474.649,80109,56594,28.25,
1973,36109,NY,Tompkins County,small/mid,Northeast,Middle Atlantic,474.649,83331,59505,27.375,
1974,36109,NY,Tompkins County,small/mid,Northeast,Middle Atlantic,474.649,85587,61616,26.5,
1975,36109,NY,Tompkins County, small/mid,Northeast,Middle Atlantic,474.649,85475,61972,25.625,
1976,36109,NY,Tompkins County,small/mid,Northeast,Middle Atlantic,474.649,86073,62986,24.75,
1977,36109,NY,Tompkins County, small/mid,Northeast,Middle Atlantic,474.649,86291,63408,23.875,
1978,36109,NY,Tompkins County,  SMALL/MID ,Northeast,Middle Atlantic,474.649,86460,63867,23,
1979,36109,NY,Tompkins County,small/mid,Northeast,Middle Atlantic,474.649,87162,64689,24,
1980,36109,NY,Tompkins County,small/mid,Northeast,Middle Atlantic,474.649,87380,65226,25,
1981,36109,NY,Tompkins County,small/mid,Northeast,Middle Atlantic,474.649,88155,66064,26,
1981,36109,NY,Tompkins County,small/mid,Northeast,Middle Atlantic,474.649,88155,66064,26,
1982,36109,NY,Tompkins County,small/mid,Northeast,Middle Atlantic,474.649,88457,66428,27,
1983,36109,NY,Tompkins County, small/mid,Northeast,Middle Atlantic,474.649,88824,66784,28,
1984,36109,NY,Tompkins County,small/mid,Northeast,Middle Atlantic,474.649,89076,67071,33.2,
1985,36109,NY,Tompkins County,small/mid,Northeast,Middle Atlantic,474.649,89785,67663,38.4,
1986,36109,NY,Tompkins County,small/mid,Northeast,Middle Atlantic,474.649,89685,67627,43.6,
1987,36109,NY,Tompkins County,small/mid,Northeast,Middle Atlantic,474.649,90255,67885,48.8,71
1988,36109,NY,Tompkins County,small/mid,Northeast,Middle Atlantic,474.649,91895,68940,54,79
1989,36109,NY,Tompkins County,small/mid,Northeast,Middle Atlantic,474.649,93257,69678,55,75
1990,36109,NY,Tompkins County,SMALL/MID,Northeast,Middle Atlantic,474.649,94241,70304,56,76
1991,36109,NY,Tompkins County,small/mid,Northeast,Middle Atlantic,474.649,95283,70936,57,77
1992,36109,NY,Tompkins County,small/mid,Northeast,Middle Atlantic,474.649,95685,71090,58,78
1993,36109,NY,Tompkins County,small/mid,Northeast,Middle Atlantic,474.649,96122,71253,59,84
1994,36109,NY,Tompkins County,small/mid,Northeast,Middle Atlantic,474.649,96409,71441,63,98
1995,36109,NY,Tompkins County,small/mid,Northeast,Middle Atlantic,474.649,96870,71822,62,111
1996,36109,NY,Tompkins County,small/mid,Northeast,Middle Atlantic,474.649,96298,71379,85,135
1997,36109,NY,Tompkins County,small/mid,Northeast,Middle Atlantic,474.649,96216,71541,83,125
1997,36109,NY,Tompkins County,small/mid,Northeast,Middle Atlantic,474.649,96216,71541,83,125
1998,36109,NY,Tompkins County,small/mid,Northeast,Middle Atlantic,474.649,96036,71640,87,135
1999,36109,NY,Tompkins County,small/mid,Northeast,Middle Atlantic,474.649,96656,72479,73,127
2000,36109,NY,Tompkins County,small/mid,Northeast,Middle Atlantic,474.649,96608,72689,72.5,136
2001,36109,NY,Tompkins County,Small/mid,Northeast,Middle Atlantic,474.649,97458,73766,72,138
2002,36109,NY,Tompkins County,small/mid,Northeast,Middle Atlantic,474.649,98227,74674,71.5,138
2003,36109,NY,Tompkins County,small/mid,Northeast,Middle Atlantic,474.649,99049,75419,71,130
2003,36109,NY,Tompkins County,small/mid,Northeast,Middle Atlantic,474.649,99049,75419,71,130
2004,36109,NY,Tompkins County,small/mid,Northeast,Middle Atlantic,474.649,99531,75799,70.5,125
2005,36109,NY,Tompkins County,small/mid,Northeast,Middle Atlantic,474.649,99433,75859,70,118
2006,36109,NY,Tompkins County,small/mid,Northeast,Middle Atlantic,474.649,99651,76145,70,123
2007,36109,NY,Tompkins County,small/mid,Northeast,Middle Atlantic,474.649,99910,76245,70,146
2008,36109,NY,Tompkins County,small/mid,Northeast,Middle Atlantic,474.649,100383,76473,70,162
2008,36109,NY,Tompkins County,small/mid,Northeast,Middle Atlantic,474.649,100383,76473,70,162
2009,36109,NY,Tompkins County,small/mid,Northeast,Middle Atlantic,474.649,101497,77373,70,146
2010,36109,NY,Tompkins County,small/mid,Northeast,Middle Atlantic,474.649,101594,77384,70,150
2010,36109,NY,Tompkins County,small/mid,Northeast,Middle Atlantic,474.649,101594,77384,70,150
2011,36109,NY,Tompkins County,  SMALL/MID ,Northeast,Middle Atlantic,474.649,101764,77486,70,176
2011,36109,NY,Tompkins County,  SMALL/MID ,Northeast,Middle Atlantic,474.649,101764,77486,70,176
2012,36109,NY,Tompkins County,small/mid,Northeast,Middle Atlantic,474.649,101987,77776,571,160
2012,36109,,,,,,,,,70,
2013,36109,NY,Tompkins County,small/mid,Northeast,Middle Atlantic,474.649,103067,78068,70,158
2014,36109,NY,Tompkins County,small/mid,Northeast,Middle Atlantic,474.649,104143,78615,70,149
2015,36109,NY,Tompkins County,small/mid,Northeast,Middle Atlantic,474.649,104286,78377,70,171
2016,36109,NY,Tompkins County,small/mid,Northeast,Middle Atlantic,474.649,104283,78091,,
1970,36111,NY,Ulster County,small/mid,Northeast,Middle Atlantic,1124.236,142334,85831,72,
1971,36111,NY,Ulster County,small/mid,Northeast,Middle Atlantic,1124.236,146709,89339,72.875,
1972,36111,NY,Ulster County,small/mid,Northeast,Middle Atlantic,1124.236,150116,92475,73.75,
1973,36111,NY,Ulster County,small/mid,Northeast,Middle Atlantic,1124.236,152977,95289,74.625,
1973,36111,NY,Ulster County,small/mid,Northeast,Middle Atlantic,1124.236,152977,95289,74.625,
1974,36111,NY,Ulster County,small/mid,Northeast,Middle Atlantic,1124.236,154058,96761,75.5,
1975,36111,NY,Ulster County,small/mid,Northeast,Middle Atlantic,1124.236,156025,98776,76.375,
1976,36111,NY,Ulster County,Small/mid,Northeast,Middle Atlantic,1124.236,157797,101095,77.25,
1977,36111,NY,Ulster County,small/mid,Northeast,Middle Atlantic,1124.236,157564,101788,592,
1977,36111,,,,,,,,,78.125,
1978,36111,NY,Ulster County,  SMALL/MID ,Northeast,Middle Atlantic,1124.236,158623,103491,79,
1979,36111,NY,Ulster County, small/mid,Northeast,Middle Atlantic,1124.236,159609,104919,84.2,
1980,36111,NY,Ulster County,Small/mid,Northeast,Middle Atlantic,1124.236,158183,104546,89.4,
1981,36111,NY,Ulster County,small/mid,Northeast,Middle Atlantic,1124.236,157619,104807,94.6,
1982,36111,NY,Ulster County,small/mid,Northeast,Middle Atlantic,1124.236,157776,105333,99.8,
1983,36111,NY,Ulster County,small/mid,Northeast,Middle Atlantic,1124.236,158415,106108,105,
1984,36111,NY,Ulster County,small/mid,Northeast,Middle Atlantic,1124.236,159554,107266,118.5,
1985,36111,NY,Ulster County,small/mid,Northeast,Middle Atlantic,1124.236,159883,107785,132,
1986,36111,NY,Ulster County,small/mid,Northeast,Middle Atlantic,1124.236,159759,107988,144,
1987,36111,NY,Ulster County,small/mid,Northeast,Middle Atlantic,1124.236,161858,109325,128,178
1988,36111,NY,Ulster County,small/mid,Northeast,Middle Atlantic,1124.236,162894,109973,137,183
1989,36111,NY,Ulster County,small/mid,Northeast,Middle Atlantic,1124.236,164358,110720,170,193
1990,36111,NY,Ulster County,small/mid,Northeast,Middle Atlantic,1124.236,166049,111822,167,210.333333333
1990,36111,NY,Ulster County,small/mid,Northeast,Middle Atlantic,1124.236,166049,111822,167,210.333333333
1991,36111,NY,Ulster County,small/mid,Northeast,Middle Atlantic,1124.236,168869,113360,149,227.666666667
1992,36111,NY,Ulster County,small/mid,Northeast,Middle Atlantic,1124.236,170872,114176,150,245
1993,36111,NY,Ulster County,small/mid,Northeast,Middle Atlantic,1124.236,172594,114982,142,262
1994,36111,NY,Ulster County,small/mid,Northeast,Middle Atlantic,1124.236,172252,114404,157.1667,269
1995,36111,NY,Ulster County,small/mid,Northeast,Middle Atlantic,1124.236,172362,114236,172.3333,283
1996,36111,NY,Ulster County,small/mid,Northeast,Middle Atlantic,1124.236,173205,114928,187.5,265
1997,36111,NY,Ulster County,SMALL/MID,Northeast,Middle Atlantic,1124.236,174148,115958,202.6667,255
1998,36111,NY,Ulster County,small/mid,Northeast,Middle Atlantic,1124.236,175085,117153,217.8333,308
1999,36111,NY,Ulster County,small/mid,Northeast,Middle Atlantic,1124.236,176526,118470,233,334
2000,36111,NY,Ulster County,small/mid,Northeast,Middle Atlantic,1124.236,177810,119685,248,361
2001,36111,NY,Ulster County,small/mid,Northeast,Middle Atlantic,1124.236,178440,120560,230,432
2001,36111,NY,Ulster County,small/mid,Northeast,Middle Atlantic,1124.236,178440,120560,230,432
2002,36111,NY,Ulster County,small/mid,Northeast,Middle Atlantic,1124.236,180128,122417,767,445
2002,36111,,,,,,,,,214,
2003,36111,NY,Ulster County,small/mid,Northeast,Middle Atlantic,1124.236,180942,123547,246,452
2004,36111,NY,Ulster County,small/mid,Northeast,Middle Atlantic,1124.236,181847,124891,269,453
2004,36111,NY,Ulster County,small/mid,Northeast,Middle Atlantic,1124.236,181847,124891,269,453
2005,36111,NY,Ulster County,small/mid,Northeast,Middle Atlantic,1124.236,182438,125908,278,432
2006,36111,NY,Ulster County,small/mid,Northeast,Middle Atlantic,1124.236,182845,126714,285.875,462
2006,36111,NY,Ulster County,small/mid,Northeast,Middle Atlantic,1124.236,182845,126714,285.875,462
2007,36111,NY,Ulster County,small/mid,Northeast,Middle Atlantic,1124.236,182818,126762,293.75,443
2008,36111,NY,Ulster County,small/mid,Northeast,Middle Atlantic,1124.236,183174,126799,301.625,458
2008,36111,NY,Ulster County,small/mid,Northeast,Middle Atlantic,1124.236,183174,126799,301.625,458
2009,36111,NY,Ulster County,small/mid,Northeast,Middle Atlantic,1124.236,182638,126324,309.5,458
2010,36111,NY,Ulster County,small/mid,Northeast,Middle Atlantic,1124.236,182512,126041,317.375,477
2011,36111,NY,Ulster County,small/mid,Northeast,Middle Atlantic,1124.236,182428,125946,325.25,496
2012,36111,NY,Ulster County,small/mid,Northeast,Middle Atlantic,1124.236,182516,125791,886,597
2012,36111,,,,,,,,,333.125,
2013,36111,NY,Ulster County,small/mid,Northeast,Middle Atlantic,1124.236,181689,124266,341,610
2014,36111,NY,Ulster County,small/mid,Northeast,Middle Atlantic,1124.236,180965,122972,341,614
2015,36111,NY,Ulster County,small/mid,Northeast,Middle Atlantic,1124.236,180763,122134,341,642
2016,36111,NY,Ulster County,small/mid,Northeast,Middle Atlantic,1124.236,179952,120901,,
1970,36113,NY,Warren County,small/mid,Northeast,Middle Atlantic,867.245,49704,28900,29,
1971,36113,NY,Warren County,small/mid,Northeast,Middle Atlantic,867.245,50893,29772,30.5,
1972,36113,NY,Warren County,small/mid,Northeast,Middle Atlantic,867.245,51372,30264,32,
1973,36113,NY,Warren County,Small/mid,Northeast,Middle Atlantic,867.245,51843,30768,33.5,
1974,36113,NY,Warren County,small/mid,Northeast,Middle Atlantic,867.245,52845,31643,35,
1975,36113,NY,Warren County,small/mid,Northeast,Middle Atlantic,867.245,53653,32368,550,
1975,36113,,,,,,,,,36.5,
1976,36113,NY,Warren County,small/mid,Northeast,Middle Atlantic,867.245,53617,32717,38,
1977,36113,NY,Warren County, small/mid,Northeast,Middle Atlantic,867.245,54471,33593,39.5,
1978,36113,NY,Warren County,small/mid,Northeast,Middle Atlantic,867.245,54824,34162,620,
1978,36113,,,,,,,,,41,
1979,36113,NY,Warren County,small/mid,Northeast,Middle Atlantic,867.245,55103,34649,41.6,
1980,36113,NY,Warren County,small/mid,Northeast,Middle Atlantic,867.245,54989,34743,42.2,
1981,36113,NY,Warren County,small/mid,Northeast,Middle Atlantic,867.245,55250,35180,543,
1981,36113,,,,,,,,,42.8,
1982,36113,NY,Warren County,small/mid,Northeast,Middle Atlantic,867.245,55036,35238,43.4,
1983,36113,NY,Warren County,small/mid,Northeast,Middle Atlantic,867.245,55142,35458,44,
1984,36113,NY,Warren County,small/mid,Northeast,Middle Atlantic,867.245,55194,35672,45.6,
1985,36113,NY,Warren County,  SMALL/MID ,Northeast,Middle Atlantic,867.245,55497,36003,47.2,
1986,36113,NY,Warren County,small/mid,Northeast,Middle Atlantic,867.245,55660,36248,48.8,
1987,36113,NY,Warren County,small/mid,Northeast,Middle Atlantic,867.245,56570,36844,50.4,24
1988,36113,NY,Warren County,SMALL/MID,Northeast,Middle Atlantic,867.245,57366,37366,52,17
1988,36113,NY,Warren County,SMALL/MID,Northeast,Middle Atlantic,867.245,57366,37366,52,17
1989,36113,NY,Warren County,small/mid,Northeast,Middle Atlantic,867.245,58196,37846,51.2,25
1990,36113,NY,Warren County,SMALL/MID,Northeast,Middle Atlantic,867.245,59520,38696,50.4,38.3333333333
1991,36113,NY,Warren County,small/mid,Northeast,Middle Atlantic,867.245,60166,38953,49.6,51.6666666667
1992,36113,NY,Warren County,small/mid,Northeast,Middle Atlantic,867.245,60808,39212,48.8,65
1993,36113,NY,Warren County,small/mid,Northeast,Middle Atlantic,867.245,61670,39738,48,69
1994,36113,NY,Warren County,small/mid,Northeast,Middle Atlantic,867.245,61923,39816,53,83
1995,36113,NY,Warren County,small/mid,Northeast,Middle Atlantic,867.245,62271,40041,58,94
1996,36113,NY,Warren County,small/mid,Northeast,Middle Atlantic,867.245,62337,40089,63,103
1997,36113,NY,Warren County,small/mid,Northeast,Middle Atlantic,867.245,62460,40315,68,105
1998,36113,NY,Warren County,small/mid,Northeast,Middle Atlantic,867.245,62585,40624,73,106
1999,36113,NY,Warren County,small/mid,Northeast,Middle Atlantic,867.245,63031,41012,78,115
2000,36113,NY,Warren County,small/mid,Northeast,Middle Atlantic,867.245,63273,41201,84.5,139
2001,36113,NY,Warren County,small/mid,Northeast,Middle Atlantic,867.245,63406,41468,91,148
2002,36113,NY,Warren County,small/mid,Northeast,Middle Atlantic,867.245,63774,41814,97.5,167
2003,36113,NY,Warren County,small/mid,Northeast,Middle Atlantic,867.245,64323,42384,104,178
2004,36113,NY,Warren County,small/mid,Northeast,Middle Atlantic,867.245,64576,42775,110.5,196
2005,36113,NY,Warren County,small/mid,Northeast,Middle Atlantic,867.245,65206,43391,117,228
2006,36113,NY,Warren County,small/mid,Northeast,Middle Atlantic,867.245,65554,43858,116.625,239
2007,36113,NY,Warren County,small/mid,Northeast,Middle Atlantic,867.245,65740,44016,116.25,252
2008,36113,NY,Warren County,small/mid,Northeast,Middle Atlantic,867.245,65848,43877,115.875,304
2009,36113,NY,Warren County,small/mid,Northeast,Middle Atlantic,867.245,65694,43664,115.5,339
2010,36113,NY,Warren County,small/mid,Northeast,Middle Atlantic,867.245,65698,43624,115.125,311
2011,36113,NY,Warren County,small/mid,Northeast,Middle Atlantic,867.245,65672,43612,114.75,333
2011,36113,NY,Warren County,small/mid,Northeast,Middle Atlantic,867.245,65672,43612,114.75,333
2012,36113,NY,Warren County,small/mid,Northeast,Middle Atlantic,867.245,65735,43580,114.375,312
2013,36113,NY,Warren County,small/mid,Northeast,Middle Atlantic,867.245,65425,43002,114,318
2014,36113,NY,Warren County,small/mid,Northeast,Middle Atlantic,867.245,65106,42437,114,323
2015,36113,NY,Warren County,small/mid,Northeast,Middle Atlantic,867.245,64901,42060,114,355
2016,36113,NY,Warren County,small/mid,Northeast,Middle Atlantic,867.245,64448,41583,,
1970,36115,NY,Washington County,small/mid,Northeast,Middle Atlantic,831.167,52938,30590,14,
1971,36115,NY,Washington County,small/mid,Northeast,Middle Atlantic,831.167,53776,31340,16.25,
1972,36115,NY,Washington County,small/mid,Northeast,Middle Atlantic,831.167,54547,32144,18.5,
1973,36115,NY,Washington County,small/mid,Northeast,Middle Atlantic,831.167,54515,32445,20.75,
1974,36115,NY,Washington County,small/mid,Northeast,Middle Atlantic,831.167,53896,32297,23,
1975,36115,NY,Washington County,small/mid,Northeast,Middle Atlantic,831.167,54727,33097,25.25,
1976,36115,NY,Washington County,small/mid,Northeast,Middle Atlantic,831.167,55280,33842,27.5,
1977,36115,NY,Washington County,small/mid,Northeast,Middle Atlantic,831.167,55365,34224,29.75,
1978,36115,NY,Washington County,small/mid,Northeast,Middle Atlantic,831.167,55517,34645,32,
1979,36115,NY,Washington County,small/mid,Northeast,Middle Atlantic,831.167,55365,34809,34.2,
1979,36115,NY,Washington County,small/mid,Northeast,Middle Atlantic,831.167,55365,34809,34.2,
1980,36115,NY,Washington County,small/mid,Northeast,Middle Atlantic,831.167,54807,34651,36.4,
1981,36115,NY,Washington County,small/mid,Northeast,Middle Atlantic,831.167,54576,34796,38.6,
1982,36115,NY,Washington County,Small/mid,Northeast,Middle Atlantic,831.167,54739,35126,40.8,
1983,36115,NY,Washington County,small/mid,Northeast,Middle Atlantic,831.167,54911,35409,43,
1984,36115,NY,Washington County,small/mid,Northeast,Middle Atlantic,831.167,55346,35886,43.6,
1985,36115,NY,Washington County,small/mid,Northeast,Middle Atlantic,831.167,55944,36442,44.2,
1986,36115,NY,Washington County,Small/mid,Northeast,Middle Atlantic,831.167,56602,37040,44.8,
1987,36115,NY,Washington County,small/mid,Northeast,Middle Atlantic,831.167,57482,37632,45.4,26
1988,36115,NY,Washington County,small/mid,Northeast,Middle Atlantic,831.167,58282,38183,46,36
1988,36115,NY,Washington County,small/mid,Northeast,Middle Atlantic,831.167,58282,38183,46,36
1989,36115,NY,Washington County,small/mid,Northeast,Middle Atlantic,831.167,58821,38485,47.2,40
1990,36115,NY,Washington County,small/mid,Northeast,Middle Atlantic,831.167,59507,38946,48.4,48.3333333333
1991,36115,NY,Washington County,small/mid,Northeast,Middle Atlantic,831.167,60120,39067,49.6,56.6666666667
1992,36115,NY,Washington County, small/mid,Northeast,Middle Atlantic,831.167,60482,39167,50.8,65
1993,36115,NY,Washington County,small/mid,Northeast,Middle Atlantic,831.167,60902,39347,52,46
1994,36115,NY,Washington County,small/mid,Northeast,Middle Atlantic,831.167,60860,39318,53.16667,71
1995,36115,NY,Washington County,small/mid,Northeast,Middle Atlantic,831.167,61225,39546,54.33333,126
1995,36115,NY,Washington County,small/mid,Northeast,Middle Atlantic,831.167,61225,39546,54.33333,126
1996,36115,NY,Washington County,small/mid,Northeast,Middle Atlantic,831.167,61278,39660,55.5,130
1997,36115,NY,Washington County,SMALL/MID,Northeast,Middle Atlantic,831.167,60950,39529,56.66667,134
1998,36115,NY,Washington County,small/mid,Northeast,Middle Atlantic,831.167,60851,39686,57.83333,142
1999,36115,NY,Washington County,small/mid,Northeast,Middle Atlantic,831.167,61043,40044,59,140
2000,36115,NY,Washington County,small/mid  ,Northeast,Middle Atlantic,831.167,60977,40099,68.5,149
2001,36115,NY,Washington County,small/mid,Northeast,Middle Atlantic,831.167,61142,40285,78,148
2002,36115,NY,Washington County,Small/mid,Northeast,Middle Atlantic,831.167,61152,40588,87.5,142
2002,36115,NY,Washington County,Small/mid,Northeast,Middle Atlantic,831.167,61152,40588,87.5,142
2003,36115,NY,Washington County,small/mid,Northeast,Middle Atlantic,831.167,61621,41110,97,140
2004,36115,NY,Washington County,small/mid,Northeast,Middle Atlantic,831.167,62278,41821,106.5,138
2005,36115,NY,Washington County, small/mid,Northeast,Middle Atlantic,831.167,62468,42201,116,151
2006,36115,NY,Washington County,small/mid,Northeast,Middle Atlantic,831.167,62771,42509,121,172
2007,36115,NY,Washington County,small/mid,Northeast,Middle Atlantic,831.167,63054,42733,704,187
2007,36115,,,,,,,,,138,
2008,36115,NY,Washington County,small/mid,Northeast,Middle Atlantic,831.167,63252,42793,126,207
2009,36115,NY,Washington County,small/mid,Northeast,Middle Atlantic,831.167,63077,42611,101,231
2010,36115,NY,Washington County,small/mid,Northeast,Middle Atlantic,831.167,63238,42732,110,228
2011,36115,NY,Washington County,small/mid,Northeast,Middle Atlantic,831.167,63336,42847,101,234
2012,36115,NY,Washington County,small/mid,Northeast,Middle Atlantic,831.167,63068,42659,120,230
2013,36115,NY,Washington County,small/mid,Northeast,Middle Atlantic,831.167,62980,42336,119,244
2014,36115,NY,Washington County,small/mid,Northeast,Middle Atlantic,831.167,62756,41991,115,238
2015,36115,NY,Washington County,small/mid,Northeast,Middle Atlantic,831.167,62478,41568,115,236
2016,36115,NY,Washington County,small/mid,Northeast,Middle Atlantic,831.167,62253,41231,,
1970,36117,NY,Wayne County,suburban,Northeast,Middle Atlantic,603.826,79703,47124,44,
1971,36117,NY,Wayne County,suburban,Northeast,Middle Atlantic,603.826,80919,48219,43.625,
1972,36117,NY,Wayne County,suburban,Northeast,Middle Atlantic,603.826,82155,49517,43.25,
1973,36117,NY,Wayne County,suburban,Northeast,Middle Atlantic,603.826,82318,50116,543,
1973,36117,,,,,,,,,42.875,
1974,36117,NY,Wayne County,suburban,Northeast,Middle Atlantic,603.826,83140,51113,42.5,
1974,36117,NY,Wayne County,suburban,Northeast,Middle Atlantic,603.826,83140,51113,42.5,
1975,36117,NY,Wayne County,suburban,Northeast,Middle Atlantic,603.826,84045,52120,42.125,
1976,36117,NY,Wayne County,suburban,Northeast,Middle Atlantic,603.826,84118,52616,41.75,
1977,36117,NY,Wayne County,suburban,Northeast,Middle Atlantic,603.826,84679,53380,41.375,
1978,36117,NY,Wayne County,suburban,Northeast,Middle Atlantic,603.826,83946,53260,41,
1979,36117,NY,Wayne County,suburban,Northeast,Middle Atlantic,603.826,86830,55667,41.6,
1980,36117,NY,Wayne County,suburban,Northeast,Middle Atlantic,603.826,84824,54481,42.2,
1981,36117,NY,Wayne County,suburban,Northeast,Middle Atlantic,603.826,85376,55134,42.8,
1981,36117,NY,Wayne County,suburban,Northeast,Middle Atlantic,603.826,85376,55134,42.8,
1982,36117,NY,Wayne County,suburban,Northeast,Middle Atlantic,603.826,85837,55616,43.4,
1983,36117,NY,Wayne County,suburban,Northeast,Middle Atlantic,603.826,85795,55705,44,
1984,36117,NY,Wayne County,suburban,Northeast,Middle Atlantic,603.826,86250,56143,47.6,
1985,36117,NY,Wayne County,suburban,Northeast,Middle Atlantic,603.826,86262,56246,51.2,
1986,36117,NY,Wayne County,suburban,Northeast,Middle Atlantic,603.826,86825,56718,54.8,
1987,36117,NY,Wayne County,suburban,Northeast,Middle Atlantic,603.826,86992,56711,58.4,48
1988,36117,NY,Wayne County, suburban,Northeast,Middle Atlantic,603.826,87737,57081,62,48
1989,36117,NY,Wayne County,suburban,Northeast,Middle Atlantic,603.826,88397,57294,54,74
1990,36117,NY,Wayne County,suburban,Northeast,Middle Atlantic,603.826,89365,57831,82,98
1991,36117,NY,Wayne County,suburban,Northeast,Middle Atlantic,603.826,90222,58114,79,122
1992,36117,NY,Wayne County,suburban,Northeast,Middle Atlantic,603.826,90896,58417,92,146
1993,36117,NY,Wayne County,suburban,Northeast,Middle Atlantic,603.826,91779,58928,125,148
1994,36117,NY,Wayne County,suburban  ,Northeast,Middle Atlantic,603.826,92203,59142,128.5,168
1995,36117,NY,Wayne County,suburban,Northeast,Middle Atlantic,603.826,92740,59524,132,172
1996,36117,NY,Wayne County,SUBURBAN,Northeast,Middle Atlantic,603.826,93128,59812,135.5,188
1997,36117,NY,Wayne County,suburban,Northeast,Middle Atlantic,603.826,93282,60188,139,191
1998,36117,NY,Wayne County,suburban,Northeast,Middle Atlantic,603.826,93624,60748,142.5,207
1999,36117,NY,Wayne County,suburban,Northeast,Middle Atlantic,603.826,93790,61034,146,250
2000,36117,NY,Wayne County,suburban,Northeast,Middle Atlantic,603.826,93791,61128,148.5,252
2001,36117,NY,Wayne County,suburban,Northeast,Middle Atlantic,603.826,93794,61280,151,241
2002,36117,NY,Wayne County,suburban,Northeast,Middle Atlantic,603.826,93735,61558,153.5,247
2003,36117,NY,Wayne County,suburban,Northeast,Middle Atlantic,603.826,94001,61796,156,233
2003,36117,NY,Wayne County,suburban,Northeast,Middle Atlantic,603.826,94001,61796,156,233
2004,36117,NY,Wayne County,suburban,Northeast,Middle Atlantic,603.826,93860,61956,158.5,259
2005,36117,NY,Wayne County,suburban,Northeast,Middle Atlantic,603.826,93727,62229,161,257
2006,36117,NY,Wayne County,suburban,Northeast,Middle Atlantic,603.826,93595,62336,154.375,262
2007,36117,NY,Wayne County,suburban,Northeast,Middle Atlantic,603.826,93539,62412,147.75,262
2008,36117,NY,Wayne County,suburban,Northeast,Middle Atlantic,603.826,93739,62458,141.125,259
2009,36117,NY,Wayne County,suburban,Northeast,Middle Atlantic,603.826,93643,62401,134.5,241
2010,36117,NY,Wayne County,suburban,Northeast,Middle Atlantic,603.826,93751,62446,127.875,232
2011,36117,NY,Wayne County,suburban,Northeast,Middle Atlantic,603.826,93750,62457,121.25,217
2012,36117,NY,Wayne County,SUBURBAN,Northeast,Middle Atlantic,603.826,93263,62094,114.625,225
2013,36117,NY,Wayne County,suburban,Northeast,Middle Atlantic,603.826,93062,61444,108,200
2014,36117,NY,Wayne County,  SUBURBAN ,Northeast,Middle Atlantic,603.826,92399,60779,108,180
2015,36117,NY,Wayne County,suburban,Northeast,Middle Atlantic,603.826,91856,60025,108,210
2016,36117,NY,Wayne County,suburban,Northeast,Middle Atlantic,603.826,91359,59427,,
1970,36119,NY,Westchester County,suburban,Northeast,Middle Atlantic,430.516,894227,568028,458,
1971,36119,NY,Westchester County,suburban,Northeast,Middle Atlantic,430.516,893523,570036,460.5,
1972,36119,NY,Westchester County,suburban,Northeast,Middle Atlantic,430.516,893625,574242,463,
1973,36119,NY,Westchester County,suburban,Northeast,Middle Atlantic,430.516,886576,573599,465.5,
1974,36119,NY,Westchester County,suburban,Northeast,Middle Atlantic,430.516,874617,568749,468,
1975,36119,NY,Westchester County,SUBURBAN,Northeast,Middle Atlantic,430.516,874268,572018,470.5,
1976,36119,NY,Westchester County,suburban,Northeast,Middle Atlantic,430.516,874230,576165,473,
1977,36119,NY,Westchester County,suburban,Northeast,Middle Atlantic,430.516,872375,578429,475.5,
1977,36119,NY,Westchester County,suburban,Northeast,Middle Atlantic,430.516,872375,578429,475.5,
1978,36119,NY,Westchester County,suburban,Northeast,Middle Atlantic,430.516,872336,582196,478,
1979,36119,NY,Westchester County,suburban,Northeast,Middle Atlantic,430.516,870643,584549,544.4,
1980,36119,NY,Westchester County,suburban,Northeast,Middle Atlantic,430.516,866971,584220,610.8,
1981,36119,NY,Westchester County,suburban,Northeast,Middle Atlantic,430.516,866592,585990,677.2,
1982,36119,NY,Westchester County,suburban,Northeast,Middle Atlantic,430.516,865693,586452,743.6,
1983,36119,NY,Westchester County,suburban,Northeast,Middle Atlantic,430.516,869855,590056,810,
1983,36119,NY,Westchester County,suburban,Northeast,Middle Atlantic,430.516,869855,590056,810,
1984,36119,NY,Westchester County,suburban,Northeast,Middle Atlantic,430.516,875599,594974,898,
1984,36119,NY,Westchester County,suburban,Northeast,Middle Atlantic,430.516,875599,594974,898,
1985,36119,NY,Westchester County,suburban,Northeast,Middle Atlantic,430.516,873018,593702,986,
1986,36119,NY,Westchester County,Suburban,Northeast,Middle Atlantic,430.516,871629,593254,891,
1987,36119,NY,Westchester County,suburban,Northeast,Middle Atlantic,430.516,872501,592475,1070,1544
1988,36119,NY,Westchester County,suburban,Northeast,Middle Atlantic,430.516,874761,592974,1261,1558
1989,36119,NY,Westchester County,suburban,Northeast,Middle Atlantic,430.516,875047,591050,1368,1548
1990,36119,NY,Westchester County,suburban,Northeast,Middle Atlantic,430.516,875578,589666,1546,1718
1991,36119,NY,Westchester County,suburban,Northeast,Middle Atlantic,430.516,878615,585929,1356,1888
1992,36119,NY,Westchester County,suburban  ,Northeast,Middle Atlantic,430.516,885146,585581,1288,2058
1992,36119,NY,Westchester County,suburban  ,Northeast,Middle Atlantic,430.516,885146,585581,1288,2058
1993,36119,NY,Westchester County,suburban,Northeast,Middle Atlantic,430.516,890061,584762,1407,1949
1994,36119,NY,Westchester County,suburban,Northeast,Middle Atlantic,430.516,893531,583266,1405,1916
1995,36119,NY,Westchester County,Suburban,Northeast,Middle Atlantic,430.516,897945,583293,1190,2031
1996,36119,NY,Westchester County,suburban,Northeast,Middle Atlantic,430.516,902174,584797,1236,1996
1997,36119,NY,Westchester County,suburban,Northeast,Middle Atlantic,430.516,905632,587197,1400,1902
1998,36119,NY,Westchester County,suburban,Northeast,Middle Atlantic,430.516,911628,592300,1450,1899
1999,36119,NY,Westchester County,suburban,Northeast,Middle Atlantic,430.516,918532,596139,1436,2014
2000,36119,NY,Westchester County,suburban,Northeast,Middle Atlantic,430.516,925511,600329,1265,1999
2001,36119,NY,Westchester County,suburban,Northeast,Middle Atlantic,430.516,931577,604616,1244,1882
2002,36119,NY,Westchester County,SUBURBAN,Northeast,Middle Atlantic,430.516,935219,607303,1360,1799
2003,36119,NY,Westchester County,suburban,Northeast,Middle Atlantic,430.516,935799,608480,1408,1775
2004,36119,NY,Westchester County,suburban,Northeast,Middle Atlantic,430.516,935457,609174,1462,1780
2005,36119,NY,Westchester County,suburban,Northeast,Middle Atlantic,430.516,933401,609671,1485,1719
2006,36119,NY,Westchester County,suburban,Northeast,Middle Atlantic,430.516,931426,610693,1500,1672
2007,36119,NY,Westchester County,suburban,Northeast,Middle Atlantic,430.516,933414,613063,1522,1648
2007,36119,NY,Westchester County,suburban,Northeast,Middle Atlantic,430.516,933414,613063,1522,1648
2008,36119,NY,Westchester County,suburban,Northeast,Middle Atlantic,430.516,937449,615855,1433,1643
2009,36119,NY,Westchester County,suburban,Northeast,Middle Atlantic,430.516,944201,620860,1455,1539
2010,36119,NY,Westchester County,suburban,Northeast,Middle Atlantic,430.516,949201,623954,1423,1536
2011,36119,NY,Westchester County,suburban,Northeast,Middle Atlantic,430.516,950964,625191,1373,1555
2012,36119,NY,Westchester County,suburban,Northeast,Middle Atlantic,430.516,957693,630847,1444,1561
2013,36119,NY,Westchester County,suburban,Northeast,Middle Atlantic,430.516,962190,631762,1332,1444
2014,36119,NY,Westchester County,suburban,Northeast,Middle Atlantic,430.516,968910,636189,1221.5,1357
2014,36119,NY,Westchester County,suburban,Northeast,Middle Atlantic,430.516,968910,636189,1221.5,1357
2015,36119,NY,Westchester County,suburban,Northeast,Middle Atlantic,430.516,972742,638262,1111,1301
2016,36119,NY,Westchester County,suburban,Northeast,Middle Atlantic,430.516,976103,639879,,
1970,36121,NY,Wyoming County,rural,Northeast,Middle Atlantic,592.751,38000,22651,4,
1971,36121,NY,Wyoming County,rural,Northeast,Middle Atlantic,592.751,39263,23571,4.25,
1972,36121,NY,Wyoming County,rural,Northeast,Middle Atlantic,592.751,37966,22866,4.5,
1973,36121,NY,Wyoming County,  RURAL ,Northeast,Middle Atlantic,592.751,38457,23350,4.75,
1973,36121,NY,Wyoming County,  RURAL ,Northeast,Middle Atlantic,592.751,38457,23350,4.75,
1974,36121,NY,Wyoming County,urban,Northeast,Middle Atlantic,592.751,38885,23902,5,
1975,36121,NY,Wyoming County,rural,Northeast,Middle Atlantic,592.751,39616,24647,5.25,
1976,36121,NY,Wyoming County,urban,Northeast,Middle Atlantic,592.751,40022,25162,5.5,
1977,36121,NY,Wyoming County,urban,Northeast,Middle Atlantic,592.751,40299,25544,5.75,
1978,36121,NY,Wyoming County,rural,Northeast,Middle Atlantic,592.751,40426,25835,6,
1979,36121,NY,Wyoming County,rural,Northeast,Middle Atlantic,592.751,40628,26123,5.8,
1980,36121,NY,Wyoming County,urban,Northeast,Middle Atlantic,592.751,39950,25744,5.6,
1981,36121,NY,Wyoming County,RURAL,Northeast,Middle Atlantic,592.751,39999,25952,5.4,
1981,36121,NY,Wyoming County,urban,Northeast,Middle Atlantic,592.751,39999,25952,5.4,
1982,36121,NY,Wyoming County,rural,Northeast,Middle Atlantic,592.751,40435,26358,5.2,
1983,36121,NY,Wyoming County,rural,Northeast,Middle Atlantic,592.751,40482,26480,5,
1984,36121,NY,Wyoming County,rural,Northeast,Middle Atlantic,592.751,40635,26685,8.8,
1985,36121,NY,Wyoming County,rural,Northeast,Middle Atlantic,592.751,40718,26825,12.6,
1986,36121,NY,Wyoming County,RURAL,Northeast,Middle Atlantic,592.751,41245,27263,16.4,
1987,36121,NY,Wyoming County,urban,Northeast,Middle Atlantic,592.751,41856,27639,20.2,13
1988,36121,NY,Wyoming County,urban,Northeast,Middle Atlantic,592.751,42028,27733,24,13
1989,36121,NY,Wyoming County,rural,Northeast,Middle Atlantic,592.751,42193,27776,18,11
1990,36121,NY,Wyoming County,urban,Northeast,Middle Atlantic,592.751,42563,28022,25,12.6666666667
1991,36121,NY,Wyoming County,rural,Northeast,Middle Atlantic,592.751,43163,28456,36,14.3333333333
1992,36121,NY,Wyoming County,rural,Northeast,Middle Atlantic,592.751,43397,28642,38,16
1993,36121,NY,Wyoming County,rural  ,Northeast,Middle Atlantic,592.751,43474,28713,42,28
1993,36121,NY,Wyoming County,rural  ,Northeast,Middle Atlantic,592.751,43474,28713,42,28
1994,36121,NY,Wyoming County,rural,Northeast,Middle Atlantic,592.751,43521,28785,44.33333,30
1995,36121,NY,Wyoming County,rural,Northeast,Middle Atlantic,592.751,43709,29031,46.66667,34
1996,36121,NY,Wyoming County,urban,Northeast,Middle Atlantic,592.751,43950,29390,49,29
1997,36121,NY,Wyoming County,rural,Northeast,Middle Atlantic,592.751,43767,29432,51.33333,31
1998,36121,NY,Wyoming County,rural,Northeast,Middle Atlantic,592.751,43527,29463,53.66667,27
1999,36121,NY,Wyoming County,rural,Northeast,Middle Atlantic,592.751,43584,29706,56,33
2000,36121,NY,Wyoming County,urban,Northeast,Middle Atlantic,592.751,43399,29702,55.66667,43
2001,36121,NY,Wyoming County,urban,Northeast,Middle Atlantic,592.751,43061,29586,55.33333,69
2002,36121,NY,Wyoming County,rural,Northeast,Middle Atlantic,592.751,43007,29692,55,55
2003,36121,NY,Wyoming County,urban,Northeast,Middle Atlantic,592.751,42955,29733,54.66667,65
2004,36121,NY,Wyoming County,urban,Northeast,Middle Atlantic,592.751,42852,29746,54.33333,68
2005,36121,NY,Wyoming County,urban,Northeast,Middle Atlantic,592.751,42780,29872,54,77
2006,36121,NY,Wyoming County,rural,Northeast,Middle Atlantic,592.751,42673,29847,54.875,95
2007,36121,NY,Wyoming County,rural,Northeast,Middle Atlantic,592.751,42515,29792,55.75,89
2008,36121,NY,Wyoming County,rural,Northeast,Middle Atlantic,592.751,42281,29630,56.625,103
2009,36121,NY,Wyoming County,rural,Northeast,Middle Atlantic,592.751,42236,29605,57.5,101
2010,36121,NY,Wyoming County,urban,Northeast,Middle Atlantic,592.751,42162,29478,58.375,88
2011,36121,NY,Wyoming County,  RURAL ,Northeast,Middle Atlantic,592.751,42133,29452,59.25,90
2012,36121,NY,Wyoming County,urban,Northeast,Middle Atlantic,592.751,41854,29241,60.125,95
2013,36121,NY,Wyoming County,rural,Northeast,Middle Atlantic,592.751,41714,28936,61,98
2014,36121,NY,Wyoming County,rural,Northeast,Middle Atlantic,592.751,41380,28653,61,120
2015,36121,NY,Wyoming County,Rural,Northeast,Middle Atlantic,592.751,41160,28329,61,138
2016,36121,NY,Wyoming County,rural,Northeast,Middle Atlantic,592.751,40957,28053,,
1970,36123,NY,Yates County,suburban,Northeast,Middle Atlantic,338.143,19978,11751,3,
1971,36123,NY,Yates County,suburban,Northeast,Middle Atlantic,338.143,20547,12133,4,
1972,36123,NY,Yates County, suburban,Northeast,Middle Atlantic,338.143,20539,12178,5,
1973,36123,NY,Yates County,suburban,Northeast,Middle Atlantic,338.143,20528,12217,6,
1974,36123,NY,Yates County,suburban,Northeast,Middle Atlantic,338.143,20431,12256,7,
1975,36123,NY,Yates County,suburban,Northeast,Middle Atlantic,338.143,20699,12536,8,
1976,36123,NY,Yates County,suburban,Northeast,Middle Atlantic,338.143,20783,12659,9,
1977,36123,NY,Yates County,suburban,Northeast,Middle Atlantic,338.143,21152,13015,10,
1978,36123,NY,Yates County,suburban,Northeast,Middle Atlantic,338.143,21232,13141,11,
1979,36123,NY,Yates County,suburban,Northeast,Middle Atlantic,338.143,21205,13177,14.8,
1980,36123,NY,Yates County,suburban,Northeast,Middle Atlantic,338.143,21473,13419,18.6,
1981,36123,NY,Yates County,suburban,Northeast,Middle Atlantic,338.143,21418,13444,22.4,
1982,36123,NY,Yates County,suburban,Northeast,Middle Atlantic,338.143,21399,13463,26.2,
1983,36123,NY,Yates County,suburban,Northeast,Middle Atlantic,338.143,21594,13602,30,
1984,36123,NY,Yates County,suburban,Northeast,Middle Atlantic,338.143,21636,13655,31.8,
1985,36123,NY,Yates County,suburban,Northeast,Middle Atlantic,338.143,21538,13613,33.6,
1986,36123,NY,Yates County,Suburban,Northeast,Middle Atlantic,338.143,21593,13656,35.4,
1987,36123,NY,Yates County,suburban,Northeast,Middle Atlantic,338.143,21821,13758,37.2,8
1988,36123,NY,Yates County,suburban,Northeast,Middle Atlantic,338.143,22087,13888,39,11
1989,36123,NY,Yates County,suburban,Northeast,Middle Atlantic,338.143,22484,14079,38,9
1990,36123,NY,Yates County,suburban,Northeast,Middle Atlantic,338.143,22891,14283,42,11.3333333333
1991,36123,NY,Yates County,suburban,Northeast,Middle Atlantic,338.143,23087,14313,40,13.6666666667
1991,36123,NY,Yates County,suburban,Northeast,Middle Atlantic,338.143,23087,14313,40,13.6666666667
1992,36123,NY,Yates County,suburban,Northeast,Middle Atlantic,338.143,23211,14338,48,16
1993,36123,NY,Yates County,suburban,Northeast,Middle Atlantic,338.143,23531,14477,49,23
1994,36123,NY,Yates County,suburban,Northeast,Middle Atlantic,338.143,23922,14717,49.33333,23
1995,36123,NY,Yates County,suburban,Northeast,Middle Atlantic,338.143,24064,14777,49.66667,30
1996,36123,NY,Yates County, suburban,Northeast,Middle Atlantic,338.143,24209,14896,564,28
1996,36123,,,,,,,,,50,
1997,36123,NY,Yates County,SUBURBAN,Northeast,Middle Atlantic,338.143,24245,14995,50.33333,23
1998,36123,NY,Yates County,suburban,Northeast,Middle Atlantic,338.143,24355,15157,50.66667,35
1999,36123,NY,Yates County,suburban,Northeast,Middle Atlantic,338.143,24613,15408,51,47
2000,36123,NY,Yates County,suburban,Northeast,Middle Atlantic,338.143,24723,15492,51.66667,54
2001,36123,NY,Yates County,suburban,Northeast,Middle Atlantic,338.143,24725,15510,52.33333,43
2002,36123,NY,Yates County,suburban,Northeast,Middle Atlantic,338.143,24688,15541,53,46
2003,36123,NY,Yates County,suburban,Northeast,Middle Atlantic,338.143,24898,15743,53.66667,46
2004,36123,NY,Yates County,suburban,Northeast,Middle Atlantic,338.143,25008,15932,54.33333,53
2005,36123,NY,Yates County,SUBURBAN,Northeast,Middle Atlantic,338.143,25129,16007,55,70
2006,36123,NY,Yates County,suburban,Northeast,Middle Atlantic,338.143,25025,16018,54.5,73
2007,36123,NY,Yates County,suburban,Northeast,Middle Atlantic,338.143,25234,16097,54,64
2008,36123,NY,Yates County,suburban,Northeast,Middle Atlantic,338.143,25352,16126,53.5,62
2009,36123,NY,Yates County,SUBURBAN,Northeast,Middle Atlantic,338.143,25303,16137,53,60
2010,36123,NY,Yates County,suburban,Northeast,Middle Atlantic,338.143,25363,16118,52.5,59
2011,36123,NY,Yates County,suburban,Northeast,Middle Atlantic,338.143,25374,16123,52,53
2012,36123,NY,Yates County, suburban,Northeast,Middle Atlantic,338.143,25451,16213,51.5,61
2013,36123,NY,Yates County,suburban,Northeast,Middle Atlantic,338.143,25338,16048,51,64
2014,36123,NY,Yates County,suburban,Northeast,Middle Atlantic,338.143,25224,15939,51,57
2015,36123,NY,Yates County,suburban,Northeast,Middle Atlantic,338.143,25150,15820,51,50
2016,36123,NY,Yates County,suburban,Northeast,Middle Atlantic,338.143,25065,15729,,
2016,36123,NY,Yates County,suburban,Northeast,Middle Atlantic,338.143,25065,15729,,
