year,fips,state,county_name,urbanicity,region,division,land_area,total_pop,total_pop_15to64,total_jail_pop,total_prison_pop
1970,45001,SC,Abbeville County,rural,South,South Atlantic,490.48,21180,13230,22,
1971,45001,SC,Abbeville County,rural,South,South Atlantic,490.48,21495,13431,22,
1972,45001,SC,Abbeville County,rural,South,South Atlantic,490.48,21547,13480,22,
1973,45001,SC,Abbeville County,rural,South,South Atlantic,490.48,21611,13545,22,
1974,45001,SC,Abbeville County, rural,South,South Atlantic,490.48,21857,13738,22,
1975,45001,SC,Abbeville County,rural,South,South Atlantic,490.48,22053,13889,22,
1976,45001,SC,Abbeville County,rural,South,South Atlantic,490.48,22234,14150,22,
1977,45001,SC,Abbeville County,rural,South,South Atlantic,490.48,22631,14472,22,
1978,45001,SC,Abbeville County,rural,South,South Atlantic,490.48,22935,14723,22,
1979,45001,SC,Abbeville County,rural,South,South Atlantic,490.48,22874,14682,22,
1980,45001,SC,Abbeville County,rural,South,South Atlantic,490.48,22655,14504,22,
1981,45001,SC,Abbeville County,rural,South,South Atlantic,490.48,22788,14641,22,
1982,45001,SC,Abbeville County,rural,South,South Atlantic,490.48,22962,14746,22,
1983,45001,SC,Abbeville County,rural,South,South Atlantic,490.48,22924,14703,22,62
1984,45001,SC,Abbeville County,rural,South,South Atlantic,490.48,22979,14749,21.2,57
1985,45001,SC,Abbeville County,rural,South,South Atlantic,490.48,22960,14745,20.4,67
1986,45001,SC,Abbeville County,rural,South,South Atlantic,490.48,22832,14669,19.6,64
1987,45001,SC,Abbeville County,rural,South,South Atlantic,490.48,23013,14786,18.8,76
1988,45001,SC,Abbeville County,rural,South,South Atlantic,490.48,23299,14927,18,84
1989,45001,SC,Abbeville County,rural,South,South Atlantic,490.48,23644,15105,21.4,79
1990,45001,SC,Abbeville County,rural,South,South Atlantic,490.48,23958,15324,24.8,97
1991,45001,SC,Abbeville County,rural,South,South Atlantic,490.48,24157,15392,28.2,110
1992,45001,SC,Abbeville County,rural,South,South Atlantic,490.48,24352,15515,31.6,126
1993,45001,SC,Abbeville County,rural,South,South Atlantic,490.48,24487,15596,35,105
1994,45001,SC,Abbeville County,rural,South,South Atlantic,490.48,24680,15689,36.83333,92
1995,45001,SC,Abbeville County,rural,South,South Atlantic,490.48,24941,15877,38.66667,117
1996,45001,SC,Abbeville County,rural,South,South Atlantic,490.48,25074,15953,40.5,118
1996,45001,SC,Abbeville County,rural,South,South Atlantic,490.48,25074,15953,40.5,118
1997,45001,SC,Abbeville County,rural,South,South Atlantic,490.48,25308,16131,42.33333,124
1998,45001,SC,Abbeville County,rural,South,South Atlantic,490.48,25670,16425,44.16667,129
1999,45001,SC,Abbeville County,rural,South,South Atlantic,490.48,25921,16664,46,135
1999,45001,SC,Abbeville County,rural,South,South Atlantic,490.48,25921,16664,46,135
2000,45001,SC,Abbeville County,rural,South,South Atlantic,490.48,26229,16896,48.16667,136
2001,45001,SC,Abbeville County,rural,South,South Atlantic,490.48,26330,16982,50.33333,143
2002,45001,SC,Abbeville County,rural,South,South Atlantic,490.48,26311,16999,52.5,123
2003,45001,SC,Abbeville County,Rural,South,South Atlantic,490.48,26306,17046,620,154
2003,45001,,,,,,,,,54.66667,
2004,45001,SC,Abbeville County,rural,South,South Atlantic,490.48,26235,17006,56.83333,149
2005,45001,SC,Abbeville County,rural,South,South Atlantic,490.48,25995,16952,59,127
2006,45001,SC,Abbeville County,Rural,South,South Atlantic,490.48,25821,16863,61,130
2007,45001,SC,Abbeville County,rural,South,South Atlantic,490.48,25745,16760,63,141
2008,45001,SC,Abbeville County,rural,South,South Atlantic,490.48,25699,16648,65,143
2009,45001,SC,Abbeville County,RURAL,South,South Atlantic,490.48,25614,16601,67,140
2010,45001,SC,Abbeville County,rural,South,South Atlantic,490.48,25416,16465,69,123
2011,45001,SC,Abbeville County, rural,South,South Atlantic,490.48,25328,16416,71,113
2012,45001,SC,Abbeville County,rural,South,South Atlantic,490.48,25082,16218,73,100
2013,45001,SC,Abbeville County,rural,South,South Atlantic,490.48,25019,15981,75,99
2014,45001,SC,Abbeville County,rural,South,South Atlantic,490.48,24901,15816,75,98
2015,45001,SC,Abbeville County,rural,South,South Atlantic,490.48,24800,15648,75,96
2016,45001,SC,Abbeville County,rural,South,South Atlantic,490.48,24802,15608,,
1970,45003,SC,Aiken County,small/mid,South,South Atlantic,1071.09,91142,56168,91,
1971,45003,SC,Aiken County,small/mid,South,South Atlantic,1071.09,91642,56801,87.375,
1972,45003,SC,Aiken County,small/mid,South,South Atlantic,1071.09,92463,57824,83.75,
1973,45003,SC,Aiken County,small/mid,South,South Atlantic,1071.09,95187,60161,80.125,
1974,45003,SC,Aiken County,small/mid,South,South Atlantic,1071.09,96117,61219,76.5,
1975,45003,SC,Aiken County,small/mid,South,South Atlantic,1071.09,97795,62750,72.875,
1976,45003,SC,Aiken County,small/mid,South,South Atlantic,1071.09,99447,64358,69.25,
1977,45003,SC,Aiken County,small/mid,South,South Atlantic,1071.09,100680,65527,65.625,
1978,45003,SC,Aiken County,small/mid,South,South Atlantic,1071.09,103218,67542,62,
1979,45003,SC,Aiken County,small/mid,South,South Atlantic,1071.09,104059,68318,68,
1980,45003,SC,Aiken County,small/mid,South,South Atlantic,1071.09,105914,69781,74,
1981,45003,SC,Aiken County,small/mid,South,South Atlantic,1071.09,106922,70664,80,
1982,45003,SC,Aiken County,small/mid  ,South,South Atlantic,1071.09,108222,71486,86,
1982,45003,SC,Aiken County,small/mid  ,South,South Atlantic,1071.09,108222,71486,86,
1983,45003,SC,Aiken County, small/mid,South,South Atlantic,1071.09,108419,71534,92,273
1984,45003,SC,Aiken County,small/mid,South,South Atlantic,1071.09,110438,72921,91,281
1985,45003,SC,Aiken County,small/mid,South,South Atlantic,1071.09,112493,74305,90,282
1986,45003,SC,Aiken County,small/mid,South,South Atlantic,1071.09,114535,75729,111,333
1986,45003,SC,Aiken County,small/mid,South,South Atlantic,1071.09,114535,75729,111,333
1987,45003,SC,Aiken County,small/mid,South,South Atlantic,1071.09,115574,76399,120,370
1988,45003,SC,Aiken County,small/mid,South,South Atlantic,1071.09,117043,77154,125,469
1989,45003,SC,Aiken County,small/mid,South,South Atlantic,1071.09,118376,77806,157,515
1989,45003,SC,Aiken County,small/mid,South,South Atlantic,1071.09,118376,77806,157,515
1990,45003,SC,Aiken County,small/mid,South,South Atlantic,1071.09,122046,80338,153,580
1991,45003,SC,Aiken County,small/mid,South,South Atlantic,1071.09,126745,83480,166,606
1992,45003,SC,Aiken County,small/mid,South,South Atlantic,1071.09,129898,85450,180,587
1993,45003,SC,Aiken County,small/mid,South,South Atlantic,1071.09,132694,87265,185,545
1994,45003,SC,Aiken County, small/mid,South,South Atlantic,1071.09,134214,88057,171,535
1995,45003,SC,Aiken County,small/mid,South,South Atlantic,1071.09,135769,89082,170,528
1996,45003,SC,Aiken County,small/mid,South,South Atlantic,1071.09,136477,89230,200,620
1997,45003,SC,Aiken County,small/mid,South,South Atlantic,1071.09,138080,90104,188,624
1998,45003,SC,Aiken County,small/mid,South,South Atlantic,1071.09,139358,90948,197,637
1999,45003,SC,Aiken County,small/mid,South,South Atlantic,1071.09,141379,92548,234,563
2000,45003,SC,Aiken County,small/mid  ,South,South Atlantic,1071.09,142742,93546,230,571
2001,45003,SC,Aiken County,small/mid,South,South Atlantic,1071.09,143676,94339,212,586
2002,45003,SC,Aiken County,small/mid,South,South Atlantic,1071.09,145226,95574,294,621
2003,45003,SC,Aiken County, small/mid,South,South Atlantic,1071.09,146793,96970,314,622
2004,45003,SC,Aiken County,SMALL/MID,South,South Atlantic,1071.09,148746,98570,329,697
2005,45003,SC,Aiken County,small/mid,South,South Atlantic,1071.09,150152,99672,373,654
2006,45003,SC,Aiken County,small/mid,South,South Atlantic,1071.09,152577,100953,367,644
2007,45003,SC,Aiken County,small/mid,South,South Atlantic,1071.09,154814,102490,361,642
2008,45003,SC,Aiken County,Small/mid,South,South Atlantic,1071.09,156896,103592,355,709
2009,45003,SC,Aiken County,small/mid,South,South Atlantic,1071.09,158499,104455,349,767
2010,45003,SC,Aiken County,small/mid,South,South Atlantic,1071.09,160106,105213,343,768
2011,45003,SC,Aiken County,  SMALL/MID ,South,South Atlantic,1071.09,160527,105442,337,794
2012,45003,SC,Aiken County,small/mid,South,South Atlantic,1071.09,161591,105789,331,710
2013,45003,SC,Aiken County,Small/mid,South,South Atlantic,1071.09,162938,105791,325,741
2014,45003,SC,Aiken County,small/mid,South,South Atlantic,1071.09,163708,105752,325,714
2015,45003,SC,Aiken County,small/mid,South,South Atlantic,1071.09,164176,105413,325,705
2016,45003,SC,Aiken County,small/mid,South,South Atlantic,1071.09,165550,105738,,
1970,45005,SC,Allendale County,rural,South,South Atlantic,408.091,9812,5809,15,
1971,45005,SC,Allendale County,rural,South,South Atlantic,408.091,9993,5937,14.625,
1971,45005,SC,Allendale County,rural,South,South Atlantic,408.091,9993,5937,14.625,
1972,45005,SC,Allendale County,rural,South,South Atlantic,408.091,10193,6091,14.25,
1973,45005,SC,Allendale County,rural,South,South Atlantic,408.091,10285,6172,13.875,
1974,45005,SC,Allendale County,RURAL,South,South Atlantic,408.091,10316,6201,13.5,
1975,45005,SC,Allendale County,rural,South,South Atlantic,408.091,10387,6264,13.125,
1976,45005,SC,Allendale County,rural,South,South Atlantic,408.091,10513,6359,12.75,
1977,45005,SC,Allendale County,rural,South,South Atlantic,408.091,10598,6416,12.375,
1978,45005,SC,Allendale County,rural,South,South Atlantic,408.091,10554,6390,12,
1979,45005,SC,Allendale County,rural,South,South Atlantic,408.091,10708,6479,13.2,
1980,45005,SC,Allendale County,rural,South,South Atlantic,408.091,10641,6448,14.4,
1981,45005,SC,Allendale County,rural,South,South Atlantic,408.091,10468,6396,15.6,
1982,45005,SC,Allendale County,rural,South,South Atlantic,408.091,10641,6521,16.8,
1982,45005,SC,Allendale County,rural,South,South Atlantic,408.091,10641,6521,16.8,
1983,45005,SC,Allendale County,rural,South,South Atlantic,408.091,10793,6634,18,56
1984,45005,SC,Allendale County,rural,South,South Atlantic,408.091,10960,6768,19.2,57
1985,45005,SC,Allendale County,rural,South,South Atlantic,408.091,11096,6879,20.4,55
1986,45005,SC,Allendale County,rural  ,South,South Atlantic,408.091,11227,7000,21.6,54
1987,45005,SC,Allendale County, rural,South,South Atlantic,408.091,11439,7161,22.8,54
1988,45005,SC,Allendale County,rural,South,South Atlantic,408.091,11559,7231,24,57
1989,45005,SC,Allendale County,rural,South,South Atlantic,408.091,11610,7268,23.8,71
1990,45005,SC,Allendale County,rural,South,South Atlantic,408.091,11747,7343,23.6,77
1991,45005,SC,Allendale County,rural,South,South Atlantic,408.091,12048,7641,550,75
1991,45005,,,,,,,,,23.4,
1992,45005,SC,Allendale County,rural,South,South Atlantic,408.091,12001,7603,23.2,71
1993,45005,SC,Allendale County,rural,South,South Atlantic,408.091,11897,7554,23,72
1994,45005,SC,Allendale County,rural,South,South Atlantic,408.091,11825,7526,24.66667,67
1994,45005,SC,Allendale County,rural,South,South Atlantic,408.091,11825,7526,24.66667,67
1995,45005,SC,Allendale County,rural,South,South Atlantic,408.091,11760,7538,26.33333,84
1996,45005,SC,Allendale County,  RURAL ,South,South Atlantic,408.091,11675,7504,28,76
1997,45005,SC,Allendale County,rural,South,South Atlantic,408.091,11488,7403,29.66667,72
1998,45005,SC,Allendale County,rural,South,South Atlantic,408.091,11389,7370,31.33333,66
1999,45005,SC,Allendale County,rural,South,South Atlantic,408.091,11316,7380,33,63
2000,45005,SC,Allendale County,rural,South,South Atlantic,408.091,11193,7336,28,65
2000,45005,SC,Allendale County,rural,South,South Atlantic,408.091,11193,7336,28,65
2001,45005,SC,Allendale County,  RURAL ,South,South Atlantic,408.091,11022,7186,27,57
2001,45005,SC,Allendale County,  RURAL ,South,South Atlantic,408.091,11022,7186,27,57
2002,45005,SC,Allendale County,rural,South,South Atlantic,408.091,11114,7323,32,60
2003,45005,SC,Allendale County,rural,South,South Atlantic,408.091,11092,7376,33,50
2003,45005,SC,Allendale County,rural,South,South Atlantic,408.091,11092,7376,33,50
2004,45005,SC,Allendale County,rural,South,South Atlantic,408.091,11049,7349,37,58
2004,45005,SC,Allendale County,rural,South,South Atlantic,408.091,11049,7349,37,58
2005,45005,SC,Allendale County,rural,South,South Atlantic,408.091,11021,7379,30,50
2006,45005,SC,Allendale County,rural,South,South Atlantic,408.091,10882,7322,30.875,48
2007,45005,SC,Allendale County, rural,South,South Atlantic,408.091,10787,7365,31.75,53
2007,45005,SC,Allendale County, rural,South,South Atlantic,408.091,10787,7365,31.75,53
2008,45005,SC,Allendale County,rural,South,South Atlantic,408.091,10803,7422,32.625,64
2009,45005,SC,Allendale County,rural,South,South Atlantic,408.091,10619,7311,33.5,58
2010,45005,SC,Allendale County,rural,South,South Atlantic,408.091,10419,7151,613,54
2010,45005,,,,,,,,,34.375,
2011,45005,SC,Allendale County,  RURAL ,South,South Atlantic,408.091,10354,7105,35.25,52
2012,45005,SC,Allendale County,rural,South,South Atlantic,408.091,10234,6996,36.125,44
2013,45005,SC,Allendale County,rural,South,South Atlantic,408.091,9984,6769,37,43
2014,45005,SC,Allendale County,rural  ,South,South Atlantic,408.091,9826,6659,37,37
2015,45005,SC,Allendale County,rural,South,South Atlantic,408.091,9701,6546,37,38
2016,45005,SC,Allendale County,rural,South,South Atlantic,408.091,9420,6328,,
1970,45007,SC,Anderson County,small/mid,South,South Atlantic,715.457,106175,67000,161,
1971,45007,SC,Anderson County,small/mid,South,South Atlantic,715.457,108968,68925,165.75,
1972,45007,SC,Anderson County,small/mid,South,South Atlantic,715.457,110700,70297,170.5,
1972,45007,SC,Anderson County,small/mid,South,South Atlantic,715.457,110700,70297,170.5,
1973,45007,SC,Anderson County,small/mid,South,South Atlantic,715.457,114244,72963,175.25,
1974,45007,SC,Anderson County,small/mid,South,South Atlantic,715.457,117366,75273,180,
1975,45007,SC,Anderson County,small/mid,South,South Atlantic,715.457,119783,77024,184.75,
1975,45007,SC,Anderson County,small/mid,South,South Atlantic,715.457,119783,77024,184.75,
1976,45007,SC,Anderson County,small/mid,South,South Atlantic,715.457,120538,77866,189.5,
1977,45007,SC,Anderson County,small/mid,South,South Atlantic,715.457,124333,80834,194.25,
1978,45007,SC,Anderson County,small/mid,South,South Atlantic,715.457,127661,83412,199,
1979,45007,SC,Anderson County,small/mid,South,South Atlantic,715.457,129875,85123,192,
1980,45007,SC,Anderson County,  SMALL/MID ,South,South Atlantic,715.457,133901,88025,185,
1981,45007,SC,Anderson County,small/mid,South,South Atlantic,715.457,136246,89920,178,
1982,45007,SC,Anderson County,Small/mid,South,South Atlantic,715.457,136853,90343,171,
1983,45007,SC,Anderson County,small/mid,South,South Atlantic,715.457,136940,90354,164,330
1984,45007,SC,Anderson County,small/mid,South,South Atlantic,715.457,137952,91150,150,385
1985,45007,SC,Anderson County,small/mid,South,South Atlantic,715.457,138973,91925,136,379
1986,45007,SC,Anderson County,small/mid,South,South Atlantic,715.457,139490,92401,58,414
1987,45007,SC,Anderson County,small/mid,South,South Atlantic,715.457,140780,93299,111,455
1988,45007,SC,Anderson County,small/mid,South,South Atlantic,715.457,142317,94140,106,499
1989,45007,SC,Anderson County,small/mid,South,South Atlantic,715.457,144239,95234,120,551
1990,45007,SC,Anderson County,small/mid  ,South,South Atlantic,715.457,145538,96201,134,607
1991,45007,SC,Anderson County,small/mid,South,South Atlantic,715.457,146440,96372,132,604
1992,45007,SC,Anderson County,small/mid,South,South Atlantic,715.457,148301,97447,113,608
1993,45007,SC,Anderson County,small/mid,South,South Atlantic,715.457,151014,99201,172,599
1994,45007,SC,Anderson County,small/mid,South,South Atlantic,715.457,152818,100198,114,631
1995,45007,SC,Anderson County,small/mid,South,South Atlantic,715.457,154937,101601,142,803
1996,45007,SC,Anderson County,small/mid,South,South Atlantic,715.457,157226,103053,157,901
1997,45007,SC,Anderson County,small/mid,South,South Atlantic,715.457,159623,104544,185,996
1998,45007,SC,Anderson County,small/mid,South,South Atlantic,715.457,161767,106044,205,1014
1999,45007,SC,Anderson County,small/mid,South,South Atlantic,715.457,164029,107781,273,1058
2000,45007,SC,Anderson County,small/mid,South,South Atlantic,715.457,166304,109398,291,1083
2001,45007,SC,Anderson County,small/mid,South,South Atlantic,715.457,168881,110952,332,1179
2002,45007,SC,Anderson County,small/mid,South,South Atlantic,715.457,170287,111845,349,1112
2003,45007,SC,Anderson County,small/mid,South,South Atlantic,715.457,171862,112846,404,1186
2004,45007,SC,Anderson County,small/mid,South,South Atlantic,715.457,173539,113963,447,1113
2005,45007,SC,Anderson County,small/mid,South,South Atlantic,715.457,175467,115375,443,986
2006,45007,SC,Anderson County,small/mid,South,South Atlantic,715.457,178579,117012,413,1065
2007,45007,SC,Anderson County,small/mid,South,South Atlantic,715.457,181543,118897,438,1029
2008,45007,SC,Anderson County,small/mid,South,South Atlantic,715.457,184520,120397,445,1013
2009,45007,SC,Anderson County, small/mid,South,South Atlantic,715.457,186544,121209,402,972
2010,45007,SC,Anderson County,small/mid,South,South Atlantic,715.457,187123,121501,375,924
2011,45007,SC,Anderson County,small/mid,South,South Atlantic,715.457,187289,121599,326,812
2012,45007,SC,Anderson County,small/mid,South,South Atlantic,715.457,188366,122300,341,742
2013,45007,SC,Anderson County,small/mid,South,South Atlantic,715.457,189044,121837,473,671
2014,45007,SC,Anderson County,small/mid,South,South Atlantic,715.457,190236,121832,473,656
2014,45007,SC,Anderson County,small/mid,South,South Atlantic,715.457,190236,121832,473,656
2015,45007,SC,Anderson County,small/mid,South,South Atlantic,715.457,191987,122684,473,676
2016,45007,SC,Anderson County,small/mid,South,South Atlantic,715.457,193921,123440,,
1970,45009,SC,Bamberg County,rural,South,South Atlantic,393.367,15865,9374,15,
1971,45009,SC,Bamberg County,Rural,South,South Atlantic,393.367,15583,9246,14.875,
1972,45009,SC,Bamberg County,rural,South,South Atlantic,393.367,16053,9634,14.75,
1973,45009,SC,Bamberg County,rural,South,South Atlantic,393.367,16628,10090,515,
1973,45009,,,,,,,,,14.625,
1974,45009,SC,Bamberg County,rural,South,South Atlantic,393.367,16926,10356,14.5,
1975,45009,SC,Bamberg County,rural,South,South Atlantic,393.367,17443,10780,14.375,
1976,45009,SC,Bamberg County,rural,South,South Atlantic,393.367,17696,11086,14.25,
1977,45009,SC,Bamberg County,rural,South,South Atlantic,393.367,17935,11330,14.125,
1978,45009,SC,Bamberg County,Rural,South,South Atlantic,393.367,17872,11322,14,
1978,45009,SC,Bamberg County,Rural,South,South Atlantic,393.367,17872,11322,14,
1979,45009,SC,Bamberg County,rural,South,South Atlantic,393.367,18082,11536,12.2,
1980,45009,SC,Bamberg County,rural,South,South Atlantic,393.367,18089,11545,10.4,
1981,45009,SC,Bamberg County,rural,South,South Atlantic,393.367,18060,11580,8.6,
1981,45009,SC,Bamberg County,rural,South,South Atlantic,393.367,18060,11580,8.6,
1982,45009,SC,Bamberg County,rural,South,South Atlantic,393.367,17965,11512,6.8,
1983,45009,SC,Bamberg County, rural,South,South Atlantic,393.367,17886,11457,5,49
1983,45009,SC,Bamberg County, rural,South,South Atlantic,393.367,17886,11457,5,49
1984,45009,SC,Bamberg County,rural,South,South Atlantic,393.367,18055,11582,7,68
1985,45009,SC,Bamberg County,RURAL,South,South Atlantic,393.367,17848,11448,9,78
1986,45009,SC,Bamberg County,rural,South,South Atlantic,393.367,17657,11346,11,91
1987,45009,SC,Bamberg County,rural,South,South Atlantic,393.367,17397,11189,13,99
1988,45009,SC,Bamberg County,rural,South,South Atlantic,393.367,17151,11001,15,107
1988,45009,SC,Bamberg County,rural,South,South Atlantic,393.367,17151,11001,15,107
1989,45009,SC,Bamberg County,  RURAL ,South,South Atlantic,393.367,17156,10976,18.2,99
1990,45009,SC,Bamberg County,rural,South,South Atlantic,393.367,16883,10816,21.4,125
1991,45009,SC,Bamberg County,rural,South,South Atlantic,393.367,17022,10911,24.6,128
1992,45009,SC,Bamberg County,rural,South,South Atlantic,393.367,17040,10911,27.8,121
1993,45009,SC,Bamberg County,rural,South,South Atlantic,393.367,17008,10941,31,143
1994,45009,SC,Bamberg County,rural,South,South Atlantic,393.367,16944,10881,30.5,123
1995,45009,SC,Bamberg County,RURAL,South,South Atlantic,393.367,17012,10964,30,104
1996,45009,SC,Bamberg County,rural,South,South Atlantic,393.367,16967,10937,29.5,100
1996,45009,SC,Bamberg County,rural,South,South Atlantic,393.367,16967,10937,29.5,100
1997,45009,SC,Bamberg County,rural,South,South Atlantic,393.367,16895,10939,29,102
1997,45009,SC,Bamberg County,rural,South,South Atlantic,393.367,16895,10939,29,102
1998,45009,SC,Bamberg County,rural,South,South Atlantic,393.367,16801,10903,529,114
1998,45009,,,,,,,,,28.5,
1999,45009,SC,Bamberg County,rural,South,South Atlantic,393.367,16674,10887,28,119
2000,45009,SC,Bamberg County,rural,South,South Atlantic,393.367,16680,10934,29.16667,116
2001,45009,SC,Bamberg County,rural,South,South Atlantic,393.367,16580,10845,30.33333,115
2002,45009,SC,Bamberg County,rural,South,South Atlantic,393.367,16548,10857,31.5,111
2003,45009,SC,Bamberg County,rural,South,South Atlantic,393.367,16342,10722,32.66667,96
2004,45009,SC,Bamberg County,rural,South,South Atlantic,393.367,16322,10733,33.83333,94
2005,45009,SC,Bamberg County,rural,South,South Atlantic,393.367,16360,10849,35,98
2006,45009,SC,Bamberg County,Rural,South,South Atlantic,393.367,16392,10867,39,88
2007,45009,SC,Bamberg County,rural,South,South Atlantic,393.367,16226,10745,35,96
2008,45009,SC,Bamberg County,rural,South,South Atlantic,393.367,16104,10633,34,94
2009,45009,SC,Bamberg County,  RURAL ,South,South Atlantic,393.367,16022,10543,30,125
2010,45009,SC,Bamberg County,rural  ,South,South Atlantic,393.367,15987,10546,35,137
2011,45009,SC,Bamberg County,rural,South,South Atlantic,393.367,15972,10526,42,134
2012,45009,SC,Bamberg County,rural,South,South Atlantic,393.367,15833,10440,33,118
2013,45009,SC,Bamberg County,rural,South,South Atlantic,393.367,15709,10327,46,115
2014,45009,SC,Bamberg County,rural,South,South Atlantic,393.367,15415,10067,32,103
2015,45009,SC,Bamberg County,rural,South,South Atlantic,393.367,15173,9847,32,104
2016,45009,SC,Bamberg County,rural,South,South Atlantic,393.367,14711,9417,,
1970,45011,SC,Barnwell County,Rural,South,South Atlantic,548.379,17199,10088,12,
1971,45011,SC,Barnwell County,rural,South,South Atlantic,548.379,17326,10227,592,
1971,45011,,,,,,,,,13.5,
1972,45011,SC,Barnwell County,rural,South,South Atlantic,548.379,17793,10603,15,
1973,45011,SC,Barnwell County,rural,South,South Atlantic,548.379,18382,11063,16.5,
1974,45011,SC,Barnwell County,rural,South,South Atlantic,548.379,18983,11505,18,
1975,45011,SC,Barnwell County,rural,South,South Atlantic,548.379,19726,12045,19.5,
1976,45011,SC,Barnwell County,rural,South,South Atlantic,548.379,19296,11833,21,
1977,45011,SC,Barnwell County,rural,South,South Atlantic,548.379,19490,11975,22.5,
1978,45011,SC,Barnwell County,rural,South,South Atlantic,548.379,20071,12397,24,
1979,45011,SC,Barnwell County,rural  ,South,South Atlantic,548.379,20477,12699,26.6,
1980,45011,SC,Barnwell County,rural,South,South Atlantic,548.379,19855,12289,29.2,
1981,45011,SC,Barnwell County,rural,South,South Atlantic,548.379,19864,12356,31.8,
1982,45011,SC,Barnwell County,rural,South,South Atlantic,548.379,19729,12278,34.4,
1983,45011,SC,Barnwell County,RURAL,South,South Atlantic,548.379,19648,12225,37,42
1984,45011,SC,Barnwell County,rural,South,South Atlantic,548.379,19772,12328,40.5,54
1985,45011,SC,Barnwell County,rural,South,South Atlantic,548.379,19962,12468,44,58
1986,45011,SC,Barnwell County,rural,South,South Atlantic,548.379,20162,12619,57,57
1987,45011,SC,Barnwell County,rural,South,South Atlantic,548.379,20008,12538,49,83
1987,45011,SC,Barnwell County,rural,South,South Atlantic,548.379,20008,12538,49,83
1988,45011,SC,Barnwell County,  RURAL ,South,South Atlantic,548.379,19974,12492,52,91
1989,45011,SC,Barnwell County,rural,South,South Atlantic,548.379,20018,12495,54.4,92
1990,45011,SC,Barnwell County,rural,South,South Atlantic,548.379,20419,12776,56.8,96
1991,45011,SC,Barnwell County,rural,South,South Atlantic,548.379,20870,13057,59.2,100
1992,45011,SC,Barnwell County,rural,South,South Atlantic,548.379,21428,13417,61.6,110
1993,45011,SC,Barnwell County,rural,South,South Atlantic,548.379,21789,13675,64,127
1993,45011,SC,Barnwell County,rural,South,South Atlantic,548.379,21789,13675,64,127
1994,45011,SC,Barnwell County,Rural,South,South Atlantic,548.379,22158,13928,63,134
1995,45011,SC,Barnwell County,rural,South,South Atlantic,548.379,22353,14121,53,110
1996,45011,SC,Barnwell County,rural,South,South Atlantic,548.379,22588,14284,49,109
1997,45011,SC,Barnwell County,rural,South,South Atlantic,548.379,23046,14627,62,137
1997,45011,SC,Barnwell County,rural,South,South Atlantic,548.379,23046,14627,62,137
1998,45011,SC,Barnwell County,rural,South,South Atlantic,548.379,23266,14823,68,126
1999,45011,SC,Barnwell County,rural,South,South Atlantic,548.379,23377,14973,71,136
2000,45011,SC,Barnwell County,rural,South,South Atlantic,548.379,23478,15058,71.83334,135
2001,45011,SC,Barnwell County,rural,South,South Atlantic,548.379,23406,15053,72.66666,154
2002,45011,SC,Barnwell County,rural,South,South Atlantic,548.379,23177,14947,73.5,160
2003,45011,SC,Barnwell County,rural,South,South Atlantic,548.379,23211,15022,74.33334,144
2004,45011,SC,Barnwell County,rural,South,South Atlantic,548.379,22980,14956,75.16666,141
2005,45011,SC,Barnwell County,rural,South,South Atlantic,548.379,22965,15035,76,128
2006,45011,SC,Barnwell County,rural,South,South Atlantic,548.379,22886,14922,75,134
2007,45011,SC,Barnwell County,rural,South,South Atlantic,548.379,22851,14991,74,135
2007,45011,SC,Barnwell County,rural,South,South Atlantic,548.379,22851,14991,74,135
2008,45011,SC,Barnwell County, rural,South,South Atlantic,548.379,22761,14944,73,137
2009,45011,SC,Barnwell County, rural,South,South Atlantic,548.379,22611,14776,72,146
2010,45011,SC,Barnwell County,rural  ,South,South Atlantic,548.379,22621,14711,71,154
2011,45011,SC,Barnwell County,rural,South,South Atlantic,548.379,22637,14691,70,146
2012,45011,SC,Barnwell County,rural,South,South Atlantic,548.379,22458,14471,69,137
2013,45011,SC,Barnwell County,rural,South,South Atlantic,548.379,22357,14306,68,151
2014,45011,SC,Barnwell County,rural,South,South Atlantic,548.379,22211,14086,68,144
2015,45011,SC,Barnwell County,rural,South,South Atlantic,548.379,22022,13894,68,135
2016,45011,SC,Barnwell County,rural,South,South Atlantic,548.379,21773,13701,,
1970,45013,SC,Beaufort County,small/mid,South,South Atlantic,576.405,51534,34327,37,
1971,45013,SC,Beaufort County,small/mid,South,South Atlantic,576.405,53148,35462,37.625,
1972,45013,SC,Beaufort County,  SMALL/MID ,South,South Atlantic,576.405,57189,38183,38.25,
1973,45013,SC,Beaufort County,small/mid,South,South Atlantic,576.405,56213,37765,38.875,
1973,45013,SC,Beaufort County,small/mid,South,South Atlantic,576.405,56213,37765,38.875,
1974,45013,SC,Beaufort County,small/mid,South,South Atlantic,576.405,53707,36406,39.5,
1975,45013,SC,Beaufort County,small/mid,South,South Atlantic,576.405,62120,42180,40.125,
1976,45013,SC,Beaufort County,small/mid  ,South,South Atlantic,576.405,65094,44797,40.75,
1977,45013,SC,Beaufort County,SMALL/MID,South,South Atlantic,576.405,62771,43631,41.375,
1978,45013,SC,Beaufort County,small/mid,South,South Atlantic,576.405,64242,44636,42,
1979,45013,SC,Beaufort County,small/mid,South,South Atlantic,576.405,65575,45605,41.8,
1980,45013,SC,Beaufort County,small/mid,South,South Atlantic,576.405,66063,46061,41.6,
1981,45013,SC,Beaufort County,small/mid,South,South Atlantic,576.405,68856,47884,41.4,
1982,45013,SC,Beaufort County,small/mid,South,South Atlantic,576.405,71141,49134,41.2,
1982,45013,SC,Beaufort County,small/mid,South,South Atlantic,576.405,71141,49134,41.2,
1983,45013,SC,Beaufort County,small/mid,South,South Atlantic,576.405,72965,50039,41,151
1984,45013,SC,Beaufort County,small/mid,South,South Atlantic,576.405,75584,51592,578,156
1984,45013,,,,,,,,,51.5,
1985,45013,SC,Beaufort County,small/mid,South,South Atlantic,576.405,77295,52447,62,183
1986,45013,SC,Beaufort County,small/mid,South,South Atlantic,576.405,79195,53506,62,162
1987,45013,SC,Beaufort County,small/mid,South,South Atlantic,576.405,81056,54455,65,163
1988,45013,SC,Beaufort County,small/mid,South,South Atlantic,576.405,83098,55374,77,178
1989,45013,SC,Beaufort County,small/mid,South,South Atlantic,576.405,84629,55964,69,251
1990,45013,SC,Beaufort County,small/mid,South,South Atlantic,576.405,87222,57476,63,258
1991,45013,SC,Beaufort County,small/mid,South,South Atlantic,576.405,90010,59011,69,306
1992,45013,SC,Beaufort County,small/mid,South,South Atlantic,576.405,93241,60860,69,295
1993,45013,SC,Beaufort County,small/mid,South,South Atlantic,576.405,97044,63393,93,317
1994,45013,SC,Beaufort County,small/mid,South,South Atlantic,576.405,100902,65794,98,343
1995,45013,SC,Beaufort County,small/mid,South,South Atlantic,576.405,104703,68170,103,363
1996,45013,SC,Beaufort County,SMALL/MID,South,South Atlantic,576.405,108882,70479,108,381
1997,45013,SC,Beaufort County,small/mid,South,South Atlantic,576.405,112318,72611,113,402
1998,45013,SC,Beaufort County,small/mid,South,South Atlantic,576.405,115995,75046,118,384
1999,45013,SC,Beaufort County,small/mid,South,South Atlantic,576.405,117975,76172,123,357
2000,45013,SC,Beaufort County,  SMALL/MID ,South,South Atlantic,576.405,122306,79198,138.6667,321
2001,45013,SC,Beaufort County,small/mid,South,South Atlantic,576.405,125550,81300,154.3333,311
2002,45013,SC,Beaufort County,small/mid,South,South Atlantic,576.405,129290,83652,170,352
2003,45013,SC,Beaufort County,small/mid  ,South,South Atlantic,576.405,130998,84064,185.6667,310
2004,45013,SC,Beaufort County,small/mid,South,South Atlantic,576.405,136331,87684,201.3333,338
2005,45013,SC,Beaufort County,small/mid,South,South Atlantic,576.405,141498,91024,217,391
2006,45013,SC,Beaufort County,small/mid,South,South Atlantic,576.405,147213,94081,216,390
2007,45013,SC,Beaufort County,small/mid,South,South Atlantic,576.405,151411,96161,215,416
2008,45013,SC,Beaufort County,small/mid,South,South Atlantic,576.405,156399,98249,214,413
2009,45013,SC,Beaufort County,small/mid,South,South Atlantic,576.405,159737,99371,213,452
2010,45013,SC,Beaufort County,small/mid,South,South Atlantic,576.405,162231,100120,212,450
2010,45013,SC,Beaufort County,small/mid,South,South Atlantic,576.405,162231,100120,212,450
2011,45013,SC,Beaufort County,small/mid,South,South Atlantic,576.405,162845,100317,725,428
2011,45013,,,,,,,,,211,
2012,45013,SC,Beaufort County,small/mid,South,South Atlantic,576.405,163914,99814,210,424
2013,45013,SC,Beaufort County,small/mid,South,South Atlantic,576.405,167502,100637,209,416
2014,45013,SC,Beaufort County,small/mid,South,South Atlantic,576.405,171108,101683,204.5,379
2015,45013,SC,Beaufort County,small/mid,South,South Atlantic,576.405,175233,103077,200,397
2016,45013,SC,Beaufort County,Small/mid,South,South Atlantic,576.405,179896,105042,,
1970,45015,SC,Berkeley County,Small/mid,South,South Atlantic,1098.748,56698,32407,24,
1971,45015,SC,Berkeley County,small/mid,South,South Atlantic,1098.748,58693,34139,24.25,
1972,45015,SC,Berkeley County,small/mid,South,South Atlantic,1098.748,61008,36162,24.5,
1973,45015,SC,Berkeley County,small/mid,South,South Atlantic,1098.748,63404,38236,24.75,
1974,45015,SC,Berkeley County,small/mid,South,South Atlantic,1098.748,65713,40176,25,
1975,45015,SC,Berkeley County,small/mid,South,South Atlantic,1098.748,72172,44739,25.25,
1976,45015,SC,Berkeley County,small/mid,South,South Atlantic,1098.748,79109,49988,25.5,
1977,45015,SC,Berkeley County,small/mid,South,South Atlantic,1098.748,81576,52341,25.75,
1977,45015,SC,Berkeley County,small/mid,South,South Atlantic,1098.748,81576,52341,25.75,
1978,45015,SC,Berkeley County,small/mid,South,South Atlantic,1098.748,86627,56191,26,
1979,45015,SC,Berkeley County,small/mid,South,South Atlantic,1098.748,91016,59597,30,
1980,45015,SC,Berkeley County,small/mid,South,South Atlantic,1098.748,95666,63010,34,
1981,45015,SC,Berkeley County,small/mid,South,South Atlantic,1098.748,99359,65785,38,
1982,45015,SC,Berkeley County,small/mid,South,South Atlantic,1098.748,103025,68312,543,
1982,45015,,,,,,,,,42,
1983,45015,SC,Berkeley County,small/mid,South,South Atlantic,1098.748,105868,70202,46,133
1984,45015,SC,Berkeley County,small/mid,South,South Atlantic,1098.748,111474,74101,47.2,144
1985,45015,SC,Berkeley County,small/mid,South,South Atlantic,1098.748,114454,76203,48.4,146
1986,45015,SC,Berkeley County, small/mid,South,South Atlantic,1098.748,117809,78641,49.6,156
1987,45015,SC,Berkeley County,small/mid,South,South Atlantic,1098.748,122043,81559,50.8,158
1988,45015,SC,Berkeley County,small/mid,South,South Atlantic,1098.748,124600,83063,52,172
1989,45015,SC,Berkeley County,small/mid,South,South Atlantic,1098.748,126859,84368,65,184
1990,45015,SC,Berkeley County,small/mid,South,South Atlantic,1098.748,129373,86282,87,203
1991,45015,SC,Berkeley County,small/mid,South,South Atlantic,1098.748,132855,88821,118,204
1992,45015,SC,Berkeley County,small/mid,South,South Atlantic,1098.748,135130,90503,120,251
1993,45015,SC,Berkeley County,small/mid,South,South Atlantic,1098.748,136735,91909,112,264
1994,45015,SC,Berkeley County,small/mid,South,South Atlantic,1098.748,138141,93076,120.8333,295
1995,45015,SC,Berkeley County,  SMALL/MID ,South,South Atlantic,1098.748,134165,90483,129.6667,331
1996,45015,SC,Berkeley County,small/mid  ,South,South Atlantic,1098.748,131131,88305,138.5,363
1997,45015,SC,Berkeley County,small/mid,South,South Atlantic,1098.748,133195,89846,147.3333,388
1998,45015,SC,Berkeley County,small/mid,South,South Atlantic,1098.748,136631,93091,156.1667,397
1999,45015,SC,Berkeley County,small/mid,South,South Atlantic,1098.748,141956,97612,165,395
2000,45015,SC,Berkeley County,SMALL/MID,South,South Atlantic,1098.748,143410,98740,189.1667,417
2000,45015,SC,Berkeley County,SMALL/MID,South,South Atlantic,1098.748,143410,98740,189.1667,417
2001,45015,SC,Berkeley County,small/mid,South,South Atlantic,1098.748,145153,100127,213.3333,446
2002,45015,SC,Berkeley County,small/mid,South,South Atlantic,1098.748,146733,101201,237.5,475
2003,45015,SC,Berkeley County,small/mid,South,South Atlantic,1098.748,148035,101819,261.6667,495
2004,45015,SC,Berkeley County,small/mid,South,South Atlantic,1098.748,151789,104801,285.8333,480
2005,45015,SC,Berkeley County,small/mid,South,South Atlantic,1098.748,153489,106082,310,504
2006,45015,SC,Berkeley County,small/mid,South,South Atlantic,1098.748,159501,110952,317.25,483
2007,45015,SC,Berkeley County,SMALL/MID,South,South Atlantic,1098.748,164913,114617,324.5,516
2008,45015,SC,Berkeley County,Small/mid,South,South Atlantic,1098.748,171099,118528,331.75,494
2009,45015,SC,Berkeley County,small/mid,South,South Atlantic,1098.748,175092,121024,339,479
2010,45015,SC,Berkeley County,small/mid,South,South Atlantic,1098.748,177867,122535,346.25,490
2011,45015,SC,Berkeley County,  SMALL/MID ,South,South Atlantic,1098.748,178977,123220,353.5,479
2012,45015,SC,Berkeley County,small/mid,South,South Atlantic,1098.748,183155,125645,360.75,487
2013,45015,SC,Berkeley County,small/mid,South,South Atlantic,1098.748,188980,128748,921,490
2013,45015,,,,,,,,,368,
2014,45015,SC,Berkeley County,small/mid,South,South Atlantic,1098.748,193390,130974,340.5,496
2015,45015,SC,Berkeley County,small/mid,South,South Atlantic,1098.748,197612,133067,313,534
2016,45015,SC,Berkeley County,small/mid,South,South Atlantic,1098.748,202358,135641,,
1970,45017,SC,Calhoun County,small/mid,South,South Atlantic,381.152,10772,6157,6.031242,
1971,45017,SC,Calhoun County,small/mid,South,South Atlantic,381.152,10740,6178,5.96479,
1972,45017,SC,Calhoun County,small/mid  ,South,South Atlantic,381.152,10432,6041,6.333817,
1973,45017,SC,Calhoun County,SMALL/MID,South,South Atlantic,381.152,10623,6228,6.861285,
1974,45017,SC,Calhoun County,small/mid,South,South Atlantic,381.152,10742,6353,7.308939,
1975,45017,SC,Calhoun County,small/mid,South,South Atlantic,381.152,11415,6856,8.243786,
1976,45017,SC,Calhoun County,  SMALL/MID ,South,South Atlantic,381.152,11805,7204,8.991263,
1977,45017,SC,Calhoun County,small/mid,South,South Atlantic,381.152,11858,7305,9.547885,
1978,45017,SC,Calhoun County,small/mid,South,South Atlantic,381.152,11864,7367,10.07915,
1979,45017,SC,Calhoun County,small/mid,South,South Atlantic,381.152,12004,7517,9.696445,
1980,45017,SC,Calhoun County,small/mid,South,South Atlantic,381.152,12074,7619,9.103286,
1981,45017,SC,Calhoun County,small/mid,South,South Atlantic,381.152,11574,7336,8.168811,
1982,45017,SC,Calhoun County,small/mid,South,South Atlantic,381.152,11849,7512,7.794234,
1983,45017,SC,Calhoun County,small/mid,South,South Atlantic,381.152,11767,7454,7.206535,39
1984,45017,SC,Calhoun County,small/mid,South,South Atlantic,381.152,11968,7595,8.614484,25
1985,45017,SC,Calhoun County,Small/mid,South,South Atlantic,381.152,12172,7736,9.990476,26
1986,45017,SC,Calhoun County,small/mid,South,South Atlantic,381.152,12209,7771,10.22434,31
1987,45017,SC,Calhoun County,small/mid,South,South Atlantic,381.152,12108,7715,10.98475,32
1988,45017,SC,Calhoun County,small/mid,South,South Atlantic,381.152,12272,7807,16.27893,26
1989,45017,SC,Calhoun County,small/mid,South,South Atlantic,381.152,12631,8019,13.47214,34
1990,45017,SC,Calhoun County,small/mid,South,South Atlantic,381.152,12792,8115,19.00347,36
1991,45017,SC,Calhoun County,small/mid,South,South Atlantic,381.152,13003,8317,21.02711,34
1992,45017,SC,Calhoun County,small/mid,South,South Atlantic,381.152,13257,8489,29.36332,29
1993,45017,SC,Calhoun County,Small/mid,South,South Atlantic,381.152,13462,8656,28.89317,40
1994,45017,SC,Calhoun County,small/mid,South,South Atlantic,381.152,13677,8789,29.71622,56
1995,45017,SC,Calhoun County,small/mid,South,South Atlantic,381.152,13824,8891,30.7578,56
1996,45017,SC,Calhoun County,small/mid,South,South Atlantic,381.152,14028,9065,32.47703,53
1997,45017,SC,Calhoun County,Small/mid,South,South Atlantic,381.152,14387,9327,34.10914,66
1998,45017,SC,Calhoun County,small/mid,South,South Atlantic,381.152,14738,9592,33.6381,64
1999,45017,SC,Calhoun County,small/mid,South,South Atlantic,381.152,14961,9785,35.9722,53
2000,45017,SC,Calhoun County,small/mid,South,South Atlantic,381.152,15192,9983,36.45354,59
2001,45017,SC,Calhoun County,small/mid,South,South Atlantic,381.152,15301,10073,48.35132,56
2002,45017,SC,Calhoun County,small/mid,South,South Atlantic,381.152,15257,10093,51.91005,62
2003,45017,SC,Calhoun County,small/mid,South,South Atlantic,381.152,15309,10141,53.34884,70
2004,45017,SC,Calhoun County,small/mid,South,South Atlantic,381.152,15247,10184,48.8644,65
2005,45017,SC,Calhoun County,small/mid,South,South Atlantic,381.152,15212,10187,52.69678,54
2006,45017,SC,Calhoun County,small/mid,South,South Atlantic,381.152,15229,10193,54.13657,53
2007,45017,SC,Calhoun County,small/mid,South,South Atlantic,381.152,15260,10217,50.64894,58
2008,45017,SC,Calhoun County,small/mid,South,South Atlantic,381.152,15175,10113,42.23899,55
2009,45017,SC,Calhoun County,small/mid,South,South Atlantic,381.152,15268,10093,46.24578,65
2010,45017,SC,Calhoun County,small/mid,South,South Atlantic,381.152,15176,9995,42.02862,56
2011,45017,SC,Calhoun County,  SMALL/MID ,South,South Atlantic,381.152,15094,9928,9.044679,62
2011,45017,SC,Calhoun County,  SMALL/MID ,South,South Atlantic,381.152,15094,9928,9.044679,62
2012,45017,SC,Calhoun County,small/mid,South,South Atlantic,381.152,15094,9911,45.01889,64
2012,45017,SC,Calhoun County,small/mid,South,South Atlantic,381.152,15094,9911,45.01889,64
2013,45017,SC,Calhoun County,small/mid,South,South Atlantic,381.152,14871,9631,39.64999,70
2014,45017,SC,Calhoun County,  SMALL/MID ,South,South Atlantic,381.152,14989,9646,33.1886,65
2015,45017,SC,Calhoun County,small/mid,South,South Atlantic,381.152,14840,9414,32.67827,74
2015,45017,SC,Calhoun County,small/mid,South,South Atlantic,381.152,14840,9414,32.67827,74
2016,45017,SC,Calhoun County,small/mid,South,South Atlantic,381.152,14757,9269,,
1970,45019,SC,Charleston County,  SMALL/MID ,South,South Atlantic,917.474,248323,158550,249,
1971,45019,SC,Charleston County,small/mid,South,South Atlantic,917.474,251395,161924,235.625,
1972,45019,SC,Charleston County,SMALL/MID,South,South Atlantic,917.474,256374,166964,222.25,
1973,45019,SC,Charleston County,small/mid,South,South Atlantic,917.474,259300,170691,208.875,
1974,45019,SC,Charleston County,small/mid,South,South Atlantic,917.474,270557,180693,195.5,
1975,45019,SC,Charleston County,SMALL/MID,South,South Atlantic,917.474,271498,183507,182.125,
1976,45019,SC,Charleston County,small/mid,South,South Atlantic,917.474,276326,188470,168.75,
1977,45019,SC,Charleston County,small/mid,South,South Atlantic,917.474,275798,189438,155.375,
1978,45019,SC,Charleston County,small/mid,South,South Atlantic,917.474,277851,192884,142,
1979,45019,SC,Charleston County,small/mid,South,South Atlantic,917.474,278660,194905,168.8,
1979,45019,SC,Charleston County,small/mid,South,South Atlantic,917.474,278660,194905,168.8,
1980,45019,SC,Charleston County,small/mid,South,South Atlantic,917.474,277975,194513,195.6,
1981,45019,SC,Charleston County,small/mid,South,South Atlantic,917.474,283853,198994,222.4,
1982,45019,SC,Charleston County,small/mid,South,South Atlantic,917.474,285836,199946,249.2,
1983,45019,SC,Charleston County,small/mid,South,South Atlantic,917.474,288569,201272,276,702
1984,45019,SC,Charleston County,small/mid,South,South Atlantic,917.474,287134,200097,320.5,749
1985,45019,SC,Charleston County,small/mid,South,South Atlantic,917.474,283941,197446,365,852
1986,45019,SC,Charleston County,small/mid,South,South Atlantic,917.474,290228,201598,350,978
1987,45019,SC,Charleston County,small/mid,South,South Atlantic,917.474,292174,202439,320,1008
1988,45019,SC,Charleston County,small/mid,South,South Atlantic,917.474,289586,199588,928,1157
1988,45019,,,,,,,,,375,
1989,45019,SC,Charleston County,small/mid,South,South Atlantic,917.474,294736,202110,400,1221
1990,45019,SC,Charleston County,small/mid,South,South Atlantic,917.474,295631,202578,475,1396
1991,45019,SC,Charleston County,small/mid,South,South Atlantic,917.474,304651,208591,464,1456
1992,45019,SC,Charleston County, small/mid,South,South Atlantic,917.474,308223,210157,570,1514
1993,45019,SC,Charleston County,small/mid,South,South Atlantic,917.474,306653,207642,577,1573
1994,45019,SC,Charleston County,small/mid,South,South Atlantic,917.474,302806,204222,636,1641
1995,45019,SC,Charleston County,small/mid,South,South Atlantic,917.474,300950,202812,847,1715
1996,45019,SC,Charleston County,small/mid,South,South Atlantic,917.474,299718,201442,952,1742
1997,45019,SC,Charleston County,small/mid,South,South Atlantic,917.474,305243,205483,987,1849
1998,45019,SC,Charleston County,  SMALL/MID ,South,South Atlantic,917.474,307174,207770,1169,1862
1999,45019,SC,Charleston County,small/mid,South,South Atlantic,917.474,309247,210511,1183,1760
2000,45019,SC,Charleston County,small/mid,South,South Atlantic,917.474,310749,212403,1150,1635
2001,45019,SC,Charleston County,small/mid,South,South Atlantic,917.474,313065,214976,1207,1722
2002,45019,SC,Charleston County,small/mid,South,South Atlantic,917.474,317379,219088,1217,1761
2003,45019,SC,Charleston County,SMALL/MID,South,South Atlantic,917.474,321222,222789,1290,1824
2004,45019,SC,Charleston County,small/mid,South,South Atlantic,917.474,328105,228827,1261,1819
2005,45019,SC,Charleston County,small/mid,South,South Atlantic,917.474,331589,232014,1452,1740
2006,45019,SC,Charleston County,small/mid,South,South Atlantic,917.474,334826,234922,1520,1797
2006,45019,SC,Charleston County,small/mid,South,South Atlantic,917.474,334826,234922,1520,1797
2007,45019,SC,Charleston County,small/mid,South,South Atlantic,917.474,337147,236578,1801,1835
2008,45019,SC,Charleston County,small/mid,South,South Atlantic,917.474,341921,239296,1730,1893
2009,45019,SC,Charleston County,small/mid,South,South Atlantic,917.474,346795,242318,1691,1896
2010,45019,SC,Charleston County,small/mid,South,South Atlantic,917.474,350199,244106,1686,1750
2011,45019,SC,Charleston County,small/mid,South,South Atlantic,917.474,351023,244450,1681,1627
2012,45019,SC,Charleston County,small/mid,South,South Atlantic,917.474,357492,247994,1497,1609
2013,45019,SC,Charleston County,Small/mid,South,South Atlantic,917.474,364921,251601,1250,1587
2014,45019,SC,Charleston County,small/mid,South,South Atlantic,917.474,371986,255195,1207,1553
2015,45019,SC,Charleston County,small/mid,South,South Atlantic,917.474,379912,259505,1148,1542
2016,45019,SC,Charleston County,small/mid,South,South Atlantic,917.474,389329,264840,,
2016,45019,SC,Charleston County,small/mid,South,South Atlantic,917.474,389329,264840,,
1970,45021,SC,Cherokee County,Rural,South,South Atlantic,392.814,36863,22806,84,
1971,45021,SC,Cherokee County,rural,South,South Atlantic,392.814,37665,23359,75.25,
1972,45021,SC,Cherokee County,rural,South,South Atlantic,392.814,38239,23826,66.5,
1973,45021,SC,Cherokee County,rural,South,South Atlantic,392.814,38434,24041,57.75,
1974,45021,SC,Cherokee County,rural,South,South Atlantic,392.814,38932,24436,49,
1975,45021,SC,Cherokee County,rural,South,South Atlantic,392.814,39315,24743,40.25,
1976,45021,SC,Cherokee County,rural,South,South Atlantic,392.814,39214,24799,31.5,
1977,45021,SC,Cherokee County,rural,South,South Atlantic,392.814,40210,25568,22.75,
1978,45021,SC,Cherokee County,rural,South,South Atlantic,392.814,40415,25804,14,
1979,45021,SC,Cherokee County,rural,South,South Atlantic,392.814,41226,26464,15.8,
1980,45021,SC,Cherokee County,  RURAL ,South,South Atlantic,392.814,41055,26411,17.6,
1981,45021,SC,Cherokee County,rural,South,South Atlantic,392.814,41273,26705,19.4,
1982,45021,SC,Cherokee County,rural  ,South,South Atlantic,392.814,41366,26824,21.2,
1983,45021,SC,Cherokee County,rural,South,South Atlantic,392.814,41453,26917,23,158
1984,45021,SC,Cherokee County,rural,South,South Atlantic,392.814,41711,27168,27.8,161
1985,45021,SC,Cherokee County,rural,South,South Atlantic,392.814,42209,27568,32.6,153
1985,45021,SC,Cherokee County,rural,South,South Atlantic,392.814,42209,27568,32.6,153
1986,45021,SC,Cherokee County,rural,South,South Atlantic,392.814,42567,27897,37.4,165
1986,45021,SC,Cherokee County,rural,South,South Atlantic,392.814,42567,27897,37.4,165
1987,45021,SC,Cherokee County,rural,South,South Atlantic,392.814,43297,28432,42.2,235
1988,45021,SC,Cherokee County, rural,South,South Atlantic,392.814,43984,28874,47,205
1989,45021,SC,Cherokee County,rural,South,South Atlantic,392.814,44190,28995,35,236
1990,45021,SC,Cherokee County,rural,South,South Atlantic,392.814,44657,29357,46,253
1991,45021,SC,Cherokee County,rural,South,South Atlantic,392.814,45383,29796,69,247
1992,45021,SC,Cherokee County,rural,South,South Atlantic,392.814,46030,30175,50,266
1993,45021,SC,Cherokee County,Rural,South,South Atlantic,392.814,46672,30545,74,285
1994,45021,SC,Cherokee County,rural,South,South Atlantic,392.814,47477,30990,80,291
1995,45021,SC,Cherokee County,rural,South,South Atlantic,392.814,48216,31493,86,306
1995,45021,SC,Cherokee County,rural,South,South Atlantic,392.814,48216,31493,86,306
1996,45021,SC,Cherokee County,rural,South,South Atlantic,392.814,49185,32146,92,325
1997,45021,SC,Cherokee County,rural,South,South Atlantic,392.814,50070,32725,98,338
1998,45021,SC,Cherokee County,rural,South,South Atlantic,392.814,50894,33349,104,343
1999,45021,SC,Cherokee County,rural,South,South Atlantic,392.814,51956,34161,110,359
2000,45021,SC,Cherokee County,rural,South,South Atlantic,392.814,52649,34677,113,333
2001,45021,SC,Cherokee County,rural,South,South Atlantic,392.814,53020,34813,116,352
2002,45021,SC,Cherokee County,rural,South,South Atlantic,392.814,53407,35096,119,420
2003,45021,SC,Cherokee County,rural,South,South Atlantic,392.814,53437,35269,122,411
2004,45021,SC,Cherokee County,rural,South,South Atlantic,392.814,53642,35522,125,406
2005,45021,SC,Cherokee County,rural,South,South Atlantic,392.814,53772,35783,128,421
2006,45021,SC,Cherokee County,rural,South,South Atlantic,392.814,54166,36091,150,397
2007,45021,SC,Cherokee County,rural,South,South Atlantic,392.814,54467,36262,165,424
2008,45021,SC,Cherokee County,rural,South,South Atlantic,392.814,54981,36637,151,387
2009,45021,SC,Cherokee County,RURAL,South,South Atlantic,392.814,55149,36671,180,409
2010,45021,SC,Cherokee County,rural,South,South Atlantic,392.814,55467,36758,150,411
2011,45021,SC,Cherokee County,rural,South,South Atlantic,392.814,55515,36727,158,432
2012,45021,SC,Cherokee County,rural,South,South Atlantic,392.814,55684,36732,175,486
2012,45021,SC,Cherokee County,rural,South,South Atlantic,392.814,55684,36732,175,486
2013,45021,SC,Cherokee County,rural,South,South Atlantic,392.814,55809,36562,201,507
2013,45021,SC,Cherokee County,rural,South,South Atlantic,392.814,55809,36562,201,507
2014,45021,SC,Cherokee County,rural,South,South Atlantic,392.814,56049,36640,182,491
2015,45021,SC,Cherokee County,rural,South,South Atlantic,392.814,56352,36620,182,504
2016,45021,SC,Cherokee County,rural,South,South Atlantic,392.814,56516,36704,,
1970,45023,SC,Chester County,Suburban,South,South Atlantic,580.656,29870,18123,30,
1971,45023,SC,Chester County,suburban  ,South,South Atlantic,580.656,30119,18344,599,
1971,45023,,,,,,,,,33.125,
1972,45023,SC,Chester County,suburban,South,South Atlantic,580.656,30169,18482,36.25,
1973,45023,SC,Chester County,suburban,South,South Atlantic,580.656,30071,18515,39.375,
1974,45023,SC,Chester County,suburban,South,South Atlantic,580.656,30384,18819,42.5,
1975,45023,SC,Chester County,suburban,South,South Atlantic,580.656,30267,18807,45.625,
1976,45023,SC,Chester County,suburban,South,South Atlantic,580.656,30247,18906,48.75,
1977,45023,SC,Chester County,suburban,South,South Atlantic,580.656,30228,18939,51.875,
1978,45023,SC,Chester County,suburban,South,South Atlantic,580.656,30375,19139,55,
1979,45023,SC,Chester County,suburban,South,South Atlantic,580.656,30246,19107,52.8,
1980,45023,SC,Chester County,suburban,South,South Atlantic,580.656,30309,19171,50.6,
1981,45023,SC,Chester County,suburban,South,South Atlantic,580.656,30992,19692,48.4,
1982,45023,SC,Chester County,suburban,South,South Atlantic,580.656,31119,19775,46.2,
1983,45023,SC,Chester County,suburban,South,South Atlantic,580.656,30730,19519,44,119
1984,45023,SC,Chester County,suburban  ,South,South Atlantic,580.656,31105,19793,45.8,124
1985,45023,SC,Chester County, suburban,South,South Atlantic,580.656,31269,19914,47.6,128
1986,45023,SC,Chester County,suburban,South,South Atlantic,580.656,31655,20194,49.4,136
1987,45023,SC,Chester County,suburban,South,South Atlantic,580.656,31932,20390,51.2,135
1988,45023,SC,Chester County,suburban,South,South Atlantic,580.656,32052,20414,53,156
1989,45023,SC,Chester County,suburban,South,South Atlantic,580.656,32106,20408,50,164
1990,45023,SC,Chester County,  SUBURBAN ,South,South Atlantic,580.656,32204,20523,47,171
1991,45023,SC,Chester County,suburban,South,South Atlantic,580.656,32457,20680,44,166
1992,45023,SC,Chester County,suburban,South,South Atlantic,580.656,32438,20681,41,162
1993,45023,SC,Chester County,suburban,South,South Atlantic,580.656,32388,20690,38,178
1994,45023,SC,Chester County,suburban,South,South Atlantic,580.656,32492,20763,44.5,187
1995,45023,SC,Chester County,suburban,South,South Atlantic,580.656,32466,20836,51,175
1996,45023,SC,Chester County,suburban,South,South Atlantic,580.656,32759,21054,57.5,163
1997,45023,SC,Chester County,Suburban,South,South Atlantic,580.656,33024,21241,64,167
1997,45023,SC,Chester County,Suburban,South,South Atlantic,580.656,33024,21241,64,167
1998,45023,SC,Chester County,suburban,South,South Atlantic,580.656,33457,21626,70.5,176
1999,45023,SC,Chester County,suburban,South,South Atlantic,580.656,33901,21996,77,160
1999,45023,SC,Chester County,suburban,South,South Atlantic,580.656,33901,21996,77,160
2000,45023,SC,Chester County,suburban,South,South Atlantic,580.656,34159,22220,78,140
2001,45023,SC,Chester County,suburban,South,South Atlantic,580.656,34064,22172,80,161
2002,45023,SC,Chester County,suburban,South,South Atlantic,580.656,34083,22244,82,175
2003,45023,SC,Chester County,suburban,South,South Atlantic,580.656,33920,22182,78,168
2004,45023,SC,Chester County,suburban,South,South Atlantic,580.656,33633,22125,110,163
2005,45023,SC,Chester County,suburban,South,South Atlantic,580.656,33373,22080,99,153
2006,45023,SC,Chester County,suburban,South,South Atlantic,580.656,33222,22007,92.375,145
2007,45023,SC,Chester County,suburban,South,South Atlantic,580.656,33247,21996,85.75,149
2008,45023,SC,Chester County, suburban,South,South Atlantic,580.656,33454,22107,79.125,163
2009,45023,SC,Chester County,suburban,South,South Atlantic,580.656,33210,21845,72.5,144
2009,45023,SC,Chester County,suburban,South,South Atlantic,580.656,33210,21845,72.5,144
2010,45023,SC,Chester County,suburban,South,South Atlantic,580.656,33140,21837,65.875,142
2011,45023,SC,Chester County,suburban,South,South Atlantic,580.656,33146,21830,59.25,139
2012,45023,SC,Chester County,suburban,South,South Atlantic,580.656,32862,21605,52.625,120
2013,45023,SC,Chester County,suburban,South,South Atlantic,580.656,32686,21216,46,115
2014,45023,SC,Chester County,suburban,South,South Atlantic,580.656,32722,21069,46,114
2014,45023,SC,Chester County,suburban,South,South Atlantic,580.656,32722,21069,46,114
2015,45023,SC,Chester County,suburban,South,South Atlantic,580.656,32425,20759,46,115
2016,45023,SC,Chester County,  SUBURBAN ,South,South Atlantic,580.656,32390,20608,,
1970,45025,SC,Chesterfield County,small/mid,South,South Atlantic,798.992,33793,20263,45,
1971,45025,SC,Chesterfield County,small/mid,South,South Atlantic,798.992,34344,20706,41.5,
1972,45025,SC,Chesterfield County,rural,South,South Atlantic,798.992,34616,21019,38,
1973,45025,SC,Chesterfield County,small/mid,South,South Atlantic,798.992,35138,21516,34.5,
1974,45025,SC,Chesterfield County,Rural,South,South Atlantic,798.992,35523,21845,31,
1975,45025,SC,Chesterfield County,rural,South,South Atlantic,798.992,36264,22410,27.5,
1976,45025,SC,Chesterfield County,rural,South,South Atlantic,798.992,37291,23294,564,
1976,45025,,,,,,,,,24,
1977,45025,SC,Chesterfield County,small/mid,South,South Atlantic,798.992,37274,23403,20.5,
1978,45025,SC,Chesterfield County,small/mid,South,South Atlantic,798.992,37688,23820,17,
1979,45025,SC,Chesterfield County,rural,South,South Atlantic,798.992,37670,23849,19.6,
1980,45025,SC,Chesterfield County,Rural,South,South Atlantic,798.992,38187,24322,22.2,
1981,45025,SC,Chesterfield County,Rural,South,South Atlantic,798.992,38285,24507,24.8,
1982,45025,SC,Chesterfield County,small/mid,South,South Atlantic,798.992,38233,24502,27.4,
1983,45025,SC,Chesterfield County,Rural,South,South Atlantic,798.992,38250,24520,30,97
1984,45025,SC,Chesterfield County,rural,South,South Atlantic,798.992,38431,24699,30.4,94
1985,45025,SC,Chesterfield County,rural,South,South Atlantic,798.992,38348,24699,30.8,99
1986,45025,SC,Chesterfield County,small/mid,South,South Atlantic,798.992,38466,24843,31.2,118
1987,45025,SC,Chesterfield County, rural,South,South Atlantic,798.992,38565,24952,31.6,119
1988,45025,SC,Chesterfield County,rural,South,South Atlantic,798.992,38572,24927,32,139
1989,45025,SC,Chesterfield County,small/mid,South,South Atlantic,798.992,38578,24900,34,138
1990,45025,SC,Chesterfield County,rural,South,South Atlantic,798.992,38667,25016,36,148
1991,45025,SC,Chesterfield County,rural,South,South Atlantic,798.992,39230,25359,38,178
1992,45025,SC,Chesterfield County,rural,South,South Atlantic,798.992,39255,25407,40,192
1993,45025,SC,Chesterfield County,rural,South,South Atlantic,798.992,39509,25616,42,215
1994,45025,SC,Chesterfield County,rural,South,South Atlantic,798.992,40026,25944,47,211
1995,45025,SC,Chesterfield County,small/mid,South,South Atlantic,798.992,40371,26195,52,216
1996,45025,SC,Chesterfield County,rural,South,South Atlantic,798.992,40785,26518,57,211
1996,45025,SC,Chesterfield County,rural,South,South Atlantic,798.992,40785,26518,57,211
1997,45025,SC,Chesterfield County,rural,South,South Atlantic,798.992,41219,26853,62,237
1998,45025,SC,Chesterfield County,rural,South,South Atlantic,798.992,41722,27276,67,249
1999,45025,SC,Chesterfield County,rural,South,South Atlantic,798.992,42272,27752,72,215
2000,45025,SC,Chesterfield County,small/mid,South,South Atlantic,798.992,42911,28300,77.16666,188
2001,45025,SC,Chesterfield County,rural,South,South Atlantic,798.992,43339,28603,82.33334,200
2002,45025,SC,Chesterfield County, rural,South,South Atlantic,798.992,43834,28940,87.5,201
2003,45025,SC,Chesterfield County,rural,South,South Atlantic,798.992,44107,29213,92.66666,182
2004,45025,SC,Chesterfield County,small/mid,South,South Atlantic,798.992,44348,29393,97.83334,190
2005,45025,SC,Chesterfield County,rural,South,South Atlantic,798.992,44766,29794,103,187
2006,45025,SC,Chesterfield County,small/mid,South,South Atlantic,798.992,45103,30048,103,198
2007,45025,SC,Chesterfield County,rural,South,South Atlantic,798.992,45708,30476,107,194
2008,45025,SC,Chesterfield County,rural,South,South Atlantic,798.992,46319,30709,110,223
2009,45025,SC,Chesterfield County,rural,South,South Atlantic,798.992,46638,30901,128,210
2009,45025,SC,Chesterfield County,rural,South,South Atlantic,798.992,46638,30901,128,210
2010,45025,SC,Chesterfield County,RURAL,South,South Atlantic,798.992,46734,31007,121,185
2011,45025,SC,Chesterfield County,small/mid,South,South Atlantic,798.992,46631,30946,124,182
2012,45025,SC,Chesterfield County,small/mid,South,South Atlantic,798.992,46523,30810,115,163
2013,45025,SC,Chesterfield County,rural,South,South Atlantic,798.992,46105,30404,106,153
2014,45025,SC,Chesterfield County,small/mid,South,South Atlantic,798.992,46152,30271,80,146
2015,45025,SC,Chesterfield County,small/mid,South,South Atlantic,798.992,46178,30071,80,137
2016,45025,SC,Chesterfield County,RURAL,South,South Atlantic,798.992,46185,29881,,
1970,45027,SC,Clarendon County,rural,South,South Atlantic,606.939,25658,14454,12,
1971,45027,SC,Clarendon County,rural,South,South Atlantic,606.939,25944,14830,11.25,
1972,45027,SC,Clarendon County,rural,South,South Atlantic,606.939,26270,15266,10.5,
1973,45027,SC,Clarendon County,rural,South,South Atlantic,606.939,26042,15365,9.75,
1974,45027,SC,Clarendon County,rural,South,South Atlantic,606.939,25947,15517,9,
1975,45027,SC,Clarendon County, rural,South,South Atlantic,606.939,26398,16019,8.25,
1976,45027,SC,Clarendon County,rural,South,South Atlantic,606.939,27325,16818,7.5,
1977,45027,SC,Clarendon County,rural,South,South Atlantic,606.939,27110,16777,6.75,
1978,45027,SC,Clarendon County,rural,South,South Atlantic,606.939,27539,17168,6,
1979,45027,SC,Clarendon County,rural,South,South Atlantic,606.939,28039,17605,13.8,
1980,45027,SC,Clarendon County,rural,South,South Atlantic,606.939,27486,17295,21.6,
1981,45027,SC,Clarendon County,rural,South,South Atlantic,606.939,27718,17482,29.4,
1982,45027,SC,Clarendon County,rural,South,South Atlantic,606.939,27836,17521,37.2,
1983,45027,SC,Clarendon County,rural,South,South Atlantic,606.939,27664,17368,45,58
1984,45027,SC,Clarendon County,rural,South,South Atlantic,606.939,27541,17281,42,61
1985,45027,SC,Clarendon County,rural,South,South Atlantic,606.939,27623,17312,39,67
1986,45027,SC,Clarendon County,rural,South,South Atlantic,606.939,27601,17300,36,77
1987,45027,SC,Clarendon County,rural,South,South Atlantic,606.939,27712,17348,33,84
1988,45027,SC,Clarendon County,rural,South,South Atlantic,606.939,28162,17563,30,99
1989,45027,SC,Clarendon County,rural,South,South Atlantic,606.939,28438,17655,33,135
1990,45027,SC,Clarendon County,rural,South,South Atlantic,606.939,28511,17720,36,152
1991,45027,SC,Clarendon County,rural,South,South Atlantic,606.939,28880,17941,39,162
1992,45027,SC,Clarendon County,rural,South,South Atlantic,606.939,29051,18057,42,174
1993,45027,SC,Clarendon County,rural,South,South Atlantic,606.939,29407,18323,45,183
1994,45027,SC,Clarendon County,rural,South,South Atlantic,606.939,29822,18608,46.66667,167
1994,45027,SC,Clarendon County,rural,South,South Atlantic,606.939,29822,18608,46.66667,167
1995,45027,SC,Clarendon County,rural,South,South Atlantic,606.939,30238,19020,48.33333,176
1996,45027,SC,Clarendon County,rural,South,South Atlantic,606.939,31291,20062,50,190
1997,45027,SC,Clarendon County,rural,South,South Atlantic,606.939,31756,20416,51.66667,202
1998,45027,SC,Clarendon County,rural,South,South Atlantic,606.939,31907,20622,53.33333,210
1999,45027,SC,Clarendon County,rural,South,South Atlantic,606.939,32247,20964,55,221
2000,45027,SC,Clarendon County,rural,South,South Atlantic,606.939,32528,21176,585,229
2000,45027,,,,,,,,,58,
2001,45027,SC,Clarendon County,rural,South,South Atlantic,606.939,32887,21470,61,234
2002,45027,SC,Clarendon County,rural,South,South Atlantic,606.939,33094,21762,64,256
2003,45027,SC,Clarendon County,rural,South,South Atlantic,606.939,33305,21946,67,227
2004,45027,SC,Clarendon County,rural,South,South Atlantic,606.939,33622,22096,70,231
2005,45027,SC,Clarendon County,Rural,South,South Atlantic,606.939,33847,22271,73,229
2006,45027,SC,Clarendon County,rural,South,South Atlantic,606.939,34094,22423,71,243
2007,45027,SC,Clarendon County,rural,South,South Atlantic,606.939,34250,22510,69,241
2008,45027,SC,Clarendon County,rural,South,South Atlantic,606.939,34875,22880,67,257
2009,45027,SC,Clarendon County,rural,South,South Atlantic,606.939,34942,22869,65,272
2010,45027,SC,Clarendon County,rural,South,South Atlantic,606.939,34966,22775,63,256
2011,45027,SC,Clarendon County,rural,South,South Atlantic,606.939,34967,22766,61,247
2012,45027,SC,Clarendon County,rural,South,South Atlantic,606.939,34704,22488,59,237
2013,45027,SC,Clarendon County,rural,South,South Atlantic,606.939,34343,22014,57,207
2013,45027,SC,Clarendon County,rural,South,South Atlantic,606.939,34343,22014,57,207
2014,45027,SC,Clarendon County,rural,South,South Atlantic,606.939,34291,21762,57,206
2015,45027,SC,Clarendon County,Rural,South,South Atlantic,606.939,34201,21578,57,194
2016,45027,SC,Clarendon County,rural,South,South Atlantic,606.939,33992,21171,,
1970,45029,SC,Colleton County,rural,South,South Atlantic,1056.491,27703,16218,17,
1971,45029,SC,Colleton County,rural,South,South Atlantic,1056.491,27719,16318,19.75,
1972,45029,SC,Colleton County,rural,South,South Atlantic,1056.491,27988,16614,22.5,
1973,45029,SC,Colleton County,rural,South,South Atlantic,1056.491,28592,17139,25.25,
1974,45029,SC,Colleton County,rural,South,South Atlantic,1056.491,28805,17375,28,
1975,45029,SC,Colleton County,  RURAL ,South,South Atlantic,1056.491,29497,17926,30.75,
1976,45029,SC,Colleton County,rural,South,South Atlantic,1056.491,30261,18621,33.5,
1976,45029,SC,Colleton County,rural,South,South Atlantic,1056.491,30261,18621,33.5,
1977,45029,SC,Colleton County,rural,South,South Atlantic,1056.491,30624,19016,36.25,
1978,45029,SC,Colleton County,rural,South,South Atlantic,1056.491,30895,19296,39,
1979,45029,SC,Colleton County,Rural,South,South Atlantic,1056.491,31556,19820,38.6,
1979,45029,SC,Colleton County,Rural,South,South Atlantic,1056.491,31556,19820,38.6,
1980,45029,SC,Colleton County,rural,South,South Atlantic,1056.491,31837,20105,38.2,
1981,45029,SC,Colleton County,rural,South,South Atlantic,1056.491,32149,20368,37.8,
1982,45029,SC,Colleton County,rural,South,South Atlantic,1056.491,32128,20343,37.4,
1983,45029,SC,Colleton County,rural,South,South Atlantic,1056.491,32497,20549,37,92
1984,45029,SC,Colleton County,rural,South,South Atlantic,1056.491,33114,20946,38,81
1985,45029,SC,Colleton County,rural,South,South Atlantic,1056.491,33474,21175,39,101
1985,45029,SC,Colleton County,rural,South,South Atlantic,1056.491,33474,21175,39,101
1986,45029,SC,Colleton County,rural,South,South Atlantic,1056.491,33499,21218,40,135
1987,45029,SC,Colleton County,rural,South,South Atlantic,1056.491,33614,21289,41,145
1988,45029,SC,Colleton County,rural,South,South Atlantic,1056.491,33638,21250,42,127
1989,45029,SC,Colleton County,rural,South,South Atlantic,1056.491,33904,21347,45,171
1989,45029,SC,Colleton County,rural,South,South Atlantic,1056.491,33904,21347,45,171
1990,45029,SC,Colleton County,rural,South,South Atlantic,1056.491,34518,21770,60,206
1991,45029,SC,Colleton County,rural,South,South Atlantic,1056.491,35184,22154,56,209
1992,45029,SC,Colleton County, rural,South,South Atlantic,1056.491,35596,22448,60,210
1993,45029,SC,Colleton County,rural  ,South,South Atlantic,1056.491,36132,22823,63,184
1994,45029,SC,Colleton County,rural,South,South Atlantic,1056.491,36315,22931,64.5,162
1995,45029,SC,Colleton County,rural,South,South Atlantic,1056.491,36708,23274,66,162
1996,45029,SC,Colleton County,rural  ,South,South Atlantic,1056.491,36891,23432,67.5,183
1997,45029,SC,Colleton County,  RURAL ,South,South Atlantic,1056.491,37253,23704,69,180
1998,45029,SC,Colleton County,rural,South,South Atlantic,1056.491,37526,24021,70.5,216
1999,45029,SC,Colleton County,rural,South,South Atlantic,1056.491,37891,24373,72,201
2000,45029,SC,Colleton County,RURAL,South,South Atlantic,1056.491,38304,24732,74,184
2001,45029,SC,Colleton County,rural,South,South Atlantic,1056.491,38339,24828,90,203
2002,45029,SC,Colleton County,rural,South,South Atlantic,1056.491,38463,24892,87,193
2003,45029,SC,Colleton County,rural,South,South Atlantic,1056.491,38543,25035,88,208
2004,45029,SC,Colleton County,rural,South,South Atlantic,1056.491,38672,25247,82,179
2005,45029,SC,Colleton County,rural,South,South Atlantic,1056.491,38728,25290,85,167
2006,45029,SC,Colleton County, rural,South,South Atlantic,1056.491,38608,25241,91.75,171
2007,45029,SC,Colleton County,RURAL,South,South Atlantic,1056.491,38765,25279,98.5,182
2008,45029,SC,Colleton County,rural,South,South Atlantic,1056.491,39014,25312,105.25,179
2009,45029,SC,Colleton County,rural,South,South Atlantic,1056.491,38864,25114,112,208
2010,45029,SC,Colleton County,Rural,South,South Atlantic,1056.491,38892,25014,118.75,209
2010,45029,SC,Colleton County,Rural,South,South Atlantic,1056.491,38892,25014,118.75,209
2011,45029,SC,Colleton County,rural,South,South Atlantic,1056.491,38895,25001,125.5,217
2012,45029,SC,Colleton County,rural,South,South Atlantic,1056.491,38455,24676,132.25,206
2013,45029,SC,Colleton County,  RURAL ,South,South Atlantic,1056.491,38121,24238,139,205
2014,45029,SC,Colleton County,rural,South,South Atlantic,1056.491,37682,23799,139,199
2015,45029,SC,Colleton County,rural,South,South Atlantic,1056.491,37548,23557,139,182
2016,45029,SC,Colleton County,rural  ,South,South Atlantic,1056.491,37467,23463,,
1970,45031,SC,Darlington County,small/mid,South,South Atlantic,561.15,53451,32489,65,
1970,45031,SC,Darlington County,small/mid,South,South Atlantic,561.15,53451,32489,65,
1971,45031,SC,Darlington County,small/mid,South,South Atlantic,561.15,53536,32562,67,
1972,45031,SC,Darlington County,small/mid,South,South Atlantic,561.15,53963,32940,69,
1973,45031,SC,Darlington County,small/mid,South,South Atlantic,561.15,55703,34208,71,
1974,45031,SC,Darlington County,small/mid,South,South Atlantic,561.15,58130,35960,73,
1975,45031,SC,Darlington County,small/mid,South,South Atlantic,561.15,58940,36601,75,
1976,45031,SC,Darlington County,small/mid  ,South,South Atlantic,561.15,59133,37006,77,
1976,45031,SC,Darlington County,small/mid  ,South,South Atlantic,561.15,59133,37006,77,
1977,45031,SC,Darlington County,small/mid,South,South Atlantic,561.15,60565,38192,79,
1978,45031,SC,Darlington County,small/mid,South,South Atlantic,561.15,61500,38988,81,
1979,45031,SC,Darlington County,SMALL/MID,South,South Atlantic,561.15,62744,39942,606,
1979,45031,,,,,,,,,79.6,
1980,45031,SC,Darlington County,small/mid,South,South Atlantic,561.15,62648,40008,78.2,
1981,45031,SC,Darlington County,small/mid,South,South Atlantic,561.15,62477,40140,76.8,
1982,45031,SC,Darlington County,small/mid,South,South Atlantic,561.15,62995,40549,75.4,
1983,45031,SC,Darlington County, small/mid,South,South Atlantic,561.15,62572,40319,74,184
1984,45031,SC,Darlington County,small/mid,South,South Atlantic,561.15,62298,40267,78,214
1985,45031,SC,Darlington County,small/mid,South,South Atlantic,561.15,62155,40278,82,206
1986,45031,SC,Darlington County,SMALL/MID,South,South Atlantic,561.15,62071,40371,74,245
1987,45031,SC,Darlington County,  SMALL/MID ,South,South Atlantic,561.15,61685,40223,75,245
1988,45031,SC,Darlington County,small/mid,South,South Atlantic,561.15,61429,40041,78,283
1989,45031,SC,Darlington County,small/mid,South,South Atlantic,561.15,61831,40282,86.4,293
1990,45031,SC,Darlington County,small/mid,South,South Atlantic,561.15,62016,40488,94.8,347
1991,45031,SC,Darlington County,small/mid,South,South Atlantic,561.15,62771,40907,103.2,348
1992,45031,SC,Darlington County,small/mid,South,South Atlantic,561.15,63725,41476,111.6,386
1993,45031,SC,Darlington County,  SMALL/MID ,South,South Atlantic,561.15,64572,42075,120,390
1994,45031,SC,Darlington County,small/mid,South,South Atlantic,561.15,64704,42123,118.3333,404
1995,45031,SC,Darlington County,small/mid,South,South Atlantic,561.15,65223,42568,116.6667,462
1996,45031,SC,Darlington County,small/mid,South,South Atlantic,561.15,65654,42818,115,423
1997,45031,SC,Darlington County,small/mid,South,South Atlantic,561.15,66180,43208,113.3333,435
1997,45031,SC,Darlington County,small/mid,South,South Atlantic,561.15,66180,43208,113.3333,435
1998,45031,SC,Darlington County,small/mid,South,South Atlantic,561.15,66792,43723,111.6667,485
1999,45031,SC,Darlington County,  SMALL/MID ,South,South Atlantic,561.15,67029,44008,110,431
2000,45031,SC,Darlington County,small/mid,South,South Atlantic,561.15,67523,44453,130,387
2001,45031,SC,Darlington County,small/mid,South,South Atlantic,561.15,67863,44588,120,396
2002,45031,SC,Darlington County,small/mid  ,South,South Atlantic,561.15,68247,44821,135,369
2003,45031,SC,Darlington County,small/mid,South,South Atlantic,561.15,68382,45004,190,411
2004,45031,SC,Darlington County,  SMALL/MID ,South,South Atlantic,561.15,68155,44932,184,360
2004,45031,SC,Darlington County,  SMALL/MID ,South,South Atlantic,561.15,68155,44932,184,360
2005,45031,SC,Darlington County,small/mid,South,South Atlantic,561.15,68185,45088,198,377
2006,45031,SC,Darlington County,small/mid,South,South Atlantic,561.15,68424,45177,193.5,354
2007,45031,SC,Darlington County,small/mid,South,South Atlantic,561.15,68489,45173,189,361
2008,45031,SC,Darlington County,small/mid,South,South Atlantic,561.15,68773,45432,184.5,338
2009,45031,SC,Darlington County,small/mid,South,South Atlantic,561.15,68705,45284,180,323
2010,45031,SC,Darlington County,small/mid,South,South Atlantic,561.15,68692,45255,175.5,295
2011,45031,SC,Darlington County,small/mid,South,South Atlantic,561.15,68604,45178,171,292
2012,45031,SC,Darlington County,small/mid,South,South Atlantic,561.15,68252,44761,166.5,289
2013,45031,SC,Darlington County,small/mid,South,South Atlantic,561.15,68150,44264,162,260
2014,45031,SC,Darlington County,small/mid  ,South,South Atlantic,561.15,67904,43972,162,225
2015,45031,SC,Darlington County,small/mid,South,South Atlantic,561.15,67733,43644,162,217
2016,45031,SC,Darlington County,small/mid,South,South Atlantic,561.15,67588,43360,,
1970,45033,SC,Dillon County,rural,South,South Atlantic,405.065,28865,16561,34,
1971,45033,SC,Dillon County,rural,South,South Atlantic,405.065,29041,16784,34.125,
1972,45033,SC,Dillon County,rural,South,South Atlantic,405.065,28718,16739,34.25,
1973,45033,SC,Dillon County,Rural,South,South Atlantic,405.065,29356,17301,34.375,
1974,45033,SC,Dillon County, rural,South,South Atlantic,405.065,29795,17735,34.5,
1975,45033,SC,Dillon County,rural,South,South Atlantic,405.065,30410,18262,34.625,
1976,45033,SC,Dillon County,rural,South,South Atlantic,405.065,30362,18368,34.75,
1976,45033,SC,Dillon County,rural,South,South Atlantic,405.065,30362,18368,34.75,
1977,45033,SC,Dillon County,rural,South,South Atlantic,405.065,30299,18431,34.875,
1978,45033,SC,Dillon County,rural,South,South Atlantic,405.065,30851,18860,35,
1979,45033,SC,Dillon County,rural,South,South Atlantic,405.065,30858,18923,37.6,
1980,45033,SC,Dillon County,rural,South,South Atlantic,405.065,31080,19130,40.2,
1981,45033,SC,Dillon County,rural,South,South Atlantic,405.065,31093,19224,42.8,
1982,45033,SC,Dillon County,  RURAL ,South,South Atlantic,405.065,31064,19204,45.4,
1983,45033,SC,Dillon County,rural,South,South Atlantic,405.065,30803,19029,48,91
1984,45033,SC,Dillon County,rural,South,South Atlantic,405.065,30813,19063,46.5,82
1985,45033,SC,Dillon County,Rural,South,South Atlantic,405.065,30797,19067,45,96
1986,45033,SC,Dillon County,rural,South,South Atlantic,405.065,30270,18783,45,101
1987,45033,SC,Dillon County,RURAL,South,South Atlantic,405.065,30324,18837,37,112
1988,45033,SC,Dillon County,rural,South,South Atlantic,405.065,29950,18567,36,140
1988,45033,SC,Dillon County,rural,South,South Atlantic,405.065,29950,18567,36,140
1989,45033,SC,Dillon County,rural,South,South Atlantic,405.065,29607,18300,42.6,142
1990,45033,SC,Dillon County,rural,South,South Atlantic,405.065,29118,18027,49.2,139
1991,45033,SC,Dillon County, rural,South,South Atlantic,405.065,29261,18120,55.8,145
1992,45033,SC,Dillon County,rural,South,South Atlantic,405.065,29496,18299,62.4,166
1993,45033,SC,Dillon County, rural,South,South Atlantic,405.065,29742,18524,69,165
1994,45033,SC,Dillon County,rural,South,South Atlantic,405.065,30040,18747,70.83334,182
1995,45033,SC,Dillon County,rural,South,South Atlantic,405.065,30142,18915,72.66666,204
1996,45033,SC,Dillon County,rural,South,South Atlantic,405.065,30177,18997,74.5,194
1997,45033,SC,Dillon County,rural,South,South Atlantic,405.065,30309,19175,76.33334,197
1998,45033,SC,Dillon County,rural,South,South Atlantic,405.065,30564,19471,78.16666,218
1999,45033,SC,Dillon County,rural,South,South Atlantic,405.065,30682,19697,80,218
2000,45033,SC,Dillon County,rural,South,South Atlantic,405.065,30699,19804,105,170
2001,45033,SC,Dillon County,rural,South,South Atlantic,405.065,30995,19956,93,168
2002,45033,SC,Dillon County,Rural,South,South Atlantic,405.065,31000,20036,100,185
2003,45033,SC,Dillon County,rural,South,South Atlantic,405.065,31093,20084,90,178
2004,45033,SC,Dillon County,rural,South,South Atlantic,405.065,31241,20270,110,197
2005,45033,SC,Dillon County,rural,South,South Atlantic,405.065,31239,20355,125,201
2006,45033,SC,Dillon County,rural,South,South Atlantic,405.065,31373,20492,215,175
2007,45033,SC,Dillon County,rural,South,South Atlantic,405.065,31433,20446,175,189
2008,45033,SC,Dillon County,rural  ,South,South Atlantic,405.065,31585,20563,160,176
2009,45033,SC,Dillon County,rural,South,South Atlantic,405.065,31817,20722,160,151
2010,45033,SC,Dillon County,rural,South,South Atlantic,405.065,32062,20837,150,127
2011,45033,SC,Dillon County,Rural,South,South Atlantic,405.065,32081,20833,140,165
2012,45033,SC,Dillon County,rural,South,South Atlantic,405.065,31756,20530,125,174
2013,45033,SC,Dillon County,rural,South,South Atlantic,405.065,31529,20219,115,170
2014,45033,SC,Dillon County,Rural,South,South Atlantic,405.065,31405,20008,105,150
2015,45033,SC,Dillon County,RURAL,South,South Atlantic,405.065,31296,19850,100,153
2016,45033,SC,Dillon County,rural,South,South Atlantic,405.065,31183,19659,,
1970,45035,SC,Dorchester County,small/mid,South,South Atlantic,573.184,32798,19504,16,
1971,45035,SC,Dorchester County,small/mid,South,South Atlantic,573.184,34924,20967,17.5,
1971,45035,SC,Dorchester County,small/mid,South,South Atlantic,573.184,34924,20967,17.5,
1972,45035,SC,Dorchester County,Small/mid,South,South Atlantic,573.184,36720,22293,19,
1973,45035,SC,Dorchester County,small/mid,South,South Atlantic,573.184,39808,24450,20.5,
1974,45035,SC,Dorchester County,small/mid,South,South Atlantic,573.184,41335,25575,22,
1975,45035,SC,Dorchester County,small/mid,South,South Atlantic,573.184,45272,28265,23.5,
1976,45035,SC,Dorchester County,small/mid,South,South Atlantic,573.184,47019,29856,578,
1976,45035,,,,,,,,,25,
1977,45035,SC,Dorchester County,small/mid,South,South Atlantic,573.184,49833,32087,26.5,
1978,45035,SC,Dorchester County,small/mid,South,South Atlantic,573.184,53001,34532,28,
1979,45035,SC,Dorchester County,small/mid  ,South,South Atlantic,573.184,55476,36478,29.8,
1980,45035,SC,Dorchester County,small/mid,South,South Atlantic,573.184,59657,39512,31.6,
1981,45035,SC,Dorchester County,small/mid,South,South Atlantic,573.184,62075,41357,33.4,
1982,45035,SC,Dorchester County,small/mid,South,South Atlantic,573.184,64442,43038,35.2,
1983,45035,SC,Dorchester County,  SMALL/MID ,South,South Atlantic,573.184,66478,44450,37,125
1984,45035,SC,Dorchester County,small/mid,South,South Atlantic,573.184,68727,46109,39.6,123
1984,45035,SC,Dorchester County,small/mid,South,South Atlantic,573.184,68727,46109,39.6,123
1985,45035,SC,Dorchester County,small/mid,South,South Atlantic,573.184,70967,47738,42.2,148
1986,45035,SC,Dorchester County,small/mid  ,South,South Atlantic,573.184,72918,49215,44.8,169
1987,45035,SC,Dorchester County,small/mid,South,South Atlantic,573.184,76156,51497,47.4,174
1988,45035,SC,Dorchester County,small/mid,South,South Atlantic,573.184,78604,53074,50,172
1989,45035,SC,Dorchester County,small/mid,South,South Atlantic,573.184,81227,54763,58.4,209
1990,45035,SC,Dorchester County,small/mid,South,South Atlantic,573.184,83847,56666,66.8,198
1990,45035,SC,Dorchester County,small/mid,South,South Atlantic,573.184,83847,56666,66.8,198
1991,45035,SC,Dorchester County,small/mid,South,South Atlantic,573.184,86346,58297,75.2,224
1992,45035,SC,Dorchester County,small/mid,South,South Atlantic,573.184,87029,58660,83.6,211
1993,45035,SC,Dorchester County,small/mid,South,South Atlantic,573.184,88525,59564,606,244
1993,45035,,,,,,,,,92,
1994,45035,SC,Dorchester County,small/mid,South,South Atlantic,573.184,88429,59304,87,258
1995,45035,SC,Dorchester County,small/mid,South,South Atlantic,573.184,87077,58302,105,287
1996,45035,SC,Dorchester County,Small/mid,South,South Atlantic,573.184,87122,58082,105,300
1997,45035,SC,Dorchester County,small/mid,South,South Atlantic,573.184,89916,59904,92,330
1998,45035,SC,Dorchester County,small/mid,South,South Atlantic,573.184,91869,61262,120,334
1999,45035,SC,Dorchester County,small/mid,South,South Atlantic,573.184,94966,63613,157,389
2000,45035,SC,Dorchester County,small/mid,South,South Atlantic,573.184,96757,64927,172,392
2001,45035,SC,Dorchester County,small/mid,South,South Atlantic,573.184,98683,66524,187,438
2002,45035,SC,Dorchester County,small/mid,South,South Atlantic,573.184,101067,68350,202,458
2002,45035,SC,Dorchester County,small/mid,South,South Atlantic,573.184,101067,68350,202,458
2003,45035,SC,Dorchester County,small/mid,South,South Atlantic,573.184,104119,70723,217,476
2004,45035,SC,Dorchester County,small/mid,South,South Atlantic,573.184,107337,73124,232,484
2005,45035,SC,Dorchester County,small/mid,South,South Atlantic,573.184,113235,77433,247,486
2006,45035,SC,Dorchester County,small/mid,South,South Atlantic,573.184,120136,81999,241,495
2007,45035,SC,Dorchester County,small/mid,South,South Atlantic,573.184,126324,86049,243,525
2008,45035,SC,Dorchester County,small/mid,South,South Atlantic,573.184,130593,88549,795,485
2008,45035,,,,,,,,,242,
2009,45035,SC,Dorchester County,small/mid,South,South Atlantic,573.184,133560,90455,266,500
2010,45035,SC,Dorchester County,small/mid,South,South Atlantic,573.184,136578,92196,254,472
2011,45035,SC,Dorchester County,small/mid,South,South Atlantic,573.184,137466,92807,221,463
2012,45035,SC,Dorchester County,small/mid,South,South Atlantic,573.184,140614,94821,187,399
2013,45035,SC,Dorchester County,small/mid,South,South Atlantic,573.184,143092,96188,196,405
2014,45035,SC,Dorchester County,small/mid,South,South Atlantic,573.184,146031,98012,760,405
2014,45035,,,,,,,,,194,
2015,45035,SC,Dorchester County,small/mid,South,South Atlantic,573.184,149246,99835,187,438
2016,45035,SC,Dorchester County,small/mid,South,South Atlantic,573.184,153374,102180,,
1970,45037,SC,Edgefield County,small/mid,South,South Atlantic,500.398,15642,9173,11,
1971,45037,SC,Edgefield County,  SMALL/MID ,South,South Atlantic,500.398,15499,9145,12.46154,
1971,45037,SC,Edgefield County,  SMALL/MID ,South,South Atlantic,500.398,15499,9145,12.46154,
1972,45037,SC,Edgefield County,small/mid,South,South Atlantic,500.398,15434,9194,13.92308,
1973,45037,SC,Edgefield County,small/mid,South,South Atlantic,500.398,16001,9659,15.38461,
1974,45037,SC,Edgefield County,small/mid,South,South Atlantic,500.398,16266,9916,16.84615,
1975,45037,SC,Edgefield County,small/mid,South,South Atlantic,500.398,16239,9983,18.30769,
1976,45037,SC,Edgefield County,small/mid,South,South Atlantic,500.398,16300,10094,19.76923,
1977,45037,SC,Edgefield County,small/mid,South,South Atlantic,500.398,16478,10281,21.23077,
1978,45037,SC,Edgefield County,small/mid,South,South Atlantic,500.398,16768,10521,22.69231,
1979,45037,SC,Edgefield County,small/mid  ,South,South Atlantic,500.398,16769,10554,24.15385,
1980,45037,SC,Edgefield County,small/mid,South,South Atlantic,500.398,17529,11128,25.61539,
1980,45037,SC,Edgefield County,small/mid,South,South Atlantic,500.398,17529,11128,25.61539,
1981,45037,SC,Edgefield County,small/mid,South,South Atlantic,500.398,17618,11233,27.07692,
1982,45037,SC,Edgefield County,small/mid,South,South Atlantic,500.398,17747,11310,28.53846,
1983,45037,SC,Edgefield County,small/mid,South,South Atlantic,500.398,17729,11294,30,57
1984,45037,SC,Edgefield County,small/mid,South,South Atlantic,500.398,17558,11203,30.4,68
1985,45037,SC,Edgefield County,small/mid,South,South Atlantic,500.398,17441,11138,30.8,65
1986,45037,SC,Edgefield County,small/mid,South,South Atlantic,500.398,17660,11300,31.2,65
1987,45037,SC,Edgefield County,small/mid,South,South Atlantic,500.398,17952,11492,31.6,77
1988,45037,SC,Edgefield County,small/mid,South,South Atlantic,500.398,18325,11710,32,106
1989,45037,SC,Edgefield County,small/mid,South,South Atlantic,500.398,18265,11645,31,118
1990,45037,SC,Edgefield County,small/mid,South,South Atlantic,500.398,18519,11837,30,98
1991,45037,SC,Edgefield County,small/mid,South,South Atlantic,500.398,19016,12211,29,108
1991,45037,SC,Edgefield County,small/mid,South,South Atlantic,500.398,19016,12211,29,108
1992,45037,SC,Edgefield County,small/mid,South,South Atlantic,500.398,19506,12577,28,106
1993,45037,SC,Edgefield County,small/mid,South,South Atlantic,500.398,20149,13063,27,94
1994,45037,SC,Edgefield County,small/mid,South,South Atlantic,500.398,20850,13606,28.83333,100
1995,45037,SC,Edgefield County,small/mid,South,South Atlantic,500.398,21704,14407,30.66667,89
1996,45037,SC,Edgefield County,small/mid,South,South Atlantic,500.398,22268,14953,32.5,92
1997,45037,SC,Edgefield County,small/mid,South,South Atlantic,500.398,22896,15467,34.33333,94
1998,45037,SC,Edgefield County,small/mid,South,South Atlantic,500.398,23627,16071,36.16667,108
1999,45037,SC,Edgefield County,small/mid,South,South Atlantic,500.398,24160,16601,38,113
2000,45037,SC,Edgefield County,small/mid,South,South Atlantic,500.398,24586,16999,41.33333,122
2001,45037,SC,Edgefield County,  SMALL/MID ,South,South Atlantic,500.398,24690,17106,44.66667,123
2002,45037,SC,Edgefield County,small/mid,South,South Atlantic,500.398,24962,17331,48,169
2003,45037,SC,Edgefield County,Small/mid,South,South Atlantic,500.398,25404,17782,51.33333,147
2003,45037,SC,Edgefield County,Small/mid,South,South Atlantic,500.398,25404,17782,51.33333,147
2004,45037,SC,Edgefield County,small/mid,South,South Atlantic,500.398,25819,18144,54.66667,152
2005,45037,SC,Edgefield County,small/mid,South,South Atlantic,500.398,26196,18381,58,172
2006,45037,SC,Edgefield County,small/mid,South,South Atlantic,500.398,26135,18272,57.125,175
2007,45037,SC,Edgefield County,small/mid,South,South Atlantic,500.398,26493,18537,56.25,155
2008,45037,SC,Edgefield County,small/mid,South,South Atlantic,500.398,26774,18706,55.375,156
2009,45037,SC,Edgefield County,small/mid,South,South Atlantic,500.398,27032,18817,54.5,152
2010,45037,SC,Edgefield County,small/mid,South,South Atlantic,500.398,26978,18776,53.625,145
2011,45037,SC,Edgefield County,small/mid,South,South Atlantic,500.398,26979,18783,52.75,146
2011,45037,SC,Edgefield County,small/mid,South,South Atlantic,500.398,26979,18783,52.75,146
2012,45037,SC,Edgefield County,small/mid,South,South Atlantic,500.398,26908,18662,51.875,132
2012,45037,SC,Edgefield County,small/mid,South,South Atlantic,500.398,26908,18662,51.875,132
2013,45037,SC,Edgefield County,small/mid,South,South Atlantic,500.398,26505,18279,51,144
2014,45037,SC,Edgefield County,small/mid,South,South Atlantic,500.398,26466,18106,51,128
2015,45037,SC,Edgefield County,  SMALL/MID ,South,South Atlantic,500.398,26652,18098,51,137
2016,45037,SC,Edgefield County,small/mid,South,South Atlantic,500.398,26709,17994,,
1970,45039,SC,Fairfield County,small/mid,South,South Atlantic,686.278,20019,11471,58,
1971,45039,SC,Fairfield County,small/mid,South,South Atlantic,686.278,20164,11698,56.75,
1972,45039,SC,Fairfield County,small/mid,South,South Atlantic,686.278,19757,11586,55.5,
1973,45039,SC,Fairfield County, small/mid,South,South Atlantic,686.278,19956,11869,54.25,
1974,45039,SC,Fairfield County,small/mid,South,South Atlantic,686.278,19864,11920,53,
1975,45039,SC,Fairfield County,SMALL/MID,South,South Atlantic,686.278,20052,12159,51.75,
1976,45039,SC,Fairfield County,small/mid,South,South Atlantic,686.278,20266,12386,50.5,
1977,45039,SC,Fairfield County,small/mid,South,South Atlantic,686.278,20471,12606,49.25,
1978,45039,SC,Fairfield County,small/mid,South,South Atlantic,686.278,20333,12540,48,
1979,45039,SC,Fairfield County,small/mid,South,South Atlantic,686.278,20652,12807,44.8,
1980,45039,SC,Fairfield County,small/mid,South,South Atlantic,686.278,20679,12892,41.6,
1981,45039,SC,Fairfield County,small/mid,South,South Atlantic,686.278,20712,12983,38.4,
1982,45039,SC,Fairfield County,small/mid,South,South Atlantic,686.278,20672,12972,35.2,
1983,45039,SC,Fairfield County,small/mid,South,South Atlantic,686.278,20798,13053,32,61
1984,45039,SC,Fairfield County,small/mid,South,South Atlantic,686.278,21044,13241,34.8,59
1985,45039,SC,Fairfield County,small/mid,South,South Atlantic,686.278,21338,13447,37.6,91
1986,45039,SC,Fairfield County,small/mid,South,South Atlantic,686.278,21587,13642,40.4,89
1987,45039,SC,Fairfield County,small/mid,South,South Atlantic,686.278,21721,13754,43.2,83
1988,45039,SC,Fairfield County,small/mid,South,South Atlantic,686.278,22027,13930,46,85
1989,45039,SC,Fairfield County,small/mid,South,South Atlantic,686.278,22230,14038,48.8,111
1990,45039,SC,Fairfield County,small/mid,South,South Atlantic,686.278,22331,14153,51.6,127
1991,45039,SC,Fairfield County,small/mid,South,South Atlantic,686.278,22619,14337,54.4,108
1992,45039,SC,Fairfield County,small/mid,South,South Atlantic,686.278,22610,14307,57.2,102
1993,45039,SC,Fairfield County,Small/mid,South,South Atlantic,686.278,22508,14247,60,100
1994,45039,SC,Fairfield County,Small/mid,South,South Atlantic,686.278,22624,14352,62.5,96
1995,45039,SC,Fairfield County,small/mid,South,South Atlantic,686.278,22748,14470,65,99
1996,45039,SC,Fairfield County,small/mid,South,South Atlantic,686.278,22684,14463,67.5,99
1997,45039,SC,Fairfield County,small/mid,South,South Atlantic,686.278,22833,14586,70,95
1998,45039,SC,Fairfield County,small/mid,South,South Atlantic,686.278,22975,14768,72.5,123
1999,45039,SC,Fairfield County,small/mid,South,South Atlantic,686.278,23169,14987,75,124
2000,45039,SC,Fairfield County,small/mid,South,South Atlantic,686.278,23479,15280,76.83334,98
2001,45039,SC,Fairfield County,small/mid,South,South Atlantic,686.278,23614,15392,78.66666,102
2002,45039,SC,Fairfield County,small/mid,South,South Atlantic,686.278,23890,15611,80.5,97
2003,45039,SC,Fairfield County,small/mid,South,South Atlantic,686.278,23904,15604,82.33334,109
2004,45039,SC,Fairfield County,Small/mid,South,South Atlantic,686.278,24273,15906,84.16666,101
2005,45039,SC,Fairfield County,small/mid,South,South Atlantic,686.278,24132,15926,86,105
2006,45039,SC,Fairfield County,Small/mid,South,South Atlantic,686.278,24177,16009,84,120
2007,45039,SC,Fairfield County,small/mid,South,South Atlantic,686.278,23917,15909,82,120
2008,45039,SC,Fairfield County, small/mid,South,South Atlantic,686.278,24131,16091,80,106
2009,45039,SC,Fairfield County,small/mid,South,South Atlantic,686.278,24084,16102,78,110
2010,45039,SC,Fairfield County,SMALL/MID,South,South Atlantic,686.278,23956,15983,76,95
2011,45039,SC,Fairfield County,small/mid,South,South Atlantic,686.278,23838,15891,74,107
2012,45039,SC,Fairfield County,small/mid,South,South Atlantic,686.278,23573,15628,72,120
2013,45039,SC,Fairfield County,small/mid,South,South Atlantic,686.278,23403,15376,70,119
2014,45039,SC,Fairfield County,small/mid,South,South Atlantic,686.278,23198,15202,571,109
2014,45039,,,,,,,,,70,
2015,45039,SC,Fairfield County,small/mid,South,South Atlantic,686.278,23028,15015,70,103
2016,45039,SC,Fairfield County,small/mid,South,South Atlantic,686.278,22878,14801,,
1970,45041,SC,Florence County,small/mid,South,South Atlantic,799.962,90128,55290,120,
1971,45041,SC,Florence County,small/mid,South,South Atlantic,799.962,92074,56850,110.25,
1971,45041,SC,Florence County,small/mid,South,South Atlantic,799.962,92074,56850,110.25,
1972,45041,SC,Florence County,  SMALL/MID ,South,South Atlantic,799.962,93036,57922,100.5,
1973,45041,SC,Florence County,small/mid,South,South Atlantic,799.962,96230,60504,90.75,
1974,45041,SC,Florence County,  SMALL/MID ,South,South Atlantic,799.962,99500,63104,81,
1975,45041,SC,Florence County,small/mid  ,South,South Atlantic,799.962,101955,65098,71.25,
1976,45041,SC,Florence County,small/mid,South,South Atlantic,799.962,103202,66382,61.5,
1977,45041,SC,Florence County,small/mid,South,South Atlantic,799.962,105878,68520,51.75,
1978,45041,SC,Florence County,small/mid,South,South Atlantic,799.962,107613,69926,42,
1979,45041,SC,Florence County,small/mid,South,South Atlantic,799.962,109059,71059,56.6,
1980,45041,SC,Florence County,small/mid,South,South Atlantic,799.962,110421,72071,71.2,
1981,45041,SC,Florence County,small/mid,South,South Atlantic,799.962,111595,73120,85.8,
1982,45041,SC,Florence County,small/mid,South,South Atlantic,799.962,111404,72989,100.4,
1983,45041,SC,Florence County,small/mid,South,South Atlantic,799.962,111250,72825,115,288
1984,45041,SC,Florence County,small/mid,South,South Atlantic,799.962,112606,73794,683,336
1984,45041,,,,,,,,,117,
1985,45041,SC,Florence County,small/mid,South,South Atlantic,799.962,113282,74285,119,353
1986,45041,SC,Florence County,small/mid,South,South Atlantic,799.962,113138,74299,121,401
1987,45041,SC,Florence County,small/mid,South,South Atlantic,799.962,113119,74311,118,440
1988,45041,SC,Florence County,small/mid,South,South Atlantic,799.962,113306,74244,160,510
1989,45041,SC,Florence County,SMALL/MID,South,South Atlantic,799.962,113818,74376,208,637
1989,45041,SC,Florence County,SMALL/MID,South,South Atlantic,799.962,113818,74376,208,637
1990,45041,SC,Florence County,small/mid,South,South Atlantic,799.962,114690,75055,185,664
1990,45041,SC,Florence County,small/mid,South,South Atlantic,799.962,114690,75055,185,664
1991,45041,SC,Florence County,small/mid,South,South Atlantic,799.962,116748,76450,232,715
1992,45041,SC,Florence County,small/mid,South,South Atlantic,799.962,118319,77621,281,669
1993,45041,SC,Florence County,small/mid,South,South Atlantic,799.962,119614,78579,255,713
1994,45041,SC,Florence County, small/mid,South,South Atlantic,799.962,121040,79532,270,740
1995,45041,SC,Florence County,small/mid,South,South Atlantic,799.962,122555,80850,293,825
1996,45041,SC,Florence County,small/mid,South,South Atlantic,799.962,123276,81375,844,874
1996,45041,,,,,,,,,278,
1997,45041,SC,Florence County,small/mid,South,South Atlantic,799.962,124494,82342,297,873
1997,45041,SC,Florence County,small/mid,South,South Atlantic,799.962,124494,82342,297,873
1998,45041,SC,Florence County,small/mid,South,South Atlantic,799.962,124888,82963,320,891
1999,45041,SC,Florence County,small/mid,South,South Atlantic,799.962,125612,83795,320,869
2000,45041,SC,Florence County,  SMALL/MID ,South,South Atlantic,799.962,125767,84072,294,864
2001,45041,SC,Florence County,small/mid,South,South Atlantic,799.962,126377,84487,372,922
2002,45041,SC,Florence County,small/mid,South,South Atlantic,799.962,127343,85231,363,1037
2003,45041,SC,Florence County,small/mid,South,South Atlantic,799.962,128671,86247,381,1085
2004,45041,SC,Florence County,small/mid  ,South,South Atlantic,799.962,129855,87131,360,1026
2005,45041,SC,Florence County,small/mid,South,South Atlantic,799.962,130982,88161,400,890
2006,45041,SC,Florence County,small/mid,South,South Atlantic,799.962,132489,88989,445,860
2007,45041,SC,Florence County,small/mid,South,South Atlantic,799.962,133757,89719,380,910
2008,45041,SC,Florence County,small/mid,South,South Atlantic,799.962,135032,90350,480,958
2009,45041,SC,Florence County,small/mid,South,South Atlantic,799.962,136120,90717,400,1035
2010,45041,SC,Florence County,small/mid  ,South,South Atlantic,799.962,136879,90947,393,1041
2011,45041,SC,Florence County,small/mid  ,South,South Atlantic,799.962,137063,90953,387,967
2012,45041,SC,Florence County,small/mid,South,South Atlantic,799.962,137570,90868,410,996
2013,45041,SC,Florence County,small/mid,South,South Atlantic,799.962,137996,90411,311,965
2014,45041,SC,Florence County,small/mid,South,South Atlantic,799.962,138162,90119,317,871
2015,45041,SC,Florence County,small/mid,South,South Atlantic,799.962,138792,90089,317,884
2016,45041,SC,Florence County,small/mid,South,South Atlantic,799.962,138719,89564,,
1970,45043,SC,Georgetown County, rural,South,South Atlantic,813.588,33626,19623,11,
1971,45043,SC,Georgetown County,rural,South,South Atlantic,813.588,34173,20160,14.625,
1972,45043,SC,Georgetown County,  RURAL ,South,South Atlantic,813.588,35360,21151,18.25,
1973,45043,SC,Georgetown County,rural,South,South Atlantic,813.588,36484,22111,21.875,
1973,45043,SC,Georgetown County,rural,South,South Atlantic,813.588,36484,22111,21.875,
1974,45043,SC,Georgetown County,rural,South,South Atlantic,813.588,37341,22906,25.5,
1975,45043,SC,Georgetown County,rural,South,South Atlantic,813.588,38705,24027,29.125,
1976,45043,SC,Georgetown County,rural,South,South Atlantic,813.588,39483,24642,32.75,
1977,45043,SC,Georgetown County,rural,South,South Atlantic,813.588,40715,25499,36.375,
1978,45043,SC,Georgetown County,rural,South,South Atlantic,813.588,41626,26195,40,
1979,45043,SC,Georgetown County,rural,South,South Atlantic,813.588,42400,26713,42.4,
1980,45043,SC,Georgetown County,rural,South,South Atlantic,813.588,42541,26784,44.8,
1981,45043,SC,Georgetown County,rural,South,South Atlantic,813.588,42974,27142,47.2,
1982,45043,SC,Georgetown County,rural,South,South Atlantic,813.588,43050,27155,49.6,
1983,45043,SC,Georgetown County,rural,South,South Atlantic,813.588,44103,27761,52,111
1984,45043,SC,Georgetown County,rural,South,South Atlantic,813.588,44404,27950,53.5,109
1985,45043,SC,Georgetown County,rural,South,South Atlantic,813.588,44119,27750,55,116
1986,45043,SC,Georgetown County,rural,South,South Atlantic,813.588,44589,28058,49,130
1987,45043,SC,Georgetown County,rural,South,South Atlantic,813.588,45221,28433,60,149
1987,45043,SC,Georgetown County,rural,South,South Atlantic,813.588,45221,28433,60,149
1988,45043,SC,Georgetown County,rural,South,South Atlantic,813.588,45649,28595,82,152
1988,45043,SC,Georgetown County,rural,South,South Atlantic,813.588,45649,28595,82,152
1989,45043,SC,Georgetown County,rural,South,South Atlantic,813.588,46021,28715,85.8,181
1990,45043,SC,Georgetown County,rural,South,South Atlantic,813.588,46654,29052,89.6,206
1991,45043,SC,Georgetown County,rural,South,South Atlantic,813.588,47740,29604,93.4,202
1992,45043,SC,Georgetown County,rural,South,South Atlantic,813.588,48703,30198,97.2,201
1993,45043,SC,Georgetown County,rural,South,South Atlantic,813.588,49378,30628,101,202
1994,45043,SC,Georgetown County,rural,South,South Atlantic,813.588,49973,31007,145,192
1995,45043,SC,Georgetown County, rural,South,South Atlantic,813.588,50847,31739,155,213
1996,45043,SC,Georgetown County,rural,South,South Atlantic,813.588,51724,32361,161,218
1996,45043,SC,Georgetown County,rural,South,South Atlantic,813.588,51724,32361,161,218
1997,45043,SC,Georgetown County,Rural,South,South Atlantic,813.588,52594,33002,158,234
1998,45043,SC,Georgetown County,rural,South,South Atlantic,813.588,53920,34092,149,237
1999,45043,SC,Georgetown County,rural,South,South Atlantic,813.588,55053,35182,153,267
2000,45043,SC,Georgetown County,rural,South,South Atlantic,813.588,56080,36045,157,269
2000,45043,SC,Georgetown County,rural,South,South Atlantic,813.588,56080,36045,157,269
2001,45043,SC,Georgetown County,rural,South,South Atlantic,813.588,56800,36369,161,282
2002,45043,SC,Georgetown County,rural,South,South Atlantic,813.588,57688,36856,165,316
2003,45043,SC,Georgetown County,Rural,South,South Atlantic,813.588,58387,37162,169,340
2004,45043,SC,Georgetown County,rural  ,South,South Atlantic,813.588,59176,37507,173,376
2005,45043,SC,Georgetown County,rural,South,South Atlantic,813.588,59521,37765,177,388
2006,45043,SC,Georgetown County,rural,South,South Atlantic,813.588,59821,38112,203,405
2007,45043,SC,Georgetown County,rural,South,South Atlantic,813.588,60277,38295,223,440
2008,45043,SC,Georgetown County,rural,South,South Atlantic,813.588,60621,38251,202,427
2009,45043,SC,Georgetown County, rural,South,South Atlantic,813.588,60369,37887,210,392
2010,45043,SC,Georgetown County,rural,South,South Atlantic,813.588,60158,37584,230,372
2011,45043,SC,Georgetown County,rural,South,South Atlantic,813.588,60176,37537,249,362
2012,45043,SC,Georgetown County,rural,South,South Atlantic,813.588,60027,37226,211,318
2013,45043,SC,Georgetown County,rural,South,South Atlantic,813.588,60103,36679,221,318
2014,45043,SC,Georgetown County,rural,South,South Atlantic,813.588,60343,36330,201,320
2015,45043,SC,Georgetown County,rural,South,South Atlantic,813.588,60691,36174,201,308
2016,45043,SC,Georgetown County,  RURAL ,South,South Atlantic,813.588,61310,36174,,
1970,45045,SC,Greenville County,small/mid,South,South Atlantic,785.211,242215,154709,498,
1971,45045,SC,Greenville County,small/mid,South,South Atlantic,785.211,247991,159141,463.875,
1972,45045,SC,Greenville County,small/mid,South,South Atlantic,785.211,255538,165286,429.75,
1973,45045,SC,Greenville County,small/mid,South,South Atlantic,785.211,259777,169214,395.625,
1974,45045,SC,Greenville County,small/mid,South,South Atlantic,785.211,267231,175316,361.5,
1975,45045,SC,Greenville County,small/mid,South,South Atlantic,785.211,269940,177919,327.375,
1976,45045,SC,Greenville County,small/mid,South,South Atlantic,785.211,268396,178201,293.25,
1977,45045,SC,Greenville County,Small/mid,South,South Atlantic,785.211,275260,184134,259.125,
1978,45045,SC,Greenville County,small/mid,South,South Atlantic,785.211,278154,187076,225,
1979,45045,SC,Greenville County,small/mid,South,South Atlantic,785.211,283568,191859,211.2,
1980,45045,SC,Greenville County,small/mid,South,South Atlantic,785.211,289110,196332,197.4,
1981,45045,SC,Greenville County,small/mid,South,South Atlantic,785.211,293320,199759,183.6,
1981,45045,SC,Greenville County,small/mid,South,South Atlantic,785.211,293320,199759,183.6,
1982,45045,SC,Greenville County,small/mid,South,South Atlantic,785.211,295621,201184,169.8,
1983,45045,SC,Greenville County,small/mid,South,South Atlantic,785.211,297532,202203,156,1151
1984,45045,SC,Greenville County,  SMALL/MID ,South,South Atlantic,785.211,299827,203858,197.5,1160
1985,45045,SC,Greenville County,small/mid,South,South Atlantic,785.211,302507,205693,239,1293
1986,45045,SC,Greenville County,small/mid,South,South Atlantic,785.211,304710,207290,266,1438
1987,45045,SC,Greenville County,small/mid,South,South Atlantic,785.211,307540,209085,254,1526
1988,45045,SC,Greenville County,small/mid,South,South Atlantic,785.211,312342,211717,284,1730
1989,45045,SC,Greenville County,small/mid,South,South Atlantic,785.211,316437,213867,352,2009
1990,45045,SC,Greenville County,small/mid,South,South Atlantic,785.211,321857,217637,365,2022
1991,45045,SC,Greenville County,small/mid,South,South Atlantic,785.211,325834,219633,393,2057
1992,45045,SC,Greenville County,small/mid,South,South Atlantic,785.211,330074,221805,428,2150
1993,45045,SC,Greenville County,small/mid,South,South Atlantic,785.211,335286,224987,421,2221
1994,45045,SC,Greenville County,small/mid,South,South Atlantic,785.211,341207,228647,446,2298
1995,45045,SC,Greenville County,small/mid,South,South Atlantic,785.211,347371,233040,572,2120
1996,45045,SC,Greenville County,small/mid,South,South Atlantic,785.211,354570,237846,725,2257
1996,45045,SC,Greenville County,small/mid,South,South Atlantic,785.211,354570,237846,725,2257
1997,45045,SC,Greenville County,small/mid,South,South Atlantic,785.211,361184,242366,793,2295
1997,45045,SC,Greenville County,small/mid,South,South Atlantic,785.211,361184,242366,793,2295
1998,45045,SC,Greenville County,small/mid,South,South Atlantic,785.211,367948,247506,756,2201
1999,45045,SC,Greenville County,small/mid,South,South Atlantic,785.211,374851,253104,794,2211
2000,45045,SC,Greenville County,small/mid,South,South Atlantic,785.211,380949,257706,845,2137
2001,45045,SC,Greenville County,small/mid,South,South Atlantic,785.211,385780,261105,921,2355
2002,45045,SC,Greenville County,small/mid,South,South Atlantic,785.211,390197,264330,970,2488
2003,45045,SC,Greenville County,small/mid,South,South Atlantic,785.211,394242,266799,1004,2333
2004,45045,SC,Greenville County,small/mid,South,South Atlantic,785.211,399319,270040,1088,2207
2005,45045,SC,Greenville County,small/mid,South,South Atlantic,785.211,405608,274701,1201,2146
2006,45045,SC,Greenville County,small/mid,South,South Atlantic,785.211,415957,281330,1330,2218
2007,45045,SC,Greenville County,Small/mid,South,South Atlantic,785.211,427970,288725,1430,2308
2008,45045,SC,Greenville County,small/mid,South,South Atlantic,785.211,438742,295387,1375,2288
2009,45045,SC,Greenville County,small/mid,South,South Atlantic,785.211,446655,299900,1478,2270
2010,45045,SC,Greenville County,small/mid,South,South Atlantic,785.211,451221,302511,1243,2212
2010,45045,SC,Greenville County,small/mid,South,South Atlantic,785.211,451221,302511,1243,2212
2011,45045,SC,Greenville County,small/mid  ,South,South Atlantic,785.211,452752,303430,974,2148
2012,45045,SC,Greenville County,small/mid,South,South Atlantic,785.211,459193,307325,1196,1993
2013,45045,SC,Greenville County,small/mid,South,South Atlantic,785.211,466326,310148,1252,2003
2014,45045,SC,Greenville County,small/mid,South,South Atlantic,785.211,473315,313687,1305,1990
2015,45045,SC,Greenville County,small/mid,South,South Atlantic,785.211,481656,317929,1380,2005
2016,45045,SC,Greenville County,small/mid,South,South Atlantic,785.211,490816,323048,,
1970,45047,SC,Greenwood County,rural,South,South Atlantic,454.731,49905,31287,34,
1971,45047,SC,Greenwood County,rural,South,South Atlantic,454.731,50794,31943,33.125,
1972,45047,SC,Greenwood County,rural  ,South,South Atlantic,454.731,51161,32328,32.25,
1973,45047,SC,Greenwood County,rural,South,South Atlantic,454.731,52521,33422,31.375,
1974,45047,SC,Greenwood County,rural,South,South Atlantic,454.731,53493,34208,30.5,
1975,45047,SC,Greenwood County,rural,South,South Atlantic,454.731,54154,34736,29.625,
1976,45047,SC,Greenwood County,rural,South,South Atlantic,454.731,55026,35575,28.75,
1977,45047,SC,Greenwood County,rural,South,South Atlantic,454.731,55996,36374,27.875,
1978,45047,SC,Greenwood County,rural,South,South Atlantic,454.731,56389,36726,27,
1979,45047,SC,Greenwood County,rural,South,South Atlantic,454.731,56925,37163,29.6,
1980,45047,SC,Greenwood County,rural,South,South Atlantic,454.731,56063,36621,32.2,
1981,45047,SC,Greenwood County,  RURAL ,South,South Atlantic,454.731,56875,37270,34.8,
1982,45047,SC,Greenwood County,rural,South,South Atlantic,454.731,57569,37704,37.4,
1983,45047,SC,Greenwood County,rural,South,South Atlantic,454.731,57562,37651,40,191
1984,45047,SC,Greenwood County,rural,South,South Atlantic,454.731,57656,37738,45.5,214
1985,45047,SC,Greenwood County,rural,South,South Atlantic,454.731,58274,38146,51,241
1986,45047,SC,Greenwood County,rural,South,South Atlantic,454.731,58525,38332,52,243
1987,45047,SC,Greenwood County,rural,South,South Atlantic,454.731,58741,38459,52,260
1988,45047,SC,Greenwood County,  RURAL ,South,South Atlantic,454.731,59115,38591,46,261
1989,45047,SC,Greenwood County,rural,South,South Atlantic,454.731,59714,38870,52,324
1990,45047,SC,Greenwood County,rural,South,South Atlantic,454.731,59647,38812,64,300
1991,45047,SC,Greenwood County,rural,South,South Atlantic,454.731,60406,39209,75,306
1992,45047,SC,Greenwood County,rural,South,South Atlantic,454.731,61256,39727,86,304
1993,45047,SC,Greenwood County,rural,South,South Atlantic,454.731,62114,40289,86,313
1994,45047,SC,Greenwood County,rural,South,South Atlantic,454.731,62981,40793,92.33334,307
1995,45047,SC,Greenwood County,Rural,South,South Atlantic,454.731,63715,41277,98.66666,388
1996,45047,SC,Greenwood County,RURAL,South,South Atlantic,454.731,64706,41895,105,418
1997,45047,SC,Greenwood County,rural,South,South Atlantic,454.731,64990,41991,111.3333,436
1998,45047,SC,Greenwood County, rural,South,South Atlantic,454.731,65663,42505,117.6667,449
1999,45047,SC,Greenwood County,rural,South,South Atlantic,454.731,66054,42894,124,448
2000,45047,SC,Greenwood County,rural,South,South Atlantic,454.731,66303,43082,140.1667,495
2001,45047,SC,Greenwood County,rural,South,South Atlantic,454.731,66544,43226,156.3333,557
2002,45047,SC,Greenwood County,rural,South,South Atlantic,454.731,66996,43617,172.5,551
2003,45047,SC,Greenwood County,rural,South,South Atlantic,454.731,67288,43938,188.6667,513
2004,45047,SC,Greenwood County,rural,South,South Atlantic,454.731,67255,44058,718,477
2004,45047,,,,,,,,,204.8333,
2005,45047,SC,Greenwood County,rural,South,South Atlantic,454.731,67630,44580,221,412
2006,45047,SC,Greenwood County, rural,South,South Atlantic,454.731,68091,44898,222,385
2007,45047,SC,Greenwood County,rural,South,South Atlantic,454.731,68198,44798,235,373
2008,45047,SC,Greenwood County,rural,South,South Atlantic,454.731,68862,45049,265,411
2009,45047,SC,Greenwood County,RURAL,South,South Atlantic,454.731,69598,45511,200,379
2010,45047,SC,Greenwood County,rural,South,South Atlantic,454.731,69661,45459,191,384
2011,45047,SC,Greenwood County,rural,South,South Atlantic,454.731,69740,45462,191,387
2012,45047,SC,Greenwood County,rural,South,South Atlantic,454.731,69842,45327,166,358
2013,45047,SC,Greenwood County,rural,South,South Atlantic,454.731,69965,45085,199,353
2014,45047,SC,Greenwood County,rural,South,South Atlantic,454.731,69829,44778,204,352
2015,45047,SC,Greenwood County,rural,South,South Atlantic,454.731,69640,44368,204,352
2016,45047,SC,Greenwood County,rural,South,South Atlantic,454.731,69907,44375,,
1970,45049,SC,Hampton County,rural,South,South Atlantic,559.896,15885,9388,0,
1971,45049,SC,Hampton County,rural,South,South Atlantic,559.896,15964,9452,0,
1972,45049,SC,Hampton County,rural,South,South Atlantic,559.896,15917,9470,0,
1973,45049,SC,Hampton County, rural,South,South Atlantic,559.896,16530,9917,0,
1974,45049,SC,Hampton County,rural,South,South Atlantic,559.896,16982,10247,0,
1975,45049,SC,Hampton County,rural,South,South Atlantic,559.896,17356,10518,0,
1976,45049,SC,Hampton County,rural,South,South Atlantic,559.896,17033,10347,0,
1976,45049,SC,Hampton County,rural,South,South Atlantic,559.896,17033,10347,0,
1977,45049,SC,Hampton County,rural,South,South Atlantic,559.896,17602,10751,0,
1977,45049,SC,Hampton County,rural,South,South Atlantic,559.896,17602,10751,0,
1978,45049,SC,Hampton County,rural,South,South Atlantic,559.896,17894,10938,16,
1978,45049,SC,Hampton County,rural,South,South Atlantic,559.896,17894,10938,16,
1979,45049,SC,Hampton County,rural,South,South Atlantic,559.896,18064,11065,16.2,
1979,45049,SC,Hampton County,rural,South,South Atlantic,559.896,18064,11065,16.2,
1980,45049,SC,Hampton County,rural,South,South Atlantic,559.896,18203,11155,16.4,
1981,45049,SC,Hampton County,rural,South,South Atlantic,559.896,18444,11346,16.6,
1982,45049,SC,Hampton County,rural,South,South Atlantic,559.896,18420,11326,16.8,
1983,45049,SC,Hampton County, rural,South,South Atlantic,559.896,18300,11232,17,39
1984,45049,SC,Hampton County,  RURAL ,South,South Atlantic,559.896,18171,11161,21.6,36
1985,45049,SC,Hampton County,rural,South,South Atlantic,559.896,18054,11085,26.2,38
1986,45049,SC,Hampton County,rural,South,South Atlantic,559.896,18333,11271,30.8,50
1987,45049,SC,Hampton County,rural,South,South Atlantic,559.896,18305,11255,35.4,61
1988,45049,SC,Hampton County,rural,South,South Atlantic,559.896,18199,11150,40,81
1989,45049,SC,Hampton County,rural,South,South Atlantic,559.896,18206,11113,36.8,90
1990,45049,SC,Hampton County,rural,South,South Atlantic,559.896,18261,11181,33.6,90
1991,45049,SC,Hampton County,RURAL,South,South Atlantic,559.896,18558,11439,30.4,71
1992,45049,SC,Hampton County,rural,South,South Atlantic,559.896,18948,11721,27.2,86
1993,45049,SC,Hampton County,rural,South,South Atlantic,559.896,19467,12123,24,85
1994,45049,SC,Hampton County,rural,South,South Atlantic,559.896,19763,12371,592,91
1994,45049,,,,,,,,,26.33333,
1995,45049,SC,Hampton County,rural,South,South Atlantic,559.896,20178,12711,28.66667,93
1996,45049,SC,Hampton County,rural,South,South Atlantic,559.896,20442,12933,31,103
1997,45049,SC,Hampton County,rural,South,South Atlantic,559.896,20754,13151,33.33333,107
1998,45049,SC,Hampton County,rural,South,South Atlantic,559.896,21038,13453,35.66667,111
1999,45049,SC,Hampton County,rural,South,South Atlantic,559.896,21209,13682,38,103
2000,45049,SC,Hampton County,rural,South,South Atlantic,559.896,21344,13919,40.5,94
2000,45049,SC,Hampton County,rural,South,South Atlantic,559.896,21344,13919,40.5,94
2001,45049,SC,Hampton County,  RURAL ,South,South Atlantic,559.896,21262,13839,43,96
2002,45049,SC,Hampton County,rural,South,South Atlantic,559.896,21186,13882,45.5,82
2003,45049,SC,Hampton County,rural,South,South Atlantic,559.896,21267,14019,627,92
2003,45049,,,,,,,,,48,
2004,45049,SC,Hampton County,rural,South,South Atlantic,559.896,21072,13949,50.5,90
2005,45049,SC,Hampton County,RURAL,South,South Atlantic,559.896,21109,14023,53,74
2006,45049,SC,Hampton County,rural,South,South Atlantic,559.896,21104,14020,50.875,87
2007,45049,SC,Hampton County,rural,South,South Atlantic,559.896,21295,14128,48.75,81
2008,45049,SC,Hampton County,rural,South,South Atlantic,559.896,21212,14184,46.625,95
2009,45049,SC,Hampton County,rural,South,South Atlantic,559.896,21205,14201,44.5,100
2010,45049,SC,Hampton County,rural,South,South Atlantic,559.896,21090,14115,42.375,93
2011,45049,SC,Hampton County,rural,South,South Atlantic,559.896,21072,14099,40.25,90
2011,45049,SC,Hampton County,rural,South,South Atlantic,559.896,21072,14099,40.25,90
2012,45049,SC,Hampton County,rural,South,South Atlantic,559.896,20794,13891,38.125,80
2013,45049,SC,Hampton County,rural,South,South Atlantic,559.896,20741,13769,36,87
2014,45049,SC,Hampton County,rural,South,South Atlantic,559.896,20390,13495,36,80
2015,45049,SC,Hampton County,rural,South,South Atlantic,559.896,20432,13448,36,78
2016,45049,SC,Hampton County,rural,South,South Atlantic,559.896,20031,13084,,
1970,45051,SC,Horry County,small/mid,South,South Atlantic,1134.014,71061,43946,49,
1971,45051,SC,Horry County,small/mid,South,South Atlantic,1134.014,75341,47172,56,
1972,45051,SC,Horry County,small/mid,South,South Atlantic,1134.014,78827,50005,63,
1973,45051,SC,Horry County, small/mid,South,South Atlantic,1134.014,81940,52594,571,
1973,45051,,,,,,,,,70,
1974,45051,SC,Horry County,small/mid,South,South Atlantic,1134.014,85045,55013,77,
1974,45051,SC,Horry County,small/mid,South,South Atlantic,1134.014,85045,55013,77,
1975,45051,SC,Horry County,small/mid,South,South Atlantic,1134.014,88054,57316,84,
1975,45051,SC,Horry County,small/mid,South,South Atlantic,1134.014,88054,57316,84,
1976,45051,SC,Horry County,small/mid,South,South Atlantic,1134.014,93034,61234,91,
1977,45051,SC,Horry County,small/mid,South,South Atlantic,1134.014,93638,61828,98,
1978,45051,SC,Horry County,small/mid,South,South Atlantic,1134.014,97411,64679,105,
1979,45051,SC,Horry County,small/mid,South,South Atlantic,1134.014,99375,66070,109,
1980,45051,SC,Horry County,  SMALL/MID ,South,South Atlantic,1134.014,102431,68207,113,
1981,45051,SC,Horry County,  SMALL/MID ,South,South Atlantic,1134.014,106330,71189,117,
1981,45051,SC,Horry County,  SMALL/MID ,South,South Atlantic,1134.014,106330,71189,117,
1982,45051,SC,Horry County,small/mid,South,South Atlantic,1134.014,109268,73270,121,
1983,45051,SC,Horry County,small/mid,South,South Atlantic,1134.014,114747,77012,125,435
1984,45051,SC,Horry County,small/mid,South,South Atlantic,1134.014,120764,81259,124.5,480
1985,45051,SC,Horry County,small/mid,South,South Atlantic,1134.014,126529,85289,124,497
1986,45051,SC,Horry County,small/mid,South,South Atlantic,1134.014,130759,88332,93,515
1987,45051,SC,Horry County,small/mid,South,South Atlantic,1134.014,134932,91229,118,622
1988,45051,SC,Horry County,small/mid,South,South Atlantic,1134.014,137552,92868,100,642
1989,45051,SC,Horry County,small/mid  ,South,South Atlantic,1134.014,140579,94761,131,737
1990,45051,SC,Horry County,small/mid,South,South Atlantic,1134.014,145177,98085,187,741
1991,45051,SC,Horry County,small/mid,South,South Atlantic,1134.014,150181,101421,221,754
1992,45051,SC,Horry County,small/mid,South,South Atlantic,1134.014,154129,103675,746,695
1992,45051,,,,,,,,,206,
1993,45051,SC,Horry County,SMALL/MID,South,South Atlantic,1134.014,152082,101190,225,707
1994,45051,SC,Horry County,small/mid,South,South Atlantic,1134.014,157327,104373,265,744
1995,45051,SC,Horry County,small/mid,South,South Atlantic,1134.014,164138,109064,305,853
1996,45051,SC,Horry County,small/mid,South,South Atlantic,1134.014,171864,114214,345,944
1997,45051,SC,Horry County,small/mid,South,South Atlantic,1134.014,179069,119129,385,931
1998,45051,SC,Horry County,small/mid,South,South Atlantic,1134.014,186009,124225,425,970
1999,45051,SC,Horry County,small/mid,South,South Atlantic,1134.014,191833,128701,465,911
2000,45051,SC,Horry County,small/mid,South,South Atlantic,1134.014,198019,133339,456,977
2001,45051,SC,Horry County,small/mid,South,South Atlantic,1134.014,201982,135853,365,915
2001,45051,SC,Horry County,small/mid,South,South Atlantic,1134.014,201982,135853,365,915
2002,45051,SC,Horry County,small/mid,South,South Atlantic,1134.014,206566,139023,467,937
2003,45051,SC,Horry County,small/mid,South,South Atlantic,1134.014,211725,142488,472,929
2004,45051,SC,Horry County,small/mid,South,South Atlantic,1134.014,219094,147681,536,1064
2005,45051,SC,Horry County,small/mid,South,South Atlantic,1134.014,229899,155063,553,1101
2005,45051,SC,Horry County,small/mid,South,South Atlantic,1134.014,229899,155063,553,1101
2006,45051,SC,Horry County,small/mid,South,South Atlantic,1134.014,242194,163113,583,1080
2007,45051,SC,Horry County,small/mid,South,South Atlantic,1134.014,252464,169795,592,1193
2008,45051,SC,Horry County,Small/mid,South,South Atlantic,1134.014,260609,174393,635,1178
2009,45051,SC,Horry County,small/mid,South,South Atlantic,1134.014,265640,176501,687,1167
2010,45051,SC,Horry County,small/mid,South,South Atlantic,1134.014,269291,178137,665,1238
2011,45051,SC,Horry County,Small/mid,South,South Atlantic,1134.014,270438,178682,656,1269
2011,45051,SC,Horry County,Small/mid,South,South Atlantic,1134.014,270438,178682,656,1269
2012,45051,SC,Horry County,small/mid,South,South Atlantic,1134.014,275695,180877,707,1277
2012,45051,SC,Horry County,small/mid,South,South Atlantic,1134.014,275695,180877,707,1277
2013,45051,SC,Horry County,small/mid,South,South Atlantic,1134.014,281567,182391,661,1303
2014,45051,SC,Horry County,small/mid,South,South Atlantic,1134.014,289055,185255,666,1253
2015,45051,SC,Horry County,Small/mid,South,South Atlantic,1134.014,297963,189076,616,1292
2015,45051,SC,Horry County,Small/mid,South,South Atlantic,1134.014,297963,189076,616,1292
2016,45051,SC,Horry County,small/mid,South,South Atlantic,1134.014,309205,194587,,
1970,45053,SC,Jasper County,small/mid,South,South Atlantic,655.129,11799,6802,3,
1971,45053,SC,Jasper County,small/mid,South,South Atlantic,655.129,11489,6639,3.625,
1972,45053,SC,Jasper County,SMALL/MID,South,South Atlantic,655.129,11557,6736,4.25,
1973,45053,SC,Jasper County,small/mid,South,South Atlantic,655.129,12416,7351,4.875,
1974,45053,SC,Jasper County,small/mid,South,South Atlantic,655.129,12598,7503,5.5,
1975,45053,SC,Jasper County, small/mid,South,South Atlantic,655.129,12962,7777,6.125,
1976,45053,SC,Jasper County,small/mid,South,South Atlantic,655.129,12969,7804,6.75,
1977,45053,SC,Jasper County,small/mid  ,South,South Atlantic,655.129,13892,8427,7.375,
1978,45053,SC,Jasper County,small/mid,South,South Atlantic,655.129,14288,8698,8,
1979,45053,SC,Jasper County,small/mid,South,South Atlantic,655.129,14146,8577,9.8,
1980,45053,SC,Jasper County,small/mid,South,South Atlantic,655.129,14403,8768,11.6,
1981,45053,SC,Jasper County,small/mid,South,South Atlantic,655.129,14070,8590,13.4,
1982,45053,SC,Jasper County,small/mid,South,South Atlantic,655.129,14388,8780,15.2,
1983,45053,SC,Jasper County,small/mid,South,South Atlantic,655.129,14408,8773,17,52
1984,45053,SC,Jasper County,small/mid,South,South Atlantic,655.129,14677,8949,20.8,50
1985,45053,SC,Jasper County,small/mid,South,South Atlantic,655.129,14781,9008,24.6,43
1986,45053,SC,Jasper County,small/mid,South,South Atlantic,655.129,15004,9156,28.4,60
1987,45053,SC,Jasper County,small/mid,South,South Atlantic,655.129,15157,9249,32.2,72
1988,45053,SC,Jasper County,small/mid,South,South Atlantic,655.129,15328,9317,36,75
1989,45053,SC,Jasper County,Small/mid,South,South Atlantic,655.129,15515,9399,45,101
1990,45053,SC,Jasper County,small/mid,South,South Atlantic,655.129,15532,9415,41,151
1991,45053,SC,Jasper County,small/mid,South,South Atlantic,655.129,15954,9689,32,132
1992,45053,SC,Jasper County,small/mid,South,South Atlantic,655.129,16228,9861,31,121
1993,45053,SC,Jasper County,small/mid,South,South Atlantic,655.129,16543,10072,32,115
1994,45053,SC,Jasper County,small/mid,South,South Atlantic,655.129,17088,10417,32.5,113
1995,45053,SC,Jasper County,small/mid,South,South Atlantic,655.129,17511,10800,33,137
1996,45053,SC,Jasper County,SMALL/MID,South,South Atlantic,655.129,18201,11446,33.5,143
1997,45053,SC,Jasper County,small/mid,South,South Atlantic,655.129,19676,12760,34,137
1998,45053,SC,Jasper County,small/mid,South,South Atlantic,655.129,20040,13102,613,161
1998,45053,,,,,,,,,34.5,
1999,45053,SC,Jasper County,small/mid,South,South Atlantic,655.129,20447,13516,35,150
2000,45053,SC,Jasper County,small/mid,South,South Atlantic,655.129,20721,13781,40,115
2001,45053,SC,Jasper County,small/mid,South,South Atlantic,655.129,21024,14106,45,141
2002,45053,SC,Jasper County,small/mid,South,South Atlantic,655.129,21102,14282,50,135
2003,45053,SC,Jasper County,small/mid,South,South Atlantic,655.129,21236,14509,55,130
2004,45053,SC,Jasper County,small/mid,South,South Atlantic,655.129,21456,14719,60,128
2005,45053,SC,Jasper County,small/mid,South,South Atlantic,655.129,21845,14942,65,131
2006,45053,SC,Jasper County,Small/mid,South,South Atlantic,655.129,22406,15314,606,134
2006,45053,,,,,,,,,66.25,
2007,45053,SC,Jasper County,small/mid,South,South Atlantic,655.129,22971,15659,67.5,126
2008,45053,SC,Jasper County,  SMALL/MID ,South,South Atlantic,655.129,23620,15998,68.75,133
2009,45053,SC,Jasper County,small/mid,South,South Atlantic,655.129,24234,16479,70,168
2010,45053,SC,Jasper County,small/mid,South,South Atlantic,655.129,24779,16894,585,141
2010,45053,,,,,,,,,71.25,
2011,45053,SC,Jasper County,small/mid,South,South Atlantic,655.129,24931,17010,72.5,128
2012,45053,SC,Jasper County,small/mid,South,South Atlantic,655.129,25297,17303,73.75,133
2013,45053,SC,Jasper County,small/mid,South,South Atlantic,655.129,25797,17535,75,117
2014,45053,SC,Jasper County,small/mid,South,South Atlantic,655.129,26428,17842,75,111
2015,45053,SC,Jasper County,small/mid,South,South Atlantic,655.129,26762,17839,75,113
2016,45053,SC,Jasper County,small/mid,South,South Atlantic,655.129,27605,18092,,
2016,45053,SC,Jasper County,small/mid,South,South Atlantic,655.129,27605,18092,,
1970,45055,SC,Kershaw County,small/mid,South,South Atlantic,726.558,34912,21293,35,
1971,45055,SC,Kershaw County,small/mid,South,South Atlantic,726.558,35648,21903,33,
1972,45055,SC,Kershaw County,SMALL/MID,South,South Atlantic,726.558,36092,22386,31,
1973,45055,SC,Kershaw County,small/mid,South,South Atlantic,726.558,37149,23286,29,
1974,45055,SC,Kershaw County,small/mid,South,South Atlantic,726.558,37237,23476,27,
1975,45055,SC,Kershaw County,small/mid  ,South,South Atlantic,726.558,38718,24625,25,
1976,45055,SC,Kershaw County,small/mid,South,South Atlantic,726.558,38819,24868,23,
1977,45055,SC,Kershaw County,small/mid,South,South Atlantic,726.558,39215,25302,21,
1978,45055,SC,Kershaw County,small/mid,South,South Atlantic,726.558,38347,24803,19,
1979,45055,SC,Kershaw County,SMALL/MID,South,South Atlantic,726.558,38274,24827,19.4,
1979,45055,SC,Kershaw County,SMALL/MID,South,South Atlantic,726.558,38274,24827,19.4,
1980,45055,SC,Kershaw County,small/mid,South,South Atlantic,726.558,39165,25593,19.8,
1981,45055,SC,Kershaw County, small/mid,South,South Atlantic,726.558,39757,26083,20.2,
1981,45055,SC,Kershaw County, small/mid,South,South Atlantic,726.558,39757,26083,20.2,
1982,45055,SC,Kershaw County,small/mid,South,South Atlantic,726.558,39847,26163,20.6,
1983,45055,SC,Kershaw County,small/mid,South,South Atlantic,726.558,39737,26094,21,86
1984,45055,SC,Kershaw County,small/mid,South,South Atlantic,726.558,40651,26739,24.4,105
1985,45055,SC,Kershaw County,small/mid,South,South Atlantic,726.558,41338,27227,27.8,104
1986,45055,SC,Kershaw County,small/mid,South,South Atlantic,726.558,41712,27530,31.2,96
1987,45055,SC,Kershaw County,Small/mid,South,South Atlantic,726.558,42518,28099,34.6,113
1988,45055,SC,Kershaw County,small/mid,South,South Atlantic,726.558,43477,28684,38,90
1989,45055,SC,Kershaw County,small/mid,South,South Atlantic,726.558,44007,28983,44,135
1990,45055,SC,Kershaw County,small/mid,South,South Atlantic,726.558,43638,28748,50,156
1991,45055,SC,Kershaw County,small/mid,South,South Atlantic,726.558,44409,29103,56,130
1992,45055,SC,Kershaw County,Small/mid,South,South Atlantic,726.558,45333,29565,62,152
1993,45055,SC,Kershaw County,small/mid,South,South Atlantic,726.558,46385,30195,68,192
1994,45055,SC,Kershaw County,small/mid,South,South Atlantic,726.558,47001,30589,69,175
1995,45055,SC,Kershaw County, small/mid,South,South Atlantic,726.558,47660,31071,627,186
1995,45055,,,,,,,,,74,
1996,45055,SC,Kershaw County,SMALL/MID,South,South Atlantic,726.558,48726,31750,87,206
1996,45055,SC,Kershaw County,SMALL/MID,South,South Atlantic,726.558,48726,31750,87,206
1997,45055,SC,Kershaw County,small/mid,South,South Atlantic,726.558,49713,32403,94,235
1998,45055,SC,Kershaw County,small/mid,South,South Atlantic,726.558,50774,33179,80,218
1999,45055,SC,Kershaw County,small/mid,South,South Atlantic,726.558,51708,33865,83,222
2000,45055,SC,Kershaw County,small/mid,South,South Atlantic,726.558,52851,34705,84.83334,231
2000,45055,SC,Kershaw County,small/mid,South,South Atlantic,726.558,52851,34705,84.83334,231
2001,45055,SC,Kershaw County,small/mid,South,South Atlantic,726.558,53474,35073,86.66666,240
2002,45055,SC,Kershaw County,small/mid,South,South Atlantic,726.558,53714,35368,88.5,223
2002,45055,SC,Kershaw County,small/mid,South,South Atlantic,726.558,53714,35368,88.5,223
2003,45055,SC,Kershaw County,small/mid,South,South Atlantic,726.558,54614,35996,90.33334,215
2004,45055,SC,Kershaw County,small/mid,South,South Atlantic,726.558,55415,36669,92.16666,227
2005,45055,SC,Kershaw County,small/mid,South,South Atlantic,726.558,56506,37470,94,222
2006,45055,SC,Kershaw County,SMALL/MID,South,South Atlantic,726.558,58060,38458,100.5,193
2007,45055,SC,Kershaw County,small/mid,South,South Atlantic,726.558,59380,39207,107,239
2008,45055,SC,Kershaw County,small/mid,South,South Atlantic,726.558,60395,39655,113.5,200
2009,45055,SC,Kershaw County,small/mid,South,South Atlantic,726.558,61143,40014,120,163
2010,45055,SC,Kershaw County,small/mid,South,South Atlantic,726.558,61570,40287,126.5,167
2011,45055,SC,Kershaw County,small/mid,South,South Atlantic,726.558,61682,40340,133,173
2012,45055,SC,Kershaw County,small/mid,South,South Atlantic,726.558,62105,40479,139.5,176
2013,45055,SC,Kershaw County,small/mid,South,South Atlantic,726.558,62276,40262,146,187
2014,45055,SC,Kershaw County,small/mid,South,South Atlantic,726.558,62576,40198,146,216
2015,45055,SC,Kershaw County,small/mid,South,South Atlantic,726.558,63165,40366,146,228
2016,45055,SC,Kershaw County,small/mid,South,South Atlantic,726.558,63626,40477,,
1970,45057,SC,Lancaster County,suburban,South,South Atlantic,549.089,43532,26900,42,
1971,45057,SC,Lancaster County,suburban,South,South Atlantic,549.089,44363,27500,42.625,
1972,45057,SC,Lancaster County,suburban,South,South Atlantic,549.089,44803,27918,43.25,
1973,45057,SC,Lancaster County,suburban,South,South Atlantic,549.089,45553,28563,43.875,
1974,45057,SC,Lancaster County,Suburban,South,South Atlantic,549.089,46392,29246,44.5,
1975,45057,SC,Lancaster County, suburban,South,South Atlantic,549.089,46452,29371,45.125,
1976,45057,SC,Lancaster County,suburban,South,South Atlantic,549.089,48041,30682,45.75,
1977,45057,SC,Lancaster County,suburban,South,South Atlantic,549.089,47759,30636,46.375,
1978,45057,SC,Lancaster County,suburban,South,South Atlantic,549.089,50629,32755,47,
1979,45057,SC,Lancaster County,suburban  ,South,South Atlantic,549.089,52322,34002,46.2,
1980,45057,SC,Lancaster County,suburban,South,South Atlantic,549.089,53503,34859,45.4,
1981,45057,SC,Lancaster County,  SUBURBAN ,South,South Atlantic,549.089,54026,35353,44.6,
1982,45057,SC,Lancaster County,suburban,South,South Atlantic,549.089,54091,35418,43.8,
1983,45057,SC,Lancaster County,suburban,South,South Atlantic,549.089,53825,35239,43,153
1984,45057,SC,Lancaster County,suburban,South,South Atlantic,549.089,53878,35336,43.4,158
1984,45057,SC,Lancaster County,suburban,South,South Atlantic,549.089,53878,35336,43.4,158
1985,45057,SC,Lancaster County,suburban,South,South Atlantic,549.089,54007,35464,43.8,186
1986,45057,SC,Lancaster County,suburban,South,South Atlantic,549.089,53921,35467,44.2,192
1987,45057,SC,Lancaster County,suburban,South,South Atlantic,549.089,54109,35624,44.6,219
1988,45057,SC,Lancaster County,suburban,South,South Atlantic,549.089,54202,35621,45,250
1989,45057,SC,Lancaster County,suburban,South,South Atlantic,549.089,54222,35578,53.2,229
1990,45057,SC,Lancaster County,suburban,South,South Atlantic,549.089,54696,35945,61.4,239
1990,45057,SC,Lancaster County,suburban,South,South Atlantic,549.089,54696,35945,61.4,239
1991,45057,SC,Lancaster County,suburban,South,South Atlantic,549.089,55413,36361,69.6,223
1992,45057,SC,Lancaster County,suburban,South,South Atlantic,549.089,55525,36520,77.8,234
1993,45057,SC,Lancaster County,suburban,South,South Atlantic,549.089,56065,36906,86,252
1994,45057,SC,Lancaster County,suburban,South,South Atlantic,549.089,56559,37151,87.66666,243
1995,45057,SC,Lancaster County,suburban,South,South Atlantic,549.089,57290,37706,89.33334,242
1996,45057,SC,Lancaster County,suburban,South,South Atlantic,549.089,57909,38106,91,286
1997,45057,SC,Lancaster County,suburban,South,South Atlantic,549.089,58958,38896,92.66666,273
1998,45057,SC,Lancaster County,suburban,South,South Atlantic,549.089,60255,39927,94.33334,261
1999,45057,SC,Lancaster County,suburban,South,South Atlantic,549.089,61104,40691,96,215
2000,45057,SC,Lancaster County,suburban,South,South Atlantic,549.089,61571,41047,100,216
2001,45057,SC,Lancaster County,suburban,South,South Atlantic,549.089,62250,41299,104,241
2001,45057,SC,Lancaster County,suburban,South,South Atlantic,549.089,62250,41299,104,241
2002,45057,SC,Lancaster County,  SUBURBAN ,South,South Atlantic,549.089,63282,41923,108,273
2003,45057,SC,Lancaster County,suburban,South,South Atlantic,549.089,64210,42471,112,287
2004,45057,SC,Lancaster County,suburban,South,South Atlantic,549.089,65079,42964,116,310
2005,45057,SC,Lancaster County,Suburban,South,South Atlantic,549.089,65875,43422,120,308
2005,45057,SC,Lancaster County,Suburban,South,South Atlantic,549.089,65875,43422,120,308
2006,45057,SC,Lancaster County,SUBURBAN,South,South Atlantic,549.089,66992,44034,131,321
2007,45057,SC,Lancaster County,suburban,South,South Atlantic,549.089,69504,45615,162,340
2008,45057,SC,Lancaster County,suburban,South,South Atlantic,549.089,72733,47712,154,296
2009,45057,SC,Lancaster County,suburban,South,South Atlantic,549.089,75394,49332,188,290
2010,45057,SC,Lancaster County, suburban,South,South Atlantic,549.089,76654,50056,152,265
2010,45057,SC,Lancaster County, suburban,South,South Atlantic,549.089,76654,50056,152,265
2011,45057,SC,Lancaster County,suburban,South,South Atlantic,549.089,76973,50198,135,250
2012,45057,SC,Lancaster County,suburban,South,South Atlantic,549.089,77849,50321,131,239
2013,45057,SC,Lancaster County,suburban,South,South Atlantic,549.089,79326,50536,125,240
2014,45057,SC,Lancaster County,suburban,South,South Atlantic,549.089,80659,51095,125,231
2015,45057,SC,Lancaster County,SUBURBAN,South,South Atlantic,549.089,83402,52354,125,241
2015,45057,SC,Lancaster County,SUBURBAN,South,South Atlantic,549.089,83402,52354,125,241
2016,45057,SC,Lancaster County,suburban,South,South Atlantic,549.089,86255,53536,,
1970,45059,SC,Laurens County,small/mid,South,South Atlantic,713.819,49606,31379,46,
1971,45059,SC,Laurens County,small/mid,South,South Atlantic,713.819,49180,31138,44.61538,
1972,45059,SC,Laurens County,small/mid,South,South Atlantic,713.819,49412,31425,43.23077,
1973,45059,SC,Laurens County,small/mid,South,South Atlantic,713.819,50144,32078,41.84615,
1974,45059,SC,Laurens County,small/mid,South,South Atlantic,713.819,50703,32532,40.46154,
1975,45059,SC,Laurens County,small/mid,South,South Atlantic,713.819,51024,32792,39.07692,
1976,45059,SC,Laurens County,small/mid,South,South Atlantic,713.819,50762,32805,37.69231,
1977,45059,SC,Laurens County,small/mid,South,South Atlantic,713.819,51390,33387,36.30769,
1978,45059,SC,Laurens County,small/mid,South,South Atlantic,713.819,51659,33702,34.92308,
1979,45059,SC,Laurens County,small/mid,South,South Atlantic,713.819,51590,33721,33.53846,
1980,45059,SC,Laurens County,small/mid,South,South Atlantic,713.819,52469,34417,32.15385,
1980,45059,SC,Laurens County,small/mid,South,South Atlantic,713.819,52469,34417,32.15385,
1981,45059,SC,Laurens County,small/mid,South,South Atlantic,713.819,53473,35210,30.76923,
1982,45059,SC,Laurens County,small/mid,South,South Atlantic,713.819,53392,35169,29.38461,
1983,45059,SC,Laurens County,small/mid,South,South Atlantic,713.819,53509,35236,28,135
1984,45059,SC,Laurens County,small/mid  ,South,South Atlantic,713.819,53906,35541,30.4,133
1985,45059,SC,Laurens County,small/mid,South,South Atlantic,713.819,54552,36005,32.8,140
1986,45059,SC,Laurens County,small/mid  ,South,South Atlantic,713.819,55068,36409,35.2,158
1987,45059,SC,Laurens County,small/mid,South,South Atlantic,713.819,55685,36837,37.6,164
1988,45059,SC,Laurens County,small/mid,South,South Atlantic,713.819,56624,37388,40,159
1989,45059,SC,Laurens County,small/mid,South,South Atlantic,713.819,57431,37845,48.8,237
1990,45059,SC,Laurens County,small/mid,South,South Atlantic,713.819,58423,38552,57.6,257
1991,45059,SC,Laurens County,small/mid,South,South Atlantic,713.819,59261,38985,66.4,214
1992,45059,SC,Laurens County,small/mid,South,South Atlantic,713.819,60153,39413,75.2,261
1992,45059,SC,Laurens County,small/mid,South,South Atlantic,713.819,60153,39413,75.2,261
1993,45059,SC,Laurens County,small/mid,South,South Atlantic,713.819,61111,39983,84,288
1994,45059,SC,Laurens County, small/mid,South,South Atlantic,713.819,62133,40522,94.33334,291
1995,45059,SC,Laurens County,small/mid,South,South Atlantic,713.819,63479,41388,104.6667,342
1995,45059,SC,Laurens County,small/mid,South,South Atlantic,713.819,63479,41388,104.6667,342
1996,45059,SC,Laurens County,small/mid,South,South Atlantic,713.819,64976,42378,115,334
1997,45059,SC,Laurens County,small/mid  ,South,South Atlantic,713.819,66517,43462,125.3333,348
1998,45059,SC,Laurens County,small/mid,South,South Atlantic,713.819,67922,44557,135.6667,348
1999,45059,SC,Laurens County,small/mid,South,South Atlantic,713.819,68783,45208,146,325
2000,45059,SC,Laurens County,small/mid,South,South Atlantic,713.819,69428,45714,150.5,326
2001,45059,SC,Laurens County,small/mid,South,South Atlantic,713.819,69407,45762,155,393
2002,45059,SC,Laurens County,small/mid,South,South Atlantic,713.819,68841,45552,159.5,411
2003,45059,SC,Laurens County,Small/mid,South,South Atlantic,713.819,68468,45476,164,388
2004,45059,SC,Laurens County,small/mid,South,South Atlantic,713.819,67784,45138,168.5,396
2005,45059,SC,Laurens County,small/mid,South,South Atlantic,713.819,67629,45166,173,397
2006,45059,SC,Laurens County,small/mid,South,South Atlantic,713.819,67388,45026,184.375,385
2007,45059,SC,Laurens County,SMALL/MID,South,South Atlantic,713.819,67172,44858,195.75,402
2008,45059,SC,Laurens County,small/mid,South,South Atlantic,713.819,67173,44584,207.125,385
2009,45059,SC,Laurens County,small/mid,South,South Atlantic,713.819,66897,44171,218.5,398
2010,45059,SC,Laurens County,small/mid,South,South Atlantic,713.819,66539,43854,229.875,353
2011,45059,SC,Laurens County,small/mid,South,South Atlantic,713.819,66528,43808,241.25,316
2011,45059,SC,Laurens County,small/mid,South,South Atlantic,713.819,66528,43808,241.25,316
2012,45059,SC,Laurens County,small/mid,South,South Atlantic,713.819,66481,43623,252.625,283
2013,45059,SC,Laurens County,small/mid,South,South Atlantic,713.819,66264,43083,264,292
2014,45059,SC,Laurens County,small/mid,South,South Atlantic,713.819,66199,42939,238.5,288
2015,45059,SC,Laurens County,small/mid,South,South Atlantic,713.819,66487,43010,213,285
2016,45059,SC,Laurens County,small/mid  ,South,South Atlantic,713.819,66434,42876,,
1970,45061,SC,Lee County,rural,South,South Atlantic,410.184,18293,10290,14,
1971,45061,SC,Lee County,rural,South,South Atlantic,410.184,18223,10367,13.375,
1972,45061,SC,Lee County,rural,South,South Atlantic,410.184,17693,10182,12.75,
1973,45061,SC,Lee County,rural,South,South Atlantic,410.184,17885,10445,12.125,
1974,45061,SC,Lee County,rural,South,South Atlantic,410.184,18021,10671,11.5,
1975,45061,SC,Lee County,rural,South,South Atlantic,410.184,18336,11024,10.875,
1976,45061,SC,Lee County,RURAL,South,South Atlantic,410.184,18887,11519,10.25,
1976,45061,SC,Lee County,RURAL,South,South Atlantic,410.184,18887,11519,10.25,
1977,45061,SC,Lee County,rural,South,South Atlantic,410.184,18774,11554,9.625,
1978,45061,SC,Lee County,rural,South,South Atlantic,410.184,18952,11749,9,
1978,45061,SC,Lee County,rural,South,South Atlantic,410.184,18952,11749,9,
1979,45061,SC,Lee County,rural,South,South Atlantic,410.184,18931,11825,9,
1980,45061,SC,Lee County,rural,South,South Atlantic,410.184,18857,11808,9,
1981,45061,SC,Lee County,rural,South,South Atlantic,410.184,18680,11736,9,
1982,45061,SC,Lee County,rural,South,South Atlantic,410.184,18523,11632,9,
1983,45061,SC,Lee County,rural,South,South Atlantic,410.184,18564,11639,9,46
1983,45061,SC,Lee County,rural,South,South Atlantic,410.184,18564,11639,9,46
1984,45061,SC,Lee County,rural,South,South Atlantic,410.184,18645,11699,11,40
1985,45061,SC,Lee County,rural,South,South Atlantic,410.184,18667,11703,13,51
1986,45061,SC,Lee County,  RURAL ,South,South Atlantic,410.184,18673,11724,529,69
1986,45061,,,,,,,,,15,
1987,45061,SC,Lee County,rural,South,South Atlantic,410.184,18647,11704,17,68
1988,45061,SC,Lee County,rural,South,South Atlantic,410.184,18557,11604,19,92
1989,45061,SC,Lee County,rural,South,South Atlantic,410.184,18476,11517,19.2,116
1990,45061,SC,Lee County,rural,South,South Atlantic,410.184,18447,11485,19.4,137
1991,45061,SC,Lee County,rural,South,South Atlantic,410.184,18606,11593,19.6,140
1992,45061,SC,Lee County,RURAL,South,South Atlantic,410.184,18788,11759,19.8,114
1993,45061,SC,Lee County,rural,South,South Atlantic,410.184,18680,11681,20,115
1994,45061,SC,Lee County,rural,South,South Atlantic,410.184,19434,12420,19.83333,116
1995,45061,SC,Lee County,rural,South,South Atlantic,410.184,20163,13210,19.66667,135
1996,45061,SC,Lee County,rural,South,South Atlantic,410.184,20113,13187,19.5,148
1997,45061,SC,Lee County,rural,South,South Atlantic,410.184,20358,13375,19.33333,146
1998,45061,SC,Lee County,rural,South,South Atlantic,410.184,20374,13464,19.16667,157
1999,45061,SC,Lee County,rural,South,South Atlantic,410.184,20162,13356,19,149
2000,45061,SC,Lee County,rural,South,South Atlantic,410.184,20088,13369,0,145
2001,45061,SC,Lee County,rural,South,South Atlantic,410.184,19957,13294,0,141
2002,45061,SC,Lee County,rural,South,South Atlantic,410.184,19970,13371,0,146
2003,45061,SC,Lee County,rural,South,South Atlantic,410.184,20005,13387,0,147
2004,45061,SC,Lee County,rural,South,South Atlantic,410.184,20157,13521,0,124
2005,45061,SC,Lee County,rural,South,South Atlantic,410.184,20079,13530,0,117
2006,45061,SC,Lee County,rural,South,South Atlantic,410.184,20001,13495,0,121
2007,45061,SC,Lee County,rural,South,South Atlantic,410.184,19836,13468,0,117
2008,45061,SC,Lee County,rural,South,South Atlantic,410.184,19697,13405,0,113
2009,45061,SC,Lee County,rural,South,South Atlantic,410.184,19352,13180,0,130
2010,45061,SC,Lee County,rural,South,South Atlantic,410.184,19222,13141,0,120
2011,45061,SC,Lee County,rural  ,South,South Atlantic,410.184,19217,13124,0,108
2012,45061,SC,Lee County,rural,South,South Atlantic,410.184,18883,12820,0,101
2012,45061,SC,Lee County,rural,South,South Atlantic,410.184,18883,12820,0,101
2013,45061,SC,Lee County,rural,South,South Atlantic,410.184,18634,12519,0,101
2014,45061,SC,Lee County,rural,South,South Atlantic,410.184,18380,12305,0,98
2015,45061,SC,Lee County,rural,South,South Atlantic,410.184,18339,12216,0,100
2016,45061,SC,Lee County,rural,South,South Atlantic,410.184,17811,11745,,
1970,45063,SC,Lexington County,small/mid,South,South Atlantic,699.059,89982,56504,39,
1971,45063,SC,Lexington County,small/mid,South,South Atlantic,699.059,93879,59362,42.125,
1972,45063,SC,Lexington County,small/mid,South,South Atlantic,699.059,100771,64422,45.25,
1973,45063,SC,Lexington County,small/mid,South,South Atlantic,699.059,108847,70355,48.375,
1974,45063,SC,Lexington County,small/mid,South,South Atlantic,699.059,113996,74220,51.5,
1975,45063,SC,Lexington County,small/mid,South,South Atlantic,699.059,119953,78589,54.625,
1976,45063,SC,Lexington County,small/mid,South,South Atlantic,699.059,124765,82664,57.75,
1976,45063,SC,Lexington County,small/mid,South,South Atlantic,699.059,124765,82664,57.75,
1977,45063,SC,Lexington County,small/mid  ,South,South Atlantic,699.059,129314,86460,60.875,
1978,45063,SC,Lexington County,small/mid,South,South Atlantic,699.059,133923,90216,64,
1978,45063,SC,Lexington County,small/mid,South,South Atlantic,699.059,133923,90216,64,
1979,45063,SC,Lexington County,small/mid,South,South Atlantic,699.059,137580,93234,67.2,
1980,45063,SC,Lexington County,SMALL/MID,South,South Atlantic,699.059,141166,96045,70.4,
1981,45063,SC,Lexington County,small/mid,South,South Atlantic,699.059,143921,98442,73.6,
1982,45063,SC,Lexington County,small/mid,South,South Atlantic,699.059,145415,99650,76.8,
1983,45063,SC,Lexington County,small/mid,South,South Atlantic,699.059,147603,101236,80,219
1984,45063,SC,Lexington County,small/mid,South,South Atlantic,699.059,149555,102871,90,222
1985,45063,SC,Lexington County,small/mid,South,South Atlantic,699.059,151807,104670,100,246
1986,45063,SC,Lexington County,small/mid,South,South Atlantic,699.059,155244,107347,100,301
1986,45063,SC,Lexington County,small/mid,South,South Atlantic,699.059,155244,107347,100,301
1987,45063,SC,Lexington County,small/mid,South,South Atlantic,699.059,158807,109989,117,347
1988,45063,SC,Lexington County,small/mid,South,South Atlantic,699.059,161378,111661,122,415
1989,45063,SC,Lexington County,SMALL/MID,South,South Atlantic,699.059,164598,113790,150,498
1990,45063,SC,Lexington County, small/mid,South,South Atlantic,699.059,168907,117014,185,509
1991,45063,SC,Lexington County,Small/mid,South,South Atlantic,699.059,173422,119637,222,548
1992,45063,SC,Lexington County,small/mid,South,South Atlantic,699.059,178028,122376,314,532
1993,45063,SC,Lexington County,small/mid,South,South Atlantic,699.059,183509,125887,269,563
1994,45063,SC,Lexington County, small/mid,South,South Atlantic,699.059,188582,129020,360,579
1994,45063,SC,Lexington County, small/mid,South,South Atlantic,699.059,188582,129020,360,579
1995,45063,SC,Lexington County,small/mid,South,South Atlantic,699.059,193548,132333,318,608
1996,45063,SC,Lexington County,small/mid,South,South Atlantic,699.059,198215,134949,338,624
1997,45063,SC,Lexington County,Small/mid,South,South Atlantic,699.059,203873,138588,405,597
1998,45063,SC,Lexington County,small/mid,South,South Atlantic,699.059,208910,142059,453,602
1999,45063,SC,Lexington County, small/mid,South,South Atlantic,699.059,213243,145207,520,678
2000,45063,SC,Lexington County,small/mid,South,South Atlantic,699.059,216873,147690,545,688
2001,45063,SC,Lexington County,small/mid,South,South Atlantic,699.059,220099,149745,540,776
2002,45063,SC,Lexington County,  SMALL/MID ,South,South Atlantic,699.059,222761,151681,664,833
2003,45063,SC,Lexington County,small/mid,South,South Atlantic,699.059,226887,154521,707,768
2004,45063,SC,Lexington County,small/mid,South,South Atlantic,699.059,230832,157302,737,789
2005,45063,SC,Lexington County,small/mid,South,South Atlantic,699.059,235176,160387,740,933
2006,45063,SC,Lexington County,small/mid,South,South Atlantic,699.059,241219,164133,733.375,1072
2007,45063,SC,Lexington County,small/mid,South,South Atlantic,699.059,246461,167279,726.75,1111
2008,45063,SC,Lexington County,  SMALL/MID ,South,South Atlantic,699.059,252747,171232,720.125,1120
2009,45063,SC,Lexington County,small/mid,South,South Atlantic,699.059,258983,175226,713.5,1135
2010,45063,SC,Lexington County,small/mid,South,South Atlantic,699.059,262396,177145,706.875,1111
2011,45063,SC,Lexington County,small/mid,South,South Atlantic,699.059,263299,177670,700.25,1121
2012,45063,SC,Lexington County,small/mid,South,South Atlantic,699.059,266383,179384,693.625,1144
2013,45063,SC,Lexington County,small/mid,South,South Atlantic,699.059,269770,180488,687,1140
2014,45063,SC,Lexington County,small/mid,South,South Atlantic,699.059,273301,181743,743.5,1105
2015,45063,SC,Lexington County,small/mid,South,South Atlantic,699.059,277432,183522,800,1077
2015,45063,SC,Lexington County,small/mid,South,South Atlantic,699.059,277432,183522,800,1077
2016,45063,SC,Lexington County,small/mid,South,South Atlantic,699.059,281582,185786,,
1970,45065,SC,McCormick County,rural,South,South Atlantic,359.13,7928,4478,7,
1971,45065,SC,McCormick County,rural,South,South Atlantic,359.13,7825,4459,7.375,
1972,45065,SC,McCormick County,rural,South,South Atlantic,359.13,7900,4562,7.75,
1973,45065,SC,McCormick County,rural,South,South Atlantic,359.13,8128,4777,8.125,
1974,45065,SC,McCormick County,rural,South,South Atlantic,359.13,8132,4845,8.5,
1975,45065,SC,McCormick County,rural,South,South Atlantic,359.13,7949,4787,8.875,
1976,45065,SC,McCormick County,rural,South,South Atlantic,359.13,8231,5021,9.25,
1977,45065,SC,McCormick County,  RURAL ,South,South Atlantic,359.13,8063,4937,9.625,
1978,45065,SC,McCormick County,rural,South,South Atlantic,359.13,7972,4942,10,
1979,45065,SC,McCormick County,rural,South,South Atlantic,359.13,7965,4992,9.2,
1980,45065,SC,McCormick County,rural,South,South Atlantic,359.13,7705,4845,8.4,
1981,45065,SC,McCormick County,Rural,South,South Atlantic,359.13,7399,4711,7.6,
1982,45065,SC,McCormick County,rural,South,South Atlantic,359.13,7414,4760,6.8,
1982,45065,SC,McCormick County,rural,South,South Atlantic,359.13,7414,4760,6.8,
1983,45065,SC,McCormick County,rural,South,South Atlantic,359.13,7400,4783,6,23
1984,45065,SC,McCormick County,rural,South,South Atlantic,359.13,7499,4891,6,29
1985,45065,SC,McCormick County,rural,South,South Atlantic,359.13,7517,4947,6,30
1986,45065,SC,McCormick County,rural,South,South Atlantic,359.13,7462,4953,6,35
1987,45065,SC,McCormick County,rural,South,South Atlantic,359.13,7680,5133,6,39
1988,45065,SC,McCormick County,rural,South,South Atlantic,359.13,8237,5525,6,48
1989,45065,SC,McCormick County,rural,South,South Atlantic,359.13,8837,5963,5.6,61
1990,45065,SC,McCormick County,rural,South,South Atlantic,359.13,8876,6019,5.2,54
1991,45065,SC,McCormick County,rural,South,South Atlantic,359.13,8921,6032,4.8,48
1992,45065,SC,McCormick County,rural,South,South Atlantic,359.13,9031,6084,4.4,48
1993,45065,SC,McCormick County,rural,South,South Atlantic,359.13,9243,6253,4,49
1994,45065,SC,McCormick County,rural  ,South,South Atlantic,359.13,9307,6277,5,50
1995,45065,SC,McCormick County,rural,South,South Atlantic,359.13,9467,6381,6,45
1996,45065,SC,McCormick County, rural,South,South Atlantic,359.13,9673,6502,7,49
1997,45065,SC,McCormick County,RURAL,South,South Atlantic,359.13,9767,6571,8,60
1998,45065,SC,McCormick County,rural  ,South,South Atlantic,359.13,9832,6632,9,63
1998,45065,SC,McCormick County,rural  ,South,South Atlantic,359.13,9832,6632,9,63
1999,45065,SC,McCormick County,  RURAL ,South,South Atlantic,359.13,9898,6728,550,76
1999,45065,,,,,,,,,10,
2000,45065,SC,McCormick County,rural,South,South Atlantic,359.13,9957,6781,10.33333,75
2001,45065,SC,McCormick County, rural,South,South Atlantic,359.13,10095,6877,10.66667,79
2002,45065,SC,McCormick County,rural,South,South Atlantic,359.13,10110,6925,11,66
2003,45065,SC,McCormick County,rural,South,South Atlantic,359.13,10167,6906,11.33333,61
2004,45065,SC,McCormick County,rural,South,South Atlantic,359.13,9982,6772,11.66667,71
2005,45065,SC,McCormick County,rural,South,South Atlantic,359.13,10049,6805,12,63
2006,45065,SC,McCormick County,rural,South,South Atlantic,359.13,10166,6818,12.875,53
2007,45065,SC,McCormick County,rural,South,South Atlantic,359.13,10162,6769,13.75,55
2008,45065,SC,McCormick County,rural,South,South Atlantic,359.13,10224,6700,14.625,58
2009,45065,SC,McCormick County,rural,South,South Atlantic,359.13,10235,6656,15.5,54
2010,45065,SC,McCormick County,rural,South,South Atlantic,359.13,10233,6600,16.375,55
2011,45065,SC,McCormick County,Rural,South,South Atlantic,359.13,10213,6571,17.25,44
2012,45065,SC,McCormick County,rural,South,South Atlantic,359.13,10017,6334,18.125,39
2013,45065,SC,McCormick County,rural,South,South Atlantic,359.13,9928,6131,585,50
2013,45065,,,,,,,,,19,
2014,45065,SC,McCormick County,rural,South,South Atlantic,359.13,9879,5991,19,46
2015,45065,SC,McCormick County,rural,South,South Atlantic,359.13,9813,5855,19,223
2016,45065,SC,McCormick County,rural,South,South Atlantic,359.13,9662,5650,,
1970,45067,SC,Marion County,Rural,South,South Atlantic,489.254,30429,18316,39,
1971,45067,SC,Marion County,rural,South,South Atlantic,489.254,31113,18829,38.625,
1972,45067,SC,Marion County,rural,South,South Atlantic,489.254,30961,18833,38.25,
1973,45067,SC,Marion County,rural,South,South Atlantic,489.254,32331,19853,37.875,
1974,45067,SC,Marion County,  RURAL ,South,South Atlantic,489.254,32706,20176,37.5,
1975,45067,SC,Marion County,rural,South,South Atlantic,489.254,33057,20462,37.125,
1976,45067,SC,Marion County,rural  ,South,South Atlantic,489.254,32619,20223,36.75,
1977,45067,SC,Marion County,rural,South,South Atlantic,489.254,33493,20827,36.375,
1978,45067,SC,Marion County,rural,South,South Atlantic,489.254,33767,21042,36,
1979,45067,SC,Marion County,rural,South,South Atlantic,489.254,34301,21400,39.6,
1980,45067,SC,Marion County,rural,South,South Atlantic,489.254,34178,21317,43.2,
1981,45067,SC,Marion County,rural,South,South Atlantic,489.254,34303,21461,46.8,
1982,45067,SC,Marion County,rural,South,South Atlantic,489.254,34286,21427,50.4,
1983,45067,SC,Marion County,rural,South,South Atlantic,489.254,34309,21398,54,130
1984,45067,SC,Marion County,rural,South,South Atlantic,489.254,34309,21401,53,149
1985,45067,SC,Marion County,rural,South,South Atlantic,489.254,34147,21288,52,132
1986,45067,SC,Marion County,rural,South,South Atlantic,489.254,34178,21324,63,140
1987,45067,SC,Marion County,rural,South,South Atlantic,489.254,34115,21274,71,154
1988,45067,SC,Marion County,rural,South,South Atlantic,489.254,33919,21079,57,171
1989,45067,SC,Marion County,rural,South,South Atlantic,489.254,34126,21126,60,203
1990,45067,SC,Marion County, rural,South,South Atlantic,489.254,33926,21039,63,200
1991,45067,SC,Marion County,rural,South,South Atlantic,489.254,34458,21385,66,246
1992,45067,SC,Marion County,rural,South,South Atlantic,489.254,34728,21603,69,233
1993,45067,SC,Marion County,rural,South,South Atlantic,489.254,35075,21877,72,232
1994,45067,SC,Marion County,rural,South,South Atlantic,489.254,35392,22176,78.66666,230
1995,45067,SC,Marion County,rural,South,South Atlantic,489.254,35526,22441,85.33334,277
1996,45067,SC,Marion County,rural,South,South Atlantic,489.254,35423,22491,92,274
1996,45067,SC,Marion County,rural,South,South Atlantic,489.254,35423,22491,92,274
1997,45067,SC,Marion County,Rural,South,South Atlantic,489.254,35658,22810,98.66666,286
1998,45067,SC,Marion County,RURAL,South,South Atlantic,489.254,35430,22821,105.3333,304
1999,45067,SC,Marion County,rural,South,South Atlantic,489.254,35425,23031,112,313
2000,45067,SC,Marion County,rural,South,South Atlantic,489.254,35463,23226,112.8333,323
2001,45067,SC,Marion County,rural,South,South Atlantic,489.254,35119,22943,113.6667,348
2002,45067,SC,Marion County,rural,South,South Atlantic,489.254,34786,22740,114.5,329
2002,45067,SC,Marion County,rural,South,South Atlantic,489.254,34786,22740,114.5,329
2003,45067,SC,Marion County,  RURAL ,South,South Atlantic,489.254,34690,22714,115.3333,322
2004,45067,SC,Marion County,rural,South,South Atlantic,489.254,34577,22677,116.1667,314
2005,45067,SC,Marion County,rural,South,South Atlantic,489.254,34334,22588,117,310
2006,45067,SC,Marion County,Rural,South,South Atlantic,489.254,33994,22313,113.625,301
2007,45067,SC,Marion County,rural,South,South Atlantic,489.254,33842,22180,110.25,288
2008,45067,SC,Marion County,rural,South,South Atlantic,489.254,33724,22150,106.875,279
2009,45067,SC,Marion County,rural,South,South Atlantic,489.254,33277,21820,103.5,269
2010,45067,SC,Marion County,rural,South,South Atlantic,489.254,33062,21613,100.125,234
2011,45067,SC,Marion County,rural,South,South Atlantic,489.254,32956,21514,96.75,215
2012,45067,SC,Marion County,rural,South,South Atlantic,489.254,32779,21322,93.375,222
2013,45067,SC,Marion County,rural,South,South Atlantic,489.254,32418,20841,90,224
2014,45067,SC,Marion County,rural,South,South Atlantic,489.254,32095,20454,90,212
2015,45067,SC,Marion County,rural,South,South Atlantic,489.254,31936,20215,90,144
2016,45067,SC,Marion County,rural,South,South Atlantic,489.254,31747,19874,,
1970,45069,SC,Marlboro County, rural,South,South Atlantic,479.874,27284,15826,25,
1971,45069,SC,Marlboro County,rural,South,South Atlantic,479.874,27843,16244,24.875,
1972,45069,SC,Marlboro County,rural,South,South Atlantic,479.874,28338,16656,24.75,
1973,45069,SC,Marlboro County,rural,South,South Atlantic,479.874,28842,17079,24.625,
1974,45069,SC,Marlboro County,rural,South,South Atlantic,479.874,29583,17630,24.5,
1975,45069,SC,Marlboro County,rural,South,South Atlantic,479.874,29777,17802,24.375,
1976,45069,SC,Marlboro County,rural,South,South Atlantic,479.874,29910,18016,24.25,
1977,45069,SC,Marlboro County,rural,South,South Atlantic,479.874,30322,18378,24.125,
1978,45069,SC,Marlboro County,rural,South,South Atlantic,479.874,30620,18669,24,
1978,45069,SC,Marlboro County,rural,South,South Atlantic,479.874,30620,18669,24,
1979,45069,SC,Marlboro County,rural,South,South Atlantic,479.874,31346,19244,25.6,
1980,45069,SC,Marlboro County,rural,South,South Atlantic,479.874,31643,19521,27.2,
1981,45069,SC,Marlboro County,  RURAL ,South,South Atlantic,479.874,31781,19742,28.8,
1982,45069,SC,Marlboro County,rural,South,South Atlantic,479.874,31816,19813,30.4,
1983,45069,SC,Marlboro County,rural,South,South Atlantic,479.874,31452,19631,32,112
1984,45069,SC,Marlboro County,rural,South,South Atlantic,479.874,31091,19485,31,119
1985,45069,SC,Marlboro County,  RURAL ,South,South Atlantic,479.874,30698,19308,30,122
1986,45069,SC,Marlboro County,RURAL,South,South Atlantic,479.874,30138,19052,30,127
1987,45069,SC,Marlboro County,rural  ,South,South Atlantic,479.874,29921,18984,25,108
1988,45069,SC,Marlboro County, rural,South,South Atlantic,479.874,29771,18905,25,120
1989,45069,SC,Marlboro County,rural,South,South Atlantic,479.874,29412,18694,30.6,134
1990,45069,SC,Marlboro County,rural,South,South Atlantic,479.874,29734,19103,36.2,156
1991,45069,SC,Marlboro County,rural,South,South Atlantic,479.874,30044,19350,41.8,159
1992,45069,SC,Marlboro County,  RURAL ,South,South Atlantic,479.874,30023,19360,47.4,161
1993,45069,SC,Marlboro County,rural,South,South Atlantic,479.874,29945,19351,53,161
1994,45069,SC,Marlboro County,rural,South,South Atlantic,479.874,29783,19270,53,204
1995,45069,SC,Marlboro County,rural,South,South Atlantic,479.874,29690,19297,58,212
1996,45069,SC,Marlboro County,rural,South,South Atlantic,479.874,29425,19235,60,180
1997,45069,SC,Marlboro County,rural,South,South Atlantic,479.874,29158,19038,63,197
1998,45069,SC,Marlboro County,rural,South,South Atlantic,479.874,29037,19093,69,185
1999,45069,SC,Marlboro County,rural,South,South Atlantic,479.874,28906,19118,91,191
2000,45069,SC,Marlboro County,rural,South,South Atlantic,479.874,28800,19093,86,193
2000,45069,SC,Marlboro County,rural,South,South Atlantic,479.874,28800,19093,86,193
2001,45069,SC,Marlboro County,rural,South,South Atlantic,479.874,28606,19077,93,230
2002,45069,SC,Marlboro County,rural,South,South Atlantic,479.874,28599,19156,86,230
2003,45069,SC,Marlboro County,rural,South,South Atlantic,479.874,28485,19043,92,209
2004,45069,SC,Marlboro County,rural,South,South Atlantic,479.874,28351,19107,87,220
2005,45069,SC,Marlboro County,rural,South,South Atlantic,479.874,27918,18771,81,241
2006,45069,SC,Marlboro County, rural,South,South Atlantic,479.874,29199,20103,78.5,217
2007,45069,SC,Marlboro County,rural,South,South Atlantic,479.874,29221,20248,76,191
2008,45069,SC,Marlboro County,rural,South,South Atlantic,479.874,29079,20162,73.5,174
2009,45069,SC,Marlboro County,rural,South,South Atlantic,479.874,29189,20292,71,180
2010,45069,SC,Marlboro County,rural,South,South Atlantic,479.874,28933,20035,68.5,165
2011,45069,SC,Marlboro County,rural,South,South Atlantic,479.874,28915,20006,66,157
2012,45069,SC,Marlboro County,rural,South,South Atlantic,479.874,28551,19686,63.5,167
2013,45069,SC,Marlboro County,  RURAL ,South,South Atlantic,479.874,28237,19299,61,166
2014,45069,SC,Marlboro County,rural,South,South Atlantic,479.874,28061,19120,61,136
2015,45069,SC,Marlboro County,rural,South,South Atlantic,479.874,28023,18917,61,43
2016,45069,SC,Marlboro County,rural,South,South Atlantic,479.874,27579,18590,,
1970,45071,SC,Newberry County,rural  ,South,South Atlantic,630.044,29338,18172,35,
1971,45071,SC,Newberry County,rural,South,South Atlantic,630.044,29676,18420,35.5,
1972,45071,SC,Newberry County,rural,South,South Atlantic,630.044,29833,18581,36,
1972,45071,SC,Newberry County,rural,South,South Atlantic,630.044,29833,18581,36,
1973,45071,SC,Newberry County,Rural,South,South Atlantic,630.044,29953,18729,36.5,
1974,45071,SC,Newberry County,rural,South,South Atlantic,630.044,30262,18986,37,
1974,45071,SC,Newberry County,rural,South,South Atlantic,630.044,30262,18986,37,
1975,45071,SC,Newberry County,Rural,South,South Atlantic,630.044,30661,19298,37.5,
1976,45071,SC,Newberry County,rural,South,South Atlantic,630.044,30846,19490,38,
1977,45071,SC,Newberry County,rural,South,South Atlantic,630.044,31020,19683,38.5,
1978,45071,SC,Newberry County,rural,South,South Atlantic,630.044,30868,19617,39,
1979,45071,SC,Newberry County,rural  ,South,South Atlantic,630.044,31080,19828,37.2,
1980,45071,SC,Newberry County,rural,South,South Atlantic,630.044,31351,20067,35.4,
1981,45071,SC,Newberry County, rural,South,South Atlantic,630.044,31802,20428,33.6,
1982,45071,SC,Newberry County,rural,South,South Atlantic,630.044,32070,20589,31.8,
1983,45071,SC,Newberry County,rural,South,South Atlantic,630.044,32099,20587,30,117
1984,45071,SC,Newberry County,rural,South,South Atlantic,630.044,32399,20787,32.2,109
1985,45071,SC,Newberry County,rural,South,South Atlantic,630.044,32541,20877,34.4,100
1986,45071,SC,Newberry County,rural,South,South Atlantic,630.044,32681,20986,36.6,115
1986,45071,SC,Newberry County,rural,South,South Atlantic,630.044,32681,20986,36.6,115
1987,45071,SC,Newberry County,rural,South,South Atlantic,630.044,33126,21262,38.8,128
1988,45071,SC,Newberry County,RURAL,South,South Atlantic,630.044,33088,21184,41,134
1989,45071,SC,Newberry County,rural,South,South Atlantic,630.044,33218,21209,50.8,187
1989,45071,SC,Newberry County,rural,South,South Atlantic,630.044,33218,21209,50.8,187
1990,45071,SC,Newberry County,rural,South,South Atlantic,630.044,33233,21239,60.6,170
1991,45071,SC,Newberry County,rural,South,South Atlantic,630.044,33675,21518,70.4,159
1992,45071,SC,Newberry County,rural,South,South Atlantic,630.044,33854,21653,80.2,166
1993,45071,SC,Newberry County,Rural,South,South Atlantic,630.044,34142,21811,90,167
1994,45071,SC,Newberry County,rural,South,South Atlantic,630.044,34150,21817,89.16666,178
1995,45071,SC,Newberry County,rural,South,South Atlantic,630.044,34732,22287,88.33334,224
1996,45071,SC,Newberry County,rural,South,South Atlantic,630.044,35149,22603,87.5,263
1996,45071,SC,Newberry County,rural,South,South Atlantic,630.044,35149,22603,87.5,263
1997,45071,SC,Newberry County,rural,South,South Atlantic,630.044,35386,22821,86.66666,249
1997,45071,SC,Newberry County,rural,South,South Atlantic,630.044,35386,22821,86.66666,249
1998,45071,SC,Newberry County,rural,South,South Atlantic,630.044,35786,23187,85.83334,284
1998,45071,SC,Newberry County,rural,South,South Atlantic,630.044,35786,23187,85.83334,284
1999,45071,SC,Newberry County,rural,South,South Atlantic,630.044,35995,23474,85,323
2000,45071,SC,Newberry County,rural,South,South Atlantic,630.044,35958,23467,92.33334,265
2001,45071,SC,Newberry County,rural,South,South Atlantic,630.044,36053,23545,99.66666,302
2002,45071,SC,Newberry County,rural,South,South Atlantic,630.044,36244,23707,107,325
2003,45071,SC,Newberry County,rural,South,South Atlantic,630.044,36226,23806,114.3333,260
2004,45071,SC,Newberry County,rural,South,South Atlantic,630.044,36312,23910,121.6667,263
2005,45071,SC,Newberry County,rural,South,South Atlantic,630.044,36399,24010,129,261
2005,45071,SC,Newberry County,rural,South,South Atlantic,630.044,36399,24010,129,261
2006,45071,SC,Newberry County,rural,South,South Atlantic,630.044,36746,24222,114,255
2007,45071,SC,Newberry County,rural,South,South Atlantic,630.044,37061,24445,122,260
2008,45071,SC,Newberry County,rural,South,South Atlantic,630.044,37192,24411,135,250
2009,45071,SC,Newberry County,rural,South,South Atlantic,630.044,37413,24424,123,225
2010,45071,SC,Newberry County,RURAL,South,South Atlantic,630.044,37508,24407,123,212
2011,45071,SC,Newberry County,RURAL,South,South Atlantic,630.044,37613,24428,108,212
2012,45071,SC,Newberry County,rural,South,South Atlantic,630.044,37516,24328,105,213
2013,45071,SC,Newberry County,rural,South,South Atlantic,630.044,37548,24214,94,183
2013,45071,SC,Newberry County,rural,South,South Atlantic,630.044,37548,24214,94,183
2014,45071,SC,Newberry County,rural  ,South,South Atlantic,630.044,37481,24025,95,165
2015,45071,SC,Newberry County,rural,South,South Atlantic,630.044,37718,24044,85,172
2016,45071,SC,Newberry County,rural  ,South,South Atlantic,630.044,37841,24034,,
1970,45073,SC,Oconee County,rural,South,South Atlantic,626.328,41035,25635,69,
1971,45073,SC,Oconee County,rural,South,South Atlantic,626.328,42280,26509,69.75,
1972,45073,SC,Oconee County,rural,South,South Atlantic,626.328,43328,27330,70.5,
1973,45073,SC,Oconee County,rural,South,South Atlantic,626.328,43951,27871,71.25,
1973,45073,SC,Oconee County,rural,South,South Atlantic,626.328,43951,27871,71.25,
1974,45073,SC,Oconee County,rural,South,South Atlantic,626.328,44410,28229,72,
1974,45073,SC,Oconee County,rural,South,South Atlantic,626.328,44410,28229,72,
1975,45073,SC,Oconee County,rural,South,South Atlantic,626.328,44883,28580,72.75,
1976,45073,SC,Oconee County,rural,South,South Atlantic,626.328,45471,29181,73.5,
1977,45073,SC,Oconee County,rural  ,South,South Atlantic,626.328,45755,29512,74.25,
1978,45073,SC,Oconee County,rural,South,South Atlantic,626.328,46719,30284,75,
1979,45073,SC,Oconee County,rural,South,South Atlantic,626.328,47588,30989,73.8,
1980,45073,SC,Oconee County,rural,South,South Atlantic,626.328,48863,31959,72.6,
1981,45073,SC,Oconee County,rural,South,South Atlantic,626.328,49711,32666,71.4,
1982,45073,SC,Oconee County,rural,South,South Atlantic,626.328,50422,33163,70.2,
1983,45073,SC,Oconee County,rural,South,South Atlantic,626.328,50627,33312,69,112
1984,45073,SC,Oconee County,rural,South,South Atlantic,626.328,51002,33632,76.5,98
1985,45073,SC,Oconee County,rural,South,South Atlantic,626.328,52175,34465,84,119
1986,45073,SC,Oconee County,rural,South,South Atlantic,626.328,53436,35370,85,125
1987,45073,SC,Oconee County,rural,South,South Atlantic,626.328,54581,36159,80,138
1988,45073,SC,Oconee County,rural,South,South Atlantic,626.328,55638,36801,78,128
1989,45073,SC,Oconee County,rural,South,South Atlantic,626.328,56781,37516,81.4,155
1990,45073,SC,Oconee County,rural,South,South Atlantic,626.328,57699,38170,84.8,161
1991,45073,SC,Oconee County,rural,South,South Atlantic,626.328,58258,38405,88.2,162
1992,45073,SC,Oconee County,rural,South,South Atlantic,626.328,58865,38640,91.6,168
1993,45073,SC,Oconee County,rural,South,South Atlantic,626.328,59806,39192,95,172
1994,45073,SC,Oconee County, rural,South,South Atlantic,626.328,60639,39652,91.16666,163
1995,45073,SC,Oconee County,rural,South,South Atlantic,626.328,61707,40370,87.33334,233
1996,45073,SC,Oconee County,rural,South,South Atlantic,626.328,62826,41046,83.5,233
1997,45073,SC,Oconee County,rural,South,South Atlantic,626.328,63735,41622,79.66666,255
1998,45073,SC,Oconee County,rural,South,South Atlantic,626.328,64519,42176,75.83334,271
1999,45073,SC,Oconee County,rural,South,South Atlantic,626.328,65513,42886,72,297
2000,45073,SC,Oconee County,rural,South,South Atlantic,626.328,66434,43473,75,334
2001,45073,SC,Oconee County,rural,South,South Atlantic,626.328,67170,43896,76,325
2002,45073,SC,Oconee County,rural,South,South Atlantic,626.328,68194,44449,83,329
2002,45073,SC,Oconee County,rural,South,South Atlantic,626.328,68194,44449,83,329
2003,45073,SC,Oconee County,rural,South,South Atlantic,626.328,68900,44860,88,321
2004,45073,SC,Oconee County,rural,South,South Atlantic,626.328,69615,45312,121,269
2005,45073,SC,Oconee County,rural,South,South Atlantic,626.328,70581,45899,116,277
2006,45073,SC,Oconee County,rural,South,South Atlantic,626.328,71490,46387,119,265
2007,45073,SC,Oconee County,rural,South,South Atlantic,626.328,72407,46869,122,281
2008,45073,SC,Oconee County,rural,South,South Atlantic,626.328,73089,47113,125,295
2008,45073,SC,Oconee County,rural,South,South Atlantic,626.328,73089,47113,125,295
2009,45073,SC,Oconee County,rural,South,South Atlantic,626.328,73829,47238,128,271
2010,45073,SC,Oconee County,rural,South,South Atlantic,626.328,74275,47261,131,267
2011,45073,SC,Oconee County,rural,South,South Atlantic,626.328,74342,47238,134,250
2012,45073,SC,Oconee County,rural,South,South Atlantic,626.328,74249,46898,137,245
2013,45073,SC,Oconee County, rural,South,South Atlantic,626.328,74560,46597,140,230
2014,45073,SC,Oconee County,rural,South,South Atlantic,626.328,74947,46434,147,240
2015,45073,SC,Oconee County,rural,South,South Atlantic,626.328,75195,46306,154,257
2016,45073,SC,Oconee County,  RURAL ,South,South Atlantic,626.328,75812,46514,,
2016,45073,SC,Oconee County,  RURAL ,South,South Atlantic,626.328,75812,46514,,
1970,45075,SC,Orangeburg County,rural,South,South Atlantic,1106.063,69960,41823,40.96876,
1970,45075,SC,Orangeburg County,rural,South,South Atlantic,1106.063,69960,41823,40.96876,
1971,45075,SC,Orangeburg County,rural,South,South Atlantic,1106.063,70648,42502,41.03521,
1972,45075,SC,Orangeburg County,rural,South,South Atlantic,1106.063,71755,43555,45.66618,
1972,45075,SC,Orangeburg County,rural,South,South Atlantic,1106.063,71755,43555,45.66618,
1973,45075,SC,Orangeburg County,rural,South,South Atlantic,1106.063,74214,45511,50.13871,
1974,45075,SC,Orangeburg County,rural,South,South Atlantic,1106.063,76699,47538,54.69106,
1975,45075,SC,Orangeburg County,rural,South,South Atlantic,1106.063,78198,48865,58.75621,
1976,45075,SC,Orangeburg County,rural,South,South Atlantic,1106.063,79797,50484,63.00874,
1977,45075,SC,Orangeburg County,rural,South,South Atlantic,1106.063,80904,51607,67.45212,
1978,45075,SC,Orangeburg County,rural,South,South Atlantic,1106.063,81912,52568,71.92085,
1979,45075,SC,Orangeburg County,rural,South,South Atlantic,1106.063,81412,52486,67.70356,
1980,45075,SC,Orangeburg County,rural,South,South Atlantic,1106.063,82345,53311,63.69672,
1981,45075,SC,Orangeburg County,rural,South,South Atlantic,1106.063,83013,53911,60.03119,
1982,45075,SC,Orangeburg County,rural,South,South Atlantic,1106.063,82907,53785,55.80576,
1983,45075,SC,Orangeburg County,rural,South,South Atlantic,1106.063,82742,53572,51.79346,281
1984,45075,SC,Orangeburg County,rural,South,South Atlantic,1106.063,82900,53680,60.88552,215
1984,45075,SC,Orangeburg County,rural,South,South Atlantic,1106.063,82900,53680,60.88552,215
1985,45075,SC,Orangeburg County, rural,South,South Atlantic,1106.063,83778,54211,70.00952,218
1986,45075,SC,Orangeburg County,rural,South,South Atlantic,1106.063,84259,54553,71.77566,267
1987,45075,SC,Orangeburg County,rural,South,South Atlantic,1106.063,84691,54793,78.01524,265
1987,45075,SC,Orangeburg County,rural,South,South Atlantic,1106.063,84691,54793,78.01524,265
1988,45075,SC,Orangeburg County, rural,South,South Atlantic,1106.063,84588,54538,113.7211,321
1989,45075,SC,Orangeburg County,rural,South,South Atlantic,1106.063,84813,54480,91.52786,383
1990,45075,SC,Orangeburg County,rural,South,South Atlantic,1106.063,85050,54658,127.9965,423
1991,45075,SC,Orangeburg County,rural,South,South Atlantic,1106.063,86693,55760,140.9729,419
1992,45075,SC,Orangeburg County,rural,South,South Atlantic,1106.063,87831,56559,195.6367,474
1992,45075,SC,Orangeburg County,rural,South,South Atlantic,1106.063,87831,56559,195.6367,474
1993,45075,SC,Orangeburg County,rural,South,South Atlantic,1106.063,88855,57253,191.1068,506
1994,45075,SC,Orangeburg County,rural,South,South Atlantic,1106.063,89553,57758,195.2838,533
1995,45075,SC,Orangeburg County,rural,South,South Atlantic,1106.063,89511,57883,200.2422,562
1996,45075,SC,Orangeburg County,rural  ,South,South Atlantic,1106.063,89860,58203,208.523,581
1997,45075,SC,Orangeburg County,rural,South,South Atlantic,1106.063,90540,58761,214.8909,621
1998,45075,SC,Orangeburg County,rural,South,South Atlantic,1106.063,91057,59415,208.3619,586
1999,45075,SC,Orangeburg County,rural,South,South Atlantic,1106.063,91313,59851,220.0278,587
2000,45075,SC,Orangeburg County,rural,South,South Atlantic,1106.063,91524,60124,219.5465,536
2001,45075,SC,Orangeburg County,rural,South,South Atlantic,1106.063,91536,60134,288.6487,557
2002,45075,SC,Orangeburg County,rural,South,South Atlantic,1106.063,91676,60486,311.09,581
2003,45075,SC,Orangeburg County,rural,South,South Atlantic,1106.063,91788,60762,319.6512,666
2004,45075,SC,Orangeburg County,rural,South,South Atlantic,1106.063,91691,60885,292.1356,593
2005,45075,SC,Orangeburg County,  RURAL ,South,South Atlantic,1106.063,92197,61339,317.3032,587
2006,45075,SC,Orangeburg County,rural,South,South Atlantic,1106.063,91761,60978,323.8634,591
2006,45075,SC,Orangeburg County,rural,South,South Atlantic,1106.063,91761,60978,323.8634,591
2007,45075,SC,Orangeburg County,rural,South,South Atlantic,1106.063,92626,61596,305.3511,596
2008,45075,SC,Orangeburg County,rural,South,South Atlantic,1106.063,92886,61714,257.761,606
2009,45075,SC,Orangeburg County,rural,South,South Atlantic,1106.063,92755,61492,281.7542,627
2010,45075,SC,Orangeburg County,rural  ,South,South Atlantic,1106.063,92495,61122,257.9714,596
2010,45075,SC,Orangeburg County,rural  ,South,South Atlantic,1106.063,92495,61122,257.9714,596
2011,45075,SC,Orangeburg County,rural,South,South Atlantic,1106.063,92308,60930,54.95532,565
2012,45075,SC,Orangeburg County,RURAL,South,South Atlantic,1106.063,91678,60178,277.9811,595
2013,45075,SC,Orangeburg County,rural,South,South Atlantic,1106.063,91443,59423,239.85,567
2014,45075,SC,Orangeburg County,rural,South,South Atlantic,1106.063,90652,58343,202.8114,576
2015,45075,SC,Orangeburg County,rural  ,South,South Atlantic,1106.063,90005,57490,198.3217,600
2016,45075,SC,Orangeburg County,rural,South,South Atlantic,1106.063,89115,56491,,
1970,45077,SC,Pickens County,small/mid,South,South Atlantic,496.349,59451,39373,43,
1971,45077,SC,Pickens County,small/mid,South,South Atlantic,496.349,61429,40872,48.625,
1972,45077,SC,Pickens County,small/mid,South,South Atlantic,496.349,64581,43289,54.25,
1973,45077,SC,Pickens County,small/mid,South,South Atlantic,496.349,67290,45418,59.875,
1974,45077,SC,Pickens County,small/mid,South,South Atlantic,496.349,69867,47457,65.5,
1975,45077,SC,Pickens County,small/mid,South,South Atlantic,496.349,71088,48508,71.125,
1975,45077,SC,Pickens County,small/mid,South,South Atlantic,496.349,71088,48508,71.125,
1976,45077,SC,Pickens County,small/mid,South,South Atlantic,496.349,72129,49611,76.75,
1977,45077,SC,Pickens County,small/mid,South,South Atlantic,496.349,74173,51270,82.375,
1977,45077,SC,Pickens County,small/mid,South,South Atlantic,496.349,74173,51270,82.375,
1978,45077,SC,Pickens County,small/mid,South,South Atlantic,496.349,76671,53389,88,
1979,45077,SC,Pickens County,small/mid,South,South Atlantic,496.349,78132,54540,89,
1980,45077,SC,Pickens County,small/mid,South,South Atlantic,496.349,79733,55796,90,
1981,45077,SC,Pickens County,  SMALL/MID ,South,South Atlantic,496.349,81139,57045,91,
1982,45077,SC,Pickens County,small/mid,South,South Atlantic,496.349,82919,58345,92,
1983,45077,SC,Pickens County,small/mid,South,South Atlantic,496.349,83646,58849,93,186
1984,45077,SC,Pickens County, small/mid,South,South Atlantic,496.349,84225,59373,94,191
1985,45077,SC,Pickens County,small/mid,South,South Atlantic,496.349,85461,60301,95,208
1986,45077,SC,Pickens County,small/mid,South,South Atlantic,496.349,87242,61661,94,210
1987,45077,SC,Pickens County,small/mid,South,South Atlantic,496.349,88638,62666,98,242
1988,45077,SC,Pickens County,Small/mid,South,South Atlantic,496.349,90534,63890,111,246
1989,45077,SC,Pickens County,small/mid,South,South Atlantic,496.349,92399,65111,95,246
1989,45077,SC,Pickens County,small/mid,South,South Atlantic,496.349,92399,65111,95,246
1990,45077,SC,Pickens County,small/mid,South,South Atlantic,496.349,94470,66649,113,238
1990,45077,SC,Pickens County,small/mid,South,South Atlantic,496.349,94470,66649,113,238
1991,45077,SC,Pickens County,small/mid,South,South Atlantic,496.349,97040,68286,137,260
1992,45077,SC,Pickens County,small/mid,South,South Atlantic,496.349,98838,69415,118,290
1993,45077,SC,Pickens County,small/mid,South,South Atlantic,496.349,99797,69946,105,311
1994,45077,SC,Pickens County,small/mid,South,South Atlantic,496.349,101070,70642,107,321
1995,45077,SC,Pickens County,small/mid,South,South Atlantic,496.349,102763,71860,113,381
1996,45077,SC,Pickens County,small/mid,South,South Atlantic,496.349,104485,72961,120,455
1997,45077,SC,Pickens County,small/mid,South,South Atlantic,496.349,106242,74082,116,461
1998,45077,SC,Pickens County,small/mid,South,South Atlantic,496.349,108663,75793,126,432
1999,45077,SC,Pickens County,small/mid,South,South Atlantic,496.349,109851,76755,125,398
2000,45077,SC,Pickens County,small/mid,South,South Atlantic,496.349,111062,77670,136.1667,404
2001,45077,SC,Pickens County,small/mid,South,South Atlantic,496.349,111600,78258,147.3333,451
2002,45077,SC,Pickens County,small/mid,South,South Atlantic,496.349,111806,78335,158.5,469
2003,45077,SC,Pickens County,small/mid,South,South Atlantic,496.349,112704,79271,169.6667,491
2004,45077,SC,Pickens County,small/mid,South,South Atlantic,496.349,113554,80026,180.8333,486
2005,45077,SC,Pickens County,small/mid,South,South Atlantic,496.349,114344,80598,192,488
2006,45077,SC,Pickens County,small/mid,South,South Atlantic,496.349,115570,81188,200.375,507
2007,45077,SC,Pickens County,small/mid,South,South Atlantic,496.349,116815,82000,208.75,453
2008,45077,SC,Pickens County,small/mid,South,South Atlantic,496.349,118330,82959,217.125,470
2009,45077,SC,Pickens County,small/mid,South,South Atlantic,496.349,119183,83330,225.5,454
2010,45077,SC,Pickens County,small/mid,South,South Atlantic,496.349,119226,83172,760,466
2010,45077,,,,,,,,,233.875,
2011,45077,SC,Pickens County,small/mid,South,South Atlantic,496.349,119193,83120,242.25,453
2012,45077,SC,Pickens County,Small/mid,South,South Atlantic,496.349,119592,83181,250.625,432
2013,45077,SC,Pickens County,small/mid,South,South Atlantic,496.349,119678,82743,259,421
2014,45077,SC,Pickens County,small/mid,South,South Atlantic,496.349,119116,81959,265,451
2015,45077,SC,Pickens County,small/mid,South,South Atlantic,496.349,120376,82648,271,481
2016,45077,SC,Pickens County,small/mid,South,South Atlantic,496.349,121336,83016,,
1970,45079,SC,Richland County,small/mid,South,South Atlantic,757.144,236180,159905,450,
1971,45079,SC,Richland County, small/mid,South,South Atlantic,757.144,245449,166654,426.25,
1972,45079,SC,Richland County,  SMALL/MID ,South,South Atlantic,757.144,245821,167656,402.5,
1973,45079,SC,Richland County,  SMALL/MID ,South,South Atlantic,757.144,247087,169291,378.75,
1974,45079,SC,Richland County,small/mid,South,South Atlantic,757.144,258588,179029,355,
1975,45079,SC,Richland County,small/mid  ,South,South Atlantic,757.144,256771,179199,331.25,
1976,45079,SC,Richland County,small/mid,South,South Atlantic,757.144,255609,180254,307.5,
1976,45079,SC,Richland County,small/mid,South,South Atlantic,757.144,255609,180254,307.5,
1977,45079,SC,Richland County,SMALL/MID,South,South Atlantic,757.144,261534,185394,283.75,
1978,45079,SC,Richland County,small/mid,South,South Atlantic,757.144,263524,187042,260,
1979,45079,SC,Richland County,small/mid,South,South Atlantic,757.144,267654,191182,272.4,
1980,45079,SC,Richland County,small/mid,South,South Atlantic,757.144,270257,193429,284.8,
1981,45079,SC,Richland County,small/mid,South,South Atlantic,757.144,273318,196136,297.2,
1981,45079,SC,Richland County,small/mid,South,South Atlantic,757.144,273318,196136,297.2,
1982,45079,SC,Richland County,small/mid,South,South Atlantic,757.144,273617,196079,309.6,
1983,45079,SC,Richland County,small/mid,South,South Atlantic,757.144,277122,198199,322,822
1984,45079,SC,Richland County,small/mid,South,South Atlantic,757.144,279018,199494,302.5,838
1985,45079,SC,Richland County,small/mid,South,South Atlantic,757.144,278120,198605,283,916
1985,45079,SC,Richland County,small/mid,South,South Atlantic,757.144,278120,198605,283,916
1986,45079,SC,Richland County,small/mid,South,South Atlantic,757.144,281316,200837,357,1039
1987,45079,SC,Richland County,small/mid,South,South Atlantic,757.144,281422,200631,360,1029
1988,45079,SC,Richland County,  SMALL/MID ,South,South Atlantic,757.144,282146,200348,335,1180
1989,45079,SC,Richland County,small/mid,South,South Atlantic,757.144,284035,200885,493,1265
1990,45079,SC,Richland County,small/mid,South,South Atlantic,757.144,287491,203349,486,1367
1991,45079,SC,Richland County,small/mid,South,South Atlantic,757.144,293101,207070,545,1553
1991,45079,SC,Richland County,small/mid,South,South Atlantic,757.144,293101,207070,545,1553
1992,45079,SC,Richland County,small/mid,South,South Atlantic,757.144,296053,208654,707,1693
1993,45079,SC,Richland County,small/mid,South,South Atlantic,757.144,298614,209961,687,1748
1994,45079,SC,Richland County,small/mid,South,South Atlantic,757.144,300204,210334,770,1649
1995,45079,SC,Richland County,small/mid,South,South Atlantic,757.144,303365,212498,945,1738
1996,45079,SC,Richland County,SMALL/MID,South,South Atlantic,757.144,307101,214696,868,1810
1997,45079,SC,Richland County,small/mid,South,South Atlantic,757.144,310504,217078,866,1808
1998,45079,SC,Richland County,small/mid,South,South Atlantic,757.144,314800,220428,876,1801
1999,45079,SC,Richland County,SMALL/MID,South,South Atlantic,757.144,318034,223126,821,1849
2000,45079,SC,Richland County,small/mid,South,South Atlantic,757.144,321981,226324,837,1877
2001,45079,SC,Richland County,small/mid,South,South Atlantic,757.144,327446,230824,760,1809
2002,45079,SC,Richland County,small/mid,South,South Atlantic,757.144,331285,233881,852,2174
2003,45079,SC,Richland County,small/mid,South,South Atlantic,757.144,336273,237773,912,2150
2004,45079,SC,Richland County,small/mid,South,South Atlantic,757.144,345750,246320,911,2096
2004,45079,SC,Richland County,small/mid,South,South Atlantic,757.144,345750,246320,911,2096
2005,45079,SC,Richland County,small/mid,South,South Atlantic,757.144,349003,248643,979,2176
2006,45079,SC,Richland County,small/mid,South,South Atlantic,757.144,357096,254804,1130,2251
2007,45079,SC,Richland County,small/mid,South,South Atlantic,757.144,366111,261567,1063,2243
2008,45079,SC,Richland County,small/mid  ,South,South Atlantic,757.144,373789,267037,1125,2246
2009,45079,SC,Richland County,small/mid,South,South Atlantic,757.144,380245,271345,1042,2157
2010,45079,SC,Richland County,small/mid,South,South Atlantic,757.144,384507,274715,939,2070
2011,45079,SC,Richland County,small/mid,South,South Atlantic,757.144,385858,275682,986,1943
2012,45079,SC,Richland County,small/mid,South,South Atlantic,757.144,389481,277803,964,1816
2013,45079,SC,Richland County,small/mid,South,South Atlantic,757.144,393239,279243,1028,1765
2014,45079,SC,Richland County,Small/mid,South,South Atlantic,757.144,397006,281025,923,1735
2015,45079,SC,Richland County,SMALL/MID,South,South Atlantic,757.144,400543,282668,869,1757
2016,45079,SC,Richland County,small/mid,South,South Atlantic,757.144,406101,286182,,
1970,45081,SC,Saluda County,small/mid,South,South Atlantic,452.779,14560,8534,6,
1971,45081,SC,Saluda County,small/mid,South,South Atlantic,452.779,14709,8656,5.875,
1972,45081,SC,Saluda County,SMALL/MID,South,South Atlantic,452.779,14752,8734,5.75,
1973,45081,SC,Saluda County,small/mid,South,South Atlantic,452.779,14841,8838,5.625,
1974,45081,SC,Saluda County, small/mid,South,South Atlantic,452.779,14869,8896,5.5,
1975,45081,SC,Saluda County,Small/mid,South,South Atlantic,452.779,14899,8951,5.375,
1976,45081,SC,Saluda County,small/mid,South,South Atlantic,452.779,15912,9746,5.25,
1977,45081,SC,Saluda County,small/mid,South,South Atlantic,452.779,15149,9300,5.125,
1978,45081,SC,Saluda County,small/mid,South,South Atlantic,452.779,15310,9448,5,
1979,45081,SC,Saluda County,small/mid,South,South Atlantic,452.779,15629,9740,7,
1980,45081,SC,Saluda County,small/mid,South,South Atlantic,452.779,16106,10116,9,
1981,45081,SC,Saluda County,small/mid,South,South Atlantic,452.779,16004,10103,11,
1982,45081,SC,Saluda County,small/mid,South,South Atlantic,452.779,16214,10258,13,
1983,45081,SC,Saluda County,small/mid,South,South Atlantic,452.779,16311,10326,15,35
1984,45081,SC,Saluda County,small/mid  ,South,South Atlantic,452.779,16488,10463,14.2,36
1985,45081,SC,Saluda County,small/mid,South,South Atlantic,452.779,16546,10527,13.4,25
1986,45081,SC,Saluda County,small/mid,South,South Atlantic,452.779,16298,10400,12.6,38
1987,45081,SC,Saluda County,small/mid,South,South Atlantic,452.779,16277,10401,11.8,39
1988,45081,SC,Saluda County,small/mid  ,South,South Atlantic,452.779,16202,10348,11,41
1989,45081,SC,Saluda County,small/mid,South,South Atlantic,452.779,16418,10480,13.2,52
1990,45081,SC,Saluda County,small/mid,South,South Atlantic,452.779,16474,10539,15.4,69
1991,45081,SC,Saluda County,small/mid,South,South Atlantic,452.779,16684,10657,17.6,68
1992,45081,SC,Saluda County,small/mid,South,South Atlantic,452.779,17042,10881,19.8,80
1993,45081,SC,Saluda County,small/mid,South,South Atlantic,452.779,17478,11160,22,82
1994,45081,SC,Saluda County,small/mid,South,South Atlantic,452.779,17791,11360,25,91
1995,45081,SC,Saluda County,  SMALL/MID ,South,South Atlantic,452.779,18014,11520,28,92
1996,45081,SC,Saluda County,small/mid,South,South Atlantic,452.779,18193,11641,31,94
1997,45081,SC,Saluda County,small/mid,South,South Atlantic,452.779,18442,11806,34,75
1998,45081,SC,Saluda County,small/mid  ,South,South Atlantic,452.779,18769,12118,37,88
1999,45081,SC,Saluda County,small/mid,South,South Atlantic,452.779,19011,12322,40,108
2000,45081,SC,Saluda County,small/mid,South,South Atlantic,452.779,19191,12513,41.5,110
2001,45081,SC,Saluda County,small/mid,South,South Atlantic,452.779,19191,12526,43,115
2002,45081,SC,Saluda County,small/mid,South,South Atlantic,452.779,19180,12559,44.5,142
2003,45081,SC,Saluda County,small/mid,South,South Atlantic,452.779,19096,12551,46,122
2004,45081,SC,Saluda County,small/mid,South,South Atlantic,452.779,18904,12489,47.5,130
2005,45081,SC,Saluda County,small/mid,South,South Atlantic,452.779,19131,12636,49,137
2006,45081,SC,Saluda County,small/mid,South,South Atlantic,452.779,19310,12706,48.875,128
2007,45081,SC,Saluda County,small/mid,South,South Atlantic,452.779,19417,12780,48.75,108
2008,45081,SC,Saluda County, small/mid,South,South Atlantic,452.779,19503,12735,48.625,111
2009,45081,SC,Saluda County,small/mid,South,South Atlantic,452.779,19677,12731,48.5,112
2010,45081,SC,Saluda County,small/mid,South,South Atlantic,452.779,19871,12853,48.375,125
2011,45081,SC,Saluda County,small/mid,South,South Atlantic,452.779,19914,12875,48.25,122
2012,45081,SC,Saluda County,small/mid,South,South Atlantic,452.779,19818,12774,48.125,118
2013,45081,SC,Saluda County,small/mid,South,South Atlantic,452.779,19903,12704,48,115
2014,45081,SC,Saluda County,small/mid,South,South Atlantic,452.779,20094,12771,48,118
2015,45081,SC,Saluda County,small/mid,South,South Atlantic,452.779,20098,12750,48,114
2016,45081,SC,Saluda County,small/mid,South,South Atlantic,452.779,20203,12709,,
1970,45083,SC,Spartanburg County,small/mid,South,South Atlantic,807.986,174574,110927,207,
1971,45083,SC,Spartanburg County,small/mid,South,South Atlantic,807.986,177980,113307,191.875,
1972,45083,SC,Spartanburg County,small/mid,South,South Atlantic,807.986,183757,117650,176.75,
1973,45083,SC,Spartanburg County,small/mid,South,South Atlantic,807.986,187088,120361,161.625,
1973,45083,SC,Spartanburg County,small/mid,South,South Atlantic,807.986,187088,120361,161.625,
1974,45083,SC,Spartanburg County,small/mid,South,South Atlantic,807.986,189721,122471,146.5,
1975,45083,SC,Spartanburg County,small/mid,South,South Atlantic,807.986,191766,124060,131.375,
1976,45083,SC,Spartanburg County,small/mid,South,South Atlantic,807.986,190896,124268,116.25,
1977,45083,SC,Spartanburg County,small/mid,South,South Atlantic,807.986,195532,128219,101.125,
1978,45083,SC,Spartanburg County,Small/mid,South,South Atlantic,807.986,197354,130027,86,
1979,45083,SC,Spartanburg County,small/mid,South,South Atlantic,807.986,199541,132023,83,
1980,45083,SC,Spartanburg County,small/mid,South,South Atlantic,807.986,203673,135204,80,
1981,45083,SC,Spartanburg County,small/mid,South,South Atlantic,807.986,205914,137306,77,
1982,45083,SC,Spartanburg County,small/mid,South,South Atlantic,807.986,207455,138454,74,
1983,45083,SC,Spartanburg County,small/mid,South,South Atlantic,807.986,208734,139331,71,755
1983,45083,SC,Spartanburg County,small/mid,South,South Atlantic,807.986,208734,139331,71,755
1984,45083,SC,Spartanburg County,small/mid,South,South Atlantic,807.986,211721,141610,85,808
1985,45083,SC,Spartanburg County,small/mid,South,South Atlantic,807.986,214984,144020,99,791
1985,45083,SC,Spartanburg County,small/mid,South,South Atlantic,807.986,214984,144020,99,791
1986,45083,SC,Spartanburg County,small/mid,South,South Atlantic,807.986,215978,144978,697,806
1986,45083,,,,,,,,,131,
1987,45083,SC,Spartanburg County,small/mid,South,South Atlantic,807.986,217974,146457,132,818
1988,45083,SC,Spartanburg County,small/mid,South,South Atlantic,807.986,220939,148231,124,844
1989,45083,SC,Spartanburg County,small/mid,South,South Atlantic,807.986,224609,150476,123,895
1990,45083,SC,Spartanburg County,small/mid,South,South Atlantic,807.986,227580,152652,169,1089
1991,45083,SC,Spartanburg County,small/mid,South,South Atlantic,807.986,230786,154370,205,1052
1992,45083,SC,Spartanburg County,small/mid,South,South Atlantic,807.986,233214,155630,248,1092
1993,45083,SC,Spartanburg County,small/mid,South,South Atlantic,807.986,235243,156785,259,1127
1994,45083,SC,Spartanburg County,small/mid,South,South Atlantic,807.986,238070,158458,330,1069
1995,45083,SC,Spartanburg County,SMALL/MID,South,South Atlantic,807.986,241114,160707,401,1171
1996,45083,SC,Spartanburg County,small/mid,South,South Atlantic,807.986,244333,162646,461,1152
1997,45083,SC,Spartanburg County,small/mid,South,South Atlantic,807.986,246831,164142,490,1223
1998,45083,SC,Spartanburg County,small/mid,South,South Atlantic,807.986,249232,165942,610,1333
1999,45083,SC,Spartanburg County,  SMALL/MID ,South,South Atlantic,807.986,251886,167939,646,1429
2000,45083,SC,Spartanburg County,small/mid,South,South Atlantic,807.986,254443,169714,608,1439
2001,45083,SC,Spartanburg County,small/mid,South,South Atlantic,807.986,256469,171370,613,1497
2002,45083,SC,Spartanburg County,small/mid,South,South Atlantic,807.986,258467,172829,622,1633
2003,45083,SC,Spartanburg County,small/mid,South,South Atlantic,807.986,260223,174240,637,1671
2004,45083,SC,Spartanburg County,small/mid,South,South Atlantic,807.986,261828,175579,718,1572
2005,45083,SC,Spartanburg County,small/mid,South,South Atlantic,807.986,264481,177421,703,1557
2006,45083,SC,Spartanburg County, small/mid,South,South Atlantic,807.986,268898,180020,803,1665
2006,45083,SC,Spartanburg County, small/mid,South,South Atlantic,807.986,268898,180020,803,1665
2007,45083,SC,Spartanburg County,small/mid,South,South Atlantic,807.986,274215,183301,899,1875
2008,45083,SC,Spartanburg County,small/mid,South,South Atlantic,807.986,279673,186333,888,1959
2009,45083,SC,Spartanburg County,small/mid,South,South Atlantic,807.986,283335,188341,758,2021
2010,45083,SC,Spartanburg County,small/mid,South,South Atlantic,807.986,284301,188718,858,2025
2011,45083,SC,Spartanburg County,small/mid  ,South,South Atlantic,807.986,284748,188988,850,2037
2012,45083,SC,Spartanburg County,  SMALL/MID ,South,South Atlantic,807.986,286201,189581,818,2153
2012,45083,SC,Spartanburg County,  SMALL/MID ,South,South Atlantic,807.986,286201,189581,818,2153
2013,45083,SC,Spartanburg County,small/mid,South,South Atlantic,807.986,288388,189784,753,2130
2014,45083,SC,Spartanburg County,small/mid,South,South Atlantic,807.986,290657,190646,727,2068
2015,45083,SC,Spartanburg County,small/mid,South,South Atlantic,807.986,293283,191577,727,2096
2016,45083,SC,Spartanburg County,SMALL/MID,South,South Atlantic,807.986,296801,193464,,
1970,45085,SC,Sumter County,small/mid,South,South Atlantic,665.075,79916,47731,174,
1971,45085,SC,Sumter County,small/mid,South,South Atlantic,665.075,81865,49372,725,
1971,45085,,,,,,,,,159,
1972,45085,SC,Sumter County,small/mid,South,South Atlantic,665.075,84256,51438,144,
1973,45085,SC,Sumter County,small/mid,South,South Atlantic,665.075,83151,51345,129,
1974,45085,SC,Sumter County,  SMALL/MID ,South,South Atlantic,665.075,83311,51907,114,
1975,45085,SC,Sumter County,small/mid,South,South Atlantic,665.075,85378,53660,99,
1976,45085,SC,Sumter County,small/mid,South,South Atlantic,665.075,85241,54324,84,
1977,45085,SC,Sumter County,  SMALL/MID ,South,South Atlantic,665.075,86591,55680,69,
1978,45085,SC,Sumter County,small/mid,South,South Atlantic,665.075,86823,56267,54,
1979,45085,SC,Sumter County,small/mid,South,South Atlantic,665.075,87555,57144,56.4,
1980,45085,SC,Sumter County,small/mid,South,South Atlantic,665.075,88634,58112,58.8,
1981,45085,SC,Sumter County,small/mid,South,South Atlantic,665.075,90420,59607,61.2,
1982,45085,SC,Sumter County,small/mid,South,South Atlantic,665.075,91848,60628,63.6,
1983,45085,SC,Sumter County,small/mid,South,South Atlantic,665.075,92667,61197,66,220
1983,45085,SC,Sumter County,small/mid,South,South Atlantic,665.075,92667,61197,66,220
1984,45085,SC,Sumter County,small/mid,South,South Atlantic,665.075,94659,62680,79.8,268
1985,45085,SC,Sumter County,small/mid,South,South Atlantic,665.075,96374,63917,93.6,308
1986,45085,SC,Sumter County,small/mid,South,South Atlantic,665.075,98078,65232,107.4,367
1987,45085,SC,Sumter County,small/mid  ,South,South Atlantic,665.075,99419,66210,121.2,346
1988,45085,SC,Sumter County,small/mid,South,South Atlantic,665.075,99777,66313,135,388
1989,45085,SC,Sumter County,small/mid,South,South Atlantic,665.075,101933,67604,154,472
1990,45085,SC,Sumter County,small/mid,South,South Atlantic,665.075,101271,67292,159,514
1991,45085,SC,Sumter County,small/mid,South,South Atlantic,665.075,102630,68032,199,600
1992,45085,SC,Sumter County,small/mid,South,South Atlantic,665.075,103179,68190,725,621
1992,45085,,,,,,,,,185,
1993,45085,SC,Sumter County,small/mid  ,South,South Atlantic,665.075,105224,69417,182,625
1994,45085,SC,Sumter County,small/mid,South,South Atlantic,665.075,105542,69295,169,617
1995,45085,SC,Sumter County,small/mid,South,South Atlantic,665.075,105852,69473,226,618
1996,45085,SC,Sumter County,SMALL/MID,South,South Atlantic,665.075,105938,69333,243,676
1997,45085,SC,Sumter County,small/mid,South,South Atlantic,665.075,105475,68859,259,722
1998,45085,SC,Sumter County,small/mid,South,South Atlantic,665.075,105468,68901,264,720
1999,45085,SC,Sumter County,small/mid,South,South Atlantic,665.075,104828,68564,265,695
2000,45085,SC,Sumter County,small/mid,South,South Atlantic,665.075,104802,68553,293,669
2000,45085,SC,Sumter County,small/mid,South,South Atlantic,665.075,104802,68553,293,669
2001,45085,SC,Sumter County,small/mid,South,South Atlantic,665.075,104629,68532,260,674
2002,45085,SC,Sumter County,small/mid,South,South Atlantic,665.075,105380,69123,334,630
2003,45085,SC,Sumter County,small/mid,South,South Atlantic,665.075,105112,68971,325,637
2004,45085,SC,Sumter County,small/mid,South,South Atlantic,665.075,106099,70029,314,671
2005,45085,SC,Sumter County,small/mid,South,South Atlantic,665.075,106082,70302,381,650
2005,45085,SC,Sumter County,small/mid,South,South Atlantic,665.075,106082,70302,381,650
2006,45085,SC,Sumter County,small/mid,South,South Atlantic,665.075,105953,70096,387,744
2007,45085,SC,Sumter County,small/mid,South,South Atlantic,665.075,106014,70134,400,746
2008,45085,SC,Sumter County,small/mid,South,South Atlantic,665.075,106463,70283,401,684
2009,45085,SC,Sumter County,small/mid,South,South Atlantic,665.075,107004,70468,350,679
2010,45085,SC,Sumter County,small/mid,South,South Atlantic,665.075,107463,70669,351,656
2011,45085,SC,Sumter County,  SMALL/MID ,South,South Atlantic,665.075,107586,70762,337,651
2012,45085,SC,Sumter County,small/mid,South,South Atlantic,665.075,107291,70492,380,706
2013,45085,SC,Sumter County,small/mid,South,South Atlantic,665.075,107908,70534,351,656
2014,45085,SC,Sumter County,small/mid,South,South Atlantic,665.075,107784,70277,322,642
2015,45085,SC,Sumter County,SMALL/MID,South,South Atlantic,665.075,107702,69896,277,618
2016,45085,SC,Sumter County,small/mid,South,South Atlantic,665.075,107276,69206,,
1970,45087,SC,Union County,small/mid,South,South Atlantic,514.171,29338,18084,71,
1971,45087,SC,Union County,small/mid,South,South Atlantic,514.171,29763,18431,66.25,
1972,45087,SC,Union County,small/mid,South,South Atlantic,514.171,31114,19470,61.5,
1973,45087,SC,Union County,small/mid,South,South Atlantic,514.171,30960,19476,56.75,
1974,45087,SC,Union County,small/mid,South,South Atlantic,514.171,30914,19529,52,
1975,45087,SC,Union County,small/mid,South,South Atlantic,514.171,30546,19349,47.25,
1976,45087,SC,Union County,small/mid,South,South Atlantic,514.171,30497,19478,42.5,
1976,45087,SC,Union County,small/mid,South,South Atlantic,514.171,30497,19478,42.5,
1977,45087,SC,Union County,small/mid,South,South Atlantic,514.171,31004,19929,37.75,
1978,45087,SC,Union County,small/mid,South,South Atlantic,514.171,31190,20144,33,
1979,45087,SC,Union County,small/mid,South,South Atlantic,514.171,31115,20207,31,
1980,45087,SC,Union County,small/mid,South,South Atlantic,514.171,30831,20051,29,
1981,45087,SC,Union County,small/mid,South,South Atlantic,514.171,31100,20290,27,
1982,45087,SC,Union County,small/mid,South,South Atlantic,514.171,30969,20184,25,
1983,45087,SC,Union County,small/mid,South,South Atlantic,514.171,30874,20100,23,117
1984,45087,SC,Union County,small/mid,South,South Atlantic,514.171,30845,20093,22.8,113
1985,45087,SC,Union County,small/mid,South,South Atlantic,514.171,30515,19878,22.6,112
1986,45087,SC,Union County,SMALL/MID,South,South Atlantic,514.171,30496,19888,22.4,117
1987,45087,SC,Union County,small/mid,South,South Atlantic,514.171,30524,19901,22.2,121
1988,45087,SC,Union County,small/mid,South,South Atlantic,514.171,30394,19761,22,135
1989,45087,SC,Union County,small/mid,South,South Atlantic,514.171,30602,19847,24,140
1990,45087,SC,Union County,small/mid,South,South Atlantic,514.171,30308,19651,26,173
1991,45087,SC,Union County,small/mid,South,South Atlantic,514.171,30397,19650,28,168
1992,45087,SC,Union County,small/mid,South,South Atlantic,514.171,30411,19617,30,155
1993,45087,SC,Union County,small/mid,South,South Atlantic,514.171,30417,19616,32,165
1994,45087,SC,Union County,SMALL/MID,South,South Atlantic,514.171,30440,19604,22,171
1995,45087,SC,Union County,small/mid,South,South Atlantic,514.171,30538,19683,8,170
1996,45087,SC,Union County,small/mid,South,South Atlantic,514.171,30311,19526,29,175
1997,45087,SC,Union County,small/mid,South,South Atlantic,514.171,30263,19513,26,200
1998,45087,SC,Union County,Small/mid,South,South Atlantic,514.171,30157,19500,29.5,204
1999,45087,SC,Union County,small/mid,South,South Atlantic,514.171,29964,19388,33,219
2000,45087,SC,Union County,small/mid,South,South Atlantic,514.171,29971,19359,38.5,207
2001,45087,SC,Union County,small/mid,South,South Atlantic,514.171,29813,19214,44,219
2002,45087,SC,Union County,small/mid,South,South Atlantic,514.171,29699,19173,49.5,234
2003,45087,SC,Union County,small/mid,South,South Atlantic,514.171,29519,19138,55,261
2004,45087,SC,Union County,small/mid,South,South Atlantic,514.171,29279,18980,60.5,236
2005,45087,SC,Union County,small/mid,South,South Atlantic,514.171,29241,19022,66,211
2006,45087,SC,Union County,small/mid,South,South Atlantic,514.171,29248,19097,69,230
2007,45087,SC,Union County,small/mid,South,South Atlantic,514.171,29060,18970,72,251
2007,45087,SC,Union County,small/mid,South,South Atlantic,514.171,29060,18970,72,251
2008,45087,SC,Union County,small/mid,South,South Atlantic,514.171,29172,19041,75,267
2009,45087,SC,Union County,small/mid,South,South Atlantic,514.171,29100,18948,78,250
2010,45087,SC,Union County,small/mid,South,South Atlantic,514.171,28968,18849,81,245
2011,45087,SC,Union County,small/mid,South,South Atlantic,514.171,28925,18824,84,228
2012,45087,SC,Union County,small/mid,South,South Atlantic,514.171,28661,18604,87,229
2013,45087,SC,Union County,small/mid,South,South Atlantic,514.171,28201,18210,90,230
2014,45087,SC,Union County,small/mid,South,South Atlantic,514.171,27994,17964,90,213
2015,45087,SC,Union County,small/mid,South,South Atlantic,514.171,27914,17798,90,211
2016,45087,SC,Union County,small/mid,South,South Atlantic,514.171,27731,17611,,
1970,45089,SC,Williamsburg County,rural,South,South Atlantic,934.161,34329,19469,29,
1971,45089,SC,Williamsburg County,rural,South,South Atlantic,934.161,34645,19832,26.125,
1972,45089,SC,Williamsburg County,rural,South,South Atlantic,934.161,34935,20244,23.25,
1973,45089,SC,Williamsburg County,rural,South,South Atlantic,934.161,35176,20623,20.375,
1974,45089,SC,Williamsburg County,rural,South,South Atlantic,934.161,35132,20764,17.5,
1975,45089,SC,Williamsburg County,rural,South,South Atlantic,934.161,36076,21526,14.625,
1976,45089,SC,Williamsburg County,rural,South,South Atlantic,934.161,37356,22544,11.75,
1977,45089,SC,Williamsburg County,rural,South,South Atlantic,934.161,37260,22552,8.875,
1978,45089,SC,Williamsburg County,rural,South,South Atlantic,934.161,38028,23164,6,
1979,45089,SC,Williamsburg County,rural,South,South Atlantic,934.161,38599,23587,8.8,
1980,45089,SC,Williamsburg County,rural,South,South Atlantic,934.161,38145,23353,11.6,
1981,45089,SC,Williamsburg County,rural,South,South Atlantic,934.161,38034,23396,14.4,
1982,45089,SC,Williamsburg County,rural,South,South Atlantic,934.161,37739,23208,17.2,
1982,45089,SC,Williamsburg County,rural,South,South Atlantic,934.161,37739,23208,17.2,
1983,45089,SC,Williamsburg County,rural,South,South Atlantic,934.161,37906,23294,20,87
1984,45089,SC,Williamsburg County,rural,South,South Atlantic,934.161,37777,23245,31,96
1985,45089,SC,Williamsburg County,Rural,South,South Atlantic,934.161,37753,23239,42,97
1986,45089,SC,Williamsburg County,rural,South,South Atlantic,934.161,37285,23003,37,159
1987,45089,SC,Williamsburg County,rural,South,South Atlantic,934.161,37311,23042,44,192
1988,45089,SC,Williamsburg County,rural,South,South Atlantic,934.161,37363,23020,67,224
1989,45089,SC,Williamsburg County,Rural,South,South Atlantic,934.161,37187,22843,66.8,270
1990,45089,SC,Williamsburg County,rural,South,South Atlantic,934.161,36769,22625,66.6,291
1991,45089,SC,Williamsburg County,rural,South,South Atlantic,934.161,37007,22805,66.4,276
1992,45089,SC,Williamsburg County,RURAL,South,South Atlantic,934.161,37100,22876,66.2,267
1993,45089,SC,Williamsburg County,rural,South,South Atlantic,934.161,37274,23037,66,275
1994,45089,SC,Williamsburg County,rural,South,South Atlantic,934.161,37608,23366,70,268
1995,45089,SC,Williamsburg County,rural,South,South Atlantic,934.161,37502,23376,74,256
1996,45089,SC,Williamsburg County,rural,South,South Atlantic,934.161,37538,23430,78,286
1997,45089,SC,Williamsburg County,rural,South,South Atlantic,934.161,37481,23458,82,265
1998,45089,SC,Williamsburg County,rural,South,South Atlantic,934.161,37371,23524,86,257
1999,45089,SC,Williamsburg County,rural,South,South Atlantic,934.161,37347,23665,90,240
2000,45089,SC,Williamsburg County, rural,South,South Atlantic,934.161,37145,23658,91.66666,234
2000,45089,SC,Williamsburg County, rural,South,South Atlantic,934.161,37145,23658,91.66666,234
2001,45089,SC,Williamsburg County,rural,South,South Atlantic,934.161,36751,23474,93.33334,228
2001,45089,SC,Williamsburg County,rural,South,South Atlantic,934.161,36751,23474,93.33334,228
2002,45089,SC,Williamsburg County,rural,South,South Atlantic,934.161,36333,23390,95,217
2003,45089,SC,Williamsburg County,rural,South,South Atlantic,934.161,35592,23064,96.66666,222
2004,45089,SC,Williamsburg County,rural,South,South Atlantic,934.161,35561,23227,98.33334,211
2005,45089,SC,Williamsburg County,rural,South,South Atlantic,934.161,35193,22997,100,225
2006,45089,SC,Williamsburg County,  RURAL ,South,South Atlantic,934.161,35458,23475,100,224
2007,45089,SC,Williamsburg County,rural,South,South Atlantic,934.161,35444,23526,100,241
2008,45089,SC,Williamsburg County,rural,South,South Atlantic,934.161,35090,23301,100,259
2008,45089,SC,Williamsburg County,rural,South,South Atlantic,934.161,35090,23301,100,259
2009,45089,SC,Williamsburg County,rural  ,South,South Atlantic,934.161,34622,22957,100,259
2010,45089,SC,Williamsburg County,RURAL,South,South Atlantic,934.161,34419,22815,100,275
2011,45089,SC,Williamsburg County,Rural,South,South Atlantic,934.161,34351,22758,100,256
2012,45089,SC,Williamsburg County,rural,South,South Atlantic,934.161,34112,22554,100,241
2013,45089,SC,Williamsburg County,rural,South,South Atlantic,934.161,33569,21960,627,230
2013,45089,,,,,,,,,100,
2014,45089,SC,Williamsburg County,rural,South,South Atlantic,934.161,33087,21463,100,219
2014,45089,SC,Williamsburg County,rural,South,South Atlantic,934.161,33087,21463,100,219
2015,45089,SC,Williamsburg County,rural,South,South Atlantic,934.161,32734,21046,100,214
2015,45089,SC,Williamsburg County,rural,South,South Atlantic,934.161,32734,21046,100,214
2016,45089,SC,Williamsburg County,RURAL,South,South Atlantic,934.161,32479,20746,,
2016,45089,SC,Williamsburg County,RURAL,South,South Atlantic,934.161,32479,20746,,
1970,45091,SC,York County,suburban,South,South Atlantic,680.762,86034,54135,141,
1970,45091,SC,York County,suburban,South,South Atlantic,680.762,86034,54135,141,
1971,45091,SC,York County,suburban,South,South Atlantic,680.762,89334,56509,131.125,
1972,45091,SC,York County,suburban,South,South Atlantic,680.762,91170,58063,121.25,
1973,45091,SC,York County,suburban,South,South Atlantic,680.762,91873,58871,111.375,
1974,45091,SC,York County,suburban,South,South Atlantic,680.762,93114,59975,101.5,
1975,45091,SC,York County,suburban,South,South Atlantic,680.762,94426,61086,91.625,
1976,45091,SC,York County,suburban,South,South Atlantic,680.762,96897,63240,81.75,
1977,45091,SC,York County,suburban,South,South Atlantic,680.762,97913,64307,71.875,
1977,45091,SC,York County,suburban,South,South Atlantic,680.762,97913,64307,71.875,
1978,45091,SC,York County,suburban,South,South Atlantic,680.762,101112,66918,62,
1979,45091,SC,York County,suburban,South,South Atlantic,680.762,104123,69286,58.4,
1980,45091,SC,York County,suburban,South,South Atlantic,680.762,107291,71806,54.8,
1981,45091,SC,York County,suburban,South,South Atlantic,680.762,109484,73644,51.2,
1982,45091,SC,York County,suburban,South,South Atlantic,680.762,111125,74837,47.6,
1983,45091,SC,York County,SUBURBAN,South,South Atlantic,680.762,112311,75673,44,370
1984,45091,SC,York County,suburban,South,South Atlantic,680.762,114592,77393,564,394
1984,45091,,,,,,,,,50.6,
1985,45091,SC,York County,suburban,South,South Atlantic,680.762,117909,79788,57.2,415
1986,45091,SC,York County,suburban,South,South Atlantic,680.762,120579,81790,63.8,430
1987,45091,SC,York County,suburban,South,South Atlantic,680.762,123510,83881,70.4,473
1988,45091,SC,York County,suburban,South,South Atlantic,680.762,126135,85551,77,562
1989,45091,SC,York County,suburban,South,South Atlantic,680.762,129104,87435,96,660
1990,45091,SC,York County,suburban,South,South Atlantic,680.762,132348,89784,95,638
1991,45091,SC,York County,suburban,South,South Atlantic,680.762,135230,91456,119,616
1992,45091,SC,York County,suburban,South,South Atlantic,680.762,137204,92583,145,583
1993,45091,SC,York County,  SUBURBAN ,South,South Atlantic,680.762,139580,94116,166,653
1994,45091,SC,York County,suburban,South,South Atlantic,680.762,141818,95329,177,789
1995,45091,SC,York County,suburban,South,South Atlantic,680.762,145041,97588,207,896
1996,45091,SC,York County,SUBURBAN,South,South Atlantic,680.762,148644,99950,222,1006
1997,45091,SC,York County,suburban,South,South Atlantic,680.762,152996,102826,245,1077
1998,45091,SC,York County,suburban,South,South Atlantic,680.762,157252,105900,293,1019
1999,45091,SC,York County,suburban,South,South Atlantic,680.762,161546,109174,351,969
1999,45091,SC,York County,suburban,South,South Atlantic,680.762,161546,109174,351,969
2000,45091,SC,York County,suburban,South,South Atlantic,680.762,165620,112177,340,1134
2001,45091,SC,York County,suburban,South,South Atlantic,680.762,169103,114586,338,1084
2002,45091,SC,York County,suburban,South,South Atlantic,680.762,173021,117532,359,1192
2003,45091,SC,York County,suburban,South,South Atlantic,680.762,177138,120537,437,1319
2004,45091,SC,York County,suburban,South,South Atlantic,680.762,181839,124148,467,1377
2005,45091,SC,York County,suburban,South,South Atlantic,680.762,188117,128686,437,1406
2006,45091,SC,York County,suburban,South,South Atlantic,680.762,197892,134872,440.5,1419
2007,45091,SC,York County,suburban,South,South Atlantic,680.762,208640,141849,444,1397
2008,45091,SC,York County,suburban,South,South Atlantic,680.762,217463,147333,447.5,1419
2009,45091,SC,York County,SUBURBAN,South,South Atlantic,680.762,223616,150983,451,1371
2010,45091,SC,York County,suburban,South,South Atlantic,680.762,226050,152331,454.5,1312
2011,45091,SC,York County,suburban,South,South Atlantic,680.762,226873,152871,458,1273
2012,45091,SC,York County,suburban,South,South Atlantic,680.762,230129,154911,461.5,1225
2013,45091,SC,York County,suburban,South,South Atlantic,680.762,234156,156605,465,1202
2014,45091,SC,York County,suburban,South,South Atlantic,680.762,238702,159019,465,1150
2015,45091,SC,York County,suburban,South,South Atlantic,680.762,244542,162419,465,1189
2016,45091,SC,York County,suburban,South,South Atlantic,680.762,250640,166056,,
