year,fips,state,county_name,urbanicity,region,division,land_area,total_pop,total_pop_15to64,total_jail_pop,total_prison_pop
1970,46003,SD,Aurora County,rural,Midwest,West North Central,708.426,4236,2389,0,
1971,46003,SD,Aurora County,rural,Midwest,West North Central,708.426,4460,2556,0,
1972,46003,SD,Aurora County,rural,Midwest,West North Central,708.426,4241,2436,0,
1973,46003,SD,Aurora County,rural,Midwest,West North Central,708.426,4108,2377,0,
1974,46003,SD,Aurora County,rural,Midwest,West North Central,708.426,4036,2354,0,
1975,46003,SD,Aurora County,Rural,Midwest,West North Central,708.426,4002,2358,0,
1976,46003,SD,Aurora County,rural,Midwest,West North Central,708.426,4001,2371,0,
1977,46003,SD,Aurora County,rural,Midwest,West North Central,708.426,3897,2300,0,
1978,46003,SD,Aurora County,rural,Midwest,West North Central,708.426,3804,2248,0,
1979,46003,SD,Aurora County,rural,Midwest,West North Central,708.426,3721,2203,0,
1980,46003,SD,Aurora County,RURAL,Midwest,West North Central,708.426,3622,2136,0,
1981,46003,SD,Aurora County,rural,Midwest,West North Central,708.426,3606,2117,0,
1981,46003,SD,Aurora County,rural,Midwest,West North Central,708.426,3606,2117,0,
1982,46003,SD,Aurora County, rural,Midwest,West North Central,708.426,3553,2070,0,
1983,46003,SD,Aurora County,rural,Midwest,West North Central,708.426,3522,2041,0,5
1984,46003,SD,Aurora County,rural,Midwest,West North Central,708.426,3509,2027,0,
1985,46003,SD,Aurora County,rural,Midwest,West North Central,708.426,3374,1936,0,
1986,46003,SD,Aurora County,rural,Midwest,West North Central,708.426,3319,1892,0,
1987,46003,SD,Aurora County,rural,Midwest,West North Central,708.426,3304,1880,0,
1988,46003,SD,Aurora County,rural,Midwest,West North Central,708.426,3262,1840,0,3.4
1989,46003,SD,Aurora County,rural,Midwest,West North Central,708.426,3161,1771,0,4.2
1990,46003,SD,Aurora County,Rural,Midwest,West North Central,708.426,3130,1753,0,5
1991,46003,SD,Aurora County,rural,Midwest,West North Central,708.426,3050,1699,0,6
1992,46003,SD,Aurora County,rural  ,Midwest,West North Central,708.426,3033,1679,0,
1993,46003,SD,Aurora County,rural,Midwest,West North Central,708.426,3056,1708,0,
1994,46003,SD,Aurora County,rural,Midwest,West North Central,708.426,3057,1717,0,8
1995,46003,SD,Aurora County,rural,Midwest,West North Central,708.426,3117,1781,0,9
1996,46003,SD,Aurora County,rural,Midwest,West North Central,708.426,3064,1762,0,7
1997,46003,SD,Aurora County,rural,Midwest,West North Central,708.426,3058,1759,0,10
1998,46003,SD,Aurora County,rural,Midwest,West North Central,708.426,3063,1759,0,10
1999,46003,SD,Aurora County,  RURAL ,Midwest,West North Central,708.426,3038,1744,0,12
2000,46003,SD,Aurora County,rural,Midwest,West North Central,708.426,3045,1760,0,16
2001,46003,SD,Aurora County, rural,Midwest,West North Central,708.426,2946,1676,0,16
2002,46003,SD,Aurora County,rural,Midwest,West North Central,708.426,2869,1634,0,22
2002,46003,SD,Aurora County,rural,Midwest,West North Central,708.426,2869,1634,0,22
2003,46003,SD,Aurora County,rural,Midwest,West North Central,708.426,2862,1641,0,19
2004,46003,SD,Aurora County,rural,Midwest,West North Central,708.426,2860,1643,0,13
2005,46003,SD,Aurora County,rural,Midwest,West North Central,708.426,2789,1636,0,17
2006,46003,SD,Aurora County,  RURAL ,Midwest,West North Central,708.426,2775,1633,0,15
2007,46003,SD,Aurora County,rural,Midwest,West North Central,708.426,2745,1594,0,17
2008,46003,SD,Aurora County,rural,Midwest,West North Central,708.426,2750,1606,0,13
2009,46003,SD,Aurora County,rural,Midwest,West North Central,708.426,2712,1587,0,13
2010,46003,SD,Aurora County,rural,Midwest,West North Central,708.426,2710,1596,0,11
2010,46003,SD,Aurora County,rural,Midwest,West North Central,708.426,2710,1596,0,11
2011,46003,SD,Aurora County,rural,Midwest,West North Central,708.426,2701,1597,0,10
2012,46003,SD,Aurora County,rural,Midwest,West North Central,708.426,2716,1602,0,8
2013,46003,SD,Aurora County,rural,Midwest,West North Central,708.426,2760,1624,0,8
2014,46003,SD,Aurora County,rural,Midwest,West North Central,708.426,2717,1598,0,8
2015,46003,SD,Aurora County,rural,Midwest,West North Central,708.426,2747,1618,0,
2016,46003,SD,Aurora County,rural,Midwest,West North Central,708.426,2742,1621,,
2016,46003,SD,Aurora County,rural,Midwest,West North Central,708.426,2742,1621,,
1970,46005,SD,Beadle County,rural,Midwest,West North Central,1258.711,20848,12365,1,
1971,46005,SD,Beadle County,rural,Midwest,West North Central,1258.711,20700,12382,1.75,
1972,46005,SD,Beadle County,rural,Midwest,West North Central,1258.711,20532,12418,2.5,
1973,46005,SD,Beadle County,rural,Midwest,West North Central,1258.711,20605,12624,3.25,
1974,46005,SD,Beadle County,rural,Midwest,West North Central,1258.711,20847,12941,4,
1975,46005,SD,Beadle County,rural,Midwest,West North Central,1258.711,20467,12809,4.75,
1976,46005,SD,Beadle County,rural,Midwest,West North Central,1258.711,20242,12728,5.5,
1977,46005,SD,Beadle County,rural,Midwest,West North Central,1258.711,19774,12449,6.25,
1978,46005,SD,Beadle County, rural,Midwest,West North Central,1258.711,19463,12298,7,
1979,46005,SD,Beadle County,rural,Midwest,West North Central,1258.711,19385,12284,7.8,
1980,46005,SD,Beadle County,rural,Midwest,West North Central,1258.711,19204,12180,8.6,
1981,46005,SD,Beadle County,rural,Midwest,West North Central,1258.711,19131,12061,9.4,
1982,46005,SD,Beadle County,rural,Midwest,West North Central,1258.711,19088,11936,10.2,
1983,46005,SD,Beadle County,rural,Midwest,West North Central,1258.711,18757,11656,11,34
1984,46005,SD,Beadle County,rural,Midwest,West North Central,1258.711,18544,11448,11.2,31
1985,46005,SD,Beadle County,rural,Midwest,West North Central,1258.711,18437,11299,11.4,34
1986,46005,SD,Beadle County,rural,Midwest,West North Central,1258.711,18366,11167,11.6,36.2
1986,46005,SD,Beadle County,rural,Midwest,West North Central,1258.711,18366,11167,11.6,36.2
1987,46005,SD,Beadle County,rural  ,Midwest,West North Central,1258.711,18422,11132,11.8,38.4
1987,46005,SD,Beadle County,rural  ,Midwest,West North Central,1258.711,18422,11132,11.8,38.4
1988,46005,SD,Beadle County,rural,Midwest,West North Central,1258.711,18219,10904,12,40.6
1989,46005,SD,Beadle County,rural,Midwest,West North Central,1258.711,18244,10809,17.6,42.8
1990,46005,SD,Beadle County,rural,Midwest,West North Central,1258.711,18288,10772,23.2,45
1991,46005,SD,Beadle County,rural,Midwest,West North Central,1258.711,18090,10645,28.8,40
1992,46005,SD,Beadle County,rural,Midwest,West North Central,1258.711,18070,10604,34.4,35
1993,46005,SD,Beadle County,rural,Midwest,West North Central,1258.711,18092,10677,40,30
1993,46005,SD,Beadle County,rural,Midwest,West North Central,1258.711,18092,10677,40,30
1994,46005,SD,Beadle County,rural,Midwest,West North Central,1258.711,18263,10859,38.33333,32
1995,46005,SD,Beadle County,rural,Midwest,West North Central,1258.711,18364,11048,36.66667,45
1996,46005,SD,Beadle County,rural,Midwest,West North Central,1258.711,18401,11189,35,69
1997,46005,SD,Beadle County,rural,Midwest,West North Central,1258.711,18272,11142,33.33333,81
1998,46005,SD,Beadle County,rural,Midwest,West North Central,1258.711,17501,10623,31.66667,82
1999,46005,SD,Beadle County,rural  ,Midwest,West North Central,1258.711,17097,10386,30,67
2000,46005,SD,Beadle County,rural,Midwest,West North Central,1258.711,17030,10382,33,75
2001,46005,SD,Beadle County,rural,Midwest,West North Central,1258.711,16952,10402,30,77
2002,46005,SD,Beadle County,rural,Midwest,West North Central,1258.711,16767,10325,32,65
2003,46005,SD,Beadle County,rural,Midwest,West North Central,1258.711,16504,10232,21,71
2003,46005,SD,Beadle County,rural,Midwest,West North Central,1258.711,16504,10232,21,71
2004,46005,SD,Beadle County,rural,Midwest,West North Central,1258.711,16370,10212,24,63
2005,46005,SD,Beadle County,rural,Midwest,West North Central,1258.711,16304,10246,27,80
2006,46005,SD,Beadle County,rural,Midwest,West North Central,1258.711,16149,10208,26.625,87
2007,46005,SD,Beadle County,rural,Midwest,West North Central,1258.711,16489,10421,26.25,81
2008,46005,SD,Beadle County,rural,Midwest,West North Central,1258.711,16810,10584,25.875,83
2009,46005,SD,Beadle County,rural,Midwest,West North Central,1258.711,17288,10830,25.5,82
2010,46005,SD,Beadle County,rural,Midwest,West North Central,1258.711,17399,10926,25.125,85
2010,46005,SD,Beadle County,rural,Midwest,West North Central,1258.711,17399,10926,25.125,85
2011,46005,SD,Beadle County,rural,Midwest,West North Central,1258.711,17413,10960,24.75,85
2012,46005,SD,Beadle County,rural,Midwest,West North Central,1258.711,17693,11184,24.375,85
2013,46005,SD,Beadle County,rural,Midwest,West North Central,1258.711,17940,11247,24,85
2014,46005,SD,Beadle County,rural,Midwest,West North Central,1258.711,18269,11306,24,85
2015,46005,SD,Beadle County,rural,Midwest,West North Central,1258.711,18144,11068,24,
2016,46005,SD,Beadle County,rural,Midwest,West North Central,1258.711,18160,10931,,
1970,46007,SD,Bennett County,rural,Midwest,West North Central,1184.642,3139,1728,0,
1971,46007,SD,Bennett County, rural,Midwest,West North Central,1184.642,3327,1853,0,
1972,46007,SD,Bennett County,RURAL,Midwest,West North Central,1184.642,3205,1799,0,
1973,46007,SD,Bennett County,rural,Midwest,West North Central,1184.642,3401,1939,0,
1974,46007,SD,Bennett County, rural,Midwest,West North Central,1184.642,3439,1987,0,
1974,46007,SD,Bennett County, rural,Midwest,West North Central,1184.642,3439,1987,0,
1975,46007,SD,Bennett County,rural,Midwest,West North Central,1184.642,3437,2013,0,
1976,46007,SD,Bennett County,rural,Midwest,West North Central,1184.642,3391,2003,0,
1977,46007,SD,Bennett County,RURAL,Midwest,West North Central,1184.642,3314,1967,0,
1978,46007,SD,Bennett County,rural,Midwest,West North Central,1184.642,3264,1950,6,
1979,46007,SD,Bennett County,rural,Midwest,West North Central,1184.642,3210,1921,6.8,
1980,46007,SD,Bennett County,rural,Midwest,West North Central,1184.642,3028,1812,7.6,
1981,46007,SD,Bennett County,rural,Midwest,West North Central,1184.642,3013,1789,8.4,
1982,46007,SD,Bennett County,rural,Midwest,West North Central,1184.642,3087,1821,9.2,
1983,46007,SD,Bennett County,rural,Midwest,West North Central,1184.642,3158,1854,10,7
1984,46007,SD,Bennett County,rural,Midwest,West North Central,1184.642,3295,1924,9.2,5
1985,46007,SD,Bennett County,rural,Midwest,West North Central,1184.642,3263,1900,8.4,6
1986,46007,SD,Bennett County,RURAL,Midwest,West North Central,1184.642,3255,1890,7.6,7.4
1987,46007,SD,Bennett County,rural,Midwest,West North Central,1184.642,3310,1920,6.8,8.8
1988,46007,SD,Bennett County,rural  ,Midwest,West North Central,1184.642,3300,1910,6,10.2
1988,46007,SD,Bennett County,rural  ,Midwest,West North Central,1184.642,3300,1910,6,10.2
1989,46007,SD,Bennett County,rural,Midwest,West North Central,1184.642,3297,1896,6.8,11.6
1990,46007,SD,Bennett County,rural,Midwest,West North Central,1184.642,3194,1819,7.6,13
1991,46007,SD,Bennett County,rural,Midwest,West North Central,1184.642,3182,1779,522,17
1991,46007,,,,,,,,,8.4,
1992,46007,SD,Bennett County,rural,Midwest,West North Central,1184.642,3129,1759,9.2,13
1993,46007,SD,Bennett County,rural,Midwest,West North Central,1184.642,3237,1823,10,9
1994,46007,SD,Bennett County,rural,Midwest,West North Central,1184.642,3405,1952,10.33333,14
1995,46007,SD,Bennett County,rural,Midwest,West North Central,1184.642,3470,1983,10.66667,17
1996,46007,SD,Bennett County,rural,Midwest,West North Central,1184.642,3490,2003,11,16
1997,46007,SD,Bennett County,rural,Midwest,West North Central,1184.642,3497,2025,11.33333,11
1998,46007,SD,Bennett County,rural,Midwest,West North Central,1184.642,3592,2086,11.66667,14
1999,46007,SD,Bennett County,rural,Midwest,West North Central,1184.642,3536,2071,12,12
2000,46007,SD,Bennett County,rural,Midwest,West North Central,1184.642,3572,2105,0,18
2001,46007,SD,Bennett County,rural,Midwest,West North Central,1184.642,3518,2077,0,12
2002,46007,SD,Bennett County,rural,Midwest,West North Central,1184.642,3519,2063,0,15
2003,46007,SD,Bennett County,RURAL,Midwest,West North Central,1184.642,3513,2066,0,15
2004,46007,SD,Bennett County,rural,Midwest,West North Central,1184.642,3519,2072,0,16
2005,46007,SD,Bennett County,RURAL,Midwest,West North Central,1184.642,3547,2064,0,21
2006,46007,SD,Bennett County,rural,Midwest,West North Central,1184.642,3475,2078,0,22
2007,46007,SD,Bennett County,rural,Midwest,West North Central,1184.642,3466,2089,0,20
2008,46007,SD,Bennett County,rural,Midwest,West North Central,1184.642,3429,2071,0,23
2009,46007,SD,Bennett County,rural,Midwest,West North Central,1184.642,3397,2059,0,18
2010,46007,SD,Bennett County,rural,Midwest,West North Central,1184.642,3431,2061,0,15
2011,46007,SD,Bennett County,rural,Midwest,West North Central,1184.642,3451,2074,0,14
2012,46007,SD,Bennett County,  RURAL ,Midwest,West North Central,1184.642,3449,2080,0,19
2012,46007,SD,Bennett County,  RURAL ,Midwest,West North Central,1184.642,3449,2080,0,19
2013,46007,SD,Bennett County,rural,Midwest,West North Central,1184.642,3449,2067,0,19
2014,46007,SD,Bennett County,rural,Midwest,West North Central,1184.642,3461,2071,0,19
2015,46007,SD,Bennett County,rural,Midwest,West North Central,1184.642,3435,2035,0,
2016,46007,SD,Bennett County,rural,Midwest,West North Central,1184.642,3401,2018,,
1970,46009,SD,Bon Homme County,rural,Midwest,West North Central,563.658,8606,5141,1,
1971,46009,SD,Bon Homme County,rural,Midwest,West North Central,563.658,8714,5227,2.25,
1972,46009,SD,Bon Homme County,rural,Midwest,West North Central,563.658,8541,5119,3.5,
1972,46009,SD,Bon Homme County,rural,Midwest,West North Central,563.658,8541,5119,3.5,
1973,46009,SD,Bon Homme County,rural,Midwest,West North Central,563.658,8220,4912,4.75,
1974,46009,SD,Bon Homme County,RURAL,Midwest,West North Central,563.658,7844,4659,6,
1974,46009,SD,Bon Homme County,RURAL,Midwest,West North Central,563.658,7844,4659,6,
1975,46009,SD,Bon Homme County,rural,Midwest,West North Central,563.658,7827,4669,7.25,
1975,46009,SD,Bon Homme County,rural,Midwest,West North Central,563.658,7827,4669,7.25,
1976,46009,SD,Bon Homme County,rural,Midwest,West North Central,563.658,8026,4849,8.5,
1977,46009,SD,Bon Homme County,rural,Midwest,West North Central,563.658,8063,4884,9.75,
1978,46009,SD,Bon Homme County,rural,Midwest,West North Central,563.658,8220,4990,11,
1979,46009,SD,Bon Homme County,rural,Midwest,West North Central,563.658,8175,4956,10,
1980,46009,SD,Bon Homme County,rural,Midwest,West North Central,563.658,8025,4842,9,
1981,46009,SD,Bon Homme County,rural,Midwest,West North Central,563.658,7860,4723,8,
1982,46009,SD,Bon Homme County,rural,Midwest,West North Central,563.658,7824,4664,7,
1983,46009,SD,Bon Homme County,rural  ,Midwest,West North Central,563.658,7791,4618,6,10
1984,46009,SD,Bon Homme County,rural,Midwest,West North Central,563.658,6976,4113,5,8
1985,46009,SD,Bon Homme County,rural,Midwest,West North Central,563.658,6961,4087,4,7
1986,46009,SD,Bon Homme County,rural,Midwest,West North Central,563.658,7007,4090,3,7.2
1987,46009,SD,Bon Homme County,rural,Midwest,West North Central,563.658,6987,4059,2,7.4
1988,46009,SD,Bon Homme County,rural,Midwest,West North Central,563.658,6972,4017,1,7.6
1989,46009,SD,Bon Homme County,rural,Midwest,West North Central,563.658,7103,4054,1,7.8
1990,46009,SD,Bon Homme County,rural,Midwest,West North Central,563.658,7103,4030,1,8
1991,46009,SD,Bon Homme County,rural,Midwest,West North Central,563.658,7062,3999,1,10
1992,46009,SD,Bon Homme County,rural,Midwest,West North Central,563.658,7023,3974,1,9
1992,46009,SD,Bon Homme County,rural,Midwest,West North Central,563.658,7023,3974,1,9
1993,46009,SD,Bon Homme County,rural,Midwest,West North Central,563.658,7080,4051,515,11
1993,46009,,,,,,,,,1,
1994,46009,SD,Bon Homme County,rural,Midwest,West North Central,563.658,7052,4063,1.333333,10
1994,46009,SD,Bon Homme County,rural,Midwest,West North Central,563.658,7052,4063,1.333333,10
1995,46009,SD,Bon Homme County,rural,Midwest,West North Central,563.658,7162,4190,1.666667,10
1996,46009,SD,Bon Homme County,rural,Midwest,West North Central,563.658,7211,4286,2,11
1997,46009,SD,Bon Homme County,rural  ,Midwest,West North Central,563.658,7458,4547,2.333333,12
1998,46009,SD,Bon Homme County,rural,Midwest,West North Central,563.658,7336,4489,2.666667,8
1999,46009,SD,Bon Homme County,rural,Midwest,West North Central,563.658,7274,4447,3,5
2000,46009,SD,Bon Homme County,rural,Midwest,West North Central,563.658,7243,4455,3.166667,6
2001,46009,SD,Bon Homme County,rural,Midwest,West North Central,563.658,7169,4444,3.333333,7
2002,46009,SD,Bon Homme County, rural,Midwest,West North Central,563.658,7091,4463,3.5,7
2003,46009,SD,Bon Homme County,rural,Midwest,West North Central,563.658,7074,4475,3.666667,4
2004,46009,SD,Bon Homme County,rural,Midwest,West North Central,563.658,7014,4492,3.833333,8
2005,46009,SD,Bon Homme County,  RURAL ,Midwest,West North Central,563.658,6985,4490,4,9
2006,46009,SD,Bon Homme County,rural,Midwest,West North Central,563.658,7174,4656,3.75,9
2007,46009,SD,Bon Homme County,rural,Midwest,West North Central,563.658,7060,4608,3.5,11
2008,46009,SD,Bon Homme County,rural,Midwest,West North Central,563.658,7040,4602,3.25,9
2008,46009,SD,Bon Homme County,rural,Midwest,West North Central,563.658,7040,4602,3.25,9
2009,46009,SD,Bon Homme County,rural,Midwest,West North Central,563.658,7049,4639,3,11
2010,46009,SD,Bon Homme County,rural,Midwest,West North Central,563.658,7067,4615,2.75,5
2010,46009,SD,Bon Homme County,rural,Midwest,West North Central,563.658,7067,4615,2.75,5
2011,46009,SD,Bon Homme County,rural,Midwest,West North Central,563.658,7058,4607,2.5,6
2012,46009,SD,Bon Homme County,rural,Midwest,West North Central,563.658,7009,4560,2.25,6
2013,46009,SD,Bon Homme County,rural,Midwest,West North Central,563.658,7023,4555,2,6
2014,46009,SD,Bon Homme County,rural,Midwest,West North Central,563.658,6983,4546,2,6
2015,46009,SD,Bon Homme County,rural,Midwest,West North Central,563.658,6981,4532,2,
2016,46009,SD,Bon Homme County,rural,Midwest,West North Central,563.658,6946,4476,,
1970,46011,SD,Brookings County,rural,Midwest,West North Central,792.206,22216,14748,6,
1971,46011,SD,Brookings County,rural,Midwest,West North Central,792.206,22426,15019,6.5,
1972,46011,SD,Brookings County,rural,Midwest,West North Central,792.206,23369,15820,7,
1973,46011,SD,Brookings County,rural,Midwest,West North Central,792.206,22894,15648,7.5,
1974,46011,SD,Brookings County,rural,Midwest,West North Central,792.206,22691,15625,8,
1975,46011,SD,Brookings County,rural,Midwest,West North Central,792.206,22705,15746,8.5,
1976,46011,SD,Brookings County,  RURAL ,Midwest,West North Central,792.206,23136,16150,9,
1977,46011,SD,Brookings County,rural,Midwest,West North Central,792.206,23224,16270,9.5,
1978,46011,SD,Brookings County,rural,Midwest,West North Central,792.206,23315,16380,10,
1979,46011,SD,Brookings County,rural,Midwest,West North Central,792.206,23924,16858,11.2,
1980,46011,SD,Brookings County,rural,Midwest,West North Central,792.206,24447,17265,12.4,
1981,46011,SD,Brookings County,rural,Midwest,West North Central,792.206,24745,17469,13.6,
1982,46011,SD,Brookings County,rural,Midwest,West North Central,792.206,24954,17563,14.8,
1983,46011,SD,Brookings County,rural,Midwest,West North Central,792.206,25037,17588,16,13
1984,46011,SD,Brookings County,rural,Midwest,West North Central,792.206,25220,17684,15,12
1985,46011,SD,Brookings County,rural,Midwest,West North Central,792.206,25036,17493,14,16
1986,46011,SD,Brookings County,rural,Midwest,West North Central,792.206,24963,17374,10,19.8
1987,46011,SD,Brookings County,rural,Midwest,West North Central,792.206,24621,17089,10,23.6
1988,46011,SD,Brookings County,Rural,Midwest,West North Central,792.206,25064,17306,15,27.4
1989,46011,SD,Brookings County,rural,Midwest,West North Central,792.206,25093,17234,15,31.2
1990,46011,SD,Brookings County,rural  ,Midwest,West North Central,792.206,25287,17359,15,35
1991,46011,SD,Brookings County,rural,Midwest,West North Central,792.206,25417,17457,529,31
1991,46011,,,,,,,,,15,
1992,46011,SD,Brookings County,rural,Midwest,West North Central,792.206,25933,17809,15,37
1993,46011,SD,Brookings County,  RURAL ,Midwest,West North Central,792.206,26547,18380,15,41
1994,46011,SD,Brookings County,rural,Midwest,West North Central,792.206,27155,18930,17.5,48
1995,46011,SD,Brookings County,rural,Midwest,West North Central,792.206,27450,19286,20,56
1996,46011,SD,Brookings County,rural,Midwest,West North Central,792.206,27414,19420,22.5,60
1997,46011,SD,Brookings County,rural,Midwest,West North Central,792.206,27672,19703,25,53
1998,46011,SD,Brookings County,rural,Midwest,West North Central,792.206,27686,19826,27.5,64
1999,46011,SD,Brookings County,rural,Midwest,West North Central,792.206,27921,20054,30,79
2000,46011,SD,Brookings County,rural,Midwest,West North Central,792.206,28342,20480,29.66667,66
2001,46011,SD,Brookings County,rural,Midwest,West North Central,792.206,28565,20829,29.33333,75
2002,46011,SD,Brookings County,rural,Midwest,West North Central,792.206,28913,21136,29,75
2003,46011,SD,Brookings County,rural,Midwest,West North Central,792.206,29171,21442,28.66667,87
2004,46011,SD,Brookings County,rural,Midwest,West North Central,792.206,29393,21710,529,83
2004,46011,,,,,,,,,28.33333,
2005,46011,SD,Brookings County,rural,Midwest,West North Central,792.206,29485,21743,28,94
2006,46011,SD,Brookings County,rural,Midwest,West North Central,792.206,30323,22370,27,86
2007,46011,SD,Brookings County,rural,Midwest,West North Central,792.206,30831,22786,26,83
2008,46011,SD,Brookings County,rural,Midwest,West North Central,792.206,31363,23136,25,68
2009,46011,SD,Brookings County,rural,Midwest,West North Central,792.206,31729,23440,24,87
2010,46011,SD,Brookings County,rural,Midwest,West North Central,792.206,31962,23626,23,74
2011,46011,SD,Brookings County,rural,Midwest,West North Central,792.206,32000,23647,22,71
2012,46011,SD,Brookings County,rural,Midwest,West North Central,792.206,32138,23684,21,83
2012,46011,SD,Brookings County,rural,Midwest,West North Central,792.206,32138,23684,21,83
2013,46011,SD,Brookings County,rural,Midwest,West North Central,792.206,32710,24029,20,83
2014,46011,SD,Brookings County,Rural,Midwest,West North Central,792.206,33065,24126,20,83
2014,46011,SD,Brookings County,Rural,Midwest,West North Central,792.206,33065,24126,20,83
2015,46011,SD,Brookings County,rural,Midwest,West North Central,792.206,33302,24176,20,
2016,46011,SD,Brookings County,rural,Midwest,West North Central,792.206,33808,24274,,
1970,46013,SD,Brown County,rural,Midwest,West North Central,1713.03,37061,22497,22,
1971,46013,SD,Brown County,rural,Midwest,West North Central,1713.03,37611,22984,20.75,
1972,46013,SD,Brown County,rural,Midwest,West North Central,1713.03,38000,23416,19.5,
1972,46013,SD,Brown County,rural,Midwest,West North Central,1713.03,38000,23416,19.5,
1973,46013,SD,Brown County,rural,Midwest,West North Central,1713.03,37820,23482,18.25,
1974,46013,SD,Brown County,rural,Midwest,West North Central,1713.03,38352,24000,17,
1975,46013,SD,Brown County,rural,Midwest,West North Central,1713.03,37724,23705,15.75,
1976,46013,SD,Brown County,Rural,Midwest,West North Central,1713.03,37313,23616,14.5,
1977,46013,SD,Brown County,rural,Midwest,West North Central,1713.03,37362,23819,13.25,
1978,46013,SD,Brown County,rural,Midwest,West North Central,1713.03,37458,24071,12,
1979,46013,SD,Brown County,rural,Midwest,West North Central,1713.03,36452,23480,14,
1980,46013,SD,Brown County,rural,Midwest,West North Central,1713.03,37023,23952,16,
1981,46013,SD,Brown County,rural,Midwest,West North Central,1713.03,37112,23985,18,
1982,46013,SD,Brown County,rural,Midwest,West North Central,1713.03,37046,23857,20,
1983,46013,SD,Brown County,rural,Midwest,West North Central,1713.03,36627,23541,22,21
1984,46013,SD,Brown County,rural,Midwest,West North Central,1713.03,36621,23492,19.13228,36
1985,46013,SD,Brown County,rural,Midwest,West North Central,1713.03,36541,23367,20.39646,18
1985,46013,SD,Brown County,rural,Midwest,West North Central,1713.03,36541,23367,20.39646,18
1986,46013,SD,Brown County,RURAL,Midwest,West North Central,1713.03,36521,23287,22.09703,22.4
1987,46013,SD,Brown County,rural,Midwest,West North Central,1713.03,36467,23212,23.83837,26.8
1988,46013,SD,Brown County,rural,Midwest,West North Central,1713.03,36404,23068,27.20575,31.2
1989,46013,SD,Brown County,rural,Midwest,West North Central,1713.03,36015,22703,30.58589,35.6
1989,46013,SD,Brown County,rural,Midwest,West North Central,1713.03,36015,22703,30.58589,35.6
1990,46013,SD,Brown County,Rural,Midwest,West North Central,1713.03,35528,22365,33.91268,40
1991,46013,SD,Brown County,rural,Midwest,West North Central,1713.03,35614,22395,37.25188,55
1992,46013,SD,Brown County,rural,Midwest,West North Central,1713.03,35755,22402,40.62539,60
1993,46013,SD,Brown County,rural,Midwest,West North Central,1713.03,35973,22645,44.00312,59
1994,46013,SD,Brown County,rural,Midwest,West North Central,1713.03,36085,22832,43.06618,67
1995,46013,SD,Brown County,rural,Midwest,West North Central,1713.03,36104,22954,42.09812,60
1996,46013,SD,Brown County,rural,Midwest,West North Central,1713.03,36173,23193,41.24496,64
1997,46013,SD,Brown County, rural,Midwest,West North Central,1713.03,36087,23129,40.292,94
1997,46013,SD,Brown County, rural,Midwest,West North Central,1713.03,36087,23129,40.292,94
1998,46013,SD,Brown County,rural,Midwest,West North Central,1713.03,35826,23017,39.31467,102
1999,46013,SD,Brown County,rural,Midwest,West North Central,1713.03,35705,22987,38.39932,111
2000,46013,SD,Brown County,rural,Midwest,West North Central,1713.03,35472,22889,38.73352,121
2001,46013,SD,Brown County,rural,Midwest,West North Central,1713.03,35303,22716,39.12023,127
2002,46013,SD,Brown County,rural,Midwest,West North Central,1713.03,35187,22702,39.51683,114
2003,46013,SD,Brown County,rural,Midwest,West North Central,1713.03,35223,22659,39.88271,118
2004,46013,SD,Brown County,rural,Midwest,West North Central,1713.03,35329,22755,40.24545,125
2005,46013,SD,Brown County,rural,Midwest,West North Central,1713.03,35441,22908,40.66659,106
2006,46013,SD,Brown County,rural,Midwest,West North Central,1713.03,35561,22935,39.9683,123
2007,46013,SD,Brown County,rural,Midwest,West North Central,1713.03,35821,23070,43.54441,130
2008,46013,SD,Brown County,rural,Midwest,West North Central,1713.03,35865,23107,48.83208,152
2009,46013,SD,Brown County,rural,Midwest,West North Central,1713.03,36181,23296,45.49162,174
2010,46013,SD,Brown County,rural,Midwest,West North Central,1713.03,36531,23573,42.10573,191
2011,46013,SD,Brown County,rural,Midwest,West North Central,1713.03,36654,23664,48.05107,217
2012,46013,SD,Brown County,rural,Midwest,West North Central,1713.03,36966,23928,49.67172,210
2013,46013,SD,Brown County,rural,Midwest,West North Central,1713.03,37565,24380,31.79722,210
2014,46013,SD,Brown County,rural,Midwest,West North Central,1713.03,38229,24618,30.93913,210
2015,46013,SD,Brown County,rural,Midwest,West North Central,1713.03,38353,24549,40.57431,
2016,46013,SD,Brown County,rural,Midwest,West North Central,1713.03,38505,24604,,
1970,46015,SD,Brule County,Rural,Midwest,West North Central,817.241,5832,3223,6,
1971,46015,SD,Brule County,rural,Midwest,West North Central,817.241,5708,3188,5.875,
1972,46015,SD,Brule County,  RURAL ,Midwest,West North Central,817.241,5778,3287,5.75,
1973,46015,SD,Brule County,Rural,Midwest,West North Central,817.241,5802,3355,5.625,
1974,46015,SD,Brule County,rural,Midwest,West North Central,817.241,5621,3279,5.5,
1975,46015,SD,Brule County,rural,Midwest,West North Central,817.241,5705,3388,571,
1975,46015,,,,,,,,,5.375,
1976,46015,SD,Brule County,rural,Midwest,West North Central,817.241,5587,3330,5.25,
1977,46015,SD,Brule County,rural,Midwest,West North Central,817.241,5520,3311,5.125,
1978,46015,SD,Brule County,rural,Midwest,West North Central,817.241,5507,3329,5,
1979,46015,SD,Brule County,rural,Midwest,West North Central,817.241,5307,3207,6.2,
1980,46015,SD,Brule County,Rural,Midwest,West North Central,817.241,5253,3167,7.4,
1981,46015,SD,Brule County,Rural,Midwest,West North Central,817.241,5264,3146,8.6,
1982,46015,SD,Brule County,rural,Midwest,West North Central,817.241,5405,3200,9.8,
1983,46015,SD,Brule County,rural,Midwest,West North Central,817.241,5514,3235,11,11
1984,46015,SD,Brule County,rural,Midwest,West North Central,817.241,5587,3253,14.5,9
1985,46015,SD,Brule County,rural,Midwest,West North Central,817.241,5697,3290,18,6
1986,46015,SD,Brule County,rural,Midwest,West North Central,817.241,5608,3214,7,6.2
1987,46015,SD,Brule County,rural,Midwest,West North Central,817.241,5595,3180,10,6.4
1988,46015,SD,Brule County,rural,Midwest,West North Central,817.241,5586,3143,536,6.6
1988,46015,,,,,,,,,9,
1989,46015,SD,Brule County,RURAL,Midwest,West North Central,817.241,5611,3125,8.8,6.8
1990,46015,SD,Brule County,rural,Midwest,West North Central,817.241,5459,3031,8.6,7
1991,46015,SD,Brule County,rural,Midwest,West North Central,817.241,5569,3112,8.4,7
1992,46015,SD,Brule County,rural  ,Midwest,West North Central,817.241,5596,3128,8.2,7
1993,46015,SD,Brule County,rural,Midwest,West North Central,817.241,5553,3117,8,7
1994,46015,SD,Brule County,rural,Midwest,West North Central,817.241,5554,3150,8.666667,8
1995,46015,SD,Brule County,rural,Midwest,West North Central,817.241,5498,3156,9.333333,11
1996,46015,SD,Brule County,rural,Midwest,West North Central,817.241,5500,3200,10,9
1997,46015,SD,Brule County,rural,Midwest,West North Central,817.241,5466,3181,10.66667,11
1997,46015,SD,Brule County,rural,Midwest,West North Central,817.241,5466,3181,10.66667,11
1998,46015,SD,Brule County,rural,Midwest,West North Central,817.241,5449,3180,11.33333,6
1999,46015,SD,Brule County,rural,Midwest,West North Central,817.241,5410,3186,12,11
2000,46015,SD,Brule County,rural,Midwest,West North Central,817.241,5334,3164,11,9
2001,46015,SD,Brule County,rural,Midwest,West North Central,817.241,5179,3095,10,8
2002,46015,SD,Brule County, rural,Midwest,West North Central,817.241,5067,3025,9,11
2003,46015,SD,Brule County,rural,Midwest,West North Central,817.241,5058,3024,8,14
2004,46015,SD,Brule County,rural,Midwest,West North Central,817.241,5030,3026,7,15
2005,46015,SD,Brule County,rural,Midwest,West North Central,817.241,5010,3030,6,10
2006,46015,SD,Brule County,rural,Midwest,West North Central,817.241,4991,3032,7.375,14
2007,46015,SD,Brule County,rural,Midwest,West North Central,817.241,5079,3099,8.75,9
2008,46015,SD,Brule County,rural,Midwest,West North Central,817.241,5112,3153,10.125,11
2009,46015,SD,Brule County,rural,Midwest,West North Central,817.241,5184,3173,11.5,13
2010,46015,SD,Brule County,rural,Midwest,West North Central,817.241,5255,3253,12.875,13
2010,46015,SD,Brule County,rural,Midwest,West North Central,817.241,5255,3253,12.875,13
2011,46015,SD,Brule County,rural,Midwest,West North Central,817.241,5282,3276,14.25,12
2012,46015,SD,Brule County,rural,Midwest,West North Central,817.241,5296,3296,15.625,11
2012,46015,SD,Brule County,rural,Midwest,West North Central,817.241,5296,3296,15.625,11
2013,46015,SD,Brule County,rural,Midwest,West North Central,817.241,5291,3309,17,11
2014,46015,SD,Brule County,rural,Midwest,West North Central,817.241,5357,3337,17,11
2015,46015,SD,Brule County,rural,Midwest,West North Central,817.241,5277,3285,17,
2016,46015,SD,Brule County,rural,Midwest,West North Central,817.241,5240,3231,,
1970,46017,SD,Buffalo County,rural,Midwest,West North Central,471.389,1740,903,0,
1971,46017,SD,Buffalo County,rural,Midwest,West North Central,471.389,1741,910,0,
1972,46017,SD,Buffalo County,rural,Midwest,West North Central,471.389,1660,867,0,
1973,46017,SD,Buffalo County,rural,Midwest,West North Central,471.389,1669,885,0,
1974,46017,SD,Buffalo County,rural,Midwest,West North Central,471.389,1730,925,0,
1975,46017,SD,Buffalo County,rural,Midwest,West North Central,471.389,1764,952,0,
1976,46017,SD,Buffalo County,rural,Midwest,West North Central,471.389,1752,956,0,
1977,46017,SD,Buffalo County,rural,Midwest,West North Central,471.389,1756,964,0,
1978,46017,SD,Buffalo County,  RURAL ,Midwest,West North Central,471.389,1706,943,0,
1979,46017,SD,Buffalo County,rural,Midwest,West North Central,471.389,1686,935,0,
1980,46017,SD,Buffalo County,rural,Midwest,West North Central,471.389,1783,1000,0,
1981,46017,SD,Buffalo County,rural,Midwest,West North Central,471.389,1777,991,0,
1982,46017,SD,Buffalo County,rural,Midwest,West North Central,471.389,1684,927,0,
1983,46017,SD,Buffalo County,rural,Midwest,West North Central,471.389,1628,896,0,0
1984,46017,SD,Buffalo County, rural,Midwest,West North Central,471.389,1605,874,0,0
1985,46017,SD,Buffalo County,rural,Midwest,West North Central,471.389,1641,893,0,0
1986,46017,SD,Buffalo County,rural,Midwest,West North Central,471.389,1613,875,0,0
1987,46017,SD,Buffalo County,rural,Midwest,West North Central,471.389,1659,897,0,0
1988,46017,SD,Buffalo County,rural  ,Midwest,West North Central,471.389,1699,918,0,0
1989,46017,SD,Buffalo County,rural,Midwest,West North Central,471.389,1715,925,0,0
1990,46017,SD,Buffalo County,rural,Midwest,West North Central,471.389,1779,964,0,0
1991,46017,SD,Buffalo County,rural,Midwest,West North Central,471.389,1818,1001,0,0
1992,46017,SD,Buffalo County,rural,Midwest,West North Central,471.389,1849,1015,0,0
1992,46017,SD,Buffalo County,rural,Midwest,West North Central,471.389,1849,1015,0,0
1993,46017,SD,Buffalo County,rural,Midwest,West North Central,471.389,1836,1005,501,0
1993,46017,,,,,,,,,0,
1994,46017,SD,Buffalo County,rural,Midwest,West North Central,471.389,1886,1040,0,0
1995,46017,SD,Buffalo County,rural  ,Midwest,West North Central,471.389,1961,1096,0,0
1996,46017,SD,Buffalo County,rural  ,Midwest,West North Central,471.389,1973,1121,0,0
1997,46017,SD,Buffalo County,rural,Midwest,West North Central,471.389,1949,1116,0,0
1998,46017,SD,Buffalo County,rural,Midwest,West North Central,471.389,1977,1158,0,0
1999,46017,SD,Buffalo County,rural,Midwest,West North Central,471.389,2042,1214,0,0
2000,46017,SD,Buffalo County,rural  ,Midwest,West North Central,471.389,1991,1200,0,0
2001,46017,SD,Buffalo County,rural,Midwest,West North Central,471.389,2004,1229,0,0
2002,46017,SD,Buffalo County,rural,Midwest,West North Central,471.389,1977,1211,0,0
2003,46017,SD,Buffalo County,rural,Midwest,West North Central,471.389,1978,1212,0,0
2004,46017,SD,Buffalo County,rural,Midwest,West North Central,471.389,1977,1195,0,0
2005,46017,SD,Buffalo County,rural,Midwest,West North Central,471.389,1959,1210,0,
2006,46017,SD,Buffalo County,rural,Midwest,West North Central,471.389,1973,1186,501,
2006,46017,,,,,,,,,0,
2007,46017,SD,Buffalo County,rural,Midwest,West North Central,471.389,1937,1154,0,0
2008,46017,SD,Buffalo County,rural,Midwest,West North Central,471.389,1956,1173,0,
2009,46017,SD,Buffalo County,rural,Midwest,West North Central,471.389,1858,1112,0,
2010,46017,SD,Buffalo County, rural,Midwest,West North Central,471.389,1913,1137,0,
2011,46017,SD,Buffalo County,  RURAL ,Midwest,West North Central,471.389,1934,1151,0,
2012,46017,SD,Buffalo County,rural  ,Midwest,West North Central,471.389,1977,1164,0,
2013,46017,SD,Buffalo County,rural,Midwest,West North Central,471.389,2016,1171,0,
2014,46017,SD,Buffalo County,rural,Midwest,West North Central,471.389,2025,1187,0,
2015,46017,SD,Buffalo County, rural,Midwest,West North Central,471.389,2086,1223,0,
2016,46017,SD,Buffalo County,rural,Midwest,West North Central,471.389,2097,1238,,
1970,46019,SD,Butte County,rural,Midwest,West North Central,2250.017,7772,4568,5,
1970,46019,SD,Butte County,rural,Midwest,West North Central,2250.017,7772,4568,5,
1971,46019,SD,Butte County,rural,Midwest,West North Central,2250.017,7536,4423,4.75,
1972,46019,SD,Butte County,rural,Midwest,West North Central,2250.017,7582,4480,4.5,
1973,46019,SD,Butte County,rural,Midwest,West North Central,2250.017,8016,4810,4.25,
1974,46019,SD,Butte County,rural,Midwest,West North Central,2250.017,8078,4878,4,
1975,46019,SD,Butte County,RURAL,Midwest,West North Central,2250.017,8190,4986,3.75,
1975,46019,SD,Butte County,RURAL,Midwest,West North Central,2250.017,8190,4986,3.75,
1976,46019,SD,Butte County,rural,Midwest,West North Central,2250.017,8127,4950,3.5,
1977,46019,SD,Butte County,rural,Midwest,West North Central,2250.017,8102,4930,3.25,
1978,46019,SD,Butte County,  RURAL ,Midwest,West North Central,2250.017,8232,5035,3,
1979,46019,SD,Butte County,rural,Midwest,West North Central,2250.017,8400,5148,0.9978125,
1980,46019,SD,Butte County,rural,Midwest,West North Central,2250.017,8366,5111,1.29247,
1981,46019,SD,Butte County,RURAL,Midwest,West North Central,2250.017,8315,5074,1.565537,
1982,46019,SD,Butte County,rural,Midwest,West North Central,2250.017,8231,4999,1.873814,
1982,46019,SD,Butte County,rural,Midwest,West North Central,2250.017,8231,4999,1.873814,
1983,46019,SD,Butte County,rural,Midwest,West North Central,2250.017,8137,4928,2.136931,17
1984,46019,SD,Butte County,rural,Midwest,West North Central,2250.017,8132,4918,2.367995,13
1985,46019,SD,Butte County,rural,Midwest,West North Central,2250.017,8007,4825,2.582394,9
1985,46019,SD,Butte County,rural,Midwest,West North Central,2250.017,8007,4825,2.582394,9
1986,46019,SD,Butte County,rural,Midwest,West North Central,2250.017,7884,4736,2.810418,11.8
1987,46019,SD,Butte County,rural,Midwest,West North Central,2250.017,7908,4747,3.083338,14.6
1988,46019,SD,Butte County,rural,Midwest,West North Central,2250.017,7910,4726,3.352248,17.4
1989,46019,SD,Butte County,rural,Midwest,West North Central,2250.017,7874,4673,3.680941,20.2
1990,46019,SD,Butte County, rural,Midwest,West North Central,2250.017,7923,4693,4.042753,23
1991,46019,SD,Butte County,rural,Midwest,West North Central,2250.017,8220,4908,4.404469,20
1992,46019,SD,Butte County,rural,Midwest,West North Central,2250.017,8422,5018,4.654246,25
1993,46019,SD,Butte County,rural,Midwest,West North Central,2250.017,8789,5305,5.173545,29
1994,46019,SD,Butte County,rural,Midwest,West North Central,2250.017,9012,5479,5.821428,24
1994,46019,SD,Butte County,rural,Midwest,West North Central,2250.017,9012,5479,5.821428,24
1995,46019,SD,Butte County,rural,Midwest,West North Central,2250.017,9091,5551,6.375238,28
1996,46019,SD,Butte County,rural,Midwest,West North Central,2250.017,9170,5645,6.967653,35
1997,46019,SD,Butte County,rural,Midwest,West North Central,2250.017,9113,5584,7.574913,35
1998,46019,SD,Butte County,rural,Midwest,West North Central,2250.017,9132,5635,8.156134,39
1999,46019,SD,Butte County,rural,Midwest,West North Central,2250.017,9032,5585,8.614396,41
2000,46019,SD,Butte County,rural,Midwest,West North Central,2250.017,9093,5649,9.815604,42
2001,46019,SD,Butte County,rural,Midwest,West North Central,2250.017,9120,5704,10.99405,37
2002,46019,SD,Butte County,rural,Midwest,West North Central,2250.017,9046,5702,12.09407,22
2002,46019,SD,Butte County,rural,Midwest,West North Central,2250.017,9046,5702,12.09407,22
2003,46019,SD,Butte County,rural,Midwest,West North Central,2250.017,9199,5820,592,24
2003,46019,,,,,,,,,13.51188,
2004,46019,SD,Butte County,rural  ,Midwest,West North Central,2250.017,9284,5903,14.58298,24
2005,46019,SD,Butte County,rural,Midwest,West North Central,2250.017,9422,6039,16.06764,29
2005,46019,SD,Butte County,rural,Midwest,West North Central,2250.017,9422,6039,16.06764,29
2006,46019,SD,Butte County,rural,Midwest,West North Central,2250.017,9517,6092,16.19886,27
2007,46019,SD,Butte County,rural,Midwest,West North Central,2250.017,9817,6317,16.6744,31
2008,46019,SD,Butte County,rural,Midwest,West North Central,2250.017,9977,6399,16.86822,26
2009,46019,SD,Butte County,rural,Midwest,West North Central,2250.017,9989,6372,16.63542,29
2010,46019,SD,Butte County,rural,Midwest,West North Central,2250.017,10112,6428,16.69464,32
2011,46019,SD,Butte County,rural,Midwest,West North Central,2250.017,10145,6436,16.7165,34
2012,46019,SD,Butte County,  RURAL ,Midwest,West North Central,2250.017,10307,6486,16.40248,33
2012,46019,SD,Butte County,  RURAL ,Midwest,West North Central,2250.017,10307,6486,16.40248,33
2013,46019,SD,Butte County,rural,Midwest,West North Central,2250.017,10216,6387,16.14135,33
2014,46019,SD,Butte County,rural,Midwest,West North Central,2250.017,10282,6356,16.14135,33
2015,46019,SD,Butte County,rural,Midwest,West North Central,2250.017,10247,6268,16.14135,
2016,46019,SD,Butte County,rural,Midwest,West North Central,2250.017,10208,6208,,
1970,46021,SD,Campbell County,rural,Midwest,West North Central,733.677,2839,1647,2.667705,
1971,46021,SD,Campbell County,rural,Midwest,West North Central,733.677,2730,1595,2.296669,
1972,46021,SD,Campbell County,rural,Midwest,West North Central,733.677,2561,1508,1.96497,
1973,46021,SD,Campbell County,rural,Midwest,West North Central,733.677,2596,1566,1.797156,
1974,46021,SD,Campbell County,rural,Midwest,West North Central,733.677,2580,1580,1.602434,
1975,46021,SD,Campbell County,rural,Midwest,West North Central,733.677,2544,1588,1.366888,
1976,46021,SD,Campbell County,rural,Midwest,West North Central,733.677,2458,1535,1.125631,
1977,46021,SD,Campbell County,rural,Midwest,West North Central,733.677,2408,1497,0.9156373,
1978,46021,SD,Campbell County,rural,Midwest,West North Central,733.677,2290,1421,501,
1978,46021,,,,,,,,,0.6949505,
1979,46021,SD,Campbell County,rural,Midwest,West North Central,733.677,2222,1392,0.7375299,
1980,46021,SD,Campbell County,rural,Midwest,West North Central,733.677,2230,1398,0.8053417,
1981,46021,SD,Campbell County,rural,Midwest,West North Central,733.677,2165,1348,0.8243552,
1982,46021,SD,Campbell County,RURAL,Midwest,West North Central,733.677,2191,1352,0.8755532,
1983,46021,SD,Campbell County,rural,Midwest,West North Central,733.677,2192,1341,0.9116247,0
1983,46021,SD,Campbell County,rural,Midwest,West North Central,733.677,2192,1341,0.9116247,0
1984,46021,SD,Campbell County,rural,Midwest,West North Central,733.677,2214,1343,1.067334,0
1985,46021,SD,Campbell County,rural,Midwest,West North Central,733.677,2182,1315,1.197434,0
1986,46021,SD,Campbell County,rural,Midwest,West North Central,733.677,2087,1248,1.29635,0
1987,46021,SD,Campbell County,rural  ,Midwest,West North Central,733.677,2083,1238,1.438923,0
1988,46021,SD,Campbell County,rural,Midwest,West North Central,733.677,2037,1194,1.536899,0
1989,46021,SD,Campbell County,rural,Midwest,West North Central,733.677,2013,1168,1.565729,0
1990,46021,SD,Campbell County,rural,Midwest,West North Central,733.677,1958,1125,1.563193,0
1991,46021,SD,Campbell County,rural,Midwest,West North Central,733.677,1939,1120,1.609581,0
1992,46021,SD,Campbell County,rural,Midwest,West North Central,733.677,1914,1071,1.58475,0
1992,46021,SD,Campbell County,rural,Midwest,West North Central,733.677,1914,1071,1.58475,0
1993,46021,SD,Campbell County,rural,Midwest,West North Central,733.677,1878,1059,515,0
1993,46021,,,,,,,,,1.599215,
1994,46021,SD,Campbell County,rural,Midwest,West North Central,733.677,1864,1056,515,0
1994,46021,,,,,,,,,1.570727,
1995,46021,SD,Campbell County,rural,Midwest,West North Central,733.677,1883,1069,1.551749,0
1996,46021,SD,Campbell County,rural,Midwest,West North Central,733.677,1895,1065,1.523387,0
1997,46021,SD,Campbell County,rural,Midwest,West North Central,733.677,1928,1078,1.554882,0
1998,46021,SD,Campbell County,rural,Midwest,West North Central,733.677,1852,1039,1.49863,
1999,46021,SD,Campbell County,rural,Midwest,West North Central,733.677,1818,1034,1.479256,
2000,46021,SD,Campbell County,rural  ,Midwest,West North Central,733.677,1781,1021,1.653993,
2001,46021,SD,Campbell County,  RURAL ,Midwest,West North Central,733.677,1766,1023,1.860445,
2002,46021,SD,Campbell County,rural,Midwest,West North Central,733.677,1738,997,2.010081,
2003,46021,SD,Campbell County,rural,Midwest,West North Central,733.677,1691,980,2.194314,
2004,46021,SD,Campbell County,rural  ,Midwest,West North Central,733.677,1647,968,2.36282,
2005,46021,SD,Campbell County,Rural,Midwest,West North Central,733.677,1591,939,2.484127,5
2006,46021,SD,Campbell County,rural,Midwest,West North Central,733.677,1533,928,2.453483,
2007,46021,SD,Campbell County,rural,Midwest,West North Central,733.677,1474,888,2.377376,
2008,46021,SD,Campbell County,rural,Midwest,West North Central,733.677,1456,879,2.342361,
2009,46021,SD,Campbell County,rural  ,Midwest,West North Central,733.677,1454,878,2.338305,
2010,46021,SD,Campbell County,rural,Midwest,West North Central,733.677,1466,892,2.350242,
2011,46021,SD,Campbell County,rural,Midwest,West North Central,733.677,1471,895,2.235968,0
2012,46021,SD,Campbell County,rural,Midwest,West North Central,733.677,1425,865,2.22537,0
2013,46021,SD,Campbell County,rural,Midwest,West North Central,733.677,1405,856,2.145457,0
2013,46021,SD,Campbell County,rural,Midwest,West North Central,733.677,1405,856,2.145457,0
2014,46021,SD,Campbell County,rural,Midwest,West North Central,733.677,1372,834,2.145457,0
2015,46021,SD,Campbell County,rural,Midwest,West North Central,733.677,1404,857,2.145457,
2016,46021,SD,Campbell County,rural,Midwest,West North Central,733.677,1414,857,,
1970,46023,SD,Charles Mix County,rural,Midwest,West North Central,1097.488,9999,5529,3.440573,
1971,46023,SD,Charles Mix County,rural  ,Midwest,West North Central,1097.488,10024,5568,1.45822,
1972,46023,SD,Charles Mix County,rural,Midwest,West North Central,1097.488,10133,5697,1.547164,
1973,46023,SD,Charles Mix County,rural,Midwest,West North Central,1097.488,10082,5713,1.644652,
1974,46023,SD,Charles Mix County,rural,Midwest,West North Central,1097.488,10076,5743,1.740303,
1975,46023,SD,Charles Mix County,rural,Midwest,West North Central,1097.488,10229,5879,1.841133,
1976,46023,SD,Charles Mix County,rural,Midwest,West North Central,1097.488,10064,5792,1.933714,
1977,46023,SD,Charles Mix County,rural,Midwest,West North Central,1097.488,10047,5773,2.013267,
1978,46023,SD,Charles Mix County,rural,Midwest,West North Central,1097.488,9956,5722,2.094692,
1979,46023,SD,Charles Mix County,rural,Midwest,West North Central,1097.488,9843,5648,2.784323,
1980,46023,SD,Charles Mix County,rural,Midwest,West North Central,1097.488,9667,5524,3.489577,
1981,46023,SD,Charles Mix County,rural  ,Midwest,West North Central,1097.488,9642,5494,4.212113,
1982,46023,SD,Charles Mix County,rural,Midwest,West North Central,1097.488,9666,5472,4.934811,
1983,46023,SD,Charles Mix County,rural,Midwest,West North Central,1097.488,9544,5381,5.63308,15
1984,46023,SD,Charles Mix County,rural,Midwest,West North Central,1097.488,9523,5364,571,17
1984,46023,,,,,,,,,5.940356,
1985,46023,SD,Charles Mix County,  RURAL ,Midwest,West North Central,1097.488,9432,5292,6.199361,12
1986,46023,SD,Charles Mix County,rural,Midwest,West North Central,1097.488,9334,5224,6.458049,12.8
1987,46023,SD,Charles Mix County,rural  ,Midwest,West North Central,1097.488,9322,5213,6.782057,13.6
1988,46023,SD,Charles Mix County,rural,Midwest,West North Central,1097.488,9258,5161,7.097085,14.4
1989,46023,SD,Charles Mix County,rural,Midwest,West North Central,1097.488,9173,5089,9.257907,15.2
1990,46023,SD,Charles Mix County,rural,Midwest,West North Central,1097.488,9119,5045,11.45777,16
1991,46023,SD,Charles Mix County,rural  ,Midwest,West North Central,1097.488,9131,5019,13.63079,24
1992,46023,SD,Charles Mix County, rural,Midwest,West North Central,1097.488,9304,5085,15.91097,21
1993,46023,SD,Charles Mix County,Rural,Midwest,West North Central,1097.488,9397,5143,18.15518,25
1994,46023,SD,Charles Mix County,rural,Midwest,West North Central,1097.488,9367,5161,18.16998,24
1995,46023,SD,Charles Mix County,rural,Midwest,West North Central,1097.488,9487,5280,18.25474,20
1996,46023,SD,Charles Mix County,rural,Midwest,West North Central,1097.488,9544,5354,18.24315,13
1997,46023,SD,Charles Mix County,rural,Midwest,West North Central,1097.488,9533,5346,18.27317,6
1998,46023,SD,Charles Mix County,  RURAL ,Midwest,West North Central,1097.488,9425,5304,18.24938,10
1999,46023,SD,Charles Mix County,rural,Midwest,West North Central,1097.488,9317,5204,18.10213,10
2000,46023,SD,Charles Mix County,rural,Midwest,West North Central,1097.488,9340,5269,19.295,11
2001,46023,SD,Charles Mix County,rural,Midwest,West North Central,1097.488,9207,5221,599,13
2001,46023,,,,,,,,,20.18835,
2002,46023,SD,Charles Mix County,rural,Midwest,West North Central,1097.488,9164,5250,21.24023,15
2003,46023,SD,Charles Mix County,rural,Midwest,West North Central,1097.488,9075,5264,22.30716,25
2004,46023,SD,Charles Mix County,rural,Midwest,West North Central,1097.488,9055,5269,23.31959,33
2005,46023,SD,Charles Mix County,Rural,Midwest,West North Central,1097.488,9134,5320,24.35627,48
2006,46023,SD,Charles Mix County,rural,Midwest,West North Central,1097.488,9110,5309,25.3988,33
2007,46023,SD,Charles Mix County,rural,Midwest,West North Central,1097.488,9034,5255,26.32728,34
2008,46023,SD,Charles Mix County,rural,Midwest,West North Central,1097.488,9009,5239,27.32558,35
2008,46023,SD,Charles Mix County,rural,Midwest,West North Central,1097.488,9009,5239,27.32558,35
2009,46023,SD,Charles Mix County,rural,Midwest,West North Central,1097.488,9079,5215,28.13039,33
2010,46023,SD,Charles Mix County,rural,Midwest,West North Central,1097.488,9131,5263,29.11077,38
2011,46023,SD,Charles Mix County,rural,Midwest,West North Central,1097.488,9154,5283,30.02783,37
2012,46023,SD,Charles Mix County,rural,Midwest,West North Central,1097.488,9189,5332,557,42
2012,46023,,,,,,,,,30.95834,
2013,46023,SD,Charles Mix County,rural,Midwest,West North Central,1097.488,9195,5324,31.70706,42
2014,46023,SD,Charles Mix County,rural,Midwest,West North Central,1097.488,9186,5260,31.70706,42
2015,46023,SD,Charles Mix County,rural,Midwest,West North Central,1097.488,9238,5272,31.70706,
2016,46023,SD,Charles Mix County,rural,Midwest,West North Central,1097.488,9361,5294,,
1970,46025,SD,Clark County,rural,Midwest,West North Central,957.604,5509,3151,0.1550384,
1971,46025,SD,Clark County,rural,Midwest,West North Central,957.604,5516,3175,0,
1971,46025,SD,Clark County,rural,Midwest,West North Central,957.604,5516,3175,0,
1972,46025,SD,Clark County,rural,Midwest,West North Central,957.604,5691,3326,0,
1973,46025,SD,Clark County,rural,Midwest,West North Central,957.604,5680,3348,0,
1974,46025,SD,Clark County,rural,Midwest,West North Central,957.604,5309,3111,0,
1975,46025,SD,Clark County,rural,Midwest,West North Central,957.604,5329,3155,0,
1976,46025,SD,Clark County,rural,Midwest,West North Central,957.604,5208,3090,0,
1977,46025,SD,Clark County,rural,Midwest,West North Central,957.604,5133,3059,0,
1978,46025,SD,Clark County,rural,Midwest,West North Central,957.604,5115,3048,1.665195,
1979,46025,SD,Clark County,rural,Midwest,West North Central,957.604,4952,2951,1.709099,
1980,46025,SD,Clark County,rural,Midwest,West North Central,957.604,4877,2891,1.794341,
1981,46025,SD,Clark County,rural,Midwest,West North Central,957.604,4785,2816,1.858831,
1982,46025,SD,Clark County,rural,Midwest,West North Central,957.604,4793,2798,1.941459,
1983,46025,SD,Clark County,rural,Midwest,West North Central,957.604,4876,2823,2.061336,
1984,46025,SD,Clark County,rural,Midwest,West North Central,957.604,4873,2801,2.12323,
1984,46025,SD,Clark County,rural,Midwest,West North Central,957.604,4873,2801,2.12323,
1985,46025,SD,Clark County,rural,Midwest,West North Central,957.604,4804,2738,2.163234,0
1986,46025,SD,Clark County,rural,Midwest,West North Central,957.604,4705,2659,2.192329,
1987,46025,SD,Clark County,  RURAL ,Midwest,West North Central,957.604,4695,2641,2.259679,
1988,46025,SD,Clark County,rural,Midwest,West North Central,957.604,4552,2535,2.267655,
1989,46025,SD,Clark County,rural,Midwest,West North Central,957.604,4477,2465,2.625059,
1990,46025,SD,Clark County, rural,Midwest,West North Central,957.604,4388,2417,2.982686,
1990,46025,SD,Clark County, rural,Midwest,West North Central,957.604,4388,2417,2.982686,
1991,46025,SD,Clark County,rural,Midwest,West North Central,957.604,4326,2372,3.314838,5
1992,46025,SD,Clark County,rural,Midwest,West North Central,957.604,4350,2384,3.687224,5
1993,46025,SD,Clark County,rural,Midwest,West North Central,957.604,4321,2369,3.931509,12
1994,46025,SD,Clark County,rural,Midwest,West North Central,957.604,4312,2385,5.021125,14
1995,46025,SD,Clark County,rural,Midwest,West North Central,957.604,4319,2414,6.133862,11
1996,46025,SD,Clark County,rural,Midwest,West North Central,957.604,4279,2420,7.150824,9
1997,46025,SD,Clark County,rural,Midwest,West North Central,957.604,4282,2445,8.243111,7
1998,46025,SD,Clark County,rural,Midwest,West North Central,957.604,4238,2411,9.225095,6
1999,46025,SD,Clark County,rural,Midwest,West North Central,957.604,4187,2385,10.16541,5
2000,46025,SD,Clark County,  RURAL ,Midwest,West North Central,957.604,4129,2358,4.367546,8
2001,46025,SD,Clark County,rural,Midwest,West North Central,957.604,4144,2388,4.405904,11
2002,46025,SD,Clark County,rural,Midwest,West North Central,957.604,4003,2299,4.333735,9
2003,46025,SD,Clark County,rural,Midwest,West North Central,957.604,3958,2297,4.503741,10
2004,46025,SD,Clark County,rural,Midwest,West North Central,957.604,3897,2281,4.924399,9
2004,46025,SD,Clark County,rural,Midwest,West North Central,957.604,3897,2281,4.924399,9
2005,46025,SD,Clark County,rural,Midwest,West North Central,957.604,3827,2253,4.559824,12
2006,46025,SD,Clark County,rural,Midwest,West North Central,957.604,3713,2186,4.474382,11
2007,46025,SD,Clark County,rural,Midwest,West North Central,957.604,3711,2162,4.458037,13
2008,46025,SD,Clark County,rural,Midwest,West North Central,957.604,3714,2161,4.520524,10
2009,46025,SD,Clark County,rural,Midwest,West North Central,957.604,3688,2182,4.616959,5
2010,46025,SD,Clark County,rural,Midwest,West North Central,957.604,3691,2168,4.666058,4
2011,46025,SD,Clark County,rural,Midwest,West North Central,957.604,3698,2169,4.58984,5
2012,46025,SD,Clark County,rural,Midwest,West North Central,957.604,3588,2116,4.658319,5
2013,46025,SD,Clark County,rural,Midwest,West North Central,957.604,3579,2126,4.769237,5
2014,46025,SD,Clark County,rural,Midwest,West North Central,957.604,3619,2146,4.769237,5
2015,46025,SD,Clark County,rural,Midwest,West North Central,957.604,3641,2163,4.769237,
2016,46025,SD,Clark County,rural,Midwest,West North Central,957.604,3644,2122,,
1970,46027,SD,Clay County,rural  ,Midwest,West North Central,412.031,12827,8948,0,
1971,46027,SD,Clay County,RURAL,Midwest,West North Central,412.031,12447,8751,0,
1972,46027,SD,Clay County, rural,Midwest,West North Central,412.031,12702,8993,0,
1973,46027,SD,Clay County,rural,Midwest,West North Central,412.031,13018,9279,0,
1974,46027,SD,Clay County,rural,Midwest,West North Central,412.031,13071,9356,0,
1975,46027,SD,Clay County,rural,Midwest,West North Central,412.031,13151,9453,0,
1976,46027,SD,Clay County,Rural,Midwest,West North Central,412.031,13503,9799,0,
1977,46027,SD,Clay County,Rural,Midwest,West North Central,412.031,13527,9850,0,
1978,46027,SD,Clay County,rural,Midwest,West North Central,412.031,13210,9648,0,
1979,46027,SD,Clay County,rural  ,Midwest,West North Central,412.031,13312,9723,0,
1980,46027,SD,Clay County,rural,Midwest,West North Central,412.031,13712,10056,0,
1981,46027,SD,Clay County,rural,Midwest,West North Central,412.031,13748,10093,0,
1982,46027,SD,Clay County,rural,Midwest,West North Central,412.031,13786,10110,0,
1983,46027,SD,Clay County,  RURAL ,Midwest,West North Central,412.031,13735,10068,1.321347,9
1984,46027,SD,Clay County,rural,Midwest,West North Central,412.031,13333,9766,1.57495,10
1985,46027,SD,Clay County,rural,Midwest,West North Central,412.031,13159,9619,1.846384,11
1985,46027,SD,Clay County,rural,Midwest,West North Central,412.031,13159,9619,1.846384,11
1986,46027,SD,Clay County,rural,Midwest,West North Central,412.031,12916,9419,2.113068,13.6
1987,46027,SD,Clay County,  RURAL ,Midwest,West North Central,412.031,12978,9451,2.385445,16.2
1988,46027,SD,Clay County,rural,Midwest,West North Central,412.031,13122,9514,2.662562,18.8
1989,46027,SD,Clay County,rural,Midwest,West North Central,412.031,13201,9538,3.076343,21.4
1990,46027,SD,Clay County,rural,Midwest,West North Central,412.031,13193,9526,3.479817,24
1991,46027,SD,Clay County,rural,Midwest,West North Central,412.031,13234,9596,3.902454,24
1992,46027,SD,Clay County,rural,Midwest,West North Central,412.031,13397,9742,4.312408,28
1993,46027,SD,Clay County, rural,Midwest,West North Central,412.031,13632,9955,4.737576,24
1994,46027,SD,Clay County,rural,Midwest,West North Central,412.031,13782,10084,5.536314,32
1994,46027,SD,Clay County,rural,Midwest,West North Central,412.031,13782,10084,5.536314,32
1995,46027,SD,Clay County,rural,Midwest,West North Central,412.031,13888,10189,6.304517,30
1996,46027,SD,Clay County,rural,Midwest,West North Central,412.031,13658,10040,7.011173,25
1997,46027,SD,Clay County,rural,Midwest,West North Central,412.031,13597,10026,7.76848,23
1998,46027,SD,Clay County,rural,Midwest,West North Central,412.031,13629,10096,8.545962,23
1999,46027,SD,Clay County,rural,Midwest,West North Central,412.031,13645,10149,9.302475,26
2000,46027,SD,Clay County,rural,Midwest,West North Central,412.031,13510,10045,9.111857,23
2001,46027,SD,Clay County,rural,Midwest,West North Central,412.031,13627,10120,9.025494,25
2002,46027,SD,Clay County,RURAL,Midwest,West North Central,412.031,13505,10104,8.919958,32
2003,46027,SD,Clay County,rural,Midwest,West North Central,412.031,13536,10138,8.794621,36
2004,46027,SD,Clay County,rural,Midwest,West North Central,412.031,13449,10078,8.671656,40
2005,46027,SD,Clay County,rural,Midwest,West North Central,412.031,13517,10183,8.61562,33
2006,46027,SD,Clay County,RURAL,Midwest,West North Central,412.031,13627,10254,8.739204,32
2007,46027,SD,Clay County,rural,Midwest,West North Central,412.031,13785,10381,8.866073,26
2008,46027,SD,Clay County,rural,Midwest,West North Central,412.031,13959,10459,8.964952,26
2009,46027,SD,Clay County,rural,Midwest,West North Central,412.031,13846,10392,9.050513,32
2009,46027,SD,Clay County,rural,Midwest,West North Central,412.031,13846,10392,9.050513,32
2010,46027,SD,Clay County,rural,Midwest,West North Central,412.031,13868,10404,9.109641,34
2011,46027,SD,Clay County,rural,Midwest,West North Central,412.031,13830,10388,9.235441,30
2012,46027,SD,Clay County,rural,Midwest,West North Central,412.031,13987,10517,9.356876,33
2012,46027,SD,Clay County,rural,Midwest,West North Central,412.031,13987,10517,9.356876,33
2013,46027,SD,Clay County,rural  ,Midwest,West North Central,412.031,14047,10554,9.386879,33
2014,46027,SD,Clay County,rural,Midwest,West North Central,412.031,13914,10373,9.386879,33
2015,46027,SD,Clay County,rural  ,Midwest,West North Central,412.031,13901,10251,9.386879,
2016,46027,SD,Clay County,rural,Midwest,West North Central,412.031,13790,10188,,
1970,46029,SD,Codington County,Rural,Midwest,West North Central,687.585,19225,11027,0.5425605,
1971,46029,SD,Codington County,rural,Midwest,West North Central,687.585,19528,11322,0,
1972,46029,SD,Codington County,rural,Midwest,West North Central,687.585,19407,11364,0,
1973,46029,SD,Codington County,Rural,Midwest,West North Central,687.585,19997,11890,0,
1973,46029,SD,Codington County,Rural,Midwest,West North Central,687.585,19997,11890,0,
1974,46029,SD,Codington County,rural,Midwest,West North Central,687.585,20169,12146,0,
1975,46029,SD,Codington County,rural,Midwest,West North Central,687.585,20524,12518,0,
1976,46029,SD,Codington County,rural,Midwest,West North Central,687.585,20984,12899,0,
1976,46029,SD,Codington County,rural,Midwest,West North Central,687.585,20984,12899,0,
1977,46029,SD,Codington County,rural,Midwest,West North Central,687.585,20908,12889,0,
1978,46029,SD,Codington County,rural,Midwest,West North Central,687.585,20777,12860,7.025723,
1979,46029,SD,Codington County,rural,Midwest,West North Central,687.585,20901,12984,7.519804,
1980,46029,SD,Codington County,  RURAL ,Midwest,West North Central,687.585,20953,13000,8.068639,
1981,46029,SD,Codington County,rural,Midwest,West North Central,687.585,21107,13054,8.616897,
1982,46029,SD,Codington County,rural,Midwest,West North Central,687.585,21479,13214,9.168849,
1983,46029,SD,Codington County,rural,Midwest,West North Central,687.585,21612,13245,9.671412,29
1984,46029,SD,Codington County,rural,Midwest,West North Central,687.585,21758,13293,10.07643,30
1985,46029,SD,Codington County,rural,Midwest,West North Central,687.585,21983,13374,10.5665,19
1986,46029,SD,Codington County,rural,Midwest,West North Central,687.585,22093,13388,11.03832,26
1987,46029,SD,Codington County,rural,Midwest,West North Central,687.585,22188,13413,11.47636,33
1988,46029,SD,Codington County,rural,Midwest,West North Central,687.585,22181,13331,11.92509,40
1989,46029,SD,Codington County,  RURAL ,Midwest,West North Central,687.585,22550,13470,14.34464,47
1990,46029,SD,Codington County,rural,Midwest,West North Central,687.585,22793,13591,16.7719,54
1991,46029,SD,Codington County,rural,Midwest,West North Central,687.585,23011,13721,19.17491,54
1992,46029,SD,Codington County,rural,Midwest,West North Central,687.585,23411,13978,21.61913,62
1993,46029,SD,Codington County,rural,Midwest,West North Central,687.585,24137,14566,24.17322,67
1994,46029,SD,Codington County,rural,Midwest,West North Central,687.585,24736,15128,31.84888,71
1995,46029,SD,Codington County,rural,Midwest,West North Central,687.585,25078,15503,39.3924,73
1996,46029,SD,Codington County,rural,Midwest,West North Central,687.585,25410,15923,47.05065,88
1997,46029,SD,Codington County,Rural,Midwest,West North Central,687.585,25814,16258,54.81247,91
1997,46029,SD,Codington County,Rural,Midwest,West North Central,687.585,25814,16258,54.81247,91
1998,46029,SD,Codington County,rural,Midwest,West North Central,687.585,25855,16375,62.65489,90
1999,46029,SD,Codington County,rural,Midwest,West North Central,687.585,25864,16489,70.27988,103
2000,46029,SD,Codington County,rural,Midwest,West North Central,687.585,25950,16624,30.79138,105
2001,46029,SD,Codington County,rural,Midwest,West North Central,687.585,26033,16678,30.77122,102
2002,46029,SD,Codington County,rural,Midwest,West North Central,687.585,26100,16762,31.59724,108
2003,46029,SD,Codington County,Rural,Midwest,West North Central,687.585,26184,16853,33.04378,102
2004,46029,SD,Codington County,rural,Midwest,West North Central,687.585,26254,16891,36.4656,113
2005,46029,SD,Codington County,rural,Midwest,West North Central,687.585,26364,17017,34.44053,122
2006,46029,SD,Codington County,rural,Midwest,West North Central,687.585,26754,17242,35.29154,124
2007,46029,SD,Codington County,Rural,Midwest,West North Central,687.585,27036,17460,36.00246,125
2008,46029,SD,Codington County,RURAL,Midwest,West North Central,687.585,27043,17461,36.52608,108
2009,46029,SD,Codington County,rural,Midwest,West North Central,687.585,27137,17519,37.06897,89
2009,46029,SD,Codington County,rural,Midwest,West North Central,687.585,27137,17519,37.06897,89
2010,46029,SD,Codington County,rural,Midwest,West North Central,687.585,27225,17514,37.69865,92
2011,46029,SD,Codington County,rural,Midwest,West North Central,687.585,27214,17507,38.44725,97
2012,46029,SD,Codington County,rural,Midwest,West North Central,687.585,27423,17691,39.09991,88
2012,46029,SD,Codington County,rural,Midwest,West North Central,687.585,27423,17691,39.09991,88
2013,46029,SD,Codington County,rural,Midwest,West North Central,687.585,27599,17754,39.89121,88
2014,46029,SD,Codington County,rural,Midwest,West North Central,687.585,27850,17852,39.89121,88
2015,46029,SD,Codington County,rural,Midwest,West North Central,687.585,27946,17857,39.89121,
2016,46029,SD,Codington County,rural  ,Midwest,West North Central,687.585,27887,17723,,
1970,46031,SD,Corson County,rural,Midwest,West North Central,2469.694,5016,2704,7,
1971,46031,SD,Corson County,rural,Midwest,West North Central,2469.694,5143,2809,6.722222,
1972,46031,SD,Corson County,rural,Midwest,West North Central,2469.694,5113,2836,6.444445,
1973,46031,SD,Corson County,Rural,Midwest,West North Central,2469.694,5267,2974,6.166667,
1974,46031,SD,Corson County,rural,Midwest,West North Central,2469.694,5364,3069,5.888889,
1975,46031,SD,Corson County,rural,Midwest,West North Central,2469.694,5517,3200,5.611111,
1976,46031,SD,Corson County, rural,Midwest,West North Central,2469.694,5607,3297,5.333333,
1976,46031,SD,Corson County, rural,Midwest,West North Central,2469.694,5607,3297,5.333333,
1977,46031,SD,Corson County,rural,Midwest,West North Central,2469.694,5594,3311,5.055555,
1978,46031,SD,Corson County,rural,Midwest,West North Central,2469.694,5584,3343,4.777778,
1979,46031,SD,Corson County,rural  ,Midwest,West North Central,2469.694,5544,3341,4.5,
1980,46031,SD,Corson County,rural,Midwest,West North Central,2469.694,5171,3108,4.222222,
1981,46031,SD,Corson County,rural,Midwest,West North Central,2469.694,5172,3087,3.944444,
1982,46031,SD,Corson County,rural,Midwest,West North Central,2469.694,5115,3024,3.666667,
1983,46031,SD,Corson County,rural,Midwest,West North Central,2469.694,5054,2963,3.388889,
1984,46031,SD,Corson County,rural,Midwest,West North Central,2469.694,4873,2837,3.111111,
1985,46031,SD,Corson County,rural,Midwest,West North Central,2469.694,4841,2802,2.833333,
1986,46031,SD,Corson County,rural,Midwest,West North Central,2469.694,4736,2719,2.555556,
1987,46031,SD,Corson County,rural,Midwest,West North Central,2469.694,4566,2617,2.277778,
1988,46031,SD,Corson County,rural,Midwest,West North Central,2469.694,4489,2548,2,
1989,46031,SD,Corson County,rural,Midwest,West North Central,2469.694,4370,2464,2.2,
1990,46031,SD,Corson County,rural,Midwest,West North Central,2469.694,4169,2327,2.4,
1991,46031,SD,Corson County,rural,Midwest,West North Central,2469.694,4178,2315,2.6,0
1991,46031,SD,Corson County,rural,Midwest,West North Central,2469.694,4178,2315,2.6,0
1992,46031,SD,Corson County, rural,Midwest,West North Central,2469.694,4232,2323,2.8,0
1993,46031,SD,Corson County,rural,Midwest,West North Central,2469.694,4228,2325,3,
1994,46031,SD,Corson County,rural,Midwest,West North Central,2469.694,4258,2354,2.666667,
1995,46031,SD,Corson County,Rural,Midwest,West North Central,2469.694,4266,2396,2.333333,0
1996,46031,SD,Corson County,rural,Midwest,West North Central,2469.694,4282,2433,2,0
1997,46031,SD,Corson County,rural,Midwest,West North Central,2469.694,4313,2459,1.666667,0
1998,46031,SD,Corson County,rural,Midwest,West North Central,2469.694,4222,2410,1.333333,
1999,46031,SD,Corson County,rural,Midwest,West North Central,2469.694,4128,2383,1,
2000,46031,SD,Corson County,rural,Midwest,West North Central,2469.694,4194,2459,1,
2001,46031,SD,Corson County, rural,Midwest,West North Central,2469.694,4162,2478,1,5
2002,46031,SD,Corson County,rural,Midwest,West North Central,2469.694,4208,2492,1,5
2003,46031,SD,Corson County,rural,Midwest,West North Central,2469.694,4236,2513,515,7
2003,46031,,,,,,,,,1,
2004,46031,SD,Corson County,rural,Midwest,West North Central,2469.694,4256,2557,1,4
2005,46031,SD,Corson County,rural,Midwest,West North Central,2469.694,4213,2526,1,4
2005,46031,SD,Corson County,rural,Midwest,West North Central,2469.694,4213,2526,1,4
2006,46031,SD,Corson County,rural,Midwest,West North Central,2469.694,4041,2461,1,5
2007,46031,SD,Corson County, rural,Midwest,West North Central,2469.694,4118,2528,1,
2008,46031,SD,Corson County,rural,Midwest,West North Central,2469.694,4051,2476,1,
2008,46031,SD,Corson County,rural,Midwest,West North Central,2469.694,4051,2476,1,
2009,46031,SD,Corson County,rural,Midwest,West North Central,2469.694,3983,2462,1,
2010,46031,SD,Corson County,rural,Midwest,West North Central,2469.694,4047,2468,1,4
2011,46031,SD,Corson County, rural,Midwest,West North Central,2469.694,4071,2472,1,
2012,46031,SD,Corson County,rural,Midwest,West North Central,2469.694,4039,2451,1,4
2013,46031,SD,Corson County,rural,Midwest,West North Central,2469.694,4072,2475,1,4
2014,46031,SD,Corson County,rural,Midwest,West North Central,2469.694,4209,2530,1,4
2015,46031,SD,Corson County,rural,Midwest,West North Central,2469.694,4174,2503,1,
2016,46031,SD,Corson County,rural,Midwest,West North Central,2469.694,4176,2469,,
1970,46033,SD,Custer County,small/mid,Midwest,West North Central,1556.947,4738,2845,3,
1971,46033,SD,Custer County,small/mid,Midwest,West North Central,1556.947,4888,2965,0,
1972,46033,SD,Custer County,small/mid,Midwest,West North Central,1556.947,5029,3093,0,
1973,46033,SD,Custer County,small/mid,Midwest,West North Central,1556.947,5015,3110,0,
1974,46033,SD,Custer County,small/mid,Midwest,West North Central,1556.947,5011,3137,0,
1975,46033,SD,Custer County,small/mid,Midwest,West North Central,1556.947,5030,3185,0,
1976,46033,SD,Custer County,small/mid,Midwest,West North Central,1556.947,5120,3278,0,
1977,46033,SD,Custer County,small/mid,Midwest,West North Central,1556.947,5424,3514,0,
1978,46033,SD,Custer County,small/mid,Midwest,West North Central,1556.947,5477,3569,0,
1979,46033,SD,Custer County,Small/mid,Midwest,West North Central,1556.947,5649,3676,0,
1980,46033,SD,Custer County,small/mid,Midwest,West North Central,1556.947,6020,3940,0,
1981,46033,SD,Custer County,small/mid,Midwest,West North Central,1556.947,6057,3947,0,
1982,46033,SD,Custer County,small/mid,Midwest,West North Central,1556.947,6127,3958,0,
1983,46033,SD,Custer County,small/mid,Midwest,West North Central,1556.947,6183,3975,0,8
1984,46033,SD,Custer County,small/mid,Midwest,West North Central,1556.947,6447,4126,0,5
1985,46033,SD,Custer County,small/mid,Midwest,West North Central,1556.947,6535,4159,0,6
1986,46033,SD,Custer County,SMALL/MID,Midwest,West North Central,1556.947,6442,4077,0,6.8
1987,46033,SD,Custer County,small/mid,Midwest,West North Central,1556.947,6347,4004,501,7.6
1987,46033,,,,,,,,,0,
1988,46033,SD,Custer County,small/mid,Midwest,West North Central,1556.947,6331,3968,0,8.4
1989,46033,SD,Custer County,small/mid,Midwest,West North Central,1556.947,6244,3882,0,9.2
1990,46033,SD,Custer County,small/mid,Midwest,West North Central,1556.947,6166,3811,0,10
1991,46033,SD,Custer County,small/mid,Midwest,West North Central,1556.947,6176,3840,0,6
1992,46033,SD,Custer County,small/mid,Midwest,West North Central,1556.947,6365,3972,0,9
1992,46033,SD,Custer County,small/mid,Midwest,West North Central,1556.947,6365,3972,0,9
1993,46033,SD,Custer County,small/mid,Midwest,West North Central,1556.947,6468,4076,0,11
1994,46033,SD,Custer County,small/mid,Midwest,West North Central,1556.947,6699,4251,0,12
1995,46033,SD,Custer County,small/mid,Midwest,West North Central,1556.947,6782,4355,0,17
1996,46033,SD,Custer County,small/mid,Midwest,West North Central,1556.947,6877,4457,0,15
1997,46033,SD,Custer County,small/mid,Midwest,West North Central,1556.947,6975,4573,0,11
1997,46033,SD,Custer County,small/mid,Midwest,West North Central,1556.947,6975,4573,0,11
1998,46033,SD,Custer County,small/mid,Midwest,West North Central,1556.947,7015,4645,0,9
1999,46033,SD,Custer County,small/mid,Midwest,West North Central,1556.947,7141,4761,0,12
2000,46033,SD,Custer County,small/mid,Midwest,West North Central,1556.947,7345,4916,0,14
2001,46033,SD,Custer County,small/mid,Midwest,West North Central,1556.947,7368,4908,0,18
2002,46033,SD,Custer County,small/mid,Midwest,West North Central,1556.947,7499,5012,0,18
2003,46033,SD,Custer County,small/mid,Midwest,West North Central,1556.947,7588,5086,0,20
2004,46033,SD,Custer County,SMALL/MID,Midwest,West North Central,1556.947,7795,5227,0,32
2005,46033,SD,Custer County,small/mid,Midwest,West North Central,1556.947,7810,5220,0,34
2006,46033,SD,Custer County,small/mid,Midwest,West North Central,1556.947,7992,5276,0,34
2007,46033,SD,Custer County,small/mid,Midwest,West North Central,1556.947,8028,5190,0,31
2007,46033,SD,Custer County,small/mid,Midwest,West North Central,1556.947,8028,5190,0,31
2008,46033,SD,Custer County,small/mid,Midwest,West North Central,1556.947,8060,5152,0,28
2009,46033,SD,Custer County,small/mid,Midwest,West North Central,1556.947,8095,5142,0,30
2010,46033,SD,Custer County,small/mid,Midwest,West North Central,1556.947,8218,5198,0,24
2011,46033,SD,Custer County,small/mid  ,Midwest,West North Central,1556.947,8276,5232,0,42
2011,46033,SD,Custer County,small/mid  ,Midwest,West North Central,1556.947,8276,5232,0,42
2012,46033,SD,Custer County,small/mid,Midwest,West North Central,1556.947,8347,5296,0,36
2013,46033,SD,Custer County,small/mid,Midwest,West North Central,1556.947,8316,5216,0,36
2014,46033,SD,Custer County,small/mid,Midwest,West North Central,1556.947,8405,5306,0,36
2015,46033,SD,Custer County,small/mid,Midwest,West North Central,1556.947,8432,5205,0,
2016,46033,SD,Custer County,small/mid,Midwest,West North Central,1556.947,8450,5143,,
1970,46035,SD,Davison County,urban,Midwest,West North Central,435.501,17416,10010,5,
1971,46035,SD,Davison County,rural,Midwest,West North Central,435.501,17799,10359,6.375,
1972,46035,SD,Davison County, rural,Midwest,West North Central,435.501,17363,10168,7.75,
1973,46035,SD,Davison County,rural,Midwest,West North Central,435.501,17585,10439,9.125,
1974,46035,SD,Davison County,urban,Midwest,West North Central,435.501,17913,10786,10.5,
1975,46035,SD,Davison County,rural,Midwest,West North Central,435.501,17962,10933,11.875,
1975,46035,SD,Davison County,rural,Midwest,West North Central,435.501,17962,10933,11.875,
1976,46035,SD,Davison County,RURAL,Midwest,West North Central,435.501,18259,11223,13.25,
1977,46035,SD,Davison County,rural,Midwest,West North Central,435.501,17964,11044,14.625,
1978,46035,SD,Davison County,rural,Midwest,West North Central,435.501,17917,11068,16,
1979,46035,SD,Davison County,rural,Midwest,West North Central,435.501,17801,10993,14.8,
1980,46035,SD,Davison County,  RURAL ,Midwest,West North Central,435.501,17836,11014,13.6,
1981,46035,SD,Davison County,urban,Midwest,West North Central,435.501,17812,10963,12.4,
1982,46035,SD,Davison County,rural,Midwest,West North Central,435.501,17716,10838,11.2,
1983,46035,SD,Davison County,urban,Midwest,West North Central,435.501,17740,10811,10,21
1984,46035,SD,Davison County,rural,Midwest,West North Central,435.501,17899,10868,8.4,21
1985,46035,SD,Davison County,rural,Midwest,West North Central,435.501,17722,10711,6.8,14
1986,46035,SD,Davison County,urban,Midwest,West North Central,435.501,17621,10596,5.2,16.2
1987,46035,SD,Davison County,urban,Midwest,West North Central,435.501,17405,10424,3.6,18.4
1988,46035,SD,Davison County,urban,Midwest,West North Central,435.501,17516,10424,2,20.6
1989,46035,SD,Davison County,rural,Midwest,West North Central,435.501,17589,10393,3.87145,22.8
1990,46035,SD,Davison County,rural,Midwest,West North Central,435.501,17529,10317,5.918681,25
1991,46035,SD,Davison County,rural,Midwest,West North Central,435.501,17571,10357,7.937106,33
1992,46035,SD,Davison County,urban,Midwest,West North Central,435.501,17736,10449,9.933908,36
1993,46035,SD,Davison County,rural,Midwest,West North Central,435.501,17915,10608,11.94491,36
1994,46035,SD,Davison County,rural,Midwest,West North Central,435.501,17994,10763,18.82446,46
1995,46035,SD,Davison County, rural,Midwest,West North Central,435.501,18121,10981,25.79429,51
1996,46035,SD,Davison County,rural,Midwest,West North Central,435.501,18292,11243,32.831,59
1997,46035,SD,Davison County,urban,Midwest,West North Central,435.501,18432,11412,39.85025,49
1998,46035,SD,Davison County,rural,Midwest,West North Central,435.501,18467,11522,46.68333,72
1999,46035,SD,Davison County,urban,Midwest,West North Central,435.501,18720,11774,53.87708,89
2000,46035,SD,Davison County,rural,Midwest,West North Central,435.501,18763,11868,54.22797,83
2001,46035,SD,Davison County,rural,Midwest,West North Central,435.501,18868,11971,54.48723,87
2002,46035,SD,Davison County,urban,Midwest,West North Central,435.501,18862,12026,54.69764,105
2002,46035,SD,Davison County,rural,Midwest,West North Central,435.501,18862,12026,54.69764,105
2003,46035,SD,Davison County,urban,Midwest,West North Central,435.501,18907,12098,54.95543,112
2004,46035,SD,Davison County,urban,Midwest,West North Central,435.501,19104,12265,55.10009,129
2005,46035,SD,Davison County,urban,Midwest,West North Central,435.501,19126,12284,55.47734,129
2006,46035,SD,Davison County,rural,Midwest,West North Central,435.501,19404,12473,53.60415,135
2007,46035,SD,Davison County,rural,Midwest,West North Central,435.501,19351,12431,51.36777,115
2008,46035,SD,Davison County,rural,Midwest,West North Central,435.501,19318,12362,49.19379,112
2009,46035,SD,Davison County,rural,Midwest,West North Central,435.501,19377,12347,47.08282,107
2010,46035,SD,Davison County,rural,Midwest,West North Central,435.501,19504,12352,45.12605,106
2011,46035,SD,Davison County,rural,Midwest,West North Central,435.501,19485,12347,42.94603,118
2012,46035,SD,Davison County,rural,Midwest,West North Central,435.501,19574,12464,40.81749,114
2013,46035,SD,Davison County,urban,Midwest,West North Central,435.501,19742,12561,38.66283,114
2014,46035,SD,Davison County,urban,Midwest,West North Central,435.501,19741,12565,38.66283,114
2015,46035,SD,Davison County, rural,Midwest,West North Central,435.501,19769,12526,38.66283,
2016,46035,SD,Davison County,rural,Midwest,West North Central,435.501,19720,12390,,
1970,46037,SD,Day County,rural,Midwest,West North Central,1027.868,8743,4760,6,
1971,46037,SD,Day County,rural,Midwest,West North Central,1027.868,8877,4887,5.923077,
1972,46037,SD,Day County,rural,Midwest,West North Central,1027.868,8788,4879,5.846154,
1973,46037,SD,Day County,RURAL,Midwest,West North Central,1027.868,8707,4878,5.769231,
1974,46037,SD,Day County,rural,Midwest,West North Central,1027.868,8615,4857,5.692307,
1975,46037,SD,Day County,Rural,Midwest,West North Central,1027.868,8492,4809,5.615385,
1976,46037,SD,Day County,rural,Midwest,West North Central,1027.868,8400,4787,5.538462,
1977,46037,SD,Day County,rural,Midwest,West North Central,1027.868,8427,4812,5.461538,
1978,46037,SD,Day County, rural,Midwest,West North Central,1027.868,8350,4783,5.384615,
1979,46037,SD,Day County,rural,Midwest,West North Central,1027.868,8119,4638,5.307693,
1980,46037,SD,Day County,RURAL,Midwest,West North Central,1027.868,8117,4659,5.230769,
1981,46037,SD,Day County,rural,Midwest,West North Central,1027.868,8020,4583,5.153846,
1982,46037,SD,Day County,rural,Midwest,West North Central,1027.868,7939,4508,5.076923,
1983,46037,SD,Day County,rural,Midwest,West North Central,1027.868,7839,4428,5,4
1984,46037,SD,Day County,RURAL,Midwest,West North Central,1027.868,7738,4352,4.8,7
1985,46037,SD,Day County,rural,Midwest,West North Central,1027.868,7631,4269,4.6,
1986,46037,SD,Day County,rural,Midwest,West North Central,1027.868,7572,4205,4.4,3.2
1987,46037,SD,Day County,rural,Midwest,West North Central,1027.868,7363,4080,557,4.4
1987,46037,,,,,,,,,4.2,
1988,46037,SD,Day County, rural,Midwest,West North Central,1027.868,7239,3980,4,5.6
1989,46037,SD,Day County,rural,Midwest,West North Central,1027.868,7102,3872,4,6.8
1990,46037,SD,Day County,rural,Midwest,West North Central,1027.868,6967,3772,4,8
1991,46037,SD,Day County,rural,Midwest,West North Central,1027.868,6937,3753,4,7
1991,46037,SD,Day County,rural,Midwest,West North Central,1027.868,6937,3753,4,7
1992,46037,SD,Day County,rural  ,Midwest,West North Central,1027.868,6868,3700,4,6
1992,46037,SD,Day County,rural  ,Midwest,West North Central,1027.868,6868,3700,4,6
1993,46037,SD,Day County,rural,Midwest,West North Central,1027.868,6846,3722,557,7
1993,46037,,,,,,,,,4,
1994,46037,SD,Day County,RURAL,Midwest,West North Central,1027.868,6832,3759,4.666667,8
1995,46037,SD,Day County,rural,Midwest,West North Central,1027.868,6770,3767,5.333333,9
1996,46037,SD,Day County,rural,Midwest,West North Central,1027.868,6638,3728,6,5
1996,46037,SD,Day County,rural,Midwest,West North Central,1027.868,6638,3728,6,5
1997,46037,SD,Day County,rural,Midwest,West North Central,1027.868,6567,3700,6.666667,10
1998,46037,SD,Day County,rural,Midwest,West North Central,1027.868,6527,3690,7.333333,11
1999,46037,SD,Day County,rural,Midwest,West North Central,1027.868,6315,3541,8,17
2000,46037,SD,Day County,rural,Midwest,West North Central,1027.868,6226,3504,7.666667,16
2001,46037,SD,Day County,rural,Midwest,West North Central,1027.868,6090,3470,7.333333,15
2002,46037,SD,Day County,rural,Midwest,West North Central,1027.868,6040,3487,7,20
2003,46037,SD,Day County,rural,Midwest,West North Central,1027.868,5929,3477,6.666667,16
2004,46037,SD,Day County,rural,Midwest,West North Central,1027.868,5879,3493,6.333333,14
2005,46037,SD,Day County,rural,Midwest,West North Central,1027.868,5872,3512,6,20
2006,46037,SD,Day County,rural,Midwest,West North Central,1027.868,5805,3489,5.875,13
2006,46037,SD,Day County,rural,Midwest,West North Central,1027.868,5805,3489,5.875,13
2007,46037,SD,Day County,rural,Midwest,West North Central,1027.868,5752,3455,5.75,15
2008,46037,SD,Day County,rural,Midwest,West North Central,1027.868,5638,3369,5.625,16
2009,46037,SD,Day County,rural,Midwest,West North Central,1027.868,5653,3380,5.5,18
2010,46037,SD,Day County,rural,Midwest,West North Central,1027.868,5710,3383,5.375,17
2011,46037,SD,Day County,rural,Midwest,West North Central,1027.868,5709,3385,5.25,23
2012,46037,SD,Day County,rural  ,Midwest,West North Central,1027.868,5741,3386,5.125,18
2013,46037,SD,Day County,rural,Midwest,West North Central,1027.868,5592,3279,5,18
2014,46037,SD,Day County,rural,Midwest,West North Central,1027.868,5578,3236,5,18
2015,46037,SD,Day County,rural,Midwest,West North Central,1027.868,5505,3193,5,
2016,46037,SD,Day County,rural  ,Midwest,West North Central,1027.868,5501,3144,,
1970,46039,SD,Deuel County,rural,Midwest,West North Central,622.689,5669,3159,0.155432,
1971,46039,SD,Deuel County,RURAL,Midwest,West North Central,622.689,5598,3124,0,
1971,46039,SD,Deuel County,RURAL,Midwest,West North Central,622.689,5598,3124,0,
1972,46039,SD,Deuel County,rural,Midwest,West North Central,622.689,5615,3160,0,
1973,46039,SD,Deuel County,rural,Midwest,West North Central,622.689,5683,3226,0,
1974,46039,SD,Deuel County,rural,Midwest,West North Central,622.689,5575,3181,0,
1975,46039,SD,Deuel County,rural,Midwest,West North Central,622.689,5621,3245,0,
1976,46039,SD,Deuel County,rural,Midwest,West North Central,622.689,5453,3177,0,
1977,46039,SD,Deuel County,RURAL,Midwest,West North Central,622.689,5302,3085,0,
1978,46039,SD,Deuel County,rural,Midwest,West North Central,622.689,5312,3120,1.70453,
1979,46039,SD,Deuel County,rural,Midwest,West North Central,622.689,5387,3178,1.840568,
1980,46039,SD,Deuel County,rural,Midwest,West North Central,622.689,5279,3118,1.935232,
1981,46039,SD,Deuel County,rural,Midwest,West North Central,622.689,5233,3085,2.036397,
1982,46039,SD,Deuel County,rural,Midwest,West North Central,622.689,5209,3055,2.119785,
1983,46039,SD,Deuel County,rural,Midwest,West North Central,622.689,5112,2992,2.184739,
1983,46039,SD,Deuel County,rural,Midwest,West North Central,622.689,5112,2992,2.184739,
1984,46039,SD,Deuel County,  RURAL ,Midwest,West North Central,622.689,5058,2957,2.241481,
1985,46039,SD,Deuel County,rural,Midwest,West North Central,622.689,4879,2844,2.246982,
1985,46039,SD,Deuel County,rural,Midwest,West North Central,622.689,4879,2844,2.246982,
1986,46039,SD,Deuel County,rural,Midwest,West North Central,622.689,4750,2759,2.274779,
1987,46039,SD,Deuel County,rural,Midwest,West North Central,622.689,4621,2682,2.294759,
1988,46039,SD,Deuel County,rural,Midwest,West North Central,622.689,4589,2654,2.374105,
1988,46039,SD,Deuel County,rural,Midwest,West North Central,622.689,4589,2654,2.374105,
1989,46039,SD,Deuel County,rural,Midwest,West North Central,622.689,4546,2616,2.785864,
1990,46039,SD,Deuel County,rural,Midwest,West North Central,622.689,4522,2590,3.196176,
1991,46039,SD,Deuel County,rural,Midwest,West North Central,622.689,4512,2581,3.606912,
1992,46039,SD,Deuel County,RURAL,Midwest,West North Central,622.689,4497,2545,3.936235,
1993,46039,SD,Deuel County,rural,Midwest,West North Central,622.689,4541,2586,4.291635,
1994,46039,SD,Deuel County,rural,Midwest,West North Central,622.689,4502,2570,5.410605,5
1995,46039,SD,Deuel County,rural,Midwest,West North Central,622.689,4506,2586,6.570906,5
1995,46039,SD,Deuel County,rural,Midwest,West North Central,622.689,4506,2586,6.570906,5
1996,46039,SD,Deuel County,rural,Midwest,West North Central,622.689,4553,2646,7.818628,8
1997,46039,SD,Deuel County,RURAL,Midwest,West North Central,622.689,4541,2651,8.937622,7
1998,46039,SD,Deuel County,rural,Midwest,West North Central,622.689,4521,2641,10.10513,8
1999,46039,SD,Deuel County,rural,Midwest,West North Central,622.689,4484,2618,11.15851,11
1999,46039,SD,Deuel County,rural,Midwest,West North Central,622.689,4484,2618,11.15851,11
2000,46039,SD,Deuel County,rural,Midwest,West North Central,622.689,4495,2650,4.908395,7
2001,46039,SD,Deuel County,  RURAL ,Midwest,West North Central,622.689,4482,2638,4.867159,9
2002,46039,SD,Deuel County,rural,Midwest,West North Central,622.689,4473,2668,571,9
2002,46039,,,,,,,,,5.029319,
2003,46039,SD,Deuel County,rural,Midwest,West North Central,622.689,4402,2634,5.164499,11
2004,46039,SD,Deuel County,rural,Midwest,West North Central,622.689,4345,2622,5.660576,7
2005,46039,SD,Deuel County,rural,Midwest,West North Central,622.689,4389,2658,5.379499,6
2006,46039,SD,Deuel County,  RURAL ,Midwest,West North Central,622.689,4394,2674,5.473238,7
2007,46039,SD,Deuel County,rural,Midwest,West North Central,622.689,4344,2669,5.503469,7
2008,46039,SD,Deuel County,Rural,Midwest,West North Central,622.689,4394,2693,5.633397,7
2009,46039,SD,Deuel County,rural,Midwest,West North Central,622.689,4379,2686,5.683387,13
2010,46039,SD,Deuel County,rural,Midwest,West North Central,622.689,4364,2689,5.759396,8
2010,46039,SD,Deuel County,rural,Midwest,West North Central,622.689,4364,2689,5.759396,8
2011,46039,SD,Deuel County,  RURAL ,Midwest,West North Central,622.689,4350,2676,5.805245,9
2012,46039,SD,Deuel County,Rural,Midwest,West North Central,622.689,4351,2668,5.8857,7
2013,46039,SD,Deuel County,rural,Midwest,West North Central,622.689,4352,2666,5.824595,7
2014,46039,SD,Deuel County,rural,Midwest,West North Central,622.689,4288,2598,5.824595,7
2015,46039,SD,Deuel County,rural,Midwest,West North Central,622.689,4300,2576,5.824595,
2016,46039,SD,Deuel County,rural,Midwest,West North Central,622.689,4305,2568,,
1970,46041,SD,Dewey County,rural,Midwest,West North Central,2302.494,5175,2709,0,
1970,46041,SD,Dewey County,rural,Midwest,West North Central,2302.494,5175,2709,0,
1971,46041,SD,Dewey County,rural,Midwest,West North Central,2302.494,5174,2730,0,
1972,46041,SD,Dewey County,rural,Midwest,West North Central,2302.494,5315,2854,0,
1973,46041,SD,Dewey County,rural,Midwest,West North Central,2302.494,5338,2897,0,
1974,46041,SD,Dewey County,rural,Midwest,West North Central,2302.494,5408,2982,0,
1975,46041,SD,Dewey County, rural,Midwest,West North Central,2302.494,5401,3017,0,
1976,46041,SD,Dewey County,rural,Midwest,West North Central,2302.494,5276,2983,0,
1977,46041,SD,Dewey County,rural,Midwest,West North Central,2302.494,5170,2949,0,
1978,46041,SD,Dewey County,rural,Midwest,West North Central,2302.494,5121,2945,0,
1979,46041,SD,Dewey County,rural,Midwest,West North Central,2302.494,4984,2894,0,
1980,46041,SD,Dewey County,rural,Midwest,West North Central,2302.494,5337,3139,0,
1981,46041,SD,Dewey County,rural,Midwest,West North Central,2302.494,5379,3150,0,
1982,46041,SD,Dewey County,rural,Midwest,West North Central,2302.494,5331,3095,0,
1983,46041,SD,Dewey County,rural,Midwest,West North Central,2302.494,5446,3153,0,
1984,46041,SD,Dewey County,rural,Midwest,West North Central,2302.494,5488,3172,0,0
1985,46041,SD,Dewey County,rural,Midwest,West North Central,2302.494,5505,3168,0,0
1986,46041,SD,Dewey County,rural,Midwest,West North Central,2302.494,5457,3133,0,
1987,46041,SD,Dewey County,rural,Midwest,West North Central,2302.494,5462,3142,0,
1988,46041,SD,Dewey County,rural,Midwest,West North Central,2302.494,5519,3164,0,
1989,46041,SD,Dewey County,rural,Midwest,West North Central,2302.494,5473,3134,0,
1989,46041,SD,Dewey County,rural,Midwest,West North Central,2302.494,5473,3134,0,
1990,46041,SD,Dewey County,rural,Midwest,West North Central,2302.494,5534,3174,0,
1991,46041,SD,Dewey County,rural,Midwest,West North Central,2302.494,5609,3202,0,
1992,46041,SD,Dewey County,rural,Midwest,West North Central,2302.494,5522,3135,501,0
1992,46041,,,,,,,,,0,
1993,46041,SD,Dewey County,rural  ,Midwest,West North Central,2302.494,5670,3250,0,0
1994,46041,SD,Dewey County,rural,Midwest,West North Central,2302.494,5660,3265,0,
1995,46041,SD,Dewey County,rural,Midwest,West North Central,2302.494,5731,3338,0,
1996,46041,SD,Dewey County,rural,Midwest,West North Central,2302.494,5686,3353,0,
1997,46041,SD,Dewey County,rural,Midwest,West North Central,2302.494,5709,3369,0,
1998,46041,SD,Dewey County,rural,Midwest,West North Central,2302.494,5853,3467,0,
1999,46041,SD,Dewey County, rural,Midwest,West North Central,2302.494,5933,3537,1,
2000,46041,SD,Dewey County,rural,Midwest,West North Central,2302.494,5948,3574,1.666667,
2001,46041,SD,Dewey County,rural,Midwest,West North Central,2302.494,5907,3531,2.333333,
2002,46041,SD,Dewey County,rural,Midwest,West North Central,2302.494,5825,3539,3,
2003,46041,SD,Dewey County,rural,Midwest,West North Central,2302.494,5839,3526,3.666667,
2004,46041,SD,Dewey County,rural,Midwest,West North Central,2302.494,5722,3452,4.333333,0
2005,46041,SD,Dewey County,rural,Midwest,West North Central,2302.494,5667,3471,5,
2006,46041,SD,Dewey County,rural,Midwest,West North Central,2302.494,5537,3416,4.5,
2006,46041,SD,Dewey County,rural,Midwest,West North Central,2302.494,5537,3416,4.5,
2007,46041,SD,Dewey County,rural,Midwest,West North Central,2302.494,5402,3307,4,
2007,46041,SD,Dewey County,rural,Midwest,West North Central,2302.494,5402,3307,4,
2008,46041,SD,Dewey County,RURAL,Midwest,West North Central,2302.494,5245,3269,3.5,0
2009,46041,SD,Dewey County,rural,Midwest,West North Central,2302.494,5252,3293,3,0
2010,46041,SD,Dewey County,rural,Midwest,West North Central,2302.494,5303,3296,2.5,
2011,46041,SD,Dewey County,rural,Midwest,West North Central,2302.494,5326,3305,2,
2012,46041,SD,Dewey County,rural,Midwest,West North Central,2302.494,5398,3357,1.5,
2013,46041,SD,Dewey County,rural,Midwest,West North Central,2302.494,5531,3408,1,
2014,46041,SD,Dewey County,rural,Midwest,West North Central,2302.494,5580,3409,1,
2015,46041,SD,Dewey County,rural,Midwest,West North Central,2302.494,5660,3415,1,
2016,46041,SD,Dewey County,rural,Midwest,West North Central,2302.494,5698,3403,,
1970,46043,SD,Douglas County,rural,Midwest,West North Central,431.801,4567,2506,1.559427,
1971,46043,SD,Douglas County,rural,Midwest,West North Central,431.801,4597,2546,0.6667796,
1972,46043,SD,Douglas County,rural,Midwest,West North Central,431.801,4623,2588,0.7028365,
1973,46043,SD,Douglas County,rural,Midwest,West North Central,431.801,4508,2537,0.7303485,
1973,46043,SD,Douglas County,rural,Midwest,West North Central,431.801,4508,2537,0.7303485,
1974,46043,SD,Douglas County,rural,Midwest,West North Central,431.801,4437,2507,0.759697,
1975,46043,SD,Douglas County,rural,Midwest,West North Central,431.801,4406,2503,0.7838672,
1976,46043,SD,Douglas County,rural,Midwest,West North Central,431.801,4283,2445,0.8162863,
1977,46043,SD,Douglas County,rural,Midwest,West North Central,431.801,4327,2471,0.8617328,
1978,46043,SD,Douglas County,rural,Midwest,West North Central,431.801,4331,2473,0.9053081,
1979,46043,SD,Douglas County,rural  ,Midwest,West North Central,431.801,4287,2466,1.215677,
1980,46043,SD,Douglas County,rural,Midwest,West North Central,431.801,4163,2391,1.510423,
1981,46043,SD,Douglas County,rural,Midwest,West North Central,431.801,4084,2332,1.787887,
1982,46043,SD,Douglas County,rural,Midwest,West North Central,431.801,4044,2290,2.065189,
1982,46043,SD,Douglas County,rural,Midwest,West North Central,431.801,4044,2290,2.065189,
1983,46043,SD,Douglas County,  RURAL ,Midwest,West North Central,431.801,4020,2261,2.36692,
1984,46043,SD,Douglas County,rural,Midwest,West North Central,431.801,3972,2221,2.459644,0
1985,46043,SD,Douglas County,rural,Midwest,West North Central,431.801,3987,2220,2.600639,0
1986,46043,SD,Douglas County,rural,Midwest,West North Central,431.801,4013,2218,2.741951,
1987,46043,SD,Douglas County,rural,Midwest,West North Central,431.801,3950,2166,2.817943,
1988,46043,SD,Douglas County, rural,Midwest,West North Central,431.801,3876,2111,2.902915,
1989,46043,SD,Douglas County,Rural,Midwest,West North Central,431.801,3806,2057,3.742094,
1990,46043,SD,Douglas County,rural,Midwest,West North Central,431.801,3735,2000,4.542229,
1990,46043,SD,Douglas County,rural,Midwest,West North Central,431.801,3735,2000,4.542229,
1991,46043,SD,Douglas County,rural,Midwest,West North Central,431.801,3689,1977,5.369211,
1991,46043,SD,Douglas County,rural,Midwest,West North Central,431.801,3689,1977,5.369211,
1992,46043,SD,Douglas County,rural,Midwest,West North Central,431.801,3660,1946,6.089034,
1993,46043,SD,Douglas County,rural,Midwest,West North Central,431.801,3633,1939,6.844818,
1994,46043,SD,Douglas County,rural,Midwest,West North Central,431.801,3604,1940,6.830024,
1995,46043,SD,Douglas County,rural,Midwest,West North Central,431.801,3582,1951,6.745264,
1996,46043,SD,Douglas County,rural,Midwest,West North Central,431.801,3596,1983,6.756849,
1997,46043,SD,Douglas County,RURAL,Midwest,West North Central,431.801,3571,1968,585,
1997,46043,,,,,,,,,6.726825,
1998,46043,SD,Douglas County,rural,Midwest,West North Central,431.801,3522,1962,6.750619,
1999,46043,SD,Douglas County,rural,Midwest,West North Central,431.801,3535,1983,6.897871,
2000,46043,SD,Douglas County,rural,Midwest,West North Central,431.801,3439,1922,7.038335,
2001,46043,SD,Douglas County,rural,Midwest,West North Central,431.801,3419,1934,7.478313,4
2002,46043,SD,Douglas County,  RURAL ,Midwest,West North Central,431.801,3351,1918,7.759766,
2003,46043,SD,Douglas County,rural,Midwest,West North Central,431.801,3295,1894,8.026172,
2004,46043,SD,Douglas County,rural,Midwest,West North Central,431.801,3280,1886,8.347076,
2005,46043,SD,Douglas County,rural,Midwest,West North Central,431.801,3242,1888,8.643729,9
2006,46043,SD,Douglas County,rural,Midwest,West North Central,431.801,3131,1824,8.726202,6
2007,46043,SD,Douglas County,rural,Midwest,West North Central,431.801,3080,1781,8.922719,4
2008,46043,SD,Douglas County,rural,Midwest,West North Central,431.801,3006,1735,9.049416,7
2009,46043,SD,Douglas County,rural,Midwest,West North Central,431.801,3017,1737,9.369606,4
2010,46043,SD,Douglas County,rural,Midwest,West North Central,431.801,3000,1731,9.514226,5
2011,46043,SD,Douglas County,rural,Midwest,West North Central,431.801,2994,1726,9.722171,4
2012,46043,SD,Douglas County,rural,Midwest,West North Central,431.801,2974,1726,9.91666,
2013,46043,SD,Douglas County,rural,Midwest,West North Central,431.801,2948,1705,10.29294,
2014,46043,SD,Douglas County,rural,Midwest,West North Central,431.801,2976,1707,10.29294,
2014,46043,SD,Douglas County,rural,Midwest,West North Central,431.801,2976,1707,10.29294,
2015,46043,SD,Douglas County,rural,Midwest,West North Central,431.801,2931,1662,10.29294,
2016,46043,SD,Douglas County,rural,Midwest,West North Central,431.801,2952,1662,,
1970,46045,SD,Edmunds County,rural,Midwest,West North Central,1125.959,5582,3056,0,
1971,46045,SD,Edmunds County,rural,Midwest,West North Central,1125.959,5713,3146,0,
1972,46045,SD,Edmunds County,rural,Midwest,West North Central,1125.959,5723,3174,0,
1973,46045,SD,Edmunds County,rural,Midwest,West North Central,1125.959,5796,3239,0,
1974,46045,SD,Edmunds County,rural,Midwest,West North Central,1125.959,5659,3165,0,
1975,46045,SD,Edmunds County,rural,Midwest,West North Central,1125.959,5700,3214,0,
1976,46045,SD,Edmunds County,rural,Midwest,West North Central,1125.959,5686,3232,0,
1977,46045,SD,Edmunds County,rural,Midwest,West North Central,1125.959,5556,3174,0,
1978,46045,SD,Edmunds County,rural,Midwest,West North Central,1125.959,5475,3131,0,
1979,46045,SD,Edmunds County,rural,Midwest,West North Central,1125.959,5287,3035,0,
1980,46045,SD,Edmunds County,rural,Midwest,West North Central,1125.959,5136,2947,0,
1981,46045,SD,Edmunds County,rural,Midwest,West North Central,1125.959,5035,2880,0,
1982,46045,SD,Edmunds County,rural,Midwest,West North Central,1125.959,4917,2798,0,
1983,46045,SD,Edmunds County,rural,Midwest,West North Central,1125.959,4868,2755,2,
1984,46045,SD,Edmunds County,rural,Midwest,West North Central,1125.959,4843,2737,1.8,
1985,46045,SD,Edmunds County,rural,Midwest,West North Central,1125.959,4866,2742,1.6,0
1986,46045,SD,Edmunds County,rural,Midwest,West North Central,1125.959,4795,2694,1.4,
1987,46045,SD,Edmunds County,rural,Midwest,West North Central,1125.959,4759,2668,1.2,
1988,46045,SD,Edmunds County,rural,Midwest,West North Central,1125.959,4564,2547,1,
1989,46045,SD,Edmunds County,rural,Midwest,West North Central,1125.959,4431,2457,1.6,
1990,46045,SD,Edmunds County,rural,Midwest,West North Central,1125.959,4345,2396,2.2,
1991,46045,SD,Edmunds County,rural,Midwest,West North Central,1125.959,4292,2357,2.8,
1992,46045,SD,Edmunds County,rural,Midwest,West North Central,1125.959,4343,2364,3.4,
1993,46045,SD,Edmunds County,rural,Midwest,West North Central,1125.959,4335,2367,4,5
1993,46045,SD,Edmunds County,rural,Midwest,West North Central,1125.959,4335,2367,4,5
1994,46045,SD,Edmunds County,rural,Midwest,West North Central,1125.959,4342,2379,3.833333,
1995,46045,SD,Edmunds County,rural,Midwest,West North Central,1125.959,4463,2469,3.666667,
1995,46045,SD,Edmunds County,rural,Midwest,West North Central,1125.959,4463,2469,3.666667,
1996,46045,SD,Edmunds County,rural,Midwest,West North Central,1125.959,4494,2513,3.5,
1997,46045,SD,Edmunds County, rural,Midwest,West North Central,1125.959,4367,2430,3.333333,
1998,46045,SD,Edmunds County,rural,Midwest,West North Central,1125.959,4376,2438,3.166667,
1998,46045,SD,Edmunds County,rural,Midwest,West North Central,1125.959,4376,2438,3.166667,
1999,46045,SD,Edmunds County,  RURAL ,Midwest,West North Central,1125.959,4367,2442,3,
2000,46045,SD,Edmunds County,rural,Midwest,West North Central,1125.959,4353,2440,3,
2001,46045,SD,Edmunds County,rural,Midwest,West North Central,1125.959,4299,2476,3,
2002,46045,SD,Edmunds County,rural,Midwest,West North Central,1125.959,4230,2451,3,
2003,46045,SD,Edmunds County,rural,Midwest,West North Central,1125.959,4196,2446,3,
2004,46045,SD,Edmunds County,rural,Midwest,West North Central,1125.959,4111,2382,3,4
2004,46045,SD,Edmunds County,rural,Midwest,West North Central,1125.959,4111,2382,3,4
2005,46045,SD,Edmunds County,rural,Midwest,West North Central,1125.959,4128,2398,3,6
2006,46045,SD,Edmunds County,rural,Midwest,West North Central,1125.959,4043,2361,543,4
2006,46045,,,,,,,,,3,
2007,46045,SD,Edmunds County,rural,Midwest,West North Central,1125.959,4026,2380,3,5
2008,46045,SD,Edmunds County,rural,Midwest,West North Central,1125.959,4050,2423,3,8
2009,46045,SD,Edmunds County,rural,Midwest,West North Central,1125.959,4038,2388,3,4
2010,46045,SD,Edmunds County,rural,Midwest,West North Central,1125.959,4071,2410,3,5
2011,46045,SD,Edmunds County,  RURAL ,Midwest,West North Central,1125.959,4065,2417,3,5
2012,46045,SD,Edmunds County,rural,Midwest,West North Central,1125.959,4041,2409,543,
2012,46045,,,,,,,,,3,
2013,46045,SD,Edmunds County,rural,Midwest,West North Central,1125.959,4011,2390,3,
2014,46045,SD,Edmunds County,rural,Midwest,West North Central,1125.959,4026,2405,3,
2015,46045,SD,Edmunds County,rural,Midwest,West North Central,1125.959,3973,2379,3,
2016,46045,SD,Edmunds County,rural,Midwest,West North Central,1125.959,3997,2369,,
1970,46047,SD,Fall River County,rural,Midwest,West North Central,1739.864,7595,4294,5,
1971,46047,SD,Fall River County,rural,Midwest,West North Central,1739.864,7977,4608,6.5,
1972,46047,SD,Fall River County,rural,Midwest,West North Central,1739.864,8126,4766,8,
1973,46047,SD,Fall River County,rural,Midwest,West North Central,1739.864,7928,4669,9.5,
1974,46047,SD,Fall River County,rural,Midwest,West North Central,1739.864,7936,4731,11,
1975,46047,SD,Fall River County,rural,Midwest,West North Central,1739.864,7738,4638,12.5,
1976,46047,SD,Fall River County,rural,Midwest,West North Central,1739.864,7940,4776,14,
1977,46047,SD,Fall River County,rural,Midwest,West North Central,1739.864,8393,5118,15.5,
1978,46047,SD,Fall River County,rural,Midwest,West North Central,1739.864,8352,5072,17,
1979,46047,SD,Fall River County,  RURAL ,Midwest,West North Central,1739.864,8247,4969,16,
1980,46047,SD,Fall River County,rural,Midwest,West North Central,1739.864,8408,5052,15,
1981,46047,SD,Fall River County,rural,Midwest,West North Central,1739.864,8241,4948,14,
1982,46047,SD,Fall River County,rural,Midwest,West North Central,1739.864,8019,4803,13,
1983,46047,SD,Fall River County,rural,Midwest,West North Central,1739.864,8008,4791,12,11
1984,46047,SD,Fall River County,RURAL,Midwest,West North Central,1739.864,7893,4718,12.4,7
1985,46047,SD,Fall River County,rural,Midwest,West North Central,1739.864,7791,4648,12.8,7
1986,46047,SD,Fall River County,rural,Midwest,West North Central,1739.864,7850,4679,13.2,12
1987,46047,SD,Fall River County,rural,Midwest,West North Central,1739.864,7743,4616,13.6,17
1988,46047,SD,Fall River County,rural,Midwest,West North Central,1739.864,7762,4610,14,22
1989,46047,SD,Fall River County,RURAL,Midwest,West North Central,1739.864,7547,4469,11,27
1990,46047,SD,Fall River County,rural,Midwest,West North Central,1739.864,7320,4335,14,32
1991,46047,SD,Fall River County,rural,Midwest,West North Central,1739.864,7222,4297,12,20
1992,46047,SD,Fall River County,rural,Midwest,West North Central,1739.864,7132,4204,15,27
1993,46047,SD,Fall River County,rural,Midwest,West North Central,1739.864,7342,4319,14,27
1994,46047,SD,Fall River County,rural,Midwest,West North Central,1739.864,7358,4378,14.83333,21
1995,46047,SD,Fall River County,rural,Midwest,West North Central,1739.864,7502,4501,15.66667,20
1996,46047,SD,Fall River County,rural,Midwest,West North Central,1739.864,7631,4594,16.5,21
1997,46047,SD,Fall River County,rural,Midwest,West North Central,1739.864,7526,4526,17.33333,21
1998,46047,SD,Fall River County,rural,Midwest,West North Central,1739.864,7541,4513,18.16667,22
1999,46047,SD,Fall River County,rural,Midwest,West North Central,1739.864,7515,4517,19,27
2000,46047,SD,Fall River County,rural,Midwest,West North Central,1739.864,7375,4418,17.83333,28
2001,46047,SD,Fall River County,rural,Midwest,West North Central,1739.864,7339,4405,16.66667,31
2002,46047,SD,Fall River County,rural,Midwest,West North Central,1739.864,7238,4368,15.5,28
2003,46047,SD,Fall River County,rural,Midwest,West North Central,1739.864,7212,4397,14.33333,27
2004,46047,SD,Fall River County,rural,Midwest,West North Central,1739.864,7178,4380,13.16667,24
2005,46047,SD,Fall River County,rural,Midwest,West North Central,1739.864,7181,4477,12,28
2006,46047,SD,Fall River County,rural,Midwest,West North Central,1739.864,7108,4443,12.75,32
2007,46047,SD,Fall River County,rural,Midwest,West North Central,1739.864,7083,4419,13.5,31
2008,46047,SD,Fall River County,rural,Midwest,West North Central,1739.864,7032,4330,14.25,36
2009,46047,SD,Fall River County,rural,Midwest,West North Central,1739.864,7056,4343,15,37
2010,46047,SD,Fall River County,rural,Midwest,West North Central,1739.864,7094,4371,15.75,33
2011,46047,SD,Fall River County,rural,Midwest,West North Central,1739.864,7114,4379,16.5,37
2012,46047,SD,Fall River County,rural,Midwest,West North Central,1739.864,6963,4314,17.25,30
2013,46047,SD,Fall River County,rural,Midwest,West North Central,1739.864,6973,4246,18,30
2014,46047,SD,Fall River County,rural,Midwest,West North Central,1739.864,6815,4081,18,30
2015,46047,SD,Fall River County,rural,Midwest,West North Central,1739.864,6844,4046,18,
2016,46047,SD,Fall River County,rural,Midwest,West North Central,1739.864,6798,3951,,
1970,46049,SD,Faulk County,rural,Midwest,West North Central,981.694,3885,2095,0,
1971,46049,SD,Faulk County,rural,Midwest,West North Central,981.694,3885,2124,0,
1972,46049,SD,Faulk County,rural,Midwest,West North Central,981.694,3873,2160,0,
1973,46049,SD,Faulk County,rural,Midwest,West North Central,981.694,3771,2132,0,
1974,46049,SD,Faulk County,rural,Midwest,West North Central,981.694,3680,2109,0,
1975,46049,SD,Faulk County,rural,Midwest,West North Central,981.694,3684,2151,0,
1976,46049,SD,Faulk County,rural,Midwest,West North Central,981.694,3638,2129,0,
1977,46049,SD,Faulk County,rural,Midwest,West North Central,981.694,3535,2080,0,
1978,46049,SD,Faulk County,rural,Midwest,West North Central,981.694,3428,2021,0,
1979,46049,SD,Faulk County,rural,Midwest,West North Central,981.694,3376,2006,0,
1980,46049,SD,Faulk County,rural,Midwest,West North Central,981.694,3324,1970,0,
1981,46049,SD,Faulk County,rural,Midwest,West North Central,981.694,3307,1947,0,
1982,46049,SD,Faulk County,rural,Midwest,West North Central,981.694,3284,1923,0,
1983,46049,SD,Faulk County,rural,Midwest,West North Central,981.694,3216,1875,1.251669,
1984,46049,SD,Faulk County,rural,Midwest,West North Central,981.694,3134,1821,0.9344851,
1984,46049,SD,Faulk County,rural,Midwest,West North Central,981.694,3134,1821,0.9344851,
1985,46049,SD,Faulk County,rural,Midwest,West North Central,981.694,3048,1763,0.6227481,0
1986,46049,SD,Faulk County,rural,Midwest,West North Central,981.694,2994,1722,1.261539,
1987,46049,SD,Faulk County,rural,Midwest,West North Central,981.694,2965,1699,0.642587,
1988,46049,SD,Faulk County,  RURAL ,Midwest,West North Central,981.694,2824,1604,0.6253411,
1988,46049,SD,Faulk County,  RURAL ,Midwest,West North Central,981.694,2824,1604,0.6253411,
1989,46049,SD,Faulk County,rural,Midwest,West North Central,981.694,2787,1573,0.8718131,
1990,46049,SD,Faulk County,rural,Midwest,West North Central,981.694,2741,1539,1.131618,
1991,46049,SD,Faulk County,rural,Midwest,West North Central,981.694,2760,1539,1.394481,0
1992,46049,SD,Faulk County,rural,Midwest,West North Central,981.694,2723,1521,1.644324,
1993,46049,SD,Faulk County,rural,Midwest,West North Central,981.694,2623,1457,1.839646,
1993,46049,SD,Faulk County,rural,Midwest,West North Central,981.694,2623,1457,1.839646,
1994,46049,SD,Faulk County,rural  ,Midwest,West North Central,981.694,2638,1461,2.252733,
1995,46049,SD,Faulk County,rural,Midwest,West North Central,981.694,2675,1497,2.658607,
1996,46049,SD,Faulk County,rural,Midwest,West North Central,981.694,2655,1485,3.07199,
1997,46049,SD,Faulk County,rural,Midwest,West North Central,981.694,2637,1467,3.452242,
1997,46049,SD,Faulk County,rural,Midwest,West North Central,981.694,2637,1467,3.452242,
1998,46049,SD,Faulk County,rural,Midwest,West North Central,981.694,2621,1462,3.856449,
1999,46049,SD,Faulk County,  RURAL ,Midwest,West North Central,981.694,2630,1475,4.287791,
2000,46049,SD,Faulk County,rural,Midwest,West North Central,981.694,2617,1479,4.171069,
2001,46049,SD,Faulk County,rural,Midwest,West North Central,981.694,2547,1439,4.068419,
2002,46049,SD,Faulk County,rural,Midwest,West North Central,981.694,2514,1441,4.02687,
2003,46049,SD,Faulk County, rural,Midwest,West North Central,981.694,2493,1438,3.917133,
2004,46049,SD,Faulk County,rural,Midwest,West North Central,981.694,2440,1401,3.735192,
2005,46049,SD,Faulk County,rural,Midwest,West North Central,981.694,2411,1390,543,4
2005,46049,,,,,,,,,3.645105,
2006,46049,SD,Faulk County,rural,Midwest,West North Central,981.694,2398,1372,3.531334,
2006,46049,SD,Faulk County,rural,Midwest,West North Central,981.694,2398,1372,3.531334,
2007,46049,SD,Faulk County,rural,Midwest,West North Central,981.694,2406,1382,3.44873,4
2008,46049,SD,Faulk County,rural,Midwest,West North Central,981.694,2415,1364,3.274348,
2009,46049,SD,Faulk County,rural,Midwest,West North Central,981.694,2349,1347,3.10655,
2009,46049,SD,Faulk County,rural,Midwest,West North Central,981.694,2349,1347,3.10655,
2010,46049,SD,Faulk County,rural,Midwest,West North Central,981.694,2364,1354,2.936049,
2010,46049,SD,Faulk County,rural,Midwest,West North Central,981.694,2364,1354,2.936049,
2011,46049,SD,Faulk County,rural,Midwest,West North Central,981.694,2368,1358,2.796575,4
2012,46049,SD,Faulk County,rural,Midwest,West North Central,981.694,2356,1362,2.621691,
2013,46049,SD,Faulk County,rural,Midwest,West North Central,981.694,2356,1369,2.507706,
2014,46049,SD,Faulk County,rural,Midwest,West North Central,981.694,2350,1368,2.507706,
2015,46049,SD,Faulk County,rural,Midwest,West North Central,981.694,2320,1344,2.507706,
2016,46049,SD,Faulk County,rural,Midwest,West North Central,981.694,2306,1310,,
1970,46051,SD,Grant County,rural,Midwest,West North Central,681.451,9026,4935,0,
1971,46051,SD,Grant County,rural,Midwest,West North Central,681.451,9094,5019,0,
1972,46051,SD,Grant County,rural,Midwest,West North Central,681.451,9007,5013,0,
1973,46051,SD,Grant County,rural,Midwest,West North Central,681.451,9044,5090,0,
1974,46051,SD,Grant County,rural,Midwest,West North Central,681.451,9317,5335,0,
1975,46051,SD,Grant County,rural,Midwest,West North Central,681.451,9440,5481,0,
1976,46051,SD,Grant County,rural,Midwest,West North Central,681.451,9021,5238,0,
1977,46051,SD,Grant County,rural,Midwest,West North Central,681.451,9013,5240,0,
1978,46051,SD,Grant County,Rural,Midwest,West North Central,681.451,9159,5363,1,
1979,46051,SD,Grant County,rural  ,Midwest,West North Central,681.451,8892,5197,1.6,
1980,46051,SD,Grant County,rural,Midwest,West North Central,681.451,8998,5280,2.2,
1981,46051,SD,Grant County,rural,Midwest,West North Central,681.451,8896,5212,2.8,
1982,46051,SD,Grant County,rural,Midwest,West North Central,681.451,9091,5300,3.4,
1983,46051,SD,Grant County,rural,Midwest,West North Central,681.451,9275,5398,4,8
1984,46051,SD,Grant County,rural,Midwest,West North Central,681.451,9224,5361,3.6,9
1985,46051,SD,Grant County,rural,Midwest,West North Central,681.451,8966,5199,3.2,11
1986,46051,SD,Grant County,rural,Midwest,West North Central,681.451,8847,5116,2.8,9.8
1987,46051,SD,Grant County,  RURAL ,Midwest,West North Central,681.451,8703,5027,2.4,8.6
1988,46051,SD,Grant County,rural,Midwest,West North Central,681.451,8767,5039,2,7.4
1989,46051,SD,Grant County,rural,Midwest,West North Central,681.451,8532,4877,2.4,6.2
1989,46051,SD,Grant County,rural,Midwest,West North Central,681.451,8532,4877,2.4,6.2
1990,46051,SD,Grant County,rural,Midwest,West North Central,681.451,8359,4773,2.8,5
1991,46051,SD,Grant County,rural,Midwest,West North Central,681.451,8320,4764,3.2,6
1992,46051,SD,Grant County,rural,Midwest,West North Central,681.451,8399,4792,3.6,7
1993,46051,SD,Grant County,rural,Midwest,West North Central,681.451,8328,4765,4,9
1994,46051,SD,Grant County,rural,Midwest,West North Central,681.451,8238,4756,4,12
1995,46051,SD,Grant County,rural,Midwest,West North Central,681.451,8170,4769,5,16
1996,46051,SD,Grant County,rural,Midwest,West North Central,681.451,8069,4765,6,18
1996,46051,SD,Grant County,rural,Midwest,West North Central,681.451,8069,4765,6,18
1997,46051,SD,Grant County,rural,Midwest,West North Central,681.451,8065,4781,5,22
1998,46051,SD,Grant County,rural,Midwest,West North Central,681.451,8030,4790,5,22
1999,46051,SD,Grant County,rural,Midwest,West North Central,681.451,7918,4734,9,20
1999,46051,SD,Grant County,rural,Midwest,West North Central,681.451,7918,4734,9,20
2000,46051,SD,Grant County, rural,Midwest,West North Central,681.451,7835,4713,8.666667,20
2000,46051,SD,Grant County, rural,Midwest,West North Central,681.451,7835,4713,8.666667,20
2001,46051,SD,Grant County,rural,Midwest,West North Central,681.451,7699,4665,8.333333,15
2002,46051,SD,Grant County,rural,Midwest,West North Central,681.451,7672,4695,8,20
2003,46051,SD,Grant County,rural,Midwest,West North Central,681.451,7703,4730,7.666667,16
2004,46051,SD,Grant County,rural,Midwest,West North Central,681.451,7582,4672,7.333333,19
2005,46051,SD,Grant County,rural,Midwest,West North Central,681.451,7454,4620,7,23
2006,46051,SD,Grant County,rural,Midwest,West North Central,681.451,7410,4626,6.875,16
2007,46051,SD,Grant County,rural  ,Midwest,West North Central,681.451,7401,4651,6.75,16
2008,46051,SD,Grant County,rural,Midwest,West North Central,681.451,7389,4603,6.625,18
2009,46051,SD,Grant County,rural,Midwest,West North Central,681.451,7369,4638,6.5,19
2010,46051,SD,Grant County,rural,Midwest,West North Central,681.451,7358,4631,6.375,13
2011,46051,SD,Grant County,rural,Midwest,West North Central,681.451,7352,4619,6.25,19
2012,46051,SD,Grant County,rural,Midwest,West North Central,681.451,7262,4556,6.125,23
2012,46051,SD,Grant County,rural,Midwest,West North Central,681.451,7262,4556,6.125,23
2013,46051,SD,Grant County,rural,Midwest,West North Central,681.451,7249,4546,6,23
2014,46051,SD,Grant County,rural,Midwest,West North Central,681.451,7244,4507,6,23
2015,46051,SD,Grant County,rural,Midwest,West North Central,681.451,7176,4448,6,
2015,46051,SD,Grant County,rural,Midwest,West North Central,681.451,7176,4448,6,
2016,46051,SD,Grant County,rural,Midwest,West North Central,681.451,7091,4326,,
1970,46053,SD,Gregory County,  RURAL ,Midwest,West North Central,1014.95,6721,3758,0,
1971,46053,SD,Gregory County,rural,Midwest,West North Central,1014.95,6758,3796,0,
1972,46053,SD,Gregory County,rural,Midwest,West North Central,1014.95,6542,3685,0,
1973,46053,SD,Gregory County,rural,Midwest,West North Central,1014.95,6374,3599,0,
1974,46053,SD,Gregory County,rural,Midwest,West North Central,1014.95,6375,3617,0,
1975,46053,SD,Gregory County,rural,Midwest,West North Central,1014.95,6375,3639,0,
1976,46053,SD,Gregory County,rural,Midwest,West North Central,1014.95,6210,3534,0,
1977,46053,SD,Gregory County,rural,Midwest,West North Central,1014.95,6025,3442,501,
1977,46053,,,,,,,,,0,
1978,46053,SD,Gregory County,rural,Midwest,West North Central,1014.95,5927,3387,2,
1979,46053,SD,Gregory County,rural,Midwest,West North Central,1014.95,5963,3413,0,
1979,46053,SD,Gregory County,rural,Midwest,West North Central,1014.95,5963,3413,0,
1980,46053,SD,Gregory County,rural,Midwest,West North Central,1014.95,6008,3456,0,
1981,46053,SD,Gregory County,rural,Midwest,West North Central,1014.95,5968,3411,0,
1982,46053,SD,Gregory County,rural,Midwest,West North Central,1014.95,5884,3331,0,
1983,46053,SD,Gregory County,rural,Midwest,West North Central,1014.95,5887,3311,0,
1984,46053,SD,Gregory County,rural,Midwest,West North Central,1014.95,5886,3286,0,
1985,46053,SD,Gregory County,rural,Midwest,West North Central,1014.95,5742,3182,0,
1985,46053,SD,Gregory County,rural,Midwest,West North Central,1014.95,5742,3182,0,
1986,46053,SD,Gregory County,rural,Midwest,West North Central,1014.95,5612,3084,0,
1987,46053,SD,Gregory County,rural,Midwest,West North Central,1014.95,5559,3039,0,3.2
1988,46053,SD,Gregory County,rural,Midwest,West North Central,1014.95,5479,2965,0,3.8
1989,46053,SD,Gregory County,rural,Midwest,West North Central,1014.95,5445,2916,0,4.4
1990,46053,SD,Gregory County,rural,Midwest,West North Central,1014.95,5330,2841,0,5
1991,46053,SD,Gregory County,rural,Midwest,West North Central,1014.95,5275,2821,0,10
1992,46053,SD,Gregory County,rural,Midwest,West North Central,1014.95,5251,2803,0,11
1993,46053,SD,Gregory County,rural,Midwest,West North Central,1014.95,5152,2768,0,4
1994,46053,SD,Gregory County,rural,Midwest,West North Central,1014.95,5071,2737,0,4
1995,46053,SD,Gregory County,rural,Midwest,West North Central,1014.95,5129,2802,501,
1995,46053,,,,,,,,,0,
1996,46053,SD,Gregory County,rural,Midwest,West North Central,1014.95,5103,2818,0,5
1997,46053,SD,Gregory County,rural,Midwest,West North Central,1014.95,5006,2760,0,11
1998,46053,SD,Gregory County,rural,Midwest,West North Central,1014.95,4942,2735,0,11
1999,46053,SD,Gregory County,rural,Midwest,West North Central,1014.95,4869,2728,0,13
2000,46053,SD,Gregory County,rural,Midwest,West North Central,1014.95,4766,2688,0,10
2001,46053,SD,Gregory County, rural,Midwest,West North Central,1014.95,4632,2642,0,10
2002,46053,SD,Gregory County,rural,Midwest,West North Central,1014.95,4550,2635,0,11
2003,46053,SD,Gregory County,rural,Midwest,West North Central,1014.95,4494,2654,0,10
2004,46053,SD,Gregory County,rural,Midwest,West North Central,1014.95,4431,2628,0,13
2004,46053,SD,Gregory County,rural,Midwest,West North Central,1014.95,4431,2628,0,13
2005,46053,SD,Gregory County, rural,Midwest,West North Central,1014.95,4378,2582,0,15
2006,46053,SD,Gregory County,rural,Midwest,West North Central,1014.95,4311,2550,0,14
2007,46053,SD,Gregory County,rural,Midwest,West North Central,1014.95,4267,2520,0,18
2008,46053,SD,Gregory County,rural,Midwest,West North Central,1014.95,4254,2505,0,19
2009,46053,SD,Gregory County,Rural,Midwest,West North Central,1014.95,4260,2487,0,17
2010,46053,SD,Gregory County,rural,Midwest,West North Central,1014.95,4271,2473,0,16
2011,46053,SD,Gregory County,rural,Midwest,West North Central,1014.95,4270,2473,0,24
2012,46053,SD,Gregory County,rural,Midwest,West North Central,1014.95,4220,2434,0,22
2013,46053,SD,Gregory County,rural,Midwest,West North Central,1014.95,4242,2439,0,22
2014,46053,SD,Gregory County,Rural,Midwest,West North Central,1014.95,4231,2422,0,22
2015,46053,SD,Gregory County,rural,Midwest,West North Central,1014.95,4225,2396,0,
2016,46053,SD,Gregory County,rural,Midwest,West North Central,1014.95,4191,2348,,
1970,46055,SD,Haakon County,rural,Midwest,West North Central,1810.541,2795,1557,1.759684,
1971,46055,SD,Haakon County,rural,Midwest,West North Central,1810.541,2758,1546,1.272541,
1972,46055,SD,Haakon County,rural,Midwest,West North Central,1810.541,2717,1541,1.258613,
1973,46055,SD,Haakon County,rural,Midwest,West North Central,1810.541,2736,1575,1.276924,
1974,46055,SD,Haakon County,rural,Midwest,West North Central,1810.541,2721,1590,1.300895,
1975,46055,SD,Haakon County,rural,Midwest,West North Central,1810.541,2752,1632,1.332198,
1976,46055,SD,Haakon County,rural,Midwest,West North Central,1810.541,2769,1638,1.362405,
1977,46055,SD,Haakon County,rural,Midwest,West North Central,1810.541,2780,1635,1.388709,
1978,46055,SD,Haakon County,RURAL,Midwest,West North Central,1810.541,2682,1562,1.344877,
1979,46055,SD,Haakon County,rural,Midwest,West North Central,1810.541,2693,1556,1.222999,
1980,46055,SD,Haakon County,rural,Midwest,West North Central,1810.541,2792,1623,1.332303,
1981,46055,SD,Haakon County,rural,Midwest,West North Central,1810.541,2777,1607,1.356357,
1982,46055,SD,Haakon County,rural,Midwest,West North Central,1810.541,2832,1631,1.423313,
1983,46055,SD,Haakon County,rural,Midwest,West North Central,1810.541,2835,1625,1.440347,0
1984,46055,SD,Haakon County,rural,Midwest,West North Central,1810.541,2888,1648,1.346501,0
1985,46055,SD,Haakon County,rural,Midwest,West North Central,1810.541,2883,1636,1.216357,0
1986,46055,SD,Haakon County,rural,Midwest,West North Central,1810.541,2785,1572,1.067286,0
1987,46055,SD,Haakon County, rural,Midwest,West North Central,1810.541,2766,1556,0.9460658,0
1988,46055,SD,Haakon County,rural,Midwest,West North Central,1810.541,2720,1522,0.8235931,0
1989,46055,SD,Haakon County, rural,Midwest,West North Central,1810.541,2718,1510,0.7789043,0
1990,46055,SD,Haakon County,rural,Midwest,West North Central,1810.541,2601,1445,0.7185224,0
1991,46055,SD,Haakon County,RURAL,Midwest,West North Central,1810.541,2564,1439,0.6918269,0
1992,46055,SD,Haakon County,rural,Midwest,West North Central,1810.541,2544,1438,0.6712388,0
1993,46055,SD,Haakon County,rural,Midwest,West North Central,1810.541,2501,1436,0.6413004,0
1994,46055,SD,Haakon County,rural,Midwest,West North Central,1810.541,2448,1420,1.010946,0
1995,46055,SD,Haakon County,rural,Midwest,West North Central,1810.541,2489,1491,0.260323,0
1995,46055,SD,Haakon County,rural,Midwest,West North Central,1810.541,2489,1491,0.260323,0
1996,46055,SD,Haakon County,rural,Midwest,West North Central,1810.541,2472,1505,0.1303143,0
1997,46055,SD,Haakon County,rural,Midwest,West North Central,1810.541,2397,1487,0.1295748,0
1998,46055,SD,Haakon County,rural,Midwest,West North Central,1810.541,2297,1440,0.2520567,0
1999,46055,SD,Haakon County,rural,Midwest,West North Central,1810.541,2246,1417,0.1238203,0
2000,46055,SD,Haakon County,rural,Midwest,West North Central,1810.541,2201,1384,1.327057,0
2001,46055,SD,Haakon County,rural,Midwest,West North Central,1810.541,2174,1370,2.5,0
2002,46055,SD,Haakon County,rural,Midwest,West North Central,1810.541,2134,1339,3.593853,0
2003,46055,SD,Haakon County,rural,Midwest,West North Central,1810.541,2112,1310,4.648607,0
2004,46055,SD,Haakon County,rural,Midwest,West North Central,1810.541,2080,1285,5.687321,0
2004,46055,SD,Haakon County,rural,Midwest,West North Central,1810.541,2080,1285,5.687321,0
2005,46055,SD,Haakon County,rural,Midwest,West North Central,1810.541,2030,1226,6.447625,0
2005,46055,SD,Haakon County,rural,Midwest,West North Central,1810.541,2030,1226,6.447625,0
2006,46055,SD,Haakon County,rural,Midwest,West North Central,1810.541,1984,1193,9.579433,0
2007,46055,SD,Haakon County,rural,Midwest,West North Central,1810.541,1957,1166,7.10295,0
2008,46055,SD,Haakon County,rural,Midwest,West North Central,1810.541,1945,1174,7.149691,0
2009,46055,SD,Haakon County,rural  ,Midwest,West North Central,1810.541,1953,1157,8.587029,0
2010,46055,SD,Haakon County,rural,Midwest,West North Central,1810.541,1937,1161,508,0
2010,46055,,,,,,,,,7.425159,
2011,46055,SD,Haakon County,rural,Midwest,West North Central,1810.541,1931,1151,6.933594,0
2012,46055,SD,Haakon County,rural,Midwest,West North Central,1810.541,1919,1126,8.034032,0
2013,46055,SD,Haakon County,rural,Midwest,West North Central,1810.541,1922,1116,8.971979,0
2014,46055,SD,Haakon County,rural,Midwest,West North Central,1810.541,1881,1090,8.060539,0
2015,46055,SD,Haakon County,rural,Midwest,West North Central,1810.541,1846,1070,8.060539,
2015,46055,SD,Haakon County,rural,Midwest,West North Central,1810.541,1846,1070,8.060539,
2016,46055,SD,Haakon County,rural,Midwest,West North Central,1810.541,1849,1087,,
1970,46057,SD,Hamlin County,Rural,Midwest,West North Central,507.235,5496,2987,0.1469691,
1971,46057,SD,Hamlin County, rural,Midwest,West North Central,507.235,5409,2933,0,
1972,46057,SD,Hamlin County,rural,Midwest,West North Central,507.235,5285,2865,0,
1973,46057,SD,Hamlin County,rural,Midwest,West North Central,507.235,5325,2904,0,
1974,46057,SD,Hamlin County,rural,Midwest,West North Central,507.235,5361,2953,0,
1975,46057,SD,Hamlin County,RURAL,Midwest,West North Central,507.235,5497,3073,0,
1976,46057,SD,Hamlin County,rural,Midwest,West North Central,507.235,5551,3116,0,
1977,46057,SD,Hamlin County,RURAL,Midwest,West North Central,507.235,5454,3045,0,
1978,46057,SD,Hamlin County,rural,Midwest,West North Central,507.235,5290,2937,1.604553,
1979,46057,SD,Hamlin County, rural,Midwest,West North Central,507.235,5368,2988,1.730528,
1980,46057,SD,Hamlin County,rural,Midwest,West North Central,507.235,5251,2903,1.801789,
1981,46057,SD,Hamlin County,rural,Midwest,West North Central,507.235,5197,2860,1.887875,
1981,46057,SD,Hamlin County,rural,Midwest,West North Central,507.235,5197,2860,1.887875,
1982,46057,SD,Hamlin County,rural,Midwest,West North Central,507.235,5184,2839,1.969908,
1983,46057,SD,Hamlin County,rural,Midwest,West North Central,507.235,5228,2852,2.082512,4
1984,46057,SD,Hamlin County, rural,Midwest,West North Central,507.235,5242,2848,2.158857,
1985,46057,SD,Hamlin County,rural,Midwest,West North Central,507.235,5203,2814,2.22328,0
1986,46057,SD,Hamlin County,rural,Midwest,West North Central,507.235,5167,2783,2.294567,
1987,46057,SD,Hamlin County,rural,Midwest,West North Central,507.235,5159,2769,2.369198,
1988,46057,SD,Hamlin County,rural,Midwest,West North Central,507.235,5099,2720,2.433145,
1989,46057,SD,Hamlin County,rural,Midwest,West North Central,507.235,5036,2671,2.844435,
1990,46057,SD,Hamlin County,rural,Midwest,West North Central,507.235,4969,2633,3.249239,
1991,46057,SD,Hamlin County,rural,Midwest,West North Central,507.235,4998,2650,543,
1991,46057,,,,,,,,,3.703339,
1992,46057,SD,Hamlin County,Rural,Midwest,West North Central,507.235,5048,2688,4.157407,0
1992,46057,SD,Hamlin County,Rural,Midwest,West North Central,507.235,5048,2688,4.157407,0
1993,46057,SD,Hamlin County,rural,Midwest,West North Central,507.235,5155,2774,4.603633,
1994,46057,SD,Hamlin County,rural,Midwest,West North Central,507.235,5272,2875,6.052719,
1995,46057,SD,Hamlin County,rural,Midwest,West North Central,507.235,5390,2979,7.5695,
1996,46057,SD,Hamlin County,rural,Midwest,West North Central,507.235,5417,3039,8.979898,
1996,46057,SD,Hamlin County,rural,Midwest,West North Central,507.235,5417,3039,8.979898,
1997,46057,SD,Hamlin County,  RURAL ,Midwest,West North Central,507.235,5447,3067,10.34013,4
1998,46057,SD,Hamlin County,rural,Midwest,West North Central,507.235,5411,3053,11.68155,5
1999,46057,SD,Hamlin County,rural,Midwest,West North Central,507.235,5510,3143,13.39618,11
2000,46057,SD,Hamlin County,rural,Midwest,West North Central,507.235,5546,3203,5.932676,7
2001,46057,SD,Hamlin County,rural,Midwest,West North Central,507.235,5551,3228,5.955719,8
2001,46057,SD,Hamlin County,rural,Midwest,West North Central,507.235,5551,3228,5.955719,8
2002,46057,SD,Hamlin County, rural,Midwest,West North Central,507.235,5566,3204,6.039706,9
2003,46057,SD,Hamlin County,rural,Midwest,West North Central,507.235,5558,3207,6.287984,7
2003,46057,SD,Hamlin County,rural,Midwest,West North Central,507.235,5558,3207,6.287984,7
2004,46057,SD,Hamlin County,  RURAL ,Midwest,West North Central,507.235,5559,3219,6.949426,
2005,46057,SD,Hamlin County,rural,Midwest,West North Central,507.235,5625,3271,6.620144,6
2006,46057,SD,Hamlin County,rural,Midwest,West North Central,507.235,5595,3242,6.635841,6
2007,46057,SD,Hamlin County,rural,Midwest,West North Central,507.235,5696,3291,6.786031,5
2008,46057,SD,Hamlin County,rural,Midwest,West North Central,507.235,5753,3320,6.944997,9
2009,46057,SD,Hamlin County,rural,Midwest,West North Central,507.235,5843,3370,7.130683,6
2010,46057,SD,Hamlin County,rural,Midwest,West North Central,507.235,5903,3362,7.250899,6
2011,46057,SD,Hamlin County,rural,Midwest,West North Central,507.235,5923,3370,508,13
2011,46057,,,,,,,,,7.407667,
2012,46057,SD,Hamlin County,rural,Midwest,West North Central,507.235,5937,3415,7.481074,8
2013,46057,SD,Hamlin County,rural,Midwest,West North Central,507.235,5901,3396,7.514957,8
2014,46057,SD,Hamlin County,rural,Midwest,West North Central,507.235,5885,3354,7.514957,8
2015,46057,SD,Hamlin County,RURAL,Midwest,West North Central,507.235,5911,3335,7.514957,
2016,46057,SD,Hamlin County,rural,Midwest,West North Central,507.235,5933,3344,,
1970,46059,SD,Hand County,rural,Midwest,West North Central,1436.647,5800,3211,0,
1971,46059,SD,Hand County,rural,Midwest,West North Central,1436.647,5462,3036,0,
1972,46059,SD,Hand County,rural,Midwest,West North Central,1436.647,5426,3067,0,
1973,46059,SD,Hand County,rural,Midwest,West North Central,1436.647,5550,3197,0,
1974,46059,SD,Hand County,rural,Midwest,West North Central,1436.647,5453,3181,0,
1975,46059,SD,Hand County,rural,Midwest,West North Central,1436.647,5329,3144,0,
1976,46059,SD,Hand County,rural,Midwest,West North Central,1436.647,5334,3184,0,
1977,46059,SD,Hand County,rural,Midwest,West North Central,1436.647,5219,3144,0,
1978,46059,SD,Hand County,rural,Midwest,West North Central,1436.647,5058,3058,0,
1979,46059,SD,Hand County,rural,Midwest,West North Central,1436.647,4939,2981,0,
1980,46059,SD,Hand County,rural,Midwest,West North Central,1436.647,4929,3007,0,
1981,46059,SD,Hand County,rural,Midwest,West North Central,1436.647,4841,2933,0,
1982,46059,SD,Hand County,Rural,Midwest,West North Central,1436.647,4757,2865,0,
1983,46059,SD,Hand County, rural,Midwest,West North Central,1436.647,4758,2847,4,0
1984,46059,SD,Hand County,  RURAL ,Midwest,West North Central,1436.647,4731,2814,0,
1985,46059,SD,Hand County,rural,Midwest,West North Central,1436.647,4682,2767,0,
1985,46059,SD,Hand County,rural,Midwest,West North Central,1436.647,4682,2767,0,
1986,46059,SD,Hand County,rural,Midwest,West North Central,1436.647,4552,2677,0,
1987,46059,SD,Hand County,RURAL,Midwest,West North Central,1436.647,4546,2656,0,
1987,46059,SD,Hand County,RURAL,Midwest,West North Central,1436.647,4546,2656,0,
1988,46059,SD,Hand County,rural,Midwest,West North Central,1436.647,4461,2582,0,3.2
1989,46059,SD,Hand County,rural,Midwest,West North Central,1436.647,4411,2529,0,3.6
1990,46059,SD,Hand County,rural,Midwest,West North Central,1436.647,4235,2405,0,4
1991,46059,SD,Hand County,rural,Midwest,West North Central,1436.647,4232,2407,0,5
1992,46059,SD,Hand County, rural,Midwest,West North Central,1436.647,4173,2345,0,8
1993,46059,SD,Hand County,rural,Midwest,West North Central,1436.647,4118,2313,0,7
1994,46059,SD,Hand County,RURAL,Midwest,West North Central,1436.647,4049,2264,0,8
1995,46059,SD,Hand County,rural,Midwest,West North Central,1436.647,4000,2253,0,8
1996,46059,SD,Hand County,rural,Midwest,West North Central,1436.647,3934,2218,0,9
1997,46059,SD,Hand County,rural  ,Midwest,West North Central,1436.647,3927,2231,0,10
1998,46059,SD,Hand County,rural,Midwest,West North Central,1436.647,3864,2195,0,10
1999,46059,SD,Hand County,Rural,Midwest,West North Central,1436.647,3814,2160,0,10
2000,46059,SD,Hand County,  RURAL ,Midwest,West North Central,1436.647,3716,2099,0,6
2001,46059,SD,Hand County,rural,Midwest,West North Central,1436.647,3650,2081,0,4
2002,46059,SD,Hand County,rural,Midwest,West North Central,1436.647,3589,2046,0,5
2003,46059,SD,Hand County,rural,Midwest,West North Central,1436.647,3547,2030,0,4
2004,46059,SD,Hand County,rural,Midwest,West North Central,1436.647,3415,1977,0,6
2005,46059,SD,Hand County,rural,Midwest,West North Central,1436.647,3396,1985,0,7
2006,46059,SD,Hand County,rural,Midwest,West North Central,1436.647,3390,1974,0,5
2007,46059,SD,Hand County,rural,Midwest,West North Central,1436.647,3389,1975,0,
2008,46059,SD,Hand County,RURAL,Midwest,West North Central,1436.647,3396,1970,0,
2009,46059,SD,Hand County,rural,Midwest,West North Central,1436.647,3399,1951,0,5
2010,46059,SD,Hand County,rural,Midwest,West North Central,1436.647,3430,1981,501,
2010,46059,,,,,,,,,0,
2011,46059,SD,Hand County,rural,Midwest,West North Central,1436.647,3434,1986,0,5
2012,46059,SD,Hand County,RURAL,Midwest,West North Central,1436.647,3429,1997,0,
2013,46059,SD,Hand County,rural,Midwest,West North Central,1436.647,3370,1938,0,
2014,46059,SD,Hand County,rural,Midwest,West North Central,1436.647,3369,1980,0,
2015,46059,SD,Hand County,rural,Midwest,West North Central,1436.647,3333,1953,0,
2016,46059,SD,Hand County,rural,Midwest,West North Central,1436.647,3299,1925,,
1970,46061,SD,Hanson County, rural,Midwest,West North Central,434.515,3771,1985,0,
1971,46061,SD,Hanson County,rural,Midwest,West North Central,434.515,3716,1971,0,
1972,46061,SD,Hanson County,rural,Midwest,West North Central,434.515,3734,2004,0,
1973,46061,SD,Hanson County,rural,Midwest,West North Central,434.515,3778,2057,0,
1974,46061,SD,Hanson County,rural,Midwest,West North Central,434.515,3747,2070,0,
1975,46061,SD,Hanson County,rural,Midwest,West North Central,434.515,3791,2135,0,
1976,46061,SD,Hanson County,rural,Midwest,West North Central,434.515,3630,2062,0,
1977,46061,SD,Hanson County,Rural,Midwest,West North Central,434.515,3510,1999,501,
1977,46061,,,,,,,,,0,
1978,46061,SD,Hanson County,rural,Midwest,West North Central,434.515,3494,2010,0,
1979,46061,SD,Hanson County,rural,Midwest,West North Central,434.515,3443,1992,0,
1980,46061,SD,Hanson County,rural,Midwest,West North Central,434.515,3412,1984,0,
1981,46061,SD,Hanson County,Rural,Midwest,West North Central,434.515,3387,1971,0,
1982,46061,SD,Hanson County,rural,Midwest,West North Central,434.515,3317,1922,0,
1983,46061,SD,Hanson County,rural,Midwest,West North Central,434.515,3263,1894,0,0
1984,46061,SD,Hanson County,rural,Midwest,West North Central,434.515,3215,1863,0,0
1985,46061,SD,Hanson County,rural,Midwest,West North Central,434.515,3165,1836,0,0
1986,46061,SD,Hanson County,rural,Midwest,West North Central,434.515,3160,1834,0,0
1987,46061,SD,Hanson County,rural,Midwest,West North Central,434.515,3100,1807,0,0
1988,46061,SD,Hanson County,  RURAL ,Midwest,West North Central,434.515,3089,1797,0,0
1989,46061,SD,Hanson County,rural,Midwest,West North Central,434.515,3067,1778,0,0
1990,46061,SD,Hanson County,rural,Midwest,West North Central,434.515,2980,1734,0,0
1991,46061,SD,Hanson County,rural,Midwest,West North Central,434.515,2967,1720,0,0
1991,46061,SD,Hanson County,rural,Midwest,West North Central,434.515,2967,1720,0,0
1992,46061,SD,Hanson County,rural,Midwest,West North Central,434.515,2953,1692,0,0
1993,46061,SD,Hanson County,rural,Midwest,West North Central,434.515,2921,1683,0,0
1994,46061,SD,Hanson County,rural,Midwest,West North Central,434.515,2905,1687,0,0
1995,46061,SD,Hanson County,rural,Midwest,West North Central,434.515,2964,1740,0,
1996,46061,SD,Hanson County,rural,Midwest,West North Central,434.515,2984,1776,0,0
1996,46061,SD,Hanson County,rural,Midwest,West North Central,434.515,2984,1776,0,0
1997,46061,SD,Hanson County,rural,Midwest,West North Central,434.515,3000,1799,0,
1998,46061,SD,Hanson County,rural,Midwest,West North Central,434.515,3036,1808,0,
1999,46061,SD,Hanson County,rural,Midwest,West North Central,434.515,3101,1858,0,
2000,46061,SD,Hanson County,rural,Midwest,West North Central,434.515,3152,1909,501,
2000,46061,,,,,,,,,0,
2001,46061,SD,Hanson County,  RURAL ,Midwest,West North Central,434.515,3263,1972,0,
2002,46061,SD,Hanson County,rural,Midwest,West North Central,434.515,3287,2005,0,
2003,46061,SD,Hanson County,rural,Midwest,West North Central,434.515,3335,2039,0,
2004,46061,SD,Hanson County,rural,Midwest,West North Central,434.515,3503,2178,0,6
2005,46061,SD,Hanson County,rural,Midwest,West North Central,434.515,3511,2171,0,
2005,46061,SD,Hanson County,rural,Midwest,West North Central,434.515,3511,2171,0,
2006,46061,SD,Hanson County,rural,Midwest,West North Central,434.515,3414,2062,0,
2007,46061,SD,Hanson County,rural,Midwest,West North Central,434.515,3417,2048,0,4
2008,46061,SD,Hanson County,rural,Midwest,West North Central,434.515,3399,2006,0,5
2009,46061,SD,Hanson County,rural,Midwest,West North Central,434.515,3345,1978,0,
2010,46061,SD,Hanson County,rural,Midwest,West North Central,434.515,3331,1954,0,
2011,46061,SD,Hanson County,rural,Midwest,West North Central,434.515,3330,1957,0,
2012,46061,SD,Hanson County,rural,Midwest,West North Central,434.515,3374,1985,0,6
2013,46061,SD,Hanson County,rural,Midwest,West North Central,434.515,3378,1989,0,6
2014,46061,SD,Hanson County,rural,Midwest,West North Central,434.515,3402,1988,0,6
2014,46061,SD,Hanson County,rural,Midwest,West North Central,434.515,3402,1988,0,6
2015,46061,SD,Hanson County,rural  ,Midwest,West North Central,434.515,3421,1996,0,
2016,46061,SD,Hanson County,rural,Midwest,West North Central,434.515,3386,1984,,
1970,46063,SD,Harding County,rural,Midwest,West North Central,2671.57,1879,1136,0,
1971,46063,SD,Harding County,rural,Midwest,West North Central,2671.57,1967,1201,0,
1972,46063,SD,Harding County,rural,Midwest,West North Central,2671.57,1853,1145,0,
1972,46063,SD,Harding County,rural,Midwest,West North Central,2671.57,1853,1145,0,
1973,46063,SD,Harding County,rural,Midwest,West North Central,2671.57,1779,1107,0,
1974,46063,SD,Harding County,rural,Midwest,West North Central,2671.57,1739,1093,0,
1975,46063,SD,Harding County,rural,Midwest,West North Central,2671.57,1767,1135,0,
1976,46063,SD,Harding County,rural,Midwest,West North Central,2671.57,1743,1126,0,
1977,46063,SD,Harding County,rural,Midwest,West North Central,2671.57,1777,1139,0,
1978,46063,SD,Harding County,rural,Midwest,West North Central,2671.57,1666,1064,0,
1979,46063,SD,Harding County,rural,Midwest,West North Central,2671.57,1640,1039,0,
1980,46063,SD,Harding County,Rural,Midwest,West North Central,2671.57,1694,1078,0,
1981,46063,SD,Harding County,rural,Midwest,West North Central,2671.57,1674,1058,0,
1982,46063,SD,Harding County,rural,Midwest,West North Central,2671.57,1669,1043,0,
1983,46063,SD,Harding County,rural,Midwest,West North Central,2671.57,1721,1070,0,
1984,46063,SD,Harding County,RURAL,Midwest,West North Central,2671.57,1789,1101,0,0
1985,46063,SD,Harding County,rural,Midwest,West North Central,2671.57,1771,1081,0,0
1986,46063,SD,Harding County,rural  ,Midwest,West North Central,2671.57,1778,1083,0,
1987,46063,SD,Harding County,rural,Midwest,West North Central,2671.57,1728,1041,0,
1988,46063,SD,Harding County,rural,Midwest,West North Central,2671.57,1715,1021,0,
1989,46063,SD,Harding County,rural,Midwest,West North Central,2671.57,1691,997,0,
1990,46063,SD,Harding County,rural,Midwest,West North Central,2671.57,1667,983,0,
1991,46063,SD,Harding County, rural,Midwest,West North Central,2671.57,1641,967,0,
1992,46063,SD,Harding County,rural,Midwest,West North Central,2671.57,1583,926,0,
1993,46063,SD,Harding County,rural,Midwest,West North Central,2671.57,1552,918,0,
1994,46063,SD,Harding County,rural,Midwest,West North Central,2671.57,1503,904,0,
1995,46063,SD,Harding County,rural,Midwest,West North Central,2671.57,1485,894,0,
1996,46063,SD,Harding County,rural,Midwest,West North Central,2671.57,1487,913,0,
1997,46063,SD,Harding County,rural,Midwest,West North Central,2671.57,1431,894,501,
1997,46063,,,,,,,,,0,
1998,46063,SD,Harding County,rural  ,Midwest,West North Central,2671.57,1439,900,0,
1999,46063,SD,Harding County,Rural,Midwest,West North Central,2671.57,1379,869,0,
2000,46063,SD,Harding County,rural,Midwest,West North Central,2671.57,1345,856,0,
2001,46063,SD,Harding County,rural,Midwest,West North Central,2671.57,1337,882,0,
2002,46063,SD,Harding County,rural,Midwest,West North Central,2671.57,1317,885,0,
2003,46063,SD,Harding County,Rural,Midwest,West North Central,2671.57,1332,892,501,
2003,46063,,,,,,,,,0,
2004,46063,SD,Harding County,rural,Midwest,West North Central,2671.57,1278,858,0,
2005,46063,SD,Harding County,  RURAL ,Midwest,West North Central,2671.57,1257,855,0,
2006,46063,SD,Harding County,rural,Midwest,West North Central,2671.57,1278,870,0,0
2007,46063,SD,Harding County,rural,Midwest,West North Central,2671.57,1274,869,0,
2008,46063,SD,Harding County,rural,Midwest,West North Central,2671.57,1252,874,0,
2009,46063,SD,Harding County,rural,Midwest,West North Central,2671.57,1263,869,0,0
2010,46063,SD,Harding County,rural,Midwest,West North Central,2671.57,1255,859,0,
2011,46063,SD,Harding County,rural,Midwest,West North Central,2671.57,1246,851,0,
2011,46063,SD,Harding County,rural,Midwest,West North Central,2671.57,1246,851,0,
2012,46063,SD,Harding County,rural,Midwest,West North Central,2671.57,1276,876,0,
2013,46063,SD,Harding County,  RURAL ,Midwest,West North Central,2671.57,1304,903,0,
2014,46063,SD,Harding County,rural,Midwest,West North Central,2671.57,1260,849,0,
2015,46063,SD,Harding County,rural,Midwest,West North Central,2671.57,1246,832,501,
2015,46063,,,,,,,,,0,
2016,46063,SD,Harding County,rural,Midwest,West North Central,2671.57,1269,827,,
1970,46065,SD,Hughes County,rural,Midwest,West North Central,741.546,11648,6900,18.562,
1971,46065,SD,Hughes County,rural,Midwest,West North Central,741.546,11717,6992,17.29231,
1972,46065,SD,Hughes County,rural,Midwest,West North Central,741.546,12192,7376,16.18478,
1973,46065,SD,Hughes County,rural,Midwest,West North Central,741.546,12739,7809,15.01401,
1973,46065,SD,Hughes County,rural,Midwest,West North Central,741.546,12739,7809,15.01401,
1974,46065,SD,Hughes County,rural  ,Midwest,West North Central,741.546,13004,8051,13.78743,
1975,46065,SD,Hughes County,rural,Midwest,West North Central,741.546,13175,8232,12.53297,
1976,46065,SD,Hughes County,rural,Midwest,West North Central,741.546,13558,8540,11.27679,
1977,46065,SD,Hughes County,rural,Midwest,West North Central,741.546,14226,9047,10.0834,
1978,46065,SD,Hughes County,rural,Midwest,West North Central,741.546,14371,9194,8.795561,
1979,46065,SD,Hughes County,rural,Midwest,West North Central,741.546,14223,9094,10.96089,
1979,46065,SD,Hughes County,rural,Midwest,West North Central,741.546,14223,9094,10.96089,
1980,46065,SD,Hughes County,rural,Midwest,West North Central,741.546,14241,9119,13.04603,
1981,46065,SD,Hughes County,rural,Midwest,West North Central,741.546,14311,9154,15.21098,
1982,46065,SD,Hughes County,rural,Midwest,West North Central,741.546,14312,9118,17.33729,
1983,46065,SD,Hughes County,rural,Midwest,West North Central,741.546,14372,9141,19.54534,33
1984,46065,SD,Hughes County,rural  ,Midwest,West North Central,741.546,14545,9237,21.72783,31
1985,46065,SD,Hughes County,rural,Midwest,West North Central,741.546,14639,9276,23.94267,26
1986,46065,SD,Hughes County,rural,Midwest,West North Central,741.546,14701,9297,26.17106,25.8
1987,46065,SD,Hughes County,rural,Midwest,West North Central,741.546,14734,9318,28.31511,25.6
1988,46065,SD,Hughes County,rural,Midwest,West North Central,741.546,14800,9328,30.61017,25.4
1989,46065,SD,Hughes County,rural,Midwest,West North Central,741.546,14836,9314,31.77484,25.2
1990,46065,SD,Hughes County,rural,Midwest,West North Central,741.546,14837,9297,32.93856,25
1991,46065,SD,Hughes County,rural  ,Midwest,West North Central,741.546,14985,9353,34.10326,25
1992,46065,SD,Hughes County,rural,Midwest,West North Central,741.546,15407,9591,35.28309,38
1993,46065,SD,Hughes County,rural,Midwest,West North Central,741.546,15660,9781,36.37074,34
1994,46065,SD,Hughes County,rural  ,Midwest,West North Central,741.546,15902,9982,37.15573,34
1995,46065,SD,Hughes County,rural,Midwest,West North Central,741.546,15997,10093,37.91738,35
1996,46065,SD,Hughes County,rural,Midwest,West North Central,741.546,16082,10220,38.61919,39
1997,46065,SD,Hughes County,rural,Midwest,West North Central,741.546,16053,10204,39.46567,44
1998,46065,SD,Hughes County,rural,Midwest,West North Central,741.546,16129,10248,40.38366,54
1999,46065,SD,Hughes County,rural,Midwest,West North Central,741.546,16386,10426,41.18778,54
2000,46065,SD,Hughes County,rural,Midwest,West North Central,741.546,16505,10494,43.97695,48
2001,46065,SD,Hughes County,rural,Midwest,West North Central,741.546,16351,10471,43.94195,53
2002,46065,SD,Hughes County,rural,Midwest,West North Central,741.546,16479,10617,44.13024,62
2002,46065,SD,Hughes County,rural,Midwest,West North Central,741.546,16479,10617,44.13024,62
2003,46065,SD,Hughes County,rural,Midwest,West North Central,741.546,16514,10744,46.15517,66
2004,46065,SD,Hughes County,rural,Midwest,West North Central,741.546,16573,10856,44.41595,70
2005,46065,SD,Hughes County,rural,Midwest,West North Central,741.546,16682,10991,46.29739,76
2006,46065,SD,Hughes County,rural,Midwest,West North Central,741.546,16717,11136,44.42184,82
2007,46065,SD,Hughes County,rural,Midwest,West North Central,741.546,16788,11171,44.36237,90
2008,46065,SD,Hughes County,rural,Midwest,West North Central,741.546,16690,11108,44.432,87
2009,46065,SD,Hughes County,rural,Midwest,West North Central,741.546,16867,11273,44.50234,103
2010,46065,SD,Hughes County,rural,Midwest,West North Central,741.546,17022,11382,67.85321,117
2011,46065,SD,Hughes County,rural,Midwest,West North Central,741.546,17074,11414,120.8499,138
2012,46065,SD,Hughes County,rural,Midwest,West North Central,741.546,17310,11519,123.2267,120
2013,46065,SD,Hughes County,rural,Midwest,West North Central,741.546,17436,11541,114.7227,120
2014,46065,SD,Hughes County,rural,Midwest,West North Central,741.546,17431,11423,120.4236,120
2015,46065,SD,Hughes County,rural,Midwest,West North Central,741.546,17630,11402,120.4236,
2016,46065,SD,Hughes County,rural,Midwest,West North Central,741.546,17554,11242,,
1970,46067,SD,Hutchinson County,rural,Midwest,West North Central,813.014,10340,5705,0,
1971,46067,SD,Hutchinson County,rural,Midwest,West North Central,813.014,10170,5606,0,
1972,46067,SD,Hutchinson County, rural,Midwest,West North Central,813.014,10012,5532,0,
1973,46067,SD,Hutchinson County,rural,Midwest,West North Central,813.014,9959,5535,0,
1974,46067,SD,Hutchinson County,rural,Midwest,West North Central,813.014,9851,5511,0,
1975,46067,SD,Hutchinson County, rural,Midwest,West North Central,813.014,9786,5519,0,
1976,46067,SD,Hutchinson County, rural,Midwest,West North Central,813.014,9679,5488,0,
1977,46067,SD,Hutchinson County,rural,Midwest,West North Central,813.014,9545,5398,0,
1978,46067,SD,Hutchinson County,rural,Midwest,West North Central,813.014,9329,5272,2,
1979,46067,SD,Hutchinson County,rural,Midwest,West North Central,813.014,9188,5190,0,
1980,46067,SD,Hutchinson County,rural,Midwest,West North Central,813.014,9338,5311,0,
1981,46067,SD,Hutchinson County, rural,Midwest,West North Central,813.014,9247,5229,0,
1982,46067,SD,Hutchinson County,rural,Midwest,West North Central,813.014,9217,5169,0,
1983,46067,SD,Hutchinson County,rural,Midwest,West North Central,813.014,9140,5099,0,
1984,46067,SD,Hutchinson County,rural,Midwest,West North Central,813.014,9088,5043,0,4
1985,46067,SD,Hutchinson County,rural,Midwest,West North Central,813.014,8914,4917,0,
1985,46067,SD,Hutchinson County,rural,Midwest,West North Central,813.014,8914,4917,0,
1986,46067,SD,Hutchinson County,rural,Midwest,West North Central,813.014,8644,4733,0,
1987,46067,SD,Hutchinson County,rural,Midwest,West North Central,813.014,8562,4668,0,
1988,46067,SD,Hutchinson County,rural,Midwest,West North Central,813.014,8469,4577,0,3.2
1989,46067,SD,Hutchinson County,Rural,Midwest,West North Central,813.014,8392,4496,0,3.6
1990,46067,SD,Hutchinson County,rural,Midwest,West North Central,813.014,8248,4376,0,4
1991,46067,SD,Hutchinson County,rural,Midwest,West North Central,813.014,8143,4305,0,8
1992,46067,SD,Hutchinson County,rural,Midwest,West North Central,813.014,8131,4295,0,6
1993,46067,SD,Hutchinson County,rural,Midwest,West North Central,813.014,8045,4237,0,6
1994,46067,SD,Hutchinson County,rural,Midwest,West North Central,813.014,8116,4301,0,9
1995,46067,SD,Hutchinson County,rural,Midwest,West North Central,813.014,8127,4322,0,16
1996,46067,SD,Hutchinson County,rural,Midwest,West North Central,813.014,8124,4347,0,14
1997,46067,SD,Hutchinson County,rural,Midwest,West North Central,813.014,8138,4362,0,13
1998,46067,SD,Hutchinson County,RURAL,Midwest,West North Central,813.014,8088,4336,0,13
1999,46067,SD,Hutchinson County,rural,Midwest,West North Central,813.014,8096,4361,0,11
2000,46067,SD,Hutchinson County,rural,Midwest,West North Central,813.014,8060,4366,0,13
2001,46067,SD,Hutchinson County,rural,Midwest,West North Central,813.014,7925,4296,0,14
2002,46067,SD,Hutchinson County,rural,Midwest,West North Central,813.014,7803,4261,0,11
2003,46067,SD,Hutchinson County,  RURAL ,Midwest,West North Central,813.014,7769,4247,0,8
2004,46067,SD,Hutchinson County,rural,Midwest,West North Central,813.014,7660,4187,0,7
2005,46067,SD,Hutchinson County,rural,Midwest,West North Central,813.014,7594,4164,0,10
2006,46067,SD,Hutchinson County,rural,Midwest,West North Central,813.014,7471,4123,0,9
2007,46067,SD,Hutchinson County,rural,Midwest,West North Central,813.014,7436,4149,0,11
2008,46067,SD,Hutchinson County,rural,Midwest,West North Central,813.014,7363,4095,0,11
2009,46067,SD,Hutchinson County,rural,Midwest,West North Central,813.014,7325,4086,0,9
2010,46067,SD,Hutchinson County,rural,Midwest,West North Central,813.014,7343,4102,0,10
2011,46067,SD,Hutchinson County,rural,Midwest,West North Central,813.014,7337,4110,0,14
2012,46067,SD,Hutchinson County,RURAL,Midwest,West North Central,813.014,7246,4107,0,14
2013,46067,SD,Hutchinson County,rural,Midwest,West North Central,813.014,7252,4122,0,14
2014,46067,SD,Hutchinson County,rural,Midwest,West North Central,813.014,7193,4113,0,14
2015,46067,SD,Hutchinson County,rural,Midwest,West North Central,813.014,7227,4129,0,
2016,46067,SD,Hutchinson County,rural  ,Midwest,West North Central,813.014,7268,4154,,
2016,46067,SD,Hutchinson County,rural  ,Midwest,West North Central,813.014,7268,4154,,
1970,46069,SD,Hyde County,rural,Midwest,West North Central,860.536,2506,1374,0,
1971,46069,SD,Hyde County,rural,Midwest,West North Central,860.536,2479,1375,0,
1972,46069,SD,Hyde County,rural,Midwest,West North Central,860.536,2516,1420,0,
1973,46069,SD,Hyde County,rural,Midwest,West North Central,860.536,2490,1432,0,
1974,46069,SD,Hyde County,Rural,Midwest,West North Central,860.536,2477,1444,0,
1975,46069,SD,Hyde County,rural,Midwest,West North Central,860.536,2422,1427,0,
1976,46069,SD,Hyde County,rural,Midwest,West North Central,860.536,2340,1383,0,
1977,46069,SD,Hyde County,rural,Midwest,West North Central,860.536,2286,1344,0,
1978,46069,SD,Hyde County,rural,Midwest,West North Central,860.536,2236,1309,0,
1978,46069,SD,Hyde County,rural,Midwest,West North Central,860.536,2236,1309,0,
1979,46069,SD,Hyde County,rural,Midwest,West North Central,860.536,2228,1308,0,
1980,46069,SD,Hyde County,rural,Midwest,West North Central,860.536,2053,1187,0,
1981,46069,SD,Hyde County,rural,Midwest,West North Central,860.536,1980,1136,0,
1982,46069,SD,Hyde County,RURAL,Midwest,West North Central,860.536,1946,1107,0,
1983,46069,SD,Hyde County,rural,Midwest,West North Central,860.536,1978,1121,0.7483311,0
1984,46069,SD,Hyde County,rural,Midwest,West North Central,860.536,1963,1102,0.5655149,0
1985,46069,SD,Hyde County,  RURAL ,Midwest,West North Central,860.536,1914,1068,0.3772519,
1986,46069,SD,Hyde County,rural,Midwest,West North Central,860.536,1817,1008,0.7384616,
1987,46069,SD,Hyde County,rural,Midwest,West North Central,860.536,1711,945,0.357413,
1988,46069,SD,Hyde County,rural,Midwest,West North Central,860.536,1765,961,0.3746589,
1989,46069,SD,Hyde County,rural,Midwest,West North Central,860.536,1767,953,0.5281869,
1990,46069,SD,Hyde County, rural,Midwest,West North Central,860.536,1690,909,0.6683823,
1991,46069,SD,Hyde County,rural,Midwest,West North Central,860.536,1672,889,0.805519,0
1992,46069,SD,Hyde County,rural,Midwest,West North Central,860.536,1689,884,501,0
1992,46069,,,,,,,,,0.9556757,
1993,46069,SD,Hyde County,rural,Midwest,West North Central,860.536,1714,919,515,
1993,46069,,,,,,,,,1.160354,
1994,46069,SD,Hyde County,rural,Midwest,West North Central,860.536,1695,917,1.413933,
1995,46069,SD,Hyde County,rural,Midwest,West North Central,860.536,1722,943,1.674727,
1996,46069,SD,Hyde County,rural,Midwest,West North Central,860.536,1699,932,1.92801,
1997,46069,SD,Hyde County,rural,Midwest,West North Central,860.536,1698,941,2.214424,
1998,46069,SD,Hyde County,rural,Midwest,West North Central,860.536,1692,939,2.476885,0
1999,46069,SD,Hyde County,rural,Midwest,West North Central,860.536,1670,933,2.712209,0
2000,46069,SD,Hyde County,rural,Midwest,West North Central,860.536,1655,944,2.662265,
2001,46069,SD,Hyde County,rural,Midwest,West North Central,860.536,1607,919,2.598247,
2002,46069,SD,Hyde County,rural,Midwest,West North Central,860.536,1552,885,2.47313,
2003,46069,SD,Hyde County,RURAL,Midwest,West North Central,860.536,1587,887,2.416201,4
2004,46069,SD,Hyde County,rural,Midwest,West North Central,860.536,1616,912,2.431474,
2005,46069,SD,Hyde County,rural,Midwest,West North Central,860.536,1601,898,2.354895,
2006,46069,SD,Hyde County,rural,Midwest,West North Central,860.536,1531,862,2.218666,
2007,46069,SD,Hyde County,  RURAL ,Midwest,West North Central,860.536,1467,822,2.05127,
2008,46069,SD,Hyde County,rural,Midwest,West North Central,860.536,1430,823,1.975652,
2009,46069,SD,Hyde County,rural,Midwest,West North Central,860.536,1420,821,1.89345,
2010,46069,SD,Hyde County,rural,Midwest,West North Central,860.536,1420,835,1.813951,
2011,46069,SD,Hyde County,rural,Midwest,West North Central,860.536,1422,840,1.703425,
2012,46069,SD,Hyde County,rural,Midwest,West North Central,860.536,1398,829,1.628309,
2013,46069,SD,Hyde County,rural,Midwest,West North Central,860.536,1428,853,1.492294,
2014,46069,SD,Hyde County,rural,Midwest,West North Central,860.536,1380,824,1.492294,
2015,46069,SD,Hyde County,rural,Midwest,West North Central,860.536,1394,822,1.492294,
2016,46069,SD,Hyde County,Rural,Midwest,West North Central,860.536,1388,801,,
2016,46069,SD,Hyde County,Rural,Midwest,West North Central,860.536,1388,801,,
1970,46071,SD,Jackson County,rural,Midwest,West North Central,1863.877,1533,905,0,
1971,46071,SD,Jackson County,rural,Midwest,West North Central,1863.877,1518,897,0,
1972,46071,SD,Jackson County,rural,Midwest,West North Central,1863.877,1623,973,0,
1973,46071,SD,Jackson County,rural,Midwest,West North Central,1863.877,1626,977,0,
1974,46071,SD,Jackson County,rural,Midwest,West North Central,1863.877,1646,995,0,
1975,46071,SD,Jackson County,rural,Midwest,West North Central,1863.877,1619,985,0,
1975,46071,SD,Jackson County,rural,Midwest,West North Central,1863.877,1619,985,0,
1976,46071,SD,Jackson County,rural,Midwest,West North Central,1863.877,1602,970,0,
1977,46071,SD,Jackson County,rural,Midwest,West North Central,1863.877,1608,965,0,
1978,46071,SD,Jackson County,rural,Midwest,West North Central,1863.877,1569,936,0,
1978,46071,SD,Jackson County,rural,Midwest,West North Central,1863.877,1569,936,0,
1979,46071,SD,Jackson County,  RURAL ,Midwest,West North Central,1863.877,1527,895,0,
1980,46071,SD,Jackson County,rural,Midwest,West North Central,1863.877,3383,1920,0,
1981,46071,SD,Jackson County,rural,Midwest,West North Central,1863.877,3238,1835,0,
1982,46071,SD,Jackson County,rural,Midwest,West North Central,1863.877,3182,1801,0,
1983,46071,SD,Jackson County,rural  ,Midwest,West North Central,1863.877,3217,1824,1,
1984,46071,SD,Jackson County,rural,Midwest,West North Central,1863.877,3210,1820,0,
1985,46071,SD,Jackson County,rural,Midwest,West North Central,1863.877,3189,1807,0,
1986,46071,SD,Jackson County,rural,Midwest,West North Central,1863.877,3147,1791,0,
1987,46071,SD,Jackson County,rural,Midwest,West North Central,1863.877,3098,1769,0,
1988,46071,SD,Jackson County,rural,Midwest,West North Central,1863.877,3020,1734,0,
1988,46071,SD,Jackson County,rural,Midwest,West North Central,1863.877,3020,1734,0,
1989,46071,SD,Jackson County,rural,Midwest,West North Central,1863.877,2903,1670,0,
1990,46071,SD,Jackson County,rural,Midwest,West North Central,1863.877,2796,1604,0,
1991,46071,SD,Jackson County,rural,Midwest,West North Central,1863.877,2762,1571,0,8
1992,46071,SD,Jackson County,rural,Midwest,West North Central,1863.877,2838,1620,0,5
1993,46071,SD,Jackson County,rural,Midwest,West North Central,1863.877,2830,1624,0,
1994,46071,SD,Jackson County,rural,Midwest,West North Central,1863.877,2913,1695,0,
1995,46071,SD,Jackson County,rural,Midwest,West North Central,1863.877,2906,1705,0,
1996,46071,SD,Jackson County,rural,Midwest,West North Central,1863.877,2915,1703,0,
1997,46071,SD,Jackson County,rural,Midwest,West North Central,1863.877,2851,1713,0,
1997,46071,SD,Jackson County,rural,Midwest,West North Central,1863.877,2851,1713,0,
1998,46071,SD,Jackson County,rural,Midwest,West North Central,1863.877,2914,1705,0,
1999,46071,SD,Jackson County,rural,Midwest,West North Central,1863.877,2902,1707,0,
2000,46071,SD,Jackson County,rural  ,Midwest,West North Central,1863.877,2940,1744,0,4
2001,46071,SD,Jackson County,rural,Midwest,West North Central,1863.877,2846,1704,0,6
2001,46071,SD,Jackson County,rural,Midwest,West North Central,1863.877,2846,1704,0,6
2002,46071,SD,Jackson County,rural,Midwest,West North Central,1863.877,2876,1764,0,4
2002,46071,SD,Jackson County,rural,Midwest,West North Central,1863.877,2876,1764,0,4
2003,46071,SD,Jackson County,rural,Midwest,West North Central,1863.877,2927,1795,0,
2004,46071,SD,Jackson County,rural,Midwest,West North Central,1863.877,2939,1806,0,4
2005,46071,SD,Jackson County,rural,Midwest,West North Central,1863.877,2982,1833,0,4
2006,46071,SD,Jackson County,  RURAL ,Midwest,West North Central,1863.877,2976,1815,0,
2007,46071,SD,Jackson County,rural,Midwest,West North Central,1863.877,3008,1817,0,
2008,46071,SD,Jackson County,rural,Midwest,West North Central,1863.877,2950,1766,0,6
2009,46071,SD,Jackson County,rural,Midwest,West North Central,1863.877,2982,1771,0,6
2010,46071,SD,Jackson County,rural,Midwest,West North Central,1863.877,3031,1810,0,
2011,46071,SD,Jackson County,rural,Midwest,West North Central,1863.877,3050,1827,0,5
2012,46071,SD,Jackson County,RURAL,Midwest,West North Central,1863.877,3157,1881,0,4
2013,46071,SD,Jackson County,rural,Midwest,West North Central,1863.877,3167,1877,0,4
2014,46071,SD,Jackson County,rural,Midwest,West North Central,1863.877,3235,1894,0,4
2014,46071,SD,Jackson County,rural,Midwest,West North Central,1863.877,3235,1894,0,4
2015,46071,SD,Jackson County,rural,Midwest,West North Central,1863.877,3270,1922,0,
2016,46071,SD,Jackson County,rural,Midwest,West North Central,1863.877,3282,1937,,
1970,46073,SD,Jerauld County,rural,Midwest,West North Central,526.183,3290,1817,2,
1971,46073,SD,Jerauld County,rural,Midwest,West North Central,526.183,3206,1769,0,
1972,46073,SD,Jerauld County,rural,Midwest,West North Central,526.183,3184,1770,0,
1973,46073,SD,Jerauld County,suburban,Midwest,West North Central,526.183,3221,1812,0,
1974,46073,SD,Jerauld County,suburban,Midwest,West North Central,526.183,3106,1748,0,
1975,46073,SD,Jerauld County,suburban,Midwest,West North Central,526.183,3077,1752,0,
1976,46073,SD,Jerauld County,rural,Midwest,West North Central,526.183,3026,1716,0,
1977,46073,SD,Jerauld County,suburban,Midwest,West North Central,526.183,2992,1699,0,
1978,46073,SD,Jerauld County,  RURAL ,Midwest,West North Central,526.183,3017,1722,0,
1978,46073,SD,Jerauld County,  RURAL ,Midwest,West North Central,526.183,3017,1722,0,
1979,46073,SD,Jerauld County,rural,Midwest,West North Central,526.183,3007,1721,0,
1980,46073,SD,Jerauld County,suburban,Midwest,West North Central,526.183,2914,1651,0,
1981,46073,SD,Jerauld County,rural,Midwest,West North Central,526.183,2856,1611,0,
1982,46073,SD,Jerauld County,rural,Midwest,West North Central,526.183,2841,1595,0,
1983,46073,SD,Jerauld County,rural,Midwest,West North Central,526.183,2752,1537,0,
1984,46073,SD,Jerauld County,suburban,Midwest,West North Central,526.183,2687,1495,0,0
1985,46073,SD,Jerauld County,rural,Midwest,West North Central,526.183,2723,1505,0,
1986,46073,SD,Jerauld County,rural,Midwest,West North Central,526.183,2606,1438,0,
1987,46073,SD,Jerauld County,rural,Midwest,West North Central,526.183,2627,1447,0,
1988,46073,SD,Jerauld County,rural,Midwest,West North Central,526.183,2532,1384,0,
1989,46073,SD,Jerauld County,rural,Midwest,West North Central,526.183,2460,1335,0,
1990,46073,SD,Jerauld County,rural,Midwest,West North Central,526.183,2425,1313,0,0
1991,46073,SD,Jerauld County,rural,Midwest,West North Central,526.183,2429,1326,0,0
1991,46073,SD,Jerauld County,rural,Midwest,West North Central,526.183,2429,1326,0,0
1992,46073,SD,Jerauld County,rural,Midwest,West North Central,526.183,2451,1338,0,0
1993,46073,SD,Jerauld County,suburban,Midwest,West North Central,526.183,2479,1366,0,
1994,46073,SD,Jerauld County,rural,Midwest,West North Central,526.183,2480,1376,0,
1995,46073,SD,Jerauld County,rural,Midwest,West North Central,526.183,2442,1374,0,0
1996,46073,SD,Jerauld County,suburban,Midwest,West North Central,526.183,2453,1399,0,0
1997,46073,SD,Jerauld County,rural,Midwest,West North Central,526.183,2418,1389,0,
1998,46073,SD,Jerauld County,rural,Midwest,West North Central,526.183,2386,1382,0,0
1999,46073,SD,Jerauld County,suburban,Midwest,West North Central,526.183,2321,1348,0,4
2000,46073,SD,Jerauld County,suburban,Midwest,West North Central,526.183,2259,1321,0,
2001,46073,SD,Jerauld County,rural,Midwest,West North Central,526.183,2225,1307,0,
2002,46073,SD,Jerauld County, rural,Midwest,West North Central,526.183,2197,1291,0,
2003,46073,SD,Jerauld County,rural,Midwest,West North Central,526.183,2155,1261,0,
2004,46073,SD,Jerauld County,suburban,Midwest,West North Central,526.183,2102,1217,0,
2005,46073,SD,Jerauld County,Rural,Midwest,West North Central,526.183,2105,1224,0,
2005,46073,SD,Jerauld County,suburban,Midwest,West North Central,526.183,2105,1224,0,
2006,46073,SD,Jerauld County,suburban,Midwest,West North Central,526.183,2059,1208,0,
2006,46073,SD,Jerauld County,rural,Midwest,West North Central,526.183,2059,1208,0,
2007,46073,SD,Jerauld County,suburban,Midwest,West North Central,526.183,2006,1156,0,
2008,46073,SD,Jerauld County, rural,Midwest,West North Central,526.183,2023,1171,0,
2008,46073,SD,Jerauld County, rural,Midwest,West North Central,526.183,2023,1171,0,
2009,46073,SD,Jerauld County,suburban,Midwest,West North Central,526.183,2019,1155,0,
2009,46073,SD,Jerauld County,suburban,Midwest,West North Central,526.183,2019,1155,0,
2010,46073,SD,Jerauld County,suburban,Midwest,West North Central,526.183,2071,1176,0,0
2011,46073,SD,Jerauld County,rural,Midwest,West North Central,526.183,2091,1184,0,0
2012,46073,SD,Jerauld County,rural,Midwest,West North Central,526.183,2075,1159,0,
2013,46073,SD,Jerauld County,rural,Midwest,West North Central,526.183,2054,1132,0,
2014,46073,SD,Jerauld County,rural,Midwest,West North Central,526.183,2073,1134,0,
2015,46073,SD,Jerauld County,rural,Midwest,West North Central,526.183,2042,1099,0,
2016,46073,SD,Jerauld County,rural,Midwest,West North Central,526.183,2020,1073,,
1970,46075,SD,Jones County,rural,Midwest,West North Central,969.678,1848,1083,2,
1971,46075,SD,Jones County,rural  ,Midwest,West North Central,969.678,1735,1016,0,
1972,46075,SD,Jones County,rural,Midwest,West North Central,969.678,1815,1080,0,
1973,46075,SD,Jones County,rural,Midwest,West North Central,969.678,1768,1067,0,
1974,46075,SD,Jones County,rural,Midwest,West North Central,969.678,1785,1086,0,
1975,46075,SD,Jones County,rural  ,Midwest,West North Central,969.678,1693,1045,0,
1976,46075,SD,Jones County,RURAL,Midwest,West North Central,969.678,1644,1015,0,
1977,46075,SD,Jones County,rural,Midwest,West North Central,969.678,1638,1007,0,
1978,46075,SD,Jones County,rural,Midwest,West North Central,969.678,1559,952,0,
1979,46075,SD,Jones County,rural,Midwest,West North Central,969.678,1478,898,0,
1980,46075,SD,Jones County,rural,Midwest,West North Central,969.678,1455,887,0,
1980,46075,SD,Jones County,rural,Midwest,West North Central,969.678,1455,887,0,
1981,46075,SD,Jones County,rural,Midwest,West North Central,969.678,1429,870,0,
1982,46075,SD,Jones County,rural,Midwest,West North Central,969.678,1418,859,0,
1983,46075,SD,Jones County,rural,Midwest,West North Central,969.678,1457,880,0,
1984,46075,SD,Jones County,rural,Midwest,West North Central,969.678,1488,897,0,
1985,46075,SD,Jones County,rural,Midwest,West North Central,969.678,1487,891,0,0
1986,46075,SD,Jones County,rural,Midwest,West North Central,969.678,1485,890,0,0
1987,46075,SD,Jones County,rural,Midwest,West North Central,969.678,1433,859,0,0
1988,46075,SD,Jones County,rural,Midwest,West North Central,969.678,1377,821,0,0
1989,46075,SD,Jones County,rural,Midwest,West North Central,969.678,1335,787,0,0
1990,46075,SD,Jones County,rural,Midwest,West North Central,969.678,1328,783,0,0
1991,46075,SD,Jones County,rural,Midwest,West North Central,969.678,1311,778,0,0
1992,46075,SD,Jones County,rural,Midwest,West North Central,969.678,1272,750,0,
1993,46075,SD,Jones County,rural,Midwest,West North Central,969.678,1277,758,0,
1994,46075,SD,Jones County,  RURAL ,Midwest,West North Central,969.678,1292,769,0,4
1995,46075,SD,Jones County,rural,Midwest,West North Central,969.678,1297,785,0,
1996,46075,SD,Jones County,rural,Midwest,West North Central,969.678,1268,773,0,
1997,46075,SD,Jones County,rural,Midwest,West North Central,969.678,1265,778,0,4
1998,46075,SD,Jones County,  RURAL ,Midwest,West North Central,969.678,1227,757,0,
1999,46075,SD,Jones County,rural,Midwest,West North Central,969.678,1213,755,0,
2000,46075,SD,Jones County,rural,Midwest,West North Central,969.678,1182,736,0,4
2001,46075,SD,Jones County,rural,Midwest,West North Central,969.678,1136,698,0,8
2002,46075,SD,Jones County,rural  ,Midwest,West North Central,969.678,1113,689,0,8
2003,46075,SD,Jones County, rural,Midwest,West North Central,969.678,1074,657,0,7
2004,46075,SD,Jones County,rural,Midwest,West North Central,969.678,1068,681,0,7
2005,46075,SD,Jones County,Rural,Midwest,West North Central,969.678,1033,642,0,4
2006,46075,SD,Jones County,rural,Midwest,West North Central,969.678,1046,647,501,4
2006,46075,,,,,,,,,0,
2007,46075,SD,Jones County,rural,Midwest,West North Central,969.678,1014,627,0,5
2008,46075,SD,Jones County,rural,Midwest,West North Central,969.678,976,596,0,4
2009,46075,SD,Jones County,rural,Midwest,West North Central,969.678,990,593,0,5
2010,46075,SD,Jones County,rural,Midwest,West North Central,969.678,1006,616,0,5
2011,46075,SD,Jones County,rural,Midwest,West North Central,969.678,1011,620,0,8
2012,46075,SD,Jones County,rural,Midwest,West North Central,969.678,1004,612,501,6
2012,46075,,,,,,,,,0,
2013,46075,SD,Jones County,Rural,Midwest,West North Central,969.678,992,607,0,6
2014,46075,SD,Jones County,rural,Midwest,West North Central,969.678,973,597,0,6
2015,46075,SD,Jones County,rural,Midwest,West North Central,969.678,957,579,0,
2016,46075,SD,Jones County,rural,Midwest,West North Central,969.678,918,545,,
1970,46077,SD,Kingsbury County,rural,Midwest,West North Central,832.237,7590,4227,0,
1971,46077,SD,Kingsbury County,rural,Midwest,West North Central,832.237,7338,4082,0,
1972,46077,SD,Kingsbury County,rural,Midwest,West North Central,832.237,7230,4045,0,
1973,46077,SD,Kingsbury County,rural,Midwest,West North Central,832.237,7136,4017,0,
1974,46077,SD,Kingsbury County,rural,Midwest,West North Central,832.237,7089,4038,0,
1975,46077,SD,Kingsbury County,rural,Midwest,West North Central,832.237,7024,4046,0,
1976,46077,SD,Kingsbury County,rural,Midwest,West North Central,832.237,6971,4031,0,
1977,46077,SD,Kingsbury County,rural,Midwest,West North Central,832.237,6982,4032,0,
1978,46077,SD,Kingsbury County,rural,Midwest,West North Central,832.237,6793,3932,0,
1979,46077,SD,Kingsbury County,RURAL,Midwest,West North Central,832.237,6743,3903,0,
1980,46077,SD,Kingsbury County,rural,Midwest,West North Central,832.237,6681,3862,0,
1981,46077,SD,Kingsbury County,rural,Midwest,West North Central,832.237,6661,3822,0,
1982,46077,SD,Kingsbury County,rural  ,Midwest,West North Central,832.237,6659,3789,0,
1983,46077,SD,Kingsbury County,rural,Midwest,West North Central,832.237,6516,3686,0,
1984,46077,SD,Kingsbury County,rural,Midwest,West North Central,832.237,6452,3627,0,
1985,46077,SD,Kingsbury County,rural,Midwest,West North Central,832.237,6391,3572,0,
1986,46077,SD,Kingsbury County,rural,Midwest,West North Central,832.237,6245,3463,0,
1987,46077,SD,Kingsbury County,rural,Midwest,West North Central,832.237,6239,3437,0,4.6
1988,46077,SD,Kingsbury County,rural,Midwest,West North Central,832.237,6106,3331,0,6.4
1989,46077,SD,Kingsbury County,rural,Midwest,West North Central,832.237,6008,3247,0,8.2
1990,46077,SD,Kingsbury County,RURAL,Midwest,West North Central,832.237,5908,3157,0,10
1991,46077,SD,Kingsbury County,rural,Midwest,West North Central,832.237,5853,3129,0,9
1992,46077,SD,Kingsbury County,Rural,Midwest,West North Central,832.237,5900,3155,0,4
1993,46077,SD,Kingsbury County,rural,Midwest,West North Central,832.237,5890,3172,0,6
1994,46077,SD,Kingsbury County,rural,Midwest,West North Central,832.237,5824,3148,0,9
1995,46077,SD,Kingsbury County,rural,Midwest,West North Central,832.237,5850,3201,0,12
1996,46077,SD,Kingsbury County,rural,Midwest,West North Central,832.237,5912,3282,0,9
1997,46077,SD,Kingsbury County,rural,Midwest,West North Central,832.237,5894,3292,0,7
1998,46077,SD,Kingsbury County,rural,Midwest,West North Central,832.237,5842,3252,0,15
1999,46077,SD,Kingsbury County,rural,Midwest,West North Central,832.237,5803,3245,0,17
2000,46077,SD,Kingsbury County,rural,Midwest,West North Central,832.237,5803,3265,0,13
2001,46077,SD,Kingsbury County,rural,Midwest,West North Central,832.237,5635,3197,0,11
2002,46077,SD,Kingsbury County,rural,Midwest,West North Central,832.237,5524,3165,0,9
2003,46077,SD,Kingsbury County,rural,Midwest,West North Central,832.237,5435,3158,0,12
2004,46077,SD,Kingsbury County,  RURAL ,Midwest,West North Central,832.237,5311,3122,0,12
2005,46077,SD,Kingsbury County,rural,Midwest,West North Central,832.237,5318,3146,0,11
2006,46077,SD,Kingsbury County,rural,Midwest,West North Central,832.237,5228,3114,0,6
2007,46077,SD,Kingsbury County,rural,Midwest,West North Central,832.237,5177,3094,0,8
2008,46077,SD,Kingsbury County,rural,Midwest,West North Central,832.237,5142,3082,0,10
2009,46077,SD,Kingsbury County,rural,Midwest,West North Central,832.237,5146,3123,0,5
2010,46077,SD,Kingsbury County,rural,Midwest,West North Central,832.237,5147,3106,0,5
2011,46077,SD,Kingsbury County,rural,Midwest,West North Central,832.237,5133,3095,0,5
2012,46077,SD,Kingsbury County,rural,Midwest,West North Central,832.237,5171,3128,0,6
2013,46077,SD,Kingsbury County,rural,Midwest,West North Central,832.237,5231,3169,0,6
2014,46077,SD,Kingsbury County,rural,Midwest,West North Central,832.237,5066,3062,0,6
2015,46077,SD,Kingsbury County,rural,Midwest,West North Central,832.237,5052,3038,0,
2016,46077,SD,Kingsbury County,rural,Midwest,West North Central,832.237,4954,2947,,
1970,46079,SD,Lake County,rural,Midwest,West North Central,562.896,11378,6856,4,
1971,46079,SD,Lake County,rural,Midwest,West North Central,562.896,11052,6632,3.75,
1972,46079,SD,Lake County,rural,Midwest,West North Central,562.896,11209,6747,3.5,
1973,46079,SD,Lake County,rural,Midwest,West North Central,562.896,10780,6468,3.25,
1974,46079,SD,Lake County,rural,Midwest,West North Central,562.896,10581,6358,3,
1974,46079,SD,Lake County,rural,Midwest,West North Central,562.896,10581,6358,3,
1975,46079,SD,Lake County,rural,Midwest,West North Central,562.896,10610,6406,2.75,
1976,46079,SD,Lake County,rural,Midwest,West North Central,562.896,10689,6517,2.5,
1977,46079,SD,Lake County,rural,Midwest,West North Central,562.896,10630,6490,2.25,
1978,46079,SD,Lake County,rural,Midwest,West North Central,562.896,10616,6503,2,
1979,46079,SD,Lake County,rural,Midwest,West North Central,562.896,10542,6475,3.4,
1980,46079,SD,Lake County,rural,Midwest,West North Central,562.896,10740,6609,4.8,
1981,46079,SD,Lake County,RURAL,Midwest,West North Central,562.896,10757,6604,6.2,
1982,46079,SD,Lake County,rural,Midwest,West North Central,562.896,10870,6641,7.6,
1983,46079,SD,Lake County,rural,Midwest,West North Central,562.896,10816,6589,9,6
1984,46079,SD,Lake County,rural,Midwest,West North Central,562.896,10686,6485,8.4,
1985,46079,SD,Lake County,rural,Midwest,West North Central,562.896,10874,6573,7.8,9
1986,46079,SD,Lake County,rural,Midwest,West North Central,562.896,10622,6385,7.2,9
1987,46079,SD,Lake County,rural,Midwest,West North Central,562.896,10425,6251,6.6,9
1988,46079,SD,Lake County,rural,Midwest,West North Central,562.896,10458,6238,6,9
1989,46079,SD,Lake County,rural,Midwest,West North Central,562.896,10518,6228,6.8,9
1989,46079,SD,Lake County,rural,Midwest,West North Central,562.896,10518,6228,6.8,9
1990,46079,SD,Lake County,rural  ,Midwest,West North Central,562.896,10568,6246,7.6,9
1991,46079,SD,Lake County,rural,Midwest,West North Central,562.896,10642,6348,8.4,14
1992,46079,SD,Lake County,rural,Midwest,West North Central,562.896,10879,6525,9.2,12
1993,46079,SD,Lake County,rural,Midwest,West North Central,562.896,10891,6573,10,10
1994,46079,SD,Lake County,rural,Midwest,West North Central,562.896,10932,6669,9.666667,15
1995,46079,SD,Lake County,rural,Midwest,West North Central,562.896,11092,6909,9.333333,19
1995,46079,SD,Lake County,rural,Midwest,West North Central,562.896,11092,6909,9.333333,19
1996,46079,SD,Lake County,rural,Midwest,West North Central,562.896,11075,6957,9,22
1997,46079,SD,Lake County,rural,Midwest,West North Central,562.896,11160,7089,8.666667,22
1998,46079,SD,Lake County,rural,Midwest,West North Central,562.896,11218,7187,8.333333,30
1999,46079,SD,Lake County,rural,Midwest,West North Central,562.896,11309,7327,8,36
2000,46079,SD,Lake County,rural,Midwest,West North Central,562.896,11217,7318,8,34
2001,46079,SD,Lake County,rural,Midwest,West North Central,562.896,11143,7318,8,44
2002,46079,SD,Lake County,rural  ,Midwest,West North Central,562.896,10922,7157,8,35
2003,46079,SD,Lake County,rural,Midwest,West North Central,562.896,10767,7082,8,35
2004,46079,SD,Lake County,rural,Midwest,West North Central,562.896,10612,6975,8,26
2005,46079,SD,Lake County,rural,Midwest,West North Central,562.896,10624,6990,8,33
2006,46079,SD,Lake County,rural,Midwest,West North Central,562.896,10659,6955,522,30
2006,46079,,,,,,,,,8.75,
2007,46079,SD,Lake County,rural  ,Midwest,West North Central,562.896,10920,7131,9.5,28
2008,46079,SD,Lake County,rural,Midwest,West North Central,562.896,11119,7250,10.25,29
2009,46079,SD,Lake County,rural,Midwest,West North Central,562.896,11084,7244,11,22
2010,46079,SD,Lake County,Rural,Midwest,West North Central,562.896,11202,7295,11.75,23
2011,46079,SD,Lake County,rural,Midwest,West North Central,562.896,11282,7356,12.5,25
2012,46079,SD,Lake County,rural,Midwest,West North Central,562.896,11564,7592,13.25,28
2013,46079,SD,Lake County,RURAL,Midwest,West North Central,562.896,11741,7669,14,28
2014,46079,SD,Lake County, rural,Midwest,West North Central,562.896,11906,7709,14,28
2015,46079,SD,Lake County,rural,Midwest,West North Central,562.896,12089,7790,14,
2016,46079,SD,Lake County,rural  ,Midwest,West North Central,562.896,12340,7859,,
1970,46081,SD,Lawrence County,rural,Midwest,West North Central,800.053,17465,10772,9,
1971,46081,SD,Lawrence County,rural,Midwest,West North Central,800.053,17512,10842,10,
1972,46081,SD,Lawrence County,rural,Midwest,West North Central,800.053,17075,10612,11,
1973,46081,SD,Lawrence County,rural  ,Midwest,West North Central,800.053,16497,10282,12,
1974,46081,SD,Lawrence County,rural,Midwest,West North Central,800.053,16789,10590,13,
1975,46081,SD,Lawrence County,rural,Midwest,West North Central,800.053,16902,10780,14,
1976,46081,SD,Lawrence County,rural,Midwest,West North Central,800.053,17228,11076,15,
1977,46081,SD,Lawrence County,rural,Midwest,West North Central,800.053,17176,11052,16,
1978,46081,SD,Lawrence County,rural,Midwest,West North Central,800.053,17410,11280,17,
1979,46081,SD,Lawrence County,rural,Midwest,West North Central,800.053,17777,11558,17.2,
1980,46081,SD,Lawrence County,rural,Midwest,West North Central,800.053,18401,11995,17.4,
1981,46081,SD,Lawrence County,rural,Midwest,West North Central,800.053,18561,12069,17.6,
1982,46081,SD,Lawrence County,rural,Midwest,West North Central,800.053,18757,12138,17.8,
1983,46081,SD,Lawrence County,rural,Midwest,West North Central,800.053,19073,12301,18,17
1984,46081,SD,Lawrence County,rural,Midwest,West North Central,800.053,19211,12355,19.4,30
1985,46081,SD,Lawrence County,rural,Midwest,West North Central,800.053,19522,12505,20.8,34
1986,46081,SD,Lawrence County,rural,Midwest,West North Central,800.053,19825,12658,22.2,37.2
1987,46081,SD,Lawrence County,rural,Midwest,West North Central,800.053,20009,12743,23.6,40.4
1988,46081,SD,Lawrence County,rural,Midwest,West North Central,800.053,19956,12645,25,43.6
1989,46081,SD,Lawrence County,rural,Midwest,West North Central,800.053,20506,12921,25,46.8
1989,46081,SD,Lawrence County,rural,Midwest,West North Central,800.053,20506,12921,25,46.8
1990,46081,SD,Lawrence County,Rural,Midwest,West North Central,800.053,20707,13053,25,50
1991,46081,SD,Lawrence County,rural,Midwest,West North Central,800.053,21184,13467,25,57
1992,46081,SD,Lawrence County,rural  ,Midwest,West North Central,800.053,21545,13723,25,74
1993,46081,SD,Lawrence County,rural,Midwest,West North Central,800.053,22008,14143,25,90
1994,46081,SD,Lawrence County,rural,Midwest,West North Central,800.053,22381,14543,27.5,96
1995,46081,SD,Lawrence County,rural,Midwest,West North Central,800.053,22688,14915,30,93
1996,46081,SD,Lawrence County,rural,Midwest,West North Central,800.053,22692,15114,32.5,126
1996,46081,SD,Lawrence County,rural,Midwest,West North Central,800.053,22692,15114,32.5,126
1997,46081,SD,Lawrence County,  RURAL ,Midwest,West North Central,800.053,22591,15107,35,138
1998,46081,SD,Lawrence County,rural,Midwest,West North Central,800.053,22378,15002,37.5,133
1999,46081,SD,Lawrence County,rural,Midwest,West North Central,800.053,21840,14661,40,116
2000,46081,SD,Lawrence County,rural,Midwest,West North Central,800.053,21763,14666,40,98
2001,46081,SD,Lawrence County,rural,Midwest,West North Central,800.053,21738,14698,40,119
2001,46081,SD,Lawrence County,rural,Midwest,West North Central,800.053,21738,14698,40,119
2002,46081,SD,Lawrence County,rural,Midwest,West North Central,800.053,21763,14817,40,109
2002,46081,SD,Lawrence County,rural,Midwest,West North Central,800.053,21763,14817,40,109
2003,46081,SD,Lawrence County,rural,Midwest,West North Central,800.053,22135,15146,40,99
2004,46081,SD,Lawrence County,rural,Midwest,West North Central,800.053,22610,15461,40,112
2004,46081,SD,Lawrence County,rural,Midwest,West North Central,800.053,22610,15461,40,112
2005,46081,SD,Lawrence County,rural,Midwest,West North Central,800.053,22889,15643,40,133
2006,46081,SD,Lawrence County,rural,Midwest,West North Central,800.053,23172,15810,38.625,109
2007,46081,SD,Lawrence County,rural,Midwest,West North Central,800.053,23543,16036,37.25,116
2007,46081,SD,Lawrence County,rural,Midwest,West North Central,800.053,23543,16036,37.25,116
2008,46081,SD,Lawrence County,rural,Midwest,West North Central,800.053,23659,15997,35.875,116
2009,46081,SD,Lawrence County,rural,Midwest,West North Central,800.053,23781,16046,34.5,129
2010,46081,SD,Lawrence County,rural,Midwest,West North Central,800.053,24090,16224,33.125,129
2011,46081,SD,Lawrence County,rural  ,Midwest,West North Central,800.053,24205,16291,31.75,117
2012,46081,SD,Lawrence County,rural,Midwest,West North Central,800.053,24329,16356,30.375,113
2013,46081,SD,Lawrence County,rural,Midwest,West North Central,800.053,24394,16390,29,113
2014,46081,SD,Lawrence County,rural,Midwest,West North Central,800.053,24949,16705,30,113
2015,46081,SD,Lawrence County,rural,Midwest,West North Central,800.053,24733,16359,31,
2016,46081,SD,Lawrence County,rural,Midwest,West North Central,800.053,24796,16268,,
1970,46083,SD,Lincoln County,small/mid,Midwest,West North Central,577.293,11718,6577,0,
1971,46083,SD,Lincoln County,small/mid,Midwest,West North Central,577.293,11564,6506,0,
1972,46083,SD,Lincoln County,small/mid,Midwest,West North Central,577.293,11718,6663,0,
1973,46083,SD,Lincoln County,small/mid,Midwest,West North Central,577.293,11911,6851,0,
1974,46083,SD,Lincoln County,small/mid,Midwest,West North Central,577.293,11904,6894,0,
1975,46083,SD,Lincoln County,small/mid,Midwest,West North Central,577.293,12014,7011,0,
1976,46083,SD,Lincoln County,small/mid,Midwest,West North Central,577.293,12234,7154,0,
1977,46083,SD,Lincoln County,small/mid,Midwest,West North Central,577.293,12532,7352,0,
1978,46083,SD,Lincoln County,SMALL/MID,Midwest,West North Central,577.293,12901,7600,0,
1979,46083,SD,Lincoln County,small/mid,Midwest,West North Central,577.293,13080,7694,5.319455,
1980,46083,SD,Lincoln County,Small/mid,Midwest,West North Central,577.293,13942,8281,6.139532,
1981,46083,SD,Lincoln County,small/mid,Midwest,West North Central,577.293,13875,8246,6.706874,
1982,46083,SD,Lincoln County,small/mid,Midwest,West North Central,577.293,13949,8278,7.275941,
1983,46083,SD,Lincoln County, small/mid,Midwest,West North Central,577.293,14132,8388,7.842541,7
1984,46083,SD,Lincoln County,small/mid  ,Midwest,West North Central,577.293,14359,8530,8.38604,7
1985,46083,SD,Lincoln County,Small/mid,Midwest,West North Central,577.293,14516,8624,8.953385,7
1985,46083,SD,Lincoln County,Small/mid,Midwest,West North Central,577.293,14516,8624,8.953385,7
1986,46083,SD,Lincoln County,small/mid,Midwest,West North Central,577.293,14701,8737,9.779359,7.4
1987,46083,SD,Lincoln County,small/mid,Midwest,West North Central,577.293,14697,8752,8.825816,7.8
1988,46083,SD,Lincoln County,small/mid,Midwest,West North Central,577.293,15020,8926,13.87149,8.2
1989,46083,SD,Lincoln County,small/mid,Midwest,West North Central,577.293,15421,9140,15.71011,8.6
1990,46083,SD,Lincoln County,small/mid,Midwest,West North Central,577.293,15465,9172,19.83498,9
1991,46083,SD,Lincoln County,small/mid,Midwest,West North Central,577.293,15648,9280,20.86911,9
1992,46083,SD,Lincoln County,small/mid,Midwest,West North Central,577.293,16085,9545,24.07595,11
1993,46083,SD,Lincoln County,small/mid,Midwest,West North Central,577.293,16793,10065,19.85187,17
1994,46083,SD,Lincoln County,small/mid,Midwest,West North Central,577.293,17423,10557,22.61198,19
1995,46083,SD,Lincoln County,small/mid,Midwest,West North Central,577.293,18196,11183,25.92339,22
1996,46083,SD,Lincoln County,small/mid,Midwest,West North Central,577.293,19045,11910,29.46263,31
1997,46083,SD,Lincoln County,small/mid,Midwest,West North Central,577.293,20352,12839,34.26298,33
1998,46083,SD,Lincoln County,small/mid,Midwest,West North Central,577.293,21508,13683,38.67556,39
1998,46083,SD,Lincoln County,small/mid,Midwest,West North Central,577.293,21508,13683,38.67556,39
1999,46083,SD,Lincoln County,small/mid,Midwest,West North Central,577.293,22945,14743,43.5799,35
2000,46083,SD,Lincoln County,small/mid,Midwest,West North Central,577.293,24557,15953,42.53365,35
2001,46083,SD,Lincoln County,small/mid,Midwest,West North Central,577.293,26322,17254,47.27282,46
2002,46083,SD,Lincoln County,small/mid,Midwest,West North Central,577.293,28032,18516,46.95198,53
2003,46083,SD,Lincoln County,SMALL/MID,Midwest,West North Central,577.293,29720,19706,46.09368,64
2004,46083,SD,Lincoln County,SMALL/MID,Midwest,West North Central,577.293,32343,21445,64.66184,56
2004,46083,SD,Lincoln County,SMALL/MID,Midwest,West North Central,577.293,32343,21445,64.66184,56
2005,46083,SD,Lincoln County,small/mid,Midwest,West North Central,577.293,34598,22932,88.05399,62
2006,46083,SD,Lincoln County,small/mid,Midwest,West North Central,577.293,36885,24310,101.4417,61
2007,46083,SD,Lincoln County,small/mid,Midwest,West North Central,577.293,39260,25798,96.40986,77
2008,46083,SD,Lincoln County,small/mid,Midwest,West North Central,577.293,41590,27266,95.73831,77
2009,46083,SD,Lincoln County,small/mid,Midwest,West North Central,577.293,43522,28374,103.1789,82
2010,46083,SD,Lincoln County,small/mid,Midwest,West North Central,577.293,44823,29250,113.7168,83
2011,46083,SD,Lincoln County,small/mid,Midwest,West North Central,577.293,45186,29480,103.8782,76
2012,46083,SD,Lincoln County,small/mid,Midwest,West North Central,577.293,46804,30553,114.7094,84
2013,46083,SD,Lincoln County,small/mid,Midwest,West North Central,577.293,48401,31403,115.3635,84
2014,46083,SD,Lincoln County,small/mid,Midwest,West North Central,577.293,49910,32253,113.6488,84
2015,46083,SD,Lincoln County,small/mid,Midwest,West North Central,577.293,51597,33196,82.41392,
2015,46083,SD,Lincoln County,small/mid,Midwest,West North Central,577.293,51597,33196,82.41392,
2016,46083,SD,Lincoln County,Small/mid,Midwest,West North Central,577.293,52993,33852,,
2016,46083,SD,Lincoln County,Small/mid,Midwest,West North Central,577.293,52993,33852,,
1970,46085,SD,Lyman County,rural,Midwest,West North Central,1642.147,4021,2275,2,
1971,46085,SD,Lyman County,rural,Midwest,West North Central,1642.147,3891,2205,0,
1972,46085,SD,Lyman County,rural,Midwest,West North Central,1642.147,4019,2305,0,
1973,46085,SD,Lyman County,rural,Midwest,West North Central,1642.147,4002,2312,0,
1974,46085,SD,Lyman County, rural,Midwest,West North Central,1642.147,3857,2219,0,
1975,46085,SD,Lyman County,rural  ,Midwest,West North Central,1642.147,3986,2318,0,
1976,46085,SD,Lyman County,rural,Midwest,West North Central,1642.147,4006,2336,0,
1977,46085,SD,Lyman County,rural,Midwest,West North Central,1642.147,3937,2306,0,
1978,46085,SD,Lyman County,rural,Midwest,West North Central,1642.147,3896,2290,0,
1979,46085,SD,Lyman County,rural,Midwest,West North Central,1642.147,3752,2190,0,
1980,46085,SD,Lyman County,rural,Midwest,West North Central,1642.147,3839,2259,0,
1981,46085,SD,Lyman County,rural,Midwest,West North Central,1642.147,3806,2238,0,
1982,46085,SD,Lyman County,rural,Midwest,West North Central,1642.147,3780,2213,0,
1983,46085,SD,Lyman County,rural,Midwest,West North Central,1642.147,3793,2212,0,
1984,46085,SD,Lyman County,rural,Midwest,West North Central,1642.147,3832,2231,0,
1985,46085,SD,Lyman County,rural,Midwest,West North Central,1642.147,3768,2191,0,
1986,46085,SD,Lyman County,rural,Midwest,West North Central,1642.147,3687,2146,0,
1987,46085,SD,Lyman County,rural,Midwest,West North Central,1642.147,3598,2098,0,
1988,46085,SD,Lyman County,rural,Midwest,West North Central,1642.147,3636,2120,0,
1989,46085,SD,Lyman County,rural,Midwest,West North Central,1642.147,3666,2130,0,
1990,46085,SD,Lyman County,rural,Midwest,West North Central,1642.147,3646,2125,0,
1991,46085,SD,Lyman County,rural,Midwest,West North Central,1642.147,3618,2107,0,
1992,46085,SD,Lyman County,rural,Midwest,West North Central,1642.147,3681,2146,0,5
1993,46085,SD,Lyman County,rural,Midwest,West North Central,1642.147,3715,2181,0,4
1994,46085,SD,Lyman County,rural,Midwest,West North Central,1642.147,3794,2242,0,4
1995,46085,SD,Lyman County,RURAL,Midwest,West North Central,1642.147,3848,2289,0,4
1996,46085,SD,Lyman County,rural,Midwest,West North Central,1642.147,3884,2325,0,4
1997,46085,SD,Lyman County,rural,Midwest,West North Central,1642.147,3913,2342,0,7
1998,46085,SD,Lyman County,rural,Midwest,West North Central,1642.147,3822,2280,0,8
1999,46085,SD,Lyman County,rural,Midwest,West North Central,1642.147,3850,2308,0,9
2000,46085,SD,Lyman County,rural,Midwest,West North Central,1642.147,3908,2351,0,6
2000,46085,SD,Lyman County,rural,Midwest,West North Central,1642.147,3908,2351,0,6
2001,46085,SD,Lyman County,rural,Midwest,West North Central,1642.147,3879,2363,0,16
2002,46085,SD,Lyman County,rural,Midwest,West North Central,1642.147,3863,2395,0,11
2002,46085,SD,Lyman County,rural,Midwest,West North Central,1642.147,3863,2395,0,11
2003,46085,SD,Lyman County,rural,Midwest,West North Central,1642.147,3860,2365,0,11
2004,46085,SD,Lyman County,rural,Midwest,West North Central,1642.147,3827,2359,0,7
2005,46085,SD,Lyman County,rural,Midwest,West North Central,1642.147,3756,2319,0,12
2006,46085,SD,Lyman County,  RURAL ,Midwest,West North Central,1642.147,3754,2335,0,13
2007,46085,SD,Lyman County,rural,Midwest,West North Central,1642.147,3765,2325,0,12
2008,46085,SD,Lyman County, rural,Midwest,West North Central,1642.147,3669,2247,0,6
2009,46085,SD,Lyman County,rural  ,Midwest,West North Central,1642.147,3723,2261,0,5
2010,46085,SD,Lyman County,rural,Midwest,West North Central,1642.147,3755,2308,0,6
2011,46085,SD,Lyman County,rural,Midwest,West North Central,1642.147,3761,2321,0,7
2012,46085,SD,Lyman County,rural,Midwest,West North Central,1642.147,3811,2358,0,10
2013,46085,SD,Lyman County,rural,Midwest,West North Central,1642.147,3778,2316,0,10
2014,46085,SD,Lyman County,rural,Midwest,West North Central,1642.147,3848,2346,0,10
2015,46085,SD,Lyman County,rural,Midwest,West North Central,1642.147,3859,2339,0,
2016,46085,SD,Lyman County,rural,Midwest,West North Central,1642.147,3881,2353,,
2016,46085,SD,Lyman County,rural,Midwest,West North Central,1642.147,3881,2353,,
1970,46087,SD,McCook County,small/mid,Midwest,West North Central,574.204,7315,3976,3,
1970,46087,SD,McCook County,small/mid,Midwest,West North Central,574.204,7315,3976,3,
1971,46087,SD,McCook County,SMALL/MID,Midwest,West North Central,574.204,7597,4202,2.75,
1972,46087,SD,McCook County,small/mid,Midwest,West North Central,574.204,7060,3901,2.5,
1973,46087,SD,McCook County,small/mid,Midwest,West North Central,574.204,6843,3811,2.25,
1974,46087,SD,McCook County,small/mid,Midwest,West North Central,574.204,6768,3817,2,
1975,46087,SD,McCook County,small/mid  ,Midwest,West North Central,574.204,6845,3932,1.75,
1976,46087,SD,McCook County,small/mid,Midwest,West North Central,574.204,6718,3867,1.5,
1977,46087,SD,McCook County,small/mid,Midwest,West North Central,574.204,6663,3847,1.25,
1978,46087,SD,McCook County,small/mid,Midwest,West North Central,574.204,6564,3818,1,
1979,46087,SD,McCook County,small/mid,Midwest,West North Central,574.204,6527,3805,0,
1980,46087,SD,McCook County,small/mid,Midwest,West North Central,574.204,6405,3714,0,
1981,46087,SD,McCook County,small/mid,Midwest,West North Central,574.204,6236,3593,0,
1982,46087,SD,McCook County,small/mid,Midwest,West North Central,574.204,6272,3586,0,
1983,46087,SD,McCook County, small/mid,Midwest,West North Central,574.204,6169,3505,0,7
1983,46087,SD,McCook County, small/mid,Midwest,West North Central,574.204,6169,3505,0,7
1984,46087,SD,McCook County,small/mid,Midwest,West North Central,574.204,6096,3440,0,4
1984,46087,SD,McCook County,small/mid,Midwest,West North Central,574.204,6096,3440,0,4
1985,46087,SD,McCook County,small/mid  ,Midwest,West North Central,574.204,6014,3372,0,
1986,46087,SD,McCook County,small/mid,Midwest,West North Central,574.204,5871,3268,0,
1987,46087,SD,McCook County,small/mid,Midwest,West North Central,574.204,5817,3223,0,
1988,46087,SD,McCook County,small/mid,Midwest,West North Central,574.204,5784,3179,0,4
1989,46087,SD,McCook County,small/mid,Midwest,West North Central,574.204,5704,3103,0,5
1990,46087,SD,McCook County,small/mid,Midwest,West North Central,574.204,5687,3072,0,6
1991,46087,SD,McCook County,small/mid,Midwest,West North Central,574.204,5672,3054,0,7
1992,46087,SD,McCook County,small/mid  ,Midwest,West North Central,574.204,5638,3005,0,8
1993,46087,SD,McCook County,small/mid,Midwest,West North Central,574.204,5817,3120,0,4
1994,46087,SD,McCook County,small/mid,Midwest,West North Central,574.204,5850,3160,0,8
1995,46087,SD,McCook County,small/mid,Midwest,West North Central,574.204,5875,3215,0,6
1995,46087,SD,McCook County,small/mid,Midwest,West North Central,574.204,5875,3215,0,6
1996,46087,SD,McCook County,small/mid,Midwest,West North Central,574.204,5872,3265,0,9
1997,46087,SD,McCook County,small/mid,Midwest,West North Central,574.204,5777,3208,0,10
1998,46087,SD,McCook County,small/mid,Midwest,West North Central,574.204,5761,3241,0,12
1999,46087,SD,McCook County,small/mid,Midwest,West North Central,574.204,5763,3253,0,11
2000,46087,SD,McCook County,small/mid,Midwest,West North Central,574.204,5840,3330,0,13
2001,46087,SD,McCook County,small/mid,Midwest,West North Central,574.204,5854,3374,0,12
2002,46087,SD,McCook County,  SMALL/MID ,Midwest,West North Central,574.204,5772,3376,0,11
2003,46087,SD,McCook County,small/mid,Midwest,West North Central,574.204,5776,3384,0,9
2004,46087,SD,McCook County,small/mid,Midwest,West North Central,574.204,5805,3422,0,8
2005,46087,SD,McCook County,small/mid,Midwest,West North Central,574.204,5793,3451,0,10
2006,46087,SD,McCook County,small/mid,Midwest,West North Central,574.204,5679,3410,0,13
2007,46087,SD,McCook County,small/mid,Midwest,West North Central,574.204,5699,3423,0,13
2008,46087,SD,McCook County,small/mid,Midwest,West North Central,574.204,5598,3353,0,9
2009,46087,SD,McCook County,small/mid,Midwest,West North Central,574.204,5592,3352,0,10
2010,46087,SD,McCook County,small/mid,Midwest,West North Central,574.204,5618,3340,0,11
2011,46087,SD,McCook County,small/mid,Midwest,West North Central,574.204,5609,3336,0,19
2012,46087,SD,McCook County,small/mid,Midwest,West North Central,574.204,5544,3286,0,16
2013,46087,SD,McCook County,small/mid,Midwest,West North Central,574.204,5556,3274,0,16
2014,46087,SD,McCook County, small/mid,Midwest,West North Central,574.204,5586,3287,0,16
2015,46087,SD,McCook County,small/mid,Midwest,West North Central,574.204,5541,3244,0,
2016,46087,SD,McCook County,small/mid,Midwest,West North Central,574.204,5468,3189,,
1970,46089,SD,McPherson County,rural,Midwest,West North Central,1136.643,5008,2862,1,
1971,46089,SD,McPherson County,rural,Midwest,West North Central,1136.643,4971,2865,0,
1971,46089,SD,McPherson County,rural,Midwest,West North Central,1136.643,4971,2865,0,
1972,46089,SD,McPherson County,rural,Midwest,West North Central,1136.643,4949,2889,0,
1973,46089,SD,McPherson County,rural,Midwest,West North Central,1136.643,4741,2782,0,
1974,46089,SD,McPherson County, rural,Midwest,West North Central,1136.643,4576,2698,0,
1975,46089,SD,McPherson County,rural,Midwest,West North Central,1136.643,4559,2721,0,
1976,46089,SD,McPherson County,rural,Midwest,West North Central,1136.643,4440,2656,0,
1977,46089,SD,McPherson County,rural,Midwest,West North Central,1136.643,4257,2550,0,
1978,46089,SD,McPherson County,rural,Midwest,West North Central,1136.643,4258,2558,0,
1979,46089,SD,McPherson County,rural,Midwest,West North Central,1136.643,4181,2515,0,
1980,46089,SD,McPherson County,rural,Midwest,West North Central,1136.643,4008,2402,0,
1981,46089,SD,McPherson County,rural,Midwest,West North Central,1136.643,3915,2324,0,
1982,46089,SD,McPherson County,rural,Midwest,West North Central,1136.643,3876,2273,0,
1983,46089,SD,McPherson County,rural,Midwest,West North Central,1136.643,3789,2199,0,0
1984,46089,SD,McPherson County,rural,Midwest,West North Central,1136.643,3702,2129,0,0
1985,46089,SD,McPherson County,rural,Midwest,West North Central,1136.643,3611,2054,501,0
1985,46089,,,,,,,,,0,
1986,46089,SD,McPherson County,RURAL,Midwest,West North Central,1136.643,3493,1964,0,
1987,46089,SD,McPherson County,rural,Midwest,West North Central,1136.643,3436,1912,0,
1987,46089,SD,McPherson County,rural,Midwest,West North Central,1136.643,3436,1912,0,
1988,46089,SD,McPherson County,rural  ,Midwest,West North Central,1136.643,3457,1895,0,
1989,46089,SD,McPherson County,rural,Midwest,West North Central,1136.643,3294,1776,0,
1990,46089,SD,McPherson County,rural,Midwest,West North Central,1136.643,3212,1715,0,
1991,46089,SD,McPherson County,  RURAL ,Midwest,West North Central,1136.643,3167,1681,0,
1992,46089,SD,McPherson County,rural,Midwest,West North Central,1136.643,3120,1641,0,
1993,46089,SD,McPherson County,rural,Midwest,West North Central,1136.643,3134,1649,0,
1994,46089,SD,McPherson County,rural  ,Midwest,West North Central,1136.643,3142,1665,0,
1995,46089,SD,McPherson County,rural,Midwest,West North Central,1136.643,3115,1645,0,0
1996,46089,SD,McPherson County,rural,Midwest,West North Central,1136.643,3049,1634,0,0
1997,46089,SD,McPherson County,rural,Midwest,West North Central,1136.643,2922,1565,0,0
1998,46089,SD,McPherson County,rural,Midwest,West North Central,1136.643,2888,1538,0,0
1999,46089,SD,McPherson County,rural,Midwest,West North Central,1136.643,2900,1527,0,
2000,46089,SD,McPherson County,rural,Midwest,West North Central,1136.643,2889,1507,0,
2001,46089,SD,McPherson County,rural,Midwest,West North Central,1136.643,2826,1487,0,0
2002,46089,SD,McPherson County,rural,Midwest,West North Central,1136.643,2770,1462,0,0
2003,46089,SD,McPherson County,rural,Midwest,West North Central,1136.643,2728,1448,0,
2004,46089,SD,McPherson County,Rural,Midwest,West North Central,1136.643,2663,1434,0,0
2005,46089,SD,McPherson County,rural,Midwest,West North Central,1136.643,2627,1414,0,0
2006,46089,SD,McPherson County,rural,Midwest,West North Central,1136.643,2571,1379,0,
2007,46089,SD,McPherson County,rural,Midwest,West North Central,1136.643,2518,1334,0,
2008,46089,SD,McPherson County, rural,Midwest,West North Central,1136.643,2517,1357,0,
2008,46089,SD,McPherson County, rural,Midwest,West North Central,1136.643,2517,1357,0,
2009,46089,SD,McPherson County,rural,Midwest,West North Central,1136.643,2469,1300,0,
2010,46089,SD,McPherson County,rural,Midwest,West North Central,1136.643,2459,1293,0,
2011,46089,SD,McPherson County,RURAL,Midwest,West North Central,1136.643,2455,1293,0,4
2012,46089,SD,McPherson County,rural,Midwest,West North Central,1136.643,2451,1285,0,4
2013,46089,SD,McPherson County, rural,Midwest,West North Central,1136.643,2428,1288,0,4
2014,46089,SD,McPherson County,rural,Midwest,West North Central,1136.643,2424,1292,0,4
2015,46089,SD,McPherson County,rural,Midwest,West North Central,1136.643,2418,1287,0,
2016,46089,SD,McPherson County,rural,Midwest,West North Central,1136.643,2398,1279,,
1970,46091,SD,Marshall County,rural,Midwest,West North Central,838.085,5885,3201,0,
1971,46091,SD,Marshall County,rural,Midwest,West North Central,838.085,5569,3033,0,
1972,46091,SD,Marshall County,rural,Midwest,West North Central,838.085,5623,3109,0,
1973,46091,SD,Marshall County,  RURAL ,Midwest,West North Central,838.085,5716,3211,0,
1974,46091,SD,Marshall County,rural,Midwest,West North Central,838.085,5556,3141,0,
1975,46091,SD,Marshall County,rural,Midwest,West North Central,838.085,5715,3289,0,
1976,46091,SD,Marshall County,rural,Midwest,West North Central,838.085,5767,3359,0,
1977,46091,SD,Marshall County,rural,Midwest,West North Central,838.085,5642,3291,0,
1978,46091,SD,Marshall County,rural,Midwest,West North Central,838.085,5699,3362,2,
1979,46091,SD,Marshall County,rural,Midwest,West North Central,838.085,5511,3255,2.2,
1980,46091,SD,Marshall County,rural,Midwest,West North Central,838.085,5415,3192,2.4,
1980,46091,SD,Marshall County,rural,Midwest,West North Central,838.085,5415,3192,2.4,
1981,46091,SD,Marshall County,rural,Midwest,West North Central,838.085,5456,3196,2.6,
1982,46091,SD,Marshall County,rural,Midwest,West North Central,838.085,5296,3080,2.8,
1983,46091,SD,Marshall County,rural,Midwest,West North Central,838.085,5249,3039,3,
1984,46091,SD,Marshall County,rural  ,Midwest,West North Central,838.085,5197,2999,3.4,8
1985,46091,SD,Marshall County,rural,Midwest,West North Central,838.085,5143,2947,3.8,
1985,46091,SD,Marshall County,rural,Midwest,West North Central,838.085,5143,2947,3.8,
1986,46091,SD,Marshall County,rural,Midwest,West North Central,838.085,5000,2855,4.2,
1987,46091,SD,Marshall County,rural,Midwest,West North Central,838.085,4967,2821,4.6,4
1988,46091,SD,Marshall County,rural,Midwest,West North Central,838.085,4915,2770,5,5
1989,46091,SD,Marshall County,rural,Midwest,West North Central,838.085,4864,2725,4.4,6
1990,46091,SD,Marshall County,rural,Midwest,West North Central,838.085,4842,2695,3.8,7
1991,46091,SD,Marshall County,rural,Midwest,West North Central,838.085,4770,2642,3.2,6
1992,46091,SD,Marshall County,rural,Midwest,West North Central,838.085,4774,2659,2.6,
1993,46091,SD,Marshall County,rural,Midwest,West North Central,838.085,4791,2674,2,
1994,46091,SD,Marshall County,rural,Midwest,West North Central,838.085,4777,2684,3,
1995,46091,SD,Marshall County,rural,Midwest,West North Central,838.085,4729,2677,3,5
1996,46091,SD,Marshall County, rural,Midwest,West North Central,838.085,4746,2708,3,
1997,46091,SD,Marshall County,rural,Midwest,West North Central,838.085,4692,2665,3,0
1998,46091,SD,Marshall County,rural,Midwest,West North Central,838.085,4627,2626,3,
1999,46091,SD,Marshall County,rural,Midwest,West North Central,838.085,4589,2621,4,
2000,46091,SD,Marshall County,Rural,Midwest,West North Central,838.085,4593,2639,3.5,4
2000,46091,SD,Marshall County,Rural,Midwest,West North Central,838.085,4593,2639,3.5,4
2001,46091,SD,Marshall County,Rural,Midwest,West North Central,838.085,4515,2632,3,4
2002,46091,SD,Marshall County,rural  ,Midwest,West North Central,838.085,4446,2642,2.5,6
2003,46091,SD,Marshall County,rural,Midwest,West North Central,838.085,4420,2654,2,6
2004,46091,SD,Marshall County,Rural,Midwest,West North Central,838.085,4542,2713,1.5,7
2005,46091,SD,Marshall County,rural,Midwest,West North Central,838.085,4625,2791,1,5
2006,46091,SD,Marshall County,rural,Midwest,West North Central,838.085,4616,2844,1.25,6
2007,46091,SD,Marshall County,rural  ,Midwest,West North Central,838.085,4591,2864,1.5,7
2007,46091,SD,Marshall County,rural  ,Midwest,West North Central,838.085,4591,2864,1.5,7
2008,46091,SD,Marshall County,rural,Midwest,West North Central,838.085,4618,2903,1.75,
2009,46091,SD,Marshall County,rural,Midwest,West North Central,838.085,4608,2900,2,7
2010,46091,SD,Marshall County,rural,Midwest,West North Central,838.085,4656,2948,2.25,9
2011,46091,SD,Marshall County,rural,Midwest,West North Central,838.085,4642,2942,2.5,6
2012,46091,SD,Marshall County,rural,Midwest,West North Central,838.085,4593,2899,2.75,10
2013,46091,SD,Marshall County,rural,Midwest,West North Central,838.085,4630,2905,3,10
2014,46091,SD,Marshall County,rural,Midwest,West North Central,838.085,4746,2960,3,10
2015,46091,SD,Marshall County,rural,Midwest,West North Central,838.085,4691,2920,3,
2016,46091,SD,Marshall County,  RURAL ,Midwest,West North Central,838.085,4766,2919,,
1970,46093,SD,Meade County,small/mid,Midwest,West North Central,3470.945,17209,10461,7,
1971,46093,SD,Meade County,small/mid  ,Midwest,West North Central,3470.945,17966,11033,6.5,
1972,46093,SD,Meade County,SMALL/MID,Midwest,West North Central,3470.945,18186,11317,6,
1973,46093,SD,Meade County,small/mid,Midwest,West North Central,3470.945,18533,11675,5.5,
1974,46093,SD,Meade County,small/mid,Midwest,West North Central,3470.945,18447,11683,5,
1975,46093,SD,Meade County,small/mid,Midwest,West North Central,3470.945,18782,11948,4.5,
1976,46093,SD,Meade County,small/mid  ,Midwest,West North Central,3470.945,19299,12312,4,
1976,46093,SD,Meade County,small/mid  ,Midwest,West North Central,3470.945,19299,12312,4,
1977,46093,SD,Meade County,small/mid,Midwest,West North Central,3470.945,19988,12769,3.5,
1978,46093,SD,Meade County,small/mid,Midwest,West North Central,3470.945,20552,13244,3,
1979,46093,SD,Meade County,small/mid,Midwest,West North Central,3470.945,21128,13557,2.627689,
1980,46093,SD,Meade County,small/mid,Midwest,West North Central,3470.945,20746,13289,3.360523,
1981,46093,SD,Meade County,small/mid,Midwest,West North Central,3470.945,20769,13301,4.103903,
1982,46093,SD,Meade County,small/mid,Midwest,West North Central,3470.945,20480,13065,4.897256,
1983,46093,SD,Meade County,small/mid,Midwest,West North Central,3470.945,20577,13101,571,10
1983,46093,,,,,,,,,5.680993,
1984,46093,SD,Meade County,small/mid,Midwest,West North Central,3470.945,21334,13552,6.525227,8
1984,46093,SD,Meade County,small/mid,Midwest,West North Central,3470.945,21334,13552,6.525227,8
1985,46093,SD,Meade County,small/mid,Midwest,West North Central,3470.945,21800,13812,7.392338,16
1986,46093,SD,Meade County,small/mid,Midwest,West North Central,3470.945,22021,13926,8.26391,19.8
1987,46093,SD,Meade County,small/mid,Midwest,West North Central,3470.945,22123,13977,9.078537,23.6
1988,46093,SD,Meade County,small/mid,Midwest,West North Central,3470.945,22221,13972,9.910625,27.4
1989,46093,SD,Meade County,small/mid,Midwest,West North Central,3470.945,22049,13803,10.87268,31.2
1990,46093,SD,Meade County,small/mid  ,Midwest,West North Central,3470.945,21964,13749,11.84398,35
1991,46093,SD,Meade County,  SMALL/MID ,Midwest,West North Central,3470.945,22790,14348,12.87598,33
1992,46093,SD,Meade County,small/mid,Midwest,West North Central,3470.945,23852,15074,13.98129,34
1993,46093,SD,Meade County,small/mid,Midwest,West North Central,3470.945,23895,15149,14.77362,42
1994,46093,SD,Meade County,small/mid,Midwest,West North Central,3470.945,24060,15311,16.26791,44
1995,46093,SD,Meade County,small/mid,Midwest,West North Central,3470.945,24298,15600,17.91636,41
1996,46093,SD,Meade County,small/mid,Midwest,West North Central,3470.945,24352,15775,19.47116,53
1996,46093,SD,Meade County,small/mid,Midwest,West North Central,3470.945,24352,15775,19.47116,53
1997,46093,SD,Meade County,small/mid,Midwest,West North Central,3470.945,23870,15507,21.03585,51
1997,46093,SD,Meade County,small/mid,Midwest,West North Central,3470.945,23870,15507,21.03585,51
1998,46093,SD,Meade County,small/mid,Midwest,West North Central,3470.945,23950,15639,22.63599,53
1999,46093,SD,Meade County,small/mid,Midwest,West North Central,3470.945,23994,15776,24.33316,44
2000,46093,SD,Meade County,small/mid,Midwest,West North Central,3470.945,24252,16030,27.85345,52
2001,46093,SD,Meade County,small/mid,Midwest,West North Central,3470.945,24371,16267,31.35347,59
2002,46093,SD,Meade County,SMALL/MID,Midwest,West North Central,3470.945,24646,16432,34.85265,68
2003,46093,SD,Meade County,small/mid,Midwest,West North Central,3470.945,24573,16462,38.21865,82
2004,46093,SD,Meade County,Small/mid,Midwest,West North Central,3470.945,25064,16990,41.9727,90
2005,46093,SD,Meade County,small/mid,Midwest,West North Central,3470.945,25089,17012,45.26292,127
2006,46093,SD,Meade County,small/mid,Midwest,West North Central,3470.945,25085,16946,45.06005,107
2007,46093,SD,Meade County,small/mid,Midwest,West North Central,3470.945,24995,16843,44.45892,95
2008,46093,SD,Meade County,small/mid,Midwest,West North Central,3470.945,24931,16764,44.1911,94
2009,46093,SD,Meade County,small/mid,Midwest,West North Central,3470.945,25314,16976,44.31934,99
2010,46093,SD,Meade County,small/mid,Midwest,West North Central,3470.945,25440,16954,44.08837,102
2011,46093,SD,Meade County,small/mid,Midwest,West North Central,3470.945,25486,16973,43.8866,101
2012,46093,SD,Meade County,small/mid,Midwest,West North Central,3470.945,25500,16999,44.04013,97
2013,46093,SD,Meade County,small/mid,Midwest,West North Central,3470.945,25836,17123,44.30532,97
2014,46093,SD,Meade County,small/mid,Midwest,West North Central,3470.945,26416,17450,44.30532,97
2015,46093,SD,Meade County,small/mid,Midwest,West North Central,3470.945,26738,17677,44.30532,
2016,46093,SD,Meade County,Small/mid,Midwest,West North Central,3470.945,26800,17639,,
1970,46095,SD,Mellette County,  RURAL ,Midwest,West North Central,1307.325,2415,1342,8,
1971,46095,SD,Mellette County,rural,Midwest,West North Central,1307.325,2348,1306,0,
1972,46095,SD,Mellette County,rural,Midwest,West North Central,1307.325,2340,1308,0,
1973,46095,SD,Mellette County,rural,Midwest,West North Central,1307.325,2326,1313,0,
1974,46095,SD,Mellette County,rural,Midwest,West North Central,1307.325,2345,1340,0,
1975,46095,SD,Mellette County,rural,Midwest,West North Central,1307.325,2322,1339,0,
1976,46095,SD,Mellette County,  RURAL ,Midwest,West North Central,1307.325,2230,1289,0,
1977,46095,SD,Mellette County,rural,Midwest,West North Central,1307.325,2236,1297,0,
1978,46095,SD,Mellette County,rural,Midwest,West North Central,1307.325,2178,1258,0,
1979,46095,SD,Mellette County,rural,Midwest,West North Central,1307.325,2244,1315,1.033575,
1980,46095,SD,Mellette County,rural,Midwest,West North Central,1307.325,2244,1313,1.077827,
1981,46095,SD,Mellette County,Rural,Midwest,West North Central,1307.325,2262,1313,1.108212,
1982,46095,SD,Mellette County,rural,Midwest,West North Central,1307.325,2237,1297,1.131843,
1983,46095,SD,Mellette County,Rural,Midwest,West North Central,1307.325,2229,1283,1.13721,0
1984,46095,SD,Mellette County,rural,Midwest,West North Central,1307.325,2234,1279,1.045009,
1985,46095,SD,Mellette County,rural,Midwest,West North Central,1307.325,2217,1261,0.9375464,
1986,46095,SD,Mellette County,rural,Midwest,West North Central,1307.325,2202,1250,0.8486689,
1987,46095,SD,Mellette County,rural,Midwest,West North Central,1307.325,2141,1217,0.7399499,
1988,46095,SD,Mellette County,rural,Midwest,West North Central,1307.325,2172,1227,0.6639611,
1989,46095,SD,Mellette County,rural,Midwest,West North Central,1307.325,2168,1218,0.6282818,
1990,46095,SD,Mellette County,rural,Midwest,West North Central,1307.325,2133,1198,0.5957024,
1991,46095,SD,Mellette County,rural,Midwest,West North Central,1307.325,2130,1192,0.5730769,
1992,46095,SD,Mellette County,RURAL,Midwest,West North Central,1307.325,2110,1163,0.5428725,
1993,46095,SD,Mellette County,rural,Midwest,West North Central,1307.325,2113,1166,0.5207217,5
1993,46095,SD,Mellette County,rural,Midwest,West North Central,1307.325,2113,1166,0.5207217,5
1994,46095,SD,Mellette County,rural,Midwest,West North Central,1307.325,2083,1151,0.8194358,
1995,46095,SD,Mellette County,rural,Midwest,West North Central,1307.325,2004,1115,0.1946748,5
1996,46095,SD,Mellette County,rural,Midwest,West North Central,1307.325,2015,1114,0.0964586,6
1997,46095,SD,Mellette County,rural,Midwest,West North Central,1307.325,1994,1096,0.0955037,6
1998,46095,SD,Mellette County,rural,Midwest,West North Central,1307.325,2043,1135,0.1986697,7
1999,46095,SD,Mellette County,rural,Midwest,West North Central,1307.325,2050,1140,0.0996155,10
2000,46095,SD,Mellette County,rural,Midwest,West North Central,1307.325,2084,1191,1.141998,11
2000,46095,SD,Mellette County,rural,Midwest,West North Central,1307.325,2084,1191,1.141998,11
2001,46095,SD,Mellette County,rural,Midwest,West North Central,1307.325,2070,1199,2.187956,9
2002,46095,SD,Mellette County,rural,Midwest,West North Central,1307.325,2042,1188,3.188571,6
2003,46095,SD,Mellette County,rural,Midwest,West North Central,1307.325,2070,1224,4.343431,8
2004,46095,SD,Mellette County,rural,Midwest,West North Central,1307.325,2014,1173,5.191617,10
2005,46095,SD,Mellette County, rural,Midwest,West North Central,1307.325,2027,1215,6.389775,11
2006,46095,SD,Mellette County,rural,Midwest,West North Central,1307.325,2030,1212,9.731997,13
2007,46095,SD,Mellette County,rural,Midwest,West North Central,1307.325,2040,1232,7.505004,10
2008,46095,SD,Mellette County,rural,Midwest,West North Central,1307.325,2000,1178,7.174051,13
2009,46095,SD,Mellette County,rural,Midwest,West North Central,1307.325,2041,1199,8.898746,9
2010,46095,SD,Mellette County,rural,Midwest,West North Central,1307.325,2043,1222,7.889635,9
2011,46095,SD,Mellette County,rural,Midwest,West North Central,1307.325,2026,1218,7.685503,7
2012,46095,SD,Mellette County,rural,Midwest,West North Central,1307.325,2072,1247,8.998692,14
2013,46095,SD,Mellette County,rural,Midwest,West North Central,1307.325,2050,1253,10.06672,14
2014,46095,SD,Mellette County,rural,Midwest,West North Central,1307.325,2047,1226,9.172338,14
2015,46095,SD,Mellette County,rural,Midwest,West North Central,1307.325,2067,1220,9.172338,
2015,46095,SD,Mellette County,rural,Midwest,West North Central,1307.325,2067,1220,9.172338,
2016,46095,SD,Mellette County,rural  ,Midwest,West North Central,1307.325,2026,1195,,
1970,46097,SD,Miner County,rural,Midwest,West North Central,570.23,4436,2479,0,
1971,46097,SD,Miner County,rural,Midwest,West North Central,570.23,4350,2433,0,
1971,46097,SD,Miner County,rural,Midwest,West North Central,570.23,4350,2433,0,
1972,46097,SD,Miner County, rural,Midwest,West North Central,570.23,4154,2322,0,
1973,46097,SD,Miner County,rural,Midwest,West North Central,570.23,4150,2339,0,
1974,46097,SD,Miner County,rural,Midwest,West North Central,570.23,4076,2317,0,
1975,46097,SD,Miner County,rural,Midwest,West North Central,570.23,4068,2340,0,
1976,46097,SD,Miner County,rural,Midwest,West North Central,570.23,4044,2337,0,
1977,46097,SD,Miner County,rural,Midwest,West North Central,570.23,3989,2309,0,
1978,46097,SD,Miner County,rural,Midwest,West North Central,570.23,3856,2204,0,
1978,46097,SD,Miner County,rural,Midwest,West North Central,570.23,3856,2204,0,
1979,46097,SD,Miner County,rural,Midwest,West North Central,570.23,3698,2074,0,
1980,46097,SD,Miner County,rural,Midwest,West North Central,570.23,3731,2108,0,
1981,46097,SD,Miner County,rural,Midwest,West North Central,570.23,3694,2071,0,
1982,46097,SD,Miner County,rural,Midwest,West North Central,570.23,3623,2014,501,
1982,46097,,,,,,,,,0,
1983,46097,SD,Miner County,rural,Midwest,West North Central,570.23,3575,1973,0,
1984,46097,SD,Miner County,rural,Midwest,West North Central,570.23,3532,1937,0,
1985,46097,SD,Miner County,rural,Midwest,West North Central,570.23,3462,1887,0,
1986,46097,SD,Miner County,rural,Midwest,West North Central,570.23,3360,1819,0,
1987,46097,SD,Miner County,rural,Midwest,West North Central,570.23,3302,1775,0,
1988,46097,SD,Miner County,rural,Midwest,West North Central,570.23,3305,1757,0,3.2
1989,46097,SD,Miner County,rural,Midwest,West North Central,570.23,3286,1729,0,3.6
1990,46097,SD,Miner County,rural,Midwest,West North Central,570.23,3276,1705,0,4
1991,46097,SD,Miner County,RURAL,Midwest,West North Central,570.23,3256,1716,0,4
1992,46097,SD,Miner County,rural,Midwest,West North Central,570.23,3184,1678,0,
1993,46097,SD,Miner County,rural,Midwest,West North Central,570.23,3191,1690,0,6
1994,46097,SD,Miner County,rural,Midwest,West North Central,570.23,3153,1690,0,6
1995,46097,SD,Miner County,rural,Midwest,West North Central,570.23,3151,1726,0,5
1996,46097,SD,Miner County,rural,Midwest,West North Central,570.23,3133,1742,0,
1997,46097,SD,Miner County,rural,Midwest,West North Central,570.23,3053,1705,0,
1998,46097,SD,Miner County,rural,Midwest,West North Central,570.23,2969,1661,0,
1999,46097,SD,Miner County,rural,Midwest,West North Central,570.23,2863,1595,0,4
2000,46097,SD,Miner County, rural,Midwest,West North Central,570.23,2835,1598,0,5
2001,46097,SD,Miner County,rural,Midwest,West North Central,570.23,2769,1583,0,7
2002,46097,SD,Miner County,rural,Midwest,West North Central,570.23,2711,1542,0,9
2003,46097,SD,Miner County,rural  ,Midwest,West North Central,570.23,2592,1489,0,4
2004,46097,SD,Miner County,rural,Midwest,West North Central,570.23,2551,1479,0,
2005,46097,SD,Miner County,rural,Midwest,West North Central,570.23,2508,1468,0,6
2006,46097,SD,Miner County,  RURAL ,Midwest,West North Central,570.23,2474,1445,0,
2007,46097,SD,Miner County,rural,Midwest,West North Central,570.23,2420,1405,0,
2008,46097,SD,Miner County,rural,Midwest,West North Central,570.23,2372,1372,0,
2009,46097,SD,Miner County,rural,Midwest,West North Central,570.23,2407,1391,0,6
2010,46097,SD,Miner County,RURAL,Midwest,West North Central,570.23,2389,1387,0,5
2011,46097,SD,Miner County,rural,Midwest,West North Central,570.23,2374,1382,0,5
2012,46097,SD,Miner County,rural,Midwest,West North Central,570.23,2325,1377,0,7
2013,46097,SD,Miner County,rural,Midwest,West North Central,570.23,2298,1382,0,7
2013,46097,SD,Miner County,rural,Midwest,West North Central,570.23,2298,1382,0,7
2014,46097,SD,Miner County,rural,Midwest,West North Central,570.23,2313,1371,0,7
2015,46097,SD,Miner County,rural,Midwest,West North Central,570.23,2282,1349,0,
2016,46097,SD,Miner County,rural,Midwest,West North Central,570.23,2210,1309,,
1970,46099,SD,Minnehaha County,small/mid,Midwest,West North Central,806.835,95422,56826,36,
1971,46099,SD,Minnehaha County,small/mid,Midwest,West North Central,806.835,96250,57968,37.5,
1972,46099,SD,Minnehaha County, small/mid,Midwest,West North Central,806.835,97573,59608,39,
1973,46099,SD,Minnehaha County,SMALL/MID,Midwest,West North Central,806.835,98719,61159,40.5,
1974,46099,SD,Minnehaha County,small/mid,Midwest,West North Central,806.835,100106,62856,42,
1975,46099,SD,Minnehaha County,small/mid,Midwest,West North Central,806.835,100896,64101,43.5,
1976,46099,SD,Minnehaha County,small/mid,Midwest,West North Central,806.835,102776,66123,45,
1977,46099,SD,Minnehaha County,small/mid,Midwest,West North Central,806.835,104482,67893,46.5,
1978,46099,SD,Minnehaha County,small/mid,Midwest,West North Central,806.835,105052,68705,48,
1979,46099,SD,Minnehaha County,small/mid,Midwest,West North Central,806.835,106777,70411,48.68055,
1980,46099,SD,Minnehaha County,Small/mid,Midwest,West North Central,806.835,109664,72647,53.86047,
1981,46099,SD,Minnehaha County,small/mid,Midwest,West North Central,806.835,110027,72900,59.29313,
1982,46099,SD,Minnehaha County,small/mid,Midwest,West North Central,806.835,111434,73638,64.72406,
1983,46099,SD,Minnehaha County,Small/mid,Midwest,West North Central,806.835,113668,75037,70.15746,127
1984,46099,SD,Minnehaha County,small/mid,Midwest,West North Central,806.835,116614,76912,75.61396,108
1985,46099,SD,Minnehaha County,small/mid,Midwest,West North Central,806.835,118598,78065,81.04662,114
1985,46099,SD,Minnehaha County,small/mid,Midwest,West North Central,806.835,118598,78065,81.04662,114
1986,46099,SD,Minnehaha County,small/mid,Midwest,West North Central,806.835,118592,77924,87.22064,146.4
1987,46099,SD,Minnehaha County,small/mid,Midwest,West North Central,806.835,119548,78512,79.17419,178.8
1988,46099,SD,Minnehaha County,small/mid,Midwest,West North Central,806.835,122052,79874,124.1285,211.2
1989,46099,SD,Minnehaha County,small/mid,Midwest,West North Central,806.835,122554,79874,137.2899,243.6
1990,46099,SD,Minnehaha County,small/mid,Midwest,West North Central,806.835,124416,80999,175.165,276
1990,46099,SD,Minnehaha County,small/mid,Midwest,West North Central,806.835,124416,80999,175.165,276
1991,46099,SD,Minnehaha County,small/mid,Midwest,West North Central,806.835,127107,82768,186.1309,255
1992,46099,SD,Minnehaha County,small/mid,Midwest,West North Central,806.835,130446,84811,213.9241,269
1993,46099,SD,Minnehaha County,small/mid,Midwest,West North Central,806.835,132877,86773,171.1481,284
1994,46099,SD,Minnehaha County,SMALL/MID,Midwest,West North Central,806.835,136091,89588,191.888,315
1995,46099,SD,Minnehaha County,small/mid,Midwest,West North Central,806.835,137948,91487,212.0766,357
1996,46099,SD,Minnehaha County,small/mid,Midwest,West North Central,806.835,140315,93799,232.0374,382
1997,46099,SD,Minnehaha County,small/mid,Midwest,West North Central,806.835,140873,93956,250.737,430
1998,46099,SD,Minnehaha County,small/mid,Midwest,West North Central,806.835,142935,95461,269.8244,463
1999,46099,SD,Minnehaha County,small/mid,Midwest,West North Central,806.835,145631,97572,288.4201,459
2000,46099,SD,Minnehaha County,small/mid,Midwest,West North Central,806.835,149068,100318,267.4663,496
2001,46099,SD,Minnehaha County,small/mid,Midwest,West North Central,806.835,150775,101732,278.7272,501
2002,46099,SD,Minnehaha County,small/mid,Midwest,West North Central,806.835,152062,102947,261.048,571
2002,46099,SD,Minnehaha County,small/mid,Midwest,West North Central,806.835,152062,102947,261.048,571
2003,46099,SD,Minnehaha County,small/mid,Midwest,West North Central,806.835,153740,104275,243.9063,564
2004,46099,SD,Minnehaha County, small/mid,Midwest,West North Central,806.835,155648,105908,319.3382,610
2005,46099,SD,Minnehaha County,  SMALL/MID ,Midwest,West North Central,806.835,157778,107544,991,703
2005,46099,,,,,,,,,412.946,
2006,46099,SD,Minnehaha County,small/mid,Midwest,West North Central,806.835,160630,109412,456.5583,706
2006,46099,SD,Minnehaha County,small/mid,Midwest,West North Central,806.835,160630,109412,456.5583,706
2007,46099,SD,Minnehaha County,small/mid,Midwest,West North Central,806.835,163577,111474,416.5901,695
2008,46099,SD,Minnehaha County,small/mid,Midwest,West North Central,806.835,166320,113139,397.2617,731
2009,46099,SD,Minnehaha County,small/mid,Midwest,West North Central,806.835,168482,114625,416.8211,779
2010,46099,SD,Minnehaha County,small/mid,Midwest,West North Central,806.835,169472,114900,444.2832,792
2011,46099,SD,Minnehaha County,small/mid,Midwest,West North Central,806.835,169978,115175,395.1218,802
2012,46099,SD,Minnehaha County,small/mid,Midwest,West North Central,806.835,171604,116277,431.2906,791
2013,46099,SD,Minnehaha County,small/mid,Midwest,West North Central,806.835,174693,118006,956,791
2013,46099,,,,,,,,,429.6365,
2014,46099,SD,Minnehaha County,small/mid,Midwest,West North Central,806.835,178424,119902,416.3512,791
2015,46099,SD,Minnehaha County,small/mid,Midwest,West North Central,806.835,181329,121209,297.5861,
2016,46099,SD,Minnehaha County,small/mid,Midwest,West North Central,806.835,183880,122187,,
1970,46101,SD,Moody County,rural,Midwest,West North Central,519.385,7594,4391,5,
1971,46101,SD,Moody County,rural,Midwest,West North Central,519.385,7495,4329,4.5,
1972,46101,SD,Moody County,rural,Midwest,West North Central,519.385,7268,4198,4,
1972,46101,SD,Moody County,rural,Midwest,West North Central,519.385,7268,4198,4,
1973,46101,SD,Moody County,rural,Midwest,West North Central,519.385,7379,4295,3.5,
1974,46101,SD,Moody County,rural,Midwest,West North Central,519.385,7152,4172,3,
1974,46101,SD,Moody County,rural,Midwest,West North Central,519.385,7152,4172,3,
1975,46101,SD,Moody County,rural,Midwest,West North Central,519.385,7106,4178,2.5,
1976,46101,SD,Moody County,rural,Midwest,West North Central,519.385,7041,4162,2,
1977,46101,SD,Moody County,rural,Midwest,West North Central,519.385,6865,4040,1.5,
1978,46101,SD,Moody County,rural,Midwest,West North Central,519.385,6695,3929,1,
1979,46101,SD,Moody County,rural,Midwest,West North Central,519.385,6578,3848,0,
1979,46101,SD,Moody County,rural,Midwest,West North Central,519.385,6578,3848,0,
1980,46101,SD,Moody County,rural,Midwest,West North Central,519.385,6680,3911,0,
1981,46101,SD,Moody County,Rural,Midwest,West North Central,519.385,6618,3861,0,
1982,46101,SD,Moody County,rural,Midwest,West North Central,519.385,6693,3878,0,
1983,46101,SD,Moody County,rural,Midwest,West North Central,519.385,6707,3878,0,6
1984,46101,SD,Moody County,rural,Midwest,West North Central,519.385,6673,3839,0,5
1985,46101,SD,Moody County,rural,Midwest,West North Central,519.385,6599,3785,0,
1986,46101,SD,Moody County,rural,Midwest,West North Central,519.385,6551,3740,0,3.4
1987,46101,SD,Moody County,rural,Midwest,West North Central,519.385,6511,3711,0,4.8
1988,46101,SD,Moody County,rural,Midwest,West North Central,519.385,6543,3703,0,6.2
1989,46101,SD,Moody County,Rural,Midwest,West North Central,519.385,6518,3667,0,7.6
1990,46101,SD,Moody County,rural,Midwest,West North Central,519.385,6517,3663,0,9
1991,46101,SD,Moody County,rural,Midwest,West North Central,519.385,6602,3718,0,9
1992,46101,SD,Moody County, rural,Midwest,West North Central,519.385,6744,3826,0,9
1993,46101,SD,Moody County,rural,Midwest,West North Central,519.385,6699,3829,0,8
1994,46101,SD,Moody County,rural,Midwest,West North Central,519.385,6656,3848,0,14
1995,46101,SD,Moody County,rural,Midwest,West North Central,519.385,6693,3948,0,9
1996,46101,SD,Moody County,RURAL,Midwest,West North Central,519.385,6716,4047,0,6
1997,46101,SD,Moody County,rural,Midwest,West North Central,519.385,6687,4064,0,6
1998,46101,SD,Moody County,rural,Midwest,West North Central,519.385,6673,4098,0,15
1999,46101,SD,Moody County,rural,Midwest,West North Central,519.385,6617,4094,0,16
2000,46101,SD,Moody County,rural,Midwest,West North Central,519.385,6571,4085,0,22
2001,46101,SD,Moody County,rural,Midwest,West North Central,519.385,6581,4108,0,23
2002,46101,SD,Moody County,rural,Midwest,West North Central,519.385,6515,4119,0,25
2003,46101,SD,Moody County,rural,Midwest,West North Central,519.385,6472,4136,0,28
2003,46101,SD,Moody County,rural,Midwest,West North Central,519.385,6472,4136,0,28
2004,46101,SD,Moody County,rural,Midwest,West North Central,519.385,6514,4204,0,23
2005,46101,SD,Moody County,rural,Midwest,West North Central,519.385,6542,4236,0,19
2006,46101,SD,Moody County,rural,Midwest,West North Central,519.385,6537,4241,0,30
2007,46101,SD,Moody County,rural,Midwest,West North Central,519.385,6570,4218,0,27
2008,46101,SD,Moody County,rural,Midwest,West North Central,519.385,6501,4189,0,22
2008,46101,SD,Moody County,rural,Midwest,West North Central,519.385,6501,4189,0,22
2009,46101,SD,Moody County,  RURAL ,Midwest,West North Central,519.385,6449,4126,0,22
2009,46101,SD,Moody County,  RURAL ,Midwest,West North Central,519.385,6449,4126,0,22
2010,46101,SD,Moody County,rural,Midwest,West North Central,519.385,6493,4119,0,20
2011,46101,SD,Moody County,rural,Midwest,West North Central,519.385,6493,4116,0,20
2012,46101,SD,Moody County,rural,Midwest,West North Central,519.385,6486,4086,0,15
2013,46101,SD,Moody County,rural,Midwest,West North Central,519.385,6464,4057,0,15
2014,46101,SD,Moody County,rural,Midwest,West North Central,519.385,6445,4040,0,15
2015,46101,SD,Moody County,rural,Midwest,West North Central,519.385,6432,3968,0,
2016,46101,SD,Moody County,rural,Midwest,West North Central,519.385,6467,3935,,
1970,46102,SD,Oglala Lakota County,rural,Midwest,West North Central,2093.602,8397,4187,,
1971,46102,SD,Oglala Lakota County,rural,Midwest,West North Central,2093.602,9217,4663,,
1972,46102,SD,Oglala Lakota County,rural  ,Midwest,West North Central,2093.602,9783,5021,,
1973,46102,SD,Oglala Lakota County,rural,Midwest,West North Central,2093.602,10065,5222,,
1974,46102,SD,Oglala Lakota County,rural,Midwest,West North Central,2093.602,10533,5524,,
1975,46102,SD,Oglala Lakota County,rural,Midwest,West North Central,2093.602,10562,5574,,
1976,46102,SD,Oglala Lakota County,rural,Midwest,West North Central,2093.602,10078,5373,,
1977,46102,SD,Oglala Lakota County,rural,Midwest,West North Central,2093.602,10384,5594,,
1978,46102,SD,Oglala Lakota County,rural,Midwest,West North Central,2093.602,10657,5801,,
1978,46102,SD,Oglala Lakota County,rural,Midwest,West North Central,2093.602,10657,5801,,
1979,46102,SD,Oglala Lakota County,rural,Midwest,West North Central,2093.602,11142,6129,,
1980,46102,SD,Oglala Lakota County,rural,Midwest,West North Central,2093.602,11204,6199,,
1981,46102,SD,Oglala Lakota County,rural,Midwest,West North Central,2093.602,11328,6259,,
1982,46102,SD,Oglala Lakota County,rural,Midwest,West North Central,2093.602,10805,5940,,
1983,46102,SD,Oglala Lakota County,  RURAL ,Midwest,West North Central,2093.602,10422,5717,,
1984,46102,SD,Oglala Lakota County,rural,Midwest,West North Central,2093.602,10482,5739,,
1985,46102,SD,Oglala Lakota County,rural,Midwest,West North Central,2093.602,10313,5644,,
1985,46102,SD,Oglala Lakota County,rural,Midwest,West North Central,2093.602,10313,5644,,
1986,46102,SD,Oglala Lakota County,rural,Midwest,West North Central,2093.602,10389,5700,,
1987,46102,SD,Oglala Lakota County,rural  ,Midwest,West North Central,2093.602,10031,5536,,
1988,46102,SD,Oglala Lakota County,rural,Midwest,West North Central,2093.602,9885,5470,,
1989,46102,SD,Oglala Lakota County,rural,Midwest,West North Central,2093.602,9983,5544,,
1990,46102,SD,Oglala Lakota County,rural,Midwest,West North Central,2093.602,9937,5604,,
1991,46102,SD,Oglala Lakota County,rural,Midwest,West North Central,2093.602,10244,5686,,
1992,46102,SD,Oglala Lakota County,rural,Midwest,West North Central,2093.602,10490,5803,,
1993,46102,SD,Oglala Lakota County,rural,Midwest,West North Central,2093.602,10896,6002,,
1994,46102,SD,Oglala Lakota County,rural,Midwest,West North Central,2093.602,11186,6194,,
1995,46102,SD,Oglala Lakota County,rural  ,Midwest,West North Central,2093.602,11503,6437,,
1996,46102,SD,Oglala Lakota County,rural,Midwest,West North Central,2093.602,11626,6569,,
1997,46102,SD,Oglala Lakota County,rural,Midwest,West North Central,2093.602,11909,6734,,
1998,46102,SD,Oglala Lakota County,rural  ,Midwest,West North Central,2093.602,12039,6864,,
1999,46102,SD,Oglala Lakota County, rural,Midwest,West North Central,2093.602,12270,6999,,
2000,46102,SD,Oglala Lakota County,rural,Midwest,West North Central,2093.602,12542,7233,,
2001,46102,SD,Oglala Lakota County,rural,Midwest,West North Central,2093.602,12602,7380,,
2002,46102,SD,Oglala Lakota County,rural,Midwest,West North Central,2093.602,12872,7571,,
2003,46102,SD,Oglala Lakota County,rural,Midwest,West North Central,2093.602,12993,7781,,
2004,46102,SD,Oglala Lakota County,rural,Midwest,West North Central,2093.602,12983,7777,,
2005,46102,SD,Oglala Lakota County,rural,Midwest,West North Central,2093.602,13150,7994,,
2006,46102,SD,Oglala Lakota County,rural,Midwest,West North Central,2093.602,13404,8157,,
2006,46102,SD,Oglala Lakota County,rural,Midwest,West North Central,2093.602,13404,8157,,
2007,46102,SD,Oglala Lakota County,rural,Midwest,West North Central,2093.602,13345,8181,,
2008,46102,SD,Oglala Lakota County,rural,Midwest,West North Central,2093.602,13368,8270,,
2008,46102,SD,Oglala Lakota County,rural,Midwest,West North Central,2093.602,13368,8270,,
2009,46102,SD,Oglala Lakota County,rural,Midwest,West North Central,2093.602,13425,8249,,
2010,46102,SD,Oglala Lakota County,rural,Midwest,West North Central,2093.602,13586,8365,,
2011,46102,SD,Oglala Lakota County,rural,Midwest,West North Central,2093.602,13636,8392,,
2012,46102,SD,Oglala Lakota County,rural,Midwest,West North Central,2093.602,13898,8526,,
2013,46102,SD,Oglala Lakota County,rural,Midwest,West North Central,2093.602,14039,8622,,
2014,46102,SD,Oglala Lakota County,rural,Midwest,West North Central,2093.602,14129,8664,,
2015,46102,SD,Oglala Lakota County,rural,Midwest,West North Central,2093.602,14217,8685,,
2016,46102,SD,Oglala Lakota County,rural,Midwest,West North Central,2093.602,14364,8798,,
1970,46103,SD,Pennington County,small/mid,Midwest,West North Central,2776.773,59833,36535,51,
1971,46103,SD,Pennington County,small/mid,Midwest,West North Central,2776.773,61792,38229,49.25,
1972,46103,SD,Pennington County,small/mid,Midwest,West North Central,2776.773,64952,40819,47.5,
1973,46103,SD,Pennington County,small/mid,Midwest,West North Central,2776.773,64437,41026,45.75,
1974,46103,SD,Pennington County,small/mid,Midwest,West North Central,2776.773,65847,42393,44,
1975,46103,SD,Pennington County,small/mid,Midwest,West North Central,2776.773,65932,42823,42.25,
1976,46103,SD,Pennington County,small/mid,Midwest,West North Central,2776.773,69332,45738,40.5,
1977,46103,SD,Pennington County,small/mid,Midwest,West North Central,2776.773,71211,47266,38.75,
1978,46103,SD,Pennington County,small/mid,Midwest,West North Central,2776.773,72649,48653,37,
1979,46103,SD,Pennington County,small/mid,Midwest,West North Central,2776.773,73261,49268,44.6,
1980,46103,SD,Pennington County,small/mid,Midwest,West North Central,2776.773,70483,47340,52.2,
1981,46103,SD,Pennington County,small/mid,Midwest,West North Central,2776.773,70818,47453,59.8,
1982,46103,SD,Pennington County,  SMALL/MID ,Midwest,West North Central,2776.773,72266,48165,67.4,
1983,46103,SD,Pennington County,small/mid,Midwest,West North Central,2776.773,73592,48870,75,120
1984,46103,SD,Pennington County,small/mid,Midwest,West North Central,2776.773,75540,49996,82.6,101
1985,46103,SD,Pennington County,small/mid,Midwest,West North Central,2776.773,76822,50642,90.2,117
1986,46103,SD,Pennington County, small/mid,Midwest,West North Central,2776.773,77973,51195,97.8,153.2
1987,46103,SD,Pennington County,small/mid,Midwest,West North Central,2776.773,80314,52602,105.4,189.4
1988,46103,SD,Pennington County,small/mid,Midwest,West North Central,2776.773,80804,52642,113,225.6
1989,46103,SD,Pennington County,small/mid,Midwest,West North Central,2776.773,80419,52086,109,261.8
1990,46103,SD,Pennington County,small/mid,Midwest,West North Central,2776.773,81695,52843,198,298
1991,46103,SD,Pennington County,small/mid,Midwest,West North Central,2776.773,83533,54002,212,286
1992,46103,SD,Pennington County,small/mid,Midwest,West North Central,2776.773,84515,54426,208,309
1993,46103,SD,Pennington County,small/mid,Midwest,West North Central,2776.773,85803,55535,173,307
1994,46103,SD,Pennington County,small/mid,Midwest,West North Central,2776.773,86261,56105,178,361
1995,46103,SD,Pennington County,small/mid,Midwest,West North Central,2776.773,86915,56834,242,415
1996,46103,SD,Pennington County,small/mid,Midwest,West North Central,2776.773,86643,56995,227,446
1997,46103,SD,Pennington County,small/mid,Midwest,West North Central,2776.773,86945,57232,223,475
1998,46103,SD,Pennington County,small/mid,Midwest,West North Central,2776.773,87281,57478,247,499
1999,46103,SD,Pennington County,small/mid,Midwest,West North Central,2776.773,88050,58142,263,496
1999,46103,SD,Pennington County,small/mid,Midwest,West North Central,2776.773,88050,58142,263,496
2000,46103,SD,Pennington County,small/mid,Midwest,West North Central,2776.773,88872,58848,271,541
2001,46103,SD,Pennington County,small/mid,Midwest,West North Central,2776.773,89953,59786,282,592
2002,46103,SD,Pennington County,small/mid,Midwest,West North Central,2776.773,90677,60440,327,611
2003,46103,SD,Pennington County,small/mid,Midwest,West North Central,2776.773,91117,60770,893,644
2003,46103,,,,,,,,,327,
2004,46103,SD,Pennington County,small/mid,Midwest,West North Central,2776.773,92560,61853,334,617
2004,46103,SD,Pennington County,small/mid,Midwest,West North Central,2776.773,92560,61853,334,617
2005,46103,SD,Pennington County,small/mid,Midwest,West North Central,2776.773,93099,62194,339,686
2006,46103,SD,Pennington County,small/mid,Midwest,West North Central,2776.773,94394,62818,384,683
2007,46103,SD,Pennington County,small/mid,Midwest,West North Central,2776.773,95895,63615,417,678
2008,46103,SD,Pennington County,small/mid,Midwest,West North Central,2776.773,98128,64724,991,676
2008,46103,,,,,,,,,438,
2009,46103,SD,Pennington County,small/mid,Midwest,West North Central,2776.773,99845,65745,456,732
2010,46103,SD,Pennington County,small/mid,Midwest,West North Central,2776.773,100958,66468,1033,738
2010,46103,,,,,,,,,480,
2011,46103,SD,Pennington County,small/mid,Midwest,West North Central,2776.773,101242,66664,465,772
2012,46103,SD,Pennington County,small/mid,Midwest,West North Central,2776.773,102382,67240,479,816
2013,46103,SD,Pennington County,small/mid,Midwest,West North Central,2776.773,104182,68154,525,816
2014,46103,SD,Pennington County,small/mid,Midwest,West North Central,2776.773,105934,68906,509,816
2014,46103,SD,Pennington County,small/mid,Midwest,West North Central,2776.773,105934,68906,509,816
2015,46103,SD,Pennington County,small/mid,Midwest,West North Central,2776.773,107543,69527,518,
2016,46103,SD,Pennington County,small/mid,Midwest,West North Central,2776.773,108107,69301,,
1970,46105,SD,Perkins County,rural,Midwest,West North Central,2870.478,4715,2784,0,
1971,46105,SD,Perkins County,rural,Midwest,West North Central,2870.478,4512,2675,0,
1972,46105,SD,Perkins County,rural,Midwest,West North Central,2870.478,4516,2710,0,
1973,46105,SD,Perkins County,rural,Midwest,West North Central,2870.478,4595,2803,0,
1974,46105,SD,Perkins County,rural,Midwest,West North Central,2870.478,4631,2853,0,
1975,46105,SD,Perkins County,rural,Midwest,West North Central,2870.478,4711,2942,0,
1976,46105,SD,Perkins County,rural,Midwest,West North Central,2870.478,4795,3010,0,
1977,46105,SD,Perkins County,rural,Midwest,West North Central,2870.478,4671,2929,0,
1978,46105,SD,Perkins County,rural,Midwest,West North Central,2870.478,4738,2975,0,
1979,46105,SD,Perkins County,rural,Midwest,West North Central,2870.478,4727,2964,0.5744981,
1980,46105,SD,Perkins County,rural,Midwest,West North Central,2870.478,4735,2954,0.7470076,
1981,46105,SD,Perkins County, rural,Midwest,West North Central,2870.478,4868,3016,0.9305596,
1982,46105,SD,Perkins County,rural,Midwest,West North Central,2870.478,4471,2745,1.02893,
1983,46105,SD,Perkins County,rural,Midwest,West North Central,2870.478,4467,2726,1.182077,0
1984,46105,SD,Perkins County,rural,Midwest,West North Central,2870.478,4484,2714,1.306779,
1985,46105,SD,Perkins County,rural,Midwest,West North Central,2870.478,4438,2663,1.425268,
1986,46105,SD,Perkins County,rural,Midwest,West North Central,2870.478,4331,2571,1.525672,
1987,46105,SD,Perkins County,  RURAL ,Midwest,West North Central,2870.478,4284,2522,1.638125,3.2
1988,46105,SD,Perkins County,rural,Midwest,West North Central,2870.478,4203,2449,1.737126,3.8
1989,46105,SD,Perkins County,rural,Midwest,West North Central,2870.478,4077,2344,1.846378,4.4
1990,46105,SD,Perkins County,Rural,Midwest,West North Central,2870.478,3899,2221,1.913265,5
1991,46105,SD,Perkins County,rural,Midwest,West North Central,2870.478,3793,2139,1.919551,5
1992,46105,SD,Perkins County,rural,Midwest,West North Central,2870.478,3756,2118,1.964466,9
1993,46105,SD,Perkins County,rural,Midwest,West North Central,2870.478,3730,2105,2.052839,11
1994,46105,SD,Perkins County,rural,Midwest,West North Central,2870.478,3725,2112,2.243996,10
1995,46105,SD,Perkins County,rural,Midwest,West North Central,2870.478,3635,2068,2.375066,7
1996,46105,SD,Perkins County,rural,Midwest,West North Central,2870.478,3609,2075,2.561183,7
1997,46105,SD,Perkins County,rural,Midwest,West North Central,2870.478,3505,2007,529,6
1997,46105,,,,,,,,,2.722574,
1998,46105,SD,Perkins County,rural,Midwest,West North Central,2870.478,3447,1986,2.874549,12
1999,46105,SD,Perkins County,rural,Midwest,West North Central,2870.478,3428,1979,3.052442,11
2000,46105,SD,Perkins County,rural,Midwest,West North Central,2870.478,3333,1917,3.330946,15
2001,46105,SD,Perkins County,rural,Midwest,West North Central,2870.478,3269,1895,3.652476,11
2002,46105,SD,Perkins County,rural,Midwest,West North Central,2870.478,3243,1911,4.053275,9
2003,46105,SD,Perkins County,  RURAL ,Midwest,West North Central,2870.478,3141,1839,4.269475,9
2004,46105,SD,Perkins County,rural,Midwest,West North Central,2870.478,3046,1799,4.444314,12
2005,46105,SD,Perkins County,rural,Midwest,West North Central,2870.478,2984,1755,4.669435,8
2006,46105,SD,Perkins County,rural,Midwest,West North Central,2870.478,2977,1736,4.616089,11
2007,46105,SD,Perkins County,rural,Midwest,West North Central,2870.478,2963,1749,4.616675,4
2008,46105,SD,Perkins County,rural,Midwest,West North Central,2870.478,2936,1732,4.565676,12
2009,46105,SD,Perkins County,rural,Midwest,West North Central,2870.478,2943,1741,4.545239,9
2010,46105,SD,Perkins County,rural,Midwest,West North Central,2870.478,2983,1771,4.591998,9
2011,46105,SD,Perkins County,rural,Midwest,West North Central,2870.478,2980,1771,4.646907,8
2011,46105,SD,Perkins County,rural,Midwest,West North Central,2870.478,2980,1771,4.646907,8
2012,46105,SD,Perkins County,rural,Midwest,West North Central,2870.478,3009,1807,4.682391,10
2013,46105,SD,Perkins County,rural,Midwest,West North Central,2870.478,3023,1827,4.553335,10
2014,46105,SD,Perkins County,rural,Midwest,West North Central,2870.478,3017,1798,4.553335,10
2015,46105,SD,Perkins County,rural,Midwest,West North Central,2870.478,3014,1804,4.553335,
2016,46105,SD,Perkins County,rural,Midwest,West North Central,2870.478,2975,1789,,
1970,46107,SD,Potter County,rural,Midwest,West North Central,861.146,4409,2370,0,
1971,46107,SD,Potter County,rural  ,Midwest,West North Central,861.146,4281,2332,0,
1972,46107,SD,Potter County,Rural,Midwest,West North Central,861.146,4281,2377,0,
1973,46107,SD,Potter County,rural,Midwest,West North Central,861.146,4427,2522,0,
1974,46107,SD,Potter County,rural,Midwest,West North Central,861.146,4292,2473,0,
1975,46107,SD,Potter County,rural,Midwest,West North Central,861.146,4193,2460,0,
1976,46107,SD,Potter County,rural,Midwest,West North Central,861.146,4176,2455,0,
1977,46107,SD,Potter County,rural,Midwest,West North Central,861.146,3979,2330,0,
1978,46107,SD,Potter County,rural  ,Midwest,West North Central,861.146,3839,2241,0,
1979,46107,SD,Potter County,rural,Midwest,West North Central,861.146,3730,2173,0,
1980,46107,SD,Potter County,rural,Midwest,West North Central,861.146,3683,2140,0,
1981,46107,SD,Potter County,rural,Midwest,West North Central,861.146,3700,2140,0,
1982,46107,SD,Potter County,rural,Midwest,West North Central,861.146,3713,2135,0,
1983,46107,SD,Potter County,rural,Midwest,West North Central,861.146,3632,2083,0,
1984,46107,SD,Potter County,rural,Midwest,West North Central,861.146,3630,2074,0,0
1985,46107,SD,Potter County,rural,Midwest,West North Central,861.146,3606,2059,0,0
1986,46107,SD,Potter County,rural,Midwest,West North Central,861.146,3503,1992,0,
1987,46107,SD,Potter County,rural,Midwest,West North Central,861.146,3483,1975,0,
1988,46107,SD,Potter County,rural,Midwest,West North Central,861.146,3411,1922,0,
1989,46107,SD,Potter County,rural,Midwest,West North Central,861.146,3286,1839,0,
1990,46107,SD,Potter County,rural,Midwest,West North Central,861.146,3172,1782,0,
1991,46107,SD,Potter County,RURAL,Midwest,West North Central,861.146,3138,1743,0,
1992,46107,SD,Potter County,rural,Midwest,West North Central,861.146,3067,1688,0,
1993,46107,SD,Potter County,rural,Midwest,West North Central,861.146,3021,1673,0,4
1994,46107,SD,Potter County,rural,Midwest,West North Central,861.146,3036,1700,0,
1995,46107,SD,Potter County,rural,Midwest,West North Central,861.146,2955,1663,0,
1996,46107,SD,Potter County,rural,Midwest,West North Central,861.146,2900,1650,0,
1997,46107,SD,Potter County,rural,Midwest,West North Central,861.146,2857,1619,0,0
1997,46107,SD,Potter County,rural,Midwest,West North Central,861.146,2857,1619,0,0
1998,46107,SD,Potter County,rural,Midwest,West North Central,861.146,2776,1566,0,5
1999,46107,SD,Potter County, rural,Midwest,West North Central,861.146,2725,1539,0,4
2000,46107,SD,Potter County,rural,Midwest,West North Central,861.146,2679,1527,0,5
2001,46107,SD,Potter County,rural,Midwest,West North Central,861.146,2592,1465,0,7
2001,46107,SD,Potter County,rural,Midwest,West North Central,861.146,2592,1465,0,7
2002,46107,SD,Potter County,rural,Midwest,West North Central,861.146,2555,1458,0,6
2003,46107,SD,Potter County,rural,Midwest,West North Central,861.146,2554,1454,0,
2003,46107,SD,Potter County,rural,Midwest,West North Central,861.146,2554,1454,0,
2004,46107,SD,Potter County,rural,Midwest,West North Central,861.146,2516,1449,0,
2005,46107,SD,Potter County,rural,Midwest,West North Central,861.146,2444,1405,0,
2006,46107,SD,Potter County,rural,Midwest,West North Central,861.146,2413,1381,0,
2006,46107,SD,Potter County,rural,Midwest,West North Central,861.146,2413,1381,0,
2007,46107,SD,Potter County,rural,Midwest,West North Central,861.146,2351,1343,0,0
2008,46107,SD,Potter County,rural,Midwest,West North Central,861.146,2285,1322,0,
2009,46107,SD,Potter County,rural,Midwest,West North Central,861.146,2283,1323,0,
2010,46107,SD,Potter County,rural,Midwest,West North Central,861.146,2334,1324,0,
2011,46107,SD,Potter County,rural,Midwest,West North Central,861.146,2351,1335,0,
2012,46107,SD,Potter County,rural,Midwest,West North Central,861.146,2370,1351,0,
2013,46107,SD,Potter County,rural,Midwest,West North Central,861.146,2338,1342,0,
2014,46107,SD,Potter County,rural,Midwest,West North Central,861.146,2356,1326,0,
2015,46107,SD,Potter County,rural,Midwest,West North Central,861.146,2307,1263,0,
2016,46107,SD,Potter County,rural,Midwest,West North Central,861.146,2297,1239,,
1970,46109,SD,Roberts County,rural,Midwest,West North Central,1101.049,11657,6225,10,
1971,46109,SD,Roberts County,rural,Midwest,West North Central,1101.049,11586,6206,9.5,
1972,46109,SD,Roberts County,rural,Midwest,West North Central,1101.049,11632,6280,9,
1973,46109,SD,Roberts County,rural,Midwest,West North Central,1101.049,11918,6509,8.5,
1974,46109,SD,Roberts County,  RURAL ,Midwest,West North Central,1101.049,11859,6514,8,
1975,46109,SD,Roberts County,rural,Midwest,West North Central,1101.049,11851,6549,508,
1975,46109,,,,,,,,,7.5,
1976,46109,SD,Roberts County,rural,Midwest,West North Central,1101.049,11695,6493,7,
1977,46109,SD,Roberts County,rural,Midwest,West North Central,1101.049,11380,6322,6.5,
1978,46109,SD,Roberts County,rural,Midwest,West North Central,1101.049,11352,6338,6,
1979,46109,SD,Roberts County, rural,Midwest,West North Central,1101.049,11136,6239,8.8,
1980,46109,SD,Roberts County,rural,Midwest,West North Central,1101.049,10879,6095,11.6,
1981,46109,SD,Roberts County,rural,Midwest,West North Central,1101.049,10810,6047,14.4,
1982,46109,SD,Roberts County,rural,Midwest,West North Central,1101.049,10807,6031,17.2,
1983,46109,SD,Roberts County,rural,Midwest,West North Central,1101.049,10659,5947,20,14
1984,46109,SD,Roberts County,rural,Midwest,West North Central,1101.049,10611,5925,18.4,16
1985,46109,SD,Roberts County,rural,Midwest,West North Central,1101.049,10593,5913,16.8,18
1986,46109,SD,Roberts County,rural,Midwest,West North Central,1101.049,10470,5847,15.2,19.6
1986,46109,SD,Roberts County,rural,Midwest,West North Central,1101.049,10470,5847,15.2,19.6
1987,46109,SD,Roberts County,rural,Midwest,West North Central,1101.049,10245,5726,13.6,21.2
1988,46109,SD,Roberts County,rural,Midwest,West North Central,1101.049,10148,5668,12,22.8
1989,46109,SD,Roberts County,rural,Midwest,West North Central,1101.049,10010,5587,11.2,24.4
1990,46109,SD,Roberts County,rural,Midwest,West North Central,1101.049,9906,5554,10.4,26
1991,46109,SD,Roberts County,rural,Midwest,West North Central,1101.049,9784,5463,536,31
1991,46109,,,,,,,,,9.6,
1992,46109,SD,Roberts County,rural,Midwest,West North Central,1101.049,9718,5436,8.8,34
1992,46109,SD,Roberts County,rural,Midwest,West North Central,1101.049,9718,5436,8.8,34
1993,46109,SD,Roberts County,rural,Midwest,West North Central,1101.049,9900,5562,8,26
1994,46109,SD,Roberts County,rural,Midwest,West North Central,1101.049,9888,5619,11.16667,25
1995,46109,SD,Roberts County,rural,Midwest,West North Central,1101.049,9944,5730,14.33333,29
1996,46109,SD,Roberts County,rural,Midwest,West North Central,1101.049,10035,5823,17.5,21
1997,46109,SD,Roberts County,rural,Midwest,West North Central,1101.049,10165,5969,20.66667,31
1998,46109,SD,Roberts County,rural,Midwest,West North Central,1101.049,10083,5923,23.83333,45
1999,46109,SD,Roberts County,rural,Midwest,West North Central,1101.049,10027,5895,27,37
2000,46109,SD,Roberts County,RURAL,Midwest,West North Central,1101.049,10004,5890,26.83333,37
2001,46109,SD,Roberts County,rural,Midwest,West North Central,1101.049,10023,5979,26.66667,45
2002,46109,SD,Roberts County,rural,Midwest,West North Central,1101.049,9855,5891,26.5,48
2003,46109,SD,Roberts County,rural,Midwest,West North Central,1101.049,9986,6054,26.33333,62
2004,46109,SD,Roberts County,rural,Midwest,West North Central,1101.049,10033,6074,26.16667,76
2005,46109,SD,Roberts County,rural,Midwest,West North Central,1101.049,9939,6045,26,88
2006,46109,SD,Roberts County,rural,Midwest,West North Central,1101.049,9977,6059,27.75,98
2007,46109,SD,Roberts County,rural,Midwest,West North Central,1101.049,9986,6034,29.5,93
2008,46109,SD,Roberts County,rural,Midwest,West North Central,1101.049,9997,6011,31.25,83
2009,46109,SD,Roberts County,rural,Midwest,West North Central,1101.049,10013,5968,33,74
2010,46109,SD,Roberts County,rural,Midwest,West North Central,1101.049,10149,6041,613,68
2010,46109,,,,,,,,,34.75,
2011,46109,SD,Roberts County,rural,Midwest,West North Central,1101.049,10192,6053,36.5,68
2012,46109,SD,Roberts County,rural,Midwest,West North Central,1101.049,10297,6089,38.25,67
2013,46109,SD,Roberts County,rural,Midwest,West North Central,1101.049,10326,6084,40,67
2014,46109,SD,Roberts County,rural,Midwest,West North Central,1101.049,10247,6025,42.5,67
2015,46109,SD,Roberts County,  RURAL ,Midwest,West North Central,1101.049,10291,5990,45,
2016,46109,SD,Roberts County,rural,Midwest,West North Central,1101.049,10211,5891,,
1970,46111,SD,Sanborn County,rural,Midwest,West North Central,569.341,3647,2054,0,
1971,46111,SD,Sanborn County,rural,Midwest,West North Central,569.341,3454,1948,0,
1972,46111,SD,Sanborn County,rural,Midwest,West North Central,569.341,3456,1981,0,
1973,46111,SD,Sanborn County,rural,Midwest,West North Central,569.341,3476,2025,0,
1974,46111,SD,Sanborn County,rural,Midwest,West North Central,569.341,3477,2050,0,
1975,46111,SD,Sanborn County,rural,Midwest,West North Central,569.341,3447,2060,0,
1976,46111,SD,Sanborn County,rural,Midwest,West North Central,569.341,3528,2129,0,
1977,46111,SD,Sanborn County, rural,Midwest,West North Central,569.341,3500,2112,0,
1978,46111,SD,Sanborn County,rural,Midwest,West North Central,569.341,3416,2063,0,
1979,46111,SD,Sanborn County,rural,Midwest,West North Central,569.341,3383,2064,0,
1980,46111,SD,Sanborn County,rural,Midwest,West North Central,569.341,3206,1941,0,
1981,46111,SD,Sanborn County,rural,Midwest,West North Central,569.341,3156,1895,0,
1982,46111,SD,Sanborn County,rural,Midwest,West North Central,569.341,3145,1873,0,
1983,46111,SD,Sanborn County,rural,Midwest,West North Central,569.341,3090,1830,0,0
1984,46111,SD,Sanborn County,rural,Midwest,West North Central,569.341,3066,1801,0,0
1985,46111,SD,Sanborn County,rural,Midwest,West North Central,569.341,3046,1778,0,0
1986,46111,SD,Sanborn County,rural,Midwest,West North Central,569.341,2990,1730,0,0
1987,46111,SD,Sanborn County,  RURAL ,Midwest,West North Central,569.341,2898,1667,0,0
1988,46111,SD,Sanborn County,RURAL,Midwest,West North Central,569.341,2897,1651,0,0
1989,46111,SD,Sanborn County,rural,Midwest,West North Central,569.341,2871,1620,0,0
1990,46111,SD,Sanborn County,rural,Midwest,West North Central,569.341,2825,1585,0,0
1991,46111,SD,Sanborn County,rural,Midwest,West North Central,569.341,2799,1573,0,
1992,46111,SD,Sanborn County,rural,Midwest,West North Central,569.341,2789,1572,0,
1993,46111,SD,Sanborn County,rural,Midwest,West North Central,569.341,2809,1597,0,
1994,46111,SD,Sanborn County,rural,Midwest,West North Central,569.341,2762,1588,0,
1995,46111,SD,Sanborn County,rural,Midwest,West North Central,569.341,2769,1619,0,4
1996,46111,SD,Sanborn County,rural,Midwest,West North Central,569.341,2787,1649,0,4
1997,46111,SD,Sanborn County,rural,Midwest,West North Central,569.341,2761,1638,0,5
1998,46111,SD,Sanborn County,rural,Midwest,West North Central,569.341,2724,1643,0,
1999,46111,SD,Sanborn County,rural,Midwest,West North Central,569.341,2695,1633,0,4
2000,46111,SD,Sanborn County,RURAL,Midwest,West North Central,569.341,2658,1621,0,
2001,46111,SD,Sanborn County,rural,Midwest,West North Central,569.341,2553,1555,0,
2002,46111,SD,Sanborn County,rural,Midwest,West North Central,569.341,2538,1529,0,
2002,46111,SD,Sanborn County,rural,Midwest,West North Central,569.341,2538,1529,0,
2003,46111,SD,Sanborn County,rural,Midwest,West North Central,569.341,2567,1559,0,
2004,46111,SD,Sanborn County,rural,Midwest,West North Central,569.341,2541,1569,0,
2004,46111,SD,Sanborn County,rural,Midwest,West North Central,569.341,2541,1569,0,
2005,46111,SD,Sanborn County,rural,Midwest,West North Central,569.341,2457,1532,0,
2005,46111,SD,Sanborn County,rural,Midwest,West North Central,569.341,2457,1532,0,
2006,46111,SD,Sanborn County,rural,Midwest,West North Central,569.341,2410,1501,0,0
2007,46111,SD,Sanborn County, rural,Midwest,West North Central,569.341,2395,1471,501,
2007,46111,,,,,,,,,0,
2008,46111,SD,Sanborn County,rural,Midwest,West North Central,569.341,2374,1486,0,
2009,46111,SD,Sanborn County,rural,Midwest,West North Central,569.341,2367,1472,0,
2010,46111,SD,Sanborn County,rural,Midwest,West North Central,569.341,2355,1469,0,
2011,46111,SD,Sanborn County,rural,Midwest,West North Central,569.341,2354,1468,0,
2012,46111,SD,Sanborn County,rural,Midwest,West North Central,569.341,2355,1487,0,
2013,46111,SD,Sanborn County,rural,Midwest,West North Central,569.341,2318,1466,0,
2014,46111,SD,Sanborn County,rural  ,Midwest,West North Central,569.341,2326,1457,0,
2015,46111,SD,Sanborn County, rural,Midwest,West North Central,569.341,2330,1448,0,
2016,46111,SD,Sanborn County,rural,Midwest,West North Central,569.341,2345,1462,,
1970,46115,SD,Spink County,rural  ,Midwest,West North Central,1503.533,10596,6170,0,
1971,46115,SD,Spink County,  RURAL ,Midwest,West North Central,1503.533,10592,6239,0,
1972,46115,SD,Spink County,rural,Midwest,West North Central,1503.533,10462,6230,0,
1973,46115,SD,Spink County,rural,Midwest,West North Central,1503.533,10520,6364,0,
1974,46115,SD,Spink County,rural,Midwest,West North Central,1503.533,10349,6327,0,
1975,46115,SD,Spink County,rural,Midwest,West North Central,1503.533,10018,6173,0,
1976,46115,SD,Spink County,rural,Midwest,West North Central,1503.533,9811,6068,0,
1976,46115,SD,Spink County,rural,Midwest,West North Central,1503.533,9811,6068,0,
1977,46115,SD,Spink County,rural,Midwest,West North Central,1503.533,9658,5979,0,
1978,46115,SD,Spink County,rural,Midwest,West North Central,1503.533,9451,5864,1,
1979,46115,SD,Spink County,  RURAL ,Midwest,West North Central,1503.533,9283,5773,1.4,
1980,46115,SD,Spink County,rural,Midwest,West North Central,1503.533,9173,5706,1.8,
1981,46115,SD,Spink County,rural,Midwest,West North Central,1503.533,9007,5581,2.2,
1982,46115,SD,Spink County,rural,Midwest,West North Central,1503.533,9025,5556,2.6,
1983,46115,SD,Spink County,rural,Midwest,West North Central,1503.533,8935,5469,3,15
1984,46115,SD,Spink County,rural,Midwest,West North Central,1503.533,8802,5363,4.367718,10
1985,46115,SD,Spink County,rural,Midwest,West North Central,1503.533,8702,5274,4.60354,10
1986,46115,SD,Spink County,rural,Midwest,West North Central,1503.533,8575,5167,4.902966,9.6
1987,46115,SD,Spink County,rural,Midwest,West North Central,1503.533,8379,5026,5.161626,9.2
1988,46115,SD,Spink County, rural,Midwest,West North Central,1503.533,8257,4913,5.794253,8.8
1989,46115,SD,Spink County,rural,Midwest,West North Central,1503.533,8074,4761,6.414106,8.4
1990,46115,SD,Spink County,rural,Midwest,West North Central,1503.533,7961,4674,7.087318,8
1991,46115,SD,Spink County,rural,Midwest,West North Central,1503.533,7928,4658,7.748124,8
1992,46115,SD,Spink County,RURAL,Midwest,West North Central,1503.533,7889,4618,8.374612,10
1993,46115,SD,Spink County,rural,Midwest,West North Central,1503.533,7899,4630,8.996883,11
1994,46115,SD,Spink County,rural,Midwest,West North Central,1503.533,7869,4648,8.767152,10
1995,46115,SD,Spink County,rural,Midwest,West North Central,1503.533,7847,4672,8.568546,8
1996,46115,SD,Spink County,rural,Midwest,West North Central,1503.533,7750,4642,8.255038,8
1997,46115,SD,Spink County,rural,Midwest,West North Central,1503.533,7685,4616,8.041328,11
1998,46115,SD,Spink County,rural,Midwest,West North Central,1503.533,7621,4597,7.852002,11
1999,46115,SD,Spink County,rural,Midwest,West North Central,1503.533,7536,4550,7.600683,15
2000,46115,SD,Spink County,rural,Midwest,West North Central,1503.533,7413,4491,7.599817,14
2001,46115,SD,Spink County,rural,Midwest,West North Central,1503.533,7204,4382,7.546437,19
2001,46115,SD,Spink County,rural,Midwest,West North Central,1503.533,7204,4382,7.546437,19
2002,46115,SD,Spink County,rural,Midwest,West North Central,1503.533,7071,4299,7.483167,20
2003,46115,SD,Spink County, rural,Midwest,West North Central,1503.533,6937,4233,7.450617,20
2004,46115,SD,Spink County,rural,Midwest,West North Central,1503.533,6886,4196,7.421221,16
2005,46115,SD,Spink County,Rural,Midwest,West North Central,1503.533,6814,4131,7.333407,19
2006,46115,SD,Spink County,rural,Midwest,West North Central,1503.533,6714,4035,7.031702,12
2006,46115,SD,Spink County,rural,Midwest,West North Central,1503.533,6714,4035,7.031702,12
2007,46115,SD,Spink County,rural,Midwest,West North Central,1503.533,6562,3950,7.455588,20
2008,46115,SD,Spink County,rural,Midwest,West North Central,1503.533,6472,3865,522,21
2008,46115,,,,,,,,,8.167915,
2009,46115,SD,Spink County,rural,Midwest,West North Central,1503.533,6435,3845,7.508382,18
2010,46115,SD,Spink County,rural,Midwest,West North Central,1503.533,6415,3865,6.894267,20
2011,46115,SD,Spink County,rural,Midwest,West North Central,1503.533,6421,3874,7.948931,18
2012,46115,SD,Spink County,rural,Midwest,West North Central,1503.533,6495,3949,8.328279,19
2013,46115,SD,Spink County,RURAL,Midwest,West North Central,1503.533,6636,4067,5.202782,19
2014,46115,SD,Spink County,rural,Midwest,West North Central,1503.533,6565,3996,5.060868,19
2015,46115,SD,Spink County,RURAL,Midwest,West North Central,1503.533,6556,3977,6.425685,
2016,46115,SD,Spink County,rural,Midwest,West North Central,1503.533,6457,3911,,
1970,46117,SD,Stanley County,rural,Midwest,West North Central,1444.432,2466,1460,0,
1971,46117,SD,Stanley County,rural,Midwest,West North Central,1444.432,2528,1510,0,
1972,46117,SD,Stanley County,rural,Midwest,West North Central,1444.432,2443,1466,0,
1973,46117,SD,Stanley County,rural  ,Midwest,West North Central,1444.432,2448,1480,0,
1974,46117,SD,Stanley County,rural,Midwest,West North Central,1444.432,2440,1485,0,
1974,46117,SD,Stanley County,rural,Midwest,West North Central,1444.432,2440,1485,0,
1975,46117,SD,Stanley County,rural  ,Midwest,West North Central,1444.432,2487,1528,0,
1976,46117,SD,Stanley County,rural,Midwest,West North Central,1444.432,2576,1600,0,
1977,46117,SD,Stanley County,rural,Midwest,West North Central,1444.432,2549,1586,0,
1978,46117,SD,Stanley County,rural,Midwest,West North Central,1444.432,2473,1539,0,
1979,46117,SD,Stanley County,rural,Midwest,West North Central,1444.432,2402,1488,0,
1980,46117,SD,Stanley County,rural,Midwest,West North Central,1444.432,2521,1574,0,
1981,46117,SD,Stanley County,rural,Midwest,West North Central,1444.432,2478,1547,0,
1982,46117,SD,Stanley County,rural,Midwest,West North Central,1444.432,2346,1464,0,
1982,46117,SD,Stanley County,rural,Midwest,West North Central,1444.432,2346,1464,0,
1983,46117,SD,Stanley County,rural,Midwest,West North Central,1444.432,2368,1479,0,4
1984,46117,SD,Stanley County,rural,Midwest,West North Central,1444.432,2404,1503,0,
1985,46117,SD,Stanley County,Rural,Midwest,West North Central,1444.432,2457,1537,0,
1986,46117,SD,Stanley County,rural,Midwest,West North Central,1444.432,2518,1579,0,
1987,46117,SD,Stanley County,rural,Midwest,West North Central,1444.432,2475,1554,0,
1988,46117,SD,Stanley County,rural,Midwest,West North Central,1444.432,2489,1566,0,
1988,46117,SD,Stanley County,rural,Midwest,West North Central,1444.432,2489,1566,0,
1989,46117,SD,Stanley County,rural,Midwest,West North Central,1444.432,2473,1556,0,
1990,46117,SD,Stanley County,  RURAL ,Midwest,West North Central,1444.432,2451,1543,0,
1991,46117,SD,Stanley County,rural,Midwest,West North Central,1444.432,2451,1551,0,
1992,46117,SD,Stanley County,rural,Midwest,West North Central,1444.432,2452,1558,0,4
1992,46117,SD,Stanley County,rural,Midwest,West North Central,1444.432,2452,1558,0,4
1993,46117,SD,Stanley County,rural,Midwest,West North Central,1444.432,2510,1606,0,4
1994,46117,SD,Stanley County, rural,Midwest,West North Central,1444.432,2620,1689,0,
1995,46117,SD,Stanley County,rural,Midwest,West North Central,1444.432,2766,1803,0,
1996,46117,SD,Stanley County,rural,Midwest,West North Central,1444.432,2846,1872,0,
1997,46117,SD,Stanley County,rural,Midwest,West North Central,1444.432,2829,1860,0,
1998,46117,SD,Stanley County,rural,Midwest,West North Central,1444.432,2813,1860,0,
1999,46117,SD,Stanley County,rural,Midwest,West North Central,1444.432,2764,1843,0,4
2000,46117,SD,Stanley County,rural  ,Midwest,West North Central,1444.432,2777,1863,0,5
2001,46117,SD,Stanley County,rural,Midwest,West North Central,1444.432,2745,1863,0,5
2002,46117,SD,Stanley County,rural,Midwest,West North Central,1444.432,2725,1871,0,7
2003,46117,SD,Stanley County,rural,Midwest,West North Central,1444.432,2764,1892,0,8
2004,46117,SD,Stanley County,rural,Midwest,West North Central,1444.432,2843,1914,501,8
2004,46117,,,,,,,,,0,
2005,46117,SD,Stanley County,rural,Midwest,West North Central,1444.432,2822,1936,0,9
2006,46117,SD,Stanley County,rural,Midwest,West North Central,1444.432,2845,1938,0,7
2007,46117,SD,Stanley County,rural,Midwest,West North Central,1444.432,2886,1952,0,7
2008,46117,SD,Stanley County,rural,Midwest,West North Central,1444.432,2864,1906,0,11
2009,46117,SD,Stanley County,rural,Midwest,West North Central,1444.432,2906,1923,0,12
2010,46117,SD,Stanley County,rural,Midwest,West North Central,1444.432,2966,1924,0,18
2011,46117,SD,Stanley County,rural,Midwest,West North Central,1444.432,2971,1921,0,16
2012,46117,SD,Stanley County,rural,Midwest,West North Central,1444.432,2978,1914,0,21
2013,46117,SD,Stanley County,rural  ,Midwest,West North Central,1444.432,2976,1896,0,21
2014,46117,SD,Stanley County,rural,Midwest,West North Central,1444.432,2979,1857,0,21
2014,46117,SD,Stanley County,rural,Midwest,West North Central,1444.432,2979,1857,0,21
2015,46117,SD,Stanley County,rural,Midwest,West North Central,1444.432,2980,1847,0,
2016,46117,SD,Stanley County, rural,Midwest,West North Central,1444.432,2975,1816,,
1970,46119,SD,Sully County,rural,Midwest,West North Central,1006.825,2353,1278,3.438004,
1971,46119,SD,Sully County,  RURAL ,Midwest,West North Central,1006.825,2344,1297,3.207685,
1972,46119,SD,Sully County,rural,Midwest,West North Central,1006.825,2271,1283,2.815221,
1973,46119,SD,Sully County,rural,Midwest,West North Central,1006.825,2235,1293,2.485992,
1974,46119,SD,Sully County,rural,Midwest,West North Central,1006.825,2180,1292,2.212566,
1975,46119,SD,Sully County,rural,Midwest,West North Central,1006.825,2139,1292,1.967031,
1976,46119,SD,Sully County,rural,Midwest,West North Central,1006.825,2122,1305,1.72321,
1977,46119,SD,Sully County,rural,Midwest,West North Central,1006.825,2070,1271,1.416602,
1978,46119,SD,Sully County,rural  ,Midwest,West North Central,1006.825,2046,1259,1.204439,
1979,46119,SD,Sully County,rural,Midwest,West North Central,1006.825,1941,1194,1.439113,
1980,46119,SD,Sully County,rural,Midwest,West North Central,1006.825,1978,1226,1.753968,
1981,46119,SD,Sully County,rural,Midwest,West North Central,1006.825,1930,1197,1.989025,
1981,46119,SD,Sully County,rural,Midwest,West North Central,1006.825,1930,1197,1.989025,
1982,46119,SD,Sully County,Rural,Midwest,West North Central,1006.825,1922,1190,2.262709,
1983,46119,SD,Sully County,rural,Midwest,West North Central,1006.825,1852,1148,2.45466,
1984,46119,SD,Sully County,rural,Midwest,West North Central,1006.825,1837,1136,2.672168,
1985,46119,SD,Sully County,rural,Midwest,West North Central,1006.825,1790,1107,2.857324,
1986,46119,SD,Sully County,rural,Midwest,West North Central,1006.825,1742,1076,3.028941,
1987,46119,SD,Sully County,rural,Midwest,West North Central,1006.825,1747,1081,3.284893,
1988,46119,SD,Sully County,rural,Midwest,West North Central,1006.825,1670,1033,3.389827,
1989,46119,SD,Sully County,rural,Midwest,West North Central,1006.825,1625,1004,3.42516,
1990,46119,SD,Sully County,rural,Midwest,West North Central,1006.825,1591,977,3.461437,
1991,46119,SD,Sully County,rural,Midwest,West North Central,1006.825,1549,959,3.496742,
1992,46119,SD,Sully County,RURAL,Midwest,West North Central,1006.825,1564,956,3.516905,
1992,46119,SD,Sully County,RURAL,Midwest,West North Central,1006.825,1564,956,3.516905,
1993,46119,SD,Sully County,rural,Midwest,West North Central,1006.825,1571,976,3.629265,
1993,46119,SD,Sully County,rural,Midwest,West North Central,1006.825,1571,976,3.629265,
1994,46119,SD,Sully County, rural,Midwest,West North Central,1006.825,1580,988,3.677605,
1995,46119,SD,Sully County,rural,Midwest,West North Central,1006.825,1591,998,3.749286,0
1996,46119,SD,Sully County,rural,Midwest,West North Central,1006.825,1623,1027,3.880813,0
1997,46119,SD,Sully County,rural,Midwest,West North Central,1006.825,1593,1000,3.867666,0
1998,46119,SD,Sully County,Rural,Midwest,West North Central,1006.825,1528,960,3.783012,
1999,46119,SD,Sully County,rural,Midwest,West North Central,1006.825,1552,965,3.81222,
2000,46119,SD,Sully County,rural,Midwest,West North Central,1006.825,1545,960,4.023049,4
2001,46119,SD,Sully County,rural,Midwest,West North Central,1006.825,1533,967,557,5
2001,46119,,,,,,,,,4.058052,
2002,46119,SD,Sully County,rural,Midwest,West North Central,1006.825,1487,931,3.869761,5
2002,46119,SD,Sully County,rural,Midwest,West North Central,1006.825,1487,931,3.869761,5
2003,46119,SD,Sully County,rural,Midwest,West North Central,1006.825,1436,895,3.844832,5
2004,46119,SD,Sully County,rural,Midwest,West North Central,1006.825,1410,876,3.584044,
2004,46119,SD,Sully County,rural,Midwest,West North Central,1006.825,1410,876,3.584044,
2005,46119,SD,Sully County,rural,Midwest,West North Central,1006.825,1407,879,3.702612,
2006,46119,SD,Sully County,rural,Midwest,West North Central,1006.825,1422,897,3.57816,
2007,46119,SD,Sully County,rural,Midwest,West North Central,1006.825,1436,916,3.637627,
2008,46119,SD,Sully County,rural,Midwest,West North Central,1006.825,1375,892,3.568,
2009,46119,SD,Sully County,rural,Midwest,West North Central,1006.825,1367,886,543,4
2009,46119,,,,,,,,,3.497656,
2010,46119,SD,Sully County,rural,Midwest,West North Central,1006.825,1368,860,5.146788,5
2011,46119,SD,Sully County,rural,Midwest,West North Central,1006.825,1378,864,9.150052,4
2012,46119,SD,Sully County,rural,Midwest,West North Central,1006.825,1377,864,9.773299,
2013,46119,SD,Sully County,rural,Midwest,West North Central,1006.825,1429,900,9.277281,
2014,46119,SD,Sully County,rural,Midwest,West North Central,1006.825,1439,902,9.576408,
2015,46119,SD,Sully County,rural,Midwest,West North Central,1006.825,1409,877,9.576408,
2016,46119,SD,Sully County,rural,Midwest,West North Central,1006.825,1406,861,,
1970,46121,SD,Todd County,rural,Midwest,West North Central,1388.595,6643,3439,3.886674,
1970,46121,SD,Todd County,rural,Midwest,West North Central,1388.595,6643,3439,3.886674,
1971,46121,SD,Todd County,rural  ,Midwest,West North Central,1388.595,6809,3556,2.927008,
1972,46121,SD,Todd County,rural,Midwest,West North Central,1388.595,7034,3731,3.047297,
1973,46121,SD,Todd County,rural,Midwest,West North Central,1388.595,7240,3887,3.151367,
1973,46121,SD,Todd County,rural,Midwest,West North Central,1388.595,7240,3887,3.151367,
1974,46121,SD,Todd County,rural,Midwest,West North Central,1388.595,7263,3942,3.225238,
1975,46121,SD,Todd County,rural,Midwest,West North Central,1388.595,7450,4092,3.34029,
1976,46121,SD,Todd County,rural,Midwest,West North Central,1388.595,7343,4084,3.396863,
1977,46121,SD,Todd County,rural,Midwest,West North Central,1388.595,7459,4182,3.552038,
1978,46121,SD,Todd County,rural,Midwest,West North Central,1388.595,7550,4274,3.6799,
1979,46121,SD,Todd County,rural,Midwest,West North Central,1388.595,7624,4345,3.415122,
1980,46121,SD,Todd County,rural,Midwest,West North Central,1388.595,7275,4160,3.414898,
1981,46121,SD,Todd County,rural,Midwest,West North Central,1388.595,7392,4204,3.548303,
1982,46121,SD,Todd County,rural,Midwest,West North Central,1388.595,7292,4110,3.586643,
1983,46121,SD,Todd County,rural,Midwest,West North Central,1388.595,7307,4092,3.627017,0
1984,46121,SD,Todd County,rural,Midwest,West North Central,1388.595,7317,4078,3.331936,0
1985,46121,SD,Todd County,rural,Midwest,West North Central,1388.595,7487,4157,3.090706,0
1986,46121,SD,Todd County, rural,Midwest,West North Central,1388.595,7588,4197,2.849491,0
1986,46121,SD,Todd County, rural,Midwest,West North Central,1388.595,7588,4197,2.849491,0
1987,46121,SD,Todd County,rural,Midwest,West North Central,1388.595,7796,4319,2.626002,0
1988,46121,SD,Todd County,rural,Midwest,West North Central,1388.595,7699,4254,2.301948,0
1989,46121,SD,Todd County,rural,Midwest,West North Central,1388.595,8142,4488,2.315048,0
1990,46121,SD,Todd County,rural,Midwest,West North Central,1388.595,8385,4661,2.31767,0
1991,46121,SD,Todd County,Rural,Midwest,West North Central,1388.595,8404,4622,2.222116,0
1992,46121,SD,Todd County,rural,Midwest,West North Central,1388.595,8515,4635,2.163555,0
1993,46121,SD,Todd County,rural,Midwest,West North Central,1388.595,8624,4689,2.094051,0
1994,46121,SD,Todd County,rural,Midwest,West North Central,1388.595,8692,4736,3.371718,0
1995,46121,SD,Todd County,rural,Midwest,West North Central,1388.595,8831,4877,0.8515059,0
1996,46121,SD,Todd County,rural,Midwest,West North Central,1388.595,8857,4952,0.4287817,0
1997,46121,SD,Todd County,rural,Midwest,West North Central,1388.595,8823,4934,0.4299408,
1998,46121,SD,Todd County,rural,Midwest,West North Central,1388.595,8809,4965,0.8690705,
1999,46121,SD,Todd County,rural,Midwest,West North Central,1388.595,8946,5062,0.4423279,
2000,46121,SD,Todd County,rural,Midwest,West North Central,1388.595,9065,5194,4.9803,0
2001,46121,SD,Todd County,rural,Midwest,West North Central,1388.595,9157,5300,9.671533,0
2002,46121,SD,Todd County, rural,Midwest,West North Central,1388.595,9233,5359,14.38346,
2003,46121,SD,Todd County,rural,Midwest,West North Central,1388.595,9260,5382,19.09832,
2003,46121,SD,Todd County,rural,Midwest,West North Central,1388.595,9260,5382,19.09832,
2004,46121,SD,Todd County,rural,Midwest,West North Central,1388.595,9452,5474,24.22754,
2005,46121,SD,Todd County,rural,Midwest,West North Central,1388.595,9484,5551,29.19312,
2006,46121,SD,Todd County,rural,Midwest,West North Central,1388.595,9505,5612,45.06268,
2007,46121,SD,Todd County,rural,Midwest,West North Central,1388.595,9631,5637,34.33905,
2007,46121,SD,Todd County,rural,Midwest,West North Central,1388.595,9631,5637,34.33905,
2008,46121,SD,Todd County,RURAL,Midwest,West North Central,1388.595,9559,5571,33.92754,
2009,46121,SD,Todd County,rural,Midwest,West North Central,1388.595,9521,5581,41.4211,
2010,46121,SD,Todd County,rural,Midwest,West North Central,1388.595,9610,5701,36.80969,
2011,46121,SD,Todd County,rural,Midwest,West North Central,1388.595,9643,5705,35.59245,
2012,46121,SD,Todd County,rural,Midwest,West North Central,1388.595,9841,5774,41.77552,
2013,46121,SD,Todd County,rural,Midwest,West North Central,1388.595,9904,5809,47.77373,
2014,46121,SD,Todd County,rural,Midwest,West North Central,1388.595,9988,5852,42.89439,
2015,46121,SD,Todd County, rural,Midwest,West North Central,1388.595,9933,5810,42.89439,
2015,46121,SD,Todd County, rural,Midwest,West North Central,1388.595,9933,5810,42.89439,
2016,46121,SD,Todd County,rural,Midwest,West North Central,1388.595,9993,5800,,
1970,46123,SD,Tripp County,rural,Midwest,West North Central,1612.458,8163,4737,5.353642,
1971,46123,SD,Tripp County,rural,Midwest,West North Central,1612.458,8146,4769,3.925451,
1972,46123,SD,Tripp County,rural,Midwest,West North Central,1612.458,8154,4829,3.94409,
1973,46123,SD,Tripp County,rural,Midwest,West North Central,1612.458,8133,4868,3.946709,
1974,46123,SD,Tripp County,rural,Midwest,West North Central,1612.458,8039,4857,3.973867,
1975,46123,SD,Tripp County,rural,Midwest,West North Central,1612.458,7930,4842,3.952513,
1976,46123,SD,Tripp County,rural,Midwest,West North Central,1612.458,7839,4798,3.990732,
1977,46123,SD,Tripp County,Rural,Midwest,West North Central,1612.458,7607,4632,3.934252,
1978,46123,SD,Tripp County,rural,Midwest,West North Central,1612.458,7573,4617,3.975222,
1979,46123,SD,Tripp County,rural,Midwest,West North Central,1612.458,7404,4489,3.528304,
1980,46123,SD,Tripp County,rural,Midwest,West North Central,1612.458,7233,4355,3.574971,
1981,46123,SD,Tripp County,  RURAL ,Midwest,West North Central,1612.458,7084,4250,3.587129,
1982,46123,SD,Tripp County,Rural,Midwest,West North Central,1612.458,7035,4192,3.658201,
1983,46123,SD,Tripp County,rural,Midwest,West North Central,1612.458,7228,4282,3.795426,11
1984,46123,SD,Tripp County,rural,Midwest,West North Central,1612.458,7210,4255,3.476554,21
1985,46123,SD,Tripp County,rural,Midwest,West North Central,1612.458,7228,4244,3.15539,18
1986,46123,SD,Tripp County,rural,Midwest,West North Central,1612.458,7137,4175,2.834554,18.8
1987,46123,SD,Tripp County,rural,Midwest,West North Central,1612.458,7019,4092,2.487983,19.6
1988,46123,SD,Tripp County,Rural,Midwest,West North Central,1612.458,7043,4085,2.210498,20.4
1988,46123,SD,Tripp County,Rural,Midwest,West North Central,1612.458,7043,4085,2.210498,20.4
1989,46123,SD,Tripp County,rural,Midwest,West North Central,1612.458,6994,4028,2.077766,21.2
1990,46123,SD,Tripp County,rural,Midwest,West North Central,1612.458,6905,3958,1.968105,22
1991,46123,SD,Tripp County,rural,Midwest,West North Central,1612.458,6954,3979,1.912981,25
1992,46123,SD,Tripp County,rural,Midwest,West North Central,1612.458,6877,3904,1.822334,26
1992,46123,SD,Tripp County,rural,Midwest,West North Central,1612.458,6877,3904,1.822334,26
1993,46123,SD,Tripp County,rural,Midwest,West North Central,1612.458,6853,3905,1.743926,19
1994,46123,SD,Tripp County,Rural,Midwest,West North Central,1612.458,6864,3930,2.7979,14
1995,46123,SD,Tripp County,rural,Midwest,West North Central,1612.458,6830,3972,0.6934963,15
1996,46123,SD,Tripp County,rural,Midwest,West North Central,1612.458,6818,3978,0.3444454,17
1997,46123,SD,Tripp County,rural,Midwest,West North Central,1612.458,6776,3959,0.3449808,17
1998,46123,SD,Tripp County,rural,Midwest,West North Central,1612.458,6659,3886,0.680203,13
1999,46123,SD,Tripp County,rural,Midwest,West North Central,1612.458,6554,3825,0.3342363,24
2000,46123,SD,Tripp County,rural,Midwest,West North Central,1612.458,6391,3703,3.550645,24
2001,46123,SD,Tripp County, rural,Midwest,West North Central,1612.458,6281,3639,6.640511,14
2002,46123,SD,Tripp County,rural,Midwest,West North Central,1612.458,6254,3664,9.834112,18
2003,46123,SD,Tripp County,rural,Midwest,West North Central,1612.458,6184,3638,12.90964,20
2004,46123,SD,Tripp County,rural,Midwest,West North Central,1612.458,6069,3591,15.89352,21
2005,46123,SD,Tripp County,rural,Midwest,West North Central,1612.458,6061,3607,18.96948,34
2006,46123,SD,Tripp County,rural,Midwest,West North Central,1612.458,5964,3565,28.62589,30
2007,46123,SD,Tripp County, rural,Midwest,West North Central,1612.458,5800,3456,522,30
2007,46123,,,,,,,,,21.053,
2008,46123,SD,Tripp County,rural,Midwest,West North Central,1612.458,5671,3407,20.74872,30
2009,46123,SD,Tripp County,rural,Midwest,West North Central,1612.458,5636,3381,25.09313,31
2010,46123,SD,Tripp County,rural,Midwest,West North Central,1612.458,5649,3391,21.87551,31
2011,46123,SD,Tripp County,rural,Midwest,West North Central,1612.458,5648,3395,20.78845,43
2012,46123,SD,Tripp County,rural,Midwest,West North Central,1612.458,5631,3375,23.69175,36
2013,46123,SD,Tripp County,rural,Midwest,West North Central,1612.458,5517,3290,27.18756,36
2014,46123,SD,Tripp County,rural,Midwest,West North Central,1612.458,5523,3297,24.87274,36
2015,46123,SD,Tripp County,rural,Midwest,West North Central,1612.458,5509,3292,24.87274,
2016,46123,SD,Tripp County,rural,Midwest,West North Central,1612.458,5420,3227,,
1970,46125,SD,Turner County,small/mid,Midwest,West North Central,617.064,9840,5558,1,
1971,46125,SD,Turner County,small/mid,Midwest,West North Central,617.064,9665,5465,0,
1972,46125,SD,Turner County,  SMALL/MID ,Midwest,West North Central,617.064,9730,5547,0,
1973,46125,SD,Turner County,small/mid,Midwest,West North Central,617.064,9425,5380,0,
1974,46125,SD,Turner County,small/mid,Midwest,West North Central,617.064,9214,5261,0,
1975,46125,SD,Turner County,  SMALL/MID ,Midwest,West North Central,617.064,9275,5343,0,
1976,46125,SD,Turner County,small/mid,Midwest,West North Central,617.064,9318,5392,0,
1976,46125,SD,Turner County,small/mid,Midwest,West North Central,617.064,9318,5392,0,
1977,46125,SD,Turner County,small/mid,Midwest,West North Central,617.064,9244,5320,0,
1978,46125,SD,Turner County,small/mid,Midwest,West North Central,617.064,8964,5133,0,
1979,46125,SD,Turner County,small/mid,Midwest,West North Central,617.064,8916,5107,0,
1980,46125,SD,Turner County,small/mid,Midwest,West North Central,617.064,9214,5329,0,
1981,46125,SD,Turner County,small/mid,Midwest,West North Central,617.064,9004,5183,0,
1982,46125,SD,Turner County,small/mid,Midwest,West North Central,617.064,9092,5197,0,
1983,46125,SD,Turner County,small/mid,Midwest,West North Central,617.064,9080,5171,0.6786535,
1984,46125,SD,Turner County,small/mid,Midwest,West North Central,617.064,9019,5116,0.8250504,
1985,46125,SD,Turner County,  SMALL/MID ,Midwest,West North Central,617.064,8806,4968,0.9536162,
1985,46125,SD,Turner County,  SMALL/MID ,Midwest,West North Central,617.064,8806,4968,0.9536162,
1986,46125,SD,Turner County,small/mid,Midwest,West North Central,617.064,8640,4845,1.086932,
1987,46125,SD,Turner County,small/mid,Midwest,West North Central,617.064,8613,4812,1.214555,
1988,46125,SD,Turner County,small/mid,Midwest,West North Central,617.064,8604,4779,1.337438,
1989,46125,SD,Turner County,small/mid,Midwest,West North Central,617.064,8567,4724,1.523657,
1990,46125,SD,Turner County,small/mid,Midwest,West North Central,617.064,8580,4709,1.720183,
1991,46125,SD,Turner County,small/mid,Midwest,West North Central,617.064,8501,4666,1.897546,4
1992,46125,SD,Turner County,small/mid,Midwest,West North Central,617.064,8584,4716,2.087592,
1993,46125,SD,Turner County,small/mid,Midwest,West North Central,617.064,8601,4754,2.262424,5
1994,46125,SD,Turner County,small/mid,Midwest,West North Central,617.064,8623,4791,2.630353,7
1995,46125,SD,Turner County,small/mid,Midwest,West North Central,617.064,8679,4895,3.028816,6
1996,46125,SD,Turner County,SMALL/MID,Midwest,West North Central,617.064,8728,4996,3.488827,11
1997,46125,SD,Turner County,small/mid,Midwest,West North Central,617.064,8754,5031,3.898187,15
1998,46125,SD,Turner County,small/mid,Midwest,West North Central,617.064,8760,5065,4.287371,13
1998,46125,SD,Turner County,small/mid,Midwest,West North Central,617.064,8760,5065,4.287371,13
1999,46125,SD,Turner County,small/mid,Midwest,West North Central,617.064,8799,5125,4.697525,15
2000,46125,SD,Turner County,small/mid,Midwest,West North Central,617.064,8845,5205,4.721475,12
2001,46125,SD,Turner County,small/mid,Midwest,West North Central,617.064,8742,5204,4.641173,13
2002,46125,SD,Turner County,small/mid,Midwest,West North Central,617.064,8576,5188,4.580042,16
2003,46125,SD,Turner County,Small/mid,Midwest,West North Central,617.064,8577,5232,4.538712,22
2004,46125,SD,Turner County,small/mid,Midwest,West North Central,617.064,8532,5224,4.495012,17
2005,46125,SD,Turner County,small/mid  ,Midwest,West North Central,617.064,8436,5182,4.38438,13
2006,46125,SD,Turner County, small/mid,Midwest,West North Central,617.064,8382,5146,4.385796,13
2007,46125,SD,Turner County,small/mid,Midwest,West North Central,617.064,8407,5133,4.383927,14
2008,46125,SD,Turner County,small/mid,Midwest,West North Central,617.064,8379,5145,4.410047,10
2009,46125,SD,Turner County,small/mid,Midwest,West North Central,617.064,8317,5109,4.449487,12
2009,46125,SD,Turner County,small/mid,Midwest,West North Central,617.064,8317,5109,4.449487,12
2010,46125,SD,Turner County,small/mid,Midwest,West North Central,617.064,8347,5144,4.515358,11
2011,46125,SD,Turner County,small/mid,Midwest,West North Central,617.064,8350,5151,4.514558,14
2012,46125,SD,Turner County,small/mid,Midwest,West North Central,617.064,8353,5143,4.518124,11
2013,46125,SD,Turner County,small/mid,Midwest,West North Central,617.064,8298,5089,4.613121,11
2014,46125,SD,Turner County,  SMALL/MID ,Midwest,West North Central,617.064,8307,5081,4.613121,11
2015,46125,SD,Turner County,small/mid,Midwest,West North Central,617.064,8190,4951,4.613121,
2016,46125,SD,Turner County,small/mid,Midwest,West North Central,617.064,8128,4913,,
1970,46127,SD,Union County,small/mid,Midwest,West North Central,460.734,9679,5528,1,
1971,46127,SD,Union County,small/mid,Midwest,West North Central,460.734,9846,5658,1.166667,
1972,46127,SD,Union County,small/mid,Midwest,West North Central,460.734,10004,5795,1.333333,
1973,46127,SD,Union County,small/mid,Midwest,West North Central,460.734,10139,5927,1.5,
1974,46127,SD,Union County, small/mid,Midwest,West North Central,460.734,10091,5936,1.666667,
1975,46127,SD,Union County,small/mid,Midwest,West North Central,460.734,10269,6101,1.833333,
1976,46127,SD,Union County,small/mid,Midwest,West North Central,460.734,10483,6256,2,
1977,46127,SD,Union County,small/mid,Midwest,West North Central,460.734,10655,6395,2.166667,
1977,46127,SD,Union County,small/mid,Midwest,West North Central,460.734,10655,6395,2.166667,
1978,46127,SD,Union County,Small/mid,Midwest,West North Central,460.734,10636,6388,2.333333,
1978,46127,SD,Union County,Small/mid,Midwest,West North Central,460.734,10636,6388,2.333333,
1979,46127,SD,Union County,small/mid,Midwest,West North Central,460.734,10700,6424,2.5,
1980,46127,SD,Union County,small/mid,Midwest,West North Central,460.734,10957,6609,2.666667,
1981,46127,SD,Union County,small/mid,Midwest,West North Central,460.734,10986,6622,2.833333,
1982,46127,SD,Union County,Small/mid,Midwest,West North Central,460.734,10800,6480,3,
1983,46127,SD,Union County,small/mid,Midwest,West North Central,460.734,10685,6402,3.166667,8
1984,46127,SD,Union County,small/mid,Midwest,West North Central,460.734,10506,6282,3.333333,7
1985,46127,SD,Union County,small/mid,Midwest,West North Central,460.734,10261,6120,3.5,6
1986,46127,SD,Union County,small/mid,Midwest,West North Central,460.734,10251,6097,3.666667,8.6
1987,46127,SD,Union County,small/mid,Midwest,West North Central,460.734,10179,6046,3.833333,11.2
1988,46127,SD,Union County,small/mid,Midwest,West North Central,460.734,10326,6109,4,13.8
1989,46127,SD,Union County,small/mid,Midwest,West North Central,460.734,10236,6022,5.6,16.4
1990,46127,SD,Union County,small/mid,Midwest,West North Central,460.734,10188,5988,7.2,19
1991,46127,SD,Union County,small/mid  ,Midwest,West North Central,460.734,10339,6105,8.8,22
1992,46127,SD,Union County,small/mid,Midwest,West North Central,460.734,10462,6170,10.4,27
1993,46127,SD,Union County,small/mid,Midwest,West North Central,460.734,10643,6328,12,24
1994,46127,SD,Union County,small/mid,Midwest,West North Central,460.734,11111,6708,14.16667,24
1995,46127,SD,Union County,small/mid,Midwest,West North Central,460.734,11305,6913,16.33333,23
1996,46127,SD,Union County,small/mid,Midwest,West North Central,460.734,11728,7291,18.5,34
1997,46127,SD,Union County,small/mid,Midwest,West North Central,460.734,12019,7539,20.66667,42
1998,46127,SD,Union County,small/mid,Midwest,West North Central,460.734,12371,7830,22.83333,54
1999,46127,SD,Union County,small/mid,Midwest,West North Central,460.734,12586,8031,25,56
2000,46127,SD,Union County,small/mid,Midwest,West North Central,460.734,12564,8100,26.33333,62
2001,46127,SD,Union County,small/mid,Midwest,West North Central,460.734,12577,8094,27.66667,57
2001,46127,SD,Union County,small/mid,Midwest,West North Central,460.734,12577,8094,27.66667,57
2002,46127,SD,Union County,small/mid,Midwest,West North Central,460.734,12711,8184,29,92
2003,46127,SD,Union County,small/mid,Midwest,West North Central,460.734,12863,8302,30.33333,94
2004,46127,SD,Union County,small/mid,Midwest,West North Central,460.734,13002,8364,31.66667,75
2005,46127,SD,Union County,small/mid,Midwest,West North Central,460.734,13119,8474,33,82
2006,46127,SD,Union County,SMALL/MID,Midwest,West North Central,460.734,13388,8652,32.375,61
2007,46127,SD,Union County,small/mid,Midwest,West North Central,460.734,13672,8848,31.75,74
2008,46127,SD,Union County,small/mid,Midwest,West North Central,460.734,13825,8879,31.125,79
2009,46127,SD,Union County,small/mid,Midwest,West North Central,460.734,14127,9114,30.5,62
2010,46127,SD,Union County,small/mid,Midwest,West North Central,460.734,14399,9260,29.875,64
2011,46127,SD,Union County,small/mid,Midwest,West North Central,460.734,14493,9306,29.25,69
2012,46127,SD,Union County,small/mid,Midwest,West North Central,460.734,14644,9395,28.625,71
2012,46127,SD,Union County,small/mid,Midwest,West North Central,460.734,14644,9395,28.625,71
2013,46127,SD,Union County,small/mid,Midwest,West North Central,460.734,14801,9503,28,71
2014,46127,SD,Union County,small/mid,Midwest,West North Central,460.734,14761,9405,28,71
2015,46127,SD,Union County,small/mid,Midwest,West North Central,460.734,14989,9497,28,
2016,46127,SD,Union County,Small/mid,Midwest,West North Central,460.734,14872,9405,,
1970,46129,SD,Walworth County,rural,Midwest,West North Central,708.632,7919,4425,7.167331,
1971,46129,SD,Walworth County,rural,Midwest,West North Central,708.632,8243,4675,6.731615,
1971,46129,SD,Walworth County,rural,Midwest,West North Central,708.632,8243,4675,6.731615,
1972,46129,SD,Walworth County,rural,Midwest,West North Central,708.632,8228,4727,6.159424,
1973,46129,SD,Walworth County,rural,Midwest,West North Central,708.632,8112,4706,5.40065,
1974,46129,SD,Walworth County,rural,Midwest,West North Central,708.632,7876,4593,4.658215,
1975,46129,SD,Walworth County,rural,Midwest,West North Central,708.632,7934,4685,4.032665,
1976,46129,SD,Walworth County,rural,Midwest,West North Central,708.632,7956,4743,3.478089,
1976,46129,SD,Walworth County,rural,Midwest,West North Central,708.632,7956,4743,3.478089,
1977,46129,SD,Walworth County,rural,Midwest,West North Central,708.632,7771,4649,2.843552,
1978,46129,SD,Walworth County,rural,Midwest,West North Central,708.632,7541,4505,2.203203,
1979,46129,SD,Walworth County,rural,Midwest,West North Central,708.632,7368,4380,2.320676,
1980,46129,SD,Walworth County,rural,Midwest,West North Central,708.632,6979,4118,2.372244,
1981,46129,SD,Walworth County,rural,Midwest,West North Central,708.632,6818,4010,2.452273,
1982,46129,SD,Walworth County,rural,Midwest,West North Central,708.632,6743,3947,2.556071,
1983,46129,SD,Walworth County,RURAL,Midwest,West North Central,708.632,6795,3964,2.694766,11
1984,46129,SD,Walworth County,rural,Midwest,West North Central,708.632,6668,3878,3.081995,5
1985,46129,SD,Walworth County,rural,Midwest,West North Central,708.632,6605,3833,3.490314,4
1986,46129,SD,Walworth County,rural,Midwest,West North Central,708.632,6581,3804,3.951376,5.6
1987,46129,SD,Walworth County,  RURAL ,Midwest,West North Central,708.632,6455,3726,4.330716,7.2
1988,46129,SD,Walworth County,rural,Midwest,West North Central,708.632,6398,3677,4.732981,8.8
1989,46129,SD,Walworth County,rural,Midwest,West North Central,708.632,6245,3572,4.788343,10.4
1990,46129,SD,Walworth County,rural,Midwest,West North Central,708.632,6052,3453,4.79796,12
1991,46129,SD,Walworth County,  RURAL ,Midwest,West North Central,708.632,5946,3371,4.844551,11
1992,46129,SD,Walworth County,rural,Midwest,West North Central,708.632,5889,3332,4.930334,17
1993,46129,SD,Walworth County,rural,Midwest,West North Central,708.632,5869,3327,5.024162,19
1994,46129,SD,Walworth County,rural,Midwest,West North Central,708.632,5960,3410,5.07214,16
1995,46129,SD,Walworth County,rural,Midwest,West North Central,708.632,6040,3521,5.111047,15
1996,46129,SD,Walworth County,rural,Midwest,West North Central,708.632,6039,3560,5.092261,13
1997,46129,SD,Walworth County,Rural,Midwest,West North Central,708.632,5922,3472,5.007933,19
1998,46129,SD,Walworth County,  RURAL ,Midwest,West North Central,708.632,5892,3481,5.020915,24
1999,46129,SD,Walworth County,rural,Midwest,West North Central,708.632,6011,3540,5.064378,22
2000,46129,SD,Walworth County,  RURAL ,Midwest,West North Central,708.632,5932,3463,5.609967,23
2001,46129,SD,Walworth County,rural,Midwest,West North Central,708.632,5812,3430,6.237856,27
2002,46129,SD,Walworth County, rural,Midwest,West North Central,708.632,5698,3376,6.806452,22
2003,46129,SD,Walworth County,rural,Midwest,West North Central,708.632,5551,3292,7.371106,22
2004,46129,SD,Walworth County,rural,Midwest,West North Central,708.632,5525,3291,8.033098,21
2005,46129,SD,Walworth County,rural,Midwest,West North Central,708.632,5507,3297,8.722222,29
2006,46129,SD,Walworth County,rural,Midwest,West North Central,708.632,5469,3250,8.592479,35
2007,46129,SD,Walworth County,RURAL,Midwest,West North Central,708.632,5379,3161,522,33
2007,46129,,,,,,,,,8.462708,
2008,46129,SD,Walworth County,rural,Midwest,West North Central,708.632,5368,3143,8.375472,29
2009,46129,SD,Walworth County,rural  ,Midwest,West North Central,708.632,5371,3147,8.381145,25
2010,46129,SD,Walworth County,rural,Midwest,West North Central,708.632,5438,3138,522,21
2010,46129,,,,,,,,,8.262568,
2011,46129,SD,Walworth County,rural,Midwest,West North Central,708.632,5443,3146,8.306129,27
2012,46129,SD,Walworth County, rural,Midwest,West North Central,708.632,5562,3218,8.107076,27
2013,46129,SD,Walworth County,rural,Midwest,West North Central,708.632,5447,3136,8.062726,27
2014,46129,SD,Walworth County,rural,Midwest,West North Central,708.632,5505,3161,8.062726,27
2014,46129,SD,Walworth County,rural,Midwest,West North Central,708.632,5505,3161,8.062726,27
2015,46129,SD,Walworth County,rural,Midwest,West North Central,708.632,5528,3170,8.062726,
2016,46129,SD,Walworth County,rural,Midwest,West North Central,708.632,5432,3139,,
1970,46135,SD,Yankton County,rural,Midwest,West North Central,521.189,19072,11479,0,
1971,46135,SD,Yankton County,rural,Midwest,West North Central,521.189,19188,11646,0,
1971,46135,SD,Yankton County,rural,Midwest,West North Central,521.189,19188,11646,0,
1972,46135,SD,Yankton County,Rural,Midwest,West North Central,521.189,19480,11992,0,
1973,46135,SD,Yankton County,rural,Midwest,West North Central,521.189,19016,11805,0,
1974,46135,SD,Yankton County,rural,Midwest,West North Central,521.189,18417,11473,0,
1975,46135,SD,Yankton County,rural,Midwest,West North Central,521.189,18567,11647,0,
1976,46135,SD,Yankton County,rural,Midwest,West North Central,521.189,18772,11865,0,
1977,46135,SD,Yankton County,rural,Midwest,West North Central,521.189,18767,11933,0,
1978,46135,SD,Yankton County,rural,Midwest,West North Central,521.189,18893,12031,501,
1978,46135,,,,,,,,,0,
1979,46135,SD,Yankton County,rural,Midwest,West North Central,521.189,18752,11979,0,
1980,46135,SD,Yankton County,rural,Midwest,West North Central,521.189,18963,12188,0,
1981,46135,SD,Yankton County,RURAL,Midwest,West North Central,521.189,18915,12138,0,
1982,46135,SD,Yankton County,rural,Midwest,West North Central,521.189,18830,12033,0,
1983,46135,SD,Yankton County,rural,Midwest,West North Central,521.189,18831,12004,0,19
1983,46135,SD,Yankton County,rural,Midwest,West North Central,521.189,18831,12004,0,19
1984,46135,SD,Yankton County,rural,Midwest,West North Central,521.189,18879,12009,0,20
1985,46135,SD,Yankton County,rural,Midwest,West North Central,521.189,18829,11940,0,18
1986,46135,SD,Yankton County,rural,Midwest,West North Central,521.189,18695,11813,0,22
1987,46135,SD,Yankton County,rural,Midwest,West North Central,521.189,18660,11768,0,26
1988,46135,SD,Yankton County,rural,Midwest,West North Central,521.189,18923,11877,0,30
1989,46135,SD,Yankton County,rural,Midwest,West North Central,521.189,19081,11907,0,34
1989,46135,SD,Yankton County,rural,Midwest,West North Central,521.189,19081,11907,0,34
1990,46135,SD,Yankton County,rural,Midwest,West North Central,521.189,19324,12058,0,38
1991,46135,SD,Yankton County,rural,Midwest,West North Central,521.189,19784,12343,0,46
1992,46135,SD,Yankton County,rural,Midwest,West North Central,521.189,20064,12486,0,48
1993,46135,SD,Yankton County,rural,Midwest,West North Central,521.189,20439,12780,0,61
1994,46135,SD,Yankton County,Rural,Midwest,West North Central,521.189,20791,13095,0,53
1995,46135,SD,Yankton County,rural,Midwest,West North Central,521.189,20998,13287,0,49
1996,46135,SD,Yankton County,rural,Midwest,West North Central,521.189,21067,13416,0,62
1997,46135,SD,Yankton County,rural,Midwest,West North Central,521.189,21287,13585,0,68
1998,46135,SD,Yankton County,rural,Midwest,West North Central,521.189,21456,13704,0,68
1999,46135,SD,Yankton County,rural,Midwest,West North Central,521.189,21667,13902,0,63
2000,46135,SD,Yankton County,rural,Midwest,West North Central,521.189,21616,13917,0,88
2001,46135,SD,Yankton County,  RURAL ,Midwest,West North Central,521.189,21527,13933,0,97
2001,46135,SD,Yankton County,  RURAL ,Midwest,West North Central,521.189,21527,13933,0,97
2002,46135,SD,Yankton County,rural,Midwest,West North Central,521.189,21576,14024,0,104
2003,46135,SD,Yankton County,rural,Midwest,West North Central,521.189,21687,14167,0,122
2004,46135,SD,Yankton County,Rural,Midwest,West North Central,521.189,21869,14424,0,127
2005,46135,SD,Yankton County,rural,Midwest,West North Central,521.189,21871,14420,0,133
2006,46135,SD,Yankton County,  RURAL ,Midwest,West North Central,521.189,21957,14482,0,115
2007,46135,SD,Yankton County,rural,Midwest,West North Central,521.189,22064,14544,0,110
2008,46135,SD,Yankton County,rural,Midwest,West North Central,521.189,22267,14658,0,123
2009,46135,SD,Yankton County,rural,Midwest,West North Central,521.189,22331,14706,0,105
2010,46135,SD,Yankton County,rural,Midwest,West North Central,521.189,22438,14715,0,100
2011,46135,SD,Yankton County,rural,Midwest,West North Central,521.189,22436,14717,0,93
2012,46135,SD,Yankton County,rural,Midwest,West North Central,521.189,22499,14835,0,87
2013,46135,SD,Yankton County,rural,Midwest,West North Central,521.189,22580,14842,0,87
2014,46135,SD,Yankton County,rural,Midwest,West North Central,521.189,22649,14790,0,87
2015,46135,SD,Yankton County,rural,Midwest,West North Central,521.189,22683,14777,0,
2016,46135,SD,Yankton County,  RURAL ,Midwest,West North Central,521.189,22682,14680,,
1970,46137,SD,Ziebach County,rural,Midwest,West North Central,1961.235,2222,1171,3,
1971,46137,SD,Ziebach County,rural,Midwest,West North Central,1961.235,2176,1145,3.25,
1972,46137,SD,Ziebach County,rural,Midwest,West North Central,1961.235,2175,1163,3.5,
1973,46137,SD,Ziebach County,rural,Midwest,West North Central,1961.235,2466,1348,3.75,
1974,46137,SD,Ziebach County,rural,Midwest,West North Central,1961.235,2418,1336,4,
1975,46137,SD,Ziebach County,rural,Midwest,West North Central,1961.235,2244,1248,4.25,
1976,46137,SD,Ziebach County,rural  ,Midwest,West North Central,1961.235,2253,1270,4.5,
1977,46137,SD,Ziebach County,rural,Midwest,West North Central,1961.235,2188,1244,4.75,
1978,46137,SD,Ziebach County,rural,Midwest,West North Central,1961.235,2207,1267,5,
1979,46137,SD,Ziebach County,rural  ,Midwest,West North Central,1961.235,2181,1257,6.4,
1980,46137,SD,Ziebach County,rural,Midwest,West North Central,1961.235,2285,1332,7.8,
1981,46137,SD,Ziebach County,rural,Midwest,West North Central,1961.235,2240,1289,9.2,
1982,46137,SD,Ziebach County,rural,Midwest,West North Central,1961.235,2230,1269,10.6,
1983,46137,SD,Ziebach County,rural,Midwest,West North Central,1961.235,2282,1298,12,0
1984,46137,SD,Ziebach County,rural,Midwest,West North Central,1961.235,2339,1324,12,0
1985,46137,SD,Ziebach County,rural,Midwest,West North Central,1961.235,2306,1299,12,0
1986,46137,SD,Ziebach County,rural,Midwest,West North Central,1961.235,2259,1270,12,0
1986,46137,SD,Ziebach County,rural,Midwest,West North Central,1961.235,2259,1270,12,0
1987,46137,SD,Ziebach County,rural,Midwest,West North Central,1961.235,2195,1225,12,0
1988,46137,SD,Ziebach County,rural,Midwest,West North Central,1961.235,2194,1226,12,0
1989,46137,SD,Ziebach County,Rural,Midwest,West North Central,1961.235,2133,1182,14,0
1990,46137,SD,Ziebach County,rural,Midwest,West North Central,1961.235,2254,1237,16,0
1991,46137,SD,Ziebach County,rural,Midwest,West North Central,1961.235,2175,1199,18,0
1992,46137,SD,Ziebach County,rural,Midwest,West North Central,1961.235,2209,1221,20,
1993,46137,SD,Ziebach County,rural,Midwest,West North Central,1961.235,2318,1292,22,0
1993,46137,SD,Ziebach County,rural,Midwest,West North Central,1961.235,2318,1292,22,0
1994,46137,SD,Ziebach County,rural,Midwest,West North Central,1961.235,2355,1333,22.66667,
1995,46137,SD,Ziebach County,rural,Midwest,West North Central,1961.235,2444,1396,23.33333,0
1996,46137,SD,Ziebach County,rural,Midwest,West North Central,1961.235,2459,1416,24,0
1997,46137,SD,Ziebach County,rural,Midwest,West North Central,1961.235,2557,1481,24.66667,0
1998,46137,SD,Ziebach County,rural,Midwest,West North Central,1961.235,2505,1462,25.33333,0
1999,46137,SD,Ziebach County,rural,Midwest,West North Central,1961.235,2574,1500,26,
2000,46137,SD,Ziebach County,  RURAL ,Midwest,West North Central,1961.235,2479,1461,27.5,
2001,46137,SD,Ziebach County,rural,Midwest,West North Central,1961.235,2514,1495,29,0
2002,46137,SD,Ziebach County,rural,Midwest,West North Central,1961.235,2560,1546,30.5,
2002,46137,SD,Ziebach County,rural,Midwest,West North Central,1961.235,2560,1546,30.5,
2003,46137,SD,Ziebach County,rural,Midwest,West North Central,1961.235,2594,1569,32,
2004,46137,SD,Ziebach County,rural,Midwest,West North Central,1961.235,2631,1625,33.5,
2005,46137,SD,Ziebach County,rural,Midwest,West North Central,1961.235,2663,1625,35,0
2006,46137,SD,Ziebach County,rural,Midwest,West North Central,1961.235,2782,1674,39.375,0
2007,46137,SD,Ziebach County,rural,Midwest,West North Central,1961.235,2781,1677,43.75,0
2007,46137,SD,Ziebach County,rural,Midwest,West North Central,1961.235,2781,1677,43.75,0
2008,46137,SD,Ziebach County,Rural,Midwest,West North Central,1961.235,2708,1633,48.125,
2009,46137,SD,Ziebach County,rural,Midwest,West North Central,1961.235,2737,1646,52.5,
2010,46137,SD,Ziebach County,rural,Midwest,West North Central,1961.235,2801,1666,56.875,
2011,46137,SD,Ziebach County,rural,Midwest,West North Central,1961.235,2825,1679,61.25,
2012,46137,SD,Ziebach County,rural,Midwest,West North Central,1961.235,2839,1720,65.625,
2013,46137,SD,Ziebach County,rural,Midwest,West North Central,1961.235,2879,1751,70,
2014,46137,SD,Ziebach County,rural,Midwest,West North Central,1961.235,2854,1749,70,
2015,46137,SD,Ziebach County,rural,Midwest,West North Central,1961.235,2860,1779,70,
2015,46137,SD,Ziebach County,rural,Midwest,West North Central,1961.235,2860,1779,70,
2016,46137,SD,Ziebach County,rural,Midwest,West North Central,1961.235,2839,1830,,
